Running full paper-style training: tag=paper_1m_20260629 algo=epo seed=3 task=8
Successfully registered the following environments: ['MetaDrive-validation-v0', 'MetaDrive-10env-v0', 'MetaDrive-100envs-v0', 'MetaDrive-1000envs-v0', 'SafeMetaDrive-validation-v0', 'SafeMetaDrive-10env-v0', 'SafeMetaDrive-100envs-v0', 'SafeMetaDrive-1000envs-v0', 'MARLTollgate-v0', 'MARLBottleneck-v0', 'MARLRoundabout-v0', 'MARLIntersection-v0', 'MARLParkingLot-v0', 'MARLMetaDrive-v0'].
arrive destination: False ,out of road:True   Total T: 640 Episode Num: 1 Episode T: 640 Reward: 0.484 Cost: 1.000
arrive destination: False ,out of road:True   Total T: 1143 Episode Num: 2 Episode T: 503 Reward: -0.530 Cost: 1.000
arrive destination: False ,out of road:False   Total T: 2143 Episode Num: 3 Episode T: 1000 Reward: 11.022 Cost: 0.000
arrive destination: False ,out of road:False   Total T: 3143 Episode Num: 4 Episode T: 1000 Reward: 10.727 Cost: 0.000
arrive destination: False ,out of road:False   Total T: 4143 Episode Num: 5 Episode T: 1000 Reward: 12.021 Cost: 0.000
arrive destination: False ,out of road:False   Total T: 5143 Episode Num: 6 Episode T: 1000 Reward: 12.142 Cost: 0.000
arrive destination: False ,out of road:False   Total T: 6143 Episode Num: 7 Episode T: 1000 Reward: 12.123 Cost: 0.000
arrive destination: False ,out of road:False   Total T: 7143 Episode Num: 8 Episode T: 1000 Reward: 13.551 Cost: 0.000
arrive destination: False ,out of road:False   Total T: 8143 Episode Num: 9 Episode T: 1000 Reward: 12.208 Cost: 0.000
arrive destination: False ,out of road:False   Total T: 9143 Episode Num: 10 Episode T: 1000 Reward: 11.420 Cost: 0.000
---------------------------------------
Evaluation over 20 episodes: 0.000 Cost 0.000.             SafeRL used : use_epo
---------------------------------------
[34;1m
Time: 2026-06-29 17:12:50, Time spent from previous logger: 71.929 s[0m
[34;1mCustomLogger with fileds: ['total_steps', 'EpRet', 'EpCost', 'CostRate'][0m
[34;1mfieldvalues: [10000, 0.0, 0.0, 0.00020002000200020003]
[0m
arrive destination: False ,out of road:True   Total T: 10079 Episode Num: 11 Episode T: 936 Reward: 4.620 Cost: 1.000
arrive destination: False ,out of road:True   Total T: 10105 Episode Num: 12 Episode T: 26 Reward: -3.517 Cost: 1.000
arrive destination: False ,out of road:True   Total T: 10120 Episode Num: 13 Episode T: 15 Reward: -5.360 Cost: 1.000
arrive destination: False ,out of road:True   Total T: 10146 Episode Num: 14 Episode T: 26 Reward: -3.510 Cost: 1.000
arrive destination: False ,out of road:True   Total T: 10172 Episode Num: 15 Episode T: 26 Reward: -3.589 Cost: 1.000
arrive destination: False ,out of road:True   Total T: 10212 Episode Num: 16 Episode T: 40 Reward: 2.460 Cost: 1.000
arrive destination: False ,out of road:True   Total T: 10227 Episode Num: 17 Episode T: 15 Reward: -5.401 Cost: 1.000
arrive destination: False ,out of road:True   Total T: 10253 Episode Num: 18 Episode T: 26 Reward: -3.562 Cost: 1.000
arrive destination: False ,out of road:True   Total T: 10284 Episode Num: 19 Episode T: 31 Reward: -3.250 Cost: 1.000
arrive destination: False ,out of road:True   Total T: 10310 Episode Num: 20 Episode T: 26 Reward: -3.451 Cost: 1.000
arrive destination: False ,out of road:True   Total T: 10336 Episode Num: 21 Episode T: 26 Reward: -3.602 Cost: 1.000
arrive destination: False ,out of road:True   Total T: 10368 Episode Num: 22 Episode T: 32 Reward: -3.277 Cost: 1.000
arrive destination: False ,out of road:True   Total T: 10394 Episode Num: 23 Episode T: 26 Reward: -3.497 Cost: 1.000
arrive destination: False ,out of road:True   Total T: 10420 Episode Num: 24 Episode T: 26 Reward: -3.539 Cost: 1.000
arrive destination: False ,out of road:True   Total T: 10446 Episode Num: 25 Episode T: 26 Reward: -3.415 Cost: 1.000
arrive destination: False ,out of road:True   Total T: 10480 Episode Num: 26 Episode T: 34 Reward: -3.478 Cost: 1.000
arrive destination: False ,out of road:True   Total T: 10516 Episode Num: 27 Episode T: 36 Reward: -3.159 Cost: 1.000
arrive destination: False ,out of road:True   Total T: 10567 Episode Num: 28 Episode T: 51 Reward: 3.513 Cost: 1.000
arrive destination: False ,out of road:True   Total T: 10646 Episode Num: 29 Episode T: 79 Reward: 5.551 Cost: 1.000
arrive destination: False ,out of road:True   Total T: 10724 Episode Num: 30 Episode T: 78 Reward: 6.754 Cost: 1.000
arrive destination: False ,out of road:True   Total T: 10838 Episode Num: 31 Episode T: 114 Reward: -2.187 Cost: 1.000
arrive destination: False ,out of road:True   Total T: 10872 Episode Num: 32 Episode T: 34 Reward: 0.780 Cost: 1.000
arrive destination: False ,out of road:True   Total T: 10908 Episode Num: 33 Episode T: 36 Reward: -4.383 Cost: 1.000
arrive destination: False ,out of road:True   Total T: 10967 Episode Num: 34 Episode T: 59 Reward: 6.336 Cost: 1.000
arrive destination: False ,out of road:True   Total T: 11008 Episode Num: 35 Episode T: 41 Reward: -0.718 Cost: 1.000
arrive destination: False ,out of road:True   Total T: 11066 Episode Num: 36 Episode T: 58 Reward: 3.669 Cost: 1.000
arrive destination: False ,out of road:True   Total T: 11115 Episode Num: 37 Episode T: 49 Reward: -2.229 Cost: 1.000
arrive destination: False ,out of road:True   Total T: 11298 Episode Num: 38 Episode T: 183 Reward: 21.158 Cost: 1.000
arrive destination: False ,out of road:True   Total T: 11362 Episode Num: 39 Episode T: 64 Reward: 2.890 Cost: 1.000
arrive destination: False ,out of road:True   Total T: 11387 Episode Num: 40 Episode T: 25 Reward: -3.686 Cost: 1.000
arrive destination: False ,out of road:True   Total T: 11421 Episode Num: 41 Episode T: 34 Reward: -3.248 Cost: 1.000
arrive destination: False ,out of road:True   Total T: 11592 Episode Num: 42 Episode T: 171 Reward: 25.006 Cost: 1.000
arrive destination: False ,out of road:True   Total T: 11677 Episode Num: 43 Episode T: 85 Reward: 6.019 Cost: 1.000
arrive destination: False ,out of road:True   Total T: 11918 Episode Num: 44 Episode T: 241 Reward: 12.188 Cost: 1.000
arrive destination: False ,out of road:False   Total T: 12918 Episode Num: 45 Episode T: 1000 Reward: 52.301 Cost: 0.000
arrive destination: False ,out of road:False   Total T: 13918 Episode Num: 46 Episode T: 1000 Reward: 223.326 Cost: 2.000
arrive destination: False ,out of road:True   Total T: 14106 Episode Num: 47 Episode T: 188 Reward: 71.544 Cost: 1.000
arrive destination: False ,out of road:True   Total T: 14928 Episode Num: 48 Episode T: 822 Reward: 146.243 Cost: 1.000
arrive destination: False ,out of road:True   Total T: 15506 Episode Num: 49 Episode T: 578 Reward: 207.154 Cost: 1.000
arrive destination: False ,out of road:True   Total T: 15762 Episode Num: 50 Episode T: 256 Reward: 92.153 Cost: 1.000
arrive destination: False ,out of road:True   Total T: 15996 Episode Num: 51 Episode T: 234 Reward: 91.244 Cost: 1.000
arrive destination: False ,out of road:True   Total T: 16480 Episode Num: 52 Episode T: 484 Reward: 212.258 Cost: 1.000
arrive destination: False ,out of road:True   Total T: 16808 Episode Num: 53 Episode T: 328 Reward: 167.356 Cost: 15.000
arrive destination: False ,out of road:True   Total T: 16926 Episode Num: 54 Episode T: 118 Reward: 89.737 Cost: 1.000
arrive destination: False ,out of road:True   Total T: 17635 Episode Num: 55 Episode T: 709 Reward: 306.333 Cost: 34.000
arrive destination: False ,out of road:True   Total T: 17829 Episode Num: 56 Episode T: 194 Reward: 151.527 Cost: 1.000
arrive destination: False ,out of road:True   Total T: 17907 Episode Num: 57 Episode T: 78 Reward: 38.963 Cost: 1.000
arrive destination: False ,out of road:True   Total T: 18202 Episode Num: 58 Episode T: 295 Reward: 216.846 Cost: 1.000
arrive destination: False ,out of road:True   Total T: 18620 Episode Num: 59 Episode T: 418 Reward: 212.203 Cost: 7.000
arrive destination: True ,out of road:False   Total T: 19002 Episode Num: 60 Episode T: 382 Reward: 270.024 Cost: 0.000
arrive destination: False ,out of road:True   Total T: 19081 Episode Num: 61 Episode T: 79 Reward: 51.523 Cost: 1.000
arrive destination: False ,out of road:True   Total T: 19278 Episode Num: 62 Episode T: 197 Reward: 156.803 Cost: 1.000
arrive destination: False ,out of road:True   Total T: 19373 Episode Num: 63 Episode T: 95 Reward: 66.496 Cost: 1.000
arrive destination: False ,out of road:True   Total T: 19461 Episode Num: 64 Episode T: 88 Reward: 69.038 Cost: 1.000
arrive destination: True ,out of road:False   Total T: 19731 Episode Num: 65 Episode T: 270 Reward: 269.806 Cost: 7.000
---------------------------------------
Evaluation over 20 episodes: 0.050 Cost 1.800.             SafeRL used : use_epo
---------------------------------------
[34;1m
Time: 2026-06-29 17:14:58, Time spent from previous logger: 127.694 s[0m
[34;1mCustomLogger with fileds: ['total_steps', 'EpRet', 'EpCost', 'CostRate'][0m
[34;1mfieldvalues: [20000, 0.05, 1.8, 0.005750287514375719]
[0m
arrive destination: False ,out of road:True   Total T: 20142 Episode Num: 66 Episode T: 411 Reward: 360.370 Cost: 16.000
arrive destination: True ,out of road:False   Total T: 20404 Episode Num: 67 Episode T: 262 Reward: 233.024 Cost: 0.000
arrive destination: False ,out of road:True   Total T: 20592 Episode Num: 68 Episode T: 188 Reward: 156.437 Cost: 1.000
arrive destination: False ,out of road:True   Total T: 20873 Episode Num: 69 Episode T: 281 Reward: 201.625 Cost: 2.000
arrive destination: True ,out of road:False   Total T: 21367 Episode Num: 70 Episode T: 494 Reward: 380.402 Cost: 5.000
arrive destination: True ,out of road:False   Total T: 21902 Episode Num: 71 Episode T: 535 Reward: 409.344 Cost: 2.000
arrive destination: False ,out of road:True   Total T: 22040 Episode Num: 72 Episode T: 138 Reward: 125.114 Cost: 5.000
arrive destination: False ,out of road:True   Total T: 22203 Episode Num: 73 Episode T: 163 Reward: 129.066 Cost: 9.000
arrive destination: False ,out of road:True   Total T: 22428 Episode Num: 74 Episode T: 225 Reward: 208.636 Cost: 16.000
arrive destination: False ,out of road:True   Total T: 22526 Episode Num: 75 Episode T: 98 Reward: 77.657 Cost: 4.000
arrive destination: False ,out of road:True   Total T: 22803 Episode Num: 76 Episode T: 277 Reward: 243.182 Cost: 2.000
arrive destination: True ,out of road:False   Total T: 23526 Episode Num: 77 Episode T: 723 Reward: 459.477 Cost: 9.000
arrive destination: False ,out of road:True   Total T: 23743 Episode Num: 78 Episode T: 217 Reward: 187.076 Cost: 1.000
arrive destination: False ,out of road:True   Total T: 23850 Episode Num: 79 Episode T: 107 Reward: 67.861 Cost: 2.000
arrive destination: False ,out of road:True   Total T: 23995 Episode Num: 80 Episode T: 145 Reward: 97.001 Cost: 5.000
arrive destination: True ,out of road:False   Total T: 24293 Episode Num: 81 Episode T: 298 Reward: 295.796 Cost: 13.000
arrive destination: False ,out of road:True   Total T: 24815 Episode Num: 82 Episode T: 522 Reward: 220.617 Cost: 35.000
arrive destination: True ,out of road:False   Total T: 25066 Episode Num: 83 Episode T: 251 Reward: 335.826 Cost: 8.000
arrive destination: True ,out of road:False   Total T: 25566 Episode Num: 84 Episode T: 500 Reward: 379.629 Cost: 9.000
arrive destination: False ,out of road:False   Total T: 26566 Episode Num: 85 Episode T: 1000 Reward: 260.364 Cost: 10.000
arrive destination: False ,out of road:True   Total T: 26826 Episode Num: 86 Episode T: 260 Reward: 217.227 Cost: 3.000
arrive destination: True ,out of road:False   Total T: 27319 Episode Num: 87 Episode T: 493 Reward: 381.308 Cost: 5.000
arrive destination: False ,out of road:True   Total T: 27752 Episode Num: 88 Episode T: 433 Reward: 76.609 Cost: 18.000
arrive destination: True ,out of road:False   Total T: 28050 Episode Num: 89 Episode T: 298 Reward: 295.535 Cost: 5.000
arrive destination: True ,out of road:False   Total T: 28381 Episode Num: 90 Episode T: 331 Reward: 294.710 Cost: 4.000
arrive destination: True ,out of road:False   Total T: 28846 Episode Num: 91 Episode T: 465 Reward: 374.512 Cost: 6.000
arrive destination: False ,out of road:True   Total T: 28931 Episode Num: 92 Episode T: 85 Reward: 60.336 Cost: 1.000
arrive destination: True ,out of road:False   Total T: 29304 Episode Num: 93 Episode T: 373 Reward: 269.846 Cost: 17.000
arrive destination: True ,out of road:False   Total T: 29680 Episode Num: 94 Episode T: 376 Reward: 267.313 Cost: 0.000
---------------------------------------
Evaluation over 20 episodes: 0.700 Cost 5.550.             SafeRL used : use_epo
---------------------------------------
[34;1m
Time: 2026-06-29 17:17:33, Time spent from previous logger: 154.961 s[0m
[34;1mCustomLogger with fileds: ['total_steps', 'EpRet', 'EpCost', 'CostRate'][0m
[34;1mfieldvalues: [30000, 0.7, 5.55, 0.01093369778992633]
[0m
arrive destination: True ,out of road:False   Total T: 30635 Episode Num: 95 Episode T: 955 Reward: 605.956 Cost: 11.000
arrive destination: True ,out of road:False   Total T: 31000 Episode Num: 96 Episode T: 365 Reward: 270.700 Cost: 2.000
arrive destination: True ,out of road:False   Total T: 31305 Episode Num: 97 Episode T: 305 Reward: 233.312 Cost: 0.000
arrive destination: False ,out of road:True   Total T: 31402 Episode Num: 98 Episode T: 97 Reward: 79.876 Cost: 3.000
arrive destination: True ,out of road:False   Total T: 31702 Episode Num: 99 Episode T: 300 Reward: 233.200 Cost: 0.000
arrive destination: True ,out of road:False   Total T: 32209 Episode Num: 100 Episode T: 507 Reward: 379.030 Cost: 1.000
arrive destination: True ,out of road:False   Total T: 32666 Episode Num: 101 Episode T: 457 Reward: 398.701 Cost: 7.000
arrive destination: False ,out of road:True   Total T: 32844 Episode Num: 102 Episode T: 178 Reward: 124.594 Cost: 3.000
arrive destination: True ,out of road:False   Total T: 33588 Episode Num: 103 Episode T: 744 Reward: 465.285 Cost: 5.000
arrive destination: False ,out of road:True   Total T: 33820 Episode Num: 104 Episode T: 232 Reward: 190.420 Cost: 3.000
arrive destination: False ,out of road:True   Total T: 33925 Episode Num: 105 Episode T: 105 Reward: 84.901 Cost: 2.000
arrive destination: False ,out of road:True   Total T: 34235 Episode Num: 106 Episode T: 310 Reward: 180.908 Cost: 1.000
arrive destination: True ,out of road:False   Total T: 34639 Episode Num: 107 Episode T: 404 Reward: 269.700 Cost: 0.000
arrive destination: True ,out of road:False   Total T: 34923 Episode Num: 108 Episode T: 284 Reward: 295.094 Cost: 4.000
arrive destination: True ,out of road:False   Total T: 35435 Episode Num: 109 Episode T: 512 Reward: 381.013 Cost: 9.000
arrive destination: False ,out of road:True   Total T: 35573 Episode Num: 110 Episode T: 138 Reward: 116.822 Cost: 7.000
arrive destination: False ,out of road:False   Total T: 36573 Episode Num: 111 Episode T: 1000 Reward: 293.927 Cost: 5.000
arrive destination: False ,out of road:True   Total T: 36715 Episode Num: 112 Episode T: 142 Reward: 123.863 Cost: 5.000
arrive destination: True ,out of road:False   Total T: 36993 Episode Num: 113 Episode T: 278 Reward: 270.116 Cost: 1.000
arrive destination: False ,out of road:True   Total T: 37087 Episode Num: 114 Episode T: 94 Reward: 75.578 Cost: 2.000
arrive destination: False ,out of road:True   Total T: 37192 Episode Num: 115 Episode T: 105 Reward: 75.940 Cost: 2.000
arrive destination: True ,out of road:False   Total T: 37722 Episode Num: 116 Episode T: 530 Reward: 378.662 Cost: 0.000
arrive destination: True ,out of road:False   Total T: 38204 Episode Num: 117 Episode T: 482 Reward: 235.333 Cost: 0.000
arrive destination: True ,out of road:False   Total T: 38683 Episode Num: 118 Episode T: 479 Reward: 294.735 Cost: 3.000
arrive destination: False ,out of road:True   Total T: 38873 Episode Num: 119 Episode T: 190 Reward: 138.823 Cost: 6.000
arrive destination: True ,out of road:False   Total T: 39407 Episode Num: 120 Episode T: 534 Reward: 476.694 Cost: 0.000
---------------------------------------
Evaluation over 20 episodes: 0.550 Cost 11.050.             SafeRL used : use_epo
---------------------------------------
[34;1m
Time: 2026-06-29 17:20:19, Time spent from previous logger: 166.193 s[0m
[34;1mCustomLogger with fileds: ['total_steps', 'EpRet', 'EpCost', 'CostRate'][0m
[34;1mfieldvalues: [40000, 0.55, 11.05, 0.010325258131453286]
[0m
arrive destination: True ,out of road:False   Total T: 40256 Episode Num: 121 Episode T: 849 Reward: 663.530 Cost: 6.000
arrive destination: True ,out of road:False   Total T: 40729 Episode Num: 122 Episode T: 473 Reward: 266.152 Cost: 9.000
arrive destination: False ,out of road:False   Total T: 41729 Episode Num: 123 Episode T: 1000 Reward: 217.143 Cost: 0.000
arrive destination: True ,out of road:False   Total T: 42112 Episode Num: 124 Episode T: 383 Reward: 233.285 Cost: 3.000
arrive destination: True ,out of road:False   Total T: 42380 Episode Num: 125 Episode T: 268 Reward: 270.043 Cost: 2.000
arrive destination: True ,out of road:False   Total T: 42731 Episode Num: 126 Episode T: 351 Reward: 288.331 Cost: 8.000
arrive destination: False ,out of road:True   Total T: 42930 Episode Num: 127 Episode T: 199 Reward: 232.191 Cost: 1.000
arrive destination: True ,out of road:False   Total T: 43319 Episode Num: 128 Episode T: 389 Reward: 279.970 Cost: 13.000
arrive destination: False ,out of road:True   Total T: 43442 Episode Num: 129 Episode T: 123 Reward: 122.850 Cost: 2.000
arrive destination: False ,out of road:True   Total T: 43820 Episode Num: 130 Episode T: 378 Reward: 292.358 Cost: 9.000
arrive destination: False ,out of road:False   Total T: 44820 Episode Num: 131 Episode T: 1000 Reward: 252.043 Cost: 10.000
arrive destination: False ,out of road:True   Total T: 45183 Episode Num: 132 Episode T: 363 Reward: 283.949 Cost: 7.000
arrive destination: False ,out of road:False   Total T: 46183 Episode Num: 133 Episode T: 1000 Reward: 383.150 Cost: 0.000
arrive destination: False ,out of road:False   Total T: 47183 Episode Num: 134 Episode T: 1000 Reward: 273.075 Cost: 4.000
arrive destination: False ,out of road:False   Total T: 48183 Episode Num: 135 Episode T: 1000 Reward: 359.967 Cost: 16.000
arrive destination: False ,out of road:True   Total T: 48340 Episode Num: 136 Episode T: 157 Reward: 157.996 Cost: 1.000
arrive destination: False ,out of road:False   Total T: 49340 Episode Num: 137 Episode T: 1000 Reward: 267.777 Cost: 5.000
---------------------------------------
Evaluation over 20 episodes: 0.000 Cost 10.200.             SafeRL used : use_epo
---------------------------------------
[34;1m
Time: 2026-06-29 17:22:55, Time spent from previous logger: 155.769 s[0m
[34;1mCustomLogger with fileds: ['total_steps', 'EpRet', 'EpCost', 'CostRate'][0m
[34;1mfieldvalues: [50000, 0.0, 10.2, 0.010120202404048081]
[0m
arrive destination: False ,out of road:False   Total T: 50340 Episode Num: 138 Episode T: 1000 Reward: 458.551 Cost: 4.000
arrive destination: True ,out of road:False   Total T: 50602 Episode Num: 139 Episode T: 262 Reward: 270.064 Cost: 4.000
arrive destination: False ,out of road:False   Total T: 51602 Episode Num: 140 Episode T: 1000 Reward: 387.173 Cost: 19.000
arrive destination: False ,out of road:True   Total T: 51934 Episode Num: 141 Episode T: 332 Reward: 207.150 Cost: 6.000
arrive destination: False ,out of road:True   Total T: 52092 Episode Num: 142 Episode T: 158 Reward: 175.227 Cost: 1.000
arrive destination: False ,out of road:False   Total T: 53092 Episode Num: 143 Episode T: 1000 Reward: 243.770 Cost: 2.000
arrive destination: False ,out of road:True   Total T: 53258 Episode Num: 144 Episode T: 166 Reward: 169.517 Cost: 3.000
arrive destination: False ,out of road:True   Total T: 53453 Episode Num: 145 Episode T: 195 Reward: 137.665 Cost: 7.000
arrive destination: False ,out of road:True   Total T: 53727 Episode Num: 146 Episode T: 274 Reward: 204.670 Cost: 4.000
arrive destination: False ,out of road:True   Total T: 54052 Episode Num: 147 Episode T: 325 Reward: 279.343 Cost: 1.000
arrive destination: False ,out of road:True   Total T: 54409 Episode Num: 148 Episode T: 357 Reward: 234.886 Cost: 9.000
arrive destination: True ,out of road:False   Total T: 54641 Episode Num: 149 Episode T: 232 Reward: 270.108 Cost: 2.000
arrive destination: False ,out of road:False   Total T: 55641 Episode Num: 150 Episode T: 1000 Reward: 270.793 Cost: 3.000
arrive destination: True ,out of road:False   Total T: 56402 Episode Num: 151 Episode T: 761 Reward: 407.340 Cost: 4.000
arrive destination: False ,out of road:True   Total T: 56709 Episode Num: 152 Episode T: 307 Reward: 246.090 Cost: 13.000
arrive destination: False ,out of road:True   Total T: 56907 Episode Num: 153 Episode T: 198 Reward: 136.864 Cost: 6.000
arrive destination: False ,out of road:False   Total T: 57907 Episode Num: 154 Episode T: 1000 Reward: 448.833 Cost: 0.000
arrive destination: False ,out of road:True   Total T: 58009 Episode Num: 155 Episode T: 102 Reward: 77.182 Cost: 2.000
arrive destination: False ,out of road:False   Total T: 59009 Episode Num: 156 Episode T: 1000 Reward: 284.627 Cost: 19.000
---------------------------------------
Evaluation over 20 episodes: 0.000 Cost 7.000.             SafeRL used : use_epo
---------------------------------------
[34;1m
Time: 2026-06-29 17:25:27, Time spent from previous logger: 151.632 s[0m
[34;1mCustomLogger with fileds: ['total_steps', 'EpRet', 'EpCost', 'CostRate'][0m
[34;1mfieldvalues: [60000, 0.0, 7.0, 0.010333505558425974]
[0m
arrive destination: False ,out of road:False   Total T: 60009 Episode Num: 157 Episode T: 1000 Reward: 252.644 Cost: 5.000
arrive destination: True ,out of road:False   Total T: 60522 Episode Num: 158 Episode T: 513 Reward: 232.561 Cost: 0.000
arrive destination: True ,out of road:False   Total T: 60840 Episode Num: 159 Episode T: 318 Reward: 233.202 Cost: 0.000
arrive destination: False ,out of road:False   Total T: 61840 Episode Num: 160 Episode T: 1000 Reward: 256.223 Cost: 0.000
arrive destination: True ,out of road:False   Total T: 62121 Episode Num: 161 Episode T: 281 Reward: 296.027 Cost: 6.000
arrive destination: False ,out of road:False   Total T: 63121 Episode Num: 162 Episode T: 1000 Reward: 363.591 Cost: 17.000
arrive destination: False ,out of road:False   Total T: 64121 Episode Num: 163 Episode T: 1000 Reward: 353.926 Cost: 7.000
arrive destination: True ,out of road:False   Total T: 64434 Episode Num: 164 Episode T: 313 Reward: 278.443 Cost: 1.000
arrive destination: True ,out of road:False   Total T: 64714 Episode Num: 165 Episode T: 280 Reward: 296.111 Cost: 3.000
arrive destination: False ,out of road:True   Total T: 64817 Episode Num: 166 Episode T: 103 Reward: 56.273 Cost: 8.000
arrive destination: False ,out of road:True   Total T: 65069 Episode Num: 167 Episode T: 252 Reward: 201.925 Cost: 7.000
arrive destination: False ,out of road:True   Total T: 65311 Episode Num: 168 Episode T: 242 Reward: 196.591 Cost: 1.000
arrive destination: True ,out of road:False   Total T: 65603 Episode Num: 169 Episode T: 292 Reward: 231.967 Cost: 1.000
arrive destination: False ,out of road:True   Total T: 65926 Episode Num: 170 Episode T: 323 Reward: 209.977 Cost: 2.000
arrive destination: False ,out of road:True   Total T: 66296 Episode Num: 171 Episode T: 370 Reward: 295.767 Cost: 4.000
arrive destination: False ,out of road:True   Total T: 66512 Episode Num: 172 Episode T: 216 Reward: 146.078 Cost: 2.000
arrive destination: False ,out of road:False   Total T: 67512 Episode Num: 173 Episode T: 1000 Reward: 363.741 Cost: 4.000
arrive destination: False ,out of road:False   Total T: 68512 Episode Num: 174 Episode T: 1000 Reward: 262.913 Cost: 18.000
arrive destination: True ,out of road:False   Total T: 68752 Episode Num: 175 Episode T: 240 Reward: 269.798 Cost: 0.000
arrive destination: False ,out of road:False   Total T: 69752 Episode Num: 176 Episode T: 1000 Reward: 252.436 Cost: 0.000
---------------------------------------
Evaluation over 20 episodes: 0.450 Cost 11.700.             SafeRL used : use_epo
---------------------------------------
[34;1m
Time: 2026-06-29 17:27:58, Time spent from previous logger: 151.468 s[0m
[34;1mCustomLogger with fileds: ['total_steps', 'EpRet', 'EpCost', 'CostRate'][0m
[34;1mfieldvalues: [70000, 0.45, 11.7, 0.01010014428777554]
[0m
arrive destination: True ,out of road:False   Total T: 70432 Episode Num: 177 Episode T: 680 Reward: 558.212 Cost: 14.000
arrive destination: False ,out of road:True   Total T: 70774 Episode Num: 178 Episode T: 342 Reward: 272.494 Cost: 5.000
arrive destination: True ,out of road:False   Total T: 71648 Episode Num: 179 Episode T: 874 Reward: 269.648 Cost: 3.000
arrive destination: False ,out of road:False   Total T: 72648 Episode Num: 180 Episode T: 1000 Reward: 255.401 Cost: 0.000
arrive destination: False ,out of road:False   Total T: 73648 Episode Num: 181 Episode T: 1000 Reward: 270.742 Cost: 18.000
arrive destination: False ,out of road:True   Total T: 73992 Episode Num: 182 Episode T: 344 Reward: 281.721 Cost: 4.000
arrive destination: False ,out of road:True   Total T: 74218 Episode Num: 183 Episode T: 226 Reward: 45.133 Cost: 7.000
arrive destination: False ,out of road:True   Total T: 74317 Episode Num: 184 Episode T: 99 Reward: 73.876 Cost: 5.000
arrive destination: False ,out of road:True   Total T: 74440 Episode Num: 185 Episode T: 123 Reward: 97.032 Cost: 2.000
arrive destination: False ,out of road:True   Total T: 74657 Episode Num: 186 Episode T: 217 Reward: 184.588 Cost: 18.000
arrive destination: True ,out of road:False   Total T: 75486 Episode Num: 187 Episode T: 829 Reward: 296.267 Cost: 3.000
arrive destination: False ,out of road:True   Total T: 75672 Episode Num: 188 Episode T: 186 Reward: 170.308 Cost: 7.000
arrive destination: False ,out of road:True   Total T: 75783 Episode Num: 189 Episode T: 111 Reward: 102.709 Cost: 1.000
arrive destination: False ,out of road:True   Total T: 76172 Episode Num: 190 Episode T: 389 Reward: 78.244 Cost: 25.000
arrive destination: True ,out of road:False   Total T: 76468 Episode Num: 191 Episode T: 296 Reward: 232.873 Cost: 2.000
arrive destination: False ,out of road:False   Total T: 77468 Episode Num: 192 Episode T: 1000 Reward: 256.123 Cost: 0.000
arrive destination: False ,out of road:True   Total T: 77612 Episode Num: 193 Episode T: 144 Reward: 135.650 Cost: 1.000
arrive destination: True ,out of road:False   Total T: 77989 Episode Num: 194 Episode T: 377 Reward: 265.270 Cost: 6.000
arrive destination: False ,out of road:True   Total T: 78330 Episode Num: 195 Episode T: 341 Reward: 326.831 Cost: 1.000
arrive destination: False ,out of road:True   Total T: 78707 Episode Num: 196 Episode T: 377 Reward: 236.971 Cost: 5.000
arrive destination: True ,out of road:False   Total T: 79203 Episode Num: 197 Episode T: 496 Reward: 402.937 Cost: 10.000
arrive destination: False ,out of road:True   Total T: 79551 Episode Num: 198 Episode T: 348 Reward: 324.232 Cost: 11.000
---------------------------------------
Evaluation over 20 episodes: 0.350 Cost 8.450.             SafeRL used : use_epo
---------------------------------------
[34;1m
Time: 2026-06-29 17:30:45, Time spent from previous logger: 167.075 s[0m
[34;1mCustomLogger with fileds: ['total_steps', 'EpRet', 'EpCost', 'CostRate'][0m
[34;1mfieldvalues: [80000, 0.35, 8.45, 0.010725134064175803]
[0m
arrive destination: True ,out of road:False   Total T: 80501 Episode Num: 199 Episode T: 950 Reward: 448.207 Cost: 37.000
arrive destination: False ,out of road:False   Total T: 81501 Episode Num: 200 Episode T: 1000 Reward: 476.851 Cost: 8.000
arrive destination: False ,out of road:True   Total T: 81614 Episode Num: 201 Episode T: 113 Reward: 61.723 Cost: 5.000
arrive destination: False ,out of road:False   Total T: 82614 Episode Num: 202 Episode T: 1000 Reward: 126.661 Cost: 6.000
arrive destination: True ,out of road:False   Total T: 82895 Episode Num: 203 Episode T: 281 Reward: 295.362 Cost: 3.000
arrive destination: False ,out of road:False   Total T: 83895 Episode Num: 204 Episode T: 1000 Reward: 396.336 Cost: 23.000
arrive destination: True ,out of road:False   Total T: 84432 Episode Num: 205 Episode T: 537 Reward: 377.077 Cost: 12.000
arrive destination: True ,out of road:False   Total T: 84954 Episode Num: 206 Episode T: 522 Reward: 460.442 Cost: 5.000
arrive destination: True ,out of road:False   Total T: 85157 Episode Num: 207 Episode T: 203 Reward: 269.422 Cost: 6.000
arrive destination: False ,out of road:True   Total T: 85255 Episode Num: 208 Episode T: 98 Reward: 77.464 Cost: 4.000
arrive destination: False ,out of road:False   Total T: 86255 Episode Num: 209 Episode T: 1000 Reward: 281.677 Cost: 3.000
arrive destination: False ,out of road:True   Total T: 86351 Episode Num: 210 Episode T: 96 Reward: 77.370 Cost: 3.000
arrive destination: True ,out of road:False   Total T: 86637 Episode Num: 211 Episode T: 286 Reward: 268.102 Cost: 5.000
arrive destination: True ,out of road:False   Total T: 86932 Episode Num: 212 Episode T: 295 Reward: 266.962 Cost: 5.000
arrive destination: False ,out of road:False   Total T: 87932 Episode Num: 213 Episode T: 1000 Reward: 263.316 Cost: 45.000
arrive destination: False ,out of road:True   Total T: 88351 Episode Num: 214 Episode T: 419 Reward: 236.913 Cost: 17.000
arrive destination: False ,out of road:True   Total T: 88453 Episode Num: 215 Episode T: 102 Reward: 52.408 Cost: 5.000
arrive destination: False ,out of road:True   Total T: 88691 Episode Num: 216 Episode T: 238 Reward: 194.451 Cost: 7.000
arrive destination: True ,out of road:False   Total T: 89168 Episode Num: 217 Episode T: 477 Reward: 461.154 Cost: 10.000
arrive destination: False ,out of road:True   Total T: 89690 Episode Num: 218 Episode T: 522 Reward: 369.614 Cost: 4.000
---------------------------------------
Evaluation over 20 episodes: 0.250 Cost 8.450.             SafeRL used : use_epo
---------------------------------------
[34;1m
Time: 2026-06-29 17:33:27, Time spent from previous logger: 162.079 s[0m
[34;1mCustomLogger with fileds: ['total_steps', 'EpRet', 'EpCost', 'CostRate'][0m
[34;1mfieldvalues: [90000, 0.25, 8.45, 0.011800131112567917]
[0m
arrive destination: True ,out of road:False   Total T: 90196 Episode Num: 219 Episode T: 506 Reward: 522.789 Cost: 4.000
arrive destination: False ,out of road:False   Total T: 91196 Episode Num: 220 Episode T: 1000 Reward: 212.748 Cost: 3.000
arrive destination: True ,out of road:False   Total T: 91699 Episode Num: 221 Episode T: 503 Reward: 374.976 Cost: 15.000
arrive destination: True ,out of road:False   Total T: 92053 Episode Num: 222 Episode T: 354 Reward: 267.511 Cost: 9.000
arrive destination: True ,out of road:False   Total T: 92579 Episode Num: 223 Episode T: 526 Reward: 365.103 Cost: 12.000
arrive destination: False ,out of road:True   Total T: 92996 Episode Num: 224 Episode T: 417 Reward: 372.123 Cost: 8.000
arrive destination: False ,out of road:True   Total T: 93102 Episode Num: 225 Episode T: 106 Reward: 77.411 Cost: 4.000
arrive destination: False ,out of road:True   Total T: 93216 Episode Num: 226 Episode T: 114 Reward: 107.337 Cost: 1.000
arrive destination: True ,out of road:False   Total T: 93687 Episode Num: 227 Episode T: 471 Reward: 270.418 Cost: 1.000
arrive destination: True ,out of road:False   Total T: 93878 Episode Num: 228 Episode T: 191 Reward: 269.895 Cost: 4.000
arrive destination: False ,out of road:True   Total T: 93977 Episode Num: 229 Episode T: 99 Reward: 77.815 Cost: 4.000
arrive destination: True ,out of road:False   Total T: 94176 Episode Num: 230 Episode T: 199 Reward: 269.255 Cost: 4.000
arrive destination: False ,out of road:True   Total T: 94400 Episode Num: 231 Episode T: 224 Reward: 193.211 Cost: 17.000
arrive destination: False ,out of road:False   Total T: 95400 Episode Num: 232 Episode T: 1000 Reward: 360.566 Cost: 43.000
arrive destination: False ,out of road:False   Total T: 96400 Episode Num: 233 Episode T: 1000 Reward: 135.007 Cost: 1.000
arrive destination: True ,out of road:False   Total T: 96609 Episode Num: 234 Episode T: 209 Reward: 269.859 Cost: 0.000
arrive destination: False ,out of road:False   Total T: 97609 Episode Num: 235 Episode T: 1000 Reward: 323.246 Cost: 50.000
arrive destination: False ,out of road:True   Total T: 97762 Episode Num: 236 Episode T: 153 Reward: 166.846 Cost: 4.000
arrive destination: False ,out of road:True   Total T: 97869 Episode Num: 237 Episode T: 107 Reward: 97.403 Cost: 1.000
arrive destination: False ,out of road:False   Total T: 98869 Episode Num: 238 Episode T: 1000 Reward: 450.669 Cost: 16.000
arrive destination: False ,out of road:True   Total T: 99054 Episode Num: 239 Episode T: 185 Reward: 168.328 Cost: 14.000
---------------------------------------
Evaluation over 20 episodes: 0.400 Cost 12.900.             SafeRL used : use_epo
---------------------------------------
[34;1m
Time: 2026-06-29 17:36:11, Time spent from previous logger: 163.591 s[0m
[34;1mCustomLogger with fileds: ['total_steps', 'EpRet', 'EpCost', 'CostRate'][0m
[34;1mfieldvalues: [100000, 0.4, 12.9, 0.012900129001290013]
[0m
arrive destination: False ,out of road:False   Total T: 100054 Episode Num: 240 Episode T: 1000 Reward: 291.615 Cost: 13.000
arrive destination: True ,out of road:False   Total T: 100879 Episode Num: 241 Episode T: 825 Reward: 418.385 Cost: 28.000
arrive destination: True ,out of road:False   Total T: 101379 Episode Num: 242 Episode T: 500 Reward: 379.833 Cost: 24.000
arrive destination: True ,out of road:False   Total T: 102016 Episode Num: 243 Episode T: 637 Reward: 492.446 Cost: 16.000
arrive destination: True ,out of road:False   Total T: 102669 Episode Num: 244 Episode T: 653 Reward: 407.065 Cost: 15.000
arrive destination: True ,out of road:False   Total T: 103187 Episode Num: 245 Episode T: 518 Reward: 379.615 Cost: 15.000
arrive destination: True ,out of road:False   Total T: 103549 Episode Num: 246 Episode T: 362 Reward: 265.426 Cost: 12.000
arrive destination: False ,out of road:True   Total T: 103758 Episode Num: 247 Episode T: 209 Reward: 229.939 Cost: 2.000
arrive destination: True ,out of road:False   Total T: 104054 Episode Num: 248 Episode T: 296 Reward: 296.089 Cost: 3.000
arrive destination: True ,out of road:True   Total T: 104626 Episode Num: 249 Episode T: 572 Reward: 525.704 Cost: 19.000
arrive destination: True ,out of road:False   Total T: 104915 Episode Num: 250 Episode T: 289 Reward: 234.128 Cost: 0.000
arrive destination: True ,out of road:False   Total T: 105377 Episode Num: 251 Episode T: 462 Reward: 399.494 Cost: 0.000
arrive destination: False ,out of road:True   Total T: 105657 Episode Num: 252 Episode T: 280 Reward: 191.317 Cost: 6.000
arrive destination: False ,out of road:True   Total T: 106306 Episode Num: 253 Episode T: 649 Reward: 313.835 Cost: 17.000
arrive destination: True ,out of road:False   Total T: 106782 Episode Num: 254 Episode T: 476 Reward: 402.360 Cost: 0.000
arrive destination: True ,out of road:False   Total T: 107280 Episode Num: 255 Episode T: 498 Reward: 406.355 Cost: 6.000
arrive destination: False ,out of road:True   Total T: 107479 Episode Num: 256 Episode T: 199 Reward: 120.647 Cost: 9.000
arrive destination: False ,out of road:True   Total T: 107945 Episode Num: 257 Episode T: 466 Reward: 397.120 Cost: 5.000
arrive destination: True ,out of road:False   Total T: 108355 Episode Num: 258 Episode T: 410 Reward: 268.824 Cost: 9.000
arrive destination: True ,out of road:False   Total T: 108915 Episode Num: 259 Episode T: 560 Reward: 277.339 Cost: 19.000
arrive destination: True ,out of road:False   Total T: 109519 Episode Num: 260 Episode T: 604 Reward: 471.830 Cost: 17.000
---------------------------------------
Evaluation over 20 episodes: 0.300 Cost 12.450.             SafeRL used : use_epo
---------------------------------------
[34;1m
Time: 2026-06-29 17:39:17, Time spent from previous logger: 185.696 s[0m
[34;1mCustomLogger with fileds: ['total_steps', 'EpRet', 'EpCost', 'CostRate'][0m
[34;1mfieldvalues: [110000, 0.3, 12.45, 0.013854671406103691]
[0m
arrive destination: True ,out of road:False   Total T: 110267 Episode Num: 261 Episode T: 748 Reward: 690.788 Cost: 12.000
arrive destination: False ,out of road:True   Total T: 110599 Episode Num: 262 Episode T: 332 Reward: 227.525 Cost: 3.000
arrive destination: True ,out of road:False   Total T: 111099 Episode Num: 263 Episode T: 500 Reward: 407.085 Cost: 15.000
arrive destination: False ,out of road:True   Total T: 111197 Episode Num: 264 Episode T: 98 Reward: 78.721 Cost: 2.000
arrive destination: True ,out of road:False   Total T: 112177 Episode Num: 265 Episode T: 980 Reward: 471.808 Cost: 7.000
arrive destination: True ,out of road:False   Total T: 112587 Episode Num: 266 Episode T: 410 Reward: 294.357 Cost: 13.000
arrive destination: False ,out of road:True   Total T: 112736 Episode Num: 267 Episode T: 149 Reward: 114.713 Cost: 7.000
arrive destination: True ,out of road:False   Total T: 113098 Episode Num: 268 Episode T: 362 Reward: 264.743 Cost: 2.000
arrive destination: True ,out of road:False   Total T: 113594 Episode Num: 269 Episode T: 496 Reward: 294.786 Cost: 9.000
arrive destination: False ,out of road:True   Total T: 113696 Episode Num: 270 Episode T: 102 Reward: 86.238 Cost: 2.000
arrive destination: False ,out of road:True   Total T: 114053 Episode Num: 271 Episode T: 357 Reward: 204.748 Cost: 15.000
arrive destination: False ,out of road:True   Total T: 114165 Episode Num: 272 Episode T: 112 Reward: 95.782 Cost: 6.000
arrive destination: True ,out of road:False   Total T: 114551 Episode Num: 273 Episode T: 386 Reward: 399.343 Cost: 0.000
arrive destination: False ,out of road:False   Total T: 115551 Episode Num: 274 Episode T: 1000 Reward: 68.270 Cost: 36.000
arrive destination: True ,out of road:False   Total T: 115835 Episode Num: 275 Episode T: 284 Reward: 295.834 Cost: 4.000
arrive destination: False ,out of road:True   Total T: 116029 Episode Num: 276 Episode T: 194 Reward: 186.838 Cost: 10.000
arrive destination: False ,out of road:True   Total T: 116174 Episode Num: 277 Episode T: 145 Reward: 114.914 Cost: 4.000
arrive destination: False ,out of road:True   Total T: 116391 Episode Num: 278 Episode T: 217 Reward: 187.836 Cost: 8.000
arrive destination: True ,out of road:False   Total T: 116681 Episode Num: 279 Episode T: 290 Reward: 295.921 Cost: 2.000
arrive destination: False ,out of road:True   Total T: 117040 Episode Num: 280 Episode T: 359 Reward: 195.616 Cost: 14.000
arrive destination: False ,out of road:True   Total T: 117179 Episode Num: 281 Episode T: 139 Reward: 111.272 Cost: 2.000
arrive destination: True ,out of road:False   Total T: 117666 Episode Num: 282 Episode T: 487 Reward: 471.527 Cost: 19.000
arrive destination: False ,out of road:True   Total T: 118101 Episode Num: 283 Episode T: 435 Reward: 232.326 Cost: 36.000
arrive destination: False ,out of road:True   Total T: 118205 Episode Num: 284 Episode T: 104 Reward: 90.208 Cost: 3.000
arrive destination: False ,out of road:False   Total T: 119205 Episode Num: 285 Episode T: 1000 Reward: 365.910 Cost: 3.000
arrive destination: False ,out of road:True   Total T: 119306 Episode Num: 286 Episode T: 101 Reward: 77.496 Cost: 4.000
arrive destination: False ,out of road:True   Total T: 119807 Episode Num: 287 Episode T: 501 Reward: 335.917 Cost: 14.000
---------------------------------------
Evaluation over 20 episodes: 0.400 Cost 13.600.             SafeRL used : use_epo
---------------------------------------
[34;1m
Time: 2026-06-29 17:42:06, Time spent from previous logger: 168.862 s[0m
[34;1mCustomLogger with fileds: ['total_steps', 'EpRet', 'EpCost', 'CostRate'][0m
[34;1mfieldvalues: [120000, 0.4, 13.6, 0.014700122501020842]
[0m
arrive destination: True ,out of road:False   Total T: 120264 Episode Num: 288 Episode T: 457 Reward: 417.451 Cost: 0.000
arrive destination: True ,out of road:False   Total T: 120563 Episode Num: 289 Episode T: 299 Reward: 295.788 Cost: 2.000
arrive destination: True ,out of road:False   Total T: 121014 Episode Num: 290 Episode T: 451 Reward: 336.339 Cost: 6.000
arrive destination: True ,out of road:False   Total T: 121325 Episode Num: 291 Episode T: 311 Reward: 296.046 Cost: 4.000
arrive destination: False ,out of road:False   Total T: 122325 Episode Num: 292 Episode T: 1000 Reward: 203.419 Cost: 42.000
arrive destination: True ,out of road:False   Total T: 123247 Episode Num: 293 Episode T: 922 Reward: 415.436 Cost: 8.000
arrive destination: False ,out of road:True   Total T: 123386 Episode Num: 294 Episode T: 139 Reward: 110.003 Cost: 1.000
arrive destination: True ,out of road:False   Total T: 123870 Episode Num: 295 Episode T: 484 Reward: 375.356 Cost: 15.000
arrive destination: True ,out of road:False   Total T: 124062 Episode Num: 296 Episode T: 192 Reward: 269.083 Cost: 0.000
arrive destination: False ,out of road:True   Total T: 124165 Episode Num: 297 Episode T: 103 Reward: 77.077 Cost: 3.000
arrive destination: True ,out of road:False   Total T: 124540 Episode Num: 298 Episode T: 375 Reward: 294.507 Cost: 8.000
arrive destination: True ,out of road:False   Total T: 124812 Episode Num: 299 Episode T: 272 Reward: 233.246 Cost: 0.000
arrive destination: False ,out of road:True   Total T: 125488 Episode Num: 300 Episode T: 676 Reward: 384.060 Cost: 9.000
arrive destination: True ,out of road:False   Total T: 125767 Episode Num: 301 Episode T: 279 Reward: 233.050 Cost: 0.000
arrive destination: True ,out of road:False   Total T: 126152 Episode Num: 302 Episode T: 385 Reward: 403.697 Cost: 0.000
arrive destination: True ,out of road:False   Total T: 126353 Episode Num: 303 Episode T: 201 Reward: 269.471 Cost: 0.000
arrive destination: False ,out of road:True   Total T: 126710 Episode Num: 304 Episode T: 357 Reward: 359.519 Cost: 2.000
arrive destination: True ,out of road:False   Total T: 127262 Episode Num: 305 Episode T: 552 Reward: 381.104 Cost: 12.000
arrive destination: True ,out of road:False   Total T: 127545 Episode Num: 306 Episode T: 283 Reward: 233.375 Cost: 2.000
arrive destination: True ,out of road:False   Total T: 128040 Episode Num: 307 Episode T: 495 Reward: 377.170 Cost: 3.000
arrive destination: False ,out of road:True   Total T: 128205 Episode Num: 308 Episode T: 165 Reward: 163.655 Cost: 2.000
arrive destination: False ,out of road:True   Total T: 128469 Episode Num: 309 Episode T: 264 Reward: 231.093 Cost: 6.000
arrive destination: True ,out of road:False   Total T: 128823 Episode Num: 310 Episode T: 354 Reward: 284.933 Cost: 4.000
arrive destination: True ,out of road:False   Total T: 129555 Episode Num: 311 Episode T: 732 Reward: 409.359 Cost: 5.000
arrive destination: False ,out of road:True   Total T: 129720 Episode Num: 312 Episode T: 165 Reward: 164.093 Cost: 2.000
---------------------------------------
Evaluation over 20 episodes: 0.600 Cost 10.950.             SafeRL used : use_epo
---------------------------------------
[34;1m
Time: 2026-06-29 17:45:00, Time spent from previous logger: 174.365 s[0m
[34;1mCustomLogger with fileds: ['total_steps', 'EpRet', 'EpCost', 'CostRate'][0m
[34;1mfieldvalues: [130000, 0.6, 10.95, 0.014692420710928546]
[0m
arrive destination: True ,out of road:False   Total T: 130514 Episode Num: 313 Episode T: 794 Reward: 573.970 Cost: 16.000
arrive destination: True ,out of road:False   Total T: 130819 Episode Num: 314 Episode T: 305 Reward: 270.480 Cost: 5.000
arrive destination: True ,out of road:False   Total T: 131209 Episode Num: 315 Episode T: 390 Reward: 270.039 Cost: 0.000
arrive destination: False ,out of road:False   Total T: 132209 Episode Num: 316 Episode T: 1000 Reward: 131.225 Cost: 0.000
arrive destination: False ,out of road:True   Total T: 132479 Episode Num: 317 Episode T: 270 Reward: 204.645 Cost: 6.000
arrive destination: True ,out of road:False   Total T: 132701 Episode Num: 318 Episode T: 222 Reward: 269.739 Cost: 1.000
arrive destination: True ,out of road:False   Total T: 133000 Episode Num: 319 Episode T: 299 Reward: 268.220 Cost: 2.000
arrive destination: True ,out of road:False   Total T: 133412 Episode Num: 320 Episode T: 412 Reward: 407.032 Cost: 0.000
arrive destination: True ,out of road:False   Total T: 134318 Episode Num: 321 Episode T: 906 Reward: 417.679 Cost: 32.000
arrive destination: True ,out of road:False   Total T: 134588 Episode Num: 322 Episode T: 270 Reward: 233.276 Cost: 0.000
arrive destination: True ,out of road:False   Total T: 134979 Episode Num: 323 Episode T: 391 Reward: 406.758 Cost: 0.000
arrive destination: True ,out of road:False   Total T: 135348 Episode Num: 324 Episode T: 369 Reward: 233.350 Cost: 0.000
arrive destination: True ,out of road:False   Total T: 135629 Episode Num: 325 Episode T: 281 Reward: 270.653 Cost: 3.000
arrive destination: False ,out of road:False   Total T: 136629 Episode Num: 326 Episode T: 1000 Reward: 241.361 Cost: 16.000
arrive destination: True ,out of road:False   Total T: 137051 Episode Num: 327 Episode T: 422 Reward: 365.086 Cost: 5.000
arrive destination: False ,out of road:True   Total T: 137157 Episode Num: 328 Episode T: 106 Reward: 71.751 Cost: 1.000
arrive destination: False ,out of road:True   Total T: 137286 Episode Num: 329 Episode T: 129 Reward: 135.448 Cost: 1.000
arrive destination: True ,out of road:False   Total T: 137632 Episode Num: 330 Episode T: 346 Reward: 289.373 Cost: 0.000
arrive destination: True ,out of road:False   Total T: 138166 Episode Num: 331 Episode T: 534 Reward: 479.162 Cost: 1.000
arrive destination: True ,out of road:False   Total T: 138486 Episode Num: 332 Episode T: 320 Reward: 287.379 Cost: 2.000
arrive destination: True ,out of road:False   Total T: 138703 Episode Num: 333 Episode T: 217 Reward: 269.467 Cost: 0.000
arrive destination: True ,out of road:False   Total T: 139138 Episode Num: 334 Episode T: 435 Reward: 376.797 Cost: 7.000
arrive destination: True ,out of road:False   Total T: 139620 Episode Num: 335 Episode T: 482 Reward: 378.953 Cost: 1.000
---------------------------------------
Evaluation over 20 episodes: 0.650 Cost 12.900.             SafeRL used : use_epo
---------------------------------------
[34;1m
Time: 2026-06-29 17:47:51, Time spent from previous logger: 171.210 s[0m
[34;1mCustomLogger with fileds: ['total_steps', 'EpRet', 'EpCost', 'CostRate'][0m
[34;1mfieldvalues: [140000, 0.65, 12.9, 0.01432153086807763]
[0m
arrive destination: False ,out of road:True   Total T: 140162 Episode Num: 336 Episode T: 542 Reward: 510.494 Cost: 7.000
arrive destination: False ,out of road:True   Total T: 140319 Episode Num: 337 Episode T: 157 Reward: 155.646 Cost: 1.000
arrive destination: True ,out of road:False   Total T: 140756 Episode Num: 338 Episode T: 437 Reward: 377.537 Cost: 4.000
arrive destination: True ,out of road:False   Total T: 141170 Episode Num: 339 Episode T: 414 Reward: 266.174 Cost: 4.000
arrive destination: True ,out of road:False   Total T: 141453 Episode Num: 340 Episode T: 283 Reward: 295.917 Cost: 11.000
arrive destination: False ,out of road:True   Total T: 141743 Episode Num: 341 Episode T: 290 Reward: 250.036 Cost: 20.000
arrive destination: True ,out of road:False   Total T: 142117 Episode Num: 342 Episode T: 374 Reward: 266.315 Cost: 24.000
arrive destination: True ,out of road:False   Total T: 142387 Episode Num: 343 Episode T: 270 Reward: 232.944 Cost: 0.000
arrive destination: False ,out of road:True   Total T: 142602 Episode Num: 344 Episode T: 215 Reward: 208.078 Cost: 4.000
arrive destination: False ,out of road:True   Total T: 142700 Episode Num: 345 Episode T: 98 Reward: 64.723 Cost: 6.000
arrive destination: False ,out of road:True   Total T: 142998 Episode Num: 346 Episode T: 298 Reward: 259.751 Cost: 7.000
arrive destination: False ,out of road:True   Total T: 143095 Episode Num: 347 Episode T: 97 Reward: 70.935 Cost: 5.000
arrive destination: True ,out of road:False   Total T: 143406 Episode Num: 348 Episode T: 311 Reward: 296.075 Cost: 0.000
arrive destination: True ,out of road:False   Total T: 143673 Episode Num: 349 Episode T: 267 Reward: 232.894 Cost: 0.000
arrive destination: False ,out of road:True   Total T: 143893 Episode Num: 350 Episode T: 220 Reward: 168.162 Cost: 8.000
arrive destination: True ,out of road:False   Total T: 144395 Episode Num: 351 Episode T: 502 Reward: 404.488 Cost: 3.000
arrive destination: True ,out of road:False   Total T: 144857 Episode Num: 352 Episode T: 462 Reward: 381.440 Cost: 7.000
arrive destination: True ,out of road:False   Total T: 145583 Episode Num: 353 Episode T: 726 Reward: 495.393 Cost: 50.000
arrive destination: True ,out of road:False   Total T: 145843 Episode Num: 354 Episode T: 260 Reward: 275.689 Cost: 4.000
arrive destination: True ,out of road:False   Total T: 146138 Episode Num: 355 Episode T: 295 Reward: 267.681 Cost: 6.000
arrive destination: True ,out of road:False   Total T: 146449 Episode Num: 356 Episode T: 311 Reward: 296.116 Cost: 4.000
arrive destination: False ,out of road:False   Total T: 147449 Episode Num: 357 Episode T: 1000 Reward: 149.103 Cost: 11.000
arrive destination: True ,out of road:False   Total T: 147943 Episode Num: 358 Episode T: 494 Reward: 370.084 Cost: 11.000
arrive destination: True ,out of road:False   Total T: 148157 Episode Num: 359 Episode T: 214 Reward: 269.160 Cost: 0.000
arrive destination: False ,out of road:False   Total T: 149157 Episode Num: 360 Episode T: 1000 Reward: 222.749 Cost: 5.000
arrive destination: False ,out of road:True   Total T: 149281 Episode Num: 361 Episode T: 124 Reward: 69.540 Cost: 13.000
arrive destination: True ,out of road:False   Total T: 149576 Episode Num: 362 Episode T: 295 Reward: 295.969 Cost: 6.000
---------------------------------------
Evaluation over 20 episodes: 0.750 Cost 10.350.             SafeRL used : use_epo
---------------------------------------
[34;1m
Time: 2026-06-29 17:50:35, Time spent from previous logger: 163.587 s[0m
[34;1mCustomLogger with fileds: ['total_steps', 'EpRet', 'EpCost', 'CostRate'][0m
[34;1mfieldvalues: [150000, 0.75, 10.35, 0.014840098933992893]
[0m
arrive destination: True ,out of road:False   Total T: 150395 Episode Num: 363 Episode T: 819 Reward: 694.719 Cost: 6.000
arrive destination: True ,out of road:False   Total T: 151183 Episode Num: 364 Episode T: 788 Reward: 409.076 Cost: 15.000
arrive destination: False ,out of road:False   Total T: 152183 Episode Num: 365 Episode T: 1000 Reward: 222.063 Cost: 34.000
arrive destination: True ,out of road:False   Total T: 153142 Episode Num: 366 Episode T: 959 Reward: 419.607 Cost: 11.000
arrive destination: True ,out of road:False   Total T: 153441 Episode Num: 367 Episode T: 299 Reward: 232.888 Cost: 0.000
arrive destination: False ,out of road:True   Total T: 153650 Episode Num: 368 Episode T: 209 Reward: 195.514 Cost: 6.000
arrive destination: False ,out of road:False   Total T: 154650 Episode Num: 369 Episode T: 1000 Reward: 229.138 Cost: 6.000
arrive destination: True ,out of road:False   Total T: 155069 Episode Num: 370 Episode T: 419 Reward: 377.137 Cost: 6.000
arrive destination: True ,out of road:False   Total T: 155519 Episode Num: 371 Episode T: 450 Reward: 373.163 Cost: 6.000
arrive destination: True ,out of road:False   Total T: 156009 Episode Num: 372 Episode T: 490 Reward: 398.401 Cost: 7.000
arrive destination: False ,out of road:True   Total T: 156213 Episode Num: 373 Episode T: 204 Reward: 230.353 Cost: 4.000
arrive destination: True ,out of road:False   Total T: 156511 Episode Num: 374 Episode T: 298 Reward: 269.854 Cost: 7.000
arrive destination: True ,out of road:False   Total T: 157021 Episode Num: 375 Episode T: 510 Reward: 406.553 Cost: 14.000
arrive destination: False ,out of road:True   Total T: 157225 Episode Num: 376 Episode T: 204 Reward: 231.051 Cost: 2.000
arrive destination: False ,out of road:True   Total T: 157364 Episode Num: 377 Episode T: 139 Reward: 128.834 Cost: 2.000
arrive destination: True ,out of road:False   Total T: 157803 Episode Num: 378 Episode T: 439 Reward: 284.032 Cost: 20.000
arrive destination: False ,out of road:False   Total T: 158803 Episode Num: 379 Episode T: 1000 Reward: 352.881 Cost: 32.000
arrive destination: False ,out of road:True   Total T: 159146 Episode Num: 380 Episode T: 343 Reward: 343.025 Cost: 3.000
arrive destination: True ,out of road:False   Total T: 159423 Episode Num: 381 Episode T: 277 Reward: 295.459 Cost: 0.000
arrive destination: True ,out of road:False   Total T: 159851 Episode Num: 382 Episode T: 428 Reward: 409.436 Cost: 26.000
---------------------------------------
Evaluation over 20 episodes: 0.750 Cost 7.450.             SafeRL used : use_epo
---------------------------------------
[34;1m
Time: 2026-06-29 17:53:19, Time spent from previous logger: 163.983 s[0m
[34;1mCustomLogger with fileds: ['total_steps', 'EpRet', 'EpCost', 'CostRate'][0m
[34;1mfieldvalues: [160000, 0.75, 7.45, 0.015193844961531009]
[0m
arrive destination: True ,out of road:False   Total T: 160623 Episode Num: 383 Episode T: 772 Reward: 634.489 Cost: 13.000
arrive destination: False ,out of road:True   Total T: 160721 Episode Num: 384 Episode T: 98 Reward: 80.964 Cost: 3.000
arrive destination: True ,out of road:False   Total T: 161110 Episode Num: 385 Episode T: 389 Reward: 294.731 Cost: 13.000
arrive destination: True ,out of road:False   Total T: 161410 Episode Num: 386 Episode T: 300 Reward: 295.717 Cost: 0.000
arrive destination: True ,out of road:False   Total T: 161949 Episode Num: 387 Episode T: 539 Reward: 336.411 Cost: 20.000
arrive destination: True ,out of road:False   Total T: 162293 Episode Num: 388 Episode T: 344 Reward: 294.648 Cost: 8.000
arrive destination: True ,out of road:False   Total T: 162676 Episode Num: 389 Episode T: 383 Reward: 294.438 Cost: 8.000
arrive destination: True ,out of road:False   Total T: 162945 Episode Num: 390 Episode T: 269 Reward: 295.772 Cost: 4.000
arrive destination: True ,out of road:False   Total T: 163451 Episode Num: 391 Episode T: 506 Reward: 381.776 Cost: 19.000
arrive destination: True ,out of road:False   Total T: 164036 Episode Num: 392 Episode T: 585 Reward: 467.464 Cost: 8.000
arrive destination: True ,out of road:False   Total T: 164359 Episode Num: 393 Episode T: 323 Reward: 270.149 Cost: 4.000
arrive destination: True ,out of road:False   Total T: 164612 Episode Num: 394 Episode T: 253 Reward: 232.799 Cost: 0.000
arrive destination: False ,out of road:True   Total T: 164743 Episode Num: 395 Episode T: 131 Reward: 115.242 Cost: 1.000
arrive destination: False ,out of road:True   Total T: 164905 Episode Num: 396 Episode T: 162 Reward: 162.482 Cost: 2.000
arrive destination: True ,out of road:False   Total T: 165278 Episode Num: 397 Episode T: 373 Reward: 294.629 Cost: 8.000
arrive destination: True ,out of road:False   Total T: 165556 Episode Num: 398 Episode T: 278 Reward: 273.131 Cost: 1.000
arrive destination: True ,out of road:False   Total T: 166168 Episode Num: 399 Episode T: 612 Reward: 494.435 Cost: 35.000
arrive destination: False ,out of road:False   Total T: 167168 Episode Num: 400 Episode T: 1000 Reward: 249.713 Cost: 15.000
arrive destination: True ,out of road:False   Total T: 167608 Episode Num: 401 Episode T: 440 Reward: 370.199 Cost: 9.000
arrive destination: False ,out of road:True   Total T: 167755 Episode Num: 402 Episode T: 147 Reward: 138.510 Cost: 1.000
arrive destination: True ,out of road:False   Total T: 168142 Episode Num: 403 Episode T: 387 Reward: 401.962 Cost: 0.000
arrive destination: True ,out of road:False   Total T: 168598 Episode Num: 404 Episode T: 456 Reward: 368.225 Cost: 6.000
arrive destination: True ,out of road:False   Total T: 169224 Episode Num: 405 Episode T: 626 Reward: 499.666 Cost: 14.000
arrive destination: True ,out of road:False   Total T: 169774 Episode Num: 406 Episode T: 550 Reward: 405.695 Cost: 6.000
---------------------------------------
Evaluation over 20 episodes: 0.650 Cost 7.650.             SafeRL used : use_epo
---------------------------------------
[34;1m
Time: 2026-06-29 17:56:13, Time spent from previous logger: 174.211 s[0m
[34;1mCustomLogger with fileds: ['total_steps', 'EpRet', 'EpCost', 'CostRate'][0m
[34;1mfieldvalues: [170000, 0.65, 7.65, 0.015453032076659275]
[0m
arrive destination: True ,out of road:False   Total T: 170495 Episode Num: 407 Episode T: 721 Reward: 684.651 Cost: 10.000
arrive destination: True ,out of road:False   Total T: 170997 Episode Num: 408 Episode T: 502 Reward: 475.223 Cost: 2.000
arrive destination: True ,out of road:False   Total T: 171301 Episode Num: 409 Episode T: 304 Reward: 266.974 Cost: 1.000
arrive destination: True ,out of road:False   Total T: 171774 Episode Num: 410 Episode T: 473 Reward: 382.818 Cost: 9.000
arrive destination: True ,out of road:False   Total T: 172223 Episode Num: 411 Episode T: 449 Reward: 368.684 Cost: 3.000
arrive destination: True ,out of road:False   Total T: 172683 Episode Num: 412 Episode T: 460 Reward: 335.834 Cost: 4.000
arrive destination: True ,out of road:False   Total T: 173147 Episode Num: 413 Episode T: 464 Reward: 378.124 Cost: 9.000
arrive destination: True ,out of road:False   Total T: 173453 Episode Num: 414 Episode T: 306 Reward: 235.041 Cost: 0.000
arrive destination: False ,out of road:True   Total T: 173616 Episode Num: 415 Episode T: 163 Reward: 168.765 Cost: 9.000
arrive destination: True ,out of road:False   Total T: 174002 Episode Num: 416 Episode T: 386 Reward: 402.545 Cost: 0.000
arrive destination: True ,out of road:False   Total T: 174569 Episode Num: 417 Episode T: 567 Reward: 381.947 Cost: 10.000
arrive destination: True ,out of road:False   Total T: 174948 Episode Num: 418 Episode T: 379 Reward: 399.348 Cost: 0.000
arrive destination: True ,out of road:False   Total T: 175344 Episode Num: 419 Episode T: 396 Reward: 371.408 Cost: 13.000
arrive destination: True ,out of road:False   Total T: 175684 Episode Num: 420 Episode T: 340 Reward: 294.536 Cost: 9.000
arrive destination: False ,out of road:True   Total T: 175879 Episode Num: 421 Episode T: 195 Reward: 177.501 Cost: 1.000
arrive destination: False ,out of road:True   Total T: 176051 Episode Num: 422 Episode T: 172 Reward: 142.282 Cost: 5.000
arrive destination: False ,out of road:True   Total T: 176193 Episode Num: 423 Episode T: 142 Reward: 131.586 Cost: 1.000
arrive destination: True ,out of road:False   Total T: 176794 Episode Num: 424 Episode T: 601 Reward: 468.557 Cost: 11.000
arrive destination: True ,out of road:False   Total T: 177049 Episode Num: 425 Episode T: 255 Reward: 232.544 Cost: 0.000
arrive destination: True ,out of road:False   Total T: 177539 Episode Num: 426 Episode T: 490 Reward: 473.501 Cost: 2.000
arrive destination: True ,out of road:False   Total T: 177881 Episode Num: 427 Episode T: 342 Reward: 266.689 Cost: 17.000
arrive destination: True ,out of road:False   Total T: 178453 Episode Num: 428 Episode T: 572 Reward: 467.637 Cost: 12.000
arrive destination: True ,out of road:False   Total T: 178695 Episode Num: 429 Episode T: 242 Reward: 235.118 Cost: 4.000
arrive destination: False ,out of road:True   Total T: 178831 Episode Num: 430 Episode T: 136 Reward: 132.236 Cost: 1.000
arrive destination: False ,out of road:True   Total T: 178966 Episode Num: 431 Episode T: 135 Reward: 126.215 Cost: 3.000
arrive destination: True ,out of road:False   Total T: 179348 Episode Num: 432 Episode T: 382 Reward: 399.658 Cost: 6.000
arrive destination: False ,out of road:True   Total T: 179633 Episode Num: 433 Episode T: 285 Reward: 233.630 Cost: 17.000
---------------------------------------
Evaluation over 20 episodes: 0.700 Cost 8.800.             SafeRL used : use_epo
---------------------------------------
[34;1m
Time: 2026-06-29 17:59:01, Time spent from previous logger: 167.801 s[0m
[34;1mCustomLogger with fileds: ['total_steps', 'EpRet', 'EpCost', 'CostRate'][0m
[34;1mfieldvalues: [180000, 0.7, 8.8, 0.015472308179489885]
[0m
arrive destination: False ,out of road:True   Total T: 180265 Episode Num: 434 Episode T: 632 Reward: 623.200 Cost: 4.000
arrive destination: True ,out of road:False   Total T: 180566 Episode Num: 435 Episode T: 301 Reward: 274.401 Cost: 7.000
arrive destination: True ,out of road:False   Total T: 181020 Episode Num: 436 Episode T: 454 Reward: 395.073 Cost: 20.000
arrive destination: False ,out of road:True   Total T: 181443 Episode Num: 437 Episode T: 423 Reward: 343.387 Cost: 11.000
arrive destination: True ,out of road:False   Total T: 181986 Episode Num: 438 Episode T: 543 Reward: 463.224 Cost: 5.000
arrive destination: True ,out of road:False   Total T: 182437 Episode Num: 439 Episode T: 451 Reward: 368.655 Cost: 2.000
arrive destination: False ,out of road:False   Total T: 183437 Episode Num: 440 Episode T: 1000 Reward: 71.306 Cost: 46.000
arrive destination: True ,out of road:False   Total T: 183754 Episode Num: 441 Episode T: 317 Reward: 294.061 Cost: 5.000
arrive destination: True ,out of road:False   Total T: 184058 Episode Num: 442 Episode T: 304 Reward: 263.457 Cost: 1.000
arrive destination: False ,out of road:True   Total T: 184336 Episode Num: 443 Episode T: 278 Reward: 238.735 Cost: 1.000
arrive destination: False ,out of road:True   Total T: 184473 Episode Num: 444 Episode T: 137 Reward: 132.043 Cost: 1.000
arrive destination: True ,out of road:False   Total T: 184829 Episode Num: 445 Episode T: 356 Reward: 283.615 Cost: 18.000
arrive destination: False ,out of road:True   Total T: 185145 Episode Num: 446 Episode T: 316 Reward: 252.933 Cost: 10.000
arrive destination: True ,out of road:False   Total T: 185714 Episode Num: 447 Episode T: 569 Reward: 495.004 Cost: 28.000
arrive destination: False ,out of road:True   Total T: 185816 Episode Num: 448 Episode T: 102 Reward: 84.242 Cost: 1.000
arrive destination: True ,out of road:False   Total T: 186176 Episode Num: 449 Episode T: 360 Reward: 294.550 Cost: 8.000
arrive destination: False ,out of road:True   Total T: 186469 Episode Num: 450 Episode T: 293 Reward: 234.430 Cost: 21.000
arrive destination: True ,out of road:False   Total T: 186853 Episode Num: 451 Episode T: 384 Reward: 268.440 Cost: 1.000
arrive destination: True ,out of road:False   Total T: 187230 Episode Num: 452 Episode T: 377 Reward: 262.548 Cost: 4.000
arrive destination: False ,out of road:True   Total T: 187338 Episode Num: 453 Episode T: 108 Reward: 86.789 Cost: 2.000
arrive destination: True ,out of road:False   Total T: 187719 Episode Num: 454 Episode T: 381 Reward: 395.977 Cost: 11.000
arrive destination: True ,out of road:False   Total T: 188100 Episode Num: 455 Episode T: 381 Reward: 369.560 Cost: 7.000
arrive destination: True ,out of road:False   Total T: 188370 Episode Num: 456 Episode T: 270 Reward: 295.376 Cost: 3.000
arrive destination: True ,out of road:False   Total T: 188785 Episode Num: 457 Episode T: 415 Reward: 368.162 Cost: 6.000
arrive destination: False ,out of road:True   Total T: 189008 Episode Num: 458 Episode T: 223 Reward: 147.550 Cost: 7.000
arrive destination: False ,out of road:True   Total T: 189104 Episode Num: 459 Episode T: 96 Reward: 80.125 Cost: 2.000
arrive destination: False ,out of road:True   Total T: 189250 Episode Num: 460 Episode T: 146 Reward: 133.999 Cost: 1.000
arrive destination: True ,out of road:False   Total T: 189750 Episode Num: 461 Episode T: 500 Reward: 476.093 Cost: 0.000
---------------------------------------
Evaluation over 20 episodes: 0.550 Cost 10.400.             SafeRL used : use_epo
---------------------------------------
[34;1m
Time: 2026-06-29 18:01:55, Time spent from previous logger: 174.768 s[0m
[34;1mCustomLogger with fileds: ['total_steps', 'EpRet', 'EpCost', 'CostRate'][0m
[34;1mfieldvalues: [190000, 0.55, 10.4, 0.015905346870246685]
[0m
arrive destination: True ,out of road:False   Total T: 190263 Episode Num: 462 Episode T: 513 Reward: 437.871 Cost: 5.000
arrive destination: True ,out of road:False   Total T: 190614 Episode Num: 463 Episode T: 351 Reward: 335.767 Cost: 3.000
arrive destination: True ,out of road:False   Total T: 191229 Episode Num: 464 Episode T: 615 Reward: 404.727 Cost: 7.000
arrive destination: True ,out of road:False   Total T: 191449 Episode Num: 465 Episode T: 220 Reward: 269.375 Cost: 0.000
arrive destination: True ,out of road:False   Total T: 191778 Episode Num: 466 Episode T: 329 Reward: 269.512 Cost: 8.000
arrive destination: True ,out of road:False   Total T: 192159 Episode Num: 467 Episode T: 381 Reward: 336.205 Cost: 2.000
arrive destination: True ,out of road:False   Total T: 192782 Episode Num: 468 Episode T: 623 Reward: 336.103 Cost: 14.000
arrive destination: False ,out of road:True   Total T: 192948 Episode Num: 469 Episode T: 166 Reward: 55.270 Cost: 11.000
arrive destination: True ,out of road:False   Total T: 193250 Episode Num: 470 Episode T: 302 Reward: 284.337 Cost: 4.000
arrive destination: False ,out of road:True   Total T: 193585 Episode Num: 471 Episode T: 335 Reward: 345.389 Cost: 3.000
arrive destination: True ,out of road:False   Total T: 193881 Episode Num: 472 Episode T: 296 Reward: 272.938 Cost: 4.000
arrive destination: False ,out of road:True   Total T: 194049 Episode Num: 473 Episode T: 168 Reward: 176.255 Cost: 1.000
arrive destination: True ,out of road:False   Total T: 194488 Episode Num: 474 Episode T: 439 Reward: 378.026 Cost: 8.000
arrive destination: True ,out of road:False   Total T: 195084 Episode Num: 475 Episode T: 596 Reward: 494.736 Cost: 24.000
arrive destination: True ,out of road:False   Total T: 195636 Episode Num: 476 Episode T: 552 Reward: 492.757 Cost: 10.000
arrive destination: True ,out of road:False   Total T: 196051 Episode Num: 477 Episode T: 415 Reward: 366.717 Cost: 2.000
arrive destination: True ,out of road:False   Total T: 196307 Episode Num: 478 Episode T: 256 Reward: 295.407 Cost: 3.000
arrive destination: True ,out of road:False   Total T: 196738 Episode Num: 479 Episode T: 431 Reward: 378.127 Cost: 6.000
arrive destination: True ,out of road:False   Total T: 197228 Episode Num: 480 Episode T: 490 Reward: 473.874 Cost: 2.000
arrive destination: False ,out of road:True   Total T: 197471 Episode Num: 481 Episode T: 243 Reward: 220.144 Cost: 6.000
arrive destination: False ,out of road:False   Total T: 198471 Episode Num: 482 Episode T: 1000 Reward: 175.931 Cost: 14.000
arrive destination: True ,out of road:False   Total T: 198742 Episode Num: 483 Episode T: 271 Reward: 233.094 Cost: 3.000
arrive destination: True ,out of road:False   Total T: 198954 Episode Num: 484 Episode T: 212 Reward: 269.460 Cost: 0.000
arrive destination: True ,out of road:False   Total T: 199554 Episode Num: 485 Episode T: 600 Reward: 419.437 Cost: 21.000
arrive destination: True ,out of road:False   Total T: 199938 Episode Num: 486 Episode T: 384 Reward: 403.168 Cost: 0.000
---------------------------------------
Evaluation over 20 episodes: 0.600 Cost 8.200.             SafeRL used : use_epo
---------------------------------------
[34;1m
Time: 2026-06-29 18:04:40, Time spent from previous logger: 165.043 s[0m
[34;1mCustomLogger with fileds: ['total_steps', 'EpRet', 'EpCost', 'CostRate'][0m
[34;1mfieldvalues: [200000, 0.6, 8.2, 0.015890079450397252]
[0m
arrive destination: True ,out of road:False   Total T: 200197 Episode Num: 487 Episode T: 259 Reward: 304.652 Cost: 0.000
arrive destination: False ,out of road:False   Total T: 201197 Episode Num: 488 Episode T: 1000 Reward: 236.502 Cost: 6.000
arrive destination: False ,out of road:True   Total T: 201341 Episode Num: 489 Episode T: 144 Reward: 138.931 Cost: 10.000
arrive destination: False ,out of road:True   Total T: 201589 Episode Num: 490 Episode T: 248 Reward: 203.316 Cost: 5.000
arrive destination: True ,out of road:False   Total T: 201887 Episode Num: 491 Episode T: 298 Reward: 234.292 Cost: 6.000
arrive destination: False ,out of road:True   Total T: 202025 Episode Num: 492 Episode T: 138 Reward: 136.497 Cost: 1.000
arrive destination: False ,out of road:True   Total T: 202191 Episode Num: 493 Episode T: 166 Reward: 159.725 Cost: 12.000
arrive destination: True ,out of road:False   Total T: 202576 Episode Num: 494 Episode T: 385 Reward: 406.255 Cost: 0.000
arrive destination: True ,out of road:False   Total T: 203122 Episode Num: 495 Episode T: 546 Reward: 403.103 Cost: 11.000
arrive destination: False ,out of road:True   Total T: 203218 Episode Num: 496 Episode T: 96 Reward: 69.143 Cost: 5.000
arrive destination: True ,out of road:False   Total T: 203703 Episode Num: 497 Episode T: 485 Reward: 476.368 Cost: 3.000
arrive destination: False ,out of road:True   Total T: 203875 Episode Num: 498 Episode T: 172 Reward: 116.368 Cost: 13.000
arrive destination: True ,out of road:False   Total T: 204084 Episode Num: 499 Episode T: 209 Reward: 270.164 Cost: 0.000
arrive destination: True ,out of road:False   Total T: 204469 Episode Num: 500 Episode T: 385 Reward: 395.283 Cost: 3.000
arrive destination: True ,out of road:False   Total T: 205058 Episode Num: 501 Episode T: 589 Reward: 419.861 Cost: 22.000
arrive destination: True ,out of road:False   Total T: 205440 Episode Num: 502 Episode T: 382 Reward: 373.137 Cost: 11.000
arrive destination: True ,out of road:False   Total T: 205922 Episode Num: 503 Episode T: 482 Reward: 472.315 Cost: 5.000
arrive destination: True ,out of road:False   Total T: 206498 Episode Num: 504 Episode T: 576 Reward: 467.918 Cost: 7.000
arrive destination: True ,out of road:False   Total T: 206753 Episode Num: 505 Episode T: 255 Reward: 288.434 Cost: 1.000
arrive destination: True ,out of road:False   Total T: 207134 Episode Num: 506 Episode T: 381 Reward: 373.225 Cost: 2.000
arrive destination: True ,out of road:False   Total T: 207513 Episode Num: 507 Episode T: 379 Reward: 407.462 Cost: 2.000
arrive destination: False ,out of road:True   Total T: 207659 Episode Num: 508 Episode T: 146 Reward: 138.042 Cost: 1.000
arrive destination: True ,out of road:False   Total T: 207954 Episode Num: 509 Episode T: 295 Reward: 295.339 Cost: 1.000
arrive destination: True ,out of road:False   Total T: 208262 Episode Num: 510 Episode T: 308 Reward: 273.230 Cost: 2.000
arrive destination: False ,out of road:True   Total T: 208369 Episode Num: 511 Episode T: 107 Reward: 104.219 Cost: 1.000
arrive destination: True ,out of road:False   Total T: 208864 Episode Num: 512 Episode T: 495 Reward: 370.485 Cost: 14.000
arrive destination: True ,out of road:False   Total T: 209327 Episode Num: 513 Episode T: 463 Reward: 378.624 Cost: 8.000
arrive destination: True ,out of road:False   Total T: 209802 Episode Num: 514 Episode T: 475 Reward: 407.695 Cost: 7.000
---------------------------------------
Evaluation over 20 episodes: 0.750 Cost 12.250.             SafeRL used : use_epo
---------------------------------------
[34;1m
Time: 2026-06-29 18:07:40, Time spent from previous logger: 179.352 s[0m
[34;1mCustomLogger with fileds: ['total_steps', 'EpRet', 'EpCost', 'CostRate'][0m
[34;1mfieldvalues: [210000, 0.75, 12.25, 0.01590483764208401]
[0m
arrive destination: True ,out of road:False   Total T: 210302 Episode Num: 515 Episode T: 500 Reward: 426.525 Cost: 8.000
arrive destination: True ,out of road:False   Total T: 210706 Episode Num: 516 Episode T: 404 Reward: 430.614 Cost: 18.000
arrive destination: True ,out of road:False   Total T: 211197 Episode Num: 517 Episode T: 491 Reward: 380.347 Cost: 17.000
arrive destination: False ,out of road:True   Total T: 211275 Episode Num: 518 Episode T: 78 Reward: 50.662 Cost: 1.000
arrive destination: True ,out of road:False   Total T: 211557 Episode Num: 519 Episode T: 282 Reward: 288.195 Cost: 5.000
arrive destination: True ,out of road:False   Total T: 212004 Episode Num: 520 Episode T: 447 Reward: 376.833 Cost: 2.000
arrive destination: True ,out of road:False   Total T: 212501 Episode Num: 521 Episode T: 497 Reward: 385.773 Cost: 14.000
arrive destination: True ,out of road:False   Total T: 212881 Episode Num: 522 Episode T: 380 Reward: 294.625 Cost: 5.000
arrive destination: True ,out of road:False   Total T: 213355 Episode Num: 523 Episode T: 474 Reward: 473.387 Cost: 2.000
arrive destination: True ,out of road:False   Total T: 213778 Episode Num: 524 Episode T: 423 Reward: 380.049 Cost: 16.000
arrive destination: False ,out of road:True   Total T: 213916 Episode Num: 525 Episode T: 138 Reward: 132.473 Cost: 1.000
arrive destination: False ,out of road:True   Total T: 214364 Episode Num: 526 Episode T: 448 Reward: 374.818 Cost: 15.000
arrive destination: True ,out of road:False   Total T: 214735 Episode Num: 527 Episode T: 371 Reward: 399.919 Cost: 0.000
arrive destination: False ,out of road:True   Total T: 214835 Episode Num: 528 Episode T: 100 Reward: 75.459 Cost: 4.000
arrive destination: True ,out of road:False   Total T: 215294 Episode Num: 529 Episode T: 459 Reward: 383.707 Cost: 8.000
arrive destination: False ,out of road:True   Total T: 215457 Episode Num: 530 Episode T: 163 Reward: 153.797 Cost: 5.000
arrive destination: False ,out of road:True   Total T: 216220 Episode Num: 531 Episode T: 763 Reward: 304.906 Cost: 25.000
arrive destination: True ,out of road:False   Total T: 216621 Episode Num: 532 Episode T: 401 Reward: 264.948 Cost: 4.000
arrive destination: True ,out of road:False   Total T: 217176 Episode Num: 533 Episode T: 555 Reward: 491.488 Cost: 14.000
arrive destination: False ,out of road:True   Total T: 217369 Episode Num: 534 Episode T: 193 Reward: 161.429 Cost: 2.000
arrive destination: True ,out of road:False   Total T: 217693 Episode Num: 535 Episode T: 324 Reward: 287.216 Cost: 6.000
arrive destination: True ,out of road:False   Total T: 217903 Episode Num: 536 Episode T: 210 Reward: 269.160 Cost: 0.000
arrive destination: True ,out of road:False   Total T: 218108 Episode Num: 537 Episode T: 205 Reward: 270.152 Cost: 0.000
arrive destination: True ,out of road:False   Total T: 218584 Episode Num: 538 Episode T: 476 Reward: 478.638 Cost: 0.000
arrive destination: True ,out of road:False   Total T: 218994 Episode Num: 539 Episode T: 410 Reward: 366.960 Cost: 4.000
arrive destination: True ,out of road:False   Total T: 219419 Episode Num: 540 Episode T: 425 Reward: 405.075 Cost: 17.000
arrive destination: True ,out of road:False   Total T: 219796 Episode Num: 541 Episode T: 377 Reward: 402.301 Cost: 0.000
---------------------------------------
Evaluation over 20 episodes: 0.550 Cost 8.750.             SafeRL used : use_epo
---------------------------------------
[34;1m
Time: 2026-06-29 18:10:32, Time spent from previous logger: 172.637 s[0m
[34;1mCustomLogger with fileds: ['total_steps', 'EpRet', 'EpCost', 'CostRate'][0m
[34;1mfieldvalues: [220000, 0.55, 8.75, 0.01605007295487707]
[0m
arrive destination: True ,out of road:False   Total T: 220201 Episode Num: 542 Episode T: 405 Reward: 468.742 Cost: 1.000
arrive destination: False ,out of road:False   Total T: 221201 Episode Num: 543 Episode T: 1000 Reward: 275.375 Cost: 9.000
arrive destination: False ,out of road:True   Total T: 221408 Episode Num: 544 Episode T: 207 Reward: 175.989 Cost: 16.000
arrive destination: False ,out of road:False   Total T: 222408 Episode Num: 545 Episode T: 1000 Reward: 112.754 Cost: 0.000
arrive destination: True ,out of road:False   Total T: 222829 Episode Num: 546 Episode T: 421 Reward: 395.599 Cost: 15.000
arrive destination: True ,out of road:False   Total T: 223283 Episode Num: 547 Episode T: 454 Reward: 474.099 Cost: 21.000
arrive destination: False ,out of road:False   Total T: 224283 Episode Num: 548 Episode T: 1000 Reward: 235.993 Cost: 7.000
arrive destination: False ,out of road:False   Total T: 225283 Episode Num: 549 Episode T: 1000 Reward: 280.936 Cost: 19.000
arrive destination: True ,out of road:False   Total T: 225932 Episode Num: 550 Episode T: 649 Reward: 288.476 Cost: 32.000
arrive destination: True ,out of road:False   Total T: 226255 Episode Num: 551 Episode T: 323 Reward: 294.689 Cost: 2.000
arrive destination: True ,out of road:False   Total T: 226638 Episode Num: 552 Episode T: 383 Reward: 404.235 Cost: 0.000
arrive destination: False ,out of road:True   Total T: 226896 Episode Num: 553 Episode T: 258 Reward: 203.287 Cost: 11.000
arrive destination: False ,out of road:True   Total T: 227306 Episode Num: 554 Episode T: 410 Reward: 343.349 Cost: 7.000
arrive destination: True ,out of road:False   Total T: 227788 Episode Num: 555 Episode T: 482 Reward: 396.917 Cost: 9.000
arrive destination: True ,out of road:False   Total T: 228124 Episode Num: 556 Episode T: 336 Reward: 294.557 Cost: 10.000
arrive destination: True ,out of road:False   Total T: 228465 Episode Num: 557 Episode T: 341 Reward: 273.735 Cost: 5.000
arrive destination: False ,out of road:True   Total T: 228570 Episode Num: 558 Episode T: 105 Reward: 91.214 Cost: 4.000
arrive destination: False ,out of road:True   Total T: 228729 Episode Num: 559 Episode T: 159 Reward: 165.022 Cost: 3.000
arrive destination: True ,out of road:False   Total T: 229070 Episode Num: 560 Episode T: 341 Reward: 294.424 Cost: 10.000
arrive destination: True ,out of road:False   Total T: 229508 Episode Num: 561 Episode T: 438 Reward: 368.726 Cost: 4.000
arrive destination: False ,out of road:True   Total T: 229674 Episode Num: 562 Episode T: 166 Reward: 165.115 Cost: 3.000
---------------------------------------
Evaluation over 20 episodes: 0.550 Cost 7.350.             SafeRL used : use_epo
---------------------------------------
[34;1m
Time: 2026-06-29 18:13:10, Time spent from previous logger: 157.235 s[0m
[34;1mCustomLogger with fileds: ['total_steps', 'EpRet', 'EpCost', 'CostRate'][0m
[34;1mfieldvalues: [230000, 0.55, 7.35, 0.016173983365145066]
[0m
arrive destination: True ,out of road:False   Total T: 230258 Episode Num: 563 Episode T: 584 Reward: 553.209 Cost: 3.000
arrive destination: True ,out of road:False   Total T: 230583 Episode Num: 564 Episode T: 325 Reward: 274.553 Cost: 2.000
arrive destination: True ,out of road:False   Total T: 231028 Episode Num: 565 Episode T: 445 Reward: 378.647 Cost: 3.000
arrive destination: True ,out of road:False   Total T: 231468 Episode Num: 566 Episode T: 440 Reward: 377.094 Cost: 5.000
arrive destination: False ,out of road:True   Total T: 231544 Episode Num: 567 Episode T: 76 Reward: 49.192 Cost: 1.000
arrive destination: False ,out of road:True   Total T: 231701 Episode Num: 568 Episode T: 157 Reward: 165.180 Cost: 4.000
arrive destination: False ,out of road:True   Total T: 231800 Episode Num: 569 Episode T: 99 Reward: 77.687 Cost: 4.000
arrive destination: True ,out of road:False   Total T: 232341 Episode Num: 570 Episode T: 541 Reward: 500.344 Cost: 26.000
arrive destination: True ,out of road:False   Total T: 232624 Episode Num: 571 Episode T: 283 Reward: 273.243 Cost: 4.000
arrive destination: True ,out of road:False   Total T: 232980 Episode Num: 572 Episode T: 356 Reward: 399.471 Cost: 19.000
arrive destination: False ,out of road:True   Total T: 233185 Episode Num: 573 Episode T: 205 Reward: 213.470 Cost: 10.000
arrive destination: True ,out of road:False   Total T: 233534 Episode Num: 574 Episode T: 349 Reward: 294.489 Cost: 7.000
arrive destination: True ,out of road:False   Total T: 233940 Episode Num: 575 Episode T: 406 Reward: 365.279 Cost: 0.000
arrive destination: True ,out of road:False   Total T: 234209 Episode Num: 576 Episode T: 269 Reward: 276.369 Cost: 3.000
arrive destination: True ,out of road:False   Total T: 234486 Episode Num: 577 Episode T: 277 Reward: 278.384 Cost: 5.000
arrive destination: False ,out of road:True   Total T: 234659 Episode Num: 578 Episode T: 173 Reward: 122.173 Cost: 2.000
arrive destination: True ,out of road:False   Total T: 235185 Episode Num: 579 Episode T: 526 Reward: 370.421 Cost: 10.000
arrive destination: True ,out of road:False   Total T: 235648 Episode Num: 580 Episode T: 463 Reward: 377.618 Cost: 7.000
arrive destination: False ,out of road:True   Total T: 235748 Episode Num: 581 Episode T: 100 Reward: 77.375 Cost: 6.000
arrive destination: False ,out of road:True   Total T: 235906 Episode Num: 582 Episode T: 158 Reward: 129.049 Cost: 1.000
arrive destination: True ,out of road:False   Total T: 236157 Episode Num: 583 Episode T: 251 Reward: 233.976 Cost: 0.000
arrive destination: True ,out of road:False   Total T: 236570 Episode Num: 584 Episode T: 413 Reward: 371.019 Cost: 0.000
arrive destination: True ,out of road:False   Total T: 237165 Episode Num: 585 Episode T: 595 Reward: 498.626 Cost: 32.000
arrive destination: False ,out of road:True   Total T: 237377 Episode Num: 586 Episode T: 212 Reward: 234.051 Cost: 2.000
arrive destination: False ,out of road:True   Total T: 238009 Episode Num: 587 Episode T: 632 Reward: 339.799 Cost: 18.000
arrive destination: False ,out of road:True   Total T: 238309 Episode Num: 588 Episode T: 300 Reward: 224.541 Cost: 3.000
arrive destination: True ,out of road:False   Total T: 238587 Episode Num: 589 Episode T: 278 Reward: 276.679 Cost: 5.000
arrive destination: False ,out of road:True   Total T: 238695 Episode Num: 590 Episode T: 108 Reward: 71.974 Cost: 5.000
arrive destination: True ,out of road:False   Total T: 239007 Episode Num: 591 Episode T: 312 Reward: 274.175 Cost: 6.000
arrive destination: False ,out of road:True   Total T: 239287 Episode Num: 592 Episode T: 280 Reward: 275.509 Cost: 8.000
arrive destination: False ,out of road:True   Total T: 239560 Episode Num: 593 Episode T: 273 Reward: 198.010 Cost: 4.000
arrive destination: False ,out of road:True   Total T: 239755 Episode Num: 594 Episode T: 195 Reward: 184.996 Cost: 2.000
---------------------------------------
Evaluation over 20 episodes: 0.500 Cost 7.750.             SafeRL used : use_epo
---------------------------------------
[34;1m
Time: 2026-06-29 18:15:59, Time spent from previous logger: 169.063 s[0m
[34;1mCustomLogger with fileds: ['total_steps', 'EpRet', 'EpCost', 'CostRate'][0m
[34;1mfieldvalues: [240000, 0.5, 7.75, 0.016400068333618057]
[0m
arrive destination: True ,out of road:False   Total T: 240349 Episode Num: 595 Episode T: 594 Reward: 542.465 Cost: 16.000
arrive destination: True ,out of road:False   Total T: 240778 Episode Num: 596 Episode T: 429 Reward: 384.623 Cost: 16.000
arrive destination: True ,out of road:False   Total T: 241136 Episode Num: 597 Episode T: 358 Reward: 294.361 Cost: 2.000
arrive destination: True ,out of road:False   Total T: 241444 Episode Num: 598 Episode T: 308 Reward: 274.075 Cost: 3.000
arrive destination: False ,out of road:True   Total T: 241667 Episode Num: 599 Episode T: 223 Reward: 232.014 Cost: 6.000
arrive destination: True ,out of road:False   Total T: 241984 Episode Num: 600 Episode T: 317 Reward: 294.450 Cost: 2.000
arrive destination: True ,out of road:False   Total T: 242239 Episode Num: 601 Episode T: 255 Reward: 271.988 Cost: 2.000
arrive destination: True ,out of road:False   Total T: 242516 Episode Num: 602 Episode T: 277 Reward: 295.199 Cost: 17.000
arrive destination: False ,out of road:True   Total T: 242626 Episode Num: 603 Episode T: 110 Reward: 69.626 Cost: 10.000
arrive destination: True ,out of road:False   Total T: 242823 Episode Num: 604 Episode T: 197 Reward: 269.217 Cost: 0.000
arrive destination: False ,out of road:True   Total T: 242982 Episode Num: 605 Episode T: 159 Reward: 164.980 Cost: 6.000
arrive destination: True ,out of road:False   Total T: 243244 Episode Num: 606 Episode T: 262 Reward: 296.001 Cost: 14.000
arrive destination: False ,out of road:True   Total T: 243723 Episode Num: 607 Episode T: 479 Reward: 212.300 Cost: 20.000
arrive destination: True ,out of road:False   Total T: 243927 Episode Num: 608 Episode T: 204 Reward: 269.645 Cost: 0.000
arrive destination: True ,out of road:False   Total T: 244380 Episode Num: 609 Episode T: 453 Reward: 378.746 Cost: 16.000
arrive destination: True ,out of road:False   Total T: 244672 Episode Num: 610 Episode T: 292 Reward: 270.644 Cost: 11.000
arrive destination: True ,out of road:False   Total T: 244923 Episode Num: 611 Episode T: 251 Reward: 271.353 Cost: 4.000
arrive destination: True ,out of road:False   Total T: 245448 Episode Num: 612 Episode T: 525 Reward: 473.459 Cost: 4.000
arrive destination: True ,out of road:False   Total T: 245649 Episode Num: 613 Episode T: 201 Reward: 269.383 Cost: 0.000
arrive destination: True ,out of road:False   Total T: 245933 Episode Num: 614 Episode T: 284 Reward: 287.445 Cost: 1.000
arrive destination: True ,out of road:False   Total T: 246427 Episode Num: 615 Episode T: 494 Reward: 480.846 Cost: 4.000
arrive destination: False ,out of road:True   Total T: 246505 Episode Num: 616 Episode T: 78 Reward: 52.889 Cost: 1.000
arrive destination: True ,out of road:False   Total T: 246876 Episode Num: 617 Episode T: 371 Reward: 265.702 Cost: 4.000
arrive destination: False ,out of road:True   Total T: 246976 Episode Num: 618 Episode T: 100 Reward: 81.649 Cost: 2.000
arrive destination: False ,out of road:True   Total T: 247137 Episode Num: 619 Episode T: 161 Reward: 165.016 Cost: 5.000
arrive destination: True ,out of road:False   Total T: 247524 Episode Num: 620 Episode T: 387 Reward: 401.057 Cost: 3.000
arrive destination: True ,out of road:False   Total T: 248104 Episode Num: 621 Episode T: 580 Reward: 460.578 Cost: 4.000
arrive destination: True ,out of road:False   Total T: 248375 Episode Num: 622 Episode T: 271 Reward: 272.700 Cost: 1.000
arrive destination: False ,out of road:True   Total T: 248830 Episode Num: 623 Episode T: 455 Reward: 394.932 Cost: 10.000
arrive destination: True ,out of road:False   Total T: 249364 Episode Num: 624 Episode T: 534 Reward: 406.241 Cost: 6.000
arrive destination: True ,out of road:False   Total T: 249664 Episode Num: 625 Episode T: 300 Reward: 295.986 Cost: 0.000
arrive destination: False ,out of road:True   Total T: 249764 Episode Num: 626 Episode T: 100 Reward: 81.375 Cost: 1.000
---------------------------------------
Evaluation over 20 episodes: 0.550 Cost 11.150.             SafeRL used : use_epo
---------------------------------------
[34;1m
Time: 2026-06-29 18:18:53, Time spent from previous logger: 173.999 s[0m
[34;1mCustomLogger with fileds: ['total_steps', 'EpRet', 'EpCost', 'CostRate'][0m
[34;1mfieldvalues: [250000, 0.55, 11.15, 0.016468065872263488]
[0m
arrive destination: True ,out of road:False   Total T: 250324 Episode Num: 627 Episode T: 560 Reward: 464.112 Cost: 1.000
arrive destination: True ,out of road:False   Total T: 250764 Episode Num: 628 Episode T: 440 Reward: 383.073 Cost: 2.000
arrive destination: True ,out of road:False   Total T: 251069 Episode Num: 629 Episode T: 305 Reward: 266.172 Cost: 2.000
arrive destination: True ,out of road:False   Total T: 251325 Episode Num: 630 Episode T: 256 Reward: 272.672 Cost: 0.000
arrive destination: True ,out of road:False   Total T: 251526 Episode Num: 631 Episode T: 201 Reward: 269.557 Cost: 0.000
arrive destination: True ,out of road:False   Total T: 251831 Episode Num: 632 Episode T: 305 Reward: 287.034 Cost: 3.000
arrive destination: False ,out of road:False   Total T: 252831 Episode Num: 633 Episode T: 1000 Reward: 122.914 Cost: 1.000
arrive destination: True ,out of road:False   Total T: 253293 Episode Num: 634 Episode T: 462 Reward: 384.659 Cost: 11.000
arrive destination: False ,out of road:True   Total T: 253566 Episode Num: 635 Episode T: 273 Reward: 225.299 Cost: 5.000
arrive destination: False ,out of road:False   Total T: 254566 Episode Num: 636 Episode T: 1000 Reward: 142.924 Cost: 18.000
arrive destination: True ,out of road:False   Total T: 255032 Episode Num: 637 Episode T: 466 Reward: 399.802 Cost: 36.000
arrive destination: True ,out of road:False   Total T: 255328 Episode Num: 638 Episode T: 296 Reward: 295.659 Cost: 2.000
arrive destination: True ,out of road:False   Total T: 255828 Episode Num: 639 Episode T: 500 Reward: 473.464 Cost: 0.000
arrive destination: True ,out of road:False   Total T: 256312 Episode Num: 640 Episode T: 484 Reward: 387.322 Cost: 5.000
arrive destination: False ,out of road:True   Total T: 256421 Episode Num: 641 Episode T: 109 Reward: 94.370 Cost: 3.000
arrive destination: True ,out of road:False   Total T: 256700 Episode Num: 642 Episode T: 279 Reward: 279.157 Cost: 3.000
arrive destination: True ,out of road:False   Total T: 256955 Episode Num: 643 Episode T: 255 Reward: 279.238 Cost: 0.000
arrive destination: False ,out of road:True   Total T: 257061 Episode Num: 644 Episode T: 106 Reward: 90.894 Cost: 3.000
arrive destination: True ,out of road:False   Total T: 257520 Episode Num: 645 Episode T: 459 Reward: 382.668 Cost: 18.000
arrive destination: True ,out of road:False   Total T: 258007 Episode Num: 646 Episode T: 487 Reward: 412.789 Cost: 24.000
arrive destination: False ,out of road:True   Total T: 258403 Episode Num: 647 Episode T: 396 Reward: 390.495 Cost: 5.000
arrive destination: True ,out of road:False   Total T: 258860 Episode Num: 648 Episode T: 457 Reward: 376.079 Cost: 8.000
arrive destination: True ,out of road:False   Total T: 259121 Episode Num: 649 Episode T: 261 Reward: 234.406 Cost: 1.000
arrive destination: True ,out of road:False   Total T: 259637 Episode Num: 650 Episode T: 516 Reward: 413.167 Cost: 15.000
arrive destination: True ,out of road:False   Total T: 259887 Episode Num: 651 Episode T: 250 Reward: 234.592 Cost: 0.000
---------------------------------------
Evaluation over 20 episodes: 0.650 Cost 6.350.             SafeRL used : use_epo
---------------------------------------
[34;1m
Time: 2026-06-29 18:21:39, Time spent from previous logger: 166.636 s[0m
[34;1mCustomLogger with fileds: ['total_steps', 'EpRet', 'EpCost', 'CostRate'][0m
[34;1mfieldvalues: [260000, 0.65, 6.35, 0.016476986449947884]
[0m
arrive destination: False ,out of road:True   Total T: 260095 Episode Num: 652 Episode T: 208 Reward: 178.928 Cost: 4.000
arrive destination: False ,out of road:True   Total T: 260250 Episode Num: 653 Episode T: 155 Reward: 167.043 Cost: 4.000
arrive destination: True ,out of road:False   Total T: 260450 Episode Num: 654 Episode T: 200 Reward: 270.015 Cost: 0.000
arrive destination: False ,out of road:True   Total T: 260555 Episode Num: 655 Episode T: 105 Reward: 100.078 Cost: 3.000
arrive destination: True ,out of road:False   Total T: 261063 Episode Num: 656 Episode T: 508 Reward: 478.858 Cost: 0.000
arrive destination: False ,out of road:True   Total T: 261273 Episode Num: 657 Episode T: 210 Reward: 222.634 Cost: 6.000
arrive destination: True ,out of road:False   Total T: 261720 Episode Num: 658 Episode T: 447 Reward: 396.908 Cost: 21.000
arrive destination: True ,out of road:False   Total T: 262103 Episode Num: 659 Episode T: 383 Reward: 402.269 Cost: 0.000
arrive destination: False ,out of road:True   Total T: 262347 Episode Num: 660 Episode T: 244 Reward: 228.637 Cost: 15.000
arrive destination: False ,out of road:True   Total T: 262500 Episode Num: 661 Episode T: 153 Reward: 124.935 Cost: 1.000
arrive destination: False ,out of road:True   Total T: 262742 Episode Num: 662 Episode T: 242 Reward: 236.518 Cost: 3.000
arrive destination: True ,out of road:False   Total T: 262982 Episode Num: 663 Episode T: 240 Reward: 274.453 Cost: 0.000
arrive destination: False ,out of road:True   Total T: 263394 Episode Num: 664 Episode T: 412 Reward: 213.225 Cost: 19.000
arrive destination: True ,out of road:False   Total T: 263727 Episode Num: 665 Episode T: 333 Reward: 269.871 Cost: 4.000
arrive destination: True ,out of road:False   Total T: 264031 Episode Num: 666 Episode T: 304 Reward: 271.140 Cost: 1.000
arrive destination: True ,out of road:False   Total T: 264236 Episode Num: 667 Episode T: 205 Reward: 270.077 Cost: 0.000
arrive destination: False ,out of road:True   Total T: 264540 Episode Num: 668 Episode T: 304 Reward: 266.919 Cost: 6.000
arrive destination: False ,out of road:True   Total T: 264758 Episode Num: 669 Episode T: 218 Reward: 233.781 Cost: 4.000
arrive destination: True ,out of road:False   Total T: 265195 Episode Num: 670 Episode T: 437 Reward: 384.885 Cost: 8.000
arrive destination: False ,out of road:True   Total T: 265393 Episode Num: 671 Episode T: 198 Reward: 182.550 Cost: 1.000
arrive destination: True ,out of road:False   Total T: 265911 Episode Num: 672 Episode T: 518 Reward: 478.889 Cost: 4.000
arrive destination: True ,out of road:False   Total T: 266271 Episode Num: 673 Episode T: 360 Reward: 269.027 Cost: 0.000
arrive destination: True ,out of road:False   Total T: 266546 Episode Num: 674 Episode T: 275 Reward: 295.254 Cost: 3.000
arrive destination: False ,out of road:True   Total T: 266676 Episode Num: 675 Episode T: 130 Reward: 133.733 Cost: 1.000
arrive destination: True ,out of road:False   Total T: 267017 Episode Num: 676 Episode T: 341 Reward: 294.056 Cost: 5.000
arrive destination: True ,out of road:False   Total T: 267255 Episode Num: 677 Episode T: 238 Reward: 271.537 Cost: 3.000
arrive destination: True ,out of road:False   Total T: 267619 Episode Num: 678 Episode T: 364 Reward: 399.098 Cost: 0.000
arrive destination: True ,out of road:False   Total T: 267817 Episode Num: 679 Episode T: 198 Reward: 269.909 Cost: 0.000
arrive destination: True ,out of road:False   Total T: 268245 Episode Num: 680 Episode T: 428 Reward: 412.509 Cost: 16.000
arrive destination: True ,out of road:False   Total T: 268588 Episode Num: 681 Episode T: 343 Reward: 272.657 Cost: 13.000
arrive destination: True ,out of road:False   Total T: 268964 Episode Num: 682 Episode T: 376 Reward: 267.138 Cost: 0.000
arrive destination: True ,out of road:False   Total T: 269467 Episode Num: 683 Episode T: 503 Reward: 335.916 Cost: 8.000
arrive destination: False ,out of road:True   Total T: 269673 Episode Num: 684 Episode T: 206 Reward: 218.893 Cost: 3.000
arrive destination: False ,out of road:True   Total T: 269907 Episode Num: 685 Episode T: 234 Reward: 228.253 Cost: 8.000
---------------------------------------
Evaluation over 20 episodes: 0.750 Cost 9.300.             SafeRL used : use_epo
---------------------------------------
[34;1m
Time: 2026-06-29 18:24:39, Time spent from previous logger: 179.278 s[0m
[34;1mCustomLogger with fileds: ['total_steps', 'EpRet', 'EpCost', 'CostRate'][0m
[34;1mfieldvalues: [270000, 0.75, 9.3, 0.01646672765454687]
[0m
arrive destination: True ,out of road:False   Total T: 270503 Episode Num: 686 Episode T: 596 Reward: 549.147 Cost: 0.000
arrive destination: True ,out of road:False   Total T: 270706 Episode Num: 687 Episode T: 203 Reward: 269.682 Cost: 0.000
arrive destination: False ,out of road:True   Total T: 270784 Episode Num: 688 Episode T: 78 Reward: 52.777 Cost: 1.000
arrive destination: True ,out of road:False   Total T: 271049 Episode Num: 689 Episode T: 265 Reward: 234.616 Cost: 3.000
arrive destination: True ,out of road:False   Total T: 271518 Episode Num: 690 Episode T: 469 Reward: 398.953 Cost: 17.000
arrive destination: True ,out of road:False   Total T: 272051 Episode Num: 691 Episode T: 533 Reward: 335.785 Cost: 13.000
arrive destination: False ,out of road:True   Total T: 272350 Episode Num: 692 Episode T: 299 Reward: 243.941 Cost: 5.000
arrive destination: True ,out of road:False   Total T: 272679 Episode Num: 693 Episode T: 329 Reward: 268.684 Cost: 2.000
arrive destination: True ,out of road:False   Total T: 273037 Episode Num: 694 Episode T: 358 Reward: 404.367 Cost: 0.000
arrive destination: True ,out of road:False   Total T: 273445 Episode Num: 695 Episode T: 408 Reward: 387.606 Cost: 7.000
arrive destination: True ,out of road:False   Total T: 273639 Episode Num: 696 Episode T: 194 Reward: 268.900 Cost: 1.000
arrive destination: False ,out of road:True   Total T: 273744 Episode Num: 697 Episode T: 105 Reward: 77.252 Cost: 5.000
arrive destination: True ,out of road:False   Total T: 274151 Episode Num: 698 Episode T: 407 Reward: 380.222 Cost: 0.000
arrive destination: True ,out of road:False   Total T: 274655 Episode Num: 699 Episode T: 504 Reward: 460.344 Cost: 11.000
arrive destination: False ,out of road:True   Total T: 274816 Episode Num: 700 Episode T: 161 Reward: 165.416 Cost: 7.000
arrive destination: True ,out of road:False   Total T: 275012 Episode Num: 701 Episode T: 196 Reward: 269.644 Cost: 0.000
arrive destination: True ,out of road:False   Total T: 275752 Episode Num: 702 Episode T: 740 Reward: 417.678 Cost: 16.000
arrive destination: True ,out of road:False   Total T: 276017 Episode Num: 703 Episode T: 265 Reward: 295.241 Cost: 1.000
arrive destination: True ,out of road:False   Total T: 276464 Episode Num: 704 Episode T: 447 Reward: 398.764 Cost: 3.000
arrive destination: True ,out of road:False   Total T: 277029 Episode Num: 705 Episode T: 565 Reward: 468.655 Cost: 0.000
arrive destination: True ,out of road:False   Total T: 277309 Episode Num: 706 Episode T: 280 Reward: 269.564 Cost: 7.000
arrive destination: True ,out of road:False   Total T: 277593 Episode Num: 707 Episode T: 284 Reward: 289.295 Cost: 5.000
arrive destination: False ,out of road:True   Total T: 277920 Episode Num: 708 Episode T: 327 Reward: 359.385 Cost: 2.000
arrive destination: True ,out of road:False   Total T: 278286 Episode Num: 709 Episode T: 366 Reward: 336.065 Cost: 14.000
arrive destination: True ,out of road:False   Total T: 278792 Episode Num: 710 Episode T: 506 Reward: 369.392 Cost: 5.000
arrive destination: False ,out of road:True   Total T: 279022 Episode Num: 711 Episode T: 230 Reward: 191.936 Cost: 1.000
arrive destination: True ,out of road:False   Total T: 279358 Episode Num: 712 Episode T: 336 Reward: 288.458 Cost: 3.000
arrive destination: True ,out of road:False   Total T: 279838 Episode Num: 713 Episode T: 480 Reward: 375.270 Cost: 15.000
---------------------------------------
Evaluation over 20 episodes: 0.800 Cost 6.950.             SafeRL used : use_epo
---------------------------------------
[34;1m
Time: 2026-06-29 18:27:32, Time spent from previous logger: 173.088 s[0m
[34;1mCustomLogger with fileds: ['total_steps', 'EpRet', 'EpCost', 'CostRate'][0m
[34;1mfieldvalues: [280000, 0.8, 6.95, 0.016403630012964333]
[0m
arrive destination: True ,out of road:False   Total T: 280250 Episode Num: 714 Episode T: 412 Reward: 457.144 Cost: 4.000
arrive destination: True ,out of road:False   Total T: 280753 Episode Num: 715 Episode T: 503 Reward: 408.692 Cost: 19.000
arrive destination: True ,out of road:False   Total T: 281036 Episode Num: 716 Episode T: 283 Reward: 266.376 Cost: 0.000
arrive destination: True ,out of road:False   Total T: 281377 Episode Num: 717 Episode T: 341 Reward: 267.465 Cost: 0.000
arrive destination: True ,out of road:False   Total T: 281666 Episode Num: 718 Episode T: 289 Reward: 280.077 Cost: 9.000
arrive destination: False ,out of road:True   Total T: 281748 Episode Num: 719 Episode T: 82 Reward: 57.849 Cost: 1.000
arrive destination: True ,out of road:False   Total T: 282183 Episode Num: 720 Episode T: 435 Reward: 396.947 Cost: 8.000
arrive destination: True ,out of road:False   Total T: 282453 Episode Num: 721 Episode T: 270 Reward: 295.358 Cost: 3.000
arrive destination: True ,out of road:False   Total T: 282923 Episode Num: 722 Episode T: 470 Reward: 415.873 Cost: 13.000
arrive destination: True ,out of road:False   Total T: 283330 Episode Num: 723 Episode T: 407 Reward: 377.418 Cost: 5.000
arrive destination: False ,out of road:True   Total T: 283490 Episode Num: 724 Episode T: 160 Reward: 165.001 Cost: 4.000
arrive destination: True ,out of road:False   Total T: 283865 Episode Num: 725 Episode T: 375 Reward: 403.477 Cost: 0.000
arrive destination: True ,out of road:False   Total T: 284111 Episode Num: 726 Episode T: 246 Reward: 273.931 Cost: 0.000
arrive destination: True ,out of road:False   Total T: 284364 Episode Num: 727 Episode T: 253 Reward: 278.176 Cost: 8.000
arrive destination: False ,out of road:True   Total T: 284582 Episode Num: 728 Episode T: 218 Reward: 233.042 Cost: 2.000
arrive destination: True ,out of road:False   Total T: 284836 Episode Num: 729 Episode T: 254 Reward: 287.679 Cost: 6.000
arrive destination: True ,out of road:False   Total T: 285075 Episode Num: 730 Episode T: 239 Reward: 288.364 Cost: 5.000
arrive destination: True ,out of road:False   Total T: 285558 Episode Num: 731 Episode T: 483 Reward: 381.812 Cost: 4.000
arrive destination: True ,out of road:False   Total T: 285809 Episode Num: 732 Episode T: 251 Reward: 276.292 Cost: 5.000
arrive destination: True ,out of road:False   Total T: 286222 Episode Num: 733 Episode T: 413 Reward: 373.401 Cost: 12.000
arrive destination: False ,out of road:True   Total T: 286480 Episode Num: 734 Episode T: 258 Reward: 205.519 Cost: 16.000
arrive destination: False ,out of road:True   Total T: 286590 Episode Num: 735 Episode T: 110 Reward: 102.444 Cost: 1.000
arrive destination: True ,out of road:False   Total T: 286839 Episode Num: 736 Episode T: 249 Reward: 271.715 Cost: 1.000
arrive destination: True ,out of road:False   Total T: 287305 Episode Num: 737 Episode T: 466 Reward: 335.883 Cost: 14.000
arrive destination: False ,out of road:True   Total T: 287525 Episode Num: 738 Episode T: 220 Reward: 169.360 Cost: 1.000
arrive destination: True ,out of road:False   Total T: 287804 Episode Num: 739 Episode T: 279 Reward: 270.937 Cost: 0.000
arrive destination: True ,out of road:False   Total T: 288088 Episode Num: 740 Episode T: 284 Reward: 294.623 Cost: 6.000
arrive destination: True ,out of road:False   Total T: 288687 Episode Num: 741 Episode T: 599 Reward: 492.012 Cost: 13.000
arrive destination: False ,out of road:True   Total T: 288844 Episode Num: 742 Episode T: 157 Reward: 141.441 Cost: 3.000
arrive destination: True ,out of road:False   Total T: 289319 Episode Num: 743 Episode T: 475 Reward: 459.639 Cost: 3.000
arrive destination: True ,out of road:False   Total T: 289596 Episode Num: 744 Episode T: 277 Reward: 294.199 Cost: 8.000
arrive destination: True ,out of road:False   Total T: 289854 Episode Num: 745 Episode T: 258 Reward: 288.678 Cost: 5.000
---------------------------------------
Evaluation over 20 episodes: 0.700 Cost 5.500.             SafeRL used : use_epo
---------------------------------------
[34;1m
Time: 2026-06-29 18:30:21, Time spent from previous logger: 169.107 s[0m
[34;1mCustomLogger with fileds: ['total_steps', 'EpRet', 'EpCost', 'CostRate'][0m
[34;1mfieldvalues: [290000, 0.7, 5.5, 0.016444884292704458]
[0m
arrive destination: False ,out of road:True   Total T: 290100 Episode Num: 746 Episode T: 246 Reward: 219.219 Cost: 3.000
arrive destination: True ,out of road:False   Total T: 290595 Episode Num: 747 Episode T: 495 Reward: 382.364 Cost: 5.000
arrive destination: False ,out of road:True   Total T: 290698 Episode Num: 748 Episode T: 103 Reward: 88.462 Cost: 1.000
arrive destination: True ,out of road:False   Total T: 291136 Episode Num: 749 Episode T: 438 Reward: 398.905 Cost: 18.000
arrive destination: False ,out of road:True   Total T: 291626 Episode Num: 750 Episode T: 490 Reward: 326.903 Cost: 13.000
arrive destination: False ,out of road:True   Total T: 291832 Episode Num: 751 Episode T: 206 Reward: 203.458 Cost: 1.000
arrive destination: True ,out of road:False   Total T: 292326 Episode Num: 752 Episode T: 494 Reward: 400.164 Cost: 9.000
arrive destination: True ,out of road:False   Total T: 292813 Episode Num: 753 Episode T: 487 Reward: 479.145 Cost: 1.000
arrive destination: True ,out of road:False   Total T: 293104 Episode Num: 754 Episode T: 291 Reward: 287.973 Cost: 5.000
arrive destination: True ,out of road:False   Total T: 293350 Episode Num: 755 Episode T: 246 Reward: 276.538 Cost: 0.000
arrive destination: False ,out of road:True   Total T: 293484 Episode Num: 756 Episode T: 134 Reward: 111.342 Cost: 1.000
arrive destination: True ,out of road:False   Total T: 293906 Episode Num: 757 Episode T: 422 Reward: 380.454 Cost: 7.000
arrive destination: False ,out of road:False   Total T: 294906 Episode Num: 758 Episode T: 1000 Reward: 165.719 Cost: 5.000
arrive destination: True ,out of road:False   Total T: 295439 Episode Num: 759 Episode T: 533 Reward: 407.360 Cost: 11.000
arrive destination: True ,out of road:False   Total T: 295635 Episode Num: 760 Episode T: 196 Reward: 269.726 Cost: 0.000
arrive destination: False ,out of road:True   Total T: 296061 Episode Num: 761 Episode T: 426 Reward: 341.019 Cost: 16.000
arrive destination: True ,out of road:False   Total T: 296308 Episode Num: 762 Episode T: 247 Reward: 277.427 Cost: 0.000
arrive destination: True ,out of road:False   Total T: 296671 Episode Num: 763 Episode T: 363 Reward: 402.829 Cost: 0.000
arrive destination: True ,out of road:False   Total T: 297233 Episode Num: 764 Episode T: 562 Reward: 492.895 Cost: 12.000
arrive destination: True ,out of road:False   Total T: 297814 Episode Num: 765 Episode T: 581 Reward: 490.823 Cost: 15.000
arrive destination: True ,out of road:False   Total T: 298320 Episode Num: 766 Episode T: 506 Reward: 391.271 Cost: 28.000
arrive destination: True ,out of road:False   Total T: 298565 Episode Num: 767 Episode T: 245 Reward: 278.688 Cost: 1.000
arrive destination: False ,out of road:True   Total T: 298781 Episode Num: 768 Episode T: 216 Reward: 192.166 Cost: 4.000
arrive destination: True ,out of road:False   Total T: 299138 Episode Num: 769 Episode T: 357 Reward: 400.396 Cost: 0.000
arrive destination: False ,out of road:True   Total T: 299422 Episode Num: 770 Episode T: 284 Reward: 199.582 Cost: 6.000
arrive destination: True ,out of road:False   Total T: 299694 Episode Num: 771 Episode T: 272 Reward: 295.904 Cost: 2.000
arrive destination: True ,out of road:False   Total T: 299951 Episode Num: 772 Episode T: 257 Reward: 271.650 Cost: 2.000
---------------------------------------
Evaluation over 20 episodes: 0.450 Cost 6.250.             SafeRL used : use_epo
---------------------------------------
[34;1m
Time: 2026-06-29 18:33:05, Time spent from previous logger: 164.420 s[0m
[34;1mCustomLogger with fileds: ['total_steps', 'EpRet', 'EpCost', 'CostRate'][0m
[34;1mfieldvalues: [300000, 0.45, 6.25, 0.016450054833516112]
[0m
arrive destination: True ,out of road:False   Total T: 300503 Episode Num: 773 Episode T: 552 Reward: 421.472 Cost: 12.000
arrive destination: False ,out of road:True   Total T: 300611 Episode Num: 774 Episode T: 108 Reward: 75.360 Cost: 5.000
arrive destination: True ,out of road:False   Total T: 301087 Episode Num: 775 Episode T: 476 Reward: 382.453 Cost: 3.000
arrive destination: True ,out of road:False   Total T: 301470 Episode Num: 776 Episode T: 383 Reward: 406.215 Cost: 0.000
arrive destination: True ,out of road:False   Total T: 301796 Episode Num: 777 Episode T: 326 Reward: 270.513 Cost: 0.000
arrive destination: True ,out of road:False   Total T: 301992 Episode Num: 778 Episode T: 196 Reward: 269.985 Cost: 0.000
arrive destination: False ,out of road:True   Total T: 302119 Episode Num: 779 Episode T: 127 Reward: 130.408 Cost: 1.000
arrive destination: True ,out of road:False   Total T: 302562 Episode Num: 780 Episode T: 443 Reward: 361.616 Cost: 0.000
arrive destination: True ,out of road:False   Total T: 303025 Episode Num: 781 Episode T: 463 Reward: 384.763 Cost: 3.000
arrive destination: True ,out of road:False   Total T: 303437 Episode Num: 782 Episode T: 412 Reward: 363.252 Cost: 3.000
arrive destination: False ,out of road:True   Total T: 303650 Episode Num: 783 Episode T: 213 Reward: 231.956 Cost: 2.000
arrive destination: False ,out of road:True   Total T: 303751 Episode Num: 784 Episode T: 101 Reward: 77.609 Cost: 4.000
arrive destination: True ,out of road:False   Total T: 304173 Episode Num: 785 Episode T: 422 Reward: 363.967 Cost: 1.000
arrive destination: True ,out of road:False   Total T: 304646 Episode Num: 786 Episode T: 473 Reward: 335.722 Cost: 10.000
arrive destination: True ,out of road:False   Total T: 305009 Episode Num: 787 Episode T: 363 Reward: 381.379 Cost: 6.000
arrive destination: False ,out of road:True   Total T: 305090 Episode Num: 788 Episode T: 81 Reward: 57.712 Cost: 1.000
arrive destination: True ,out of road:False   Total T: 305341 Episode Num: 789 Episode T: 251 Reward: 269.466 Cost: 4.000
arrive destination: True ,out of road:False   Total T: 305536 Episode Num: 790 Episode T: 195 Reward: 269.672 Cost: 0.000
arrive destination: True ,out of road:False   Total T: 305794 Episode Num: 791 Episode T: 258 Reward: 295.769 Cost: 5.000
arrive destination: True ,out of road:False   Total T: 306240 Episode Num: 792 Episode T: 446 Reward: 397.664 Cost: 17.000
arrive destination: True ,out of road:False   Total T: 306564 Episode Num: 793 Episode T: 324 Reward: 265.766 Cost: 4.000
arrive destination: True ,out of road:False   Total T: 307283 Episode Num: 794 Episode T: 719 Reward: 418.766 Cost: 19.000
arrive destination: True ,out of road:False   Total T: 307775 Episode Num: 795 Episode T: 492 Reward: 475.985 Cost: 0.000
arrive destination: True ,out of road:False   Total T: 308125 Episode Num: 796 Episode T: 350 Reward: 273.580 Cost: 8.000
arrive destination: True ,out of road:False   Total T: 308442 Episode Num: 797 Episode T: 317 Reward: 268.953 Cost: 6.000
arrive destination: False ,out of road:True   Total T: 308679 Episode Num: 798 Episode T: 237 Reward: 195.929 Cost: 5.000
arrive destination: True ,out of road:False   Total T: 309015 Episode Num: 799 Episode T: 336 Reward: 294.732 Cost: 9.000
arrive destination: True ,out of road:False   Total T: 309248 Episode Num: 800 Episode T: 233 Reward: 269.877 Cost: 0.000
arrive destination: True ,out of road:False   Total T: 309712 Episode Num: 801 Episode T: 464 Reward: 476.124 Cost: 10.000
---------------------------------------
Evaluation over 20 episodes: 0.700 Cost 5.400.             SafeRL used : use_epo
---------------------------------------
[34;1m
Time: 2026-06-29 18:35:58, Time spent from previous logger: 172.256 s[0m
[34;1mCustomLogger with fileds: ['total_steps', 'EpRet', 'EpCost', 'CostRate'][0m
[34;1mfieldvalues: [310000, 0.7, 5.4, 0.01638069800225162]
[0m
arrive destination: False ,out of road:True   Total T: 310614 Episode Num: 802 Episode T: 902 Reward: 625.265 Cost: 21.000
arrive destination: True ,out of road:False   Total T: 310988 Episode Num: 803 Episode T: 374 Reward: 397.383 Cost: 21.000
arrive destination: True ,out of road:False   Total T: 311428 Episode Num: 804 Episode T: 440 Reward: 335.849 Cost: 18.000
arrive destination: True ,out of road:False   Total T: 311674 Episode Num: 805 Episode T: 246 Reward: 277.662 Cost: 0.000
arrive destination: True ,out of road:False   Total T: 311963 Episode Num: 806 Episode T: 289 Reward: 294.625 Cost: 6.000
arrive destination: True ,out of road:False   Total T: 312230 Episode Num: 807 Episode T: 267 Reward: 295.802 Cost: 3.000
arrive destination: True ,out of road:False   Total T: 312480 Episode Num: 808 Episode T: 250 Reward: 273.166 Cost: 0.000
arrive destination: True ,out of road:False   Total T: 312739 Episode Num: 809 Episode T: 259 Reward: 295.191 Cost: 4.000
arrive destination: False ,out of road:True   Total T: 312943 Episode Num: 810 Episode T: 204 Reward: 217.959 Cost: 14.000
arrive destination: True ,out of road:False   Total T: 313337 Episode Num: 811 Episode T: 394 Reward: 286.910 Cost: 13.000
arrive destination: False ,out of road:True   Total T: 313537 Episode Num: 812 Episode T: 200 Reward: 218.939 Cost: 10.000
arrive destination: True ,out of road:False   Total T: 314034 Episode Num: 813 Episode T: 497 Reward: 473.856 Cost: 0.000
arrive destination: True ,out of road:False   Total T: 314671 Episode Num: 814 Episode T: 637 Reward: 496.541 Cost: 13.000
arrive destination: True ,out of road:False   Total T: 314951 Episode Num: 815 Episode T: 280 Reward: 269.250 Cost: 3.000
arrive destination: True ,out of road:False   Total T: 315327 Episode Num: 816 Episode T: 376 Reward: 399.645 Cost: 17.000
arrive destination: True ,out of road:False   Total T: 315659 Episode Num: 817 Episode T: 332 Reward: 269.701 Cost: 4.000
arrive destination: True ,out of road:False   Total T: 316282 Episode Num: 818 Episode T: 623 Reward: 491.441 Cost: 16.000
arrive destination: True ,out of road:False   Total T: 316480 Episode Num: 819 Episode T: 198 Reward: 269.411 Cost: 0.000
arrive destination: False ,out of road:False   Total T: 317480 Episode Num: 820 Episode T: 1000 Reward: 168.117 Cost: 13.000
arrive destination: True ,out of road:False   Total T: 317705 Episode Num: 821 Episode T: 225 Reward: 269.223 Cost: 6.000
arrive destination: True ,out of road:False   Total T: 318053 Episode Num: 822 Episode T: 348 Reward: 294.592 Cost: 6.000
arrive destination: True ,out of road:False   Total T: 318365 Episode Num: 823 Episode T: 312 Reward: 287.193 Cost: 3.000
arrive destination: True ,out of road:False   Total T: 318598 Episode Num: 824 Episode T: 233 Reward: 296.114 Cost: 0.000
arrive destination: True ,out of road:False   Total T: 318850 Episode Num: 825 Episode T: 252 Reward: 270.903 Cost: 5.000
arrive destination: True ,out of road:False   Total T: 319188 Episode Num: 826 Episode T: 338 Reward: 269.507 Cost: 0.000
arrive destination: True ,out of road:False   Total T: 319670 Episode Num: 827 Episode T: 482 Reward: 460.752 Cost: 10.000
arrive destination: True ,out of road:False   Total T: 319944 Episode Num: 828 Episode T: 274 Reward: 293.911 Cost: 7.000
---------------------------------------
Evaluation over 20 episodes: 0.750 Cost 9.250.             SafeRL used : use_epo
---------------------------------------
[34;1m
Time: 2026-06-29 18:38:50, Time spent from previous logger: 172.680 s[0m
[34;1mCustomLogger with fileds: ['total_steps', 'EpRet', 'EpCost', 'CostRate'][0m
[34;1mfieldvalues: [320000, 0.75, 9.25, 0.016518801621255068]
[0m
arrive destination: True ,out of road:False   Total T: 320469 Episode Num: 829 Episode T: 525 Reward: 410.915 Cost: 0.000
arrive destination: True ,out of road:False   Total T: 320966 Episode Num: 830 Episode T: 497 Reward: 409.022 Cost: 11.000
arrive destination: True ,out of road:False   Total T: 321414 Episode Num: 831 Episode T: 448 Reward: 411.669 Cost: 9.000
arrive destination: True ,out of road:False   Total T: 321610 Episode Num: 832 Episode T: 196 Reward: 270.128 Cost: 2.000
arrive destination: False ,out of road:True   Total T: 321821 Episode Num: 833 Episode T: 211 Reward: 208.289 Cost: 7.000
arrive destination: True ,out of road:False   Total T: 322299 Episode Num: 834 Episode T: 478 Reward: 365.050 Cost: 5.000
arrive destination: True ,out of road:False   Total T: 322576 Episode Num: 835 Episode T: 277 Reward: 285.628 Cost: 6.000
arrive destination: True ,out of road:False   Total T: 323077 Episode Num: 836 Episode T: 501 Reward: 375.993 Cost: 17.000
arrive destination: True ,out of road:False   Total T: 323341 Episode Num: 837 Episode T: 264 Reward: 295.298 Cost: 2.000
arrive destination: False ,out of road:True   Total T: 323588 Episode Num: 838 Episode T: 247 Reward: 249.844 Cost: 3.000
arrive destination: True ,out of road:False   Total T: 323782 Episode Num: 839 Episode T: 194 Reward: 269.726 Cost: 2.000
arrive destination: True ,out of road:False   Total T: 324304 Episode Num: 840 Episode T: 522 Reward: 406.676 Cost: 14.000
arrive destination: True ,out of road:False   Total T: 324773 Episode Num: 841 Episode T: 469 Reward: 365.856 Cost: 9.000
arrive destination: True ,out of road:False   Total T: 325164 Episode Num: 842 Episode T: 391 Reward: 394.037 Cost: 8.000
arrive destination: False ,out of road:True   Total T: 325293 Episode Num: 843 Episode T: 129 Reward: 131.387 Cost: 1.000
arrive destination: True ,out of road:False   Total T: 325491 Episode Num: 844 Episode T: 198 Reward: 269.018 Cost: 0.000
arrive destination: True ,out of road:False   Total T: 325734 Episode Num: 845 Episode T: 243 Reward: 234.523 Cost: 0.000
arrive destination: True ,out of road:False   Total T: 326000 Episode Num: 846 Episode T: 266 Reward: 233.198 Cost: 0.000
arrive destination: True ,out of road:False   Total T: 326275 Episode Num: 847 Episode T: 275 Reward: 271.360 Cost: 8.000
arrive destination: False ,out of road:True   Total T: 326625 Episode Num: 848 Episode T: 350 Reward: 357.819 Cost: 6.000
arrive destination: True ,out of road:False   Total T: 326834 Episode Num: 849 Episode T: 209 Reward: 269.844 Cost: 1.000
arrive destination: False ,out of road:True   Total T: 326967 Episode Num: 850 Episode T: 133 Reward: 132.458 Cost: 1.000
arrive destination: True ,out of road:False   Total T: 327208 Episode Num: 851 Episode T: 241 Reward: 270.341 Cost: 1.000
arrive destination: True ,out of road:False   Total T: 327776 Episode Num: 852 Episode T: 568 Reward: 463.949 Cost: 4.000
arrive destination: True ,out of road:False   Total T: 328257 Episode Num: 853 Episode T: 481 Reward: 375.343 Cost: 37.000
arrive destination: True ,out of road:False   Total T: 328533 Episode Num: 854 Episode T: 276 Reward: 285.640 Cost: 7.000
arrive destination: True ,out of road:False   Total T: 328788 Episode Num: 855 Episode T: 255 Reward: 234.496 Cost: 0.000
arrive destination: True ,out of road:False   Total T: 329050 Episode Num: 856 Episode T: 262 Reward: 271.238 Cost: 1.000
arrive destination: True ,out of road:False   Total T: 329490 Episode Num: 857 Episode T: 440 Reward: 414.340 Cost: 20.000
arrive destination: True ,out of road:False   Total T: 329858 Episode Num: 858 Episode T: 368 Reward: 400.774 Cost: 0.000
---------------------------------------
Evaluation over 20 episodes: 0.650 Cost 12.100.             SafeRL used : use_epo
---------------------------------------
[34;1m
Time: 2026-06-29 18:41:46, Time spent from previous logger: 175.414 s[0m
[34;1mCustomLogger with fileds: ['total_steps', 'EpRet', 'EpCost', 'CostRate'][0m
[34;1mfieldvalues: [330000, 0.65, 12.1, 0.016569747181052065]
[0m
arrive destination: False ,out of road:True   Total T: 330246 Episode Num: 859 Episode T: 388 Reward: 284.487 Cost: 5.000
arrive destination: True ,out of road:False   Total T: 330679 Episode Num: 860 Episode T: 433 Reward: 460.581 Cost: 4.000
arrive destination: True ,out of road:False   Total T: 330941 Episode Num: 861 Episode T: 262 Reward: 273.052 Cost: 1.000
arrive destination: True ,out of road:False   Total T: 331190 Episode Num: 862 Episode T: 249 Reward: 270.705 Cost: 0.000
arrive destination: True ,out of road:False   Total T: 331494 Episode Num: 863 Episode T: 304 Reward: 294.535 Cost: 8.000
arrive destination: True ,out of road:False   Total T: 331742 Episode Num: 864 Episode T: 248 Reward: 274.690 Cost: 0.000
arrive destination: True ,out of road:False   Total T: 332005 Episode Num: 865 Episode T: 263 Reward: 295.831 Cost: 4.000
arrive destination: True ,out of road:False   Total T: 332385 Episode Num: 866 Episode T: 380 Reward: 405.335 Cost: 0.000
arrive destination: True ,out of road:False   Total T: 332765 Episode Num: 867 Episode T: 380 Reward: 381.770 Cost: 2.000
arrive destination: False ,out of road:True   Total T: 332978 Episode Num: 868 Episode T: 213 Reward: 231.913 Cost: 1.000
arrive destination: True ,out of road:False   Total T: 333516 Episode Num: 869 Episode T: 538 Reward: 465.062 Cost: 3.000
arrive destination: True ,out of road:False   Total T: 333910 Episode Num: 870 Episode T: 394 Reward: 364.373 Cost: 6.000
arrive destination: True ,out of road:False   Total T: 334284 Episode Num: 871 Episode T: 374 Reward: 399.596 Cost: 0.000
arrive destination: True ,out of road:False   Total T: 334635 Episode Num: 872 Episode T: 351 Reward: 383.572 Cost: 5.000
arrive destination: False ,out of road:True   Total T: 335128 Episode Num: 873 Episode T: 493 Reward: 360.752 Cost: 16.000
arrive destination: True ,out of road:False   Total T: 335375 Episode Num: 874 Episode T: 247 Reward: 272.719 Cost: 2.000
arrive destination: False ,out of road:True   Total T: 335575 Episode Num: 875 Episode T: 200 Reward: 201.272 Cost: 5.000
arrive destination: True ,out of road:False   Total T: 336077 Episode Num: 876 Episode T: 502 Reward: 474.943 Cost: 2.000
arrive destination: True ,out of road:False   Total T: 336341 Episode Num: 877 Episode T: 264 Reward: 295.296 Cost: 0.000
arrive destination: False ,out of road:True   Total T: 336477 Episode Num: 878 Episode T: 136 Reward: 133.901 Cost: 1.000
arrive destination: True ,out of road:False   Total T: 336728 Episode Num: 879 Episode T: 251 Reward: 287.917 Cost: 8.000
arrive destination: True ,out of road:False   Total T: 336985 Episode Num: 880 Episode T: 257 Reward: 269.984 Cost: 3.000
arrive destination: True ,out of road:False   Total T: 337260 Episode Num: 881 Episode T: 275 Reward: 267.019 Cost: 2.000
arrive destination: True ,out of road:False   Total T: 337605 Episode Num: 882 Episode T: 345 Reward: 384.682 Cost: 12.000
arrive destination: False ,out of road:True   Total T: 337790 Episode Num: 883 Episode T: 185 Reward: 205.299 Cost: 7.000
arrive destination: True ,out of road:False   Total T: 338263 Episode Num: 884 Episode T: 473 Reward: 463.136 Cost: 2.000
arrive destination: True ,out of road:False   Total T: 338677 Episode Num: 885 Episode T: 414 Reward: 380.162 Cost: 12.000
arrive destination: False ,out of road:True   Total T: 338840 Episode Num: 886 Episode T: 163 Reward: 154.920 Cost: 1.000
arrive destination: True ,out of road:False   Total T: 339093 Episode Num: 887 Episode T: 253 Reward: 233.195 Cost: 0.000
arrive destination: True ,out of road:False   Total T: 339372 Episode Num: 888 Episode T: 279 Reward: 267.870 Cost: 1.000
arrive destination: True ,out of road:False   Total T: 339608 Episode Num: 889 Episode T: 236 Reward: 295.383 Cost: 10.000
arrive destination: True ,out of road:False   Total T: 339808 Episode Num: 890 Episode T: 200 Reward: 269.474 Cost: 0.000
---------------------------------------
Evaluation over 20 episodes: 0.400 Cost 8.100.             SafeRL used : use_epo
---------------------------------------
[34;1m
Time: 2026-06-29 18:44:33, Time spent from previous logger: 167.798 s[0m
[34;1mCustomLogger with fileds: ['total_steps', 'EpRet', 'EpCost', 'CostRate'][0m
[34;1mfieldvalues: [340000, 0.4, 8.1, 0.016461813122979774]
[0m
arrive destination: True ,out of road:False   Total T: 340258 Episode Num: 891 Episode T: 450 Reward: 410.816 Cost: 7.000
arrive destination: True ,out of road:False   Total T: 340502 Episode Num: 892 Episode T: 244 Reward: 284.999 Cost: 3.000
arrive destination: True ,out of road:False   Total T: 340948 Episode Num: 893 Episode T: 446 Reward: 381.244 Cost: 20.000
arrive destination: True ,out of road:False   Total T: 341214 Episode Num: 894 Episode T: 266 Reward: 295.763 Cost: 9.000
arrive destination: True ,out of road:False   Total T: 341660 Episode Num: 895 Episode T: 446 Reward: 378.685 Cost: 6.000
arrive destination: True ,out of road:False   Total T: 341940 Episode Num: 896 Episode T: 280 Reward: 295.259 Cost: 0.000
arrive destination: True ,out of road:False   Total T: 342351 Episode Num: 897 Episode T: 411 Reward: 335.902 Cost: 5.000
arrive destination: True ,out of road:False   Total T: 342803 Episode Num: 898 Episode T: 452 Reward: 461.689 Cost: 0.000
arrive destination: True ,out of road:False   Total T: 343180 Episode Num: 899 Episode T: 377 Reward: 335.827 Cost: 8.000
arrive destination: False ,out of road:True   Total T: 343392 Episode Num: 900 Episode T: 212 Reward: 190.162 Cost: 5.000
arrive destination: False ,out of road:True   Total T: 343562 Episode Num: 901 Episode T: 170 Reward: 129.094 Cost: 4.000
arrive destination: False ,out of road:True   Total T: 343973 Episode Num: 902 Episode T: 411 Reward: 375.805 Cost: 8.000
arrive destination: True ,out of road:False   Total T: 344337 Episode Num: 903 Episode T: 364 Reward: 264.347 Cost: 12.000
arrive destination: False ,out of road:True   Total T: 344671 Episode Num: 904 Episode T: 334 Reward: 289.323 Cost: 1.000
arrive destination: True ,out of road:False   Total T: 344928 Episode Num: 905 Episode T: 257 Reward: 234.479 Cost: 0.000
arrive destination: True ,out of road:False   Total T: 345296 Episode Num: 906 Episode T: 368 Reward: 404.575 Cost: 0.000
arrive destination: True ,out of road:False   Total T: 345747 Episode Num: 907 Episode T: 451 Reward: 417.776 Cost: 11.000
arrive destination: True ,out of road:False   Total T: 346009 Episode Num: 908 Episode T: 262 Reward: 295.177 Cost: 4.000
arrive destination: True ,out of road:False   Total T: 346466 Episode Num: 909 Episode T: 457 Reward: 400.977 Cost: 21.000
arrive destination: True ,out of road:False   Total T: 346773 Episode Num: 910 Episode T: 307 Reward: 273.399 Cost: 0.000
arrive destination: True ,out of road:False   Total T: 347163 Episode Num: 911 Episode T: 390 Reward: 381.644 Cost: 1.000
arrive destination: True ,out of road:False   Total T: 347623 Episode Num: 912 Episode T: 460 Reward: 474.451 Cost: 2.000
arrive destination: False ,out of road:True   Total T: 348228 Episode Num: 913 Episode T: 605 Reward: 108.426 Cost: 10.000
arrive destination: False ,out of road:True   Total T: 348426 Episode Num: 914 Episode T: 198 Reward: 218.655 Cost: 8.000
arrive destination: True ,out of road:False   Total T: 348800 Episode Num: 915 Episode T: 374 Reward: 382.600 Cost: 4.000
arrive destination: False ,out of road:True   Total T: 348947 Episode Num: 916 Episode T: 147 Reward: 131.879 Cost: 7.000
arrive destination: True ,out of road:False   Total T: 349450 Episode Num: 917 Episode T: 503 Reward: 392.044 Cost: 7.000
arrive destination: True ,out of road:False   Total T: 349851 Episode Num: 918 Episode T: 401 Reward: 379.310 Cost: 4.000
---------------------------------------
Evaluation over 20 episodes: 0.650 Cost 5.450.             SafeRL used : use_epo
---------------------------------------
[34;1m
Time: 2026-06-29 18:47:24, Time spent from previous logger: 170.778 s[0m
[34;1mCustomLogger with fileds: ['total_steps', 'EpRet', 'EpCost', 'CostRate'][0m
[34;1mfieldvalues: [350000, 0.65, 5.45, 0.0164514755756445]
[0m
arrive destination: True ,out of road:False   Total T: 350197 Episode Num: 919 Episode T: 346 Reward: 406.506 Cost: 0.000
arrive destination: False ,out of road:True   Total T: 350478 Episode Num: 920 Episode T: 281 Reward: 211.480 Cost: 7.000
arrive destination: False ,out of road:True   Total T: 350978 Episode Num: 921 Episode T: 500 Reward: 245.543 Cost: 26.000
arrive destination: True ,out of road:False   Total T: 351427 Episode Num: 922 Episode T: 449 Reward: 377.340 Cost: 18.000
arrive destination: False ,out of road:True   Total T: 351894 Episode Num: 923 Episode T: 467 Reward: 366.490 Cost: 20.000
arrive destination: True ,out of road:False   Total T: 352206 Episode Num: 924 Episode T: 312 Reward: 265.473 Cost: 3.000
arrive destination: True ,out of road:False   Total T: 352822 Episode Num: 925 Episode T: 616 Reward: 393.675 Cost: 22.000
arrive destination: True ,out of road:False   Total T: 353176 Episode Num: 926 Episode T: 354 Reward: 383.321 Cost: 8.000
arrive destination: False ,out of road:True   Total T: 353474 Episode Num: 927 Episode T: 298 Reward: 256.786 Cost: 8.000
arrive destination: True ,out of road:False   Total T: 353967 Episode Num: 928 Episode T: 493 Reward: 463.481 Cost: 9.000
arrive destination: True ,out of road:False   Total T: 354214 Episode Num: 929 Episode T: 247 Reward: 270.974 Cost: 2.000
arrive destination: True ,out of road:False   Total T: 354479 Episode Num: 930 Episode T: 265 Reward: 295.573 Cost: 2.000
arrive destination: True ,out of road:False   Total T: 354939 Episode Num: 931 Episode T: 460 Reward: 473.544 Cost: 2.000
arrive destination: True ,out of road:False   Total T: 355336 Episode Num: 932 Episode T: 397 Reward: 368.128 Cost: 7.000
arrive destination: True ,out of road:False   Total T: 355601 Episode Num: 933 Episode T: 265 Reward: 273.716 Cost: 1.000
arrive destination: False ,out of road:False   Total T: 356601 Episode Num: 934 Episode T: 1000 Reward: 181.857 Cost: 13.000
arrive destination: True ,out of road:False   Total T: 356863 Episode Num: 935 Episode T: 262 Reward: 232.865 Cost: 0.000
arrive destination: True ,out of road:False   Total T: 357110 Episode Num: 936 Episode T: 247 Reward: 272.157 Cost: 0.000
arrive destination: True ,out of road:False   Total T: 357387 Episode Num: 937 Episode T: 277 Reward: 267.614 Cost: 1.000
arrive destination: True ,out of road:False   Total T: 357954 Episode Num: 938 Episode T: 567 Reward: 495.275 Cost: 17.000
arrive destination: True ,out of road:False   Total T: 358419 Episode Num: 939 Episode T: 465 Reward: 381.821 Cost: 4.000
arrive destination: False ,out of road:True   Total T: 358572 Episode Num: 940 Episode T: 153 Reward: 153.246 Cost: 5.000
arrive destination: True ,out of road:False   Total T: 358824 Episode Num: 941 Episode T: 252 Reward: 232.777 Cost: 0.000
arrive destination: True ,out of road:False   Total T: 359410 Episode Num: 942 Episode T: 586 Reward: 335.802 Cost: 31.000
arrive destination: True ,out of road:False   Total T: 359912 Episode Num: 943 Episode T: 502 Reward: 472.408 Cost: 0.000
---------------------------------------
Evaluation over 20 episodes: 0.650 Cost 6.900.             SafeRL used : use_epo
---------------------------------------
[34;1m
Time: 2026-06-29 18:50:19, Time spent from previous logger: 174.394 s[0m
[34;1mCustomLogger with fileds: ['total_steps', 'EpRet', 'EpCost', 'CostRate'][0m
[34;1mfieldvalues: [360000, 0.65, 6.9, 0.016566712685313015]
[0m
arrive destination: True ,out of road:False   Total T: 360393 Episode Num: 944 Episode T: 481 Reward: 452.130 Cost: 0.000
arrive destination: True ,out of road:False   Total T: 360604 Episode Num: 945 Episode T: 211 Reward: 232.730 Cost: 13.000
arrive destination: True ,out of road:False   Total T: 361036 Episode Num: 946 Episode T: 432 Reward: 371.714 Cost: 0.000
arrive destination: False ,out of road:True   Total T: 361491 Episode Num: 947 Episode T: 455 Reward: 434.644 Cost: 11.000
arrive destination: True ,out of road:False   Total T: 361804 Episode Num: 948 Episode T: 313 Reward: 273.106 Cost: 0.000
arrive destination: True ,out of road:False   Total T: 362081 Episode Num: 949 Episode T: 277 Reward: 268.050 Cost: 0.000
arrive destination: True ,out of road:False   Total T: 362682 Episode Num: 950 Episode T: 601 Reward: 415.413 Cost: 22.000
arrive destination: False ,out of road:True   Total T: 362788 Episode Num: 951 Episode T: 106 Reward: 71.564 Cost: 5.000
arrive destination: True ,out of road:False   Total T: 363064 Episode Num: 952 Episode T: 276 Reward: 267.866 Cost: 1.000
arrive destination: True ,out of road:False   Total T: 363411 Episode Num: 953 Episode T: 347 Reward: 369.643 Cost: 0.000
arrive destination: True ,out of road:False   Total T: 363858 Episode Num: 954 Episode T: 447 Reward: 474.506 Cost: 1.000
arrive destination: True ,out of road:False   Total T: 364229 Episode Num: 955 Episode T: 371 Reward: 266.343 Cost: 0.000
arrive destination: False ,out of road:True   Total T: 364543 Episode Num: 956 Episode T: 314 Reward: 256.175 Cost: 14.000
arrive destination: True ,out of road:False   Total T: 364967 Episode Num: 957 Episode T: 424 Reward: 412.868 Cost: 11.000
arrive destination: True ,out of road:False   Total T: 365394 Episode Num: 958 Episode T: 427 Reward: 365.958 Cost: 7.000
arrive destination: True ,out of road:False   Total T: 365654 Episode Num: 959 Episode T: 260 Reward: 269.272 Cost: 1.000
arrive destination: True ,out of road:False   Total T: 365899 Episode Num: 960 Episode T: 245 Reward: 232.250 Cost: 1.000
arrive destination: True ,out of road:False   Total T: 366243 Episode Num: 961 Episode T: 344 Reward: 336.329 Cost: 0.000
arrive destination: True ,out of road:False   Total T: 366509 Episode Num: 962 Episode T: 266 Reward: 276.380 Cost: 0.000
arrive destination: True ,out of road:False   Total T: 366756 Episode Num: 963 Episode T: 247 Reward: 284.503 Cost: 5.000
arrive destination: True ,out of road:False   Total T: 367024 Episode Num: 964 Episode T: 268 Reward: 295.497 Cost: 11.000
arrive destination: True ,out of road:False   Total T: 367453 Episode Num: 965 Episode T: 429 Reward: 403.078 Cost: 9.000
arrive destination: True ,out of road:False   Total T: 367726 Episode Num: 966 Episode T: 273 Reward: 284.627 Cost: 3.000
arrive destination: False ,out of road:True   Total T: 367889 Episode Num: 967 Episode T: 163 Reward: 164.719 Cost: 5.000
arrive destination: True ,out of road:False   Total T: 368347 Episode Num: 968 Episode T: 458 Reward: 401.011 Cost: 4.000
arrive destination: True ,out of road:False   Total T: 368842 Episode Num: 969 Episode T: 495 Reward: 475.440 Cost: 2.000
arrive destination: True ,out of road:False   Total T: 369095 Episode Num: 970 Episode T: 253 Reward: 272.915 Cost: 0.000
arrive destination: True ,out of road:False   Total T: 369567 Episode Num: 971 Episode T: 472 Reward: 457.687 Cost: 7.000
arrive destination: True ,out of road:False   Total T: 369819 Episode Num: 972 Episode T: 252 Reward: 275.617 Cost: 0.000
---------------------------------------
Evaluation over 20 episodes: 0.800 Cost 6.200.             SafeRL used : use_epo
---------------------------------------
[34;1m
Time: 2026-06-29 18:53:06, Time spent from previous logger: 167.592 s[0m
[34;1mCustomLogger with fileds: ['total_steps', 'EpRet', 'EpCost', 'CostRate'][0m
[34;1mfieldvalues: [370000, 0.8, 6.2, 0.016478422914656527]
[0m
arrive destination: True ,out of road:False   Total T: 370495 Episode Num: 973 Episode T: 676 Reward: 686.037 Cost: 3.000
arrive destination: False ,out of road:True   Total T: 370706 Episode Num: 974 Episode T: 211 Reward: 245.566 Cost: 6.000
arrive destination: True ,out of road:False   Total T: 370986 Episode Num: 975 Episode T: 280 Reward: 273.298 Cost: 0.000
arrive destination: True ,out of road:False   Total T: 371230 Episode Num: 976 Episode T: 244 Reward: 270.439 Cost: 14.000
arrive destination: True ,out of road:False   Total T: 371427 Episode Num: 977 Episode T: 197 Reward: 269.159 Cost: 0.000
arrive destination: True ,out of road:False   Total T: 371719 Episode Num: 978 Episode T: 292 Reward: 270.524 Cost: 8.000
arrive destination: True ,out of road:False   Total T: 372191 Episode Num: 979 Episode T: 472 Reward: 401.805 Cost: 5.000
arrive destination: True ,out of road:False   Total T: 372618 Episode Num: 980 Episode T: 427 Reward: 379.730 Cost: 7.000
arrive destination: False ,out of road:True   Total T: 372716 Episode Num: 981 Episode T: 98 Reward: 75.477 Cost: 2.000
arrive destination: True ,out of road:False   Total T: 372965 Episode Num: 982 Episode T: 249 Reward: 271.183 Cost: 3.000
arrive destination: False ,out of road:True   Total T: 373325 Episode Num: 983 Episode T: 360 Reward: 364.500 Cost: 4.000
arrive destination: True ,out of road:False   Total T: 373584 Episode Num: 984 Episode T: 259 Reward: 282.871 Cost: 6.000
arrive destination: True ,out of road:False   Total T: 374038 Episode Num: 985 Episode T: 454 Reward: 382.464 Cost: 12.000
arrive destination: True ,out of road:False   Total T: 374429 Episode Num: 986 Episode T: 391 Reward: 398.916 Cost: 0.000
arrive destination: True ,out of road:False   Total T: 374632 Episode Num: 987 Episode T: 203 Reward: 269.282 Cost: 0.000
arrive destination: False ,out of road:True   Total T: 374738 Episode Num: 988 Episode T: 106 Reward: 65.894 Cost: 6.000
arrive destination: True ,out of road:False   Total T: 375212 Episode Num: 989 Episode T: 474 Reward: 471.639 Cost: 2.000
arrive destination: False ,out of road:True   Total T: 375682 Episode Num: 990 Episode T: 470 Reward: 438.013 Cost: 10.000
arrive destination: True ,out of road:False   Total T: 375988 Episode Num: 991 Episode T: 306 Reward: 294.705 Cost: 3.000
arrive destination: True ,out of road:False   Total T: 376384 Episode Num: 992 Episode T: 396 Reward: 369.626 Cost: 11.000
arrive destination: True ,out of road:False   Total T: 376725 Episode Num: 993 Episode T: 341 Reward: 371.804 Cost: 3.000
arrive destination: True ,out of road:False   Total T: 376990 Episode Num: 994 Episode T: 265 Reward: 295.980 Cost: 2.000
arrive destination: True ,out of road:False   Total T: 377421 Episode Num: 995 Episode T: 431 Reward: 383.505 Cost: 5.000
arrive destination: True ,out of road:False   Total T: 377731 Episode Num: 996 Episode T: 310 Reward: 294.205 Cost: 6.000
arrive destination: False ,out of road:True   Total T: 377836 Episode Num: 997 Episode T: 105 Reward: 71.588 Cost: 4.000
arrive destination: False ,out of road:False   Total T: 378836 Episode Num: 998 Episode T: 1000 Reward: 373.719 Cost: 44.000
arrive destination: True ,out of road:False   Total T: 379070 Episode Num: 999 Episode T: 234 Reward: 295.714 Cost: 4.000
arrive destination: False ,out of road:True   Total T: 379179 Episode Num: 1000 Episode T: 109 Reward: 71.550 Cost: 4.000
arrive destination: True ,out of road:False   Total T: 379381 Episode Num: 1001 Episode T: 202 Reward: 269.723 Cost: 3.000
arrive destination: True ,out of road:False   Total T: 379781 Episode Num: 1002 Episode T: 400 Reward: 397.997 Cost: 0.000
---------------------------------------
Evaluation over 20 episodes: 0.750 Cost 8.000.             SafeRL used : use_epo
---------------------------------------
[34;1m
Time: 2026-06-29 18:55:56, Time spent from previous logger: 169.365 s[0m
[34;1mCustomLogger with fileds: ['total_steps', 'EpRet', 'EpCost', 'CostRate'][0m
[34;1mfieldvalues: [380000, 0.75, 8.0, 0.01651320135052987]
[0m
arrive destination: True ,out of road:False   Total T: 380262 Episode Num: 1003 Episode T: 481 Reward: 475.961 Cost: 4.000
arrive destination: True ,out of road:False   Total T: 380719 Episode Num: 1004 Episode T: 457 Reward: 408.959 Cost: 11.000
arrive destination: True ,out of road:False   Total T: 381096 Episode Num: 1005 Episode T: 377 Reward: 382.664 Cost: 17.000
arrive destination: True ,out of road:False   Total T: 381299 Episode Num: 1006 Episode T: 203 Reward: 269.692 Cost: 0.000
arrive destination: True ,out of road:False   Total T: 381642 Episode Num: 1007 Episode T: 343 Reward: 383.546 Cost: 7.000
arrive destination: True ,out of road:False   Total T: 382034 Episode Num: 1008 Episode T: 392 Reward: 401.312 Cost: 0.000
arrive destination: True ,out of road:False   Total T: 382432 Episode Num: 1009 Episode T: 398 Reward: 400.237 Cost: 0.000
arrive destination: True ,out of road:False   Total T: 382848 Episode Num: 1010 Episode T: 416 Reward: 379.767 Cost: 7.000
arrive destination: True ,out of road:False   Total T: 383381 Episode Num: 1011 Episode T: 533 Reward: 426.418 Cost: 20.000
arrive destination: True ,out of road:False   Total T: 383852 Episode Num: 1012 Episode T: 471 Reward: 476.365 Cost: 1.000
arrive destination: False ,out of road:True   Total T: 384047 Episode Num: 1013 Episode T: 195 Reward: 209.193 Cost: 5.000
arrive destination: True ,out of road:False   Total T: 384292 Episode Num: 1014 Episode T: 245 Reward: 274.365 Cost: 0.000
arrive destination: True ,out of road:False   Total T: 384557 Episode Num: 1015 Episode T: 265 Reward: 295.666 Cost: 7.000
arrive destination: True ,out of road:False   Total T: 385023 Episode Num: 1016 Episode T: 466 Reward: 458.708 Cost: 1.000
arrive destination: True ,out of road:False   Total T: 385497 Episode Num: 1017 Episode T: 474 Reward: 473.719 Cost: 7.000
arrive destination: True ,out of road:False   Total T: 385762 Episode Num: 1018 Episode T: 265 Reward: 232.657 Cost: 0.000
arrive destination: True ,out of road:False   Total T: 386056 Episode Num: 1019 Episode T: 294 Reward: 270.085 Cost: 5.000
arrive destination: True ,out of road:False   Total T: 386684 Episode Num: 1020 Episode T: 628 Reward: 460.498 Cost: 19.000
arrive destination: False ,out of road:True   Total T: 387034 Episode Num: 1021 Episode T: 350 Reward: 338.306 Cost: 4.000
arrive destination: False ,out of road:True   Total T: 387196 Episode Num: 1022 Episode T: 162 Reward: 163.214 Cost: 5.000
arrive destination: True ,out of road:False   Total T: 387460 Episode Num: 1023 Episode T: 264 Reward: 270.958 Cost: 1.000
arrive destination: False ,out of road:True   Total T: 387767 Episode Num: 1024 Episode T: 307 Reward: 272.033 Cost: 2.000
arrive destination: True ,out of road:False   Total T: 388263 Episode Num: 1025 Episode T: 496 Reward: 461.239 Cost: 1.000
arrive destination: True ,out of road:False   Total T: 388680 Episode Num: 1026 Episode T: 417 Reward: 373.853 Cost: 9.000
arrive destination: True ,out of road:False   Total T: 388951 Episode Num: 1027 Episode T: 271 Reward: 295.439 Cost: 3.000
arrive destination: True ,out of road:False   Total T: 389720 Episode Num: 1028 Episode T: 769 Reward: 427.569 Cost: 31.000
arrive destination: True ,out of road:False   Total T: 389970 Episode Num: 1029 Episode T: 250 Reward: 273.993 Cost: 3.000
---------------------------------------
Evaluation over 20 episodes: 0.600 Cost 5.800.             SafeRL used : use_epo
---------------------------------------
[34;1m
Time: 2026-06-29 18:58:46, Time spent from previous logger: 170.924 s[0m
[34;1mCustomLogger with fileds: ['total_steps', 'EpRet', 'EpCost', 'CostRate'][0m
[34;1mfieldvalues: [390000, 0.6, 5.8, 0.016523119290049463]
[0m
arrive destination: True ,out of road:False   Total T: 390373 Episode Num: 1030 Episode T: 403 Reward: 387.155 Cost: 10.000
arrive destination: True ,out of road:False   Total T: 390631 Episode Num: 1031 Episode T: 258 Reward: 272.154 Cost: 0.000
arrive destination: False ,out of road:True   Total T: 391528 Episode Num: 1032 Episode T: 897 Reward: 90.048 Cost: 3.000
arrive destination: True ,out of road:False   Total T: 391786 Episode Num: 1033 Episode T: 258 Reward: 232.769 Cost: 0.000
arrive destination: True ,out of road:False   Total T: 392248 Episode Num: 1034 Episode T: 462 Reward: 412.108 Cost: 3.000
arrive destination: True ,out of road:False   Total T: 392490 Episode Num: 1035 Episode T: 242 Reward: 274.995 Cost: 0.000
arrive destination: True ,out of road:False   Total T: 392878 Episode Num: 1036 Episode T: 388 Reward: 335.634 Cost: 7.000
arrive destination: True ,out of road:False   Total T: 393243 Episode Num: 1037 Episode T: 365 Reward: 402.879 Cost: 0.000
arrive destination: True ,out of road:False   Total T: 393503 Episode Num: 1038 Episode T: 260 Reward: 233.151 Cost: 0.000
arrive destination: True ,out of road:False   Total T: 393895 Episode Num: 1039 Episode T: 392 Reward: 384.479 Cost: 4.000
arrive destination: True ,out of road:False   Total T: 394431 Episode Num: 1040 Episode T: 536 Reward: 489.939 Cost: 11.000
arrive destination: False ,out of road:True   Total T: 394879 Episode Num: 1041 Episode T: 448 Reward: 317.573 Cost: 7.000
arrive destination: True ,out of road:False   Total T: 395156 Episode Num: 1042 Episode T: 277 Reward: 265.856 Cost: 2.000
arrive destination: False ,out of road:True   Total T: 395483 Episode Num: 1043 Episode T: 327 Reward: 354.356 Cost: 9.000
arrive destination: True ,out of road:False   Total T: 395736 Episode Num: 1044 Episode T: 253 Reward: 271.504 Cost: 1.000
arrive destination: True ,out of road:False   Total T: 396192 Episode Num: 1045 Episode T: 456 Reward: 472.296 Cost: 2.000
arrive destination: True ,out of road:False   Total T: 396591 Episode Num: 1046 Episode T: 399 Reward: 381.835 Cost: 0.000
arrive destination: True ,out of road:False   Total T: 397180 Episode Num: 1047 Episode T: 589 Reward: 489.703 Cost: 14.000
arrive destination: True ,out of road:False   Total T: 397677 Episode Num: 1048 Episode T: 497 Reward: 381.798 Cost: 6.000
arrive destination: True ,out of road:False   Total T: 398314 Episode Num: 1049 Episode T: 637 Reward: 423.605 Cost: 10.000
arrive destination: True ,out of road:False   Total T: 398675 Episode Num: 1050 Episode T: 361 Reward: 401.954 Cost: 0.000
arrive destination: True ,out of road:False   Total T: 398874 Episode Num: 1051 Episode T: 199 Reward: 269.190 Cost: 0.000
arrive destination: False ,out of road:True   Total T: 399288 Episode Num: 1052 Episode T: 414 Reward: 395.587 Cost: 6.000
arrive destination: True ,out of road:False   Total T: 399579 Episode Num: 1053 Episode T: 291 Reward: 269.245 Cost: 0.000
arrive destination: True ,out of road:False   Total T: 399846 Episode Num: 1054 Episode T: 267 Reward: 271.753 Cost: 4.000
---------------------------------------
Evaluation over 20 episodes: 0.650 Cost 6.700.             SafeRL used : use_epo
---------------------------------------
[34;1m
Time: 2026-06-29 19:01:32, Time spent from previous logger: 165.837 s[0m
[34;1mCustomLogger with fileds: ['total_steps', 'EpRet', 'EpCost', 'CostRate'][0m
[34;1mfieldvalues: [400000, 0.65, 6.7, 0.016357540893852236]
[0m
arrive destination: True ,out of road:False   Total T: 400256 Episode Num: 1055 Episode T: 410 Reward: 373.558 Cost: 0.000
arrive destination: False ,out of road:True   Total T: 400386 Episode Num: 1056 Episode T: 130 Reward: 133.422 Cost: 1.000
arrive destination: True ,out of road:False   Total T: 400697 Episode Num: 1057 Episode T: 311 Reward: 304.404 Cost: 7.000
arrive destination: True ,out of road:False   Total T: 401141 Episode Num: 1058 Episode T: 444 Reward: 369.158 Cost: 8.000
arrive destination: False ,out of road:True   Total T: 401581 Episode Num: 1059 Episode T: 440 Reward: 372.638 Cost: 3.000
arrive destination: False ,out of road:True   Total T: 401999 Episode Num: 1060 Episode T: 418 Reward: 357.986 Cost: 28.000
arrive destination: True ,out of road:False   Total T: 402373 Episode Num: 1061 Episode T: 374 Reward: 335.572 Cost: 7.000
arrive destination: False ,out of road:True   Total T: 402504 Episode Num: 1062 Episode T: 131 Reward: 133.068 Cost: 1.000
arrive destination: True ,out of road:False   Total T: 402755 Episode Num: 1063 Episode T: 251 Reward: 270.403 Cost: 0.000
arrive destination: True ,out of road:False   Total T: 403190 Episode Num: 1064 Episode T: 435 Reward: 380.732 Cost: 13.000
arrive destination: True ,out of road:False   Total T: 403552 Episode Num: 1065 Episode T: 362 Reward: 369.121 Cost: 2.000
arrive destination: True ,out of road:False   Total T: 404027 Episode Num: 1066 Episode T: 475 Reward: 400.414 Cost: 7.000
arrive destination: True ,out of road:False   Total T: 404503 Episode Num: 1067 Episode T: 476 Reward: 475.232 Cost: 3.000
arrive destination: False ,out of road:False   Total T: 405503 Episode Num: 1068 Episode T: 1000 Reward: 177.698 Cost: 20.000
arrive destination: True ,out of road:False   Total T: 405710 Episode Num: 1069 Episode T: 207 Reward: 270.050 Cost: 0.000
arrive destination: True ,out of road:False   Total T: 405968 Episode Num: 1070 Episode T: 258 Reward: 295.662 Cost: 7.000
arrive destination: True ,out of road:False   Total T: 406361 Episode Num: 1071 Episode T: 393 Reward: 384.861 Cost: 12.000
arrive destination: True ,out of road:False   Total T: 406928 Episode Num: 1072 Episode T: 567 Reward: 463.684 Cost: 26.000
arrive destination: True ,out of road:False   Total T: 407406 Episode Num: 1073 Episode T: 478 Reward: 459.857 Cost: 5.000
arrive destination: True ,out of road:False   Total T: 407914 Episode Num: 1074 Episode T: 508 Reward: 335.586 Cost: 23.000
arrive destination: True ,out of road:False   Total T: 408394 Episode Num: 1075 Episode T: 480 Reward: 408.884 Cost: 13.000
arrive destination: False ,out of road:True   Total T: 408694 Episode Num: 1076 Episode T: 300 Reward: 322.466 Cost: 1.000
arrive destination: True ,out of road:False   Total T: 408972 Episode Num: 1077 Episode T: 278 Reward: 283.605 Cost: 6.000
arrive destination: True ,out of road:False   Total T: 409179 Episode Num: 1078 Episode T: 207 Reward: 269.808 Cost: 0.000
arrive destination: False ,out of road:True   Total T: 409337 Episode Num: 1079 Episode T: 158 Reward: 157.385 Cost: 1.000
arrive destination: True ,out of road:False   Total T: 409635 Episode Num: 1080 Episode T: 298 Reward: 271.577 Cost: 6.000
arrive destination: False ,out of road:True   Total T: 409860 Episode Num: 1081 Episode T: 225 Reward: 277.955 Cost: 1.000
---------------------------------------
Evaluation over 20 episodes: 0.600 Cost 11.400.             SafeRL used : use_epo
---------------------------------------
[34;1m
Time: 2026-06-29 19:04:20, Time spent from previous logger: 167.453 s[0m
[34;1mCustomLogger with fileds: ['total_steps', 'EpRet', 'EpCost', 'CostRate'][0m
[34;1mfieldvalues: [410000, 0.6, 11.4, 0.01644882060687953]
[0m
arrive destination: False ,out of road:True   Total T: 410128 Episode Num: 1082 Episode T: 268 Reward: 194.227 Cost: 5.000
arrive destination: False ,out of road:True   Total T: 410350 Episode Num: 1083 Episode T: 222 Reward: 182.177 Cost: 11.000
arrive destination: True ,out of road:False   Total T: 410858 Episode Num: 1084 Episode T: 508 Reward: 457.435 Cost: 6.000
arrive destination: False ,out of road:True   Total T: 411065 Episode Num: 1085 Episode T: 207 Reward: 213.392 Cost: 3.000
arrive destination: True ,out of road:False   Total T: 411583 Episode Num: 1086 Episode T: 518 Reward: 398.623 Cost: 18.000
arrive destination: True ,out of road:False   Total T: 411927 Episode Num: 1087 Episode T: 344 Reward: 370.125 Cost: 7.000
arrive destination: True ,out of road:False   Total T: 412191 Episode Num: 1088 Episode T: 264 Reward: 232.985 Cost: 0.000
arrive destination: False ,out of road:True   Total T: 412567 Episode Num: 1089 Episode T: 376 Reward: 363.498 Cost: 23.000
arrive destination: False ,out of road:True   Total T: 413120 Episode Num: 1090 Episode T: 553 Reward: 317.103 Cost: 12.000
arrive destination: True ,out of road:False   Total T: 413518 Episode Num: 1091 Episode T: 398 Reward: 387.518 Cost: 15.000
arrive destination: False ,out of road:True   Total T: 413763 Episode Num: 1092 Episode T: 245 Reward: 250.146 Cost: 9.000
arrive destination: True ,out of road:False   Total T: 414169 Episode Num: 1093 Episode T: 406 Reward: 381.028 Cost: 0.000
arrive destination: True ,out of road:False   Total T: 414428 Episode Num: 1094 Episode T: 259 Reward: 272.719 Cost: 0.000
arrive destination: True ,out of road:False   Total T: 415016 Episode Num: 1095 Episode T: 588 Reward: 492.242 Cost: 6.000
arrive destination: True ,out of road:False   Total T: 415525 Episode Num: 1096 Episode T: 509 Reward: 413.003 Cost: 7.000
arrive destination: True ,out of road:False   Total T: 415777 Episode Num: 1097 Episode T: 252 Reward: 273.746 Cost: 0.000
arrive destination: True ,out of road:False   Total T: 416117 Episode Num: 1098 Episode T: 340 Reward: 336.101 Cost: 1.000
arrive destination: True ,out of road:False   Total T: 416513 Episode Num: 1099 Episode T: 396 Reward: 381.429 Cost: 4.000
arrive destination: True ,out of road:False   Total T: 416777 Episode Num: 1100 Episode T: 264 Reward: 283.683 Cost: 4.000
arrive destination: True ,out of road:False   Total T: 417174 Episode Num: 1101 Episode T: 397 Reward: 381.693 Cost: 14.000
arrive destination: False ,out of road:True   Total T: 417477 Episode Num: 1102 Episode T: 303 Reward: 256.090 Cost: 3.000
arrive destination: True ,out of road:False   Total T: 417918 Episode Num: 1103 Episode T: 441 Reward: 461.195 Cost: 12.000
arrive destination: True ,out of road:False   Total T: 418358 Episode Num: 1104 Episode T: 440 Reward: 398.529 Cost: 11.000
arrive destination: False ,out of road:True   Total T: 418652 Episode Num: 1105 Episode T: 294 Reward: 256.114 Cost: 5.000
arrive destination: True ,out of road:False   Total T: 418908 Episode Num: 1106 Episode T: 256 Reward: 232.708 Cost: 0.000
arrive destination: False ,out of road:True   Total T: 419263 Episode Num: 1107 Episode T: 355 Reward: 341.619 Cost: 8.000
arrive destination: True ,out of road:False   Total T: 419558 Episode Num: 1108 Episode T: 295 Reward: 285.970 Cost: 18.000
arrive destination: True ,out of road:False   Total T: 419833 Episode Num: 1109 Episode T: 275 Reward: 284.910 Cost: 8.000
---------------------------------------
Evaluation over 20 episodes: 0.700 Cost 7.200.             SafeRL used : use_epo
---------------------------------------
[34;1m
Time: 2026-06-29 19:07:16, Time spent from previous logger: 176.590 s[0m
[34;1mCustomLogger with fileds: ['total_steps', 'EpRet', 'EpCost', 'CostRate'][0m
[34;1mfieldvalues: [420000, 0.7, 7.2, 0.01656670611120503]
[0m
arrive destination: True ,out of road:False   Total T: 420204 Episode Num: 1110 Episode T: 371 Reward: 406.908 Cost: 4.000
arrive destination: True ,out of road:False   Total T: 420513 Episode Num: 1111 Episode T: 309 Reward: 294.263 Cost: 4.000
arrive destination: True ,out of road:False   Total T: 420775 Episode Num: 1112 Episode T: 262 Reward: 295.726 Cost: 3.000
arrive destination: False ,out of road:True   Total T: 420991 Episode Num: 1113 Episode T: 216 Reward: 216.706 Cost: 5.000
arrive destination: True ,out of road:False   Total T: 421449 Episode Num: 1114 Episode T: 458 Reward: 396.475 Cost: 18.000
arrive destination: True ,out of road:False   Total T: 421801 Episode Num: 1115 Episode T: 352 Reward: 294.721 Cost: 7.000
arrive destination: False ,out of road:True   Total T: 421953 Episode Num: 1116 Episode T: 152 Reward: 165.515 Cost: 1.000
arrive destination: True ,out of road:False   Total T: 422351 Episode Num: 1117 Episode T: 398 Reward: 389.315 Cost: 14.000
arrive destination: True ,out of road:False   Total T: 422616 Episode Num: 1118 Episode T: 265 Reward: 284.810 Cost: 2.000
arrive destination: False ,out of road:True   Total T: 422833 Episode Num: 1119 Episode T: 217 Reward: 138.976 Cost: 5.000
arrive destination: True ,out of road:False   Total T: 423345 Episode Num: 1120 Episode T: 512 Reward: 398.706 Cost: 13.000
arrive destination: False ,out of road:True   Total T: 423632 Episode Num: 1121 Episode T: 287 Reward: 201.219 Cost: 30.000
arrive destination: True ,out of road:False   Total T: 423889 Episode Num: 1122 Episode T: 257 Reward: 232.336 Cost: 0.000
arrive destination: True ,out of road:False   Total T: 424145 Episode Num: 1123 Episode T: 256 Reward: 270.817 Cost: 0.000
arrive destination: True ,out of road:False   Total T: 424344 Episode Num: 1124 Episode T: 199 Reward: 269.996 Cost: 0.000
arrive destination: True ,out of road:False   Total T: 424564 Episode Num: 1125 Episode T: 220 Reward: 269.769 Cost: 2.000
arrive destination: True ,out of road:False   Total T: 424964 Episode Num: 1126 Episode T: 400 Reward: 379.014 Cost: 6.000
arrive destination: True ,out of road:False   Total T: 425633 Episode Num: 1127 Episode T: 669 Reward: 490.164 Cost: 27.000
arrive destination: True ,out of road:False   Total T: 425905 Episode Num: 1128 Episode T: 272 Reward: 270.922 Cost: 3.000
arrive destination: False ,out of road:True   Total T: 426260 Episode Num: 1129 Episode T: 355 Reward: 350.224 Cost: 12.000
arrive destination: True ,out of road:False   Total T: 426706 Episode Num: 1130 Episode T: 446 Reward: 460.945 Cost: 1.000
arrive destination: True ,out of road:False   Total T: 426985 Episode Num: 1131 Episode T: 279 Reward: 284.628 Cost: 0.000
arrive destination: False ,out of road:True   Total T: 427187 Episode Num: 1132 Episode T: 202 Reward: 191.417 Cost: 10.000
arrive destination: True ,out of road:False   Total T: 427446 Episode Num: 1133 Episode T: 259 Reward: 295.454 Cost: 0.000
arrive destination: False ,out of road:True   Total T: 427789 Episode Num: 1134 Episode T: 343 Reward: 333.323 Cost: 1.000
arrive destination: False ,out of road:True   Total T: 428137 Episode Num: 1135 Episode T: 348 Reward: 331.534 Cost: 4.000
arrive destination: True ,out of road:False   Total T: 428535 Episode Num: 1136 Episode T: 398 Reward: 418.454 Cost: 16.000
arrive destination: False ,out of road:True   Total T: 428782 Episode Num: 1137 Episode T: 247 Reward: 196.539 Cost: 4.000
arrive destination: True ,out of road:False   Total T: 429013 Episode Num: 1138 Episode T: 231 Reward: 232.038 Cost: 2.000
arrive destination: True ,out of road:False   Total T: 429396 Episode Num: 1139 Episode T: 383 Reward: 410.544 Cost: 0.000
arrive destination: True ,out of road:False   Total T: 429775 Episode Num: 1140 Episode T: 379 Reward: 387.850 Cost: 8.000
---------------------------------------
Evaluation over 20 episodes: 0.650 Cost 2.800.             SafeRL used : use_epo
---------------------------------------
[34;1m
Time: 2026-06-29 19:10:01, Time spent from previous logger: 164.517 s[0m
[34;1mCustomLogger with fileds: ['total_steps', 'EpRet', 'EpCost', 'CostRate'][0m
[34;1mfieldvalues: [430000, 0.65, 2.8, 0.016644224754011054]
[0m
arrive destination: True ,out of road:False   Total T: 430407 Episode Num: 1141 Episode T: 632 Reward: 579.898 Cost: 15.000
arrive destination: True ,out of road:False   Total T: 430613 Episode Num: 1142 Episode T: 206 Reward: 270.097 Cost: 0.000
arrive destination: True ,out of road:False   Total T: 431194 Episode Num: 1143 Episode T: 581 Reward: 489.687 Cost: 5.000
arrive destination: False ,out of road:True   Total T: 431486 Episode Num: 1144 Episode T: 292 Reward: 260.058 Cost: 6.000
arrive destination: True ,out of road:False   Total T: 431923 Episode Num: 1145 Episode T: 437 Reward: 457.143 Cost: 8.000
arrive destination: True ,out of road:False   Total T: 432473 Episode Num: 1146 Episode T: 550 Reward: 488.773 Cost: 15.000
arrive destination: True ,out of road:False   Total T: 432680 Episode Num: 1147 Episode T: 207 Reward: 269.092 Cost: 0.000
arrive destination: True ,out of road:False   Total T: 432948 Episode Num: 1148 Episode T: 268 Reward: 232.952 Cost: 0.000
arrive destination: True ,out of road:False   Total T: 433327 Episode Num: 1149 Episode T: 379 Reward: 335.763 Cost: 15.000
arrive destination: False ,out of road:True   Total T: 433481 Episode Num: 1150 Episode T: 154 Reward: 139.147 Cost: 3.000
arrive destination: True ,out of road:False   Total T: 433756 Episode Num: 1151 Episode T: 275 Reward: 269.315 Cost: 0.000
arrive destination: True ,out of road:False   Total T: 434001 Episode Num: 1152 Episode T: 245 Reward: 232.012 Cost: 2.000
arrive destination: True ,out of road:False   Total T: 434247 Episode Num: 1153 Episode T: 246 Reward: 276.628 Cost: 0.000
arrive destination: True ,out of road:False   Total T: 434488 Episode Num: 1154 Episode T: 241 Reward: 274.571 Cost: 0.000
arrive destination: False ,out of road:True   Total T: 434773 Episode Num: 1155 Episode T: 285 Reward: 258.250 Cost: 2.000
arrive destination: True ,out of road:False   Total T: 435171 Episode Num: 1156 Episode T: 398 Reward: 386.628 Cost: 2.000
arrive destination: True ,out of road:False   Total T: 435689 Episode Num: 1157 Episode T: 518 Reward: 490.488 Cost: 11.000
arrive destination: True ,out of road:False   Total T: 435922 Episode Num: 1158 Episode T: 233 Reward: 295.477 Cost: 0.000
arrive destination: True ,out of road:False   Total T: 436390 Episode Num: 1159 Episode T: 468 Reward: 398.232 Cost: 20.000
arrive destination: True ,out of road:False   Total T: 436637 Episode Num: 1160 Episode T: 247 Reward: 277.485 Cost: 2.000
arrive destination: False ,out of road:True   Total T: 436829 Episode Num: 1161 Episode T: 192 Reward: 209.895 Cost: 1.000
arrive destination: False ,out of road:True   Total T: 437064 Episode Num: 1162 Episode T: 235 Reward: 194.908 Cost: 6.000
arrive destination: False ,out of road:True   Total T: 437410 Episode Num: 1163 Episode T: 346 Reward: 334.294 Cost: 1.000
arrive destination: True ,out of road:False   Total T: 437657 Episode Num: 1164 Episode T: 247 Reward: 272.956 Cost: 0.000
arrive destination: True ,out of road:False   Total T: 437905 Episode Num: 1165 Episode T: 248 Reward: 275.647 Cost: 0.000
arrive destination: True ,out of road:False   Total T: 438242 Episode Num: 1166 Episode T: 337 Reward: 336.053 Cost: 0.000
arrive destination: True ,out of road:False   Total T: 438735 Episode Num: 1167 Episode T: 493 Reward: 417.331 Cost: 20.000
arrive destination: False ,out of road:True   Total T: 439124 Episode Num: 1168 Episode T: 389 Reward: 319.792 Cost: 15.000
arrive destination: True ,out of road:False   Total T: 439330 Episode Num: 1169 Episode T: 206 Reward: 269.530 Cost: 0.000
arrive destination: False ,out of road:True   Total T: 439654 Episode Num: 1170 Episode T: 324 Reward: 302.031 Cost: 1.000
---------------------------------------
Evaluation over 20 episodes: 0.850 Cost 7.250.             SafeRL used : use_epo
---------------------------------------
[34;1m
Time: 2026-06-29 19:12:52, Time spent from previous logger: 170.630 s[0m
[34;1mCustomLogger with fileds: ['total_steps', 'EpRet', 'EpCost', 'CostRate'][0m
[34;1mfieldvalues: [440000, 0.85, 7.25, 0.016650037840995092]
[0m
arrive destination: True ,out of road:False   Total T: 440357 Episode Num: 1171 Episode T: 703 Reward: 615.234 Cost: 20.000
arrive destination: True ,out of road:False   Total T: 440842 Episode Num: 1172 Episode T: 485 Reward: 472.201 Cost: 1.000
arrive destination: True ,out of road:False   Total T: 441053 Episode Num: 1173 Episode T: 211 Reward: 232.063 Cost: 12.000
arrive destination: False ,out of road:True   Total T: 441393 Episode Num: 1174 Episode T: 340 Reward: 316.215 Cost: 1.000
arrive destination: False ,out of road:True   Total T: 441720 Episode Num: 1175 Episode T: 327 Reward: 360.280 Cost: 5.000
arrive destination: False ,out of road:True   Total T: 441931 Episode Num: 1176 Episode T: 211 Reward: 222.592 Cost: 12.000
arrive destination: True ,out of road:False   Total T: 442183 Episode Num: 1177 Episode T: 252 Reward: 276.489 Cost: 2.000
arrive destination: False ,out of road:True   Total T: 442403 Episode Num: 1178 Episode T: 220 Reward: 215.584 Cost: 6.000
arrive destination: True ,out of road:False   Total T: 442670 Episode Num: 1179 Episode T: 267 Reward: 270.434 Cost: 0.000
arrive destination: True ,out of road:False   Total T: 443139 Episode Num: 1180 Episode T: 469 Reward: 457.606 Cost: 1.000
arrive destination: False ,out of road:True   Total T: 443428 Episode Num: 1181 Episode T: 289 Reward: 284.690 Cost: 5.000
arrive destination: True ,out of road:False   Total T: 443727 Episode Num: 1182 Episode T: 299 Reward: 269.303 Cost: 0.000
arrive destination: True ,out of road:False   Total T: 443938 Episode Num: 1183 Episode T: 211 Reward: 269.226 Cost: 0.000
arrive destination: True ,out of road:False   Total T: 444203 Episode Num: 1184 Episode T: 265 Reward: 232.987 Cost: 0.000
arrive destination: False ,out of road:True   Total T: 444334 Episode Num: 1185 Episode T: 131 Reward: 133.960 Cost: 1.000
arrive destination: True ,out of road:False   Total T: 444776 Episode Num: 1186 Episode T: 442 Reward: 397.621 Cost: 11.000
arrive destination: True ,out of road:False   Total T: 445030 Episode Num: 1187 Episode T: 254 Reward: 275.647 Cost: 0.000
arrive destination: True ,out of road:False   Total T: 445353 Episode Num: 1188 Episode T: 323 Reward: 294.432 Cost: 16.000
arrive destination: True ,out of road:False   Total T: 445614 Episode Num: 1189 Episode T: 261 Reward: 233.417 Cost: 3.000
arrive destination: True ,out of road:False   Total T: 446034 Episode Num: 1190 Episode T: 420 Reward: 401.145 Cost: 14.000
arrive destination: True ,out of road:False   Total T: 446512 Episode Num: 1191 Episode T: 478 Reward: 416.203 Cost: 18.000
arrive destination: True ,out of road:False   Total T: 446920 Episode Num: 1192 Episode T: 408 Reward: 387.915 Cost: 12.000
arrive destination: True ,out of road:False   Total T: 447188 Episode Num: 1193 Episode T: 268 Reward: 284.398 Cost: 1.000
arrive destination: True ,out of road:False   Total T: 447553 Episode Num: 1194 Episode T: 365 Reward: 398.364 Cost: 1.000
arrive destination: True ,out of road:False   Total T: 447849 Episode Num: 1195 Episode T: 296 Reward: 274.002 Cost: 0.000
arrive destination: True ,out of road:False   Total T: 448453 Episode Num: 1196 Episode T: 604 Reward: 494.271 Cost: 24.000
arrive destination: False ,out of road:True   Total T: 449010 Episode Num: 1197 Episode T: 557 Reward: 458.212 Cost: 26.000
arrive destination: True ,out of road:False   Total T: 449420 Episode Num: 1198 Episode T: 410 Reward: 389.320 Cost: 10.000
arrive destination: True ,out of road:False   Total T: 449865 Episode Num: 1199 Episode T: 445 Reward: 461.640 Cost: 7.000
---------------------------------------
Evaluation over 20 episodes: 0.450 Cost 3.750.             SafeRL used : use_epo
---------------------------------------
[34;1m
Time: 2026-06-29 19:15:38, Time spent from previous logger: 166.368 s[0m
[34;1mCustomLogger with fileds: ['total_steps', 'EpRet', 'EpCost', 'CostRate'][0m
[34;1mfieldvalues: [450000, 0.45, 3.75, 0.01670003711119358]
[0m
arrive destination: True ,out of road:False   Total T: 450389 Episode Num: 1200 Episode T: 524 Reward: 529.514 Cost: 2.000
arrive destination: False ,out of road:True   Total T: 450808 Episode Num: 1201 Episode T: 419 Reward: 382.733 Cost: 9.000
arrive destination: True ,out of road:False   Total T: 451315 Episode Num: 1202 Episode T: 507 Reward: 471.504 Cost: 0.000
arrive destination: False ,out of road:True   Total T: 451534 Episode Num: 1203 Episode T: 219 Reward: 191.893 Cost: 2.000
arrive destination: True ,out of road:False   Total T: 451809 Episode Num: 1204 Episode T: 275 Reward: 268.283 Cost: 0.000
arrive destination: True ,out of road:False   Total T: 452258 Episode Num: 1205 Episode T: 449 Reward: 387.291 Cost: 16.000
arrive destination: True ,out of road:False   Total T: 452705 Episode Num: 1206 Episode T: 447 Reward: 376.101 Cost: 6.000
arrive destination: False ,out of road:True   Total T: 453167 Episode Num: 1207 Episode T: 462 Reward: 343.685 Cost: 38.000
arrive destination: True ,out of road:False   Total T: 453598 Episode Num: 1208 Episode T: 431 Reward: 404.806 Cost: 7.000
arrive destination: False ,out of road:True   Total T: 453878 Episode Num: 1209 Episode T: 280 Reward: 270.066 Cost: 5.000
arrive destination: True ,out of road:False   Total T: 454128 Episode Num: 1210 Episode T: 250 Reward: 274.055 Cost: 1.000
arrive destination: False ,out of road:True   Total T: 454340 Episode Num: 1211 Episode T: 212 Reward: 191.458 Cost: 1.000
arrive destination: False ,out of road:True   Total T: 454526 Episode Num: 1212 Episode T: 186 Reward: 208.589 Cost: 3.000
arrive destination: False ,out of road:True   Total T: 454630 Episode Num: 1213 Episode T: 104 Reward: 85.093 Cost: 2.000
arrive destination: True ,out of road:False   Total T: 455125 Episode Num: 1214 Episode T: 495 Reward: 471.089 Cost: 0.000
arrive destination: True ,out of road:False   Total T: 455473 Episode Num: 1215 Episode T: 348 Reward: 397.494 Cost: 0.000
arrive destination: True ,out of road:False   Total T: 455833 Episode Num: 1216 Episode T: 360 Reward: 392.195 Cost: 0.000
arrive destination: True ,out of road:False   Total T: 456041 Episode Num: 1217 Episode T: 208 Reward: 270.014 Cost: 0.000
arrive destination: True ,out of road:False   Total T: 456278 Episode Num: 1218 Episode T: 237 Reward: 295.762 Cost: 3.000
arrive destination: True ,out of road:False   Total T: 456518 Episode Num: 1219 Episode T: 240 Reward: 285.439 Cost: 0.000
arrive destination: True ,out of road:False   Total T: 456766 Episode Num: 1220 Episode T: 248 Reward: 272.307 Cost: 2.000
arrive destination: True ,out of road:False   Total T: 457020 Episode Num: 1221 Episode T: 254 Reward: 232.548 Cost: 0.000
arrive destination: False ,out of road:True   Total T: 457172 Episode Num: 1222 Episode T: 152 Reward: 121.271 Cost: 1.000
arrive destination: True ,out of road:False   Total T: 457595 Episode Num: 1223 Episode T: 423 Reward: 335.561 Cost: 7.000
arrive destination: False ,out of road:True   Total T: 458043 Episode Num: 1224 Episode T: 448 Reward: 377.949 Cost: 17.000
arrive destination: False ,out of road:True   Total T: 458275 Episode Num: 1225 Episode T: 232 Reward: 219.366 Cost: 10.000
arrive destination: True ,out of road:False   Total T: 458477 Episode Num: 1226 Episode T: 202 Reward: 269.696 Cost: 0.000
arrive destination: False ,out of road:True   Total T: 458608 Episode Num: 1227 Episode T: 131 Reward: 132.282 Cost: 1.000
arrive destination: False ,out of road:True   Total T: 459116 Episode Num: 1228 Episode T: 508 Reward: 432.075 Cost: 15.000
arrive destination: True ,out of road:False   Total T: 459397 Episode Num: 1229 Episode T: 281 Reward: 265.735 Cost: 0.000
arrive destination: False ,out of road:True   Total T: 459674 Episode Num: 1230 Episode T: 277 Reward: 250.287 Cost: 1.000
---------------------------------------
Evaluation over 20 episodes: 0.700 Cost 5.650.             SafeRL used : use_epo
---------------------------------------
[34;1m
Time: 2026-06-29 19:18:26, Time spent from previous logger: 167.997 s[0m
[34;1mCustomLogger with fileds: ['total_steps', 'EpRet', 'EpCost', 'CostRate'][0m
[34;1mfieldvalues: [460000, 0.7, 5.65, 0.016684818880041044]
[0m
arrive destination: True ,out of road:False   Total T: 460503 Episode Num: 1231 Episode T: 829 Reward: 783.706 Cost: 14.000
arrive destination: True ,out of road:False   Total T: 460782 Episode Num: 1232 Episode T: 279 Reward: 265.575 Cost: 0.000
arrive destination: False ,out of road:True   Total T: 461116 Episode Num: 1233 Episode T: 334 Reward: 353.167 Cost: 5.000
arrive destination: True ,out of road:False   Total T: 461398 Episode Num: 1234 Episode T: 282 Reward: 294.259 Cost: 16.000
arrive destination: True ,out of road:False   Total T: 461753 Episode Num: 1235 Episode T: 355 Reward: 394.012 Cost: 0.000
arrive destination: True ,out of road:False   Total T: 462010 Episode Num: 1236 Episode T: 257 Reward: 295.193 Cost: 0.000
arrive destination: True ,out of road:False   Total T: 462222 Episode Num: 1237 Episode T: 212 Reward: 234.470 Cost: 0.000
arrive destination: True ,out of road:False   Total T: 462598 Episode Num: 1238 Episode T: 376 Reward: 390.696 Cost: 6.000
arrive destination: True ,out of road:False   Total T: 463188 Episode Num: 1239 Episode T: 590 Reward: 495.361 Cost: 11.000
arrive destination: False ,out of road:True   Total T: 463524 Episode Num: 1240 Episode T: 336 Reward: 346.653 Cost: 2.000
arrive destination: False ,out of road:True   Total T: 463639 Episode Num: 1241 Episode T: 115 Reward: 87.184 Cost: 1.000
arrive destination: False ,out of road:True   Total T: 463999 Episode Num: 1242 Episode T: 360 Reward: 314.736 Cost: 1.000
arrive destination: False ,out of road:True   Total T: 464444 Episode Num: 1243 Episode T: 445 Reward: 403.610 Cost: 5.000
arrive destination: True ,out of road:False   Total T: 464691 Episode Num: 1244 Episode T: 247 Reward: 284.064 Cost: 0.000
arrive destination: True ,out of road:False   Total T: 464971 Episode Num: 1245 Episode T: 280 Reward: 267.180 Cost: 4.000
arrive destination: False ,out of road:True   Total T: 465118 Episode Num: 1246 Episode T: 147 Reward: 163.765 Cost: 1.000
arrive destination: True ,out of road:False   Total T: 465427 Episode Num: 1247 Episode T: 309 Reward: 294.115 Cost: 12.000
arrive destination: False ,out of road:True   Total T: 465680 Episode Num: 1248 Episode T: 253 Reward: 192.350 Cost: 11.000
arrive destination: True ,out of road:False   Total T: 466097 Episode Num: 1249 Episode T: 417 Reward: 386.666 Cost: 10.000
arrive destination: True ,out of road:False   Total T: 466499 Episode Num: 1250 Episode T: 402 Reward: 379.679 Cost: 8.000
arrive destination: True ,out of road:False   Total T: 466888 Episode Num: 1251 Episode T: 389 Reward: 378.516 Cost: 0.000
arrive destination: True ,out of road:False   Total T: 467139 Episode Num: 1252 Episode T: 251 Reward: 270.213 Cost: 0.000
arrive destination: False ,out of road:True   Total T: 467332 Episode Num: 1253 Episode T: 193 Reward: 234.317 Cost: 1.000
arrive destination: True ,out of road:False   Total T: 467622 Episode Num: 1254 Episode T: 290 Reward: 273.726 Cost: 0.000
arrive destination: True ,out of road:False   Total T: 467920 Episode Num: 1255 Episode T: 298 Reward: 273.350 Cost: 0.000
arrive destination: True ,out of road:False   Total T: 468320 Episode Num: 1256 Episode T: 400 Reward: 387.019 Cost: 19.000
arrive destination: True ,out of road:False   Total T: 468715 Episode Num: 1257 Episode T: 395 Reward: 389.089 Cost: 10.000
arrive destination: False ,out of road:True   Total T: 469049 Episode Num: 1258 Episode T: 334 Reward: 357.949 Cost: 7.000
arrive destination: True ,out of road:False   Total T: 469402 Episode Num: 1259 Episode T: 353 Reward: 335.850 Cost: 6.000
arrive destination: True ,out of road:False   Total T: 469681 Episode Num: 1260 Episode T: 279 Reward: 268.346 Cost: 1.000
---------------------------------------
Evaluation over 20 episodes: 0.600 Cost 4.750.             SafeRL used : use_epo
---------------------------------------
[34;1m
Time: 2026-06-29 19:21:14, Time spent from previous logger: 167.946 s[0m
[34;1mCustomLogger with fileds: ['total_steps', 'EpRet', 'EpCost', 'CostRate'][0m
[34;1mfieldvalues: [470000, 0.6, 4.75, 0.016627694952542453]
[0m
arrive destination: True ,out of road:False   Total T: 470365 Episode Num: 1261 Episode T: 684 Reward: 683.884 Cost: 4.000
arrive destination: True ,out of road:False   Total T: 470723 Episode Num: 1262 Episode T: 358 Reward: 395.763 Cost: 0.000
arrive destination: True ,out of road:False   Total T: 471002 Episode Num: 1263 Episode T: 279 Reward: 295.050 Cost: 0.000
arrive destination: False ,out of road:True   Total T: 471332 Episode Num: 1264 Episode T: 330 Reward: 215.087 Cost: 10.000
arrive destination: True ,out of road:False   Total T: 471784 Episode Num: 1265 Episode T: 452 Reward: 411.071 Cost: 10.000
arrive destination: True ,out of road:False   Total T: 472027 Episode Num: 1266 Episode T: 243 Reward: 273.235 Cost: 1.000
arrive destination: True ,out of road:False   Total T: 472367 Episode Num: 1267 Episode T: 340 Reward: 294.324 Cost: 3.000
arrive destination: False ,out of road:True   Total T: 472575 Episode Num: 1268 Episode T: 208 Reward: 202.773 Cost: 1.000
arrive destination: True ,out of road:False   Total T: 472886 Episode Num: 1269 Episode T: 311 Reward: 294.528 Cost: 7.000
arrive destination: False ,out of road:True   Total T: 473323 Episode Num: 1270 Episode T: 437 Reward: 310.576 Cost: 38.000
arrive destination: False ,out of road:True   Total T: 473674 Episode Num: 1271 Episode T: 351 Reward: 207.206 Cost: 25.000
arrive destination: False ,out of road:True   Total T: 473879 Episode Num: 1272 Episode T: 205 Reward: 201.890 Cost: 1.000
arrive destination: True ,out of road:False   Total T: 474158 Episode Num: 1273 Episode T: 279 Reward: 295.745 Cost: 2.000
arrive destination: True ,out of road:False   Total T: 474815 Episode Num: 1274 Episode T: 657 Reward: 416.671 Cost: 29.000
arrive destination: False ,out of road:False   Total T: 475815 Episode Num: 1275 Episode T: 1000 Reward: 130.831 Cost: 3.000
arrive destination: True ,out of road:False   Total T: 476027 Episode Num: 1276 Episode T: 212 Reward: 232.261 Cost: 6.000
arrive destination: True ,out of road:False   Total T: 476263 Episode Num: 1277 Episode T: 236 Reward: 270.269 Cost: 0.000
arrive destination: False ,out of road:True   Total T: 476602 Episode Num: 1278 Episode T: 339 Reward: 350.024 Cost: 5.000
arrive destination: True ,out of road:False   Total T: 476874 Episode Num: 1279 Episode T: 272 Reward: 275.816 Cost: 2.000
arrive destination: True ,out of road:False   Total T: 477376 Episode Num: 1280 Episode T: 502 Reward: 335.760 Cost: 28.000
arrive destination: True ,out of road:False   Total T: 477888 Episode Num: 1281 Episode T: 512 Reward: 490.844 Cost: 13.000
arrive destination: False ,out of road:True   Total T: 478107 Episode Num: 1282 Episode T: 219 Reward: 217.860 Cost: 4.000
arrive destination: True ,out of road:False   Total T: 478600 Episode Num: 1283 Episode T: 493 Reward: 471.434 Cost: 1.000
arrive destination: True ,out of road:False   Total T: 478891 Episode Num: 1284 Episode T: 291 Reward: 266.957 Cost: 0.000
arrive destination: True ,out of road:False   Total T: 479335 Episode Num: 1285 Episode T: 444 Reward: 379.194 Cost: 1.000
arrive destination: True ,out of road:False   Total T: 479606 Episode Num: 1286 Episode T: 271 Reward: 285.786 Cost: 4.000
---------------------------------------
Evaluation over 20 episodes: 0.750 Cost 8.300.             SafeRL used : use_epo
---------------------------------------
[34;1m
Time: 2026-06-29 19:24:01, Time spent from previous logger: 167.662 s[0m
[34;1mCustomLogger with fileds: ['total_steps', 'EpRet', 'EpCost', 'CostRate'][0m
[34;1mfieldvalues: [480000, 0.75, 8.3, 0.01669586811639191]
[0m
arrive destination: True ,out of road:False   Total T: 480211 Episode Num: 1287 Episode T: 605 Reward: 608.811 Cost: 2.000
arrive destination: True ,out of road:False   Total T: 480455 Episode Num: 1288 Episode T: 244 Reward: 274.992 Cost: 0.000
arrive destination: True ,out of road:False   Total T: 480914 Episode Num: 1289 Episode T: 459 Reward: 408.015 Cost: 23.000
arrive destination: True ,out of road:False   Total T: 481175 Episode Num: 1290 Episode T: 261 Reward: 271.723 Cost: 0.000
arrive destination: False ,out of road:True   Total T: 481283 Episode Num: 1291 Episode T: 108 Reward: 77.848 Cost: 3.000
arrive destination: False ,out of road:True   Total T: 481466 Episode Num: 1292 Episode T: 183 Reward: 180.635 Cost: 1.000
arrive destination: False ,out of road:True   Total T: 481629 Episode Num: 1293 Episode T: 163 Reward: 159.160 Cost: 1.000
arrive destination: True ,out of road:False   Total T: 481911 Episode Num: 1294 Episode T: 282 Reward: 294.647 Cost: 6.000
arrive destination: True ,out of road:False   Total T: 482372 Episode Num: 1295 Episode T: 461 Reward: 474.851 Cost: 6.000
arrive destination: True ,out of road:False   Total T: 482668 Episode Num: 1296 Episode T: 296 Reward: 270.934 Cost: 0.000
arrive destination: True ,out of road:False   Total T: 483018 Episode Num: 1297 Episode T: 350 Reward: 394.919 Cost: 0.000
arrive destination: True ,out of road:False   Total T: 483230 Episode Num: 1298 Episode T: 212 Reward: 232.137 Cost: 0.000
arrive destination: True ,out of road:False   Total T: 483599 Episode Num: 1299 Episode T: 369 Reward: 400.630 Cost: 4.000
arrive destination: True ,out of road:False   Total T: 483978 Episode Num: 1300 Episode T: 379 Reward: 335.895 Cost: 15.000
arrive destination: False ,out of road:True   Total T: 484189 Episode Num: 1301 Episode T: 211 Reward: 127.342 Cost: 5.000
arrive destination: True ,out of road:False   Total T: 484486 Episode Num: 1302 Episode T: 297 Reward: 273.463 Cost: 0.000
arrive destination: True ,out of road:False   Total T: 484945 Episode Num: 1303 Episode T: 459 Reward: 411.151 Cost: 2.000
arrive destination: True ,out of road:False   Total T: 485374 Episode Num: 1304 Episode T: 429 Reward: 408.809 Cost: 9.000
arrive destination: True ,out of road:False   Total T: 485604 Episode Num: 1305 Episode T: 230 Reward: 268.860 Cost: 3.000
arrive destination: True ,out of road:False   Total T: 485985 Episode Num: 1306 Episode T: 381 Reward: 336.218 Cost: 9.000
arrive destination: True ,out of road:False   Total T: 486322 Episode Num: 1307 Episode T: 337 Reward: 335.467 Cost: 2.000
arrive destination: True ,out of road:False   Total T: 486576 Episode Num: 1308 Episode T: 254 Reward: 285.277 Cost: 9.000
arrive destination: True ,out of road:False   Total T: 486984 Episode Num: 1309 Episode T: 408 Reward: 401.149 Cost: 8.000
arrive destination: True ,out of road:False   Total T: 487220 Episode Num: 1310 Episode T: 236 Reward: 284.521 Cost: 0.000
arrive destination: True ,out of road:False   Total T: 487496 Episode Num: 1311 Episode T: 276 Reward: 269.364 Cost: 0.000
arrive destination: True ,out of road:False   Total T: 487757 Episode Num: 1312 Episode T: 261 Reward: 295.749 Cost: 0.000
arrive destination: True ,out of road:False   Total T: 488257 Episode Num: 1313 Episode T: 500 Reward: 383.912 Cost: 5.000
arrive destination: True ,out of road:False   Total T: 488733 Episode Num: 1314 Episode T: 476 Reward: 459.515 Cost: 3.000
arrive destination: True ,out of road:False   Total T: 489172 Episode Num: 1315 Episode T: 439 Reward: 386.368 Cost: 2.000
arrive destination: True ,out of road:False   Total T: 489429 Episode Num: 1316 Episode T: 257 Reward: 295.378 Cost: 0.000
arrive destination: True ,out of road:False   Total T: 489860 Episode Num: 1317 Episode T: 431 Reward: 397.771 Cost: 5.000
---------------------------------------
Evaluation over 20 episodes: 0.700 Cost 5.900.             SafeRL used : use_epo
---------------------------------------
[34;1m
Time: 2026-06-29 19:26:42, Time spent from previous logger: 160.739 s[0m
[34;1mCustomLogger with fileds: ['total_steps', 'EpRet', 'EpCost', 'CostRate'][0m
[34;1mfieldvalues: [490000, 0.7, 5.9, 0.01662248290302633]
[0m
arrive destination: True ,out of road:False   Total T: 490365 Episode Num: 1318 Episode T: 505 Reward: 507.378 Cost: 9.000
arrive destination: True ,out of road:False   Total T: 490737 Episode Num: 1319 Episode T: 372 Reward: 335.881 Cost: 13.000
arrive destination: True ,out of road:False   Total T: 491019 Episode Num: 1320 Episode T: 282 Reward: 272.654 Cost: 0.000
arrive destination: True ,out of road:False   Total T: 491447 Episode Num: 1321 Episode T: 428 Reward: 364.533 Cost: 16.000
arrive destination: False ,out of road:True   Total T: 491804 Episode Num: 1322 Episode T: 357 Reward: 359.755 Cost: 11.000
arrive destination: True ,out of road:False   Total T: 492049 Episode Num: 1323 Episode T: 245 Reward: 283.274 Cost: 1.000
arrive destination: True ,out of road:False   Total T: 492449 Episode Num: 1324 Episode T: 400 Reward: 371.781 Cost: 4.000
arrive destination: True ,out of road:False   Total T: 492646 Episode Num: 1325 Episode T: 197 Reward: 269.682 Cost: 0.000
arrive destination: True ,out of road:False   Total T: 493010 Episode Num: 1326 Episode T: 364 Reward: 293.903 Cost: 14.000
arrive destination: True ,out of road:False   Total T: 493292 Episode Num: 1327 Episode T: 282 Reward: 265.734 Cost: 0.000
arrive destination: False ,out of road:True   Total T: 493530 Episode Num: 1328 Episode T: 238 Reward: 197.762 Cost: 10.000
arrive destination: True ,out of road:False   Total T: 493869 Episode Num: 1329 Episode T: 339 Reward: 367.639 Cost: 0.000
arrive destination: True ,out of road:False   Total T: 494132 Episode Num: 1330 Episode T: 263 Reward: 296.038 Cost: 7.000
arrive destination: False ,out of road:True   Total T: 494315 Episode Num: 1331 Episode T: 183 Reward: 178.998 Cost: 1.000
arrive destination: False ,out of road:True   Total T: 494526 Episode Num: 1332 Episode T: 211 Reward: 186.762 Cost: 11.000
arrive destination: True ,out of road:False   Total T: 494816 Episode Num: 1333 Episode T: 290 Reward: 285.591 Cost: 2.000
arrive destination: False ,out of road:True   Total T: 495084 Episode Num: 1334 Episode T: 268 Reward: 253.242 Cost: 1.000
arrive destination: True ,out of road:False   Total T: 495433 Episode Num: 1335 Episode T: 349 Reward: 370.135 Cost: 2.000
arrive destination: True ,out of road:False   Total T: 496037 Episode Num: 1336 Episode T: 604 Reward: 417.540 Cost: 16.000
arrive destination: False ,out of road:True   Total T: 496470 Episode Num: 1337 Episode T: 433 Reward: 314.923 Cost: 26.000
arrive destination: False ,out of road:False   Total T: 497470 Episode Num: 1338 Episode T: 1000 Reward: 124.775 Cost: 5.000
arrive destination: True ,out of road:False   Total T: 497903 Episode Num: 1339 Episode T: 433 Reward: 460.891 Cost: 7.000
arrive destination: False ,out of road:True   Total T: 498128 Episode Num: 1340 Episode T: 225 Reward: 218.714 Cost: 7.000
arrive destination: True ,out of road:False   Total T: 498399 Episode Num: 1341 Episode T: 271 Reward: 267.278 Cost: 0.000
arrive destination: False ,out of road:False   Total T: 499399 Episode Num: 1342 Episode T: 1000 Reward: 135.815 Cost: 4.000
arrive destination: True ,out of road:False   Total T: 499641 Episode Num: 1343 Episode T: 242 Reward: 271.222 Cost: 0.000
---------------------------------------
Evaluation over 20 episodes: 0.850 Cost 6.400.             SafeRL used : use_epo
---------------------------------------
[34;1m
Time: 2026-06-29 19:29:25, Time spent from previous logger: 163.138 s[0m
[34;1mCustomLogger with fileds: ['total_steps', 'EpRet', 'EpCost', 'CostRate'][0m
[34;1mfieldvalues: [500000, 0.85, 6.4, 0.016644033288066577]
[0m
arrive destination: True ,out of road:False   Total T: 500241 Episode Num: 1344 Episode T: 600 Reward: 597.683 Cost: 21.000
arrive destination: True ,out of road:False   Total T: 500660 Episode Num: 1345 Episode T: 419 Reward: 413.984 Cost: 11.000
arrive destination: True ,out of road:False   Total T: 501013 Episode Num: 1346 Episode T: 353 Reward: 371.732 Cost: 5.000
arrive destination: False ,out of road:True   Total T: 501149 Episode Num: 1347 Episode T: 136 Reward: 138.783 Cost: 1.000
arrive destination: True ,out of road:False   Total T: 501504 Episode Num: 1348 Episode T: 355 Reward: 401.917 Cost: 0.000
arrive destination: True ,out of road:False   Total T: 501986 Episode Num: 1349 Episode T: 482 Reward: 475.488 Cost: 0.000
arrive destination: True ,out of road:False   Total T: 502194 Episode Num: 1350 Episode T: 208 Reward: 231.860 Cost: 8.000
arrive destination: True ,out of road:False   Total T: 502606 Episode Num: 1351 Episode T: 412 Reward: 385.297 Cost: 0.000
arrive destination: False ,out of road:True   Total T: 503040 Episode Num: 1352 Episode T: 434 Reward: 405.376 Cost: 21.000
arrive destination: True ,out of road:False   Total T: 503280 Episode Num: 1353 Episode T: 240 Reward: 274.055 Cost: 0.000
arrive destination: True ,out of road:False   Total T: 503480 Episode Num: 1354 Episode T: 200 Reward: 269.639 Cost: 0.000
arrive destination: True ,out of road:False   Total T: 503935 Episode Num: 1355 Episode T: 455 Reward: 397.807 Cost: 5.000
arrive destination: True ,out of road:False   Total T: 504194 Episode Num: 1356 Episode T: 259 Reward: 232.886 Cost: 0.000
arrive destination: True ,out of road:False   Total T: 504451 Episode Num: 1357 Episode T: 257 Reward: 271.865 Cost: 0.000
arrive destination: True ,out of road:False   Total T: 504707 Episode Num: 1358 Episode T: 256 Reward: 272.926 Cost: 1.000
arrive destination: True ,out of road:False   Total T: 504986 Episode Num: 1359 Episode T: 279 Reward: 270.217 Cost: 1.000
arrive destination: True ,out of road:False   Total T: 505186 Episode Num: 1360 Episode T: 200 Reward: 269.659 Cost: 0.000
arrive destination: True ,out of road:False   Total T: 505449 Episode Num: 1361 Episode T: 263 Reward: 295.753 Cost: 0.000
arrive destination: False ,out of road:True   Total T: 505973 Episode Num: 1362 Episode T: 524 Reward: 382.764 Cost: 24.000
arrive destination: True ,out of road:False   Total T: 506431 Episode Num: 1363 Episode T: 458 Reward: 462.002 Cost: 7.000
arrive destination: True ,out of road:False   Total T: 506829 Episode Num: 1364 Episode T: 398 Reward: 373.147 Cost: 1.000
arrive destination: True ,out of road:False   Total T: 507382 Episode Num: 1365 Episode T: 553 Reward: 471.147 Cost: 2.000
arrive destination: True ,out of road:False   Total T: 507853 Episode Num: 1366 Episode T: 471 Reward: 381.673 Cost: 2.000
arrive destination: True ,out of road:False   Total T: 508339 Episode Num: 1367 Episode T: 486 Reward: 459.101 Cost: 14.000
arrive destination: True ,out of road:False   Total T: 508797 Episode Num: 1368 Episode T: 458 Reward: 476.028 Cost: 6.000
arrive destination: True ,out of road:False   Total T: 509056 Episode Num: 1369 Episode T: 259 Reward: 295.852 Cost: 8.000
arrive destination: True ,out of road:False   Total T: 509401 Episode Num: 1370 Episode T: 345 Reward: 335.936 Cost: 14.000
arrive destination: True ,out of road:False   Total T: 509740 Episode Num: 1371 Episode T: 339 Reward: 336.015 Cost: 4.000
arrive destination: True ,out of road:False   Total T: 509988 Episode Num: 1372 Episode T: 248 Reward: 271.649 Cost: 0.000
---------------------------------------
Evaluation over 20 episodes: 0.700 Cost 5.250.             SafeRL used : use_epo
---------------------------------------
[34;1m
Time: 2026-06-29 19:32:13, Time spent from previous logger: 167.837 s[0m
[34;1mCustomLogger with fileds: ['total_steps', 'EpRet', 'EpCost', 'CostRate'][0m
[34;1mfieldvalues: [510000, 0.7, 5.25, 0.016586307031974574]
[0m
arrive destination: True ,out of road:False   Total T: 510467 Episode Num: 1373 Episode T: 479 Reward: 381.930 Cost: 15.000
arrive destination: True ,out of road:False   Total T: 510842 Episode Num: 1374 Episode T: 375 Reward: 396.771 Cost: 0.000
arrive destination: False ,out of road:True   Total T: 511047 Episode Num: 1375 Episode T: 205 Reward: 217.653 Cost: 10.000
arrive destination: True ,out of road:False   Total T: 511248 Episode Num: 1376 Episode T: 201 Reward: 270.150 Cost: 0.000
arrive destination: True ,out of road:False   Total T: 511544 Episode Num: 1377 Episode T: 296 Reward: 269.035 Cost: 0.000
arrive destination: False ,out of road:True   Total T: 511708 Episode Num: 1378 Episode T: 164 Reward: 166.214 Cost: 1.000
arrive destination: True ,out of road:False   Total T: 511994 Episode Num: 1379 Episode T: 286 Reward: 270.424 Cost: 1.000
arrive destination: True ,out of road:False   Total T: 512570 Episode Num: 1380 Episode T: 576 Reward: 415.023 Cost: 25.000
arrive destination: True ,out of road:False   Total T: 512828 Episode Num: 1381 Episode T: 258 Reward: 271.653 Cost: 1.000
arrive destination: False ,out of road:True   Total T: 513031 Episode Num: 1382 Episode T: 203 Reward: 216.584 Cost: 1.000
arrive destination: True ,out of road:False   Total T: 513677 Episode Num: 1383 Episode T: 646 Reward: 415.546 Cost: 15.000
arrive destination: False ,out of road:True   Total T: 513781 Episode Num: 1384 Episode T: 104 Reward: 90.618 Cost: 1.000
arrive destination: True ,out of road:False   Total T: 514188 Episode Num: 1385 Episode T: 407 Reward: 385.388 Cost: 5.000
arrive destination: True ,out of road:False   Total T: 514589 Episode Num: 1386 Episode T: 401 Reward: 380.508 Cost: 3.000
arrive destination: True ,out of road:False   Total T: 514908 Episode Num: 1387 Episode T: 319 Reward: 398.810 Cost: 0.000
arrive destination: True ,out of road:False   Total T: 515350 Episode Num: 1388 Episode T: 442 Reward: 459.428 Cost: 1.000
arrive destination: True ,out of road:False   Total T: 515596 Episode Num: 1389 Episode T: 246 Reward: 276.812 Cost: 2.000
arrive destination: True ,out of road:False   Total T: 516010 Episode Num: 1390 Episode T: 414 Reward: 363.062 Cost: 4.000
arrive destination: True ,out of road:False   Total T: 516459 Episode Num: 1391 Episode T: 449 Reward: 474.502 Cost: 5.000
arrive destination: True ,out of road:False   Total T: 516872 Episode Num: 1392 Episode T: 413 Reward: 373.727 Cost: 4.000
arrive destination: True ,out of road:False   Total T: 517330 Episode Num: 1393 Episode T: 458 Reward: 459.964 Cost: 5.000
arrive destination: True ,out of road:False   Total T: 517526 Episode Num: 1394 Episode T: 196 Reward: 270.171 Cost: 0.000
arrive destination: True ,out of road:False   Total T: 517973 Episode Num: 1395 Episode T: 447 Reward: 477.103 Cost: 2.000
arrive destination: True ,out of road:False   Total T: 518229 Episode Num: 1396 Episode T: 256 Reward: 286.146 Cost: 0.000
arrive destination: False ,out of road:True   Total T: 518437 Episode Num: 1397 Episode T: 208 Reward: 127.774 Cost: 8.000
arrive destination: True ,out of road:False   Total T: 518968 Episode Num: 1398 Episode T: 531 Reward: 494.622 Cost: 12.000
arrive destination: True ,out of road:False   Total T: 519447 Episode Num: 1399 Episode T: 479 Reward: 464.062 Cost: 5.000
arrive destination: True ,out of road:False   Total T: 519798 Episode Num: 1400 Episode T: 351 Reward: 369.138 Cost: 3.000
---------------------------------------
Evaluation over 20 episodes: 0.550 Cost 7.350.             SafeRL used : use_epo
---------------------------------------
[34;1m
Time: 2026-06-29 19:35:10, Time spent from previous logger: 176.485 s[0m
[34;1mCustomLogger with fileds: ['total_steps', 'EpRet', 'EpCost', 'CostRate'][0m
[34;1mfieldvalues: [520000, 0.55, 7.35, 0.016515416375800722]
[0m
arrive destination: True ,out of road:False   Total T: 520358 Episode Num: 1401 Episode T: 560 Reward: 591.351 Cost: 0.000
arrive destination: True ,out of road:False   Total T: 520941 Episode Num: 1402 Episode T: 583 Reward: 416.455 Cost: 16.000
arrive destination: True ,out of road:False   Total T: 521373 Episode Num: 1403 Episode T: 432 Reward: 373.390 Cost: 4.000
arrive destination: True ,out of road:False   Total T: 521778 Episode Num: 1404 Episode T: 405 Reward: 387.270 Cost: 3.000
arrive destination: True ,out of road:False   Total T: 522325 Episode Num: 1405 Episode T: 547 Reward: 491.845 Cost: 13.000
arrive destination: True ,out of road:False   Total T: 522848 Episode Num: 1406 Episode T: 523 Reward: 489.290 Cost: 10.000
arrive destination: True ,out of road:False   Total T: 523048 Episode Num: 1407 Episode T: 200 Reward: 269.139 Cost: 0.000
arrive destination: False ,out of road:True   Total T: 523316 Episode Num: 1408 Episode T: 268 Reward: 281.118 Cost: 1.000
arrive destination: True ,out of road:False   Total T: 523561 Episode Num: 1409 Episode T: 245 Reward: 274.625 Cost: 1.000
arrive destination: True ,out of road:False   Total T: 524003 Episode Num: 1410 Episode T: 442 Reward: 376.648 Cost: 9.000
arrive destination: True ,out of road:False   Total T: 524397 Episode Num: 1411 Episode T: 394 Reward: 379.453 Cost: 6.000
arrive destination: True ,out of road:False   Total T: 524648 Episode Num: 1412 Episode T: 251 Reward: 270.503 Cost: 2.000
arrive destination: True ,out of road:False   Total T: 524928 Episode Num: 1413 Episode T: 280 Reward: 268.251 Cost: 0.000
arrive destination: True ,out of road:False   Total T: 525447 Episode Num: 1414 Episode T: 519 Reward: 489.353 Cost: 2.000
arrive destination: False ,out of road:True   Total T: 525867 Episode Num: 1415 Episode T: 420 Reward: 437.847 Cost: 1.000
arrive destination: True ,out of road:False   Total T: 526232 Episode Num: 1416 Episode T: 365 Reward: 401.810 Cost: 0.000
arrive destination: True ,out of road:False   Total T: 526485 Episode Num: 1417 Episode T: 253 Reward: 232.421 Cost: 3.000
arrive destination: True ,out of road:False   Total T: 526800 Episode Num: 1418 Episode T: 315 Reward: 265.692 Cost: 13.000
arrive destination: True ,out of road:False   Total T: 527082 Episode Num: 1419 Episode T: 282 Reward: 268.463 Cost: 1.000
arrive destination: False ,out of road:True   Total T: 527464 Episode Num: 1420 Episode T: 382 Reward: 368.561 Cost: 6.000
arrive destination: True ,out of road:False   Total T: 527938 Episode Num: 1421 Episode T: 474 Reward: 473.529 Cost: 7.000
arrive destination: True ,out of road:False   Total T: 528364 Episode Num: 1422 Episode T: 426 Reward: 462.521 Cost: 4.000
arrive destination: True ,out of road:False   Total T: 528603 Episode Num: 1423 Episode T: 239 Reward: 276.216 Cost: 0.000
arrive destination: True ,out of road:False   Total T: 528934 Episode Num: 1424 Episode T: 331 Reward: 372.285 Cost: 0.000
arrive destination: True ,out of road:False   Total T: 529197 Episode Num: 1425 Episode T: 263 Reward: 275.814 Cost: 6.000
arrive destination: True ,out of road:False   Total T: 529564 Episode Num: 1426 Episode T: 367 Reward: 401.371 Cost: 0.000
---------------------------------------
Evaluation over 20 episodes: 0.750 Cost 7.000.             SafeRL used : use_epo
---------------------------------------
[34;1m
Time: 2026-06-29 19:38:02, Time spent from previous logger: 172.439 s[0m
[34;1mCustomLogger with fileds: ['total_steps', 'EpRet', 'EpCost', 'CostRate'][0m
[34;1mfieldvalues: [530000, 0.75, 7.0, 0.016415125311557192]
[0m
arrive destination: True ,out of road:False   Total T: 530255 Episode Num: 1427 Episode T: 691 Reward: 651.873 Cost: 4.000
arrive destination: True ,out of road:False   Total T: 530730 Episode Num: 1428 Episode T: 475 Reward: 459.371 Cost: 5.000
arrive destination: False ,out of road:True   Total T: 531019 Episode Num: 1429 Episode T: 289 Reward: 273.214 Cost: 2.000
arrive destination: True ,out of road:False   Total T: 531500 Episode Num: 1430 Episode T: 481 Reward: 386.528 Cost: 4.000
arrive destination: False ,out of road:True   Total T: 531629 Episode Num: 1431 Episode T: 129 Reward: 133.500 Cost: 1.000
arrive destination: True ,out of road:False   Total T: 532061 Episode Num: 1432 Episode T: 432 Reward: 380.707 Cost: 3.000
arrive destination: False ,out of road:True   Total T: 532252 Episode Num: 1433 Episode T: 191 Reward: 183.063 Cost: 1.000
arrive destination: True ,out of road:False   Total T: 532512 Episode Num: 1434 Episode T: 260 Reward: 232.857 Cost: 0.000
arrive destination: True ,out of road:False   Total T: 532718 Episode Num: 1435 Episode T: 206 Reward: 269.821 Cost: 1.000
arrive destination: True ,out of road:False   Total T: 533106 Episode Num: 1436 Episode T: 388 Reward: 405.851 Cost: 2.000
arrive destination: False ,out of road:True   Total T: 533316 Episode Num: 1437 Episode T: 210 Reward: 219.502 Cost: 7.000
arrive destination: True ,out of road:False   Total T: 533676 Episode Num: 1438 Episode T: 360 Reward: 398.814 Cost: 0.000
arrive destination: True ,out of road:False   Total T: 533935 Episode Num: 1439 Episode T: 259 Reward: 295.897 Cost: 0.000
arrive destination: True ,out of road:False   Total T: 534413 Episode Num: 1440 Episode T: 478 Reward: 415.204 Cost: 3.000
arrive destination: True ,out of road:False   Total T: 534679 Episode Num: 1441 Episode T: 266 Reward: 270.778 Cost: 0.000
arrive destination: True ,out of road:False   Total T: 535036 Episode Num: 1442 Episode T: 357 Reward: 401.054 Cost: 6.000
arrive destination: True ,out of road:False   Total T: 535285 Episode Num: 1443 Episode T: 249 Reward: 286.910 Cost: 5.000
arrive destination: True ,out of road:False   Total T: 535577 Episode Num: 1444 Episode T: 292 Reward: 267.203 Cost: 0.000
arrive destination: False ,out of road:True   Total T: 535785 Episode Num: 1445 Episode T: 208 Reward: 217.646 Cost: 4.000
arrive destination: False ,out of road:True   Total T: 535920 Episode Num: 1446 Episode T: 135 Reward: 137.401 Cost: 1.000
arrive destination: True ,out of road:False   Total T: 536124 Episode Num: 1447 Episode T: 204 Reward: 270.001 Cost: 0.000
arrive destination: True ,out of road:False   Total T: 536592 Episode Num: 1448 Episode T: 468 Reward: 475.998 Cost: 4.000
arrive destination: False ,out of road:True   Total T: 536677 Episode Num: 1449 Episode T: 85 Reward: 64.629 Cost: 1.000
arrive destination: True ,out of road:False   Total T: 536875 Episode Num: 1450 Episode T: 198 Reward: 232.267 Cost: 0.000
arrive destination: True ,out of road:False   Total T: 537124 Episode Num: 1451 Episode T: 249 Reward: 286.572 Cost: 2.000
arrive destination: True ,out of road:False   Total T: 537338 Episode Num: 1452 Episode T: 214 Reward: 232.194 Cost: 4.000
arrive destination: True ,out of road:False   Total T: 537640 Episode Num: 1453 Episode T: 302 Reward: 267.039 Cost: 7.000
arrive destination: True ,out of road:False   Total T: 537880 Episode Num: 1454 Episode T: 240 Reward: 295.317 Cost: 4.000
arrive destination: True ,out of road:False   Total T: 538121 Episode Num: 1455 Episode T: 241 Reward: 275.587 Cost: 0.000
arrive destination: False ,out of road:True   Total T: 538253 Episode Num: 1456 Episode T: 132 Reward: 132.539 Cost: 1.000
arrive destination: True ,out of road:False   Total T: 538508 Episode Num: 1457 Episode T: 255 Reward: 286.085 Cost: 1.000
arrive destination: True ,out of road:False   Total T: 538977 Episode Num: 1458 Episode T: 469 Reward: 472.876 Cost: 8.000
arrive destination: True ,out of road:False   Total T: 539490 Episode Num: 1459 Episode T: 513 Reward: 497.419 Cost: 6.000
arrive destination: True ,out of road:False   Total T: 539728 Episode Num: 1460 Episode T: 238 Reward: 284.788 Cost: 4.000
arrive destination: True ,out of road:False   Total T: 539966 Episode Num: 1461 Episode T: 238 Reward: 274.389 Cost: 0.000
---------------------------------------
Evaluation over 20 episodes: 0.600 Cost 5.450.             SafeRL used : use_epo
---------------------------------------
[34;1m
Time: 2026-06-29 19:40:47, Time spent from previous logger: 164.491 s[0m
[34;1mCustomLogger with fileds: ['total_steps', 'EpRet', 'EpCost', 'CostRate'][0m
[34;1mfieldvalues: [540000, 0.6, 5.45, 0.016272252356022882]
[0m
arrive destination: True ,out of road:False   Total T: 540260 Episode Num: 1462 Episode T: 294 Reward: 305.237 Cost: 0.000
arrive destination: True ,out of road:False   Total T: 540500 Episode Num: 1463 Episode T: 240 Reward: 275.548 Cost: 0.000
arrive destination: True ,out of road:False   Total T: 540858 Episode Num: 1464 Episode T: 358 Reward: 402.803 Cost: 0.000
arrive destination: False ,out of road:True   Total T: 540998 Episode Num: 1465 Episode T: 140 Reward: 138.872 Cost: 1.000
arrive destination: True ,out of road:False   Total T: 541395 Episode Num: 1466 Episode T: 397 Reward: 373.790 Cost: 8.000
arrive destination: True ,out of road:False   Total T: 541768 Episode Num: 1467 Episode T: 373 Reward: 405.591 Cost: 1.000
arrive destination: True ,out of road:False   Total T: 542132 Episode Num: 1468 Episode T: 364 Reward: 398.250 Cost: 0.000
arrive destination: False ,out of road:True   Total T: 542353 Episode Num: 1469 Episode T: 221 Reward: 199.335 Cost: 11.000
arrive destination: True ,out of road:False   Total T: 542606 Episode Num: 1470 Episode T: 253 Reward: 232.242 Cost: 0.000
arrive destination: True ,out of road:False   Total T: 543005 Episode Num: 1471 Episode T: 399 Reward: 372.819 Cost: 7.000
arrive destination: True ,out of road:False   Total T: 543351 Episode Num: 1472 Episode T: 346 Reward: 401.865 Cost: 0.000
arrive destination: True ,out of road:False   Total T: 543547 Episode Num: 1473 Episode T: 196 Reward: 269.534 Cost: 0.000
arrive destination: True ,out of road:False   Total T: 544007 Episode Num: 1474 Episode T: 460 Reward: 475.935 Cost: 6.000
arrive destination: False ,out of road:True   Total T: 544192 Episode Num: 1475 Episode T: 185 Reward: 177.510 Cost: 1.000
arrive destination: True ,out of road:False   Total T: 544439 Episode Num: 1476 Episode T: 247 Reward: 287.694 Cost: 2.000
arrive destination: True ,out of road:False   Total T: 545051 Episode Num: 1477 Episode T: 612 Reward: 420.983 Cost: 21.000
arrive destination: True ,out of road:False   Total T: 545476 Episode Num: 1478 Episode T: 425 Reward: 380.396 Cost: 0.000
arrive destination: True ,out of road:False   Total T: 545731 Episode Num: 1479 Episode T: 255 Reward: 232.061 Cost: 3.000
arrive destination: True ,out of road:False   Total T: 545987 Episode Num: 1480 Episode T: 256 Reward: 234.581 Cost: 0.000
arrive destination: True ,out of road:False   Total T: 546291 Episode Num: 1481 Episode T: 304 Reward: 294.639 Cost: 3.000
arrive destination: True ,out of road:False   Total T: 546536 Episode Num: 1482 Episode T: 245 Reward: 277.041 Cost: 2.000
arrive destination: True ,out of road:False   Total T: 546805 Episode Num: 1483 Episode T: 269 Reward: 265.705 Cost: 0.000
arrive destination: True ,out of road:False   Total T: 547085 Episode Num: 1484 Episode T: 280 Reward: 270.962 Cost: 10.000
arrive destination: True ,out of road:False   Total T: 547589 Episode Num: 1485 Episode T: 504 Reward: 407.512 Cost: 30.000
arrive destination: False ,out of road:True   Total T: 547874 Episode Num: 1486 Episode T: 285 Reward: 204.340 Cost: 5.000
arrive destination: True ,out of road:False   Total T: 548350 Episode Num: 1487 Episode T: 476 Reward: 473.701 Cost: 11.000
arrive destination: True ,out of road:False   Total T: 548628 Episode Num: 1488 Episode T: 278 Reward: 295.411 Cost: 0.000
arrive destination: True ,out of road:False   Total T: 548831 Episode Num: 1489 Episode T: 203 Reward: 268.844 Cost: 1.000
arrive destination: True ,out of road:False   Total T: 549534 Episode Num: 1490 Episode T: 703 Reward: 496.825 Cost: 8.000
---------------------------------------
Evaluation over 20 episodes: 0.600 Cost 7.700.             SafeRL used : use_epo
---------------------------------------
[34;1m
Time: 2026-06-29 19:43:37, Time spent from previous logger: 170.786 s[0m
[34;1mCustomLogger with fileds: ['total_steps', 'EpRet', 'EpCost', 'CostRate'][0m
[34;1mfieldvalues: [550000, 0.6, 7.7, 0.01623821134220244]
[0m
arrive destination: True ,out of road:False   Total T: 550357 Episode Num: 1491 Episode T: 823 Reward: 826.328 Cost: 15.000
arrive destination: True ,out of road:False   Total T: 550688 Episode Num: 1492 Episode T: 331 Reward: 383.990 Cost: 2.000
arrive destination: True ,out of road:False   Total T: 550967 Episode Num: 1493 Episode T: 279 Reward: 266.652 Cost: 7.000
arrive destination: True ,out of road:False   Total T: 551395 Episode Num: 1494 Episode T: 428 Reward: 374.351 Cost: 6.000
arrive destination: True ,out of road:False   Total T: 551636 Episode Num: 1495 Episode T: 241 Reward: 276.952 Cost: 0.000
arrive destination: True ,out of road:False   Total T: 552038 Episode Num: 1496 Episode T: 402 Reward: 417.741 Cost: 17.000
arrive destination: True ,out of road:False   Total T: 552297 Episode Num: 1497 Episode T: 259 Reward: 233.006 Cost: 0.000
arrive destination: True ,out of road:False   Total T: 552739 Episode Num: 1498 Episode T: 442 Reward: 460.004 Cost: 9.000
arrive destination: True ,out of road:False   Total T: 553089 Episode Num: 1499 Episode T: 350 Reward: 365.694 Cost: 16.000
arrive destination: True ,out of road:False   Total T: 553344 Episode Num: 1500 Episode T: 255 Reward: 232.777 Cost: 0.000
arrive destination: False ,out of road:True   Total T: 553675 Episode Num: 1501 Episode T: 331 Reward: 350.607 Cost: 3.000
arrive destination: True ,out of road:False   Total T: 554058 Episode Num: 1502 Episode T: 383 Reward: 379.789 Cost: 2.000
arrive destination: True ,out of road:False   Total T: 554313 Episode Num: 1503 Episode T: 255 Reward: 232.480 Cost: 0.000
arrive destination: False ,out of road:True   Total T: 554436 Episode Num: 1504 Episode T: 123 Reward: 105.890 Cost: 1.000
arrive destination: False ,out of road:True   Total T: 554778 Episode Num: 1505 Episode T: 342 Reward: 360.323 Cost: 6.000
arrive destination: False ,out of road:True   Total T: 554918 Episode Num: 1506 Episode T: 140 Reward: 163.636 Cost: 1.000
arrive destination: True ,out of road:False   Total T: 555422 Episode Num: 1507 Episode T: 504 Reward: 462.253 Cost: 21.000
arrive destination: True ,out of road:False   Total T: 555626 Episode Num: 1508 Episode T: 204 Reward: 270.051 Cost: 0.000
arrive destination: False ,out of road:True   Total T: 555965 Episode Num: 1509 Episode T: 339 Reward: 313.017 Cost: 3.000
arrive destination: True ,out of road:False   Total T: 556345 Episode Num: 1510 Episode T: 380 Reward: 336.025 Cost: 7.000
arrive destination: True ,out of road:False   Total T: 556556 Episode Num: 1511 Episode T: 211 Reward: 269.992 Cost: 1.000
arrive destination: True ,out of road:False   Total T: 557037 Episode Num: 1512 Episode T: 481 Reward: 384.733 Cost: 10.000
arrive destination: False ,out of road:True   Total T: 557195 Episode Num: 1513 Episode T: 158 Reward: 166.401 Cost: 3.000
arrive destination: False ,out of road:True   Total T: 557361 Episode Num: 1514 Episode T: 166 Reward: 167.500 Cost: 2.000
arrive destination: True ,out of road:False   Total T: 557765 Episode Num: 1515 Episode T: 404 Reward: 363.131 Cost: 3.000
arrive destination: False ,out of road:True   Total T: 558126 Episode Num: 1516 Episode T: 361 Reward: 371.879 Cost: 3.000
arrive destination: True ,out of road:False   Total T: 558585 Episode Num: 1517 Episode T: 459 Reward: 461.492 Cost: 13.000
arrive destination: True ,out of road:False   Total T: 558865 Episode Num: 1518 Episode T: 280 Reward: 294.524 Cost: 14.000
arrive destination: True ,out of road:False   Total T: 559122 Episode Num: 1519 Episode T: 257 Reward: 295.765 Cost: 0.000
arrive destination: True ,out of road:False   Total T: 559622 Episode Num: 1520 Episode T: 500 Reward: 334.897 Cost: 11.000
arrive destination: True ,out of road:False   Total T: 559879 Episode Num: 1521 Episode T: 257 Reward: 295.925 Cost: 4.000
---------------------------------------
Evaluation over 20 episodes: 0.450 Cost 5.200.             SafeRL used : use_epo
---------------------------------------
[34;1m
Time: 2026-06-29 19:46:25, Time spent from previous logger: 167.898 s[0m
[34;1mCustomLogger with fileds: ['total_steps', 'EpRet', 'EpCost', 'CostRate'][0m
[34;1mfieldvalues: [560000, 0.45, 5.2, 0.01624645758295997]
[0m
arrive destination: False ,out of road:True   Total T: 560319 Episode Num: 1522 Episode T: 440 Reward: 424.562 Cost: 1.000
arrive destination: True ,out of road:False   Total T: 560872 Episode Num: 1523 Episode T: 553 Reward: 467.451 Cost: 34.000
arrive destination: True ,out of road:False   Total T: 561314 Episode Num: 1524 Episode T: 442 Reward: 460.565 Cost: 11.000
arrive destination: True ,out of road:False   Total T: 561544 Episode Num: 1525 Episode T: 230 Reward: 270.382 Cost: 0.000
arrive destination: False ,out of road:False   Total T: 562544 Episode Num: 1526 Episode T: 1000 Reward: 350.390 Cost: 23.000
arrive destination: True ,out of road:False   Total T: 562893 Episode Num: 1527 Episode T: 349 Reward: 373.992 Cost: 3.000
arrive destination: True ,out of road:False   Total T: 563087 Episode Num: 1528 Episode T: 194 Reward: 268.938 Cost: 0.000
arrive destination: True ,out of road:False   Total T: 563378 Episode Num: 1529 Episode T: 291 Reward: 263.783 Cost: 19.000
arrive destination: True ,out of road:False   Total T: 563754 Episode Num: 1530 Episode T: 376 Reward: 415.451 Cost: 12.000
arrive destination: True ,out of road:False   Total T: 564012 Episode Num: 1531 Episode T: 258 Reward: 271.010 Cost: 0.000
arrive destination: True ,out of road:False   Total T: 564274 Episode Num: 1532 Episode T: 262 Reward: 272.900 Cost: 0.000
arrive destination: True ,out of road:True   Total T: 564621 Episode Num: 1533 Episode T: 347 Reward: 422.976 Cost: 13.000
arrive destination: False ,out of road:True   Total T: 564979 Episode Num: 1534 Episode T: 358 Reward: 360.593 Cost: 4.000
arrive destination: True ,out of road:False   Total T: 565343 Episode Num: 1535 Episode T: 364 Reward: 375.426 Cost: 7.000
arrive destination: True ,out of road:False   Total T: 565578 Episode Num: 1536 Episode T: 235 Reward: 274.634 Cost: 0.000
arrive destination: True ,out of road:False   Total T: 565898 Episode Num: 1537 Episode T: 320 Reward: 400.443 Cost: 0.000
arrive destination: False ,out of road:True   Total T: 566055 Episode Num: 1538 Episode T: 157 Reward: 160.878 Cost: 1.000
arrive destination: True ,out of road:False   Total T: 566479 Episode Num: 1539 Episode T: 424 Reward: 414.330 Cost: 12.000
arrive destination: True ,out of road:False   Total T: 566734 Episode Num: 1540 Episode T: 255 Reward: 232.629 Cost: 0.000
arrive destination: True ,out of road:False   Total T: 566965 Episode Num: 1541 Episode T: 231 Reward: 269.770 Cost: 0.000
arrive destination: True ,out of road:False   Total T: 567281 Episode Num: 1542 Episode T: 316 Reward: 371.365 Cost: 0.000
arrive destination: True ,out of road:False   Total T: 567522 Episode Num: 1543 Episode T: 241 Reward: 278.565 Cost: 2.000
arrive destination: False ,out of road:True   Total T: 567719 Episode Num: 1544 Episode T: 197 Reward: 212.115 Cost: 11.000
arrive destination: True ,out of road:False   Total T: 567980 Episode Num: 1545 Episode T: 261 Reward: 272.115 Cost: 0.000
arrive destination: True ,out of road:False   Total T: 568240 Episode Num: 1546 Episode T: 260 Reward: 296.013 Cost: 0.000
arrive destination: True ,out of road:False   Total T: 568489 Episode Num: 1547 Episode T: 249 Reward: 286.323 Cost: 4.000
arrive destination: False ,out of road:True   Total T: 568679 Episode Num: 1548 Episode T: 190 Reward: 207.820 Cost: 8.000
arrive destination: False ,out of road:True   Total T: 569064 Episode Num: 1549 Episode T: 385 Reward: 387.526 Cost: 7.000
arrive destination: False ,out of road:True   Total T: 569348 Episode Num: 1550 Episode T: 284 Reward: 267.756 Cost: 4.000
arrive destination: True ,out of road:False   Total T: 569797 Episode Num: 1551 Episode T: 449 Reward: 462.060 Cost: 21.000
---------------------------------------
Evaluation over 20 episodes: 0.700 Cost 3.950.             SafeRL used : use_epo
---------------------------------------
[34;1m
Time: 2026-06-29 19:49:07, Time spent from previous logger: 161.551 s[0m
[34;1mCustomLogger with fileds: ['total_steps', 'EpRet', 'EpCost', 'CostRate'][0m
[34;1mfieldvalues: [570000, 0.7, 3.95, 0.01630704615271255]
[0m
arrive destination: True ,out of road:False   Total T: 570420 Episode Num: 1552 Episode T: 623 Reward: 613.169 Cost: 7.000
arrive destination: True ,out of road:False   Total T: 570621 Episode Num: 1553 Episode T: 201 Reward: 269.545 Cost: 1.000
arrive destination: False ,out of road:True   Total T: 570858 Episode Num: 1554 Episode T: 237 Reward: 201.953 Cost: 5.000
arrive destination: True ,out of road:False   Total T: 571118 Episode Num: 1555 Episode T: 260 Reward: 296.101 Cost: 0.000
arrive destination: True ,out of road:False   Total T: 571347 Episode Num: 1556 Episode T: 229 Reward: 271.534 Cost: 0.000
arrive destination: True ,out of road:False   Total T: 571649 Episode Num: 1557 Episode T: 302 Reward: 397.717 Cost: 1.000
arrive destination: False ,out of road:True   Total T: 571888 Episode Num: 1558 Episode T: 239 Reward: 206.404 Cost: 10.000
arrive destination: True ,out of road:False   Total T: 572168 Episode Num: 1559 Episode T: 280 Reward: 272.249 Cost: 0.000
arrive destination: True ,out of road:False   Total T: 572556 Episode Num: 1560 Episode T: 388 Reward: 378.783 Cost: 4.000
arrive destination: True ,out of road:False   Total T: 572829 Episode Num: 1561 Episode T: 273 Reward: 272.961 Cost: 1.000
arrive destination: True ,out of road:False   Total T: 573029 Episode Num: 1562 Episode T: 200 Reward: 269.804 Cost: 0.000
arrive destination: False ,out of road:True   Total T: 573124 Episode Num: 1563 Episode T: 95 Reward: 84.189 Cost: 1.000
arrive destination: False ,out of road:True   Total T: 573461 Episode Num: 1564 Episode T: 337 Reward: 349.930 Cost: 8.000
arrive destination: True ,out of road:False   Total T: 573808 Episode Num: 1565 Episode T: 347 Reward: 384.510 Cost: 5.000
arrive destination: False ,out of road:True   Total T: 573906 Episode Num: 1566 Episode T: 98 Reward: 87.501 Cost: 1.000
arrive destination: True ,out of road:False   Total T: 574428 Episode Num: 1567 Episode T: 522 Reward: 415.173 Cost: 5.000
arrive destination: True ,out of road:False   Total T: 574686 Episode Num: 1568 Episode T: 258 Reward: 295.517 Cost: 3.000
arrive destination: True ,out of road:False   Total T: 575035 Episode Num: 1569 Episode T: 349 Reward: 373.177 Cost: 12.000
arrive destination: False ,out of road:True   Total T: 575290 Episode Num: 1570 Episode T: 255 Reward: 249.589 Cost: 4.000
arrive destination: True ,out of road:False   Total T: 575538 Episode Num: 1571 Episode T: 248 Reward: 270.365 Cost: 0.000
arrive destination: True ,out of road:False   Total T: 576070 Episode Num: 1572 Episode T: 532 Reward: 405.747 Cost: 12.000
arrive destination: False ,out of road:True   Total T: 576243 Episode Num: 1573 Episode T: 173 Reward: 183.951 Cost: 2.000
arrive destination: True ,out of road:False   Total T: 576521 Episode Num: 1574 Episode T: 278 Reward: 267.865 Cost: 1.000
arrive destination: True ,out of road:False   Total T: 576714 Episode Num: 1575 Episode T: 193 Reward: 269.762 Cost: 0.000
arrive destination: True ,out of road:False   Total T: 576987 Episode Num: 1576 Episode T: 273 Reward: 294.580 Cost: 15.000
arrive destination: False ,out of road:True   Total T: 577446 Episode Num: 1577 Episode T: 459 Reward: 386.331 Cost: 18.000
arrive destination: False ,out of road:True   Total T: 577757 Episode Num: 1578 Episode T: 311 Reward: 211.611 Cost: 5.000
arrive destination: True ,out of road:False   Total T: 578005 Episode Num: 1579 Episode T: 248 Reward: 269.921 Cost: 0.000
arrive destination: False ,out of road:True   Total T: 578165 Episode Num: 1580 Episode T: 160 Reward: 181.758 Cost: 1.000
arrive destination: True ,out of road:False   Total T: 578386 Episode Num: 1581 Episode T: 221 Reward: 305.971 Cost: 1.000
arrive destination: True ,out of road:False   Total T: 578701 Episode Num: 1582 Episode T: 315 Reward: 398.341 Cost: 1.000
arrive destination: True ,out of road:False   Total T: 578951 Episode Num: 1583 Episode T: 250 Reward: 271.504 Cost: 0.000
arrive destination: True ,out of road:False   Total T: 579208 Episode Num: 1584 Episode T: 257 Reward: 232.618 Cost: 0.000
arrive destination: False ,out of road:True   Total T: 579524 Episode Num: 1585 Episode T: 316 Reward: 292.798 Cost: 7.000
arrive destination: True ,out of road:False   Total T: 579866 Episode Num: 1586 Episode T: 342 Reward: 370.967 Cost: 7.000
---------------------------------------
Evaluation over 20 episodes: 0.750 Cost 7.700.             SafeRL used : use_epo
---------------------------------------
[34;1m
Time: 2026-06-29 19:51:58, Time spent from previous logger: 170.848 s[0m
[34;1mCustomLogger with fileds: ['total_steps', 'EpRet', 'EpCost', 'CostRate'][0m
[34;1mfieldvalues: [580000, 0.75, 7.7, 0.016263821144519214]
[0m
arrive destination: True ,out of road:False   Total T: 580258 Episode Num: 1587 Episode T: 392 Reward: 380.806 Cost: 0.000
arrive destination: True ,out of road:False   Total T: 580465 Episode Num: 1588 Episode T: 207 Reward: 269.055 Cost: 1.000
arrive destination: True ,out of road:False   Total T: 580870 Episode Num: 1589 Episode T: 405 Reward: 380.639 Cost: 4.000
arrive destination: False ,out of road:True   Total T: 581034 Episode Num: 1590 Episode T: 164 Reward: 180.609 Cost: 1.000
arrive destination: True ,out of road:False   Total T: 581309 Episode Num: 1591 Episode T: 275 Reward: 269.185 Cost: 6.000
arrive destination: True ,out of road:False   Total T: 581559 Episode Num: 1592 Episode T: 250 Reward: 267.517 Cost: 0.000
arrive destination: False ,out of road:True   Total T: 581837 Episode Num: 1593 Episode T: 278 Reward: 347.320 Cost: 3.000
arrive destination: True ,out of road:False   Total T: 582319 Episode Num: 1594 Episode T: 482 Reward: 497.451 Cost: 12.000
arrive destination: True ,out of road:False   Total T: 582612 Episode Num: 1595 Episode T: 293 Reward: 269.202 Cost: 17.000
arrive destination: False ,out of road:True   Total T: 582739 Episode Num: 1596 Episode T: 127 Reward: 134.229 Cost: 1.000
arrive destination: True ,out of road:False   Total T: 582925 Episode Num: 1597 Episode T: 186 Reward: 269.484 Cost: 0.000
arrive destination: True ,out of road:False   Total T: 583275 Episode Num: 1598 Episode T: 350 Reward: 399.324 Cost: 19.000
arrive destination: True ,out of road:False   Total T: 583719 Episode Num: 1599 Episode T: 444 Reward: 372.780 Cost: 17.000
arrive destination: True ,out of road:False   Total T: 583956 Episode Num: 1600 Episode T: 237 Reward: 276.049 Cost: 0.000
arrive destination: True ,out of road:False   Total T: 584353 Episode Num: 1601 Episode T: 397 Reward: 380.500 Cost: 12.000
arrive destination: True ,out of road:False   Total T: 584719 Episode Num: 1602 Episode T: 366 Reward: 416.775 Cost: 17.000
arrive destination: True ,out of road:False   Total T: 585069 Episode Num: 1603 Episode T: 350 Reward: 336.165 Cost: 4.000
arrive destination: False ,out of road:True   Total T: 585224 Episode Num: 1604 Episode T: 155 Reward: 159.700 Cost: 1.000
arrive destination: True ,out of road:False   Total T: 585541 Episode Num: 1605 Episode T: 317 Reward: 374.259 Cost: 0.000
arrive destination: False ,out of road:True   Total T: 585673 Episode Num: 1606 Episode T: 132 Reward: 126.425 Cost: 1.000
arrive destination: False ,out of road:True   Total T: 585954 Episode Num: 1607 Episode T: 281 Reward: 317.515 Cost: 1.000
arrive destination: True ,out of road:False   Total T: 586365 Episode Num: 1608 Episode T: 411 Reward: 378.007 Cost: 5.000
arrive destination: True ,out of road:False   Total T: 586633 Episode Num: 1609 Episode T: 268 Reward: 272.493 Cost: 0.000
arrive destination: True ,out of road:False   Total T: 586864 Episode Num: 1610 Episode T: 231 Reward: 268.249 Cost: 0.000
arrive destination: True ,out of road:False   Total T: 587053 Episode Num: 1611 Episode T: 189 Reward: 268.723 Cost: 0.000
arrive destination: True ,out of road:False   Total T: 587485 Episode Num: 1612 Episode T: 432 Reward: 461.493 Cost: 17.000
arrive destination: False ,out of road:True   Total T: 587635 Episode Num: 1613 Episode T: 150 Reward: 139.873 Cost: 1.000
arrive destination: False ,out of road:True   Total T: 587787 Episode Num: 1614 Episode T: 152 Reward: 157.550 Cost: 1.000
arrive destination: True ,out of road:False   Total T: 588237 Episode Num: 1615 Episode T: 450 Reward: 475.084 Cost: 28.000
arrive destination: True ,out of road:False   Total T: 588496 Episode Num: 1616 Episode T: 259 Reward: 232.866 Cost: 0.000
arrive destination: False ,out of road:True   Total T: 588694 Episode Num: 1617 Episode T: 198 Reward: 208.513 Cost: 1.000
arrive destination: False ,out of road:True   Total T: 588847 Episode Num: 1618 Episode T: 153 Reward: 157.072 Cost: 1.000
arrive destination: True ,out of road:False   Total T: 589102 Episode Num: 1619 Episode T: 255 Reward: 268.096 Cost: 0.000
arrive destination: True ,out of road:False   Total T: 589339 Episode Num: 1620 Episode T: 237 Reward: 295.377 Cost: 2.000
arrive destination: False ,out of road:True   Total T: 589706 Episode Num: 1621 Episode T: 367 Reward: 357.841 Cost: 14.000
---------------------------------------
Evaluation over 20 episodes: 0.400 Cost 3.050.             SafeRL used : use_epo
---------------------------------------
[34;1m
Time: 2026-06-29 19:54:40, Time spent from previous logger: 162.390 s[0m
[34;1mCustomLogger with fileds: ['total_steps', 'EpRet', 'EpCost', 'CostRate'][0m
[34;1mfieldvalues: [590000, 0.4, 3.05, 0.01630850221780037]
[0m
arrive destination: True ,out of road:False   Total T: 590249 Episode Num: 1622 Episode T: 543 Reward: 638.449 Cost: 11.000
arrive destination: True ,out of road:False   Total T: 590571 Episode Num: 1623 Episode T: 322 Reward: 372.817 Cost: 0.000
arrive destination: True ,out of road:False   Total T: 590811 Episode Num: 1624 Episode T: 240 Reward: 277.267 Cost: 0.000
arrive destination: True ,out of road:False   Total T: 591050 Episode Num: 1625 Episode T: 239 Reward: 287.580 Cost: 2.000
arrive destination: True ,out of road:False   Total T: 591317 Episode Num: 1626 Episode T: 267 Reward: 294.021 Cost: 6.000
arrive destination: True ,out of road:False   Total T: 591674 Episode Num: 1627 Episode T: 357 Reward: 397.984 Cost: 0.000
arrive destination: True ,out of road:False   Total T: 591945 Episode Num: 1628 Episode T: 271 Reward: 336.083 Cost: 5.000
arrive destination: True ,out of road:False   Total T: 592366 Episode Num: 1629 Episode T: 421 Reward: 378.536 Cost: 3.000
arrive destination: False ,out of road:True   Total T: 592605 Episode Num: 1630 Episode T: 239 Reward: 241.210 Cost: 3.000
arrive destination: False ,out of road:True   Total T: 592868 Episode Num: 1631 Episode T: 263 Reward: 241.173 Cost: 3.000
arrive destination: True ,out of road:False   Total T: 593212 Episode Num: 1632 Episode T: 344 Reward: 335.681 Cost: 3.000
arrive destination: True ,out of road:False   Total T: 593451 Episode Num: 1633 Episode T: 239 Reward: 273.637 Cost: 0.000
arrive destination: True ,out of road:False   Total T: 593658 Episode Num: 1634 Episode T: 207 Reward: 231.978 Cost: 5.000
arrive destination: True ,out of road:False   Total T: 594054 Episode Num: 1635 Episode T: 396 Reward: 377.302 Cost: 5.000
arrive destination: True ,out of road:False   Total T: 594507 Episode Num: 1636 Episode T: 453 Reward: 474.009 Cost: 8.000
arrive destination: True ,out of road:False   Total T: 594945 Episode Num: 1637 Episode T: 438 Reward: 417.643 Cost: 29.000
arrive destination: True ,out of road:False   Total T: 595216 Episode Num: 1638 Episode T: 271 Reward: 269.960 Cost: 0.000
arrive destination: True ,out of road:False   Total T: 595409 Episode Num: 1639 Episode T: 193 Reward: 268.887 Cost: 0.000
arrive destination: True ,out of road:False   Total T: 595666 Episode Num: 1640 Episode T: 257 Reward: 285.916 Cost: 2.000
arrive destination: True ,out of road:False   Total T: 595979 Episode Num: 1641 Episode T: 313 Reward: 398.759 Cost: 2.000
arrive destination: True ,out of road:False   Total T: 596292 Episode Num: 1642 Episode T: 313 Reward: 399.968 Cost: 0.000
arrive destination: False ,out of road:True   Total T: 596596 Episode Num: 1643 Episode T: 304 Reward: 255.055 Cost: 6.000
arrive destination: False ,out of road:True   Total T: 596786 Episode Num: 1644 Episode T: 190 Reward: 227.973 Cost: 9.000
arrive destination: False ,out of road:True   Total T: 597000 Episode Num: 1645 Episode T: 214 Reward: 212.255 Cost: 12.000
arrive destination: True ,out of road:False   Total T: 597255 Episode Num: 1646 Episode T: 255 Reward: 336.255 Cost: 1.000
arrive destination: False ,out of road:True   Total T: 597382 Episode Num: 1647 Episode T: 127 Reward: 126.339 Cost: 2.000
arrive destination: True ,out of road:False   Total T: 597752 Episode Num: 1648 Episode T: 370 Reward: 402.920 Cost: 0.000
arrive destination: True ,out of road:True   Total T: 598070 Episode Num: 1649 Episode T: 318 Reward: 372.357 Cost: 2.000
arrive destination: True ,out of road:False   Total T: 598318 Episode Num: 1650 Episode T: 248 Reward: 269.457 Cost: 0.000
arrive destination: True ,out of road:False   Total T: 598577 Episode Num: 1651 Episode T: 259 Reward: 233.041 Cost: 0.000
arrive destination: True ,out of road:False   Total T: 598987 Episode Num: 1652 Episode T: 410 Reward: 413.588 Cost: 9.000
arrive destination: True ,out of road:False   Total T: 599348 Episode Num: 1653 Episode T: 361 Reward: 400.225 Cost: 0.000
arrive destination: True ,out of road:False   Total T: 599746 Episode Num: 1654 Episode T: 398 Reward: 377.940 Cost: 0.000
arrive destination: True ,out of road:False   Total T: 599943 Episode Num: 1655 Episode T: 197 Reward: 270.082 Cost: 0.000
---------------------------------------
Evaluation over 20 episodes: 0.650 Cost 7.500.             SafeRL used : use_epo
---------------------------------------
[34;1m
Time: 2026-06-29 19:57:29, Time spent from previous logger: 169.251 s[0m
[34;1mCustomLogger with fileds: ['total_steps', 'EpRet', 'EpCost', 'CostRate'][0m
[34;1mfieldvalues: [600000, 0.65, 7.5, 0.016246693744489574]
[0m
arrive destination: True ,out of road:False   Total T: 600357 Episode Num: 1656 Episode T: 414 Reward: 437.722 Cost: 6.000
arrive destination: True ,out of road:False   Total T: 600804 Episode Num: 1657 Episode T: 447 Reward: 463.225 Cost: 2.000
arrive destination: True ,out of road:False   Total T: 601073 Episode Num: 1658 Episode T: 269 Reward: 270.626 Cost: 0.000
arrive destination: True ,out of road:False   Total T: 601319 Episode Num: 1659 Episode T: 246 Reward: 269.661 Cost: 0.000
arrive destination: True ,out of road:False   Total T: 601750 Episode Num: 1660 Episode T: 431 Reward: 404.076 Cost: 16.000
arrive destination: True ,out of road:False   Total T: 602366 Episode Num: 1661 Episode T: 616 Reward: 414.755 Cost: 25.000
arrive destination: True ,out of road:False   Total T: 602733 Episode Num: 1662 Episode T: 367 Reward: 396.623 Cost: 0.000
arrive destination: False ,out of road:True   Total T: 602861 Episode Num: 1663 Episode T: 128 Reward: 132.885 Cost: 1.000
arrive destination: True ,out of road:False   Total T: 603401 Episode Num: 1664 Episode T: 540 Reward: 415.199 Cost: 19.000
arrive destination: False ,out of road:True   Total T: 603608 Episode Num: 1665 Episode T: 207 Reward: 221.924 Cost: 9.000
arrive destination: True ,out of road:False   Total T: 603949 Episode Num: 1666 Episode T: 341 Reward: 412.458 Cost: 8.000
arrive destination: True ,out of road:False   Total T: 604457 Episode Num: 1667 Episode T: 508 Reward: 380.187 Cost: 11.000
arrive destination: True ,out of road:False   Total T: 604909 Episode Num: 1668 Episode T: 452 Reward: 472.547 Cost: 4.000
arrive destination: True ,out of road:False   Total T: 605166 Episode Num: 1669 Episode T: 257 Reward: 232.628 Cost: 0.000
arrive destination: True ,out of road:False   Total T: 605394 Episode Num: 1670 Episode T: 228 Reward: 286.066 Cost: 0.000
arrive destination: True ,out of road:False   Total T: 605652 Episode Num: 1671 Episode T: 258 Reward: 231.818 Cost: 0.000
arrive destination: True ,out of road:False   Total T: 605847 Episode Num: 1672 Episode T: 195 Reward: 269.682 Cost: 1.000
arrive destination: True ,out of road:False   Total T: 606097 Episode Num: 1673 Episode T: 250 Reward: 270.238 Cost: 1.000
arrive destination: True ,out of road:False   Total T: 606375 Episode Num: 1674 Episode T: 278 Reward: 285.909 Cost: 1.000
arrive destination: True ,out of road:False   Total T: 606743 Episode Num: 1675 Episode T: 368 Reward: 404.398 Cost: 0.000
arrive destination: True ,out of road:False   Total T: 607169 Episode Num: 1676 Episode T: 426 Reward: 410.681 Cost: 3.000
arrive destination: True ,out of road:False   Total T: 607550 Episode Num: 1677 Episode T: 381 Reward: 396.354 Cost: 0.000
arrive destination: False ,out of road:True   Total T: 607733 Episode Num: 1678 Episode T: 183 Reward: 208.023 Cost: 2.000
arrive destination: False ,out of road:True   Total T: 607945 Episode Num: 1679 Episode T: 212 Reward: 217.924 Cost: 7.000
arrive destination: True ,out of road:False   Total T: 608311 Episode Num: 1680 Episode T: 366 Reward: 396.067 Cost: 0.000
arrive destination: True ,out of road:False   Total T: 608529 Episode Num: 1681 Episode T: 218 Reward: 285.049 Cost: 0.000
arrive destination: True ,out of road:False   Total T: 608934 Episode Num: 1682 Episode T: 405 Reward: 466.967 Cost: 7.000
arrive destination: True ,out of road:False   Total T: 609207 Episode Num: 1683 Episode T: 273 Reward: 274.176 Cost: 0.000
arrive destination: True ,out of road:False   Total T: 609529 Episode Num: 1684 Episode T: 322 Reward: 384.634 Cost: 3.000
arrive destination: False ,out of road:True   Total T: 609875 Episode Num: 1685 Episode T: 346 Reward: 326.096 Cost: 6.000
---------------------------------------
Evaluation over 20 episodes: 0.350 Cost 4.250.             SafeRL used : use_epo
---------------------------------------
[34;1m
Time: 2026-06-29 20:00:08, Time spent from previous logger: 158.536 s[0m
[34;1mCustomLogger with fileds: ['total_steps', 'EpRet', 'EpCost', 'CostRate'][0m
[34;1mfieldvalues: [610000, 0.35, 4.25, 0.01619674786352109]
[0m
arrive destination: True ,out of road:False   Total T: 610481 Episode Num: 1686 Episode T: 606 Reward: 611.743 Cost: 18.000
arrive destination: True ,out of road:False   Total T: 610861 Episode Num: 1687 Episode T: 380 Reward: 463.630 Cost: 24.000
arrive destination: True ,out of road:False   Total T: 611233 Episode Num: 1688 Episode T: 372 Reward: 410.277 Cost: 11.000
arrive destination: True ,out of road:False   Total T: 611495 Episode Num: 1689 Episode T: 262 Reward: 231.750 Cost: 1.000
arrive destination: False ,out of road:True   Total T: 611588 Episode Num: 1690 Episode T: 93 Reward: 81.603 Cost: 1.000
arrive destination: True ,out of road:False   Total T: 612147 Episode Num: 1691 Episode T: 559 Reward: 498.200 Cost: 2.000
arrive destination: False ,out of road:True   Total T: 612287 Episode Num: 1692 Episode T: 140 Reward: 138.110 Cost: 1.000
arrive destination: True ,out of road:False   Total T: 612654 Episode Num: 1693 Episode T: 367 Reward: 378.993 Cost: 6.000
arrive destination: False ,out of road:True   Total T: 612937 Episode Num: 1694 Episode T: 283 Reward: 275.836 Cost: 11.000
arrive destination: True ,out of road:False   Total T: 613248 Episode Num: 1695 Episode T: 311 Reward: 400.252 Cost: 2.000
arrive destination: True ,out of road:False   Total T: 613603 Episode Num: 1696 Episode T: 355 Reward: 400.966 Cost: 0.000
arrive destination: False ,out of road:True   Total T: 613691 Episode Num: 1697 Episode T: 88 Reward: 68.016 Cost: 1.000
arrive destination: True ,out of road:False   Total T: 613953 Episode Num: 1698 Episode T: 262 Reward: 271.128 Cost: 0.000
arrive destination: True ,out of road:False   Total T: 614217 Episode Num: 1699 Episode T: 264 Reward: 295.933 Cost: 0.000
arrive destination: False ,out of road:True   Total T: 614446 Episode Num: 1700 Episode T: 229 Reward: 236.735 Cost: 4.000
arrive destination: True ,out of road:False   Total T: 614716 Episode Num: 1701 Episode T: 270 Reward: 271.473 Cost: 0.000
arrive destination: True ,out of road:False   Total T: 615057 Episode Num: 1702 Episode T: 341 Reward: 336.185 Cost: 13.000
arrive destination: True ,out of road:False   Total T: 615286 Episode Num: 1703 Episode T: 229 Reward: 286.380 Cost: 3.000
arrive destination: False ,out of road:True   Total T: 615423 Episode Num: 1704 Episode T: 137 Reward: 138.469 Cost: 1.000
arrive destination: True ,out of road:False   Total T: 615646 Episode Num: 1705 Episode T: 223 Reward: 284.921 Cost: 0.000
arrive destination: True ,out of road:False   Total T: 616004 Episode Num: 1706 Episode T: 358 Reward: 381.847 Cost: 7.000
arrive destination: True ,out of road:False   Total T: 616289 Episode Num: 1707 Episode T: 285 Reward: 265.307 Cost: 4.000
arrive destination: False ,out of road:True   Total T: 616613 Episode Num: 1708 Episode T: 324 Reward: 353.863 Cost: 1.000
arrive destination: True ,out of road:False   Total T: 616811 Episode Num: 1709 Episode T: 198 Reward: 269.404 Cost: 0.000
arrive destination: True ,out of road:False   Total T: 617417 Episode Num: 1710 Episode T: 606 Reward: 417.025 Cost: 29.000
arrive destination: True ,out of road:False   Total T: 617676 Episode Num: 1711 Episode T: 259 Reward: 232.944 Cost: 0.000
arrive destination: False ,out of road:True   Total T: 617927 Episode Num: 1712 Episode T: 251 Reward: 271.377 Cost: 4.000
arrive destination: False ,out of road:True   Total T: 618457 Episode Num: 1713 Episode T: 530 Reward: 477.265 Cost: 23.000
arrive destination: False ,out of road:True   Total T: 618593 Episode Num: 1714 Episode T: 136 Reward: 137.836 Cost: 1.000
arrive destination: True ,out of road:False   Total T: 618855 Episode Num: 1715 Episode T: 262 Reward: 295.870 Cost: 0.000
arrive destination: True ,out of road:False   Total T: 619269 Episode Num: 1716 Episode T: 414 Reward: 462.196 Cost: 6.000
arrive destination: True ,out of road:False   Total T: 619630 Episode Num: 1717 Episode T: 361 Reward: 416.731 Cost: 9.000
arrive destination: True ,out of road:False   Total T: 619868 Episode Num: 1718 Episode T: 238 Reward: 275.663 Cost: 0.000
---------------------------------------
Evaluation over 20 episodes: 0.500 Cost 3.400.             SafeRL used : use_epo
---------------------------------------
[34;1m
Time: 2026-06-29 20:02:56, Time spent from previous logger: 168.232 s[0m
[34;1mCustomLogger with fileds: ['total_steps', 'EpRet', 'EpCost', 'CostRate'][0m
[34;1mfieldvalues: [620000, 0.5, 3.4, 0.016230671339792484]
[0m
arrive destination: True ,out of road:False   Total T: 620246 Episode Num: 1719 Episode T: 378 Reward: 420.187 Cost: 0.000
arrive destination: True ,out of road:False   Total T: 620661 Episode Num: 1720 Episode T: 415 Reward: 408.250 Cost: 16.000
arrive destination: False ,out of road:True   Total T: 620763 Episode Num: 1721 Episode T: 102 Reward: 82.291 Cost: 2.000
arrive destination: False ,out of road:True   Total T: 620864 Episode Num: 1722 Episode T: 101 Reward: 86.022 Cost: 1.000
arrive destination: True ,out of road:False   Total T: 621174 Episode Num: 1723 Episode T: 310 Reward: 371.347 Cost: 0.000
arrive destination: True ,out of road:False   Total T: 621565 Episode Num: 1724 Episode T: 391 Reward: 373.876 Cost: 1.000
arrive destination: False ,out of road:True   Total T: 621689 Episode Num: 1725 Episode T: 124 Reward: 130.273 Cost: 1.000
arrive destination: True ,out of road:False   Total T: 622124 Episode Num: 1726 Episode T: 435 Reward: 476.853 Cost: 4.000
arrive destination: True ,out of road:False   Total T: 622382 Episode Num: 1727 Episode T: 258 Reward: 231.152 Cost: 0.000
arrive destination: True ,out of road:False   Total T: 622638 Episode Num: 1728 Episode T: 256 Reward: 232.353 Cost: 0.000
arrive destination: True ,out of road:False   Total T: 622977 Episode Num: 1729 Episode T: 339 Reward: 368.253 Cost: 4.000
arrive destination: True ,out of road:False   Total T: 623346 Episode Num: 1730 Episode T: 369 Reward: 415.087 Cost: 2.000
arrive destination: True ,out of road:False   Total T: 623765 Episode Num: 1731 Episode T: 419 Reward: 378.990 Cost: 8.000
arrive destination: True ,out of road:False   Total T: 624021 Episode Num: 1732 Episode T: 256 Reward: 231.879 Cost: 1.000
arrive destination: False ,out of road:True   Total T: 624147 Episode Num: 1733 Episode T: 126 Reward: 133.662 Cost: 1.000
arrive destination: True ,out of road:False   Total T: 624416 Episode Num: 1734 Episode T: 269 Reward: 271.788 Cost: 0.000
arrive destination: True ,out of road:False   Total T: 625066 Episode Num: 1735 Episode T: 650 Reward: 418.876 Cost: 24.000
arrive destination: True ,out of road:False   Total T: 625258 Episode Num: 1736 Episode T: 192 Reward: 269.415 Cost: 0.000
arrive destination: True ,out of road:False   Total T: 625785 Episode Num: 1737 Episode T: 527 Reward: 467.778 Cost: 19.000
arrive destination: True ,out of road:False   Total T: 626063 Episode Num: 1738 Episode T: 278 Reward: 315.529 Cost: 8.000
arrive destination: True ,out of road:False   Total T: 626372 Episode Num: 1739 Episode T: 309 Reward: 399.931 Cost: 4.000
arrive destination: True ,out of road:False   Total T: 626628 Episode Num: 1740 Episode T: 256 Reward: 232.637 Cost: 0.000
arrive destination: True ,out of road:False   Total T: 626914 Episode Num: 1741 Episode T: 286 Reward: 269.107 Cost: 9.000
arrive destination: True ,out of road:False   Total T: 627239 Episode Num: 1742 Episode T: 325 Reward: 398.814 Cost: 8.000
arrive destination: True ,out of road:False   Total T: 627436 Episode Num: 1743 Episode T: 197 Reward: 270.135 Cost: 1.000
arrive destination: True ,out of road:False   Total T: 627697 Episode Num: 1744 Episode T: 261 Reward: 295.831 Cost: 1.000
arrive destination: True ,out of road:False   Total T: 627926 Episode Num: 1745 Episode T: 229 Reward: 284.931 Cost: 0.000
arrive destination: True ,out of road:False   Total T: 628199 Episode Num: 1746 Episode T: 273 Reward: 294.164 Cost: 19.000
arrive destination: True ,out of road:False   Total T: 628688 Episode Num: 1747 Episode T: 489 Reward: 380.363 Cost: 37.000
arrive destination: True ,out of road:False   Total T: 628912 Episode Num: 1748 Episode T: 224 Reward: 266.918 Cost: 0.000
arrive destination: False ,out of road:True   Total T: 629038 Episode Num: 1749 Episode T: 126 Reward: 133.006 Cost: 1.000
arrive destination: True ,out of road:False   Total T: 629483 Episode Num: 1750 Episode T: 445 Reward: 404.886 Cost: 6.000
arrive destination: True ,out of road:False   Total T: 629910 Episode Num: 1751 Episode T: 427 Reward: 378.718 Cost: 15.000
---------------------------------------
Evaluation over 20 episodes: 0.700 Cost 3.800.             SafeRL used : use_epo
---------------------------------------
[34;1m
Time: 2026-06-29 20:05:43, Time spent from previous logger: 166.708 s[0m
[34;1mCustomLogger with fileds: ['total_steps', 'EpRet', 'EpCost', 'CostRate'][0m
[34;1mfieldvalues: [630000, 0.7, 3.8, 0.016279390919668128]
[0m
arrive destination: False ,out of road:True   Total T: 630154 Episode Num: 1752 Episode T: 244 Reward: 235.024 Cost: 1.000
arrive destination: True ,out of road:False   Total T: 630582 Episode Num: 1753 Episode T: 428 Reward: 460.605 Cost: 10.000
arrive destination: True ,out of road:False   Total T: 630852 Episode Num: 1754 Episode T: 270 Reward: 294.733 Cost: 7.000
arrive destination: True ,out of road:False   Total T: 631085 Episode Num: 1755 Episode T: 233 Reward: 272.422 Cost: 0.000
arrive destination: True ,out of road:False   Total T: 631359 Episode Num: 1756 Episode T: 274 Reward: 270.003 Cost: 0.000
arrive destination: True ,out of road:False   Total T: 631580 Episode Num: 1757 Episode T: 221 Reward: 283.697 Cost: 0.000
arrive destination: True ,out of road:False   Total T: 631948 Episode Num: 1758 Episode T: 368 Reward: 378.673 Cost: 7.000
arrive destination: True ,out of road:False   Total T: 632186 Episode Num: 1759 Episode T: 238 Reward: 273.121 Cost: 0.000
arrive destination: True ,out of road:False   Total T: 632543 Episode Num: 1760 Episode T: 357 Reward: 388.756 Cost: 10.000
arrive destination: True ,out of road:False   Total T: 632804 Episode Num: 1761 Episode T: 261 Reward: 294.834 Cost: 2.000
arrive destination: False ,out of road:True   Total T: 632993 Episode Num: 1762 Episode T: 189 Reward: 227.696 Cost: 1.000
arrive destination: True ,out of road:False   Total T: 633233 Episode Num: 1763 Episode T: 240 Reward: 273.032 Cost: 0.000
arrive destination: True ,out of road:False   Total T: 633680 Episode Num: 1764 Episode T: 447 Reward: 386.047 Cost: 5.000
arrive destination: False ,out of road:True   Total T: 634179 Episode Num: 1765 Episode T: 499 Reward: 461.895 Cost: 12.000
arrive destination: False ,out of road:True   Total T: 634425 Episode Num: 1766 Episode T: 246 Reward: 212.327 Cost: 23.000
arrive destination: True ,out of road:False   Total T: 634866 Episode Num: 1767 Episode T: 441 Reward: 476.975 Cost: 3.000
arrive destination: True ,out of road:False   Total T: 635293 Episode Num: 1768 Episode T: 427 Reward: 399.241 Cost: 35.000
arrive destination: True ,out of road:False   Total T: 635523 Episode Num: 1769 Episode T: 230 Reward: 283.597 Cost: 0.000
arrive destination: True ,out of road:False   Total T: 635720 Episode Num: 1770 Episode T: 197 Reward: 269.831 Cost: 0.000
arrive destination: True ,out of road:False   Total T: 636204 Episode Num: 1771 Episode T: 484 Reward: 415.267 Cost: 2.000
arrive destination: True ,out of road:False   Total T: 636462 Episode Num: 1772 Episode T: 258 Reward: 232.369 Cost: 0.000
arrive destination: True ,out of road:False   Total T: 636868 Episode Num: 1773 Episode T: 406 Reward: 415.035 Cost: 6.000
arrive destination: True ,out of road:False   Total T: 637266 Episode Num: 1774 Episode T: 398 Reward: 380.858 Cost: 5.000
arrive destination: False ,out of road:True   Total T: 637651 Episode Num: 1775 Episode T: 385 Reward: 334.367 Cost: 4.000
arrive destination: False ,out of road:True   Total T: 637967 Episode Num: 1776 Episode T: 316 Reward: 332.699 Cost: 9.000
arrive destination: True ,out of road:False   Total T: 638234 Episode Num: 1777 Episode T: 267 Reward: 265.375 Cost: 0.000
arrive destination: False ,out of road:True   Total T: 638356 Episode Num: 1778 Episode T: 122 Reward: 133.799 Cost: 1.000
arrive destination: True ,out of road:False   Total T: 638771 Episode Num: 1779 Episode T: 415 Reward: 475.980 Cost: 0.000
arrive destination: True ,out of road:False   Total T: 639098 Episode Num: 1780 Episode T: 327 Reward: 294.448 Cost: 18.000
arrive destination: False ,out of road:True   Total T: 639347 Episode Num: 1781 Episode T: 249 Reward: 212.266 Cost: 17.000
arrive destination: True ,out of road:False   Total T: 639763 Episode Num: 1782 Episode T: 416 Reward: 464.826 Cost: 1.000
---------------------------------------
Evaluation over 20 episodes: 0.700 Cost 4.350.             SafeRL used : use_epo
---------------------------------------
[34;1m
Time: 2026-06-29 20:08:36, Time spent from previous logger: 173.669 s[0m
[34;1mCustomLogger with fileds: ['total_steps', 'EpRet', 'EpCost', 'CostRate'][0m
[34;1mfieldvalues: [640000, 0.7, 4.35, 0.016309400483438256]
[0m
arrive destination: True ,out of road:False   Total T: 640331 Episode Num: 1783 Episode T: 568 Reward: 550.178 Cost: 8.000
arrive destination: True ,out of road:False   Total T: 640584 Episode Num: 1784 Episode T: 253 Reward: 270.107 Cost: 2.000
arrive destination: True ,out of road:False   Total T: 640959 Episode Num: 1785 Episode T: 375 Reward: 392.780 Cost: 0.000
arrive destination: True ,out of road:False   Total T: 641265 Episode Num: 1786 Episode T: 306 Reward: 382.935 Cost: 1.000
arrive destination: True ,out of road:False   Total T: 641585 Episode Num: 1787 Episode T: 320 Reward: 370.683 Cost: 0.000
arrive destination: True ,out of road:False   Total T: 642005 Episode Num: 1788 Episode T: 420 Reward: 474.203 Cost: 2.000
arrive destination: False ,out of road:True   Total T: 642158 Episode Num: 1789 Episode T: 153 Reward: 157.505 Cost: 1.000
arrive destination: True ,out of road:False   Total T: 642476 Episode Num: 1790 Episode T: 318 Reward: 400.033 Cost: 1.000
arrive destination: True ,out of road:False   Total T: 642917 Episode Num: 1791 Episode T: 441 Reward: 474.297 Cost: 0.000
arrive destination: True ,out of road:False   Total T: 643225 Episode Num: 1792 Episode T: 308 Reward: 398.485 Cost: 2.000
arrive destination: True ,out of road:False   Total T: 643519 Episode Num: 1793 Episode T: 294 Reward: 268.357 Cost: 6.000
arrive destination: False ,out of road:True   Total T: 643971 Episode Num: 1794 Episode T: 452 Reward: 413.845 Cost: 15.000
arrive destination: True ,out of road:False   Total T: 644241 Episode Num: 1795 Episode T: 270 Reward: 269.337 Cost: 0.000
arrive destination: True ,out of road:False   Total T: 644628 Episode Num: 1796 Episode T: 387 Reward: 458.297 Cost: 3.000
arrive destination: True ,out of road:False   Total T: 644990 Episode Num: 1797 Episode T: 362 Reward: 416.908 Cost: 6.000
arrive destination: True ,out of road:False   Total T: 645197 Episode Num: 1798 Episode T: 207 Reward: 270.173 Cost: 1.000
arrive destination: True ,out of road:False   Total T: 645467 Episode Num: 1799 Episode T: 270 Reward: 269.940 Cost: 0.000
arrive destination: True ,out of road:False   Total T: 645703 Episode Num: 1800 Episode T: 236 Reward: 274.788 Cost: 0.000
arrive destination: True ,out of road:False   Total T: 646023 Episode Num: 1801 Episode T: 320 Reward: 371.419 Cost: 0.000
arrive destination: True ,out of road:False   Total T: 646290 Episode Num: 1802 Episode T: 267 Reward: 294.377 Cost: 14.000
arrive destination: True ,out of road:False   Total T: 646487 Episode Num: 1803 Episode T: 197 Reward: 270.130 Cost: 0.000
arrive destination: True ,out of road:False   Total T: 646931 Episode Num: 1804 Episode T: 444 Reward: 476.261 Cost: 4.000
arrive destination: True ,out of road:False   Total T: 647361 Episode Num: 1805 Episode T: 430 Reward: 462.988 Cost: 2.000
arrive destination: True ,out of road:False   Total T: 647630 Episode Num: 1806 Episode T: 269 Reward: 267.532 Cost: 0.000
arrive destination: True ,out of road:False   Total T: 648045 Episode Num: 1807 Episode T: 415 Reward: 410.057 Cost: 17.000
arrive destination: True ,out of road:False   Total T: 648269 Episode Num: 1808 Episode T: 224 Reward: 284.654 Cost: 0.000
arrive destination: True ,out of road:False   Total T: 648530 Episode Num: 1809 Episode T: 261 Reward: 294.441 Cost: 12.000
arrive destination: True ,out of road:False   Total T: 649095 Episode Num: 1810 Episode T: 565 Reward: 379.724 Cost: 16.000
arrive destination: True ,out of road:False   Total T: 649521 Episode Num: 1811 Episode T: 426 Reward: 378.625 Cost: 17.000
arrive destination: True ,out of road:False   Total T: 649748 Episode Num: 1812 Episode T: 227 Reward: 270.137 Cost: 0.000
---------------------------------------
Evaluation over 20 episodes: 0.350 Cost 4.400.             SafeRL used : use_epo
---------------------------------------
[34;1m
Time: 2026-06-29 20:11:23, Time spent from previous logger: 166.692 s[0m
[34;1mCustomLogger with fileds: ['total_steps', 'EpRet', 'EpCost', 'CostRate'][0m
[34;1mfieldvalues: [650000, 0.35, 4.4, 0.016253871159801786]
[0m
arrive destination: True ,out of road:False   Total T: 650249 Episode Num: 1813 Episode T: 501 Reward: 518.073 Cost: 0.000
arrive destination: True ,out of road:False   Total T: 650564 Episode Num: 1814 Episode T: 315 Reward: 399.077 Cost: 3.000
arrive destination: False ,out of road:True   Total T: 650954 Episode Num: 1815 Episode T: 390 Reward: 336.429 Cost: 15.000
arrive destination: False ,out of road:True   Total T: 651119 Episode Num: 1816 Episode T: 165 Reward: 181.300 Cost: 1.000
arrive destination: True ,out of road:False   Total T: 651360 Episode Num: 1817 Episode T: 241 Reward: 268.303 Cost: 1.000
arrive destination: True ,out of road:False   Total T: 651753 Episode Num: 1818 Episode T: 393 Reward: 379.540 Cost: 6.000
arrive destination: False ,out of road:True   Total T: 652069 Episode Num: 1819 Episode T: 316 Reward: 325.496 Cost: 14.000
arrive destination: True ,out of road:False   Total T: 652383 Episode Num: 1820 Episode T: 314 Reward: 372.377 Cost: 0.000
arrive destination: True ,out of road:False   Total T: 652820 Episode Num: 1821 Episode T: 437 Reward: 405.677 Cost: 1.000
arrive destination: True ,out of road:False   Total T: 653096 Episode Num: 1822 Episode T: 276 Reward: 264.111 Cost: 5.000
arrive destination: True ,out of road:False   Total T: 653370 Episode Num: 1823 Episode T: 274 Reward: 268.532 Cost: 0.000
arrive destination: True ,out of road:False   Total T: 653600 Episode Num: 1824 Episode T: 230 Reward: 270.520 Cost: 0.000
arrive destination: False ,out of road:True   Total T: 653754 Episode Num: 1825 Episode T: 154 Reward: 158.748 Cost: 1.000
arrive destination: True ,out of road:False   Total T: 654032 Episode Num: 1826 Episode T: 278 Reward: 272.359 Cost: 0.000
arrive destination: True ,out of road:False   Total T: 654448 Episode Num: 1827 Episode T: 416 Reward: 474.653 Cost: 4.000
arrive destination: True ,out of road:False   Total T: 654651 Episode Num: 1828 Episode T: 203 Reward: 269.173 Cost: 1.000
arrive destination: True ,out of road:False   Total T: 654867 Episode Num: 1829 Episode T: 216 Reward: 269.894 Cost: 2.000
arrive destination: False ,out of road:True   Total T: 655061 Episode Num: 1830 Episode T: 194 Reward: 230.539 Cost: 1.000
arrive destination: True ,out of road:False   Total T: 655445 Episode Num: 1831 Episode T: 384 Reward: 367.194 Cost: 0.000
arrive destination: True ,out of road:False   Total T: 655645 Episode Num: 1832 Episode T: 200 Reward: 269.801 Cost: 0.000
arrive destination: False ,out of road:True   Total T: 655883 Episode Num: 1833 Episode T: 238 Reward: 226.625 Cost: 3.000
arrive destination: True ,out of road:False   Total T: 656235 Episode Num: 1834 Episode T: 352 Reward: 388.332 Cost: 3.000
arrive destination: True ,out of road:False   Total T: 656587 Episode Num: 1835 Episode T: 352 Reward: 379.343 Cost: 0.000
arrive destination: True ,out of road:False   Total T: 656844 Episode Num: 1836 Episode T: 257 Reward: 295.616 Cost: 1.000
arrive destination: True ,out of road:False   Total T: 657077 Episode Num: 1837 Episode T: 233 Reward: 285.623 Cost: 0.000
arrive destination: True ,out of road:False   Total T: 657335 Episode Num: 1838 Episode T: 258 Reward: 295.508 Cost: 0.000
arrive destination: True ,out of road:False   Total T: 657686 Episode Num: 1839 Episode T: 351 Reward: 379.986 Cost: 6.000
arrive destination: True ,out of road:False   Total T: 657913 Episode Num: 1840 Episode T: 227 Reward: 284.406 Cost: 0.000
arrive destination: True ,out of road:False   Total T: 658302 Episode Num: 1841 Episode T: 389 Reward: 379.089 Cost: 16.000
arrive destination: True ,out of road:False   Total T: 658582 Episode Num: 1842 Episode T: 280 Reward: 275.096 Cost: 0.000
arrive destination: True ,out of road:False   Total T: 658903 Episode Num: 1843 Episode T: 321 Reward: 399.686 Cost: 5.000
arrive destination: True ,out of road:False   Total T: 659220 Episode Num: 1844 Episode T: 317 Reward: 372.758 Cost: 0.000
arrive destination: True ,out of road:False   Total T: 659453 Episode Num: 1845 Episode T: 233 Reward: 271.947 Cost: 0.000
arrive destination: True ,out of road:False   Total T: 659725 Episode Num: 1846 Episode T: 272 Reward: 273.573 Cost: 0.000
---------------------------------------
Evaluation over 20 episodes: 0.750 Cost 3.900.             SafeRL used : use_epo
---------------------------------------
[34;1m
Time: 2026-06-29 20:14:14, Time spent from previous logger: 170.339 s[0m
[34;1mCustomLogger with fileds: ['total_steps', 'EpRet', 'EpCost', 'CostRate'][0m
[34;1mfieldvalues: [660000, 0.75, 3.9, 0.016148509315923206]
[0m
arrive destination: True ,out of road:False   Total T: 660444 Episode Num: 1847 Episode T: 719 Reward: 724.538 Cost: 6.000
arrive destination: True ,out of road:False   Total T: 660702 Episode Num: 1848 Episode T: 258 Reward: 266.968 Cost: 2.000
arrive destination: True ,out of road:False   Total T: 660933 Episode Num: 1849 Episode T: 231 Reward: 284.098 Cost: 0.000
arrive destination: True ,out of road:False   Total T: 661164 Episode Num: 1850 Episode T: 231 Reward: 283.644 Cost: 0.000
arrive destination: False ,out of road:True   Total T: 661328 Episode Num: 1851 Episode T: 164 Reward: 180.744 Cost: 5.000
arrive destination: True ,out of road:False   Total T: 661732 Episode Num: 1852 Episode T: 404 Reward: 408.401 Cost: 12.000
arrive destination: True ,out of road:False   Total T: 662210 Episode Num: 1853 Episode T: 478 Reward: 464.658 Cost: 11.000
arrive destination: True ,out of road:False   Total T: 662584 Episode Num: 1854 Episode T: 374 Reward: 380.331 Cost: 6.000
arrive destination: True ,out of road:False   Total T: 662982 Episode Num: 1855 Episode T: 398 Reward: 416.075 Cost: 5.000
arrive destination: True ,out of road:False   Total T: 663301 Episode Num: 1856 Episode T: 319 Reward: 361.778 Cost: 0.000
arrive destination: True ,out of road:False   Total T: 663607 Episode Num: 1857 Episode T: 306 Reward: 397.209 Cost: 1.000
arrive destination: True ,out of road:False   Total T: 664045 Episode Num: 1858 Episode T: 438 Reward: 269.485 Cost: 10.000
arrive destination: False ,out of road:True   Total T: 664171 Episode Num: 1859 Episode T: 126 Reward: 130.352 Cost: 1.000
arrive destination: True ,out of road:False   Total T: 664413 Episode Num: 1860 Episode T: 242 Reward: 269.009 Cost: 2.000
arrive destination: True ,out of road:False   Total T: 664771 Episode Num: 1861 Episode T: 358 Reward: 398.673 Cost: 19.000
arrive destination: True ,out of road:False   Total T: 665083 Episode Num: 1862 Episode T: 312 Reward: 372.684 Cost: 0.000
arrive destination: False ,out of road:True   Total T: 665207 Episode Num: 1863 Episode T: 124 Reward: 129.759 Cost: 3.000
arrive destination: True ,out of road:False   Total T: 665525 Episode Num: 1864 Episode T: 318 Reward: 371.699 Cost: 0.000
arrive destination: True ,out of road:False   Total T: 665796 Episode Num: 1865 Episode T: 271 Reward: 268.877 Cost: 0.000
arrive destination: False ,out of road:True   Total T: 665947 Episode Num: 1866 Episode T: 151 Reward: 158.054 Cost: 1.000
arrive destination: True ,out of road:False   Total T: 666280 Episode Num: 1867 Episode T: 333 Reward: 380.849 Cost: 6.000
arrive destination: True ,out of road:False   Total T: 666689 Episode Num: 1868 Episode T: 409 Reward: 414.232 Cost: 11.000
arrive destination: True ,out of road:False   Total T: 667142 Episode Num: 1869 Episode T: 453 Reward: 475.190 Cost: 8.000
arrive destination: False ,out of road:True   Total T: 667267 Episode Num: 1870 Episode T: 125 Reward: 133.749 Cost: 1.000
arrive destination: True ,out of road:False   Total T: 667687 Episode Num: 1871 Episode T: 420 Reward: 380.741 Cost: 4.000
arrive destination: True ,out of road:False   Total T: 667924 Episode Num: 1872 Episode T: 237 Reward: 274.740 Cost: 0.000
arrive destination: False ,out of road:True   Total T: 668052 Episode Num: 1873 Episode T: 128 Reward: 133.621 Cost: 1.000
arrive destination: False ,out of road:True   Total T: 668201 Episode Num: 1874 Episode T: 149 Reward: 139.239 Cost: 1.000
arrive destination: False ,out of road:True   Total T: 668391 Episode Num: 1875 Episode T: 190 Reward: 192.115 Cost: 2.000
arrive destination: True ,out of road:False   Total T: 668587 Episode Num: 1876 Episode T: 196 Reward: 268.939 Cost: 1.000
arrive destination: True ,out of road:False   Total T: 668863 Episode Num: 1877 Episode T: 276 Reward: 294.030 Cost: 7.000
arrive destination: True ,out of road:False   Total T: 669136 Episode Num: 1878 Episode T: 273 Reward: 294.043 Cost: 10.000
arrive destination: True ,out of road:False   Total T: 669479 Episode Num: 1879 Episode T: 343 Reward: 398.362 Cost: 4.000
arrive destination: True ,out of road:False   Total T: 669725 Episode Num: 1880 Episode T: 246 Reward: 274.326 Cost: 0.000
---------------------------------------
Evaluation over 20 episodes: 0.550 Cost 4.950.             SafeRL used : use_epo
---------------------------------------
[34;1m
Time: 2026-06-29 20:17:00, Time spent from previous logger: 166.490 s[0m
[34;1mCustomLogger with fileds: ['total_steps', 'EpRet', 'EpCost', 'CostRate'][0m
[34;1mfieldvalues: [670000, 0.55, 4.95, 0.01611047180667434]
[0m
arrive destination: False ,out of road:True   Total T: 670151 Episode Num: 1881 Episode T: 426 Reward: 483.618 Cost: 1.000
arrive destination: False ,out of road:True   Total T: 670581 Episode Num: 1882 Episode T: 430 Reward: 392.607 Cost: 9.000
arrive destination: True ,out of road:False   Total T: 670871 Episode Num: 1883 Episode T: 290 Reward: 232.201 Cost: 0.000
arrive destination: True ,out of road:False   Total T: 671139 Episode Num: 1884 Episode T: 268 Reward: 294.249 Cost: 11.000
arrive destination: True ,out of road:False   Total T: 671411 Episode Num: 1885 Episode T: 272 Reward: 274.990 Cost: 0.000
arrive destination: True ,out of road:False   Total T: 672021 Episode Num: 1886 Episode T: 610 Reward: 416.809 Cost: 10.000
arrive destination: True ,out of road:False   Total T: 672265 Episode Num: 1887 Episode T: 244 Reward: 277.598 Cost: 1.000
arrive destination: True ,out of road:False   Total T: 672557 Episode Num: 1888 Episode T: 292 Reward: 336.025 Cost: 4.000
arrive destination: True ,out of road:False   Total T: 672776 Episode Num: 1889 Episode T: 219 Reward: 232.123 Cost: 1.000
arrive destination: True ,out of road:False   Total T: 673220 Episode Num: 1890 Episode T: 444 Reward: 462.651 Cost: 2.000
arrive destination: True ,out of road:False   Total T: 673626 Episode Num: 1891 Episode T: 406 Reward: 461.051 Cost: 10.000
arrive destination: False ,out of road:True   Total T: 673831 Episode Num: 1892 Episode T: 205 Reward: 212.065 Cost: 7.000
arrive destination: False ,out of road:True   Total T: 673958 Episode Num: 1893 Episode T: 127 Reward: 130.682 Cost: 1.000
arrive destination: True ,out of road:False   Total T: 674268 Episode Num: 1894 Episode T: 310 Reward: 399.390 Cost: 3.000
arrive destination: False ,out of road:True   Total T: 674670 Episode Num: 1895 Episode T: 402 Reward: 244.860 Cost: 8.000
arrive destination: True ,out of road:False   Total T: 675060 Episode Num: 1896 Episode T: 390 Reward: 383.738 Cost: 7.000
arrive destination: True ,out of road:False   Total T: 675519 Episode Num: 1897 Episode T: 459 Reward: 471.866 Cost: 8.000
arrive destination: True ,out of road:False   Total T: 675795 Episode Num: 1898 Episode T: 276 Reward: 293.931 Cost: 10.000
arrive destination: True ,out of road:False   Total T: 676238 Episode Num: 1899 Episode T: 443 Reward: 471.584 Cost: 5.000
arrive destination: True ,out of road:False   Total T: 676690 Episode Num: 1900 Episode T: 452 Reward: 474.741 Cost: 2.000
arrive destination: True ,out of road:False   Total T: 677032 Episode Num: 1901 Episode T: 342 Reward: 397.745 Cost: 0.000
arrive destination: True ,out of road:False   Total T: 677300 Episode Num: 1902 Episode T: 268 Reward: 233.105 Cost: 0.000
arrive destination: False ,out of road:True   Total T: 677655 Episode Num: 1903 Episode T: 355 Reward: 370.593 Cost: 10.000
arrive destination: False ,out of road:True   Total T: 677806 Episode Num: 1904 Episode T: 151 Reward: 158.451 Cost: 1.000
arrive destination: True ,out of road:False   Total T: 678067 Episode Num: 1905 Episode T: 261 Reward: 294.893 Cost: 1.000
arrive destination: True ,out of road:False   Total T: 678334 Episode Num: 1906 Episode T: 267 Reward: 335.510 Cost: 1.000
arrive destination: True ,out of road:False   Total T: 679013 Episode Num: 1907 Episode T: 679 Reward: 488.162 Cost: 26.000
arrive destination: True ,out of road:False   Total T: 679511 Episode Num: 1908 Episode T: 498 Reward: 462.988 Cost: 4.000
---------------------------------------
Evaluation over 20 episodes: 0.600 Cost 4.700.             SafeRL used : use_epo
---------------------------------------
[34;1m
Time: 2026-06-29 20:19:48, Time spent from previous logger: 168.107 s[0m
[34;1mCustomLogger with fileds: ['total_steps', 'EpRet', 'EpCost', 'CostRate'][0m
[34;1mfieldvalues: [680000, 0.6, 4.7, 0.01611325899008675]
[0m
arrive destination: True ,out of road:False   Total T: 680197 Episode Num: 1909 Episode T: 686 Reward: 583.326 Cost: 20.000
arrive destination: True ,out of road:False   Total T: 680474 Episode Num: 1910 Episode T: 277 Reward: 272.733 Cost: 0.000
arrive destination: True ,out of road:False   Total T: 680722 Episode Num: 1911 Episode T: 248 Reward: 335.840 Cost: 1.000
arrive destination: False ,out of road:True   Total T: 680863 Episode Num: 1912 Episode T: 141 Reward: 138.932 Cost: 1.000
arrive destination: True ,out of road:False   Total T: 681324 Episode Num: 1913 Episode T: 461 Reward: 472.633 Cost: 6.000
arrive destination: True ,out of road:False   Total T: 681515 Episode Num: 1914 Episode T: 191 Reward: 270.085 Cost: 0.000
arrive destination: True ,out of road:False   Total T: 681775 Episode Num: 1915 Episode T: 260 Reward: 295.617 Cost: 0.000
arrive destination: False ,out of road:True   Total T: 681921 Episode Num: 1916 Episode T: 146 Reward: 142.848 Cost: 1.000
arrive destination: True ,out of road:False   Total T: 682158 Episode Num: 1917 Episode T: 237 Reward: 276.845 Cost: 0.000
arrive destination: True ,out of road:False   Total T: 682425 Episode Num: 1918 Episode T: 267 Reward: 295.525 Cost: 3.000
arrive destination: True ,out of road:False   Total T: 682861 Episode Num: 1919 Episode T: 436 Reward: 461.416 Cost: 3.000
arrive destination: False ,out of road:True   Total T: 683068 Episode Num: 1920 Episode T: 207 Reward: 218.316 Cost: 6.000
arrive destination: True ,out of road:False   Total T: 683449 Episode Num: 1921 Episode T: 381 Reward: 368.329 Cost: 3.000
arrive destination: False ,out of road:True   Total T: 683868 Episode Num: 1922 Episode T: 419 Reward: 336.850 Cost: 23.000
arrive destination: True ,out of road:False   Total T: 684137 Episode Num: 1923 Episode T: 269 Reward: 232.541 Cost: 0.000
arrive destination: True ,out of road:False   Total T: 684333 Episode Num: 1924 Episode T: 196 Reward: 269.292 Cost: 0.000
arrive destination: True ,out of road:False   Total T: 684773 Episode Num: 1925 Episode T: 440 Reward: 461.761 Cost: 1.000
arrive destination: True ,out of road:False   Total T: 685105 Episode Num: 1926 Episode T: 332 Reward: 397.232 Cost: 9.000
arrive destination: True ,out of road:False   Total T: 685378 Episode Num: 1927 Episode T: 273 Reward: 336.240 Cost: 0.000
arrive destination: True ,out of road:False   Total T: 685695 Episode Num: 1928 Episode T: 317 Reward: 372.743 Cost: 0.000
arrive destination: False ,out of road:True   Total T: 685788 Episode Num: 1929 Episode T: 93 Reward: 81.713 Cost: 1.000
arrive destination: True ,out of road:False   Total T: 686139 Episode Num: 1930 Episode T: 351 Reward: 385.069 Cost: 2.000
arrive destination: True ,out of road:False   Total T: 686343 Episode Num: 1931 Episode T: 204 Reward: 269.705 Cost: 1.000
arrive destination: True ,out of road:False   Total T: 686590 Episode Num: 1932 Episode T: 247 Reward: 271.403 Cost: 0.000
arrive destination: True ,out of road:False   Total T: 686939 Episode Num: 1933 Episode T: 349 Reward: 385.331 Cost: 6.000
arrive destination: True ,out of road:False   Total T: 687351 Episode Num: 1934 Episode T: 412 Reward: 380.933 Cost: 13.000
arrive destination: True ,out of road:False   Total T: 687704 Episode Num: 1935 Episode T: 353 Reward: 380.727 Cost: 5.000
arrive destination: True ,out of road:False   Total T: 687989 Episode Num: 1936 Episode T: 285 Reward: 273.136 Cost: 0.000
arrive destination: True ,out of road:False   Total T: 688258 Episode Num: 1937 Episode T: 269 Reward: 274.189 Cost: 0.000
arrive destination: True ,out of road:False   Total T: 688670 Episode Num: 1938 Episode T: 412 Reward: 475.489 Cost: 7.000
arrive destination: True ,out of road:False   Total T: 688999 Episode Num: 1939 Episode T: 329 Reward: 398.451 Cost: 5.000
arrive destination: True ,out of road:False   Total T: 689626 Episode Num: 1940 Episode T: 627 Reward: 424.935 Cost: 8.000
arrive destination: True ,out of road:False   Total T: 689944 Episode Num: 1941 Episode T: 318 Reward: 367.230 Cost: 0.000
---------------------------------------
Evaluation over 20 episodes: 0.800 Cost 3.250.             SafeRL used : use_epo
---------------------------------------
[34;1m
Time: 2026-06-29 20:22:35, Time spent from previous logger: 166.535 s[0m
[34;1mCustomLogger with fileds: ['total_steps', 'EpRet', 'EpCost', 'CostRate'][0m
[34;1mfieldvalues: [690000, 0.8, 3.25, 0.016031907292619264]
[0m
arrive destination: True ,out of road:False   Total T: 690257 Episode Num: 1942 Episode T: 313 Reward: 264.415 Cost: 0.000
arrive destination: True ,out of road:False   Total T: 690493 Episode Num: 1943 Episode T: 236 Reward: 276.324 Cost: 0.000
arrive destination: True ,out of road:False   Total T: 690765 Episode Num: 1944 Episode T: 272 Reward: 268.132 Cost: 4.000
arrive destination: True ,out of road:False   Total T: 690963 Episode Num: 1945 Episode T: 198 Reward: 269.330 Cost: 0.000
arrive destination: True ,out of road:False   Total T: 691298 Episode Num: 1946 Episode T: 335 Reward: 394.150 Cost: 0.000
arrive destination: False ,out of road:True   Total T: 691422 Episode Num: 1947 Episode T: 124 Reward: 134.157 Cost: 1.000
arrive destination: True ,out of road:False   Total T: 691732 Episode Num: 1948 Episode T: 310 Reward: 399.227 Cost: 1.000
arrive destination: False ,out of road:True   Total T: 692038 Episode Num: 1949 Episode T: 306 Reward: 333.313 Cost: 9.000
arrive destination: False ,out of road:True   Total T: 692259 Episode Num: 1950 Episode T: 221 Reward: 222.600 Cost: 11.000
arrive destination: True ,out of road:False   Total T: 692516 Episode Num: 1951 Episode T: 257 Reward: 267.919 Cost: 0.000
arrive destination: True ,out of road:False   Total T: 692879 Episode Num: 1952 Episode T: 363 Reward: 398.001 Cost: 11.000
arrive destination: True ,out of road:False   Total T: 693100 Episode Num: 1953 Episode T: 221 Reward: 270.197 Cost: 3.000
arrive destination: True ,out of road:False   Total T: 693513 Episode Num: 1954 Episode T: 413 Reward: 414.031 Cost: 0.000
arrive destination: True ,out of road:False   Total T: 693748 Episode Num: 1955 Episode T: 235 Reward: 275.623 Cost: 0.000
arrive destination: True ,out of road:False   Total T: 694015 Episode Num: 1956 Episode T: 267 Reward: 267.412 Cost: 0.000
arrive destination: True ,out of road:False   Total T: 694501 Episode Num: 1957 Episode T: 486 Reward: 490.412 Cost: 10.000
arrive destination: True ,out of road:False   Total T: 694762 Episode Num: 1958 Episode T: 261 Reward: 231.662 Cost: 0.000
arrive destination: True ,out of road:False   Total T: 695017 Episode Num: 1959 Episode T: 255 Reward: 232.057 Cost: 0.000
arrive destination: True ,out of road:False   Total T: 695261 Episode Num: 1960 Episode T: 244 Reward: 269.599 Cost: 5.000
arrive destination: True ,out of road:False   Total T: 695491 Episode Num: 1961 Episode T: 230 Reward: 270.279 Cost: 0.000
arrive destination: False ,out of road:True   Total T: 695616 Episode Num: 1962 Episode T: 125 Reward: 131.008 Cost: 1.000
arrive destination: True ,out of road:False   Total T: 695814 Episode Num: 1963 Episode T: 198 Reward: 268.610 Cost: 0.000
arrive destination: True ,out of road:False   Total T: 696062 Episode Num: 1964 Episode T: 248 Reward: 270.440 Cost: 0.000
arrive destination: True ,out of road:False   Total T: 696477 Episode Num: 1965 Episode T: 415 Reward: 412.495 Cost: 8.000
arrive destination: True ,out of road:False   Total T: 696793 Episode Num: 1966 Episode T: 316 Reward: 398.756 Cost: 2.000
arrive destination: True ,out of road:False   Total T: 697172 Episode Num: 1967 Episode T: 379 Reward: 410.124 Cost: 10.000
arrive destination: True ,out of road:False   Total T: 697433 Episode Num: 1968 Episode T: 261 Reward: 269.280 Cost: 0.000
arrive destination: True ,out of road:False   Total T: 697837 Episode Num: 1969 Episode T: 404 Reward: 406.358 Cost: 11.000
arrive destination: True ,out of road:False   Total T: 698190 Episode Num: 1970 Episode T: 353 Reward: 399.819 Cost: 9.000
arrive destination: False ,out of road:True   Total T: 698392 Episode Num: 1971 Episode T: 202 Reward: 233.190 Cost: 1.000
arrive destination: True ,out of road:False   Total T: 698764 Episode Num: 1972 Episode T: 372 Reward: 412.397 Cost: 4.000
arrive destination: False ,out of road:True   Total T: 698907 Episode Num: 1973 Episode T: 143 Reward: 138.553 Cost: 1.000
arrive destination: True ,out of road:False   Total T: 699158 Episode Num: 1974 Episode T: 251 Reward: 266.877 Cost: 0.000
arrive destination: False ,out of road:True   Total T: 699355 Episode Num: 1975 Episode T: 197 Reward: 233.114 Cost: 1.000
arrive destination: False ,out of road:True   Total T: 699951 Episode Num: 1976 Episode T: 596 Reward: 315.524 Cost: 19.000
---------------------------------------
Evaluation over 20 episodes: 0.750 Cost 7.400.             SafeRL used : use_epo
---------------------------------------
[34;1m
Time: 2026-06-29 20:25:14, Time spent from previous logger: 159.423 s[0m
[34;1mCustomLogger with fileds: ['total_steps', 'EpRet', 'EpCost', 'CostRate'][0m
[34;1mfieldvalues: [700000, 0.75, 7.4, 0.01597716568166526]
[0m
arrive destination: True ,out of road:False   Total T: 700303 Episode Num: 1977 Episode T: 352 Reward: 423.021 Cost: 4.000
arrive destination: True ,out of road:False   Total T: 700706 Episode Num: 1978 Episode T: 403 Reward: 460.583 Cost: 10.000
arrive destination: True ,out of road:False   Total T: 700971 Episode Num: 1979 Episode T: 265 Reward: 269.362 Cost: 0.000
arrive destination: False ,out of road:True   Total T: 701321 Episode Num: 1980 Episode T: 350 Reward: 329.491 Cost: 5.000
arrive destination: True ,out of road:False   Total T: 701697 Episode Num: 1981 Episode T: 376 Reward: 380.830 Cost: 2.000
arrive destination: True ,out of road:False   Total T: 702139 Episode Num: 1982 Episode T: 442 Reward: 470.474 Cost: 3.000
arrive destination: False ,out of road:True   Total T: 702236 Episode Num: 1983 Episode T: 97 Reward: 85.728 Cost: 1.000
arrive destination: False ,out of road:True   Total T: 702400 Episode Num: 1984 Episode T: 164 Reward: 176.060 Cost: 1.000
arrive destination: False ,out of road:True   Total T: 702527 Episode Num: 1985 Episode T: 127 Reward: 133.671 Cost: 1.000
arrive destination: False ,out of road:True   Total T: 702750 Episode Num: 1986 Episode T: 223 Reward: 237.046 Cost: 16.000
arrive destination: True ,out of road:False   Total T: 703192 Episode Num: 1987 Episode T: 442 Reward: 492.272 Cost: 20.000
arrive destination: False ,out of road:True   Total T: 703594 Episode Num: 1988 Episode T: 402 Reward: 412.354 Cost: 16.000
arrive destination: True ,out of road:False   Total T: 703913 Episode Num: 1989 Episode T: 319 Reward: 400.097 Cost: 1.000
arrive destination: True ,out of road:False   Total T: 704172 Episode Num: 1990 Episode T: 259 Reward: 295.649 Cost: 0.000
arrive destination: True ,out of road:False   Total T: 704743 Episode Num: 1991 Episode T: 571 Reward: 418.025 Cost: 21.000
arrive destination: True ,out of road:False   Total T: 705182 Episode Num: 1992 Episode T: 439 Reward: 387.050 Cost: 6.000
arrive destination: True ,out of road:False   Total T: 705448 Episode Num: 1993 Episode T: 266 Reward: 271.539 Cost: 0.000
arrive destination: True ,out of road:False   Total T: 705889 Episode Num: 1994 Episode T: 441 Reward: 472.240 Cost: 0.000
arrive destination: True ,out of road:False   Total T: 706355 Episode Num: 1995 Episode T: 466 Reward: 415.082 Cost: 16.000
arrive destination: True ,out of road:False   Total T: 706617 Episode Num: 1996 Episode T: 262 Reward: 267.249 Cost: 0.000
arrive destination: True ,out of road:False   Total T: 706936 Episode Num: 1997 Episode T: 319 Reward: 371.548 Cost: 0.000
arrive destination: False ,out of road:True   Total T: 707278 Episode Num: 1998 Episode T: 342 Reward: 212.947 Cost: 35.000
arrive destination: True ,out of road:False   Total T: 707542 Episode Num: 1999 Episode T: 264 Reward: 268.402 Cost: 0.000
arrive destination: True ,out of road:False   Total T: 707959 Episode Num: 2000 Episode T: 417 Reward: 411.111 Cost: 0.000
arrive destination: False ,out of road:True   Total T: 708185 Episode Num: 2001 Episode T: 226 Reward: 211.967 Cost: 13.000
arrive destination: True ,out of road:False   Total T: 708431 Episode Num: 2002 Episode T: 246 Reward: 268.945 Cost: 0.000
arrive destination: True ,out of road:False   Total T: 708854 Episode Num: 2003 Episode T: 423 Reward: 463.522 Cost: 3.000
arrive destination: True ,out of road:False   Total T: 709222 Episode Num: 2004 Episode T: 368 Reward: 379.769 Cost: 8.000
arrive destination: True ,out of road:False   Total T: 709630 Episode Num: 2005 Episode T: 408 Reward: 475.143 Cost: 0.000
arrive destination: False ,out of road:True   Total T: 709770 Episode Num: 2006 Episode T: 140 Reward: 138.181 Cost: 1.000
---------------------------------------
Evaluation over 20 episodes: 0.950 Cost 6.050.             SafeRL used : use_epo
---------------------------------------
[34;1m
Time: 2026-06-29 20:28:05, Time spent from previous logger: 170.562 s[0m
[34;1mCustomLogger with fileds: ['total_steps', 'EpRet', 'EpCost', 'CostRate'][0m
[34;1mfieldvalues: [710000, 0.95, 6.05, 0.01600988170405874]
[0m
arrive destination: True ,out of road:False   Total T: 710265 Episode Num: 2007 Episode T: 495 Reward: 528.923 Cost: 0.000
arrive destination: False ,out of road:True   Total T: 710403 Episode Num: 2008 Episode T: 138 Reward: 138.300 Cost: 1.000
arrive destination: True ,out of road:False   Total T: 710674 Episode Num: 2009 Episode T: 271 Reward: 335.963 Cost: 1.000
arrive destination: True ,out of road:False   Total T: 711157 Episode Num: 2010 Episode T: 483 Reward: 413.846 Cost: 22.000
arrive destination: True ,out of road:False   Total T: 711384 Episode Num: 2011 Episode T: 227 Reward: 283.760 Cost: 2.000
arrive destination: True ,out of road:False   Total T: 711603 Episode Num: 2012 Episode T: 219 Reward: 269.971 Cost: 1.000
arrive destination: True ,out of road:False   Total T: 711920 Episode Num: 2013 Episode T: 317 Reward: 361.955 Cost: 5.000
arrive destination: True ,out of road:False   Total T: 712259 Episode Num: 2014 Episode T: 339 Reward: 379.414 Cost: 9.000
arrive destination: True ,out of road:False   Total T: 712521 Episode Num: 2015 Episode T: 262 Reward: 295.751 Cost: 0.000
arrive destination: False ,out of road:True   Total T: 712703 Episode Num: 2016 Episode T: 182 Reward: 208.687 Cost: 4.000
arrive destination: True ,out of road:False   Total T: 713084 Episode Num: 2017 Episode T: 381 Reward: 396.864 Cost: 16.000
arrive destination: True ,out of road:False   Total T: 713368 Episode Num: 2018 Episode T: 284 Reward: 294.411 Cost: 16.000
arrive destination: True ,out of road:False   Total T: 713625 Episode Num: 2019 Episode T: 257 Reward: 295.391 Cost: 1.000
arrive destination: True ,out of road:False   Total T: 714007 Episode Num: 2020 Episode T: 382 Reward: 389.749 Cost: 15.000
arrive destination: True ,out of road:False   Total T: 714265 Episode Num: 2021 Episode T: 258 Reward: 295.897 Cost: 0.000
arrive destination: False ,out of road:True   Total T: 714535 Episode Num: 2022 Episode T: 270 Reward: 346.984 Cost: 5.000
arrive destination: True ,out of road:False   Total T: 714775 Episode Num: 2023 Episode T: 240 Reward: 283.998 Cost: 0.000
arrive destination: True ,out of road:False   Total T: 715032 Episode Num: 2024 Episode T: 257 Reward: 295.821 Cost: 9.000
arrive destination: False ,out of road:True   Total T: 715190 Episode Num: 2025 Episode T: 158 Reward: 174.841 Cost: 3.000
arrive destination: True ,out of road:False   Total T: 715641 Episode Num: 2026 Episode T: 451 Reward: 467.449 Cost: 3.000
arrive destination: True ,out of road:False   Total T: 715993 Episode Num: 2027 Episode T: 352 Reward: 396.483 Cost: 1.000
arrive destination: True ,out of road:False   Total T: 716378 Episode Num: 2028 Episode T: 385 Reward: 459.624 Cost: 2.000
arrive destination: True ,out of road:False   Total T: 716704 Episode Num: 2029 Episode T: 326 Reward: 398.771 Cost: 3.000
arrive destination: True ,out of road:False   Total T: 717151 Episode Num: 2030 Episode T: 447 Reward: 475.859 Cost: 4.000
arrive destination: True ,out of road:False   Total T: 717656 Episode Num: 2031 Episode T: 505 Reward: 415.508 Cost: 20.000
arrive destination: False ,out of road:True   Total T: 717780 Episode Num: 2032 Episode T: 124 Reward: 126.057 Cost: 2.000
arrive destination: True ,out of road:False   Total T: 718043 Episode Num: 2033 Episode T: 263 Reward: 270.129 Cost: 0.000
arrive destination: True ,out of road:False   Total T: 718472 Episode Num: 2034 Episode T: 429 Reward: 403.087 Cost: 19.000
arrive destination: True ,out of road:False   Total T: 718703 Episode Num: 2035 Episode T: 231 Reward: 272.215 Cost: 0.000
arrive destination: True ,out of road:False   Total T: 718972 Episode Num: 2036 Episode T: 269 Reward: 268.133 Cost: 0.000
arrive destination: False ,out of road:False   Total T: 719972 Episode Num: 2037 Episode T: 1000 Reward: 133.315 Cost: 19.000
---------------------------------------
Evaluation over 20 episodes: 0.650 Cost 7.100.             SafeRL used : use_epo
---------------------------------------
[34;1m
Time: 2026-06-29 20:30:49, Time spent from previous logger: 164.483 s[0m
[34;1mCustomLogger with fileds: ['total_steps', 'EpRet', 'EpCost', 'CostRate'][0m
[34;1mfieldvalues: [720000, 0.65, 7.1, 0.016041688946790204]
[0m
arrive destination: True ,out of road:False   Total T: 720316 Episode Num: 2038 Episode T: 344 Reward: 405.617 Cost: 0.000
arrive destination: True ,out of road:False   Total T: 720516 Episode Num: 2039 Episode T: 200 Reward: 269.377 Cost: 0.000
arrive destination: True ,out of road:False   Total T: 720779 Episode Num: 2040 Episode T: 263 Reward: 335.640 Cost: 2.000
arrive destination: True ,out of road:False   Total T: 721166 Episode Num: 2041 Episode T: 387 Reward: 461.246 Cost: 7.000
arrive destination: False ,out of road:False   Total T: 722166 Episode Num: 2042 Episode T: 1000 Reward: 102.210 Cost: 2.000
arrive destination: False ,out of road:True   Total T: 722442 Episode Num: 2043 Episode T: 276 Reward: 308.407 Cost: 7.000
arrive destination: False ,out of road:True   Total T: 722622 Episode Num: 2044 Episode T: 180 Reward: 207.703 Cost: 7.000
arrive destination: True ,out of road:False   Total T: 723024 Episode Num: 2045 Episode T: 402 Reward: 382.209 Cost: 5.000
arrive destination: False ,out of road:True   Total T: 723225 Episode Num: 2046 Episode T: 201 Reward: 203.727 Cost: 4.000
arrive destination: True ,out of road:False   Total T: 723852 Episode Num: 2047 Episode T: 627 Reward: 414.799 Cost: 17.000
arrive destination: True ,out of road:False   Total T: 724184 Episode Num: 2048 Episode T: 332 Reward: 378.907 Cost: 3.000
arrive destination: True ,out of road:False   Total T: 724542 Episode Num: 2049 Episode T: 358 Reward: 399.732 Cost: 9.000
arrive destination: False ,out of road:True   Total T: 724759 Episode Num: 2050 Episode T: 217 Reward: 212.021 Cost: 9.000
arrive destination: True ,out of road:False   Total T: 725015 Episode Num: 2051 Episode T: 256 Reward: 232.587 Cost: 0.000
arrive destination: True ,out of road:False   Total T: 725279 Episode Num: 2052 Episode T: 264 Reward: 294.097 Cost: 10.000
arrive destination: False ,out of road:True   Total T: 725567 Episode Num: 2053 Episode T: 288 Reward: 279.276 Cost: 5.000
arrive destination: False ,out of road:True   Total T: 725867 Episode Num: 2054 Episode T: 300 Reward: 341.291 Cost: 5.000
arrive destination: True ,out of road:False   Total T: 726140 Episode Num: 2055 Episode T: 273 Reward: 335.476 Cost: 1.000
arrive destination: True ,out of road:False   Total T: 726385 Episode Num: 2056 Episode T: 245 Reward: 269.163 Cost: 1.000
arrive destination: True ,out of road:False   Total T: 726794 Episode Num: 2057 Episode T: 409 Reward: 474.697 Cost: 4.000
arrive destination: True ,out of road:False   Total T: 727167 Episode Num: 2058 Episode T: 373 Reward: 381.350 Cost: 21.000
arrive destination: True ,out of road:False   Total T: 727423 Episode Num: 2059 Episode T: 256 Reward: 232.575 Cost: 0.000
arrive destination: True ,out of road:False   Total T: 727828 Episode Num: 2060 Episode T: 405 Reward: 475.795 Cost: 4.000
arrive destination: True ,out of road:False   Total T: 728089 Episode Num: 2061 Episode T: 261 Reward: 336.326 Cost: 1.000
arrive destination: False ,out of road:True   Total T: 728366 Episode Num: 2062 Episode T: 277 Reward: 325.286 Cost: 1.000
arrive destination: True ,out of road:False   Total T: 728608 Episode Num: 2063 Episode T: 242 Reward: 270.790 Cost: 0.000
arrive destination: False ,out of road:True   Total T: 728746 Episode Num: 2064 Episode T: 138 Reward: 137.976 Cost: 1.000
arrive destination: True ,out of road:False   Total T: 729145 Episode Num: 2065 Episode T: 399 Reward: 465.310 Cost: 1.000
arrive destination: True ,out of road:False   Total T: 729570 Episode Num: 2066 Episode T: 425 Reward: 473.806 Cost: 1.000
arrive destination: True ,out of road:False   Total T: 729831 Episode Num: 2067 Episode T: 261 Reward: 274.236 Cost: 0.000
---------------------------------------
Evaluation over 20 episodes: 0.900 Cost 6.800.             SafeRL used : use_epo
---------------------------------------
[34;1m
Time: 2026-06-29 20:33:37, Time spent from previous logger: 167.744 s[0m
[34;1mCustomLogger with fileds: ['total_steps', 'EpRet', 'EpCost', 'CostRate'][0m
[34;1mfieldvalues: [730000, 0.9, 6.8, 0.015997282188057793]
[0m
arrive destination: True ,out of road:False   Total T: 730337 Episode Num: 2068 Episode T: 506 Reward: 587.358 Cost: 6.000
arrive destination: False ,out of road:True   Total T: 730516 Episode Num: 2069 Episode T: 179 Reward: 150.407 Cost: 4.000
arrive destination: True ,out of road:False   Total T: 730859 Episode Num: 2070 Episode T: 343 Reward: 399.594 Cost: 0.000
arrive destination: True ,out of road:False   Total T: 731106 Episode Num: 2071 Episode T: 247 Reward: 283.247 Cost: 3.000
arrive destination: True ,out of road:False   Total T: 731383 Episode Num: 2072 Episode T: 277 Reward: 267.410 Cost: 8.000
arrive destination: False ,out of road:True   Total T: 731605 Episode Num: 2073 Episode T: 222 Reward: 223.887 Cost: 1.000
arrive destination: True ,out of road:False   Total T: 732002 Episode Num: 2074 Episode T: 397 Reward: 382.193 Cost: 6.000
arrive destination: True ,out of road:False   Total T: 732399 Episode Num: 2075 Episode T: 397 Reward: 416.092 Cost: 6.000
arrive destination: True ,out of road:False   Total T: 732703 Episode Num: 2076 Episode T: 304 Reward: 399.784 Cost: 1.000
arrive destination: True ,out of road:False   Total T: 732902 Episode Num: 2077 Episode T: 199 Reward: 269.941 Cost: 1.000
arrive destination: True ,out of road:False   Total T: 733244 Episode Num: 2078 Episode T: 342 Reward: 381.682 Cost: 14.000
arrive destination: True ,out of road:False   Total T: 733698 Episode Num: 2079 Episode T: 454 Reward: 423.512 Cost: 13.000
arrive destination: True ,out of road:False   Total T: 734131 Episode Num: 2080 Episode T: 433 Reward: 475.175 Cost: 4.000
arrive destination: True ,out of road:False   Total T: 734388 Episode Num: 2081 Episode T: 257 Reward: 231.356 Cost: 0.000
arrive destination: True ,out of road:False   Total T: 734771 Episode Num: 2082 Episode T: 383 Reward: 475.048 Cost: 0.000
arrive destination: False ,out of road:True   Total T: 735018 Episode Num: 2083 Episode T: 247 Reward: 278.378 Cost: 5.000
arrive destination: True ,out of road:False   Total T: 735341 Episode Num: 2084 Episode T: 323 Reward: 390.739 Cost: 2.000
arrive destination: True ,out of road:False   Total T: 735603 Episode Num: 2085 Episode T: 262 Reward: 269.484 Cost: 4.000
arrive destination: True ,out of road:False   Total T: 735916 Episode Num: 2086 Episode T: 313 Reward: 371.737 Cost: 0.000
arrive destination: True ,out of road:False   Total T: 736386 Episode Num: 2087 Episode T: 470 Reward: 472.720 Cost: 0.000
arrive destination: True ,out of road:False   Total T: 736618 Episode Num: 2088 Episode T: 232 Reward: 270.617 Cost: 0.000
arrive destination: True ,out of road:False   Total T: 736871 Episode Num: 2089 Episode T: 253 Reward: 266.134 Cost: 0.000
arrive destination: True ,out of road:False   Total T: 737127 Episode Num: 2090 Episode T: 256 Reward: 232.761 Cost: 0.000
arrive destination: True ,out of road:False   Total T: 737389 Episode Num: 2091 Episode T: 262 Reward: 268.049 Cost: 0.000
arrive destination: True ,out of road:False   Total T: 737780 Episode Num: 2092 Episode T: 391 Reward: 398.987 Cost: 7.000
arrive destination: True ,out of road:False   Total T: 738128 Episode Num: 2093 Episode T: 348 Reward: 388.612 Cost: 8.000
arrive destination: True ,out of road:False   Total T: 738397 Episode Num: 2094 Episode T: 269 Reward: 270.599 Cost: 0.000
arrive destination: True ,out of road:False   Total T: 738718 Episode Num: 2095 Episode T: 321 Reward: 294.127 Cost: 8.000
arrive destination: True ,out of road:False   Total T: 738954 Episode Num: 2096 Episode T: 236 Reward: 274.819 Cost: 0.000
arrive destination: False ,out of road:False   Total T: 739954 Episode Num: 2097 Episode T: 1000 Reward: 134.581 Cost: 4.000
---------------------------------------
Evaluation over 20 episodes: 0.700 Cost 3.350.             SafeRL used : use_epo
---------------------------------------
[34;1m
Time: 2026-06-29 20:36:15, Time spent from previous logger: 158.482 s[0m
[34;1mCustomLogger with fileds: ['total_steps', 'EpRet', 'EpCost', 'CostRate'][0m
[34;1mfieldvalues: [740000, 0.7, 3.35, 0.015922994490533096]
[0m
arrive destination: True ,out of road:False   Total T: 740248 Episode Num: 2098 Episode T: 294 Reward: 290.432 Cost: 0.000
arrive destination: True ,out of road:False   Total T: 740515 Episode Num: 2099 Episode T: 267 Reward: 295.825 Cost: 0.000
arrive destination: True ,out of road:False   Total T: 740773 Episode Num: 2100 Episode T: 258 Reward: 232.033 Cost: 0.000
arrive destination: True ,out of road:False   Total T: 741134 Episode Num: 2101 Episode T: 361 Reward: 392.699 Cost: 0.000
arrive destination: True ,out of road:False   Total T: 741452 Episode Num: 2102 Episode T: 318 Reward: 294.714 Cost: 11.000
arrive destination: True ,out of road:False   Total T: 741734 Episode Num: 2103 Episode T: 282 Reward: 335.741 Cost: 2.000
arrive destination: True ,out of road:False   Total T: 741962 Episode Num: 2104 Episode T: 228 Reward: 275.141 Cost: 1.000
arrive destination: False ,out of road:True   Total T: 742275 Episode Num: 2105 Episode T: 313 Reward: 352.605 Cost: 1.000
arrive destination: True ,out of road:False   Total T: 742653 Episode Num: 2106 Episode T: 378 Reward: 475.541 Cost: 4.000
arrive destination: True ,out of road:False   Total T: 743044 Episode Num: 2107 Episode T: 391 Reward: 473.346 Cost: 1.000
arrive destination: False ,out of road:True   Total T: 743134 Episode Num: 2108 Episode T: 90 Reward: 76.159 Cost: 1.000
arrive destination: True ,out of road:False   Total T: 743393 Episode Num: 2109 Episode T: 259 Reward: 231.607 Cost: 0.000
arrive destination: True ,out of road:False   Total T: 743631 Episode Num: 2110 Episode T: 238 Reward: 283.645 Cost: 0.000
arrive destination: True ,out of road:False   Total T: 743861 Episode Num: 2111 Episode T: 230 Reward: 270.140 Cost: 4.000
arrive destination: False ,out of road:True   Total T: 744165 Episode Num: 2112 Episode T: 304 Reward: 308.903 Cost: 7.000
arrive destination: True ,out of road:False   Total T: 744397 Episode Num: 2113 Episode T: 232 Reward: 267.405 Cost: 1.000
arrive destination: True ,out of road:False   Total T: 744667 Episode Num: 2114 Episode T: 270 Reward: 267.220 Cost: 0.000
arrive destination: True ,out of road:False   Total T: 745093 Episode Num: 2115 Episode T: 426 Reward: 409.594 Cost: 1.000
arrive destination: True ,out of road:False   Total T: 745368 Episode Num: 2116 Episode T: 275 Reward: 269.317 Cost: 2.000
arrive destination: True ,out of road:False   Total T: 745604 Episode Num: 2117 Episode T: 236 Reward: 272.596 Cost: 0.000
arrive destination: True ,out of road:False   Total T: 745877 Episode Num: 2118 Episode T: 273 Reward: 270.228 Cost: 0.000
arrive destination: False ,out of road:True   Total T: 746151 Episode Num: 2119 Episode T: 274 Reward: 292.576 Cost: 7.000
arrive destination: True ,out of road:False   Total T: 746393 Episode Num: 2120 Episode T: 242 Reward: 271.352 Cost: 0.000
arrive destination: True ,out of road:False   Total T: 746622 Episode Num: 2121 Episode T: 229 Reward: 275.441 Cost: 0.000
arrive destination: True ,out of road:False   Total T: 746999 Episode Num: 2122 Episode T: 377 Reward: 474.002 Cost: 1.000
arrive destination: True ,out of road:False   Total T: 747250 Episode Num: 2123 Episode T: 251 Reward: 270.814 Cost: 0.000
arrive destination: True ,out of road:False   Total T: 747496 Episode Num: 2124 Episode T: 246 Reward: 271.890 Cost: 0.000
arrive destination: True ,out of road:False   Total T: 747774 Episode Num: 2125 Episode T: 278 Reward: 283.118 Cost: 3.000
arrive destination: True ,out of road:False   Total T: 748163 Episode Num: 2126 Episode T: 389 Reward: 380.469 Cost: 6.000
arrive destination: True ,out of road:False   Total T: 748436 Episode Num: 2127 Episode T: 273 Reward: 274.544 Cost: 0.000
arrive destination: True ,out of road:False   Total T: 748705 Episode Num: 2128 Episode T: 269 Reward: 294.667 Cost: 6.000
arrive destination: True ,out of road:False   Total T: 748960 Episode Num: 2129 Episode T: 255 Reward: 295.706 Cost: 0.000
arrive destination: False ,out of road:True   Total T: 749109 Episode Num: 2130 Episode T: 149 Reward: 156.295 Cost: 3.000
arrive destination: False ,out of road:True   Total T: 749204 Episode Num: 2131 Episode T: 95 Reward: 83.570 Cost: 1.000
arrive destination: False ,out of road:True   Total T: 749554 Episode Num: 2132 Episode T: 350 Reward: 355.028 Cost: 1.000
arrive destination: True ,out of road:False   Total T: 749982 Episode Num: 2133 Episode T: 428 Reward: 509.838 Cost: 16.000
---------------------------------------
Evaluation over 20 episodes: 0.700 Cost 9.050.             SafeRL used : use_epo
---------------------------------------
[34;1m
Time: 2026-06-29 20:39:03, Time spent from previous logger: 168.131 s[0m
[34;1mCustomLogger with fileds: ['total_steps', 'EpRet', 'EpCost', 'CostRate'][0m
[34;1mfieldvalues: [750000, 0.7, 9.05, 0.01581735442313923]
[0m
arrive destination: True ,out of road:False   Total T: 750250 Episode Num: 2134 Episode T: 268 Reward: 337.642 Cost: 0.000
arrive destination: False ,out of road:True   Total T: 750604 Episode Num: 2135 Episode T: 354 Reward: 352.744 Cost: 1.000
arrive destination: True ,out of road:False   Total T: 750964 Episode Num: 2136 Episode T: 360 Reward: 457.936 Cost: 0.000
arrive destination: True ,out of road:False   Total T: 751162 Episode Num: 2137 Episode T: 198 Reward: 269.814 Cost: 0.000
arrive destination: True ,out of road:False   Total T: 751389 Episode Num: 2138 Episode T: 227 Reward: 273.080 Cost: 0.000
arrive destination: False ,out of road:True   Total T: 751740 Episode Num: 2139 Episode T: 351 Reward: 423.040 Cost: 1.000
arrive destination: True ,out of road:False   Total T: 752004 Episode Num: 2140 Episode T: 264 Reward: 271.177 Cost: 0.000
arrive destination: True ,out of road:False   Total T: 752242 Episode Num: 2141 Episode T: 238 Reward: 295.381 Cost: 2.000
arrive destination: True ,out of road:False   Total T: 752506 Episode Num: 2142 Episode T: 264 Reward: 294.069 Cost: 8.000
arrive destination: True ,out of road:False   Total T: 752816 Episode Num: 2143 Episode T: 310 Reward: 372.485 Cost: 6.000
arrive destination: True ,out of road:False   Total T: 753785 Episode Num: 2144 Episode T: 969 Reward: 497.456 Cost: 74.000
arrive destination: True ,out of road:False   Total T: 754028 Episode Num: 2145 Episode T: 243 Reward: 278.822 Cost: 1.000
arrive destination: True ,out of road:False   Total T: 754229 Episode Num: 2146 Episode T: 201 Reward: 269.852 Cost: 1.000
arrive destination: True ,out of road:False   Total T: 754585 Episode Num: 2147 Episode T: 356 Reward: 399.683 Cost: 0.000
arrive destination: True ,out of road:False   Total T: 754836 Episode Num: 2148 Episode T: 251 Reward: 268.718 Cost: 0.000
arrive destination: True ,out of road:False   Total T: 755067 Episode Num: 2149 Episode T: 231 Reward: 295.422 Cost: 0.000
arrive destination: True ,out of road:False   Total T: 755440 Episode Num: 2150 Episode T: 373 Reward: 404.163 Cost: 17.000
arrive destination: False ,out of road:True   Total T: 755735 Episode Num: 2151 Episode T: 295 Reward: 329.167 Cost: 3.000
arrive destination: False ,out of road:True   Total T: 755877 Episode Num: 2152 Episode T: 142 Reward: 138.623 Cost: 1.000
arrive destination: False ,out of road:True   Total T: 756216 Episode Num: 2153 Episode T: 339 Reward: 356.421 Cost: 1.000
arrive destination: True ,out of road:False   Total T: 756545 Episode Num: 2154 Episode T: 329 Reward: 398.058 Cost: 4.000
arrive destination: False ,out of road:True   Total T: 756646 Episode Num: 2155 Episode T: 101 Reward: 87.751 Cost: 1.000
arrive destination: False ,out of road:True   Total T: 756875 Episode Num: 2156 Episode T: 229 Reward: 229.884 Cost: 1.000
arrive destination: True ,out of road:False   Total T: 757139 Episode Num: 2157 Episode T: 264 Reward: 269.729 Cost: 0.000
arrive destination: True ,out of road:False   Total T: 757572 Episode Num: 2158 Episode T: 433 Reward: 378.073 Cost: 30.000
arrive destination: False ,out of road:True   Total T: 757770 Episode Num: 2159 Episode T: 198 Reward: 230.201 Cost: 1.000
arrive destination: True ,out of road:False   Total T: 758074 Episode Num: 2160 Episode T: 304 Reward: 372.601 Cost: 0.000
arrive destination: True ,out of road:False   Total T: 758316 Episode Num: 2161 Episode T: 242 Reward: 266.346 Cost: 0.000
arrive destination: False ,out of road:True   Total T: 758445 Episode Num: 2162 Episode T: 129 Reward: 131.067 Cost: 1.000
arrive destination: False ,out of road:True   Total T: 759055 Episode Num: 2163 Episode T: 610 Reward: 194.290 Cost: 65.000
arrive destination: True ,out of road:False   Total T: 759273 Episode Num: 2164 Episode T: 218 Reward: 295.203 Cost: 0.000
arrive destination: True ,out of road:False   Total T: 759527 Episode Num: 2165 Episode T: 254 Reward: 335.376 Cost: 1.000
arrive destination: True ,out of road:False   Total T: 759794 Episode Num: 2166 Episode T: 267 Reward: 274.802 Cost: 0.000
arrive destination: True ,out of road:False   Total T: 759990 Episode Num: 2167 Episode T: 196 Reward: 269.302 Cost: 0.000
---------------------------------------
Evaluation over 20 episodes: 0.650 Cost 6.450.             SafeRL used : use_epo
---------------------------------------
[34;1m
Time: 2026-06-29 20:41:49, Time spent from previous logger: 165.566 s[0m
[34;1mCustomLogger with fileds: ['total_steps', 'EpRet', 'EpCost', 'CostRate'][0m
[34;1mfieldvalues: [760000, 0.65, 6.45, 0.015898705129875172]
[0m
arrive destination: True ,out of road:False   Total T: 760392 Episode Num: 2168 Episode T: 402 Reward: 403.435 Cost: 0.000
arrive destination: True ,out of road:False   Total T: 760931 Episode Num: 2169 Episode T: 539 Reward: 494.271 Cost: 20.000
arrive destination: True ,out of road:False   Total T: 761338 Episode Num: 2170 Episode T: 407 Reward: 381.344 Cost: 6.000
arrive destination: False ,out of road:True   Total T: 761572 Episode Num: 2171 Episode T: 234 Reward: 230.213 Cost: 1.000
arrive destination: True ,out of road:False   Total T: 761903 Episode Num: 2172 Episode T: 331 Reward: 380.470 Cost: 3.000
arrive destination: True ,out of road:False   Total T: 762277 Episode Num: 2173 Episode T: 374 Reward: 409.731 Cost: 8.000
arrive destination: False ,out of road:True   Total T: 762503 Episode Num: 2174 Episode T: 226 Reward: 221.416 Cost: 11.000
arrive destination: True ,out of road:False   Total T: 762700 Episode Num: 2175 Episode T: 197 Reward: 230.870 Cost: 0.000
arrive destination: False ,out of road:True   Total T: 762827 Episode Num: 2176 Episode T: 127 Reward: 135.653 Cost: 1.000
arrive destination: True ,out of road:False   Total T: 763057 Episode Num: 2177 Episode T: 230 Reward: 284.823 Cost: 0.000
arrive destination: True ,out of road:False   Total T: 763445 Episode Num: 2178 Episode T: 388 Reward: 415.301 Cost: 11.000
arrive destination: True ,out of road:False   Total T: 763690 Episode Num: 2179 Episode T: 245 Reward: 268.535 Cost: 0.000
arrive destination: True ,out of road:False   Total T: 763930 Episode Num: 2180 Episode T: 240 Reward: 267.386 Cost: 2.000
arrive destination: True ,out of road:False   Total T: 764370 Episode Num: 2181 Episode T: 440 Reward: 421.855 Cost: 6.000
arrive destination: True ,out of road:False   Total T: 764614 Episode Num: 2182 Episode T: 244 Reward: 267.728 Cost: 2.000
arrive destination: True ,out of road:False   Total T: 764872 Episode Num: 2183 Episode T: 258 Reward: 231.541 Cost: 0.000
arrive destination: True ,out of road:False   Total T: 765073 Episode Num: 2184 Episode T: 201 Reward: 269.914 Cost: 0.000
arrive destination: True ,out of road:False   Total T: 765297 Episode Num: 2185 Episode T: 224 Reward: 295.825 Cost: 1.000
arrive destination: True ,out of road:False   Total T: 765570 Episode Num: 2186 Episode T: 273 Reward: 294.239 Cost: 6.000
arrive destination: True ,out of road:False   Total T: 765828 Episode Num: 2187 Episode T: 258 Reward: 230.966 Cost: 1.000
arrive destination: True ,out of road:False   Total T: 766158 Episode Num: 2188 Episode T: 330 Reward: 381.288 Cost: 2.000
arrive destination: True ,out of road:False   Total T: 766582 Episode Num: 2189 Episode T: 424 Reward: 499.117 Cost: 11.000
arrive destination: True ,out of road:False   Total T: 767046 Episode Num: 2190 Episode T: 464 Reward: 404.039 Cost: 12.000
arrive destination: True ,out of road:False   Total T: 767464 Episode Num: 2191 Episode T: 418 Reward: 460.918 Cost: 10.000
arrive destination: True ,out of road:False   Total T: 767716 Episode Num: 2192 Episode T: 252 Reward: 283.323 Cost: 2.000
arrive destination: True ,out of road:False   Total T: 768107 Episode Num: 2193 Episode T: 391 Reward: 477.175 Cost: 1.000
arrive destination: True ,out of road:False   Total T: 768585 Episode Num: 2194 Episode T: 478 Reward: 493.037 Cost: 5.000
arrive destination: True ,out of road:False   Total T: 769269 Episode Num: 2195 Episode T: 684 Reward: 428.138 Cost: 25.000
arrive destination: True ,out of road:False   Total T: 769598 Episode Num: 2196 Episode T: 329 Reward: 336.065 Cost: 10.000
arrive destination: True ,out of road:False   Total T: 769913 Episode Num: 2197 Episode T: 315 Reward: 400.515 Cost: 2.000
---------------------------------------
Evaluation over 20 episodes: 0.700 Cost 3.450.             SafeRL used : use_epo
---------------------------------------
[34;1m
Time: 2026-06-29 20:44:38, Time spent from previous logger: 168.825 s[0m
[34;1mCustomLogger with fileds: ['total_steps', 'EpRet', 'EpCost', 'CostRate'][0m
[34;1mfieldvalues: [770000, 0.7, 3.45, 0.015900020649377466]
[0m
arrive destination: True ,out of road:False   Total T: 770395 Episode Num: 2198 Episode T: 482 Reward: 481.949 Cost: 4.000
arrive destination: True ,out of road:False   Total T: 770790 Episode Num: 2199 Episode T: 395 Reward: 456.471 Cost: 7.000
arrive destination: True ,out of road:False   Total T: 771150 Episode Num: 2200 Episode T: 360 Reward: 378.960 Cost: 9.000
arrive destination: True ,out of road:False   Total T: 771670 Episode Num: 2201 Episode T: 520 Reward: 490.905 Cost: 7.000
arrive destination: True ,out of road:False   Total T: 772060 Episode Num: 2202 Episode T: 390 Reward: 396.449 Cost: 0.000
arrive destination: True ,out of road:False   Total T: 772260 Episode Num: 2203 Episode T: 200 Reward: 270.065 Cost: 0.000
arrive destination: True ,out of road:False   Total T: 772498 Episode Num: 2204 Episode T: 238 Reward: 268.827 Cost: 0.000
arrive destination: False ,out of road:True   Total T: 772759 Episode Num: 2205 Episode T: 261 Reward: 224.178 Cost: 7.000
arrive destination: True ,out of road:False   Total T: 773022 Episode Num: 2206 Episode T: 263 Reward: 283.456 Cost: 0.000
arrive destination: True ,out of road:False   Total T: 773389 Episode Num: 2207 Episode T: 367 Reward: 382.527 Cost: 4.000
arrive destination: True ,out of road:False   Total T: 773660 Episode Num: 2208 Episode T: 271 Reward: 272.608 Cost: 0.000
arrive destination: True ,out of road:False   Total T: 774108 Episode Num: 2209 Episode T: 448 Reward: 380.514 Cost: 44.000
arrive destination: False ,out of road:True   Total T: 774232 Episode Num: 2210 Episode T: 124 Reward: 134.007 Cost: 1.000
arrive destination: True ,out of road:False   Total T: 774525 Episode Num: 2211 Episode T: 293 Reward: 399.224 Cost: 0.000
arrive destination: True ,out of road:False   Total T: 774762 Episode Num: 2212 Episode T: 237 Reward: 296.035 Cost: 2.000
arrive destination: True ,out of road:False   Total T: 774994 Episode Num: 2213 Episode T: 232 Reward: 274.000 Cost: 0.000
arrive destination: True ,out of road:False   Total T: 775330 Episode Num: 2214 Episode T: 336 Reward: 335.682 Cost: 16.000
arrive destination: True ,out of road:False   Total T: 775566 Episode Num: 2215 Episode T: 236 Reward: 274.068 Cost: 0.000
arrive destination: True ,out of road:False   Total T: 775849 Episode Num: 2216 Episode T: 283 Reward: 336.181 Cost: 3.000
arrive destination: True ,out of road:False   Total T: 776127 Episode Num: 2217 Episode T: 278 Reward: 267.672 Cost: 13.000
arrive destination: True ,out of road:False   Total T: 776374 Episode Num: 2218 Episode T: 247 Reward: 284.492 Cost: 5.000
arrive destination: True ,out of road:False   Total T: 776684 Episode Num: 2219 Episode T: 310 Reward: 371.802 Cost: 0.000
arrive destination: True ,out of road:False   Total T: 777053 Episode Num: 2220 Episode T: 369 Reward: 396.626 Cost: 0.000
arrive destination: False ,out of road:True   Total T: 777202 Episode Num: 2221 Episode T: 149 Reward: 139.773 Cost: 1.000
arrive destination: False ,out of road:True   Total T: 777365 Episode Num: 2222 Episode T: 163 Reward: 175.689 Cost: 3.000
arrive destination: True ,out of road:False   Total T: 777704 Episode Num: 2223 Episode T: 339 Reward: 380.739 Cost: 11.000
arrive destination: True ,out of road:False   Total T: 777956 Episode Num: 2224 Episode T: 252 Reward: 335.484 Cost: 1.000
arrive destination: True ,out of road:False   Total T: 778177 Episode Num: 2225 Episode T: 221 Reward: 269.680 Cost: 3.000
arrive destination: True ,out of road:False   Total T: 778409 Episode Num: 2226 Episode T: 232 Reward: 274.248 Cost: 0.000
arrive destination: True ,out of road:False   Total T: 778856 Episode Num: 2227 Episode T: 447 Reward: 410.906 Cost: 3.000
arrive destination: True ,out of road:False   Total T: 779090 Episode Num: 2228 Episode T: 234 Reward: 285.549 Cost: 0.000
arrive destination: True ,out of road:False   Total T: 779406 Episode Num: 2229 Episode T: 316 Reward: 370.237 Cost: 0.000
arrive destination: False ,out of road:True   Total T: 779566 Episode Num: 2230 Episode T: 160 Reward: 172.641 Cost: 7.000
arrive destination: False ,out of road:True   Total T: 779848 Episode Num: 2231 Episode T: 282 Reward: 318.188 Cost: 1.000
---------------------------------------
Evaluation over 20 episodes: 0.600 Cost 4.150.             SafeRL used : use_epo
---------------------------------------
[34;1m
Time: 2026-06-29 20:47:25, Time spent from previous logger: 167.364 s[0m
[34;1mCustomLogger with fileds: ['total_steps', 'EpRet', 'EpCost', 'CostRate'][0m
[34;1mfieldvalues: [780000, 0.6, 4.15, 0.015894892172938685]
[0m
arrive destination: True ,out of road:False   Total T: 780258 Episode Num: 2232 Episode T: 410 Reward: 398.575 Cost: 4.000
arrive destination: True ,out of road:False   Total T: 780592 Episode Num: 2233 Episode T: 334 Reward: 382.066 Cost: 4.000
arrive destination: True ,out of road:False   Total T: 780911 Episode Num: 2234 Episode T: 319 Reward: 375.977 Cost: 13.000
arrive destination: True ,out of road:False   Total T: 781369 Episode Num: 2235 Episode T: 458 Reward: 498.567 Cost: 10.000
arrive destination: True ,out of road:False   Total T: 781632 Episode Num: 2236 Episode T: 263 Reward: 272.410 Cost: 0.000
arrive destination: True ,out of road:False   Total T: 782022 Episode Num: 2237 Episode T: 390 Reward: 400.742 Cost: 0.000
arrive destination: True ,out of road:False   Total T: 782267 Episode Num: 2238 Episode T: 245 Reward: 268.514 Cost: 1.000
arrive destination: False ,out of road:True   Total T: 782491 Episode Num: 2239 Episode T: 224 Reward: 226.293 Cost: 1.000
arrive destination: True ,out of road:False   Total T: 782807 Episode Num: 2240 Episode T: 316 Reward: 371.972 Cost: 0.000
arrive destination: True ,out of road:False   Total T: 783003 Episode Num: 2241 Episode T: 196 Reward: 230.838 Cost: 0.000
arrive destination: True ,out of road:False   Total T: 783245 Episode Num: 2242 Episode T: 242 Reward: 268.079 Cost: 0.000
arrive destination: False ,out of road:True   Total T: 783377 Episode Num: 2243 Episode T: 132 Reward: 111.543 Cost: 1.000
arrive destination: True ,out of road:False   Total T: 783646 Episode Num: 2244 Episode T: 269 Reward: 270.999 Cost: 0.000
arrive destination: True ,out of road:False   Total T: 783906 Episode Num: 2245 Episode T: 260 Reward: 295.342 Cost: 1.000
arrive destination: True ,out of road:False   Total T: 784153 Episode Num: 2246 Episode T: 247 Reward: 285.131 Cost: 2.000
arrive destination: True ,out of road:False   Total T: 784517 Episode Num: 2247 Episode T: 364 Reward: 399.314 Cost: 0.000
arrive destination: True ,out of road:False   Total T: 784892 Episode Num: 2248 Episode T: 375 Reward: 409.035 Cost: 6.000
arrive destination: False ,out of road:True   Total T: 785039 Episode Num: 2249 Episode T: 147 Reward: 139.070 Cost: 1.000
arrive destination: True ,out of road:False   Total T: 785397 Episode Num: 2250 Episode T: 358 Reward: 380.653 Cost: 0.000
arrive destination: True ,out of road:False   Total T: 785804 Episode Num: 2251 Episode T: 407 Reward: 484.247 Cost: 2.000
arrive destination: True ,out of road:False   Total T: 786083 Episode Num: 2252 Episode T: 279 Reward: 335.293 Cost: 3.000
arrive destination: False ,out of road:True   Total T: 786369 Episode Num: 2253 Episode T: 286 Reward: 270.472 Cost: 11.000
arrive destination: False ,out of road:True   Total T: 786590 Episode Num: 2254 Episode T: 221 Reward: 229.661 Cost: 1.000
arrive destination: True ,out of road:False   Total T: 786786 Episode Num: 2255 Episode T: 196 Reward: 270.159 Cost: 0.000
arrive destination: True ,out of road:False   Total T: 787031 Episode Num: 2256 Episode T: 245 Reward: 266.097 Cost: 0.000
arrive destination: False ,out of road:True   Total T: 787172 Episode Num: 2257 Episode T: 141 Reward: 153.513 Cost: 1.000
arrive destination: True ,out of road:False   Total T: 787568 Episode Num: 2258 Episode T: 396 Reward: 384.676 Cost: 3.000
arrive destination: True ,out of road:False   Total T: 787906 Episode Num: 2259 Episode T: 338 Reward: 395.784 Cost: 0.000
arrive destination: False ,out of road:True   Total T: 788259 Episode Num: 2260 Episode T: 353 Reward: 364.392 Cost: 19.000
arrive destination: True ,out of road:False   Total T: 788524 Episode Num: 2261 Episode T: 265 Reward: 296.043 Cost: 2.000
arrive destination: True ,out of road:False   Total T: 788953 Episode Num: 2262 Episode T: 429 Reward: 474.198 Cost: 2.000
arrive destination: False ,out of road:True   Total T: 789300 Episode Num: 2263 Episode T: 347 Reward: 351.304 Cost: 2.000
arrive destination: False ,out of road:True   Total T: 789406 Episode Num: 2264 Episode T: 106 Reward: 74.372 Cost: 3.000
arrive destination: True ,out of road:False   Total T: 789677 Episode Num: 2265 Episode T: 271 Reward: 269.714 Cost: 0.000
arrive destination: True ,out of road:False   Total T: 789935 Episode Num: 2266 Episode T: 258 Reward: 295.893 Cost: 0.000
---------------------------------------
Evaluation over 20 episodes: 0.550 Cost 2.850.             SafeRL used : use_epo
---------------------------------------
[34;1m
Time: 2026-06-29 20:50:08, Time spent from previous logger: 162.570 s[0m
[34;1mCustomLogger with fileds: ['total_steps', 'EpRet', 'EpCost', 'CostRate'][0m
[34;1mfieldvalues: [790000, 0.55, 2.85, 0.015806349121960914]
[0m
arrive destination: False ,out of road:True   Total T: 790216 Episode Num: 2267 Episode T: 281 Reward: 267.171 Cost: 14.000
arrive destination: True ,out of road:False   Total T: 790579 Episode Num: 2268 Episode T: 363 Reward: 380.154 Cost: 15.000
arrive destination: True ,out of road:False   Total T: 790893 Episode Num: 2269 Episode T: 314 Reward: 370.564 Cost: 1.000
arrive destination: True ,out of road:False   Total T: 791199 Episode Num: 2270 Episode T: 306 Reward: 294.418 Cost: 28.000
arrive destination: False ,out of road:True   Total T: 791407 Episode Num: 2271 Episode T: 208 Reward: 211.521 Cost: 7.000
arrive destination: True ,out of road:False   Total T: 791665 Episode Num: 2272 Episode T: 258 Reward: 232.244 Cost: 1.000
arrive destination: True ,out of road:False   Total T: 791918 Episode Num: 2273 Episode T: 253 Reward: 265.320 Cost: 2.000
arrive destination: True ,out of road:False   Total T: 792191 Episode Num: 2274 Episode T: 273 Reward: 292.246 Cost: 7.000
arrive destination: True ,out of road:False   Total T: 792560 Episode Num: 2275 Episode T: 369 Reward: 384.888 Cost: 21.000
arrive destination: True ,out of road:False   Total T: 792923 Episode Num: 2276 Episode T: 363 Reward: 398.895 Cost: 0.000
arrive destination: True ,out of road:False   Total T: 793355 Episode Num: 2277 Episode T: 432 Reward: 380.696 Cost: 26.000
arrive destination: True ,out of road:False   Total T: 793730 Episode Num: 2278 Episode T: 375 Reward: 381.741 Cost: 4.000
arrive destination: True ,out of road:False   Total T: 793965 Episode Num: 2279 Episode T: 235 Reward: 276.869 Cost: 0.000
arrive destination: True ,out of road:False   Total T: 794218 Episode Num: 2280 Episode T: 253 Reward: 269.406 Cost: 0.000
arrive destination: True ,out of road:False   Total T: 794477 Episode Num: 2281 Episode T: 259 Reward: 295.824 Cost: 0.000
arrive destination: False ,out of road:True   Total T: 794685 Episode Num: 2282 Episode T: 208 Reward: 206.590 Cost: 11.000
arrive destination: True ,out of road:False   Total T: 794938 Episode Num: 2283 Episode T: 253 Reward: 283.288 Cost: 2.000
arrive destination: True ,out of road:False   Total T: 795134 Episode Num: 2284 Episode T: 196 Reward: 269.720 Cost: 0.000
arrive destination: True ,out of road:False   Total T: 795364 Episode Num: 2285 Episode T: 230 Reward: 272.981 Cost: 0.000
arrive destination: True ,out of road:False   Total T: 795611 Episode Num: 2286 Episode T: 247 Reward: 268.824 Cost: 0.000
arrive destination: True ,out of road:False   Total T: 796029 Episode Num: 2287 Episode T: 418 Reward: 413.372 Cost: 10.000
arrive destination: True ,out of road:False   Total T: 796258 Episode Num: 2288 Episode T: 229 Reward: 271.540 Cost: 0.000
arrive destination: False ,out of road:True   Total T: 796616 Episode Num: 2289 Episode T: 358 Reward: 321.244 Cost: 13.000
arrive destination: True ,out of road:False   Total T: 797017 Episode Num: 2290 Episode T: 401 Reward: 380.433 Cost: 9.000
arrive destination: True ,out of road:False   Total T: 797324 Episode Num: 2291 Episode T: 307 Reward: 372.098 Cost: 0.000
arrive destination: True ,out of road:False   Total T: 797590 Episode Num: 2292 Episode T: 266 Reward: 268.803 Cost: 0.000
arrive destination: True ,out of road:False   Total T: 797834 Episode Num: 2293 Episode T: 244 Reward: 268.848 Cost: 0.000
arrive destination: True ,out of road:False   Total T: 798065 Episode Num: 2294 Episode T: 231 Reward: 282.879 Cost: 4.000
arrive destination: True ,out of road:False   Total T: 798458 Episode Num: 2295 Episode T: 393 Reward: 385.671 Cost: 10.000
arrive destination: True ,out of road:False   Total T: 798687 Episode Num: 2296 Episode T: 229 Reward: 273.897 Cost: 0.000
arrive destination: True ,out of road:False   Total T: 799085 Episode Num: 2297 Episode T: 398 Reward: 472.457 Cost: 4.000
arrive destination: True ,out of road:False   Total T: 799421 Episode Num: 2298 Episode T: 336 Reward: 388.013 Cost: 12.000
arrive destination: False ,out of road:True   Total T: 799582 Episode Num: 2299 Episode T: 161 Reward: 154.376 Cost: 1.000
arrive destination: True ,out of road:False   Total T: 799969 Episode Num: 2300 Episode T: 387 Reward: 473.368 Cost: 0.000
---------------------------------------
Evaluation over 20 episodes: 0.700 Cost 4.500.             SafeRL used : use_epo
---------------------------------------
[34;1m
Time: 2026-06-29 20:52:50, Time spent from previous logger: 161.762 s[0m
[34;1mCustomLogger with fileds: ['total_steps', 'EpRet', 'EpCost', 'CostRate'][0m
[34;1mfieldvalues: [800000, 0.7, 4.5, 0.015861269826587282]
[0m
arrive destination: True ,out of road:False   Total T: 800313 Episode Num: 2301 Episode T: 344 Reward: 388.537 Cost: 9.000
arrive destination: True ,out of road:False   Total T: 800618 Episode Num: 2302 Episode T: 305 Reward: 371.095 Cost: 0.000
arrive destination: True ,out of road:False   Total T: 800999 Episode Num: 2303 Episode T: 381 Reward: 335.420 Cost: 5.000
arrive destination: False ,out of road:True   Total T: 801216 Episode Num: 2304 Episode T: 217 Reward: 247.351 Cost: 1.000
arrive destination: True ,out of road:False   Total T: 801621 Episode Num: 2305 Episode T: 405 Reward: 470.150 Cost: 0.000
arrive destination: True ,out of road:False   Total T: 801992 Episode Num: 2306 Episode T: 371 Reward: 294.008 Cost: 36.000
arrive destination: True ,out of road:False   Total T: 802359 Episode Num: 2307 Episode T: 367 Reward: 401.232 Cost: 0.000
arrive destination: True ,out of road:False   Total T: 802615 Episode Num: 2308 Episode T: 256 Reward: 270.132 Cost: 3.000
arrive destination: True ,out of road:False   Total T: 803048 Episode Num: 2309 Episode T: 433 Reward: 498.951 Cost: 6.000
arrive destination: True ,out of road:False   Total T: 803338 Episode Num: 2310 Episode T: 290 Reward: 294.113 Cost: 17.000
arrive destination: True ,out of road:False   Total T: 803778 Episode Num: 2311 Episode T: 440 Reward: 498.548 Cost: 14.000
arrive destination: True ,out of road:False   Total T: 804042 Episode Num: 2312 Episode T: 264 Reward: 295.177 Cost: 1.000
arrive destination: True ,out of road:False   Total T: 804277 Episode Num: 2313 Episode T: 235 Reward: 273.569 Cost: 0.000
arrive destination: True ,out of road:False   Total T: 804512 Episode Num: 2314 Episode T: 235 Reward: 267.919 Cost: 0.000
arrive destination: True ,out of road:False   Total T: 804892 Episode Num: 2315 Episode T: 380 Reward: 386.429 Cost: 7.000
arrive destination: True ,out of road:False   Total T: 805103 Episode Num: 2316 Episode T: 211 Reward: 269.858 Cost: 1.000
arrive destination: True ,out of road:False   Total T: 805519 Episode Num: 2317 Episode T: 416 Reward: 458.354 Cost: 16.000
arrive destination: True ,out of road:False   Total T: 805738 Episode Num: 2318 Episode T: 219 Reward: 269.024 Cost: 3.000
arrive destination: True ,out of road:False   Total T: 806103 Episode Num: 2319 Episode T: 365 Reward: 394.333 Cost: 0.000
arrive destination: True ,out of road:False   Total T: 806360 Episode Num: 2320 Episode T: 257 Reward: 295.632 Cost: 1.000
arrive destination: True ,out of road:False   Total T: 806763 Episode Num: 2321 Episode T: 403 Reward: 476.698 Cost: 2.000
arrive destination: False ,out of road:True   Total T: 806933 Episode Num: 2322 Episode T: 170 Reward: 181.741 Cost: 1.000
arrive destination: False ,out of road:True   Total T: 807120 Episode Num: 2323 Episode T: 187 Reward: 206.849 Cost: 1.000
arrive destination: False ,out of road:True   Total T: 807427 Episode Num: 2324 Episode T: 307 Reward: 321.947 Cost: 4.000
arrive destination: False ,out of road:True   Total T: 807493 Episode Num: 2325 Episode T: 66 Reward: 37.447 Cost: 1.000
arrive destination: True ,out of road:False   Total T: 807721 Episode Num: 2326 Episode T: 228 Reward: 283.992 Cost: 1.000
arrive destination: False ,out of road:True   Total T: 807872 Episode Num: 2327 Episode T: 151 Reward: 138.985 Cost: 2.000
arrive destination: True ,out of road:False   Total T: 808354 Episode Num: 2328 Episode T: 482 Reward: 492.075 Cost: 12.000
arrive destination: False ,out of road:True   Total T: 808499 Episode Num: 2329 Episode T: 145 Reward: 145.142 Cost: 1.000
arrive destination: True ,out of road:False   Total T: 808817 Episode Num: 2330 Episode T: 318 Reward: 369.502 Cost: 1.000
arrive destination: True ,out of road:False   Total T: 809206 Episode Num: 2331 Episode T: 389 Reward: 469.250 Cost: 1.000
arrive destination: True ,out of road:False   Total T: 809428 Episode Num: 2332 Episode T: 222 Reward: 273.631 Cost: 0.000
arrive destination: True ,out of road:False   Total T: 809624 Episode Num: 2333 Episode T: 196 Reward: 269.875 Cost: 0.000
arrive destination: True ,out of road:False   Total T: 809858 Episode Num: 2334 Episode T: 234 Reward: 284.057 Cost: 3.000
---------------------------------------
Evaluation over 20 episodes: 0.700 Cost 7.150.             SafeRL used : use_epo
---------------------------------------
[34;1m
Time: 2026-06-29 20:55:37, Time spent from previous logger: 167.397 s[0m
[34;1mCustomLogger with fileds: ['total_steps', 'EpRet', 'EpCost', 'CostRate'][0m
[34;1mfieldvalues: [810000, 0.7, 7.15, 0.01585063685263809]
[0m
arrive destination: True ,out of road:False   Total T: 810369 Episode Num: 2335 Episode T: 511 Reward: 568.148 Cost: 2.000
arrive destination: True ,out of road:False   Total T: 810728 Episode Num: 2336 Episode T: 359 Reward: 456.637 Cost: 2.000
arrive destination: False ,out of road:True   Total T: 810955 Episode Num: 2337 Episode T: 227 Reward: 226.206 Cost: 1.000
arrive destination: False ,out of road:True   Total T: 811087 Episode Num: 2338 Episode T: 132 Reward: 145.676 Cost: 1.000
arrive destination: True ,out of road:False   Total T: 811344 Episode Num: 2339 Episode T: 257 Reward: 231.476 Cost: 0.000
arrive destination: True ,out of road:False   Total T: 811580 Episode Num: 2340 Episode T: 236 Reward: 283.661 Cost: 0.000
arrive destination: True ,out of road:False   Total T: 811814 Episode Num: 2341 Episode T: 234 Reward: 273.590 Cost: 0.000
arrive destination: True ,out of road:False   Total T: 812071 Episode Num: 2342 Episode T: 257 Reward: 295.687 Cost: 0.000
arrive destination: False ,out of road:True   Total T: 812279 Episode Num: 2343 Episode T: 208 Reward: 220.058 Cost: 1.000
arrive destination: True ,out of road:False   Total T: 812596 Episode Num: 2344 Episode T: 317 Reward: 371.067 Cost: 0.000
arrive destination: True ,out of road:False   Total T: 812800 Episode Num: 2345 Episode T: 204 Reward: 269.012 Cost: 1.000
arrive destination: True ,out of road:False   Total T: 813214 Episode Num: 2346 Episode T: 414 Reward: 473.096 Cost: 0.000
arrive destination: True ,out of road:False   Total T: 813459 Episode Num: 2347 Episode T: 245 Reward: 266.932 Cost: 0.000
arrive destination: True ,out of road:False   Total T: 813718 Episode Num: 2348 Episode T: 259 Reward: 295.438 Cost: 0.000
arrive destination: True ,out of road:False   Total T: 814021 Episode Num: 2349 Episode T: 303 Reward: 398.544 Cost: 2.000
arrive destination: True ,out of road:False   Total T: 814376 Episode Num: 2350 Episode T: 355 Reward: 380.790 Cost: 8.000
arrive destination: True ,out of road:False   Total T: 814609 Episode Num: 2351 Episode T: 233 Reward: 273.105 Cost: 0.000
arrive destination: True ,out of road:False   Total T: 814992 Episode Num: 2352 Episode T: 383 Reward: 421.482 Cost: 12.000
arrive destination: True ,out of road:False   Total T: 815201 Episode Num: 2353 Episode T: 209 Reward: 231.441 Cost: 1.000
arrive destination: True ,out of road:False   Total T: 815597 Episode Num: 2354 Episode T: 396 Reward: 466.034 Cost: 10.000
arrive destination: True ,out of road:False   Total T: 816047 Episode Num: 2355 Episode T: 450 Reward: 399.598 Cost: 15.000
arrive destination: False ,out of road:True   Total T: 816249 Episode Num: 2356 Episode T: 202 Reward: 216.266 Cost: 1.000
arrive destination: True ,out of road:False   Total T: 816443 Episode Num: 2357 Episode T: 194 Reward: 270.121 Cost: 0.000
arrive destination: False ,out of road:True   Total T: 816486 Episode Num: 2358 Episode T: 43 Reward: 11.190 Cost: 1.000
arrive destination: True ,out of road:False   Total T: 816685 Episode Num: 2359 Episode T: 199 Reward: 269.892 Cost: 0.000
arrive destination: True ,out of road:False   Total T: 817080 Episode Num: 2360 Episode T: 395 Reward: 461.332 Cost: 6.000
arrive destination: True ,out of road:False   Total T: 817435 Episode Num: 2361 Episode T: 355 Reward: 396.631 Cost: 0.000
arrive destination: True ,out of road:False   Total T: 817684 Episode Num: 2362 Episode T: 249 Reward: 335.044 Cost: 1.000
arrive destination: True ,out of road:False   Total T: 818039 Episode Num: 2363 Episode T: 355 Reward: 398.601 Cost: 12.000
arrive destination: True ,out of road:False   Total T: 818423 Episode Num: 2364 Episode T: 384 Reward: 401.948 Cost: 0.000
arrive destination: True ,out of road:False   Total T: 818739 Episode Num: 2365 Episode T: 316 Reward: 371.095 Cost: 0.000
arrive destination: True ,out of road:False   Total T: 819105 Episode Num: 2366 Episode T: 366 Reward: 399.424 Cost: 0.000
arrive destination: True ,out of road:False   Total T: 819342 Episode Num: 2367 Episode T: 237 Reward: 268.973 Cost: 0.000
arrive destination: True ,out of road:False   Total T: 819596 Episode Num: 2368 Episode T: 254 Reward: 270.100 Cost: 0.000
arrive destination: True ,out of road:False   Total T: 819856 Episode Num: 2369 Episode T: 260 Reward: 232.534 Cost: 0.000
---------------------------------------
Evaluation over 20 episodes: 0.650 Cost 3.350.             SafeRL used : use_epo
---------------------------------------
[34;1m
Time: 2026-06-29 20:58:19, Time spent from previous logger: 162.027 s[0m
[34;1mCustomLogger with fileds: ['total_steps', 'EpRet', 'EpCost', 'CostRate'][0m
[34;1mfieldvalues: [820000, 0.65, 3.35, 0.01575123872102283]
[0m
arrive destination: True ,out of road:False   Total T: 820260 Episode Num: 2370 Episode T: 404 Reward: 440.682 Cost: 2.000
arrive destination: True ,out of road:False   Total T: 820529 Episode Num: 2371 Episode T: 269 Reward: 294.372 Cost: 10.000
arrive destination: True ,out of road:False   Total T: 820886 Episode Num: 2372 Episode T: 357 Reward: 396.677 Cost: 0.000
arrive destination: True ,out of road:False   Total T: 821081 Episode Num: 2373 Episode T: 195 Reward: 270.204 Cost: 0.000
arrive destination: True ,out of road:False   Total T: 821462 Episode Num: 2374 Episode T: 381 Reward: 380.432 Cost: 12.000
arrive destination: True ,out of road:False   Total T: 821782 Episode Num: 2375 Episode T: 320 Reward: 371.111 Cost: 0.000
arrive destination: False ,out of road:True   Total T: 822010 Episode Num: 2376 Episode T: 228 Reward: 227.998 Cost: 1.000
arrive destination: True ,out of road:False   Total T: 822233 Episode Num: 2377 Episode T: 223 Reward: 270.194 Cost: 0.000
arrive destination: True ,out of road:False   Total T: 822493 Episode Num: 2378 Episode T: 260 Reward: 267.570 Cost: 0.000
arrive destination: True ,out of road:False   Total T: 822862 Episode Num: 2379 Episode T: 369 Reward: 410.820 Cost: 5.000
arrive destination: True ,out of road:False   Total T: 823134 Episode Num: 2380 Episode T: 272 Reward: 267.107 Cost: 0.000
arrive destination: True ,out of road:False   Total T: 823585 Episode Num: 2381 Episode T: 451 Reward: 419.276 Cost: 2.000
arrive destination: False ,out of road:True   Total T: 823831 Episode Num: 2382 Episode T: 246 Reward: 241.906 Cost: 5.000
arrive destination: False ,out of road:True   Total T: 823931 Episode Num: 2383 Episode T: 100 Reward: 77.182 Cost: 4.000
arrive destination: True ,out of road:False   Total T: 824327 Episode Num: 2384 Episode T: 396 Reward: 467.612 Cost: 6.000
arrive destination: True ,out of road:False   Total T: 824520 Episode Num: 2385 Episode T: 193 Reward: 269.817 Cost: 0.000
arrive destination: True ,out of road:False   Total T: 824893 Episode Num: 2386 Episode T: 373 Reward: 380.361 Cost: 15.000
arrive destination: True ,out of road:False   Total T: 825149 Episode Num: 2387 Episode T: 256 Reward: 268.686 Cost: 0.000
arrive destination: True ,out of road:False   Total T: 825536 Episode Num: 2388 Episode T: 387 Reward: 474.163 Cost: 0.000
arrive destination: True ,out of road:False   Total T: 826194 Episode Num: 2389 Episode T: 658 Reward: 424.502 Cost: 24.000
arrive destination: True ,out of road:False   Total T: 826434 Episode Num: 2390 Episode T: 240 Reward: 272.003 Cost: 0.000
arrive destination: True ,out of road:False   Total T: 826875 Episode Num: 2391 Episode T: 441 Reward: 414.784 Cost: 8.000
arrive destination: True ,out of road:False   Total T: 827317 Episode Num: 2392 Episode T: 442 Reward: 416.299 Cost: 16.000
arrive destination: True ,out of road:False   Total T: 827683 Episode Num: 2393 Episode T: 366 Reward: 406.898 Cost: 2.000
arrive destination: True ,out of road:False   Total T: 828108 Episode Num: 2394 Episode T: 425 Reward: 397.851 Cost: 32.000
arrive destination: True ,out of road:False   Total T: 828340 Episode Num: 2395 Episode T: 232 Reward: 274.010 Cost: 0.000
arrive destination: True ,out of road:False   Total T: 828588 Episode Num: 2396 Episode T: 248 Reward: 335.245 Cost: 0.000
arrive destination: True ,out of road:False   Total T: 828809 Episode Num: 2397 Episode T: 221 Reward: 269.247 Cost: 3.000
arrive destination: True ,out of road:False   Total T: 829043 Episode Num: 2398 Episode T: 234 Reward: 274.007 Cost: 0.000
arrive destination: True ,out of road:False   Total T: 829269 Episode Num: 2399 Episode T: 226 Reward: 268.348 Cost: 0.000
arrive destination: True ,out of road:False   Total T: 829664 Episode Num: 2400 Episode T: 395 Reward: 388.867 Cost: 0.000
arrive destination: True ,out of road:False   Total T: 829911 Episode Num: 2401 Episode T: 247 Reward: 268.032 Cost: 0.000
---------------------------------------
Evaluation over 20 episodes: 0.550 Cost 3.600.             SafeRL used : use_epo
---------------------------------------
[34;1m
Time: 2026-06-29 21:01:07, Time spent from previous logger: 167.827 s[0m
[34;1mCustomLogger with fileds: ['total_steps', 'EpRet', 'EpCost', 'CostRate'][0m
[34;1mfieldvalues: [830000, 0.55, 3.6, 0.01573857317900383]
[0m
arrive destination: True ,out of road:False   Total T: 830258 Episode Num: 2402 Episode T: 347 Reward: 312.783 Cost: 0.000
arrive destination: False ,out of road:True   Total T: 830396 Episode Num: 2403 Episode T: 138 Reward: 139.214 Cost: 1.000
arrive destination: True ,out of road:False   Total T: 830653 Episode Num: 2404 Episode T: 257 Reward: 231.154 Cost: 0.000
arrive destination: False ,out of road:True   Total T: 831092 Episode Num: 2405 Episode T: 439 Reward: 378.558 Cost: 26.000
arrive destination: True ,out of road:False   Total T: 831334 Episode Num: 2406 Episode T: 242 Reward: 335.836 Cost: 0.000
arrive destination: True ,out of road:False   Total T: 831567 Episode Num: 2407 Episode T: 233 Reward: 269.291 Cost: 0.000
arrive destination: True ,out of road:False   Total T: 831887 Episode Num: 2408 Episode T: 320 Reward: 369.456 Cost: 0.000
arrive destination: True ,out of road:False   Total T: 832206 Episode Num: 2409 Episode T: 319 Reward: 400.041 Cost: 2.000
arrive destination: True ,out of road:False   Total T: 832463 Episode Num: 2410 Episode T: 257 Reward: 230.299 Cost: 1.000
arrive destination: True ,out of road:False   Total T: 832696 Episode Num: 2411 Episode T: 233 Reward: 269.768 Cost: 0.000
arrive destination: True ,out of road:False   Total T: 832967 Episode Num: 2412 Episode T: 271 Reward: 269.842 Cost: 0.000
arrive destination: True ,out of road:False   Total T: 833169 Episode Num: 2413 Episode T: 202 Reward: 230.821 Cost: 0.000
arrive destination: False ,out of road:True   Total T: 833380 Episode Num: 2414 Episode T: 211 Reward: 221.360 Cost: 1.000
arrive destination: False ,out of road:True   Total T: 833786 Episode Num: 2415 Episode T: 406 Reward: 342.586 Cost: 15.000
arrive destination: True ,out of road:False   Total T: 834044 Episode Num: 2416 Episode T: 258 Reward: 232.374 Cost: 0.000
arrive destination: True ,out of road:False   Total T: 834434 Episode Num: 2417 Episode T: 390 Reward: 474.982 Cost: 0.000
arrive destination: True ,out of road:False   Total T: 834651 Episode Num: 2418 Episode T: 217 Reward: 294.886 Cost: 0.000
arrive destination: True ,out of road:False   Total T: 835038 Episode Num: 2419 Episode T: 387 Reward: 458.169 Cost: 0.000
arrive destination: True ,out of road:False   Total T: 835542 Episode Num: 2420 Episode T: 504 Reward: 415.138 Cost: 17.000
arrive destination: True ,out of road:False   Total T: 835905 Episode Num: 2421 Episode T: 363 Reward: 381.156 Cost: 6.000
arrive destination: True ,out of road:False   Total T: 836297 Episode Num: 2422 Episode T: 392 Reward: 379.907 Cost: 18.000
arrive destination: True ,out of road:False   Total T: 836569 Episode Num: 2423 Episode T: 272 Reward: 269.428 Cost: 0.000
arrive destination: True ,out of road:False   Total T: 836825 Episode Num: 2424 Episode T: 256 Reward: 295.546 Cost: 1.000
arrive destination: True ,out of road:False   Total T: 837086 Episode Num: 2425 Episode T: 261 Reward: 335.668 Cost: 1.000
arrive destination: False ,out of road:True   Total T: 837317 Episode Num: 2426 Episode T: 231 Reward: 208.551 Cost: 5.000
arrive destination: True ,out of road:False   Total T: 837725 Episode Num: 2427 Episode T: 408 Reward: 401.010 Cost: 8.000
arrive destination: True ,out of road:False   Total T: 837949 Episode Num: 2428 Episode T: 224 Reward: 275.381 Cost: 0.000
arrive destination: True ,out of road:False   Total T: 838389 Episode Num: 2429 Episode T: 440 Reward: 423.424 Cost: 9.000
arrive destination: True ,out of road:False   Total T: 838651 Episode Num: 2430 Episode T: 262 Reward: 336.280 Cost: 1.000
arrive destination: True ,out of road:False   Total T: 839001 Episode Num: 2431 Episode T: 350 Reward: 398.080 Cost: 13.000
arrive destination: False ,out of road:True   Total T: 839145 Episode Num: 2432 Episode T: 144 Reward: 141.612 Cost: 1.000
arrive destination: True ,out of road:False   Total T: 839402 Episode Num: 2433 Episode T: 257 Reward: 285.149 Cost: 6.000
arrive destination: True ,out of road:False   Total T: 839673 Episode Num: 2434 Episode T: 271 Reward: 268.438 Cost: 0.000
arrive destination: True ,out of road:False   Total T: 839901 Episode Num: 2435 Episode T: 228 Reward: 268.587 Cost: 0.000
---------------------------------------
Evaluation over 20 episodes: 0.650 Cost 3.700.             SafeRL used : use_epo
---------------------------------------
[34;1m
Time: 2026-06-29 21:03:51, Time spent from previous logger: 164.572 s[0m
[34;1mCustomLogger with fileds: ['total_steps', 'EpRet', 'EpCost', 'CostRate'][0m
[34;1mfieldvalues: [840000, 0.65, 3.7, 0.015708352033752423]
[0m
arrive destination: True ,out of road:False   Total T: 840263 Episode Num: 2436 Episode T: 362 Reward: 364.952 Cost: 0.000
arrive destination: True ,out of road:False   Total T: 840656 Episode Num: 2437 Episode T: 393 Reward: 400.429 Cost: 1.000
arrive destination: True ,out of road:False   Total T: 841044 Episode Num: 2438 Episode T: 388 Reward: 458.388 Cost: 6.000
arrive destination: True ,out of road:False   Total T: 841316 Episode Num: 2439 Episode T: 272 Reward: 284.537 Cost: 3.000
arrive destination: True ,out of road:False   Total T: 841618 Episode Num: 2440 Episode T: 302 Reward: 396.967 Cost: 0.000
arrive destination: True ,out of road:False   Total T: 841886 Episode Num: 2441 Episode T: 268 Reward: 270.199 Cost: 1.000
arrive destination: False ,out of road:True   Total T: 842211 Episode Num: 2442 Episode T: 325 Reward: 333.736 Cost: 12.000
arrive destination: True ,out of road:False   Total T: 842441 Episode Num: 2443 Episode T: 230 Reward: 271.310 Cost: 0.000
arrive destination: False ,out of road:True   Total T: 842597 Episode Num: 2444 Episode T: 156 Reward: 177.667 Cost: 1.000
arrive destination: True ,out of road:False   Total T: 842949 Episode Num: 2445 Episode T: 352 Reward: 397.990 Cost: 12.000
arrive destination: False ,out of road:True   Total T: 843202 Episode Num: 2446 Episode T: 253 Reward: 267.280 Cost: 1.000
arrive destination: True ,out of road:False   Total T: 843456 Episode Num: 2447 Episode T: 254 Reward: 269.368 Cost: 0.000
arrive destination: True ,out of road:False   Total T: 843833 Episode Num: 2448 Episode T: 377 Reward: 377.424 Cost: 2.000
arrive destination: True ,out of road:False   Total T: 844207 Episode Num: 2449 Episode T: 374 Reward: 380.492 Cost: 10.000
arrive destination: True ,out of road:False   Total T: 844546 Episode Num: 2450 Episode T: 339 Reward: 385.637 Cost: 0.000
arrive destination: True ,out of road:False   Total T: 844816 Episode Num: 2451 Episode T: 270 Reward: 267.223 Cost: 0.000
arrive destination: True ,out of road:False   Total T: 845105 Episode Num: 2452 Episode T: 289 Reward: 398.165 Cost: 1.000
arrive destination: True ,out of road:False   Total T: 845383 Episode Num: 2453 Episode T: 278 Reward: 294.178 Cost: 7.000
arrive destination: True ,out of road:False   Total T: 845766 Episode Num: 2454 Episode T: 383 Reward: 471.328 Cost: 0.000
arrive destination: True ,out of road:False   Total T: 846003 Episode Num: 2455 Episode T: 237 Reward: 335.692 Cost: 0.000
arrive destination: False ,out of road:True   Total T: 846215 Episode Num: 2456 Episode T: 212 Reward: 227.536 Cost: 3.000
arrive destination: True ,out of road:False   Total T: 846533 Episode Num: 2457 Episode T: 318 Reward: 369.576 Cost: 0.000
arrive destination: True ,out of road:False   Total T: 846787 Episode Num: 2458 Episode T: 254 Reward: 335.649 Cost: 1.000
arrive destination: True ,out of road:False   Total T: 847275 Episode Num: 2459 Episode T: 488 Reward: 413.140 Cost: 16.000
arrive destination: True ,out of road:False   Total T: 847533 Episode Num: 2460 Episode T: 258 Reward: 335.191 Cost: 1.000
arrive destination: False ,out of road:True   Total T: 847788 Episode Num: 2461 Episode T: 255 Reward: 244.049 Cost: 9.000
arrive destination: True ,out of road:False   Total T: 848045 Episode Num: 2462 Episode T: 257 Reward: 270.009 Cost: 0.000
arrive destination: True ,out of road:False   Total T: 848410 Episode Num: 2463 Episode T: 365 Reward: 381.832 Cost: 16.000
arrive destination: True ,out of road:False   Total T: 848715 Episode Num: 2464 Episode T: 305 Reward: 368.891 Cost: 0.000
arrive destination: True ,out of road:False   Total T: 849131 Episode Num: 2465 Episode T: 416 Reward: 471.811 Cost: 0.000
arrive destination: True ,out of road:False   Total T: 849482 Episode Num: 2466 Episode T: 351 Reward: 294.591 Cost: 9.000
arrive destination: True ,out of road:False   Total T: 849795 Episode Num: 2467 Episode T: 313 Reward: 367.549 Cost: 0.000
---------------------------------------
Evaluation over 20 episodes: 0.600 Cost 9.350.             SafeRL used : use_epo
---------------------------------------
[34;1m
Time: 2026-06-29 21:06:38, Time spent from previous logger: 166.222 s[0m
[34;1mCustomLogger with fileds: ['total_steps', 'EpRet', 'EpCost', 'CostRate'][0m
[34;1mfieldvalues: [850000, 0.6, 9.35, 0.015655312535661808]
[0m
arrive destination: True ,out of road:False   Total T: 850338 Episode Num: 2468 Episode T: 543 Reward: 584.224 Cost: 2.000
arrive destination: True ,out of road:False   Total T: 850672 Episode Num: 2469 Episode T: 334 Reward: 413.594 Cost: 5.000
arrive destination: True ,out of road:False   Total T: 850879 Episode Num: 2470 Episode T: 207 Reward: 269.898 Cost: 0.000
arrive destination: False ,out of road:True   Total T: 851220 Episode Num: 2471 Episode T: 341 Reward: 323.445 Cost: 1.000
arrive destination: True ,out of road:False   Total T: 851485 Episode Num: 2472 Episode T: 265 Reward: 295.509 Cost: 0.000
arrive destination: False ,out of road:True   Total T: 851530 Episode Num: 2473 Episode T: 45 Reward: 13.142 Cost: 1.000
arrive destination: True ,out of road:False   Total T: 851910 Episode Num: 2474 Episode T: 380 Reward: 476.339 Cost: 3.000
arrive destination: False ,out of road:True   Total T: 852069 Episode Num: 2475 Episode T: 159 Reward: 156.138 Cost: 6.000
arrive destination: True ,out of road:False   Total T: 852427 Episode Num: 2476 Episode T: 358 Reward: 399.902 Cost: 0.000
arrive destination: True ,out of road:False   Total T: 852689 Episode Num: 2477 Episode T: 262 Reward: 230.826 Cost: 0.000
arrive destination: False ,out of road:True   Total T: 853098 Episode Num: 2478 Episode T: 409 Reward: 425.772 Cost: 6.000
arrive destination: True ,out of road:False   Total T: 853515 Episode Num: 2479 Episode T: 417 Reward: 409.583 Cost: 8.000
arrive destination: True ,out of road:False   Total T: 853777 Episode Num: 2480 Episode T: 262 Reward: 336.334 Cost: 1.000
arrive destination: True ,out of road:False   Total T: 854018 Episode Num: 2481 Episode T: 241 Reward: 285.306 Cost: 0.000
arrive destination: False ,out of road:True   Total T: 854162 Episode Num: 2482 Episode T: 144 Reward: 148.354 Cost: 3.000
arrive destination: True ,out of road:False   Total T: 854537 Episode Num: 2483 Episode T: 375 Reward: 459.025 Cost: 0.000
arrive destination: True ,out of road:False   Total T: 854757 Episode Num: 2484 Episode T: 220 Reward: 269.713 Cost: 3.000
arrive destination: True ,out of road:False   Total T: 855370 Episode Num: 2485 Episode T: 613 Reward: 416.619 Cost: 25.000
arrive destination: False ,out of road:True   Total T: 855595 Episode Num: 2486 Episode T: 225 Reward: 227.621 Cost: 1.000
arrive destination: True ,out of road:False   Total T: 855851 Episode Num: 2487 Episode T: 256 Reward: 273.929 Cost: 1.000
arrive destination: True ,out of road:False   Total T: 856075 Episode Num: 2488 Episode T: 224 Reward: 273.449 Cost: 0.000
arrive destination: True ,out of road:False   Total T: 856347 Episode Num: 2489 Episode T: 272 Reward: 271.094 Cost: 11.000
arrive destination: True ,out of road:False   Total T: 856687 Episode Num: 2490 Episode T: 340 Reward: 380.293 Cost: 3.000
arrive destination: True ,out of road:False   Total T: 857149 Episode Num: 2491 Episode T: 462 Reward: 398.467 Cost: 34.000
arrive destination: True ,out of road:False   Total T: 857385 Episode Num: 2492 Episode T: 236 Reward: 268.326 Cost: 0.000
arrive destination: True ,out of road:False   Total T: 857710 Episode Num: 2493 Episode T: 325 Reward: 401.451 Cost: 2.000
arrive destination: False ,out of road:True   Total T: 857849 Episode Num: 2494 Episode T: 139 Reward: 163.444 Cost: 1.000
arrive destination: True ,out of road:False   Total T: 858106 Episode Num: 2495 Episode T: 257 Reward: 268.779 Cost: 0.000
arrive destination: True ,out of road:False   Total T: 858441 Episode Num: 2496 Episode T: 335 Reward: 396.970 Cost: 6.000
arrive destination: True ,out of road:False   Total T: 858645 Episode Num: 2497 Episode T: 204 Reward: 269.948 Cost: 3.000
arrive destination: False ,out of road:True   Total T: 858802 Episode Num: 2498 Episode T: 157 Reward: 161.956 Cost: 1.000
arrive destination: True ,out of road:False   Total T: 859045 Episode Num: 2499 Episode T: 243 Reward: 272.065 Cost: 0.000
arrive destination: True ,out of road:False   Total T: 859444 Episode Num: 2500 Episode T: 399 Reward: 468.884 Cost: 2.000
arrive destination: True ,out of road:False   Total T: 859680 Episode Num: 2501 Episode T: 236 Reward: 271.192 Cost: 1.000
arrive destination: True ,out of road:False   Total T: 859940 Episode Num: 2502 Episode T: 260 Reward: 296.031 Cost: 1.000
---------------------------------------
Evaluation over 20 episodes: 0.700 Cost 4.300.             SafeRL used : use_epo
---------------------------------------
[34;1m
Time: 2026-06-29 21:09:13, Time spent from previous logger: 155.519 s[0m
[34;1mCustomLogger with fileds: ['total_steps', 'EpRet', 'EpCost', 'CostRate'][0m
[34;1mfieldvalues: [860000, 0.7, 4.3, 0.015625599564650657]
[0m
arrive destination: True ,out of road:False   Total T: 860382 Episode Num: 2503 Episode T: 442 Reward: 442.891 Cost: 14.000
arrive destination: False ,out of road:True   Total T: 860439 Episode Num: 2504 Episode T: 57 Reward: 23.762 Cost: 1.000
arrive destination: True ,out of road:False   Total T: 860815 Episode Num: 2505 Episode T: 376 Reward: 380.391 Cost: 14.000
arrive destination: True ,out of road:False   Total T: 861125 Episode Num: 2506 Episode T: 310 Reward: 368.307 Cost: 0.000
arrive destination: True ,out of road:False   Total T: 861498 Episode Num: 2507 Episode T: 373 Reward: 379.053 Cost: 6.000
arrive destination: True ,out of road:False   Total T: 861766 Episode Num: 2508 Episode T: 268 Reward: 265.507 Cost: 0.000
arrive destination: True ,out of road:False   Total T: 862008 Episode Num: 2509 Episode T: 242 Reward: 283.689 Cost: 1.000
arrive destination: True ,out of road:False   Total T: 862397 Episode Num: 2510 Episode T: 389 Reward: 467.659 Cost: 2.000
arrive destination: True ,out of road:False   Total T: 862771 Episode Num: 2511 Episode T: 374 Reward: 411.497 Cost: 5.000
arrive destination: True ,out of road:False   Total T: 863170 Episode Num: 2512 Episode T: 399 Reward: 404.355 Cost: 11.000
arrive destination: True ,out of road:False   Total T: 863410 Episode Num: 2513 Episode T: 240 Reward: 271.369 Cost: 0.000
arrive destination: False ,out of road:True   Total T: 863689 Episode Num: 2514 Episode T: 279 Reward: 235.311 Cost: 9.000
arrive destination: True ,out of road:False   Total T: 863896 Episode Num: 2515 Episode T: 207 Reward: 231.748 Cost: 0.000
arrive destination: True ,out of road:False   Total T: 864129 Episode Num: 2516 Episode T: 233 Reward: 271.804 Cost: 0.000
arrive destination: True ,out of road:False   Total T: 864438 Episode Num: 2517 Episode T: 309 Reward: 369.513 Cost: 0.000
arrive destination: True ,out of road:False   Total T: 864739 Episode Num: 2518 Episode T: 301 Reward: 398.100 Cost: 3.000
arrive destination: True ,out of road:False   Total T: 864931 Episode Num: 2519 Episode T: 192 Reward: 268.979 Cost: 0.000
arrive destination: True ,out of road:False   Total T: 865399 Episode Num: 2520 Episode T: 468 Reward: 381.395 Cost: 17.000
arrive destination: True ,out of road:False   Total T: 865720 Episode Num: 2521 Episode T: 321 Reward: 412.532 Cost: 9.000
arrive destination: True ,out of road:False   Total T: 865965 Episode Num: 2522 Episode T: 245 Reward: 335.917 Cost: 0.000
arrive destination: False ,out of road:True   Total T: 866161 Episode Num: 2523 Episode T: 196 Reward: 198.583 Cost: 4.000
arrive destination: True ,out of road:False   Total T: 866436 Episode Num: 2524 Episode T: 275 Reward: 335.334 Cost: 1.000
arrive destination: True ,out of road:False   Total T: 866846 Episode Num: 2525 Episode T: 410 Reward: 414.657 Cost: 2.000
arrive destination: True ,out of road:False   Total T: 867118 Episode Num: 2526 Episode T: 272 Reward: 268.673 Cost: 0.000
arrive destination: True ,out of road:False   Total T: 867475 Episode Num: 2527 Episode T: 357 Reward: 401.839 Cost: 0.000
arrive destination: True ,out of road:False   Total T: 867820 Episode Num: 2528 Episode T: 345 Reward: 391.333 Cost: 2.000
arrive destination: True ,out of road:False   Total T: 868074 Episode Num: 2529 Episode T: 254 Reward: 267.231 Cost: 0.000
arrive destination: True ,out of road:False   Total T: 868320 Episode Num: 2530 Episode T: 246 Reward: 335.346 Cost: 0.000
arrive destination: True ,out of road:False   Total T: 868652 Episode Num: 2531 Episode T: 332 Reward: 415.311 Cost: 8.000
arrive destination: True ,out of road:False   Total T: 868911 Episode Num: 2532 Episode T: 259 Reward: 231.797 Cost: 1.000
arrive destination: True ,out of road:False   Total T: 869167 Episode Num: 2533 Episode T: 256 Reward: 232.109 Cost: 0.000
arrive destination: True ,out of road:False   Total T: 869400 Episode Num: 2534 Episode T: 233 Reward: 271.484 Cost: 0.000
arrive destination: False ,out of road:True   Total T: 869608 Episode Num: 2535 Episode T: 208 Reward: 219.503 Cost: 4.000
arrive destination: True ,out of road:False   Total T: 869995 Episode Num: 2536 Episode T: 387 Reward: 475.712 Cost: 0.000
---------------------------------------
Evaluation over 20 episodes: 0.550 Cost 3.650.             SafeRL used : use_epo
---------------------------------------
[34;1m
Time: 2026-06-29 21:11:56, Time spent from previous logger: 162.520 s[0m
[34;1mCustomLogger with fileds: ['total_steps', 'EpRet', 'EpCost', 'CostRate'][0m
[34;1mfieldvalues: [870000, 0.55, 3.65, 0.015577029398884366]
[0m
arrive destination: True ,out of road:False   Total T: 870244 Episode Num: 2537 Episode T: 249 Reward: 270.540 Cost: 1.000
arrive destination: True ,out of road:False   Total T: 870688 Episode Num: 2538 Episode T: 444 Reward: 417.796 Cost: 3.000
arrive destination: True ,out of road:False   Total T: 871079 Episode Num: 2539 Episode T: 391 Reward: 473.174 Cost: 0.000
arrive destination: True ,out of road:False   Total T: 871335 Episode Num: 2540 Episode T: 256 Reward: 335.133 Cost: 1.000
arrive destination: True ,out of road:False   Total T: 871733 Episode Num: 2541 Episode T: 398 Reward: 491.292 Cost: 3.000
arrive destination: True ,out of road:False   Total T: 872074 Episode Num: 2542 Episode T: 341 Reward: 388.443 Cost: 6.000
arrive destination: True ,out of road:False   Total T: 872383 Episode Num: 2543 Episode T: 309 Reward: 369.951 Cost: 0.000
arrive destination: True ,out of road:False   Total T: 872655 Episode Num: 2544 Episode T: 272 Reward: 266.894 Cost: 1.000
arrive destination: True ,out of road:False   Total T: 872935 Episode Num: 2545 Episode T: 280 Reward: 294.514 Cost: 12.000
arrive destination: True ,out of road:False   Total T: 873411 Episode Num: 2546 Episode T: 476 Reward: 493.963 Cost: 7.000
arrive destination: True ,out of road:False   Total T: 873670 Episode Num: 2547 Episode T: 259 Reward: 231.858 Cost: 0.000
arrive destination: False ,out of road:True   Total T: 874304 Episode Num: 2548 Episode T: 634 Reward: 73.894 Cost: 35.000
arrive destination: True ,out of road:False   Total T: 874567 Episode Num: 2549 Episode T: 263 Reward: 295.611 Cost: 0.000
arrive destination: True ,out of road:False   Total T: 874793 Episode Num: 2550 Episode T: 226 Reward: 270.390 Cost: 0.000
arrive destination: True ,out of road:False   Total T: 875148 Episode Num: 2551 Episode T: 355 Reward: 397.204 Cost: 0.000
arrive destination: False ,out of road:True   Total T: 875363 Episode Num: 2552 Episode T: 215 Reward: 235.860 Cost: 2.000
arrive destination: True ,out of road:False   Total T: 875744 Episode Num: 2553 Episode T: 381 Reward: 474.248 Cost: 0.000
arrive destination: True ,out of road:False   Total T: 875974 Episode Num: 2554 Episode T: 230 Reward: 271.131 Cost: 0.000
arrive destination: True ,out of road:False   Total T: 876372 Episode Num: 2555 Episode T: 398 Reward: 472.445 Cost: 2.000
arrive destination: True ,out of road:False   Total T: 876718 Episode Num: 2556 Episode T: 346 Reward: 386.361 Cost: 4.000
arrive destination: True ,out of road:False   Total T: 877301 Episode Num: 2557 Episode T: 583 Reward: 414.098 Cost: 6.000
arrive destination: True ,out of road:False   Total T: 877645 Episode Num: 2558 Episode T: 344 Reward: 381.450 Cost: 8.000
arrive destination: True ,out of road:False   Total T: 877872 Episode Num: 2559 Episode T: 227 Reward: 269.629 Cost: 0.000
arrive destination: True ,out of road:False   Total T: 878102 Episode Num: 2560 Episode T: 230 Reward: 271.306 Cost: 3.000
arrive destination: True ,out of road:False   Total T: 878442 Episode Num: 2561 Episode T: 340 Reward: 384.902 Cost: 9.000
arrive destination: True ,out of road:False   Total T: 878854 Episode Num: 2562 Episode T: 412 Reward: 470.665 Cost: 2.000
arrive destination: True ,out of road:False   Total T: 879107 Episode Num: 2563 Episode T: 253 Reward: 335.920 Cost: 2.000
arrive destination: True ,out of road:False   Total T: 879470 Episode Num: 2564 Episode T: 363 Reward: 388.259 Cost: 10.000
arrive destination: True ,out of road:False   Total T: 879876 Episode Num: 2565 Episode T: 406 Reward: 380.222 Cost: 20.000
---------------------------------------
Evaluation over 20 episodes: 0.600 Cost 3.250.             SafeRL used : use_epo
---------------------------------------
[34;1m
Time: 2026-06-29 21:14:37, Time spent from previous logger: 161.578 s[0m
[34;1mCustomLogger with fileds: ['total_steps', 'EpRet', 'EpCost', 'CostRate'][0m
[34;1mfieldvalues: [880000, 0.6, 3.25, 0.015555699495113063]
[0m
arrive destination: True ,out of road:False   Total T: 880389 Episode Num: 2566 Episode T: 513 Reward: 511.572 Cost: 13.000
arrive destination: True ,out of road:False   Total T: 880582 Episode Num: 2567 Episode T: 193 Reward: 269.031 Cost: 1.000
arrive destination: False ,out of road:True   Total T: 880782 Episode Num: 2568 Episode T: 200 Reward: 194.841 Cost: 1.000
arrive destination: True ,out of road:False   Total T: 881027 Episode Num: 2569 Episode T: 245 Reward: 295.543 Cost: 0.000
arrive destination: True ,out of road:False   Total T: 881314 Episode Num: 2570 Episode T: 287 Reward: 335.913 Cost: 5.000
arrive destination: False ,out of road:True   Total T: 881418 Episode Num: 2571 Episode T: 104 Reward: 102.810 Cost: 1.000
arrive destination: True ,out of road:False   Total T: 881691 Episode Num: 2572 Episode T: 273 Reward: 271.285 Cost: 0.000
arrive destination: True ,out of road:False   Total T: 882052 Episode Num: 2573 Episode T: 361 Reward: 395.774 Cost: 0.000
arrive destination: True ,out of road:False   Total T: 882306 Episode Num: 2574 Episode T: 254 Reward: 295.082 Cost: 1.000
arrive destination: True ,out of road:False   Total T: 882563 Episode Num: 2575 Episode T: 257 Reward: 335.302 Cost: 1.000
arrive destination: True ,out of road:False   Total T: 882903 Episode Num: 2576 Episode T: 340 Reward: 385.074 Cost: 7.000
arrive destination: True ,out of road:False   Total T: 883131 Episode Num: 2577 Episode T: 228 Reward: 269.259 Cost: 9.000
arrive destination: False ,out of road:True   Total T: 883315 Episode Num: 2578 Episode T: 184 Reward: 207.656 Cost: 7.000
arrive destination: False ,out of road:True   Total T: 883542 Episode Num: 2579 Episode T: 227 Reward: 227.452 Cost: 1.000
arrive destination: True ,out of road:False   Total T: 883739 Episode Num: 2580 Episode T: 197 Reward: 270.010 Cost: 1.000
arrive destination: True ,out of road:False   Total T: 884093 Episode Num: 2581 Episode T: 354 Reward: 395.775 Cost: 0.000
arrive destination: False ,out of road:True   Total T: 884394 Episode Num: 2582 Episode T: 301 Reward: 381.370 Cost: 2.000
arrive destination: True ,out of road:False   Total T: 884641 Episode Num: 2583 Episode T: 247 Reward: 285.288 Cost: 2.000
arrive destination: False ,out of road:True   Total T: 884776 Episode Num: 2584 Episode T: 135 Reward: 138.783 Cost: 1.000
arrive destination: True ,out of road:False   Total T: 885109 Episode Num: 2585 Episode T: 333 Reward: 366.471 Cost: 5.000
arrive destination: True ,out of road:False   Total T: 885383 Episode Num: 2586 Episode T: 274 Reward: 294.059 Cost: 8.000
arrive destination: True ,out of road:False   Total T: 885652 Episode Num: 2587 Episode T: 269 Reward: 265.780 Cost: 0.000
arrive destination: True ,out of road:False   Total T: 885915 Episode Num: 2588 Episode T: 263 Reward: 272.931 Cost: 0.000
arrive destination: True ,out of road:False   Total T: 886220 Episode Num: 2589 Episode T: 305 Reward: 294.201 Cost: 16.000
arrive destination: True ,out of road:False   Total T: 886452 Episode Num: 2590 Episode T: 232 Reward: 273.473 Cost: 0.000
arrive destination: True ,out of road:False   Total T: 886704 Episode Num: 2591 Episode T: 252 Reward: 269.797 Cost: 0.000
arrive destination: True ,out of road:False   Total T: 886963 Episode Num: 2592 Episode T: 259 Reward: 232.516 Cost: 0.000
arrive destination: True ,out of road:False   Total T: 887325 Episode Num: 2593 Episode T: 362 Reward: 406.450 Cost: 13.000
arrive destination: True ,out of road:False   Total T: 887591 Episode Num: 2594 Episode T: 266 Reward: 285.222 Cost: 10.000
arrive destination: False ,out of road:True   Total T: 888088 Episode Num: 2595 Episode T: 497 Reward: 310.872 Cost: 42.000
arrive destination: True ,out of road:False   Total T: 888359 Episode Num: 2596 Episode T: 271 Reward: 269.610 Cost: 0.000
arrive destination: True ,out of road:False   Total T: 888589 Episode Num: 2597 Episode T: 230 Reward: 272.451 Cost: 1.000
arrive destination: True ,out of road:False   Total T: 888964 Episode Num: 2598 Episode T: 375 Reward: 404.923 Cost: 8.000
arrive destination: True ,out of road:False   Total T: 889192 Episode Num: 2599 Episode T: 228 Reward: 277.132 Cost: 0.000
arrive destination: True ,out of road:False   Total T: 889450 Episode Num: 2600 Episode T: 258 Reward: 232.411 Cost: 0.000
arrive destination: True ,out of road:False   Total T: 889698 Episode Num: 2601 Episode T: 248 Reward: 283.918 Cost: 3.000
---------------------------------------
Evaluation over 20 episodes: 0.600 Cost 3.750.             SafeRL used : use_epo
---------------------------------------
[34;1m
Time: 2026-06-29 21:17:10, Time spent from previous logger: 152.905 s[0m
[34;1mCustomLogger with fileds: ['total_steps', 'EpRet', 'EpCost', 'CostRate'][0m
[34;1mfieldvalues: [890000, 0.6, 3.75, 0.015559568044458476]
[0m
arrive destination: True ,out of road:False   Total T: 890464 Episode Num: 2602 Episode T: 766 Reward: 810.632 Cost: 7.000
arrive destination: False ,out of road:True   Total T: 890671 Episode Num: 2603 Episode T: 207 Reward: 219.116 Cost: 11.000
arrive destination: True ,out of road:False   Total T: 891009 Episode Num: 2604 Episode T: 338 Reward: 415.383 Cost: 1.000
arrive destination: True ,out of road:False   Total T: 891321 Episode Num: 2605 Episode T: 312 Reward: 293.967 Cost: 21.000
arrive destination: True ,out of road:False   Total T: 891778 Episode Num: 2606 Episode T: 457 Reward: 460.666 Cost: 8.000
arrive destination: True ,out of road:False   Total T: 892186 Episode Num: 2607 Episode T: 408 Reward: 380.080 Cost: 14.000
arrive destination: True ,out of road:False   Total T: 892533 Episode Num: 2608 Episode T: 347 Reward: 336.086 Cost: 0.000
arrive destination: True ,out of road:False   Total T: 892724 Episode Num: 2609 Episode T: 191 Reward: 269.429 Cost: 1.000
arrive destination: False ,out of road:True   Total T: 892946 Episode Num: 2610 Episode T: 222 Reward: 228.328 Cost: 1.000
arrive destination: True ,out of road:False   Total T: 893224 Episode Num: 2611 Episode T: 278 Reward: 294.131 Cost: 12.000
arrive destination: False ,out of road:True   Total T: 893455 Episode Num: 2612 Episode T: 231 Reward: 66.591 Cost: 27.000
arrive destination: False ,out of road:True   Total T: 893820 Episode Num: 2613 Episode T: 365 Reward: 350.140 Cost: 6.000
arrive destination: True ,out of road:False   Total T: 894212 Episode Num: 2614 Episode T: 392 Reward: 463.520 Cost: 14.000
arrive destination: True ,out of road:False   Total T: 894449 Episode Num: 2615 Episode T: 237 Reward: 268.481 Cost: 0.000
arrive destination: True ,out of road:False   Total T: 894812 Episode Num: 2616 Episode T: 363 Reward: 389.003 Cost: 5.000
arrive destination: False ,out of road:True   Total T: 895080 Episode Num: 2617 Episode T: 268 Reward: 300.367 Cost: 1.000
arrive destination: True ,out of road:False   Total T: 895426 Episode Num: 2618 Episode T: 346 Reward: 386.379 Cost: 9.000
arrive destination: False ,out of road:True   Total T: 895655 Episode Num: 2619 Episode T: 229 Reward: 226.026 Cost: 1.000
arrive destination: True ,out of road:False   Total T: 895892 Episode Num: 2620 Episode T: 237 Reward: 285.421 Cost: 1.000
arrive destination: True ,out of road:False   Total T: 896264 Episode Num: 2621 Episode T: 372 Reward: 460.616 Cost: 0.000
arrive destination: False ,out of road:True   Total T: 896545 Episode Num: 2622 Episode T: 281 Reward: 348.107 Cost: 4.000
arrive destination: True ,out of road:False   Total T: 896859 Episode Num: 2623 Episode T: 314 Reward: 397.442 Cost: 2.000
arrive destination: True ,out of road:False   Total T: 897109 Episode Num: 2624 Episode T: 250 Reward: 266.644 Cost: 0.000
arrive destination: True ,out of road:False   Total T: 897375 Episode Num: 2625 Episode T: 266 Reward: 265.721 Cost: 0.000
arrive destination: True ,out of road:False   Total T: 897824 Episode Num: 2626 Episode T: 449 Reward: 408.054 Cost: 11.000
arrive destination: True ,out of road:False   Total T: 898109 Episode Num: 2627 Episode T: 285 Reward: 269.873 Cost: 29.000
arrive destination: True ,out of road:False   Total T: 898509 Episode Num: 2628 Episode T: 400 Reward: 476.057 Cost: 0.000
arrive destination: True ,out of road:False   Total T: 898744 Episode Num: 2629 Episode T: 235 Reward: 270.613 Cost: 0.000
arrive destination: True ,out of road:False   Total T: 898976 Episode Num: 2630 Episode T: 232 Reward: 283.319 Cost: 0.000
arrive destination: True ,out of road:False   Total T: 899247 Episode Num: 2631 Episode T: 271 Reward: 294.670 Cost: 10.000
arrive destination: True ,out of road:False   Total T: 899505 Episode Num: 2632 Episode T: 258 Reward: 271.706 Cost: 0.000
arrive destination: False ,out of road:True   Total T: 899717 Episode Num: 2633 Episode T: 212 Reward: 199.303 Cost: 19.000
arrive destination: True ,out of road:False   Total T: 899976 Episode Num: 2634 Episode T: 259 Reward: 271.370 Cost: 2.000
---------------------------------------
Evaluation over 20 episodes: 0.300 Cost 6.900.             SafeRL used : use_epo
---------------------------------------
[34;1m
Time: 2026-06-29 21:19:56, Time spent from previous logger: 166.033 s[0m
[34;1mCustomLogger with fileds: ['total_steps', 'EpRet', 'EpCost', 'CostRate'][0m
[34;1mfieldvalues: [900000, 0.3, 6.9, 0.015627795141994603]
[0m
arrive destination: True ,out of road:False   Total T: 900331 Episode Num: 2635 Episode T: 355 Reward: 385.960 Cost: 8.000
arrive destination: True ,out of road:False   Total T: 900644 Episode Num: 2636 Episode T: 313 Reward: 368.656 Cost: 3.000
arrive destination: True ,out of road:False   Total T: 900916 Episode Num: 2637 Episode T: 272 Reward: 294.714 Cost: 5.000
arrive destination: True ,out of road:False   Total T: 901274 Episode Num: 2638 Episode T: 358 Reward: 387.931 Cost: 4.000
arrive destination: True ,out of road:False   Total T: 901500 Episode Num: 2639 Episode T: 226 Reward: 272.429 Cost: 0.000
arrive destination: True ,out of road:False   Total T: 901949 Episode Num: 2640 Episode T: 449 Reward: 491.375 Cost: 8.000
arrive destination: True ,out of road:False   Total T: 902334 Episode Num: 2641 Episode T: 385 Reward: 471.395 Cost: 0.000
arrive destination: False ,out of road:True   Total T: 902436 Episode Num: 2642 Episode T: 102 Reward: 91.301 Cost: 2.000
arrive destination: True ,out of road:False   Total T: 902810 Episode Num: 2643 Episode T: 374 Reward: 460.675 Cost: 1.000
arrive destination: True ,out of road:False   Total T: 903040 Episode Num: 2644 Episode T: 230 Reward: 284.759 Cost: 0.000
arrive destination: True ,out of road:False   Total T: 903292 Episode Num: 2645 Episode T: 252 Reward: 335.204 Cost: 1.000
arrive destination: True ,out of road:False   Total T: 903516 Episode Num: 2646 Episode T: 224 Reward: 284.811 Cost: 0.000
arrive destination: True ,out of road:False   Total T: 903775 Episode Num: 2647 Episode T: 259 Reward: 231.295 Cost: 0.000
arrive destination: True ,out of road:False   Total T: 904039 Episode Num: 2648 Episode T: 264 Reward: 336.143 Cost: 1.000
arrive destination: True ,out of road:False   Total T: 904295 Episode Num: 2649 Episode T: 256 Reward: 336.024 Cost: 1.000
arrive destination: False ,out of road:True   Total T: 904519 Episode Num: 2650 Episode T: 224 Reward: 227.067 Cost: 1.000
arrive destination: False ,out of road:True   Total T: 904772 Episode Num: 2651 Episode T: 253 Reward: 266.011 Cost: 2.000
arrive destination: True ,out of road:False   Total T: 905029 Episode Num: 2652 Episode T: 257 Reward: 295.249 Cost: 0.000
arrive destination: True ,out of road:False   Total T: 905268 Episode Num: 2653 Episode T: 239 Reward: 272.930 Cost: 0.000
arrive destination: True ,out of road:False   Total T: 905538 Episode Num: 2654 Episode T: 270 Reward: 268.249 Cost: 0.000
arrive destination: True ,out of road:False   Total T: 905859 Episode Num: 2655 Episode T: 321 Reward: 410.037 Cost: 0.000
arrive destination: True ,out of road:False   Total T: 906214 Episode Num: 2656 Episode T: 355 Reward: 400.565 Cost: 0.000
arrive destination: True ,out of road:False   Total T: 906521 Episode Num: 2657 Episode T: 307 Reward: 366.959 Cost: 0.000
arrive destination: True ,out of road:False   Total T: 906787 Episode Num: 2658 Episode T: 266 Reward: 265.752 Cost: 1.000
arrive destination: True ,out of road:False   Total T: 907141 Episode Num: 2659 Episode T: 354 Reward: 396.832 Cost: 0.000
arrive destination: False ,out of road:True   Total T: 907541 Episode Num: 2660 Episode T: 400 Reward: 479.120 Cost: 16.000
arrive destination: True ,out of road:False   Total T: 907797 Episode Num: 2661 Episode T: 256 Reward: 269.825 Cost: 0.000
arrive destination: True ,out of road:False   Total T: 908190 Episode Num: 2662 Episode T: 393 Reward: 472.674 Cost: 5.000
arrive destination: True ,out of road:False   Total T: 908547 Episode Num: 2663 Episode T: 357 Reward: 404.000 Cost: 13.000
arrive destination: True ,out of road:False   Total T: 908852 Episode Num: 2664 Episode T: 305 Reward: 367.785 Cost: 0.000
arrive destination: True ,out of road:False   Total T: 909207 Episode Num: 2665 Episode T: 355 Reward: 399.513 Cost: 0.000
arrive destination: True ,out of road:False   Total T: 909622 Episode Num: 2666 Episode T: 415 Reward: 494.173 Cost: 10.000
arrive destination: True ,out of road:False   Total T: 909994 Episode Num: 2667 Episode T: 372 Reward: 462.103 Cost: 3.000
---------------------------------------
Evaluation over 20 episodes: 0.700 Cost 3.050.             SafeRL used : use_epo
---------------------------------------
[34;1m
Time: 2026-06-29 21:22:41, Time spent from previous logger: 165.115 s[0m
[34;1mCustomLogger with fileds: ['total_steps', 'EpRet', 'EpCost', 'CostRate'][0m
[34;1mfieldvalues: [910000, 0.7, 3.05, 0.015549467636777623]
[0m
arrive destination: True ,out of road:False   Total T: 910357 Episode Num: 2668 Episode T: 363 Reward: 458.351 Cost: 0.000
arrive destination: True ,out of road:False   Total T: 910705 Episode Num: 2669 Episode T: 348 Reward: 336.024 Cost: 3.000
arrive destination: True ,out of road:False   Total T: 911100 Episode Num: 2670 Episode T: 395 Reward: 460.792 Cost: 0.000
arrive destination: True ,out of road:False   Total T: 911530 Episode Num: 2671 Episode T: 430 Reward: 464.276 Cost: 10.000
arrive destination: True ,out of road:False   Total T: 911891 Episode Num: 2672 Episode T: 361 Reward: 400.871 Cost: 0.000
arrive destination: True ,out of road:False   Total T: 912248 Episode Num: 2673 Episode T: 357 Reward: 384.743 Cost: 6.000
arrive destination: True ,out of road:False   Total T: 912507 Episode Num: 2674 Episode T: 259 Reward: 334.999 Cost: 1.000
arrive destination: True ,out of road:False   Total T: 912883 Episode Num: 2675 Episode T: 376 Reward: 376.173 Cost: 2.000
arrive destination: True ,out of road:False   Total T: 913197 Episode Num: 2676 Episode T: 314 Reward: 369.416 Cost: 0.000
arrive destination: True ,out of road:False   Total T: 913423 Episode Num: 2677 Episode T: 226 Reward: 273.404 Cost: 2.000
arrive destination: True ,out of road:False   Total T: 913815 Episode Num: 2678 Episode T: 392 Reward: 468.713 Cost: 1.000
arrive destination: True ,out of road:False   Total T: 914137 Episode Num: 2679 Episode T: 322 Reward: 399.020 Cost: 1.000
arrive destination: True ,out of road:False   Total T: 914498 Episode Num: 2680 Episode T: 361 Reward: 404.036 Cost: 0.000
arrive destination: True ,out of road:False   Total T: 914728 Episode Num: 2681 Episode T: 230 Reward: 271.156 Cost: 0.000
arrive destination: True ,out of road:False   Total T: 915096 Episode Num: 2682 Episode T: 368 Reward: 409.418 Cost: 13.000
arrive destination: True ,out of road:False   Total T: 915431 Episode Num: 2683 Episode T: 335 Reward: 382.135 Cost: 7.000
arrive destination: False ,out of road:True   Total T: 915859 Episode Num: 2684 Episode T: 428 Reward: 458.159 Cost: 19.000
arrive destination: True ,out of road:False   Total T: 916106 Episode Num: 2685 Episode T: 247 Reward: 270.019 Cost: 0.000
arrive destination: True ,out of road:False   Total T: 916487 Episode Num: 2686 Episode T: 381 Reward: 381.235 Cost: 11.000
arrive destination: True ,out of road:False   Total T: 916722 Episode Num: 2687 Episode T: 235 Reward: 274.486 Cost: 0.000
arrive destination: True ,out of road:False   Total T: 916949 Episode Num: 2688 Episode T: 227 Reward: 270.599 Cost: 0.000
arrive destination: False ,out of road:True   Total T: 917177 Episode Num: 2689 Episode T: 228 Reward: 163.670 Cost: 10.000
arrive destination: True ,out of road:False   Total T: 917450 Episode Num: 2690 Episode T: 273 Reward: 268.791 Cost: 0.000
arrive destination: True ,out of road:False   Total T: 917898 Episode Num: 2691 Episode T: 448 Reward: 509.771 Cost: 24.000
arrive destination: True ,out of road:False   Total T: 918165 Episode Num: 2692 Episode T: 267 Reward: 293.819 Cost: 11.000
arrive destination: True ,out of road:False   Total T: 918391 Episode Num: 2693 Episode T: 226 Reward: 274.309 Cost: 0.000
arrive destination: True ,out of road:False   Total T: 918872 Episode Num: 2694 Episode T: 481 Reward: 495.888 Cost: 7.000
arrive destination: True ,out of road:False   Total T: 919231 Episode Num: 2695 Episode T: 359 Reward: 402.293 Cost: 0.000
arrive destination: True ,out of road:False   Total T: 919490 Episode Num: 2696 Episode T: 259 Reward: 230.855 Cost: 0.000
arrive destination: True ,out of road:False   Total T: 919751 Episode Num: 2697 Episode T: 261 Reward: 231.578 Cost: 6.000
---------------------------------------
Evaluation over 20 episodes: 0.650 Cost 6.950.             SafeRL used : use_epo
---------------------------------------
[34;1m
Time: 2026-06-29 21:25:30, Time spent from previous logger: 169.031 s[0m
[34;1mCustomLogger with fileds: ['total_steps', 'EpRet', 'EpCost', 'CostRate'][0m
[34;1mfieldvalues: [920000, 0.65, 6.95, 0.015526103832721558]
[0m
arrive destination: False ,out of road:True   Total T: 920217 Episode Num: 2698 Episode T: 466 Reward: 493.980 Cost: 12.000
arrive destination: True ,out of road:False   Total T: 920728 Episode Num: 2699 Episode T: 511 Reward: 412.542 Cost: 11.000
arrive destination: True ,out of road:False   Total T: 920959 Episode Num: 2700 Episode T: 231 Reward: 272.764 Cost: 0.000
arrive destination: True ,out of road:False   Total T: 921313 Episode Num: 2701 Episode T: 354 Reward: 398.120 Cost: 0.000
arrive destination: True ,out of road:False   Total T: 921663 Episode Num: 2702 Episode T: 350 Reward: 395.472 Cost: 0.000
arrive destination: True ,out of road:False   Total T: 921921 Episode Num: 2703 Episode T: 258 Reward: 268.998 Cost: 0.000
arrive destination: True ,out of road:False   Total T: 922232 Episode Num: 2704 Episode T: 311 Reward: 398.405 Cost: 11.000
arrive destination: False ,out of road:True   Total T: 922642 Episode Num: 2705 Episode T: 410 Reward: 359.036 Cost: 13.000
arrive destination: True ,out of road:False   Total T: 923071 Episode Num: 2706 Episode T: 429 Reward: 422.810 Cost: 16.000
arrive destination: True ,out of road:False   Total T: 923452 Episode Num: 2707 Episode T: 381 Reward: 460.700 Cost: 0.000
arrive destination: True ,out of road:False   Total T: 923712 Episode Num: 2708 Episode T: 260 Reward: 231.452 Cost: 0.000
arrive destination: True ,out of road:False   Total T: 923947 Episode Num: 2709 Episode T: 235 Reward: 273.532 Cost: 0.000
arrive destination: True ,out of road:True   Total T: 924218 Episode Num: 2710 Episode T: 271 Reward: 264.101 Cost: 1.000
arrive destination: True ,out of road:False   Total T: 924581 Episode Num: 2711 Episode T: 363 Reward: 407.996 Cost: 4.000
arrive destination: True ,out of road:False   Total T: 924836 Episode Num: 2712 Episode T: 255 Reward: 231.434 Cost: 0.000
arrive destination: True ,out of road:False   Total T: 925103 Episode Num: 2713 Episode T: 267 Reward: 266.640 Cost: 0.000
arrive destination: True ,out of road:False   Total T: 925440 Episode Num: 2714 Episode T: 337 Reward: 398.232 Cost: 13.000
arrive destination: True ,out of road:False   Total T: 925699 Episode Num: 2715 Episode T: 259 Reward: 336.149 Cost: 1.000
arrive destination: True ,out of road:False   Total T: 925960 Episode Num: 2716 Episode T: 261 Reward: 231.481 Cost: 0.000
arrive destination: True ,out of road:False   Total T: 926204 Episode Num: 2717 Episode T: 244 Reward: 270.616 Cost: 1.000
arrive destination: True ,out of road:False   Total T: 926515 Episode Num: 2718 Episode T: 311 Reward: 367.908 Cost: 0.000
arrive destination: True ,out of road:False   Total T: 926754 Episode Num: 2719 Episode T: 239 Reward: 273.047 Cost: 1.000
arrive destination: True ,out of road:False   Total T: 927046 Episode Num: 2720 Episode T: 292 Reward: 396.452 Cost: 0.000
arrive destination: True ,out of road:False   Total T: 927275 Episode Num: 2721 Episode T: 229 Reward: 284.751 Cost: 7.000
arrive destination: True ,out of road:False   Total T: 927616 Episode Num: 2722 Episode T: 341 Reward: 399.212 Cost: 11.000
arrive destination: True ,out of road:False   Total T: 927883 Episode Num: 2723 Episode T: 267 Reward: 266.958 Cost: 0.000
arrive destination: False ,out of road:True   Total T: 928196 Episode Num: 2724 Episode T: 313 Reward: 264.895 Cost: 11.000
arrive destination: False ,out of road:True   Total T: 928418 Episode Num: 2725 Episode T: 222 Reward: 225.832 Cost: 1.000
arrive destination: True ,out of road:False   Total T: 928901 Episode Num: 2726 Episode T: 483 Reward: 412.263 Cost: 14.000
arrive destination: True ,out of road:False   Total T: 929098 Episode Num: 2727 Episode T: 197 Reward: 269.985 Cost: 3.000
arrive destination: True ,out of road:False   Total T: 929407 Episode Num: 2728 Episode T: 309 Reward: 365.985 Cost: 2.000
arrive destination: True ,out of road:False   Total T: 929691 Episode Num: 2729 Episode T: 284 Reward: 398.116 Cost: 0.000
arrive destination: True ,out of road:False   Total T: 929944 Episode Num: 2730 Episode T: 253 Reward: 335.743 Cost: 1.000
---------------------------------------
Evaluation over 20 episodes: 0.500 Cost 3.700.             SafeRL used : use_epo
---------------------------------------
[34;1m
Time: 2026-06-29 21:28:15, Time spent from previous logger: 164.461 s[0m
[34;1mCustomLogger with fileds: ['total_steps', 'EpRet', 'EpCost', 'CostRate'][0m
[34;1mfieldvalues: [930000, 0.5, 3.7, 0.015503242476604813]
[0m
arrive destination: True ,out of road:False   Total T: 930261 Episode Num: 2731 Episode T: 317 Reward: 327.908 Cost: 0.000
arrive destination: True ,out of road:False   Total T: 930502 Episode Num: 2732 Episode T: 241 Reward: 231.832 Cost: 0.000
arrive destination: True ,out of road:False   Total T: 930778 Episode Num: 2733 Episode T: 276 Reward: 267.524 Cost: 1.000
arrive destination: False ,out of road:True   Total T: 930928 Episode Num: 2734 Episode T: 150 Reward: 159.028 Cost: 1.000
arrive destination: True ,out of road:False   Total T: 931359 Episode Num: 2735 Episode T: 431 Reward: 463.432 Cost: 10.000
arrive destination: True ,out of road:False   Total T: 931597 Episode Num: 2736 Episode T: 238 Reward: 295.035 Cost: 2.000
arrive destination: True ,out of road:False   Total T: 931963 Episode Num: 2737 Episode T: 366 Reward: 405.557 Cost: 13.000
arrive destination: True ,out of road:False   Total T: 932495 Episode Num: 2738 Episode T: 532 Reward: 420.328 Cost: 10.000
arrive destination: True ,out of road:False   Total T: 932723 Episode Num: 2739 Episode T: 228 Reward: 285.125 Cost: 0.000
arrive destination: True ,out of road:False   Total T: 933136 Episode Num: 2740 Episode T: 413 Reward: 474.881 Cost: 4.000
arrive destination: True ,out of road:False   Total T: 933515 Episode Num: 2741 Episode T: 379 Reward: 471.819 Cost: 0.000
arrive destination: True ,out of road:False   Total T: 933768 Episode Num: 2742 Episode T: 253 Reward: 271.615 Cost: 1.000
arrive destination: True ,out of road:False   Total T: 934003 Episode Num: 2743 Episode T: 235 Reward: 274.001 Cost: 0.000
arrive destination: False ,out of road:True   Total T: 934292 Episode Num: 2744 Episode T: 289 Reward: 274.193 Cost: 4.000
arrive destination: True ,out of road:False   Total T: 934769 Episode Num: 2745 Episode T: 477 Reward: 489.690 Cost: 1.000
arrive destination: False ,out of road:True   Total T: 934984 Episode Num: 2746 Episode T: 215 Reward: 213.059 Cost: 11.000
arrive destination: True ,out of road:False   Total T: 935224 Episode Num: 2747 Episode T: 240 Reward: 270.950 Cost: 0.000
arrive destination: True ,out of road:False   Total T: 935446 Episode Num: 2748 Episode T: 222 Reward: 269.396 Cost: 0.000
arrive destination: False ,out of road:True   Total T: 935588 Episode Num: 2749 Episode T: 142 Reward: 143.910 Cost: 1.000
arrive destination: True ,out of road:False   Total T: 935815 Episode Num: 2750 Episode T: 227 Reward: 284.950 Cost: 0.000
arrive destination: True ,out of road:False   Total T: 936074 Episode Num: 2751 Episode T: 259 Reward: 232.178 Cost: 1.000
arrive destination: True ,out of road:False   Total T: 936305 Episode Num: 2752 Episode T: 231 Reward: 271.233 Cost: 0.000
arrive destination: True ,out of road:False   Total T: 936605 Episode Num: 2753 Episode T: 300 Reward: 365.874 Cost: 0.000
arrive destination: True ,out of road:False   Total T: 936861 Episode Num: 2754 Episode T: 256 Reward: 233.173 Cost: 0.000
arrive destination: True ,out of road:False   Total T: 937212 Episode Num: 2755 Episode T: 351 Reward: 386.145 Cost: 7.000
arrive destination: True ,out of road:False   Total T: 937438 Episode Num: 2756 Episode T: 226 Reward: 270.118 Cost: 0.000
arrive destination: True ,out of road:False   Total T: 937653 Episode Num: 2757 Episode T: 215 Reward: 270.057 Cost: 1.000
arrive destination: True ,out of road:False   Total T: 938084 Episode Num: 2758 Episode T: 431 Reward: 421.116 Cost: 5.000
arrive destination: True ,out of road:False   Total T: 938411 Episode Num: 2759 Episode T: 327 Reward: 397.519 Cost: 1.000
arrive destination: True ,out of road:False   Total T: 938648 Episode Num: 2760 Episode T: 237 Reward: 273.451 Cost: 0.000
arrive destination: True ,out of road:False   Total T: 938913 Episode Num: 2761 Episode T: 265 Reward: 336.148 Cost: 2.000
arrive destination: True ,out of road:False   Total T: 939137 Episode Num: 2762 Episode T: 224 Reward: 284.545 Cost: 1.000
arrive destination: True ,out of road:False   Total T: 939412 Episode Num: 2763 Episode T: 275 Reward: 294.341 Cost: 11.000
arrive destination: True ,out of road:False   Total T: 939757 Episode Num: 2764 Episode T: 345 Reward: 384.633 Cost: 9.000
---------------------------------------
Evaluation over 20 episodes: 0.250 Cost 4.600.             SafeRL used : use_epo
---------------------------------------
[34;1m
Time: 2026-06-29 21:30:58, Time spent from previous logger: 163.047 s[0m
[34;1mCustomLogger with fileds: ['total_steps', 'EpRet', 'EpCost', 'CostRate'][0m
[34;1mfieldvalues: [940000, 0.25, 4.6, 0.015441505788835946]
[0m
arrive destination: True ,out of road:False   Total T: 940259 Episode Num: 2765 Episode T: 502 Reward: 495.415 Cost: 0.000
arrive destination: True ,out of road:False   Total T: 940500 Episode Num: 2766 Episode T: 241 Reward: 270.373 Cost: 1.000
arrive destination: True ,out of road:False   Total T: 940763 Episode Num: 2767 Episode T: 263 Reward: 231.921 Cost: 0.000
arrive destination: True ,out of road:False   Total T: 941120 Episode Num: 2768 Episode T: 357 Reward: 399.115 Cost: 0.000
arrive destination: True ,out of road:False   Total T: 941380 Episode Num: 2769 Episode T: 260 Reward: 231.501 Cost: 0.000
arrive destination: False ,out of road:True   Total T: 941473 Episode Num: 2770 Episode T: 93 Reward: 77.175 Cost: 1.000
arrive destination: True ,out of road:False   Total T: 941856 Episode Num: 2771 Episode T: 383 Reward: 470.358 Cost: 0.000
arrive destination: True ,out of road:False   Total T: 942185 Episode Num: 2772 Episode T: 329 Reward: 399.170 Cost: 7.000
arrive destination: True ,out of road:False   Total T: 942552 Episode Num: 2773 Episode T: 367 Reward: 408.196 Cost: 9.000
arrive destination: True ,out of road:False   Total T: 942865 Episode Num: 2774 Episode T: 313 Reward: 371.424 Cost: 0.000
arrive destination: True ,out of road:False   Total T: 943100 Episode Num: 2775 Episode T: 235 Reward: 269.911 Cost: 7.000
arrive destination: True ,out of road:False   Total T: 943364 Episode Num: 2776 Episode T: 264 Reward: 272.125 Cost: 0.000
arrive destination: True ,out of road:False   Total T: 943687 Episode Num: 2777 Episode T: 323 Reward: 294.665 Cost: 18.000
arrive destination: True ,out of road:False   Total T: 944048 Episode Num: 2778 Episode T: 361 Reward: 397.388 Cost: 0.000
arrive destination: True ,out of road:False   Total T: 944576 Episode Num: 2779 Episode T: 528 Reward: 399.027 Cost: 46.000
arrive destination: True ,out of road:False   Total T: 944826 Episode Num: 2780 Episode T: 250 Reward: 268.044 Cost: 0.000
arrive destination: True ,out of road:False   Total T: 945086 Episode Num: 2781 Episode T: 260 Reward: 295.467 Cost: 1.000
arrive destination: True ,out of road:False   Total T: 945457 Episode Num: 2782 Episode T: 371 Reward: 379.946 Cost: 14.000
arrive destination: False ,out of road:True   Total T: 945672 Episode Num: 2783 Episode T: 215 Reward: 225.758 Cost: 4.000
arrive destination: True ,out of road:False   Total T: 946037 Episode Num: 2784 Episode T: 365 Reward: 405.133 Cost: 13.000
arrive destination: True ,out of road:False   Total T: 946368 Episode Num: 2785 Episode T: 331 Reward: 411.832 Cost: 3.000
arrive destination: False ,out of road:True   Total T: 946517 Episode Num: 2786 Episode T: 149 Reward: 158.196 Cost: 1.000
arrive destination: False ,out of road:True   Total T: 946786 Episode Num: 2787 Episode T: 269 Reward: 308.476 Cost: 11.000
arrive destination: False ,out of road:True   Total T: 947010 Episode Num: 2788 Episode T: 224 Reward: 225.027 Cost: 1.000
arrive destination: True ,out of road:False   Total T: 947268 Episode Num: 2789 Episode T: 258 Reward: 230.890 Cost: 0.000
arrive destination: True ,out of road:False   Total T: 947494 Episode Num: 2790 Episode T: 226 Reward: 272.443 Cost: 0.000
arrive destination: True ,out of road:True   Total T: 947853 Episode Num: 2791 Episode T: 359 Reward: 378.848 Cost: 9.000
arrive destination: True ,out of road:False   Total T: 948100 Episode Num: 2792 Episode T: 247 Reward: 268.167 Cost: 3.000
arrive destination: True ,out of road:False   Total T: 948415 Episode Num: 2793 Episode T: 315 Reward: 294.019 Cost: 18.000
arrive destination: True ,out of road:False   Total T: 948645 Episode Num: 2794 Episode T: 230 Reward: 285.545 Cost: 0.000
arrive destination: True ,out of road:False   Total T: 949093 Episode Num: 2795 Episode T: 448 Reward: 410.646 Cost: 10.000
arrive destination: True ,out of road:False   Total T: 949351 Episode Num: 2796 Episode T: 258 Reward: 271.956 Cost: 2.000
arrive destination: False ,out of road:True   Total T: 949714 Episode Num: 2797 Episode T: 363 Reward: 340.033 Cost: 21.000
---------------------------------------
Evaluation over 20 episodes: 0.900 Cost 3.050.             SafeRL used : use_epo
---------------------------------------
[34;1m
Time: 2026-06-29 21:33:44, Time spent from previous logger: 166.036 s[0m
[34;1mCustomLogger with fileds: ['total_steps', 'EpRet', 'EpCost', 'CostRate'][0m
[34;1mfieldvalues: [950000, 0.9, 3.05, 0.015494753152371738]
[0m
arrive destination: True ,out of road:False   Total T: 950228 Episode Num: 2798 Episode T: 514 Reward: 639.978 Cost: 7.000
arrive destination: True ,out of road:False   Total T: 950481 Episode Num: 2799 Episode T: 253 Reward: 270.711 Cost: 0.000
arrive destination: True ,out of road:False   Total T: 950737 Episode Num: 2800 Episode T: 256 Reward: 232.749 Cost: 1.000
arrive destination: True ,out of road:False   Total T: 950985 Episode Num: 2801 Episode T: 248 Reward: 336.189 Cost: 1.000
arrive destination: True ,out of road:False   Total T: 951373 Episode Num: 2802 Episode T: 388 Reward: 416.672 Cost: 8.000
arrive destination: True ,out of road:False   Total T: 951727 Episode Num: 2803 Episode T: 354 Reward: 381.101 Cost: 3.000
arrive destination: False ,out of road:True   Total T: 952111 Episode Num: 2804 Episode T: 384 Reward: 437.382 Cost: 1.000
arrive destination: True ,out of road:False   Total T: 952375 Episode Num: 2805 Episode T: 264 Reward: 266.446 Cost: 0.000
arrive destination: False ,out of road:True   Total T: 952503 Episode Num: 2806 Episode T: 128 Reward: 132.272 Cost: 1.000
arrive destination: True ,out of road:False   Total T: 952888 Episode Num: 2807 Episode T: 385 Reward: 459.510 Cost: 1.000
arrive destination: True ,out of road:False   Total T: 953241 Episode Num: 2808 Episode T: 353 Reward: 399.896 Cost: 10.000
arrive destination: True ,out of road:False   Total T: 953515 Episode Num: 2809 Episode T: 274 Reward: 268.257 Cost: 0.000
arrive destination: True ,out of road:False   Total T: 953787 Episode Num: 2810 Episode T: 272 Reward: 269.550 Cost: 0.000
arrive destination: True ,out of road:False   Total T: 953991 Episode Num: 2811 Episode T: 204 Reward: 269.517 Cost: 1.000
arrive destination: True ,out of road:False   Total T: 954262 Episode Num: 2812 Episode T: 271 Reward: 265.406 Cost: 0.000
arrive destination: True ,out of road:False   Total T: 954494 Episode Num: 2813 Episode T: 232 Reward: 283.723 Cost: 0.000
arrive destination: True ,out of road:False   Total T: 954692 Episode Num: 2814 Episode T: 198 Reward: 269.744 Cost: 5.000
arrive destination: True ,out of road:False   Total T: 955100 Episode Num: 2815 Episode T: 408 Reward: 416.728 Cost: 1.000
arrive destination: True ,out of road:False   Total T: 955494 Episode Num: 2816 Episode T: 394 Reward: 469.386 Cost: 0.000
arrive destination: True ,out of road:False   Total T: 955751 Episode Num: 2817 Episode T: 257 Reward: 273.046 Cost: 0.000
arrive destination: True ,out of road:False   Total T: 955984 Episode Num: 2818 Episode T: 233 Reward: 270.498 Cost: 1.000
arrive destination: False ,out of road:True   Total T: 956265 Episode Num: 2819 Episode T: 281 Reward: 310.139 Cost: 1.000
arrive destination: True ,out of road:False   Total T: 956623 Episode Num: 2820 Episode T: 358 Reward: 386.226 Cost: 19.000
arrive destination: True ,out of road:False   Total T: 957104 Episode Num: 2821 Episode T: 481 Reward: 421.244 Cost: 20.000
arrive destination: True ,out of road:False   Total T: 957385 Episode Num: 2822 Episode T: 281 Reward: 294.657 Cost: 9.000
arrive destination: False ,out of road:True   Total T: 957608 Episode Num: 2823 Episode T: 223 Reward: 226.993 Cost: 1.000
arrive destination: True ,out of road:False   Total T: 958272 Episode Num: 2824 Episode T: 664 Reward: 422.595 Cost: 27.000
arrive destination: True ,out of road:False   Total T: 958509 Episode Num: 2825 Episode T: 237 Reward: 269.766 Cost: 0.000
arrive destination: False ,out of road:True   Total T: 958729 Episode Num: 2826 Episode T: 220 Reward: 226.236 Cost: 1.000
arrive destination: True ,out of road:False   Total T: 959086 Episode Num: 2827 Episode T: 357 Reward: 394.067 Cost: 3.000
arrive destination: True ,out of road:False   Total T: 959461 Episode Num: 2828 Episode T: 375 Reward: 384.761 Cost: 1.000
arrive destination: True ,out of road:False   Total T: 959814 Episode Num: 2829 Episode T: 353 Reward: 409.994 Cost: 0.000
---------------------------------------
Evaluation over 20 episodes: 0.650 Cost 9.050.             SafeRL used : use_epo
---------------------------------------
[34;1m
Time: 2026-06-29 21:36:37, Time spent from previous logger: 173.376 s[0m
[34;1mCustomLogger with fileds: ['total_steps', 'EpRet', 'EpCost', 'CostRate'][0m
[34;1mfieldvalues: [960000, 0.65, 9.05, 0.015456266100277187]
[0m
arrive destination: True ,out of road:False   Total T: 960229 Episode Num: 2830 Episode T: 415 Reward: 494.613 Cost: 6.000
arrive destination: True ,out of road:False   Total T: 960497 Episode Num: 2831 Episode T: 268 Reward: 267.171 Cost: 0.000
arrive destination: True ,out of road:False   Total T: 960859 Episode Num: 2832 Episode T: 362 Reward: 460.764 Cost: 0.000
arrive destination: True ,out of road:False   Total T: 961088 Episode Num: 2833 Episode T: 229 Reward: 273.212 Cost: 0.000
arrive destination: True ,out of road:False   Total T: 961320 Episode Num: 2834 Episode T: 232 Reward: 283.571 Cost: 0.000
arrive destination: True ,out of road:False   Total T: 961565 Episode Num: 2835 Episode T: 245 Reward: 269.726 Cost: 6.000
arrive destination: True ,out of road:False   Total T: 961876 Episode Num: 2836 Episode T: 311 Reward: 366.688 Cost: 5.000
arrive destination: True ,out of road:False   Total T: 962281 Episode Num: 2837 Episode T: 405 Reward: 470.022 Cost: 2.000
arrive destination: False ,out of road:True   Total T: 962563 Episode Num: 2838 Episode T: 282 Reward: 313.186 Cost: 1.000
arrive destination: True ,out of road:False   Total T: 962854 Episode Num: 2839 Episode T: 291 Reward: 398.421 Cost: 0.000
arrive destination: True ,out of road:False   Total T: 963387 Episode Num: 2840 Episode T: 533 Reward: 492.114 Cost: 11.000
arrive destination: True ,out of road:False   Total T: 963648 Episode Num: 2841 Episode T: 261 Reward: 295.876 Cost: 0.000
arrive destination: False ,out of road:True   Total T: 963963 Episode Num: 2842 Episode T: 315 Reward: 336.667 Cost: 9.000
arrive destination: False ,out of road:True   Total T: 964195 Episode Num: 2843 Episode T: 232 Reward: 200.577 Cost: 13.000
arrive destination: True ,out of road:False   Total T: 964425 Episode Num: 2844 Episode T: 230 Reward: 272.779 Cost: 0.000
arrive destination: False ,out of road:True   Total T: 964846 Episode Num: 2845 Episode T: 421 Reward: 100.734 Cost: 40.000
arrive destination: False ,out of road:True   Total T: 965215 Episode Num: 2846 Episode T: 369 Reward: 426.428 Cost: 8.000
arrive destination: True ,out of road:False   Total T: 965533 Episode Num: 2847 Episode T: 318 Reward: 367.204 Cost: 0.000
arrive destination: True ,out of road:False   Total T: 965847 Episode Num: 2848 Episode T: 314 Reward: 369.892 Cost: 0.000
arrive destination: False ,out of road:True   Total T: 966135 Episode Num: 2849 Episode T: 288 Reward: 322.432 Cost: 3.000
arrive destination: False ,out of road:True   Total T: 966606 Episode Num: 2850 Episode T: 471 Reward: 308.449 Cost: 63.000
arrive destination: True ,out of road:False   Total T: 966881 Episode Num: 2851 Episode T: 275 Reward: 266.972 Cost: 8.000
arrive destination: False ,out of road:True   Total T: 966938 Episode Num: 2852 Episode T: 57 Reward: 26.809 Cost: 1.000
arrive destination: True ,out of road:False   Total T: 967259 Episode Num: 2853 Episode T: 321 Reward: 367.662 Cost: 0.000
arrive destination: False ,out of road:True   Total T: 967353 Episode Num: 2854 Episode T: 94 Reward: 76.978 Cost: 1.000
arrive destination: True ,out of road:False   Total T: 967610 Episode Num: 2855 Episode T: 257 Reward: 232.927 Cost: 3.000
arrive destination: True ,out of road:False   Total T: 967831 Episode Num: 2856 Episode T: 221 Reward: 285.779 Cost: 0.000
arrive destination: False ,out of road:True   Total T: 968054 Episode Num: 2857 Episode T: 223 Reward: 226.212 Cost: 1.000
arrive destination: True ,out of road:False   Total T: 968310 Episode Num: 2858 Episode T: 256 Reward: 231.902 Cost: 0.000
arrive destination: True ,out of road:False   Total T: 968539 Episode Num: 2859 Episode T: 229 Reward: 270.188 Cost: 6.000
arrive destination: True ,out of road:False   Total T: 968796 Episode Num: 2860 Episode T: 257 Reward: 232.092 Cost: 0.000
arrive destination: True ,out of road:False   Total T: 969189 Episode Num: 2861 Episode T: 393 Reward: 381.930 Cost: 9.000
arrive destination: True ,out of road:False   Total T: 969586 Episode Num: 2862 Episode T: 397 Reward: 471.644 Cost: 2.000
---------------------------------------
Evaluation over 20 episodes: 0.650 Cost 4.950.             SafeRL used : use_epo
---------------------------------------
[34;1m
Time: 2026-06-29 21:39:21, Time spent from previous logger: 163.436 s[0m
[34;1mCustomLogger with fileds: ['total_steps', 'EpRet', 'EpCost', 'CostRate'][0m
[34;1mfieldvalues: [970000, 0.65, 4.95, 0.01551135619727443]
[0m
arrive destination: True ,out of road:False   Total T: 970293 Episode Num: 2863 Episode T: 707 Reward: 824.280 Cost: 13.000
arrive destination: True ,out of road:False   Total T: 970661 Episode Num: 2864 Episode T: 368 Reward: 382.506 Cost: 9.000
arrive destination: True ,out of road:False   Total T: 970994 Episode Num: 2865 Episode T: 333 Reward: 398.834 Cost: 2.000
arrive destination: True ,out of road:False   Total T: 971418 Episode Num: 2866 Episode T: 424 Reward: 380.443 Cost: 18.000
arrive destination: False ,out of road:True   Total T: 971687 Episode Num: 2867 Episode T: 269 Reward: 285.523 Cost: 3.000
arrive destination: True ,out of road:False   Total T: 971962 Episode Num: 2868 Episode T: 275 Reward: 335.954 Cost: 0.000
arrive destination: True ,out of road:False   Total T: 972335 Episode Num: 2869 Episode T: 373 Reward: 381.830 Cost: 12.000
arrive destination: True ,out of road:False   Total T: 972562 Episode Num: 2870 Episode T: 227 Reward: 272.529 Cost: 2.000
arrive destination: True ,out of road:False   Total T: 972895 Episode Num: 2871 Episode T: 333 Reward: 410.891 Cost: 7.000
arrive destination: False ,out of road:True   Total T: 973062 Episode Num: 2872 Episode T: 167 Reward: 181.935 Cost: 1.000
arrive destination: True ,out of road:False   Total T: 973459 Episode Num: 2873 Episode T: 397 Reward: 473.567 Cost: 0.000
arrive destination: True ,out of road:False   Total T: 973716 Episode Num: 2874 Episode T: 257 Reward: 232.935 Cost: 0.000
arrive destination: True ,out of road:False   Total T: 974112 Episode Num: 2875 Episode T: 396 Reward: 464.492 Cost: 5.000
arrive destination: True ,out of road:False   Total T: 974343 Episode Num: 2876 Episode T: 231 Reward: 272.217 Cost: 0.000
arrive destination: True ,out of road:False   Total T: 974744 Episode Num: 2877 Episode T: 401 Reward: 423.222 Cost: 7.000
arrive destination: True ,out of road:False   Total T: 975152 Episode Num: 2878 Episode T: 408 Reward: 460.981 Cost: 2.000
arrive destination: False ,out of road:True   Total T: 975287 Episode Num: 2879 Episode T: 135 Reward: 113.099 Cost: 3.000
arrive destination: True ,out of road:False   Total T: 975517 Episode Num: 2880 Episode T: 230 Reward: 272.007 Cost: 0.000
arrive destination: True ,out of road:False   Total T: 975876 Episode Num: 2881 Episode T: 359 Reward: 382.547 Cost: 7.000
arrive destination: True ,out of road:False   Total T: 976262 Episode Num: 2882 Episode T: 386 Reward: 407.878 Cost: 9.000
arrive destination: True ,out of road:False   Total T: 976457 Episode Num: 2883 Episode T: 195 Reward: 269.387 Cost: 5.000
arrive destination: True ,out of road:False   Total T: 976852 Episode Num: 2884 Episode T: 395 Reward: 459.647 Cost: 8.000
arrive destination: False ,out of road:True   Total T: 976910 Episode Num: 2885 Episode T: 58 Reward: 28.735 Cost: 1.000
arrive destination: True ,out of road:False   Total T: 977142 Episode Num: 2886 Episode T: 232 Reward: 274.275 Cost: 0.000
arrive destination: True ,out of road:False   Total T: 977376 Episode Num: 2887 Episode T: 234 Reward: 274.288 Cost: 0.000
arrive destination: True ,out of road:False   Total T: 977648 Episode Num: 2888 Episode T: 272 Reward: 335.754 Cost: 1.000
arrive destination: True ,out of road:False   Total T: 977922 Episode Num: 2889 Episode T: 274 Reward: 268.216 Cost: 0.000
arrive destination: True ,out of road:False   Total T: 978180 Episode Num: 2890 Episode T: 258 Reward: 231.891 Cost: 1.000
arrive destination: True ,out of road:False   Total T: 978407 Episode Num: 2891 Episode T: 227 Reward: 286.092 Cost: 0.000
arrive destination: True ,out of road:False   Total T: 978708 Episode Num: 2892 Episode T: 301 Reward: 399.434 Cost: 1.000
arrive destination: True ,out of road:False   Total T: 979082 Episode Num: 2893 Episode T: 374 Reward: 471.461 Cost: 3.000
arrive destination: True ,out of road:False   Total T: 979316 Episode Num: 2894 Episode T: 234 Reward: 273.278 Cost: 0.000
arrive destination: True ,out of road:False   Total T: 979619 Episode Num: 2895 Episode T: 303 Reward: 368.736 Cost: 4.000
arrive destination: True ,out of road:False   Total T: 979844 Episode Num: 2896 Episode T: 225 Reward: 285.062 Cost: 0.000
---------------------------------------
Evaluation over 20 episodes: 0.650 Cost 4.000.             SafeRL used : use_epo
---------------------------------------
[34;1m
Time: 2026-06-29 21:42:12, Time spent from previous logger: 171.465 s[0m
[34;1mCustomLogger with fileds: ['total_steps', 'EpRet', 'EpCost', 'CostRate'][0m
[34;1mfieldvalues: [980000, 0.65, 4.0, 0.015472464767821192]
[0m
arrive destination: True ,out of road:False   Total T: 980227 Episode Num: 2897 Episode T: 383 Reward: 460.480 Cost: 3.000
arrive destination: True ,out of road:False   Total T: 980423 Episode Num: 2898 Episode T: 196 Reward: 269.529 Cost: 2.000
arrive destination: True ,out of road:False   Total T: 981064 Episode Num: 2899 Episode T: 641 Reward: 420.232 Cost: 18.000
arrive destination: True ,out of road:False   Total T: 981328 Episode Num: 2900 Episode T: 264 Reward: 269.288 Cost: 0.000
arrive destination: True ,out of road:False   Total T: 981553 Episode Num: 2901 Episode T: 225 Reward: 272.168 Cost: 0.000
arrive destination: True ,out of road:False   Total T: 981871 Episode Num: 2902 Episode T: 318 Reward: 409.584 Cost: 3.000
arrive destination: True ,out of road:False   Total T: 982122 Episode Num: 2903 Episode T: 251 Reward: 269.162 Cost: 0.000
arrive destination: True ,out of road:False   Total T: 982377 Episode Num: 2904 Episode T: 255 Reward: 232.483 Cost: 0.000
arrive destination: False ,out of road:True   Total T: 982571 Episode Num: 2905 Episode T: 194 Reward: 216.769 Cost: 4.000
arrive destination: True ,out of road:False   Total T: 983016 Episode Num: 2906 Episode T: 445 Reward: 380.604 Cost: 23.000
arrive destination: False ,out of road:True   Total T: 983219 Episode Num: 2907 Episode T: 203 Reward: 234.163 Cost: 1.000
arrive destination: True ,out of road:False   Total T: 983475 Episode Num: 2908 Episode T: 256 Reward: 232.043 Cost: 0.000
arrive destination: False ,out of road:True   Total T: 983755 Episode Num: 2909 Episode T: 280 Reward: 317.325 Cost: 1.000
arrive destination: False ,out of road:True   Total T: 983980 Episode Num: 2910 Episode T: 225 Reward: 164.846 Cost: 4.000
arrive destination: True ,out of road:False   Total T: 984200 Episode Num: 2911 Episode T: 220 Reward: 282.121 Cost: 1.000
arrive destination: True ,out of road:False   Total T: 984636 Episode Num: 2912 Episode T: 436 Reward: 497.224 Cost: 3.000
arrive destination: True ,out of road:False   Total T: 984979 Episode Num: 2913 Episode T: 343 Reward: 431.865 Cost: 2.000
arrive destination: True ,out of road:False   Total T: 985237 Episode Num: 2914 Episode T: 258 Reward: 295.499 Cost: 0.000
arrive destination: True ,out of road:False   Total T: 985596 Episode Num: 2915 Episode T: 359 Reward: 382.770 Cost: 12.000
arrive destination: True ,out of road:False   Total T: 985880 Episode Num: 2916 Episode T: 284 Reward: 336.305 Cost: 6.000
arrive destination: True ,out of road:False   Total T: 986118 Episode Num: 2917 Episode T: 238 Reward: 281.598 Cost: 2.000
arrive destination: True ,out of road:False   Total T: 986358 Episode Num: 2918 Episode T: 240 Reward: 283.988 Cost: 0.000
arrive destination: True ,out of road:False   Total T: 986827 Episode Num: 2919 Episode T: 469 Reward: 419.209 Cost: 13.000
arrive destination: True ,out of road:False   Total T: 987101 Episode Num: 2920 Episode T: 274 Reward: 335.707 Cost: 9.000
arrive destination: True ,out of road:False   Total T: 987330 Episode Num: 2921 Episode T: 229 Reward: 285.757 Cost: 0.000
arrive destination: True ,out of road:False   Total T: 987556 Episode Num: 2922 Episode T: 226 Reward: 272.617 Cost: 0.000
arrive destination: False ,out of road:True   Total T: 987954 Episode Num: 2923 Episode T: 398 Reward: 443.724 Cost: 23.000
arrive destination: True ,out of road:False   Total T: 988214 Episode Num: 2924 Episode T: 260 Reward: 232.070 Cost: 0.000
arrive destination: True ,out of road:False   Total T: 988594 Episode Num: 2925 Episode T: 380 Reward: 461.164 Cost: 6.000
arrive destination: True ,out of road:False   Total T: 988825 Episode Num: 2926 Episode T: 231 Reward: 273.615 Cost: 0.000
arrive destination: False ,out of road:True   Total T: 989051 Episode Num: 2927 Episode T: 226 Reward: 227.815 Cost: 1.000
arrive destination: True ,out of road:False   Total T: 989306 Episode Num: 2928 Episode T: 255 Reward: 229.848 Cost: 0.000
arrive destination: False ,out of road:True   Total T: 989468 Episode Num: 2929 Episode T: 162 Reward: 166.043 Cost: 2.000
arrive destination: True ,out of road:False   Total T: 989842 Episode Num: 2930 Episode T: 374 Reward: 408.453 Cost: 7.000
---------------------------------------
Evaluation over 20 episodes: 0.600 Cost 4.750.             SafeRL used : use_epo
---------------------------------------
[34;1m
Time: 2026-06-29 21:44:52, Time spent from previous logger: 160.285 s[0m
[34;1mCustomLogger with fileds: ['total_steps', 'EpRet', 'EpCost', 'CostRate'][0m
[34;1mfieldvalues: [990000, 0.6, 4.75, 0.015460621677395633]
[0m
arrive destination: True ,out of road:False   Total T: 990356 Episode Num: 2931 Episode T: 514 Reward: 572.951 Cost: 0.000
arrive destination: False ,out of road:True   Total T: 990640 Episode Num: 2932 Episode T: 284 Reward: 311.292 Cost: 1.000
arrive destination: True ,out of road:False   Total T: 991016 Episode Num: 2933 Episode T: 376 Reward: 472.622 Cost: 1.000
arrive destination: True ,out of road:False   Total T: 991242 Episode Num: 2934 Episode T: 226 Reward: 274.152 Cost: 0.000
arrive destination: True ,out of road:False   Total T: 991707 Episode Num: 2935 Episode T: 465 Reward: 422.279 Cost: 24.000
arrive destination: True ,out of road:False   Total T: 992074 Episode Num: 2936 Episode T: 367 Reward: 408.461 Cost: 14.000
arrive destination: True ,out of road:False   Total T: 992360 Episode Num: 2937 Episode T: 286 Reward: 294.024 Cost: 12.000
arrive destination: True ,out of road:False   Total T: 992752 Episode Num: 2938 Episode T: 392 Reward: 401.373 Cost: 13.000
arrive destination: True ,out of road:False   Total T: 993099 Episode Num: 2939 Episode T: 347 Reward: 383.674 Cost: 6.000
arrive destination: True ,out of road:False   Total T: 993388 Episode Num: 2940 Episode T: 289 Reward: 397.680 Cost: 0.000
arrive destination: True ,out of road:False   Total T: 993829 Episode Num: 2941 Episode T: 441 Reward: 495.398 Cost: 13.000
arrive destination: True ,out of road:False   Total T: 994185 Episode Num: 2942 Episode T: 356 Reward: 396.968 Cost: 0.000
arrive destination: True ,out of road:False   Total T: 994476 Episode Num: 2943 Episode T: 291 Reward: 398.739 Cost: 0.000
arrive destination: True ,out of road:False   Total T: 995075 Episode Num: 2944 Episode T: 599 Reward: 414.710 Cost: 29.000
arrive destination: True ,out of road:False   Total T: 995433 Episode Num: 2945 Episode T: 358 Reward: 381.635 Cost: 14.000
arrive destination: True ,out of road:False   Total T: 995741 Episode Num: 2946 Episode T: 308 Reward: 368.403 Cost: 1.000
arrive destination: False ,out of road:True   Total T: 995843 Episode Num: 2947 Episode T: 102 Reward: 91.330 Cost: 2.000
arrive destination: True ,out of road:False   Total T: 996040 Episode Num: 2948 Episode T: 197 Reward: 269.960 Cost: 2.000
arrive destination: True ,out of road:False   Total T: 996296 Episode Num: 2949 Episode T: 256 Reward: 232.721 Cost: 1.000
arrive destination: True ,out of road:False   Total T: 996644 Episode Num: 2950 Episode T: 348 Reward: 379.068 Cost: 13.000
arrive destination: True ,out of road:False   Total T: 996956 Episode Num: 2951 Episode T: 312 Reward: 367.577 Cost: 1.000
arrive destination: True ,out of road:False   Total T: 997388 Episode Num: 2952 Episode T: 432 Reward: 463.683 Cost: 8.000
arrive destination: True ,out of road:False   Total T: 997661 Episode Num: 2953 Episode T: 273 Reward: 335.900 Cost: 0.000
arrive destination: False ,out of road:True   Total T: 997882 Episode Num: 2954 Episode T: 221 Reward: 228.483 Cost: 1.000
arrive destination: True ,out of road:False   Total T: 998152 Episode Num: 2955 Episode T: 270 Reward: 294.068 Cost: 11.000
arrive destination: True ,out of road:False   Total T: 998409 Episode Num: 2956 Episode T: 257 Reward: 232.453 Cost: 0.000
arrive destination: True ,out of road:False   Total T: 998724 Episode Num: 2957 Episode T: 315 Reward: 404.819 Cost: 3.000
arrive destination: True ,out of road:False   Total T: 998956 Episode Num: 2958 Episode T: 232 Reward: 285.169 Cost: 0.000
arrive destination: False ,out of road:True   Total T: 999177 Episode Num: 2959 Episode T: 221 Reward: 193.103 Cost: 12.000
arrive destination: True ,out of road:False   Total T: 999434 Episode Num: 2960 Episode T: 257 Reward: 230.709 Cost: 0.000
arrive destination: True ,out of road:False   Total T: 999763 Episode Num: 2961 Episode T: 329 Reward: 294.711 Cost: 24.000
---------------------------------------
Evaluation over 20 episodes: 0.650 Cost 4.100.             SafeRL used : use_epo
---------------------------------------
[34;1m
Time: 2026-06-29 21:47:33, Time spent from previous logger: 160.981 s[0m
[34;1mCustomLogger with fileds: ['total_steps', 'EpRet', 'EpCost', 'CostRate'][0m
[34;1mfieldvalues: [1000000, 0.65, 4.1, 0.015512015512015512]
[0m
