Running full paper-style training: tag=paper_1m_20260629 algo=epo seed=0 task=5
Successfully registered the following environments: ['MetaDrive-validation-v0', 'MetaDrive-10env-v0', 'MetaDrive-100envs-v0', 'MetaDrive-1000envs-v0', 'SafeMetaDrive-validation-v0', 'SafeMetaDrive-10env-v0', 'SafeMetaDrive-100envs-v0', 'SafeMetaDrive-1000envs-v0', 'MARLTollgate-v0', 'MARLBottleneck-v0', 'MARLRoundabout-v0', 'MARLIntersection-v0', 'MARLParkingLot-v0', 'MARLMetaDrive-v0'].
arrive destination: False ,out of road:False   Total T: 1000 Episode Num: 1 Episode T: 1000 Reward: 9.917 Cost: 0.000
arrive destination: False ,out of road:True   Total T: 1505 Episode Num: 2 Episode T: 505 Reward: -0.348 Cost: 1.000
arrive destination: False ,out of road:False   Total T: 2505 Episode Num: 3 Episode T: 1000 Reward: 12.978 Cost: 0.000
arrive destination: False ,out of road:False   Total T: 3505 Episode Num: 4 Episode T: 1000 Reward: 10.757 Cost: 0.000
arrive destination: False ,out of road:False   Total T: 4505 Episode Num: 5 Episode T: 1000 Reward: 11.094 Cost: 0.000
arrive destination: False ,out of road:False   Total T: 5505 Episode Num: 6 Episode T: 1000 Reward: 10.733 Cost: 0.000
arrive destination: False ,out of road:False   Total T: 6505 Episode Num: 7 Episode T: 1000 Reward: 13.206 Cost: 0.000
arrive destination: False ,out of road:False   Total T: 7505 Episode Num: 8 Episode T: 1000 Reward: 12.294 Cost: 0.000
arrive destination: False ,out of road:False   Total T: 8505 Episode Num: 9 Episode T: 1000 Reward: 12.351 Cost: 0.000
arrive destination: False ,out of road:False   Total T: 9505 Episode Num: 10 Episode T: 1000 Reward: 9.422 Cost: 0.000
---------------------------------------
Evaluation over 20 episodes: 0.000 Cost 1.000.             SafeRL used : use_epo
---------------------------------------
[34;1m
Time: 2026-06-29 13:26:32, Time spent from previous logger: 45.071 s[0m
[34;1mCustomLogger with fileds: ['total_steps', 'EpRet', 'EpCost', 'CostRate'][0m
[34;1mfieldvalues: [10000, 0.0, 1.0, 0.00010001000100010001]
[0m
arrive destination: False ,out of road:True   Total T: 10022 Episode Num: 11 Episode T: 517 Reward: 2.341 Cost: 1.000
arrive destination: False ,out of road:True   Total T: 10057 Episode Num: 12 Episode T: 35 Reward: 0.140 Cost: 1.000
arrive destination: False ,out of road:True   Total T: 10085 Episode Num: 13 Episode T: 28 Reward: -1.762 Cost: 1.000
arrive destination: False ,out of road:True   Total T: 10112 Episode Num: 14 Episode T: 27 Reward: -2.198 Cost: 1.000
arrive destination: False ,out of road:True   Total T: 10133 Episode Num: 15 Episode T: 21 Reward: -3.554 Cost: 1.000
arrive destination: False ,out of road:True   Total T: 10165 Episode Num: 16 Episode T: 32 Reward: -3.304 Cost: 1.000
arrive destination: False ,out of road:True   Total T: 10197 Episode Num: 17 Episode T: 32 Reward: -3.395 Cost: 1.000
arrive destination: False ,out of road:True   Total T: 10229 Episode Num: 18 Episode T: 32 Reward: -3.277 Cost: 1.000
arrive destination: False ,out of road:True   Total T: 10255 Episode Num: 19 Episode T: 26 Reward: -3.193 Cost: 1.000
arrive destination: False ,out of road:True   Total T: 10287 Episode Num: 20 Episode T: 32 Reward: 1.883 Cost: 1.000
arrive destination: False ,out of road:True   Total T: 10314 Episode Num: 21 Episode T: 27 Reward: -3.188 Cost: 1.000
arrive destination: False ,out of road:True   Total T: 10357 Episode Num: 22 Episode T: 43 Reward: -3.685 Cost: 1.000
arrive destination: False ,out of road:True   Total T: 10448 Episode Num: 23 Episode T: 91 Reward: 4.287 Cost: 1.000
arrive destination: False ,out of road:True   Total T: 10545 Episode Num: 24 Episode T: 97 Reward: 40.488 Cost: 1.000
arrive destination: False ,out of road:True   Total T: 10588 Episode Num: 25 Episode T: 43 Reward: 7.550 Cost: 1.000
arrive destination: False ,out of road:True   Total T: 10627 Episode Num: 26 Episode T: 39 Reward: 6.916 Cost: 1.000
arrive destination: False ,out of road:True   Total T: 10702 Episode Num: 27 Episode T: 75 Reward: 32.194 Cost: 1.000
arrive destination: False ,out of road:True   Total T: 10741 Episode Num: 28 Episode T: 39 Reward: 3.221 Cost: 1.000
arrive destination: False ,out of road:True   Total T: 10787 Episode Num: 29 Episode T: 46 Reward: 7.719 Cost: 1.000
arrive destination: False ,out of road:True   Total T: 10828 Episode Num: 30 Episode T: 41 Reward: 3.280 Cost: 1.000
arrive destination: False ,out of road:True   Total T: 10869 Episode Num: 31 Episode T: 41 Reward: 2.341 Cost: 1.000
arrive destination: False ,out of road:True   Total T: 10912 Episode Num: 32 Episode T: 43 Reward: 2.805 Cost: 1.000
arrive destination: False ,out of road:True   Total T: 10998 Episode Num: 33 Episode T: 86 Reward: 8.384 Cost: 1.000
arrive destination: False ,out of road:True   Total T: 11065 Episode Num: 34 Episode T: 67 Reward: 5.190 Cost: 1.000
arrive destination: False ,out of road:True   Total T: 11163 Episode Num: 35 Episode T: 98 Reward: 16.859 Cost: 1.000
arrive destination: False ,out of road:True   Total T: 11222 Episode Num: 36 Episode T: 59 Reward: 10.643 Cost: 1.000
arrive destination: False ,out of road:True   Total T: 11244 Episode Num: 37 Episode T: 22 Reward: -3.817 Cost: 1.000
arrive destination: False ,out of road:True   Total T: 11319 Episode Num: 38 Episode T: 75 Reward: 20.075 Cost: 1.000
arrive destination: False ,out of road:True   Total T: 11382 Episode Num: 39 Episode T: 63 Reward: 14.757 Cost: 1.000
arrive destination: False ,out of road:True   Total T: 11438 Episode Num: 40 Episode T: 56 Reward: 12.758 Cost: 1.000
arrive destination: False ,out of road:True   Total T: 11472 Episode Num: 41 Episode T: 34 Reward: 2.174 Cost: 1.000
arrive destination: False ,out of road:True   Total T: 11632 Episode Num: 42 Episode T: 160 Reward: 53.064 Cost: 1.000
arrive destination: False ,out of road:True   Total T: 11658 Episode Num: 43 Episode T: 26 Reward: -1.510 Cost: 1.000
arrive destination: False ,out of road:True   Total T: 11712 Episode Num: 44 Episode T: 54 Reward: 20.281 Cost: 1.000
arrive destination: False ,out of road:True   Total T: 11759 Episode Num: 45 Episode T: 47 Reward: 11.032 Cost: 1.000
arrive destination: False ,out of road:True   Total T: 11843 Episode Num: 46 Episode T: 84 Reward: 39.284 Cost: 1.000
arrive destination: False ,out of road:False   Total T: 12843 Episode Num: 47 Episode T: 1000 Reward: 189.337 Cost: 0.000
arrive destination: True ,out of road:False   Total T: 13249 Episode Num: 48 Episode T: 406 Reward: 294.772 Cost: 15.000
arrive destination: False ,out of road:True   Total T: 14156 Episode Num: 49 Episode T: 907 Reward: 194.989 Cost: 1.000
arrive destination: True ,out of road:False   Total T: 14770 Episode Num: 50 Episode T: 614 Reward: 397.974 Cost: 25.000
arrive destination: False ,out of road:False   Total T: 15770 Episode Num: 51 Episode T: 1000 Reward: 309.638 Cost: 26.000
arrive destination: True ,out of road:False   Total T: 16768 Episode Num: 52 Episode T: 998 Reward: 378.648 Cost: 6.000
arrive destination: True ,out of road:False   Total T: 17224 Episode Num: 53 Episode T: 456 Reward: 336.448 Cost: 31.000
arrive destination: False ,out of road:True   Total T: 17538 Episode Num: 54 Episode T: 314 Reward: 231.921 Cost: 7.000
arrive destination: False ,out of road:True   Total T: 17779 Episode Num: 55 Episode T: 241 Reward: 245.785 Cost: 22.000
arrive destination: True ,out of road:False   Total T: 18339 Episode Num: 56 Episode T: 560 Reward: 411.233 Cost: 31.000
arrive destination: False ,out of road:True   Total T: 18522 Episode Num: 57 Episode T: 183 Reward: 121.239 Cost: 1.000
arrive destination: True ,out of road:False   Total T: 19262 Episode Num: 58 Episode T: 740 Reward: 416.833 Cost: 21.000
arrive destination: True ,out of road:False   Total T: 19746 Episode Num: 59 Episode T: 484 Reward: 375.157 Cost: 20.000
---------------------------------------
Evaluation over 20 episodes: 0.800 Cost 8.650.             SafeRL used : use_epo
---------------------------------------
[34;1m
Time: 2026-06-29 13:28:55, Time spent from previous logger: 142.866 s[0m
[34;1mCustomLogger with fileds: ['total_steps', 'EpRet', 'EpCost', 'CostRate'][0m
[34;1mfieldvalues: [20000, 0.8, 8.65, 0.01215060753037652]
[0m
arrive destination: True ,out of road:False   Total T: 20225 Episode Num: 60 Episode T: 479 Reward: 488.893 Cost: 0.000
arrive destination: False ,out of road:True   Total T: 20381 Episode Num: 61 Episode T: 156 Reward: 126.979 Cost: 7.000
arrive destination: False ,out of road:True   Total T: 20540 Episode Num: 62 Episode T: 159 Reward: 118.127 Cost: 2.000
arrive destination: True ,out of road:False   Total T: 20800 Episode Num: 63 Episode T: 260 Reward: 250.082 Cost: 0.000
arrive destination: True ,out of road:False   Total T: 21179 Episode Num: 64 Episode T: 379 Reward: 272.338 Cost: 3.000
arrive destination: True ,out of road:True   Total T: 21809 Episode Num: 65 Episode T: 630 Reward: 503.583 Cost: 36.000
arrive destination: False ,out of road:True   Total T: 22164 Episode Num: 66 Episode T: 355 Reward: 256.471 Cost: 4.000
arrive destination: True ,out of road:False   Total T: 22456 Episode Num: 67 Episode T: 292 Reward: 270.501 Cost: 2.000
arrive destination: True ,out of road:False   Total T: 22833 Episode Num: 68 Episode T: 377 Reward: 271.435 Cost: 8.000
arrive destination: False ,out of road:False   Total T: 23833 Episode Num: 69 Episode T: 1000 Reward: 119.450 Cost: 7.000
arrive destination: True ,out of road:False   Total T: 24235 Episode Num: 70 Episode T: 402 Reward: 294.910 Cost: 12.000
arrive destination: True ,out of road:False   Total T: 24596 Episode Num: 71 Episode T: 361 Reward: 286.887 Cost: 13.000
arrive destination: False ,out of road:True   Total T: 24695 Episode Num: 72 Episode T: 99 Reward: 77.530 Cost: 6.000
arrive destination: True ,out of road:False   Total T: 24992 Episode Num: 73 Episode T: 297 Reward: 295.370 Cost: 5.000
arrive destination: False ,out of road:True   Total T: 25206 Episode Num: 74 Episode T: 214 Reward: 174.626 Cost: 6.000
arrive destination: False ,out of road:True   Total T: 25382 Episode Num: 75 Episode T: 176 Reward: 124.434 Cost: 1.000
arrive destination: True ,out of road:False   Total T: 25676 Episode Num: 76 Episode T: 294 Reward: 295.281 Cost: 5.000
arrive destination: True ,out of road:False   Total T: 25968 Episode Num: 77 Episode T: 292 Reward: 249.026 Cost: 0.000
arrive destination: False ,out of road:True   Total T: 26905 Episode Num: 78 Episode T: 937 Reward: 76.674 Cost: 9.000
arrive destination: True ,out of road:False   Total T: 27302 Episode Num: 79 Episode T: 397 Reward: 269.141 Cost: 5.000
arrive destination: True ,out of road:False   Total T: 27584 Episode Num: 80 Episode T: 282 Reward: 269.752 Cost: 5.000
arrive destination: False ,out of road:True   Total T: 27739 Episode Num: 81 Episode T: 155 Reward: 134.878 Cost: 2.000
arrive destination: True ,out of road:False   Total T: 28047 Episode Num: 82 Episode T: 308 Reward: 295.597 Cost: 6.000
arrive destination: True ,out of road:False   Total T: 28513 Episode Num: 83 Episode T: 466 Reward: 276.857 Cost: 5.000
arrive destination: False ,out of road:True   Total T: 28927 Episode Num: 84 Episode T: 414 Reward: 266.986 Cost: 3.000
arrive destination: True ,out of road:False   Total T: 29221 Episode Num: 85 Episode T: 294 Reward: 296.154 Cost: 4.000
arrive destination: True ,out of road:False   Total T: 29671 Episode Num: 86 Episode T: 450 Reward: 377.121 Cost: 1.000
---------------------------------------
Evaluation over 20 episodes: 0.150 Cost 5.050.             SafeRL used : use_epo
---------------------------------------
[34;1m
Time: 2026-06-29 13:31:30, Time spent from previous logger: 154.893 s[0m
[34;1mCustomLogger with fileds: ['total_steps', 'EpRet', 'EpCost', 'CostRate'][0m
[34;1mfieldvalues: [30000, 0.15, 5.05, 0.013433781126037535]
[0m
arrive destination: True ,out of road:False   Total T: 30473 Episode Num: 87 Episode T: 802 Reward: 484.359 Cost: 3.000
arrive destination: True ,out of road:False   Total T: 30783 Episode Num: 88 Episode T: 310 Reward: 295.644 Cost: 3.000
arrive destination: True ,out of road:False   Total T: 31453 Episode Num: 89 Episode T: 670 Reward: 495.189 Cost: 7.000
arrive destination: True ,out of road:False   Total T: 31719 Episode Num: 90 Episode T: 266 Reward: 233.273 Cost: 0.000
arrive destination: True ,out of road:False   Total T: 32027 Episode Num: 91 Episode T: 308 Reward: 295.616 Cost: 0.000
arrive destination: True ,out of road:False   Total T: 32501 Episode Num: 92 Episode T: 474 Reward: 378.623 Cost: 6.000
arrive destination: True ,out of road:False   Total T: 33017 Episode Num: 93 Episode T: 516 Reward: 379.113 Cost: 14.000
arrive destination: True ,out of road:False   Total T: 33702 Episode Num: 94 Episode T: 685 Reward: 369.282 Cost: 1.000
arrive destination: True ,out of road:False   Total T: 34100 Episode Num: 95 Episode T: 398 Reward: 265.542 Cost: 0.000
arrive destination: False ,out of road:False   Total T: 35100 Episode Num: 96 Episode T: 1000 Reward: 321.687 Cost: 34.000
arrive destination: True ,out of road:False   Total T: 35499 Episode Num: 97 Episode T: 399 Reward: 268.229 Cost: 3.000
arrive destination: False ,out of road:False   Total T: 36499 Episode Num: 98 Episode T: 1000 Reward: 231.726 Cost: 3.000
arrive destination: False ,out of road:True   Total T: 37186 Episode Num: 99 Episode T: 687 Reward: 218.082 Cost: 8.000
arrive destination: True ,out of road:False   Total T: 37626 Episode Num: 100 Episode T: 440 Reward: 356.371 Cost: 4.000
arrive destination: False ,out of road:True   Total T: 37722 Episode Num: 101 Episode T: 96 Reward: 51.426 Cost: 8.000
arrive destination: False ,out of road:True   Total T: 37769 Episode Num: 102 Episode T: 47 Reward: 11.659 Cost: 1.000
arrive destination: True ,out of road:False   Total T: 38150 Episode Num: 103 Episode T: 381 Reward: 245.476 Cost: 0.000
arrive destination: False ,out of road:True   Total T: 38288 Episode Num: 104 Episode T: 138 Reward: 138.291 Cost: 1.000
arrive destination: False ,out of road:False   Total T: 39288 Episode Num: 105 Episode T: 1000 Reward: 232.287 Cost: 30.000
arrive destination: True ,out of road:False   Total T: 39512 Episode Num: 106 Episode T: 224 Reward: 269.027 Cost: 1.000
arrive destination: True ,out of road:False   Total T: 39893 Episode Num: 107 Episode T: 381 Reward: 244.069 Cost: 0.000
---------------------------------------
Evaluation over 20 episodes: 0.600 Cost 14.000.             SafeRL used : use_epo
---------------------------------------
[34;1m
Time: 2026-06-29 13:33:56, Time spent from previous logger: 145.805 s[0m
[34;1mCustomLogger with fileds: ['total_steps', 'EpRet', 'EpCost', 'CostRate'][0m
[34;1mfieldvalues: [40000, 0.6, 14.0, 0.013250331258281458]
[0m
arrive destination: False ,out of road:True   Total T: 40059 Episode Num: 108 Episode T: 166 Reward: 95.966 Cost: 4.000
arrive destination: False ,out of road:False   Total T: 41059 Episode Num: 109 Episode T: 1000 Reward: 501.019 Cost: 15.000
arrive destination: True ,out of road:False   Total T: 41310 Episode Num: 110 Episode T: 251 Reward: 233.028 Cost: 6.000
arrive destination: True ,out of road:False   Total T: 41752 Episode Num: 111 Episode T: 442 Reward: 355.866 Cost: 21.000
arrive destination: True ,out of road:False   Total T: 42103 Episode Num: 112 Episode T: 351 Reward: 268.959 Cost: 4.000
arrive destination: False ,out of road:False   Total T: 43103 Episode Num: 113 Episode T: 1000 Reward: 406.432 Cost: 36.000
arrive destination: False ,out of road:False   Total T: 44103 Episode Num: 114 Episode T: 1000 Reward: 341.286 Cost: 15.000
arrive destination: False ,out of road:False   Total T: 45103 Episode Num: 115 Episode T: 1000 Reward: 451.203 Cost: 8.000
arrive destination: False ,out of road:False   Total T: 46103 Episode Num: 116 Episode T: 1000 Reward: 363.603 Cost: 11.000
arrive destination: False ,out of road:True   Total T: 46200 Episode Num: 117 Episode T: 97 Reward: 63.219 Cost: 1.000
arrive destination: True ,out of road:False   Total T: 46477 Episode Num: 118 Episode T: 277 Reward: 233.453 Cost: 4.000
arrive destination: False ,out of road:True   Total T: 46568 Episode Num: 119 Episode T: 91 Reward: 63.498 Cost: 1.000
arrive destination: True ,out of road:False   Total T: 46968 Episode Num: 120 Episode T: 400 Reward: 269.106 Cost: 9.000
arrive destination: False ,out of road:False   Total T: 47968 Episode Num: 121 Episode T: 1000 Reward: 489.708 Cost: 18.000
arrive destination: True ,out of road:False   Total T: 48357 Episode Num: 122 Episode T: 389 Reward: 294.194 Cost: 9.000
arrive destination: False ,out of road:True   Total T: 48434 Episode Num: 123 Episode T: 77 Reward: 40.123 Cost: 1.000
arrive destination: False ,out of road:False   Total T: 49434 Episode Num: 124 Episode T: 1000 Reward: 345.352 Cost: 9.000
---------------------------------------
Evaluation over 20 episodes: 0.100 Cost 10.450.             SafeRL used : use_epo
---------------------------------------
[34;1m
Time: 2026-06-29 13:36:34, Time spent from previous logger: 158.888 s[0m
[34;1mCustomLogger with fileds: ['total_steps', 'EpRet', 'EpCost', 'CostRate'][0m
[34;1mfieldvalues: [50000, 0.1, 10.45, 0.014220284405688113]
[0m
arrive destination: True ,out of road:False   Total T: 50273 Episode Num: 125 Episode T: 839 Reward: 500.739 Cost: 12.000
arrive destination: False ,out of road:True   Total T: 50938 Episode Num: 126 Episode T: 665 Reward: 211.380 Cost: 12.000
arrive destination: True ,out of road:False   Total T: 51608 Episode Num: 127 Episode T: 670 Reward: 367.239 Cost: 7.000
arrive destination: False ,out of road:False   Total T: 52608 Episode Num: 128 Episode T: 1000 Reward: 269.981 Cost: 3.000
arrive destination: False ,out of road:True   Total T: 52703 Episode Num: 129 Episode T: 95 Reward: 77.240 Cost: 4.000
arrive destination: True ,out of road:False   Total T: 53169 Episode Num: 130 Episode T: 466 Reward: 377.817 Cost: 21.000
arrive destination: False ,out of road:True   Total T: 53296 Episode Num: 131 Episode T: 127 Reward: 58.188 Cost: 9.000
arrive destination: True ,out of road:False   Total T: 53634 Episode Num: 132 Episode T: 338 Reward: 245.244 Cost: 0.000
arrive destination: True ,out of road:False   Total T: 54082 Episode Num: 133 Episode T: 448 Reward: 353.080 Cost: 6.000
arrive destination: False ,out of road:False   Total T: 55082 Episode Num: 134 Episode T: 1000 Reward: 73.713 Cost: 9.000
arrive destination: True ,out of road:False   Total T: 55303 Episode Num: 135 Episode T: 221 Reward: 269.719 Cost: 0.000
arrive destination: True ,out of road:False   Total T: 56016 Episode Num: 136 Episode T: 713 Reward: 494.462 Cost: 38.000
arrive destination: True ,out of road:False   Total T: 56380 Episode Num: 137 Episode T: 364 Reward: 268.324 Cost: 6.000
arrive destination: False ,out of road:True   Total T: 56524 Episode Num: 138 Episode T: 144 Reward: 141.081 Cost: 2.000
arrive destination: False ,out of road:False   Total T: 57524 Episode Num: 139 Episode T: 1000 Reward: 67.631 Cost: 30.000
arrive destination: False ,out of road:False   Total T: 58524 Episode Num: 140 Episode T: 1000 Reward: 194.470 Cost: 1.000
arrive destination: True ,out of road:False   Total T: 58980 Episode Num: 141 Episode T: 456 Reward: 288.790 Cost: 8.000
arrive destination: True ,out of road:False   Total T: 59366 Episode Num: 142 Episode T: 386 Reward: 295.498 Cost: 20.000
arrive destination: True ,out of road:False   Total T: 59885 Episode Num: 143 Episode T: 519 Reward: 410.483 Cost: 10.000
---------------------------------------
Evaluation over 20 episodes: 0.300 Cost 9.600.             SafeRL used : use_epo
---------------------------------------
[34;1m
Time: 2026-06-29 13:39:06, Time spent from previous logger: 151.219 s[0m
[34;1mCustomLogger with fileds: ['total_steps', 'EpRet', 'EpCost', 'CostRate'][0m
[34;1mfieldvalues: [60000, 0.3, 9.6, 0.014950249170819514]
[0m
arrive destination: False ,out of road:True   Total T: 60158 Episode Num: 144 Episode T: 273 Reward: 164.212 Cost: 4.000
arrive destination: True ,out of road:False   Total T: 60881 Episode Num: 145 Episode T: 723 Reward: 516.293 Cost: 44.000
arrive destination: False ,out of road:False   Total T: 61881 Episode Num: 146 Episode T: 1000 Reward: 280.946 Cost: 3.000
arrive destination: False ,out of road:True   Total T: 62025 Episode Num: 147 Episode T: 144 Reward: 141.932 Cost: 9.000
arrive destination: True ,out of road:False   Total T: 62232 Episode Num: 148 Episode T: 207 Reward: 269.814 Cost: 0.000
arrive destination: True ,out of road:False   Total T: 62585 Episode Num: 149 Episode T: 353 Reward: 266.588 Cost: 4.000
arrive destination: False ,out of road:False   Total T: 63585 Episode Num: 150 Episode T: 1000 Reward: 254.056 Cost: 6.000
arrive destination: False ,out of road:False   Total T: 64585 Episode Num: 151 Episode T: 1000 Reward: 221.460 Cost: 5.000
arrive destination: True ,out of road:False   Total T: 65100 Episode Num: 152 Episode T: 515 Reward: 368.516 Cost: 15.000
arrive destination: False ,out of road:False   Total T: 66100 Episode Num: 153 Episode T: 1000 Reward: 314.506 Cost: 4.000
arrive destination: False ,out of road:False   Total T: 67100 Episode Num: 154 Episode T: 1000 Reward: 256.943 Cost: 0.000
arrive destination: True ,out of road:False   Total T: 68086 Episode Num: 155 Episode T: 986 Reward: 379.374 Cost: 9.000
arrive destination: False ,out of road:False   Total T: 69086 Episode Num: 156 Episode T: 1000 Reward: 284.898 Cost: 35.000
---------------------------------------
Evaluation over 20 episodes: 0.550 Cost 10.700.             SafeRL used : use_epo
---------------------------------------
[34;1m
Time: 2026-06-29 13:41:32, Time spent from previous logger: 146.210 s[0m
[34;1mCustomLogger with fileds: ['total_steps', 'EpRet', 'EpCost', 'CostRate'][0m
[34;1mfieldvalues: [70000, 0.55, 10.7, 0.014785925513221618]
[0m
arrive destination: False ,out of road:False   Total T: 70086 Episode Num: 157 Episode T: 1000 Reward: 463.590 Cost: 0.000
arrive destination: False ,out of road:False   Total T: 71086 Episode Num: 158 Episode T: 1000 Reward: 333.582 Cost: 0.000
arrive destination: True ,out of road:False   Total T: 71516 Episode Num: 159 Episode T: 430 Reward: 352.626 Cost: 0.000
arrive destination: False ,out of road:False   Total T: 72516 Episode Num: 160 Episode T: 1000 Reward: 238.999 Cost: 2.000
arrive destination: True ,out of road:False   Total T: 72775 Episode Num: 161 Episode T: 259 Reward: 235.538 Cost: 4.000
arrive destination: True ,out of road:False   Total T: 73319 Episode Num: 162 Episode T: 544 Reward: 415.277 Cost: 18.000
arrive destination: False ,out of road:True   Total T: 73449 Episode Num: 163 Episode T: 130 Reward: 96.039 Cost: 1.000
arrive destination: False ,out of road:True   Total T: 73640 Episode Num: 164 Episode T: 191 Reward: 206.882 Cost: 2.000
arrive destination: False ,out of road:False   Total T: 74640 Episode Num: 165 Episode T: 1000 Reward: 402.059 Cost: 26.000
arrive destination: False ,out of road:True   Total T: 74735 Episode Num: 166 Episode T: 95 Reward: 69.281 Cost: 1.000
arrive destination: True ,out of road:False   Total T: 75165 Episode Num: 167 Episode T: 430 Reward: 354.508 Cost: 2.000
arrive destination: False ,out of road:True   Total T: 75293 Episode Num: 168 Episode T: 128 Reward: 131.604 Cost: 1.000
arrive destination: True ,out of road:False   Total T: 75699 Episode Num: 169 Episode T: 406 Reward: 266.698 Cost: 14.000
arrive destination: False ,out of road:False   Total T: 76699 Episode Num: 170 Episode T: 1000 Reward: 243.291 Cost: 18.000
arrive destination: False ,out of road:False   Total T: 77699 Episode Num: 171 Episode T: 1000 Reward: 302.142 Cost: 6.000
arrive destination: True ,out of road:False   Total T: 78197 Episode Num: 172 Episode T: 498 Reward: 268.595 Cost: 7.000
arrive destination: False ,out of road:True   Total T: 78515 Episode Num: 173 Episode T: 318 Reward: 233.999 Cost: 21.000
arrive destination: True ,out of road:False   Total T: 78904 Episode Num: 174 Episode T: 389 Reward: 296.222 Cost: 4.000
arrive destination: True ,out of road:False   Total T: 79102 Episode Num: 175 Episode T: 198 Reward: 268.483 Cost: 0.000
arrive destination: True ,out of road:False   Total T: 79322 Episode Num: 176 Episode T: 220 Reward: 269.405 Cost: 0.000
arrive destination: False ,out of road:True   Total T: 79420 Episode Num: 177 Episode T: 98 Reward: 68.071 Cost: 3.000
arrive destination: False ,out of road:True   Total T: 79684 Episode Num: 178 Episode T: 264 Reward: 242.224 Cost: 4.000
---------------------------------------
Evaluation over 20 episodes: 0.750 Cost 9.150.             SafeRL used : use_epo
---------------------------------------
[34;1m
Time: 2026-06-29 13:44:04, Time spent from previous logger: 152.438 s[0m
[34;1mCustomLogger with fileds: ['total_steps', 'EpRet', 'EpCost', 'CostRate'][0m
[34;1mfieldvalues: [80000, 0.75, 9.15, 0.014737684221052764]
[0m
arrive destination: False ,out of road:False   Total T: 80684 Episode Num: 179 Episode T: 1000 Reward: 663.203 Cost: 22.000
arrive destination: True ,out of road:False   Total T: 81230 Episode Num: 180 Episode T: 546 Reward: 411.076 Cost: 23.000
arrive destination: False ,out of road:True   Total T: 81329 Episode Num: 181 Episode T: 99 Reward: 77.652 Cost: 4.000
arrive destination: False ,out of road:True   Total T: 81642 Episode Num: 182 Episode T: 313 Reward: 183.854 Cost: 19.000
arrive destination: False ,out of road:True   Total T: 81771 Episode Num: 183 Episode T: 129 Reward: 131.334 Cost: 1.000
arrive destination: False ,out of road:False   Total T: 82771 Episode Num: 184 Episode T: 1000 Reward: 279.026 Cost: 15.000
arrive destination: False ,out of road:False   Total T: 83771 Episode Num: 185 Episode T: 1000 Reward: 443.257 Cost: 7.000
arrive destination: True ,out of road:False   Total T: 84142 Episode Num: 186 Episode T: 371 Reward: 399.940 Cost: 0.000
arrive destination: False ,out of road:False   Total T: 85142 Episode Num: 187 Episode T: 1000 Reward: 461.210 Cost: 7.000
arrive destination: True ,out of road:False   Total T: 85694 Episode Num: 188 Episode T: 552 Reward: 410.139 Cost: 22.000
arrive destination: False ,out of road:True   Total T: 85793 Episode Num: 189 Episode T: 99 Reward: 67.137 Cost: 1.000
arrive destination: True ,out of road:False   Total T: 86168 Episode Num: 190 Episode T: 375 Reward: 294.700 Cost: 7.000
arrive destination: False ,out of road:True   Total T: 86379 Episode Num: 191 Episode T: 211 Reward: 208.858 Cost: 2.000
arrive destination: True ,out of road:False   Total T: 86789 Episode Num: 192 Episode T: 410 Reward: 233.179 Cost: 0.000
arrive destination: True ,out of road:False   Total T: 87419 Episode Num: 193 Episode T: 630 Reward: 473.615 Cost: 19.000
arrive destination: False ,out of road:False   Total T: 88419 Episode Num: 194 Episode T: 1000 Reward: 339.636 Cost: 0.000
arrive destination: True ,out of road:False   Total T: 88917 Episode Num: 195 Episode T: 498 Reward: 404.990 Cost: 0.000
arrive destination: False ,out of road:True   Total T: 89213 Episode Num: 196 Episode T: 296 Reward: 212.628 Cost: 9.000
arrive destination: False ,out of road:True   Total T: 89799 Episode Num: 197 Episode T: 586 Reward: 285.559 Cost: 30.000
---------------------------------------
Evaluation over 20 episodes: 0.700 Cost 6.150.             SafeRL used : use_epo
---------------------------------------
[34;1m
Time: 2026-06-29 13:46:41, Time spent from previous logger: 156.461 s[0m
[34;1mCustomLogger with fileds: ['total_steps', 'EpRet', 'EpCost', 'CostRate'][0m
[34;1mfieldvalues: [90000, 0.7, 6.15, 0.01507794531050345]
[0m
arrive destination: False ,out of road:False   Total T: 90799 Episode Num: 198 Episode T: 1000 Reward: 435.586 Cost: 29.000
arrive destination: False ,out of road:False   Total T: 91799 Episode Num: 199 Episode T: 1000 Reward: 259.223 Cost: 2.000
arrive destination: True ,out of road:False   Total T: 92010 Episode Num: 200 Episode T: 211 Reward: 269.364 Cost: 0.000
arrive destination: True ,out of road:False   Total T: 92853 Episode Num: 201 Episode T: 843 Reward: 420.602 Cost: 38.000
arrive destination: True ,out of road:False   Total T: 93172 Episode Num: 202 Episode T: 319 Reward: 295.919 Cost: 0.000
arrive destination: True ,out of road:False   Total T: 93618 Episode Num: 203 Episode T: 446 Reward: 377.799 Cost: 10.000
arrive destination: True ,out of road:False   Total T: 93817 Episode Num: 204 Episode T: 199 Reward: 269.992 Cost: 0.000
arrive destination: True ,out of road:False   Total T: 94298 Episode Num: 205 Episode T: 481 Reward: 378.719 Cost: 13.000
arrive destination: True ,out of road:False   Total T: 94802 Episode Num: 206 Episode T: 504 Reward: 372.821 Cost: 10.000
arrive destination: True ,out of road:False   Total T: 95045 Episode Num: 207 Episode T: 243 Reward: 247.039 Cost: 0.000
arrive destination: True ,out of road:False   Total T: 95281 Episode Num: 208 Episode T: 236 Reward: 250.431 Cost: 0.000
arrive destination: False ,out of road:True   Total T: 95745 Episode Num: 209 Episode T: 464 Reward: 262.668 Cost: 5.000
arrive destination: True ,out of road:False   Total T: 96115 Episode Num: 210 Episode T: 370 Reward: 271.567 Cost: 13.000
arrive destination: False ,out of road:True   Total T: 96407 Episode Num: 211 Episode T: 292 Reward: 172.126 Cost: 3.000
arrive destination: True ,out of road:False   Total T: 96945 Episode Num: 212 Episode T: 538 Reward: 411.742 Cost: 9.000
arrive destination: True ,out of road:False   Total T: 97141 Episode Num: 213 Episode T: 196 Reward: 269.720 Cost: 0.000
arrive destination: True ,out of road:False   Total T: 97408 Episode Num: 214 Episode T: 267 Reward: 233.072 Cost: 3.000
arrive destination: True ,out of road:False   Total T: 98171 Episode Num: 215 Episode T: 763 Reward: 276.704 Cost: 4.000
arrive destination: True ,out of road:False   Total T: 99151 Episode Num: 216 Episode T: 980 Reward: 520.513 Cost: 14.000
arrive destination: True ,out of road:False   Total T: 99440 Episode Num: 217 Episode T: 289 Reward: 295.897 Cost: 8.000
arrive destination: True ,out of road:False   Total T: 99910 Episode Num: 218 Episode T: 470 Reward: 378.363 Cost: 6.000
---------------------------------------
Evaluation over 20 episodes: 0.650 Cost 14.000.             SafeRL used : use_epo
---------------------------------------
[34;1m
Time: 2026-06-29 13:49:30, Time spent from previous logger: 169.111 s[0m
[34;1mCustomLogger with fileds: ['total_steps', 'EpRet', 'EpCost', 'CostRate'][0m
[34;1mfieldvalues: [100000, 0.65, 14.0, 0.015240152401524015]
[0m
arrive destination: False ,out of road:True   Total T: 100134 Episode Num: 219 Episode T: 224 Reward: 204.457 Cost: 7.000
arrive destination: True ,out of road:False   Total T: 101068 Episode Num: 220 Episode T: 934 Reward: 516.141 Cost: 4.000
arrive destination: False ,out of road:True   Total T: 101253 Episode Num: 221 Episode T: 185 Reward: 140.403 Cost: 3.000
arrive destination: True ,out of road:False   Total T: 101768 Episode Num: 222 Episode T: 515 Reward: 411.460 Cost: 21.000
arrive destination: True ,out of road:False   Total T: 102147 Episode Num: 223 Episode T: 379 Reward: 294.908 Cost: 14.000
arrive destination: False ,out of road:True   Total T: 102243 Episode Num: 224 Episode T: 96 Reward: 77.181 Cost: 3.000
arrive destination: True ,out of road:False   Total T: 102573 Episode Num: 225 Episode T: 330 Reward: 287.212 Cost: 9.000
arrive destination: False ,out of road:True   Total T: 102708 Episode Num: 226 Episode T: 135 Reward: 138.289 Cost: 1.000
arrive destination: False ,out of road:False   Total T: 103708 Episode Num: 227 Episode T: 1000 Reward: 280.322 Cost: 14.000
arrive destination: False ,out of road:False   Total T: 104708 Episode Num: 228 Episode T: 1000 Reward: 71.179 Cost: 7.000
arrive destination: True ,out of road:False   Total T: 105565 Episode Num: 229 Episode T: 857 Reward: 415.150 Cost: 19.000
arrive destination: True ,out of road:False   Total T: 106080 Episode Num: 230 Episode T: 515 Reward: 376.686 Cost: 7.000
arrive destination: False ,out of road:True   Total T: 106177 Episode Num: 231 Episode T: 97 Reward: 76.421 Cost: 2.000
arrive destination: True ,out of road:False   Total T: 106366 Episode Num: 232 Episode T: 189 Reward: 268.551 Cost: 0.000
arrive destination: False ,out of road:True   Total T: 106552 Episode Num: 233 Episode T: 186 Reward: 140.256 Cost: 3.000
arrive destination: True ,out of road:False   Total T: 107083 Episode Num: 234 Episode T: 531 Reward: 371.366 Cost: 3.000
arrive destination: True ,out of road:False   Total T: 107601 Episode Num: 235 Episode T: 518 Reward: 410.526 Cost: 1.000
arrive destination: True ,out of road:False   Total T: 108293 Episode Num: 236 Episode T: 692 Reward: 497.845 Cost: 14.000
arrive destination: True ,out of road:False   Total T: 108696 Episode Num: 237 Episode T: 403 Reward: 354.956 Cost: 1.000
arrive destination: True ,out of road:False   Total T: 109187 Episode Num: 238 Episode T: 491 Reward: 336.137 Cost: 15.000
arrive destination: True ,out of road:False   Total T: 109712 Episode Num: 239 Episode T: 525 Reward: 411.557 Cost: 11.000
---------------------------------------
Evaluation over 20 episodes: 0.400 Cost 9.550.             SafeRL used : use_epo
---------------------------------------
[34;1m
Time: 2026-06-29 13:52:10, Time spent from previous logger: 160.220 s[0m
[34;1mCustomLogger with fileds: ['total_steps', 'EpRet', 'EpCost', 'CostRate'][0m
[34;1mfieldvalues: [110000, 0.4, 9.55, 0.015300139092173565]
[0m
arrive destination: True ,out of road:False   Total T: 110547 Episode Num: 240 Episode T: 835 Reward: 634.806 Cost: 7.000
arrive destination: False ,out of road:True   Total T: 110853 Episode Num: 241 Episode T: 306 Reward: 289.181 Cost: 1.000
arrive destination: True ,out of road:False   Total T: 111358 Episode Num: 242 Episode T: 505 Reward: 373.100 Cost: 10.000
arrive destination: True ,out of road:False   Total T: 111602 Episode Num: 243 Episode T: 244 Reward: 245.880 Cost: 0.000
arrive destination: False ,out of road:True   Total T: 111700 Episode Num: 244 Episode T: 98 Reward: 71.881 Cost: 4.000
arrive destination: True ,out of road:False   Total T: 111903 Episode Num: 245 Episode T: 203 Reward: 269.399 Cost: 0.000
arrive destination: False ,out of road:False   Total T: 112903 Episode Num: 246 Episode T: 1000 Reward: 480.358 Cost: 20.000
arrive destination: False ,out of road:False   Total T: 113903 Episode Num: 247 Episode T: 1000 Reward: 120.443 Cost: 15.000
arrive destination: True ,out of road:False   Total T: 114250 Episode Num: 248 Episode T: 347 Reward: 274.974 Cost: 3.000
arrive destination: True ,out of road:False   Total T: 114454 Episode Num: 249 Episode T: 204 Reward: 268.509 Cost: 0.000
arrive destination: False ,out of road:True   Total T: 114550 Episode Num: 250 Episode T: 96 Reward: 69.254 Cost: 5.000
arrive destination: True ,out of road:False   Total T: 115075 Episode Num: 251 Episode T: 525 Reward: 336.213 Cost: 18.000
arrive destination: True ,out of road:False   Total T: 115495 Episode Num: 252 Episode T: 420 Reward: 400.339 Cost: 0.000
arrive destination: True ,out of road:False   Total T: 115741 Episode Num: 253 Episode T: 246 Reward: 247.358 Cost: 0.000
arrive destination: True ,out of road:False   Total T: 116223 Episode Num: 254 Episode T: 482 Reward: 378.388 Cost: 6.000
arrive destination: True ,out of road:False   Total T: 116471 Episode Num: 255 Episode T: 248 Reward: 247.063 Cost: 0.000
arrive destination: True ,out of road:False   Total T: 116896 Episode Num: 256 Episode T: 425 Reward: 287.648 Cost: 5.000
arrive destination: True ,out of road:False   Total T: 117365 Episode Num: 257 Episode T: 469 Reward: 336.084 Cost: 6.000
arrive destination: True ,out of road:False   Total T: 117636 Episode Num: 258 Episode T: 271 Reward: 233.180 Cost: 7.000
arrive destination: True ,out of road:False   Total T: 118019 Episode Num: 259 Episode T: 383 Reward: 356.766 Cost: 1.000
arrive destination: True ,out of road:False   Total T: 118518 Episode Num: 260 Episode T: 499 Reward: 335.921 Cost: 28.000
arrive destination: True ,out of road:False   Total T: 118876 Episode Num: 261 Episode T: 358 Reward: 272.509 Cost: 4.000
arrive destination: True ,out of road:False   Total T: 119210 Episode Num: 262 Episode T: 334 Reward: 281.611 Cost: 3.000
arrive destination: True ,out of road:False   Total T: 119890 Episode Num: 263 Episode T: 680 Reward: 336.365 Cost: 2.000
---------------------------------------
Evaluation over 20 episodes: 0.600 Cost 11.700.             SafeRL used : use_epo
---------------------------------------
[34;1m
Time: 2026-06-29 13:54:45, Time spent from previous logger: 154.793 s[0m
[34;1mCustomLogger with fileds: ['total_steps', 'EpRet', 'EpCost', 'CostRate'][0m
[34;1mfieldvalues: [120000, 0.6, 11.7, 0.015266793889949082]
[0m
arrive destination: False ,out of road:True   Total T: 120150 Episode Num: 264 Episode T: 260 Reward: 233.933 Cost: 6.000
arrive destination: True ,out of road:False   Total T: 120896 Episode Num: 265 Episode T: 746 Reward: 296.317 Cost: 152.000
arrive destination: True ,out of road:False   Total T: 121133 Episode Num: 266 Episode T: 237 Reward: 233.603 Cost: 11.000
arrive destination: True ,out of road:False   Total T: 121609 Episode Num: 267 Episode T: 476 Reward: 379.115 Cost: 15.000
arrive destination: True ,out of road:False   Total T: 122037 Episode Num: 268 Episode T: 428 Reward: 359.597 Cost: 11.000
arrive destination: True ,out of road:False   Total T: 122900 Episode Num: 269 Episode T: 863 Reward: 516.053 Cost: 37.000
arrive destination: False ,out of road:False   Total T: 123900 Episode Num: 270 Episode T: 1000 Reward: 70.560 Cost: 30.000
arrive destination: True ,out of road:False   Total T: 124317 Episode Num: 271 Episode T: 417 Reward: 356.470 Cost: 1.000
arrive destination: False ,out of road:True   Total T: 124415 Episode Num: 272 Episode T: 98 Reward: 70.831 Cost: 5.000
arrive destination: True ,out of road:False   Total T: 124971 Episode Num: 273 Episode T: 556 Reward: 398.336 Cost: 20.000
arrive destination: True ,out of road:False   Total T: 125452 Episode Num: 274 Episode T: 481 Reward: 370.578 Cost: 1.000
arrive destination: True ,out of road:False   Total T: 125662 Episode Num: 275 Episode T: 210 Reward: 269.344 Cost: 0.000
arrive destination: True ,out of road:False   Total T: 126108 Episode Num: 276 Episode T: 446 Reward: 377.691 Cost: 17.000
arrive destination: True ,out of road:False   Total T: 126482 Episode Num: 277 Episode T: 374 Reward: 281.264 Cost: 4.000
arrive destination: True ,out of road:False   Total T: 126818 Episode Num: 278 Episode T: 336 Reward: 294.309 Cost: 8.000
arrive destination: True ,out of road:False   Total T: 127063 Episode Num: 279 Episode T: 245 Reward: 231.640 Cost: 0.000
arrive destination: True ,out of road:False   Total T: 127262 Episode Num: 280 Episode T: 199 Reward: 269.547 Cost: 0.000
arrive destination: True ,out of road:False   Total T: 127601 Episode Num: 281 Episode T: 339 Reward: 272.269 Cost: 5.000
arrive destination: True ,out of road:False   Total T: 127915 Episode Num: 282 Episode T: 314 Reward: 232.516 Cost: 0.000
arrive destination: True ,out of road:False   Total T: 128147 Episode Num: 283 Episode T: 232 Reward: 247.834 Cost: 0.000
arrive destination: True ,out of road:False   Total T: 128693 Episode Num: 284 Episode T: 546 Reward: 336.310 Cost: 20.000
arrive destination: True ,out of road:False   Total T: 128881 Episode Num: 285 Episode T: 188 Reward: 268.551 Cost: 0.000
arrive destination: True ,out of road:False   Total T: 129138 Episode Num: 286 Episode T: 257 Reward: 232.995 Cost: 5.000
arrive destination: True ,out of road:False   Total T: 129341 Episode Num: 287 Episode T: 203 Reward: 269.380 Cost: 0.000
arrive destination: True ,out of road:False   Total T: 129873 Episode Num: 288 Episode T: 532 Reward: 471.439 Cost: 0.000
---------------------------------------
Evaluation over 20 episodes: 0.850 Cost 9.150.             SafeRL used : use_epo
---------------------------------------
[34;1m
Time: 2026-06-29 13:57:21, Time spent from previous logger: 156.255 s[0m
[34;1mCustomLogger with fileds: ['total_steps', 'EpRet', 'EpCost', 'CostRate'][0m
[34;1mfieldvalues: [130000, 0.85, 9.15, 0.016738590296848436]
[0m
arrive destination: True ,out of road:False   Total T: 130641 Episode Num: 289 Episode T: 768 Reward: 615.344 Cost: 16.000
arrive destination: True ,out of road:False   Total T: 131208 Episode Num: 290 Episode T: 567 Reward: 496.768 Cost: 7.000
arrive destination: True ,out of road:False   Total T: 132185 Episode Num: 291 Episode T: 977 Reward: 510.282 Cost: 7.000
arrive destination: False ,out of road:True   Total T: 132326 Episode Num: 292 Episode T: 141 Reward: 133.675 Cost: 1.000
arrive destination: True ,out of road:False   Total T: 132660 Episode Num: 293 Episode T: 334 Reward: 269.954 Cost: 1.000
arrive destination: True ,out of road:False   Total T: 133214 Episode Num: 294 Episode T: 554 Reward: 471.445 Cost: 4.000
arrive destination: True ,out of road:False   Total T: 133458 Episode Num: 295 Episode T: 244 Reward: 246.786 Cost: 0.000
arrive destination: True ,out of road:False   Total T: 134294 Episode Num: 296 Episode T: 836 Reward: 418.700 Cost: 28.000
arrive destination: False ,out of road:True   Total T: 134507 Episode Num: 297 Episode T: 213 Reward: 122.366 Cost: 3.000
arrive destination: True ,out of road:False   Total T: 134957 Episode Num: 298 Episode T: 450 Reward: 335.798 Cost: 7.000
arrive destination: True ,out of road:False   Total T: 135189 Episode Num: 299 Episode T: 232 Reward: 245.538 Cost: 0.000
arrive destination: True ,out of road:False   Total T: 135439 Episode Num: 300 Episode T: 250 Reward: 244.571 Cost: 0.000
arrive destination: True ,out of road:False   Total T: 135785 Episode Num: 301 Episode T: 346 Reward: 294.733 Cost: 7.000
arrive destination: True ,out of road:False   Total T: 136025 Episode Num: 302 Episode T: 240 Reward: 245.912 Cost: 0.000
arrive destination: True ,out of road:False   Total T: 136901 Episode Num: 303 Episode T: 876 Reward: 514.338 Cost: 10.000
arrive destination: True ,out of road:False   Total T: 137418 Episode Num: 304 Episode T: 517 Reward: 335.966 Cost: 18.000
arrive destination: True ,out of road:False   Total T: 137812 Episode Num: 305 Episode T: 394 Reward: 289.791 Cost: 16.000
arrive destination: True ,out of road:False   Total T: 138057 Episode Num: 306 Episode T: 245 Reward: 247.148 Cost: 0.000
arrive destination: True ,out of road:False   Total T: 138340 Episode Num: 307 Episode T: 283 Reward: 271.641 Cost: 3.000
arrive destination: True ,out of road:False   Total T: 138694 Episode Num: 308 Episode T: 354 Reward: 268.291 Cost: 2.000
arrive destination: False ,out of road:True   Total T: 139359 Episode Num: 309 Episode T: 665 Reward: 349.378 Cost: 11.000
arrive destination: True ,out of road:False   Total T: 139757 Episode Num: 310 Episode T: 398 Reward: 354.405 Cost: 5.000
---------------------------------------
Evaluation over 20 episodes: 0.700 Cost 10.750.             SafeRL used : use_epo
---------------------------------------
[34;1m
Time: 2026-06-29 14:00:14, Time spent from previous logger: 173.328 s[0m
[34;1mCustomLogger with fileds: ['total_steps', 'EpRet', 'EpCost', 'CostRate'][0m
[34;1mfieldvalues: [140000, 0.7, 10.75, 0.016628690204930036]
[0m
arrive destination: True ,out of road:False   Total T: 140352 Episode Num: 311 Episode T: 595 Reward: 495.359 Cost: 12.000
arrive destination: False ,out of road:True   Total T: 140554 Episode Num: 312 Episode T: 202 Reward: 208.519 Cost: 4.000
arrive destination: True ,out of road:False   Total T: 140842 Episode Num: 313 Episode T: 288 Reward: 277.927 Cost: 2.000
arrive destination: True ,out of road:False   Total T: 141054 Episode Num: 314 Episode T: 212 Reward: 269.652 Cost: 0.000
arrive destination: True ,out of road:False   Total T: 141424 Episode Num: 315 Episode T: 370 Reward: 294.782 Cost: 8.000
arrive destination: True ,out of road:False   Total T: 141810 Episode Num: 316 Episode T: 386 Reward: 356.331 Cost: 3.000
arrive destination: True ,out of road:False   Total T: 142116 Episode Num: 317 Episode T: 306 Reward: 295.165 Cost: 0.000
arrive destination: True ,out of road:False   Total T: 142633 Episode Num: 318 Episode T: 517 Reward: 396.500 Cost: 33.000
arrive destination: True ,out of road:False   Total T: 143011 Episode Num: 319 Episode T: 378 Reward: 270.065 Cost: 5.000
arrive destination: True ,out of road:False   Total T: 143541 Episode Num: 320 Episode T: 530 Reward: 410.466 Cost: 10.000
arrive destination: True ,out of road:False   Total T: 143931 Episode Num: 321 Episode T: 390 Reward: 405.102 Cost: 0.000
arrive destination: True ,out of road:False   Total T: 144434 Episode Num: 322 Episode T: 503 Reward: 397.953 Cost: 8.000
arrive destination: True ,out of road:False   Total T: 144862 Episode Num: 323 Episode T: 428 Reward: 377.699 Cost: 12.000
arrive destination: True ,out of road:False   Total T: 145152 Episode Num: 324 Episode T: 290 Reward: 272.778 Cost: 5.000
arrive destination: False ,out of road:True   Total T: 145175 Episode Num: 325 Episode T: 23 Reward: -2.798 Cost: 1.000
arrive destination: False ,out of road:True   Total T: 145274 Episode Num: 326 Episode T: 99 Reward: 77.548 Cost: 4.000
arrive destination: True ,out of road:False   Total T: 145663 Episode Num: 327 Episode T: 389 Reward: 267.736 Cost: 4.000
arrive destination: True ,out of road:False   Total T: 145898 Episode Num: 328 Episode T: 235 Reward: 245.619 Cost: 0.000
arrive destination: False ,out of road:False   Total T: 146898 Episode Num: 329 Episode T: 1000 Reward: 272.090 Cost: 7.000
arrive destination: True ,out of road:False   Total T: 147243 Episode Num: 330 Episode T: 345 Reward: 294.484 Cost: 12.000
arrive destination: True ,out of road:False   Total T: 147525 Episode Num: 331 Episode T: 282 Reward: 234.281 Cost: 3.000
arrive destination: False ,out of road:True   Total T: 147624 Episode Num: 332 Episode T: 99 Reward: 82.748 Cost: 2.000
arrive destination: False ,out of road:False   Total T: 148624 Episode Num: 333 Episode T: 1000 Reward: 233.268 Cost: 18.000
arrive destination: True ,out of road:False   Total T: 148927 Episode Num: 334 Episode T: 303 Reward: 269.561 Cost: 5.000
arrive destination: True ,out of road:False   Total T: 149182 Episode Num: 335 Episode T: 255 Reward: 233.532 Cost: 0.000
arrive destination: True ,out of road:False   Total T: 149600 Episode Num: 336 Episode T: 418 Reward: 336.454 Cost: 7.000
arrive destination: False ,out of road:True   Total T: 149696 Episode Num: 337 Episode T: 96 Reward: 77.201 Cost: 4.000
arrive destination: True ,out of road:False   Total T: 149932 Episode Num: 338 Episode T: 236 Reward: 243.810 Cost: 0.000
---------------------------------------
Evaluation over 20 episodes: 0.950 Cost 14.950.             SafeRL used : use_epo
---------------------------------------
[34;1m
Time: 2026-06-29 14:02:51, Time spent from previous logger: 156.975 s[0m
[34;1mCustomLogger with fileds: ['total_steps', 'EpRet', 'EpCost', 'CostRate'][0m
[34;1mfieldvalues: [150000, 0.95, 14.95, 0.016606777378515857]
[0m
arrive destination: True ,out of road:False   Total T: 150308 Episode Num: 339 Episode T: 376 Reward: 333.001 Cost: 2.000
arrive destination: True ,out of road:False   Total T: 150765 Episode Num: 340 Episode T: 457 Reward: 397.355 Cost: 10.000
arrive destination: True ,out of road:False   Total T: 151357 Episode Num: 341 Episode T: 592 Reward: 408.315 Cost: 14.000
arrive destination: True ,out of road:False   Total T: 152219 Episode Num: 342 Episode T: 862 Reward: 515.012 Cost: 16.000
arrive destination: True ,out of road:False   Total T: 152471 Episode Num: 343 Episode T: 252 Reward: 233.706 Cost: 0.000
arrive destination: True ,out of road:False   Total T: 152881 Episode Num: 344 Episode T: 410 Reward: 356.968 Cost: 11.000
arrive destination: True ,out of road:False   Total T: 153145 Episode Num: 345 Episode T: 264 Reward: 232.556 Cost: 4.000
arrive destination: True ,out of road:False   Total T: 154033 Episode Num: 346 Episode T: 888 Reward: 514.740 Cost: 10.000
arrive destination: False ,out of road:True   Total T: 154248 Episode Num: 347 Episode T: 215 Reward: 172.975 Cost: 12.000
arrive destination: True ,out of road:False   Total T: 154486 Episode Num: 348 Episode T: 238 Reward: 243.999 Cost: 0.000
arrive destination: True ,out of road:False   Total T: 154994 Episode Num: 349 Episode T: 508 Reward: 372.107 Cost: 1.000
arrive destination: True ,out of road:False   Total T: 155300 Episode Num: 350 Episode T: 306 Reward: 295.123 Cost: 7.000
arrive destination: True ,out of road:False   Total T: 155717 Episode Num: 351 Episode T: 417 Reward: 335.935 Cost: 4.000
arrive destination: True ,out of road:False   Total T: 156186 Episode Num: 352 Episode T: 469 Reward: 377.843 Cost: 15.000
arrive destination: True ,out of road:False   Total T: 156393 Episode Num: 353 Episode T: 207 Reward: 269.187 Cost: 0.000
arrive destination: True ,out of road:False   Total T: 156738 Episode Num: 354 Episode T: 345 Reward: 268.920 Cost: 8.000
arrive destination: True ,out of road:False   Total T: 157125 Episode Num: 355 Episode T: 387 Reward: 294.737 Cost: 15.000
arrive destination: False ,out of road:True   Total T: 157529 Episode Num: 356 Episode T: 404 Reward: 277.357 Cost: 25.000
arrive destination: True ,out of road:False   Total T: 157777 Episode Num: 357 Episode T: 248 Reward: 246.231 Cost: 0.000
arrive destination: True ,out of road:False   Total T: 158164 Episode Num: 358 Episode T: 387 Reward: 294.632 Cost: 6.000
arrive destination: True ,out of road:False   Total T: 158843 Episode Num: 359 Episode T: 679 Reward: 419.180 Cost: 13.000
arrive destination: True ,out of road:False   Total T: 159117 Episode Num: 360 Episode T: 274 Reward: 295.701 Cost: 7.000
arrive destination: False ,out of road:True   Total T: 159273 Episode Num: 361 Episode T: 156 Reward: 159.325 Cost: 3.000
arrive destination: True ,out of road:False   Total T: 159572 Episode Num: 362 Episode T: 299 Reward: 295.956 Cost: 10.000
arrive destination: False ,out of road:True   Total T: 159727 Episode Num: 363 Episode T: 155 Reward: 163.161 Cost: 1.000
---------------------------------------
Evaluation over 20 episodes: 0.650 Cost 7.400.             SafeRL used : use_epo
---------------------------------------
[34;1m
Time: 2026-06-29 14:05:29, Time spent from previous logger: 157.085 s[0m
[34;1mCustomLogger with fileds: ['total_steps', 'EpRet', 'EpCost', 'CostRate'][0m
[34;1mfieldvalues: [160000, 0.65, 7.4, 0.016787604922530765]
[0m
arrive destination: True ,out of road:False   Total T: 160366 Episode Num: 364 Episode T: 639 Reward: 506.320 Cost: 17.000
arrive destination: False ,out of road:True   Total T: 160923 Episode Num: 365 Episode T: 557 Reward: 389.585 Cost: 29.000
arrive destination: False ,out of road:True   Total T: 161164 Episode Num: 366 Episode T: 241 Reward: 208.777 Cost: 7.000
arrive destination: True ,out of road:False   Total T: 161590 Episode Num: 367 Episode T: 426 Reward: 335.890 Cost: 5.000
arrive destination: False ,out of road:True   Total T: 161771 Episode Num: 368 Episode T: 181 Reward: 174.262 Cost: 1.000
arrive destination: True ,out of road:False   Total T: 162104 Episode Num: 369 Episode T: 333 Reward: 295.385 Cost: 7.000
arrive destination: True ,out of road:False   Total T: 162336 Episode Num: 370 Episode T: 232 Reward: 243.111 Cost: 0.000
arrive destination: True ,out of road:False   Total T: 162565 Episode Num: 371 Episode T: 229 Reward: 245.345 Cost: 0.000
arrive destination: True ,out of road:False   Total T: 163148 Episode Num: 372 Episode T: 583 Reward: 470.427 Cost: 13.000
arrive destination: True ,out of road:False   Total T: 163975 Episode Num: 373 Episode T: 827 Reward: 514.158 Cost: 17.000
arrive destination: False ,out of road:True   Total T: 164043 Episode Num: 374 Episode T: 68 Reward: 36.998 Cost: 1.000
arrive destination: True ,out of road:False   Total T: 164873 Episode Num: 375 Episode T: 830 Reward: 498.361 Cost: 30.000
arrive destination: False ,out of road:True   Total T: 165276 Episode Num: 376 Episode T: 403 Reward: 51.972 Cost: 5.000
arrive destination: False ,out of road:True   Total T: 165617 Episode Num: 377 Episode T: 341 Reward: 363.027 Cost: 6.000
arrive destination: False ,out of road:True   Total T: 165729 Episode Num: 378 Episode T: 112 Reward: 81.568 Cost: 1.000
arrive destination: False ,out of road:True   Total T: 165884 Episode Num: 379 Episode T: 155 Reward: 161.509 Cost: 1.000
arrive destination: True ,out of road:False   Total T: 166148 Episode Num: 380 Episode T: 264 Reward: 233.275 Cost: 4.000
arrive destination: False ,out of road:True   Total T: 166589 Episode Num: 381 Episode T: 441 Reward: 284.628 Cost: 10.000
arrive destination: True ,out of road:False   Total T: 166876 Episode Num: 382 Episode T: 287 Reward: 269.993 Cost: 4.000
arrive destination: True ,out of road:False   Total T: 167374 Episode Num: 383 Episode T: 498 Reward: 378.973 Cost: 6.000
arrive destination: False ,out of road:True   Total T: 167667 Episode Num: 384 Episode T: 293 Reward: 284.725 Cost: 4.000
arrive destination: False ,out of road:True   Total T: 167835 Episode Num: 385 Episode T: 168 Reward: 159.698 Cost: 4.000
arrive destination: True ,out of road:False   Total T: 168207 Episode Num: 386 Episode T: 372 Reward: 268.212 Cost: 8.000
arrive destination: True ,out of road:False   Total T: 168505 Episode Num: 387 Episode T: 298 Reward: 268.825 Cost: 7.000
arrive destination: False ,out of road:True   Total T: 168809 Episode Num: 388 Episode T: 304 Reward: 226.413 Cost: 12.000
arrive destination: False ,out of road:True   Total T: 168918 Episode Num: 389 Episode T: 109 Reward: 51.977 Cost: 10.000
arrive destination: True ,out of road:False   Total T: 169208 Episode Num: 390 Episode T: 290 Reward: 295.861 Cost: 3.000
arrive destination: False ,out of road:True   Total T: 169426 Episode Num: 391 Episode T: 218 Reward: 206.768 Cost: 1.000
arrive destination: True ,out of road:False   Total T: 169702 Episode Num: 392 Episode T: 276 Reward: 276.035 Cost: 3.000
arrive destination: True ,out of road:False   Total T: 169987 Episode Num: 393 Episode T: 285 Reward: 271.956 Cost: 4.000
---------------------------------------
Evaluation over 20 episodes: 0.850 Cost 14.450.             SafeRL used : use_epo
---------------------------------------
[34;1m
Time: 2026-06-29 14:08:12, Time spent from previous logger: 163.155 s[0m
[34;1mCustomLogger with fileds: ['total_steps', 'EpRet', 'EpCost', 'CostRate'][0m
[34;1mfieldvalues: [170000, 0.85, 14.45, 0.017088335813740082]
[0m
arrive destination: True ,out of road:False   Total T: 170288 Episode Num: 394 Episode T: 301 Reward: 233.686 Cost: 12.000
arrive destination: False ,out of road:True   Total T: 170601 Episode Num: 395 Episode T: 313 Reward: 256.158 Cost: 17.000
arrive destination: True ,out of road:False   Total T: 170908 Episode Num: 396 Episode T: 307 Reward: 296.145 Cost: 0.000
arrive destination: True ,out of road:False   Total T: 171264 Episode Num: 397 Episode T: 356 Reward: 267.909 Cost: 6.000
arrive destination: False ,out of road:True   Total T: 171349 Episode Num: 398 Episode T: 85 Reward: 56.017 Cost: 1.000
arrive destination: True ,out of road:False   Total T: 171736 Episode Num: 399 Episode T: 387 Reward: 355.016 Cost: 2.000
arrive destination: True ,out of road:False   Total T: 172448 Episode Num: 400 Episode T: 712 Reward: 493.984 Cost: 37.000
arrive destination: True ,out of road:False   Total T: 172872 Episode Num: 401 Episode T: 424 Reward: 376.928 Cost: 15.000
arrive destination: True ,out of road:False   Total T: 173492 Episode Num: 402 Episode T: 620 Reward: 470.315 Cost: 7.000
arrive destination: False ,out of road:False   Total T: 174492 Episode Num: 403 Episode T: 1000 Reward: 233.724 Cost: 19.000
arrive destination: False ,out of road:True   Total T: 174586 Episode Num: 404 Episode T: 94 Reward: 77.133 Cost: 4.000
arrive destination: True ,out of road:False   Total T: 174984 Episode Num: 405 Episode T: 398 Reward: 405.575 Cost: 0.000
arrive destination: True ,out of road:False   Total T: 175257 Episode Num: 406 Episode T: 273 Reward: 295.932 Cost: 9.000
arrive destination: False ,out of road:True   Total T: 175435 Episode Num: 407 Episode T: 178 Reward: 174.361 Cost: 1.000
arrive destination: True ,out of road:False   Total T: 176034 Episode Num: 408 Episode T: 599 Reward: 493.324 Cost: 7.000
arrive destination: True ,out of road:False   Total T: 176786 Episode Num: 409 Episode T: 752 Reward: 516.249 Cost: 19.000
arrive destination: False ,out of road:True   Total T: 176891 Episode Num: 410 Episode T: 105 Reward: 76.093 Cost: 5.000
arrive destination: False ,out of road:True   Total T: 176982 Episode Num: 411 Episode T: 91 Reward: 76.493 Cost: 4.000
arrive destination: False ,out of road:True   Total T: 177471 Episode Num: 412 Episode T: 489 Reward: 280.952 Cost: 10.000
arrive destination: False ,out of road:True   Total T: 177563 Episode Num: 413 Episode T: 92 Reward: 77.690 Cost: 4.000
arrive destination: False ,out of road:True   Total T: 177690 Episode Num: 414 Episode T: 127 Reward: 67.153 Cost: 16.000
arrive destination: False ,out of road:False   Total T: 178690 Episode Num: 415 Episode T: 1000 Reward: 467.820 Cost: 18.000
arrive destination: True ,out of road:False   Total T: 179206 Episode Num: 416 Episode T: 516 Reward: 369.234 Cost: 22.000
arrive destination: False ,out of road:True   Total T: 179321 Episode Num: 417 Episode T: 115 Reward: 107.697 Cost: 1.000
---------------------------------------
Evaluation over 20 episodes: 0.750 Cost 7.300.             SafeRL used : use_epo
---------------------------------------
[34;1m
Time: 2026-06-29 14:10:50, Time spent from previous logger: 158.518 s[0m
[34;1mCustomLogger with fileds: ['total_steps', 'EpRet', 'EpCost', 'CostRate'][0m
[34;1mfieldvalues: [180000, 0.75, 7.3, 0.01756120867338152]
[0m
arrive destination: False ,out of road:False   Total T: 180321 Episode Num: 418 Episode T: 1000 Reward: 760.031 Cost: 25.000
arrive destination: True ,out of road:False   Total T: 181045 Episode Num: 419 Episode T: 724 Reward: 418.565 Cost: 28.000
arrive destination: True ,out of road:False   Total T: 181426 Episode Num: 420 Episode T: 381 Reward: 402.059 Cost: 0.000
arrive destination: True ,out of road:False   Total T: 181878 Episode Num: 421 Episode T: 452 Reward: 377.648 Cost: 7.000
arrive destination: True ,out of road:False   Total T: 182210 Episode Num: 422 Episode T: 332 Reward: 267.519 Cost: 3.000
arrive destination: True ,out of road:False   Total T: 182744 Episode Num: 423 Episode T: 534 Reward: 336.280 Cost: 23.000
arrive destination: True ,out of road:False   Total T: 183121 Episode Num: 424 Episode T: 377 Reward: 294.665 Cost: 2.000
arrive destination: True ,out of road:False   Total T: 183542 Episode Num: 425 Episode T: 421 Reward: 357.614 Cost: 1.000
arrive destination: False ,out of road:True   Total T: 183713 Episode Num: 426 Episode T: 171 Reward: 145.758 Cost: 5.000
arrive destination: False ,out of road:False   Total T: 184713 Episode Num: 427 Episode T: 1000 Reward: 411.171 Cost: 31.000
arrive destination: True ,out of road:False   Total T: 184949 Episode Num: 428 Episode T: 236 Reward: 243.666 Cost: 0.000
arrive destination: True ,out of road:False   Total T: 185234 Episode Num: 429 Episode T: 285 Reward: 232.980 Cost: 0.000
arrive destination: True ,out of road:False   Total T: 185476 Episode Num: 430 Episode T: 242 Reward: 245.353 Cost: 0.000
arrive destination: False ,out of road:True   Total T: 185768 Episode Num: 431 Episode T: 292 Reward: 286.857 Cost: 1.000
arrive destination: False ,out of road:True   Total T: 186037 Episode Num: 432 Episode T: 269 Reward: 276.307 Cost: 9.000
arrive destination: False ,out of road:True   Total T: 186451 Episode Num: 433 Episode T: 414 Reward: 360.207 Cost: 21.000
arrive destination: True ,out of road:False   Total T: 187186 Episode Num: 434 Episode T: 735 Reward: 233.472 Cost: 3.000
arrive destination: True ,out of road:False   Total T: 187617 Episode Num: 435 Episode T: 431 Reward: 377.545 Cost: 7.000
arrive destination: True ,out of road:False   Total T: 188042 Episode Num: 436 Episode T: 425 Reward: 336.022 Cost: 3.000
arrive destination: False ,out of road:True   Total T: 188364 Episode Num: 437 Episode T: 322 Reward: 229.643 Cost: 4.000
arrive destination: True ,out of road:False   Total T: 188760 Episode Num: 438 Episode T: 396 Reward: 355.913 Cost: 5.000
arrive destination: True ,out of road:False   Total T: 189305 Episode Num: 439 Episode T: 545 Reward: 395.700 Cost: 16.000
arrive destination: False ,out of road:True   Total T: 189651 Episode Num: 440 Episode T: 346 Reward: 257.026 Cost: 6.000
---------------------------------------
Evaluation over 20 episodes: 0.700 Cost 13.700.             SafeRL used : use_epo
---------------------------------------
[34;1m
Time: 2026-06-29 14:13:34, Time spent from previous logger: 163.663 s[0m
[34;1mCustomLogger with fileds: ['total_steps', 'EpRet', 'EpCost', 'CostRate'][0m
[34;1mfieldvalues: [190000, 0.7, 13.7, 0.01758956626087506]
[0m
arrive destination: True ,out of road:False   Total T: 190631 Episode Num: 441 Episode T: 980 Reward: 747.252 Cost: 18.000
arrive destination: False ,out of road:True   Total T: 190728 Episode Num: 442 Episode T: 97 Reward: 70.069 Cost: 4.000
arrive destination: True ,out of road:False   Total T: 191023 Episode Num: 443 Episode T: 295 Reward: 233.138 Cost: 8.000
arrive destination: False ,out of road:True   Total T: 191127 Episode Num: 444 Episode T: 104 Reward: 73.499 Cost: 6.000
arrive destination: True ,out of road:False   Total T: 191330 Episode Num: 445 Episode T: 203 Reward: 269.491 Cost: 0.000
arrive destination: False ,out of road:True   Total T: 191427 Episode Num: 446 Episode T: 97 Reward: 77.349 Cost: 4.000
arrive destination: True ,out of road:False   Total T: 191694 Episode Num: 447 Episode T: 267 Reward: 294.850 Cost: 7.000
arrive destination: True ,out of road:False   Total T: 191937 Episode Num: 448 Episode T: 243 Reward: 247.801 Cost: 0.000
arrive destination: True ,out of road:False   Total T: 192256 Episode Num: 449 Episode T: 319 Reward: 274.693 Cost: 5.000
arrive destination: True ,out of road:False   Total T: 192735 Episode Num: 450 Episode T: 479 Reward: 336.056 Cost: 7.000
arrive destination: True ,out of road:False   Total T: 193025 Episode Num: 451 Episode T: 290 Reward: 233.102 Cost: 3.000
arrive destination: True ,out of road:False   Total T: 193296 Episode Num: 452 Episode T: 271 Reward: 295.699 Cost: 19.000
arrive destination: True ,out of road:False   Total T: 193877 Episode Num: 453 Episode T: 581 Reward: 470.278 Cost: 4.000
arrive destination: False ,out of road:True   Total T: 194226 Episode Num: 454 Episode T: 349 Reward: 279.277 Cost: 5.000
arrive destination: False ,out of road:True   Total T: 194676 Episode Num: 455 Episode T: 450 Reward: 408.932 Cost: 4.000
arrive destination: False ,out of road:True   Total T: 194906 Episode Num: 456 Episode T: 230 Reward: 170.204 Cost: 1.000
arrive destination: True ,out of road:False   Total T: 195151 Episode Num: 457 Episode T: 245 Reward: 243.968 Cost: 0.000
arrive destination: True ,out of road:False   Total T: 195574 Episode Num: 458 Episode T: 423 Reward: 355.419 Cost: 1.000
arrive destination: True ,out of road:False   Total T: 195991 Episode Num: 459 Episode T: 417 Reward: 355.888 Cost: 2.000
arrive destination: True ,out of road:False   Total T: 196680 Episode Num: 460 Episode T: 689 Reward: 370.072 Cost: 11.000
arrive destination: True ,out of road:False   Total T: 197333 Episode Num: 461 Episode T: 653 Reward: 511.945 Cost: 10.000
arrive destination: False ,out of road:True   Total T: 197581 Episode Num: 462 Episode T: 248 Reward: 195.487 Cost: 7.000
arrive destination: True ,out of road:False   Total T: 198091 Episode Num: 463 Episode T: 510 Reward: 469.809 Cost: 3.000
arrive destination: True ,out of road:False   Total T: 198287 Episode Num: 464 Episode T: 196 Reward: 269.419 Cost: 4.000
arrive destination: True ,out of road:False   Total T: 198784 Episode Num: 465 Episode T: 497 Reward: 365.634 Cost: 5.000
arrive destination: True ,out of road:False   Total T: 199394 Episode Num: 466 Episode T: 610 Reward: 495.027 Cost: 12.000
arrive destination: False ,out of road:True   Total T: 199711 Episode Num: 467 Episode T: 317 Reward: 208.535 Cost: 12.000
---------------------------------------
Evaluation over 20 episodes: 0.850 Cost 6.150.             SafeRL used : use_epo
---------------------------------------
[34;1m
Time: 2026-06-29 14:16:18, Time spent from previous logger: 163.701 s[0m
[34;1mCustomLogger with fileds: ['total_steps', 'EpRet', 'EpCost', 'CostRate'][0m
[34;1mfieldvalues: [200000, 0.85, 6.15, 0.017535087675438377]
[0m
arrive destination: False ,out of road:False   Total T: 200711 Episode Num: 468 Episode T: 1000 Reward: 670.490 Cost: 22.000
arrive destination: True ,out of road:False   Total T: 200987 Episode Num: 469 Episode T: 276 Reward: 233.400 Cost: 1.000
arrive destination: True ,out of road:False   Total T: 201294 Episode Num: 470 Episode T: 307 Reward: 271.270 Cost: 4.000
arrive destination: True ,out of road:False   Total T: 201730 Episode Num: 471 Episode T: 436 Reward: 335.544 Cost: 5.000
arrive destination: False ,out of road:True   Total T: 202330 Episode Num: 472 Episode T: 600 Reward: 353.089 Cost: 26.000
arrive destination: True ,out of road:False   Total T: 202596 Episode Num: 473 Episode T: 266 Reward: 295.520 Cost: 4.000
arrive destination: True ,out of road:False   Total T: 203287 Episode Num: 474 Episode T: 691 Reward: 494.109 Cost: 36.000
arrive destination: True ,out of road:False   Total T: 203553 Episode Num: 475 Episode T: 266 Reward: 295.413 Cost: 12.000
arrive destination: True ,out of road:False   Total T: 204018 Episode Num: 476 Episode T: 465 Reward: 378.249 Cost: 16.000
arrive destination: True ,out of road:False   Total T: 204467 Episode Num: 477 Episode T: 449 Reward: 336.029 Cost: 19.000
arrive destination: False ,out of road:False   Total T: 205467 Episode Num: 478 Episode T: 1000 Reward: 78.961 Cost: 35.000
arrive destination: True ,out of road:False   Total T: 205985 Episode Num: 479 Episode T: 518 Reward: 473.060 Cost: 8.000
arrive destination: True ,out of road:False   Total T: 206708 Episode Num: 480 Episode T: 723 Reward: 422.870 Cost: 39.000
arrive destination: True ,out of road:False   Total T: 207443 Episode Num: 481 Episode T: 735 Reward: 421.658 Cost: 17.000
arrive destination: False ,out of road:True   Total T: 207988 Episode Num: 482 Episode T: 545 Reward: 231.063 Cost: 21.000
arrive destination: True ,out of road:False   Total T: 208439 Episode Num: 483 Episode T: 451 Reward: 376.935 Cost: 18.000
arrive destination: True ,out of road:False   Total T: 208840 Episode Num: 484 Episode T: 401 Reward: 357.230 Cost: 1.000
arrive destination: True ,out of road:False   Total T: 209319 Episode Num: 485 Episode T: 479 Reward: 335.862 Cost: 7.000
arrive destination: True ,out of road:False   Total T: 209595 Episode Num: 486 Episode T: 276 Reward: 232.874 Cost: 0.000
arrive destination: True ,out of road:False   Total T: 209944 Episode Num: 487 Episode T: 349 Reward: 270.765 Cost: 2.000
---------------------------------------
Evaluation over 20 episodes: 0.600 Cost 8.150.             SafeRL used : use_epo
---------------------------------------
[34;1m
Time: 2026-06-29 14:19:02, Time spent from previous logger: 164.456 s[0m
[34;1mCustomLogger with fileds: ['total_steps', 'EpRet', 'EpCost', 'CostRate'][0m
[34;1mfieldvalues: [210000, 0.6, 8.15, 0.018076276553697875]
[0m
arrive destination: True ,out of road:False   Total T: 210291 Episode Num: 488 Episode T: 347 Reward: 306.935 Cost: 3.000
arrive destination: True ,out of road:False   Total T: 210742 Episode Num: 489 Episode T: 451 Reward: 398.634 Cost: 4.000
arrive destination: True ,out of road:False   Total T: 211137 Episode Num: 490 Episode T: 395 Reward: 400.620 Cost: 1.000
arrive destination: True ,out of road:False   Total T: 211729 Episode Num: 491 Episode T: 592 Reward: 466.241 Cost: 12.000
arrive destination: True ,out of road:False   Total T: 211968 Episode Num: 492 Episode T: 239 Reward: 246.432 Cost: 0.000
arrive destination: True ,out of road:False   Total T: 212440 Episode Num: 493 Episode T: 472 Reward: 336.393 Cost: 9.000
arrive destination: True ,out of road:False   Total T: 212648 Episode Num: 494 Episode T: 208 Reward: 268.887 Cost: 0.000
arrive destination: False ,out of road:True   Total T: 212787 Episode Num: 495 Episode T: 139 Reward: 144.580 Cost: 1.000
arrive destination: True ,out of road:False   Total T: 213172 Episode Num: 496 Episode T: 385 Reward: 370.455 Cost: 13.000
arrive destination: True ,out of road:False   Total T: 213517 Episode Num: 497 Episode T: 345 Reward: 277.575 Cost: 8.000
arrive destination: True ,out of road:False   Total T: 214027 Episode Num: 498 Episode T: 510 Reward: 371.756 Cost: 9.000
arrive destination: True ,out of road:False   Total T: 214588 Episode Num: 499 Episode T: 561 Reward: 409.062 Cost: 26.000
arrive destination: True ,out of road:False   Total T: 214856 Episode Num: 500 Episode T: 268 Reward: 233.107 Cost: 8.000
arrive destination: True ,out of road:False   Total T: 215108 Episode Num: 501 Episode T: 252 Reward: 248.290 Cost: 0.000
arrive destination: True ,out of road:False   Total T: 215525 Episode Num: 502 Episode T: 417 Reward: 370.875 Cost: 8.000
arrive destination: True ,out of road:False   Total T: 216102 Episode Num: 503 Episode T: 577 Reward: 409.231 Cost: 5.000
arrive destination: False ,out of road:True   Total T: 216221 Episode Num: 504 Episode T: 119 Reward: 84.390 Cost: 6.000
arrive destination: False ,out of road:True   Total T: 216406 Episode Num: 505 Episode T: 185 Reward: 138.289 Cost: 3.000
arrive destination: True ,out of road:False   Total T: 216691 Episode Num: 506 Episode T: 285 Reward: 232.698 Cost: 0.000
arrive destination: False ,out of road:False   Total T: 217691 Episode Num: 507 Episode T: 1000 Reward: 74.515 Cost: 33.000
arrive destination: True ,out of road:False   Total T: 218148 Episode Num: 508 Episode T: 457 Reward: 379.848 Cost: 12.000
arrive destination: False ,out of road:True   Total T: 218283 Episode Num: 509 Episode T: 135 Reward: 139.477 Cost: 1.000
arrive destination: True ,out of road:False   Total T: 218650 Episode Num: 510 Episode T: 367 Reward: 272.973 Cost: 2.000
arrive destination: True ,out of road:False   Total T: 219057 Episode Num: 511 Episode T: 407 Reward: 353.538 Cost: 1.000
arrive destination: True ,out of road:False   Total T: 219630 Episode Num: 512 Episode T: 573 Reward: 233.283 Cost: 5.000
arrive destination: True ,out of road:False   Total T: 219951 Episode Num: 513 Episode T: 321 Reward: 290.313 Cost: 0.000
---------------------------------------
Evaluation over 20 episodes: 0.700 Cost 5.300.             SafeRL used : use_epo
---------------------------------------
[34;1m
Time: 2026-06-29 14:21:37, Time spent from previous logger: 154.837 s[0m
[34;1mCustomLogger with fileds: ['total_steps', 'EpRet', 'EpCost', 'CostRate'][0m
[34;1mfieldvalues: [220000, 0.7, 5.3, 0.018027354669793955]
[0m
arrive destination: True ,out of road:False   Total T: 220339 Episode Num: 514 Episode T: 388 Reward: 315.143 Cost: 2.000
arrive destination: False ,out of road:True   Total T: 220428 Episode Num: 515 Episode T: 89 Reward: 68.440 Cost: 1.000
arrive destination: True ,out of road:False   Total T: 220814 Episode Num: 516 Episode T: 386 Reward: 392.115 Cost: 0.000
arrive destination: True ,out of road:False   Total T: 221380 Episode Num: 517 Episode T: 566 Reward: 494.902 Cost: 9.000
arrive destination: True ,out of road:False   Total T: 221729 Episode Num: 518 Episode T: 349 Reward: 294.426 Cost: 6.000
arrive destination: True ,out of road:False   Total T: 222121 Episode Num: 519 Episode T: 392 Reward: 394.502 Cost: 0.000
arrive destination: True ,out of road:False   Total T: 222384 Episode Num: 520 Episode T: 263 Reward: 295.258 Cost: 6.000
arrive destination: True ,out of road:False   Total T: 222910 Episode Num: 521 Episode T: 526 Reward: 400.471 Cost: 8.000
arrive destination: True ,out of road:False   Total T: 223234 Episode Num: 522 Episode T: 324 Reward: 280.261 Cost: 4.000
arrive destination: True ,out of road:False   Total T: 223808 Episode Num: 523 Episode T: 574 Reward: 409.171 Cost: 9.000
arrive destination: True ,out of road:False   Total T: 224404 Episode Num: 524 Episode T: 596 Reward: 409.010 Cost: 7.000
arrive destination: False ,out of road:True   Total T: 224632 Episode Num: 525 Episode T: 228 Reward: 197.764 Cost: 3.000
arrive destination: False ,out of road:False   Total T: 225632 Episode Num: 526 Episode T: 1000 Reward: 311.743 Cost: 15.000
arrive destination: True ,out of road:False   Total T: 225882 Episode Num: 527 Episode T: 250 Reward: 295.550 Cost: 5.000
arrive destination: True ,out of road:False   Total T: 226422 Episode Num: 528 Episode T: 540 Reward: 411.072 Cost: 6.000
arrive destination: True ,out of road:False   Total T: 227008 Episode Num: 529 Episode T: 586 Reward: 496.290 Cost: 34.000
arrive destination: True ,out of road:False   Total T: 227366 Episode Num: 530 Episode T: 358 Reward: 269.244 Cost: 0.000
arrive destination: True ,out of road:False   Total T: 227755 Episode Num: 531 Episode T: 389 Reward: 391.383 Cost: 0.000
arrive destination: False ,out of road:True   Total T: 228186 Episode Num: 532 Episode T: 431 Reward: 276.525 Cost: 11.000
arrive destination: True ,out of road:False   Total T: 228491 Episode Num: 533 Episode T: 305 Reward: 245.679 Cost: 0.000
arrive destination: True ,out of road:False   Total T: 228754 Episode Num: 534 Episode T: 263 Reward: 295.981 Cost: 4.000
arrive destination: True ,out of road:False   Total T: 229032 Episode Num: 535 Episode T: 278 Reward: 273.264 Cost: 3.000
arrive destination: True ,out of road:False   Total T: 229443 Episode Num: 536 Episode T: 411 Reward: 354.744 Cost: 3.000
arrive destination: True ,out of road:False   Total T: 229798 Episode Num: 537 Episode T: 355 Reward: 269.249 Cost: 2.000
---------------------------------------
Evaluation over 20 episodes: 0.850 Cost 6.250.             SafeRL used : use_epo
---------------------------------------
[34;1m
Time: 2026-06-29 14:24:19, Time spent from previous logger: 161.889 s[0m
[34;1mCustomLogger with fileds: ['total_steps', 'EpRet', 'EpCost', 'CostRate'][0m
[34;1mfieldvalues: [230000, 0.85, 6.25, 0.017843555841547138]
[0m
arrive destination: True ,out of road:False   Total T: 230235 Episode Num: 538 Episode T: 437 Reward: 431.291 Cost: 0.000
arrive destination: True ,out of road:False   Total T: 230991 Episode Num: 539 Episode T: 756 Reward: 515.649 Cost: 7.000
arrive destination: False ,out of road:True   Total T: 231092 Episode Num: 540 Episode T: 101 Reward: 77.612 Cost: 4.000
arrive destination: True ,out of road:False   Total T: 231650 Episode Num: 541 Episode T: 558 Reward: 416.190 Cost: 11.000
arrive destination: True ,out of road:False   Total T: 232225 Episode Num: 542 Episode T: 575 Reward: 409.635 Cost: 15.000
arrive destination: False ,out of road:True   Total T: 232328 Episode Num: 543 Episode T: 103 Reward: 77.366 Cost: 5.000
arrive destination: True ,out of road:False   Total T: 232806 Episode Num: 544 Episode T: 478 Reward: 379.089 Cost: 7.000
arrive destination: False ,out of road:True   Total T: 233128 Episode Num: 545 Episode T: 322 Reward: 233.025 Cost: 6.000
arrive destination: True ,out of road:False   Total T: 233692 Episode Num: 546 Episode T: 564 Reward: 466.607 Cost: 9.000
arrive destination: True ,out of road:False   Total T: 234252 Episode Num: 547 Episode T: 560 Reward: 410.284 Cost: 3.000
arrive destination: True ,out of road:False   Total T: 234580 Episode Num: 548 Episode T: 328 Reward: 288.902 Cost: 6.000
arrive destination: True ,out of road:False   Total T: 235306 Episode Num: 549 Episode T: 726 Reward: 419.188 Cost: 15.000
arrive destination: True ,out of road:False   Total T: 235504 Episode Num: 550 Episode T: 198 Reward: 268.668 Cost: 0.000
arrive destination: True ,out of road:False   Total T: 235821 Episode Num: 551 Episode T: 317 Reward: 279.222 Cost: 6.000
arrive destination: True ,out of road:False   Total T: 236620 Episode Num: 552 Episode T: 799 Reward: 419.889 Cost: 18.000
arrive destination: False ,out of road:True   Total T: 236849 Episode Num: 553 Episode T: 229 Reward: 173.576 Cost: 1.000
arrive destination: False ,out of road:True   Total T: 237151 Episode Num: 554 Episode T: 302 Reward: 136.850 Cost: 23.000
arrive destination: True ,out of road:False   Total T: 237611 Episode Num: 555 Episode T: 460 Reward: 378.050 Cost: 11.000
arrive destination: False ,out of road:True   Total T: 237744 Episode Num: 556 Episode T: 133 Reward: 133.196 Cost: 1.000
arrive destination: True ,out of road:False   Total T: 238093 Episode Num: 557 Episode T: 349 Reward: 269.839 Cost: 10.000
arrive destination: True ,out of road:False   Total T: 238605 Episode Num: 558 Episode T: 512 Reward: 400.155 Cost: 11.000
arrive destination: True ,out of road:False   Total T: 238834 Episode Num: 559 Episode T: 229 Reward: 241.719 Cost: 0.000
arrive destination: False ,out of road:True   Total T: 239321 Episode Num: 560 Episode T: 487 Reward: 325.665 Cost: 12.000
arrive destination: False ,out of road:True   Total T: 239519 Episode Num: 561 Episode T: 198 Reward: 153.753 Cost: 4.000
arrive destination: True ,out of road:False   Total T: 239723 Episode Num: 562 Episode T: 204 Reward: 269.791 Cost: 1.000
arrive destination: True ,out of road:False   Total T: 239983 Episode Num: 563 Episode T: 260 Reward: 295.806 Cost: 2.000
---------------------------------------
Evaluation over 20 episodes: 0.600 Cost 7.350.             SafeRL used : use_epo
---------------------------------------
[34;1m
Time: 2026-06-29 14:27:06, Time spent from previous logger: 166.853 s[0m
[34;1mCustomLogger with fileds: ['total_steps', 'EpRet', 'EpCost', 'CostRate'][0m
[34;1mfieldvalues: [240000, 0.6, 7.35, 0.017883407847532697]
[0m
arrive destination: False ,out of road:True   Total T: 240295 Episode Num: 564 Episode T: 312 Reward: 223.728 Cost: 2.000
arrive destination: True ,out of road:False   Total T: 241032 Episode Num: 565 Episode T: 737 Reward: 418.331 Cost: 12.000
arrive destination: True ,out of road:False   Total T: 241231 Episode Num: 566 Episode T: 199 Reward: 269.461 Cost: 0.000
arrive destination: True ,out of road:False   Total T: 241551 Episode Num: 567 Episode T: 320 Reward: 294.510 Cost: 2.000
arrive destination: True ,out of road:False   Total T: 241750 Episode Num: 568 Episode T: 199 Reward: 269.138 Cost: 0.000
arrive destination: False ,out of road:True   Total T: 242175 Episode Num: 569 Episode T: 425 Reward: 375.482 Cost: 1.000
arrive destination: True ,out of road:False   Total T: 242557 Episode Num: 570 Episode T: 382 Reward: 272.124 Cost: 2.000
arrive destination: False ,out of road:True   Total T: 242781 Episode Num: 571 Episode T: 224 Reward: 138.192 Cost: 14.000
arrive destination: True ,out of road:False   Total T: 243653 Episode Num: 572 Episode T: 872 Reward: 513.248 Cost: 10.000
arrive destination: True ,out of road:False   Total T: 244224 Episode Num: 573 Episode T: 571 Reward: 526.805 Cost: 7.000
arrive destination: True ,out of road:False   Total T: 244552 Episode Num: 574 Episode T: 328 Reward: 290.160 Cost: 15.000
arrive destination: True ,out of road:False   Total T: 244825 Episode Num: 575 Episode T: 273 Reward: 233.341 Cost: 0.000
arrive destination: True ,out of road:False   Total T: 245057 Episode Num: 576 Episode T: 232 Reward: 296.107 Cost: 1.000
arrive destination: False ,out of road:True   Total T: 245639 Episode Num: 577 Episode T: 582 Reward: 436.536 Cost: 6.000
arrive destination: True ,out of road:False   Total T: 246214 Episode Num: 578 Episode T: 575 Reward: 497.059 Cost: 13.000
arrive destination: False ,out of road:True   Total T: 246323 Episode Num: 579 Episode T: 109 Reward: 82.610 Cost: 1.000
arrive destination: True ,out of road:False   Total T: 246703 Episode Num: 580 Episode T: 380 Reward: 400.035 Cost: 0.000
arrive destination: True ,out of road:False   Total T: 246915 Episode Num: 581 Episode T: 212 Reward: 232.820 Cost: 0.000
arrive destination: True ,out of road:False   Total T: 247576 Episode Num: 582 Episode T: 661 Reward: 510.592 Cost: 11.000
arrive destination: True ,out of road:False   Total T: 247839 Episode Num: 583 Episode T: 263 Reward: 274.301 Cost: 6.000
arrive destination: True ,out of road:False   Total T: 248210 Episode Num: 584 Episode T: 371 Reward: 288.323 Cost: 15.000
arrive destination: False ,out of road:False   Total T: 249210 Episode Num: 585 Episode T: 1000 Reward: 67.927 Cost: 23.000
---------------------------------------
Evaluation over 20 episodes: 0.750 Cost 9.950.             SafeRL used : use_epo
---------------------------------------
[34;1m
Time: 2026-06-29 14:29:51, Time spent from previous logger: 165.797 s[0m
[34;1mCustomLogger with fileds: ['total_steps', 'EpRet', 'EpCost', 'CostRate'][0m
[34;1mfieldvalues: [250000, 0.75, 9.95, 0.017756071024284097]
[0m
arrive destination: False ,out of road:False   Total T: 250210 Episode Num: 586 Episode T: 1000 Reward: 301.193 Cost: 8.000
arrive destination: True ,out of road:False   Total T: 250715 Episode Num: 587 Episode T: 505 Reward: 409.225 Cost: 9.000
arrive destination: True ,out of road:False   Total T: 250931 Episode Num: 588 Episode T: 216 Reward: 244.106 Cost: 0.000
arrive destination: True ,out of road:False   Total T: 251200 Episode Num: 589 Episode T: 269 Reward: 295.835 Cost: 5.000
arrive destination: True ,out of road:False   Total T: 251551 Episode Num: 590 Episode T: 351 Reward: 271.718 Cost: 3.000
arrive destination: True ,out of road:False   Total T: 251936 Episode Num: 591 Episode T: 385 Reward: 294.292 Cost: 5.000
arrive destination: True ,out of road:False   Total T: 252161 Episode Num: 592 Episode T: 225 Reward: 240.989 Cost: 0.000
arrive destination: False ,out of road:True   Total T: 252655 Episode Num: 593 Episode T: 494 Reward: 268.370 Cost: 18.000
arrive destination: True ,out of road:False   Total T: 253172 Episode Num: 594 Episode T: 517 Reward: 473.984 Cost: 0.000
arrive destination: True ,out of road:False   Total T: 253729 Episode Num: 595 Episode T: 557 Reward: 493.141 Cost: 3.000
arrive destination: True ,out of road:False   Total T: 253967 Episode Num: 596 Episode T: 238 Reward: 249.159 Cost: 0.000
arrive destination: True ,out of road:False   Total T: 254319 Episode Num: 597 Episode T: 352 Reward: 291.384 Cost: 4.000
arrive destination: True ,out of road:False   Total T: 254830 Episode Num: 598 Episode T: 511 Reward: 468.358 Cost: 4.000
arrive destination: True ,out of road:False   Total T: 255319 Episode Num: 599 Episode T: 489 Reward: 472.179 Cost: 1.000
arrive destination: True ,out of road:False   Total T: 255730 Episode Num: 600 Episode T: 411 Reward: 355.855 Cost: 1.000
arrive destination: True ,out of road:False   Total T: 256303 Episode Num: 601 Episode T: 573 Reward: 395.711 Cost: 21.000
arrive destination: True ,out of road:False   Total T: 256612 Episode Num: 602 Episode T: 309 Reward: 270.191 Cost: 6.000
arrive destination: True ,out of road:False   Total T: 256930 Episode Num: 603 Episode T: 318 Reward: 278.583 Cost: 5.000
arrive destination: True ,out of road:False   Total T: 257355 Episode Num: 604 Episode T: 425 Reward: 373.368 Cost: 6.000
arrive destination: True ,out of road:False   Total T: 257761 Episode Num: 605 Episode T: 406 Reward: 374.351 Cost: 4.000
arrive destination: False ,out of road:True   Total T: 257870 Episode Num: 606 Episode T: 109 Reward: 77.481 Cost: 7.000
arrive destination: True ,out of road:False   Total T: 258202 Episode Num: 607 Episode T: 332 Reward: 280.704 Cost: 3.000
arrive destination: True ,out of road:False   Total T: 258751 Episode Num: 608 Episode T: 549 Reward: 474.476 Cost: 2.000
arrive destination: True ,out of road:False   Total T: 259255 Episode Num: 609 Episode T: 504 Reward: 409.041 Cost: 5.000
arrive destination: True ,out of road:False   Total T: 259634 Episode Num: 610 Episode T: 379 Reward: 401.255 Cost: 0.000
---------------------------------------
Evaluation over 20 episodes: 0.700 Cost 16.100.             SafeRL used : use_epo
---------------------------------------
[34;1m
Time: 2026-06-29 14:32:38, Time spent from previous logger: 166.471 s[0m
[34;1mCustomLogger with fileds: ['total_steps', 'EpRet', 'EpCost', 'CostRate'][0m
[34;1mfieldvalues: [260000, 0.7, 16.1, 0.017576990680733387]
[0m
arrive destination: True ,out of road:False   Total T: 260579 Episode Num: 611 Episode T: 945 Reward: 482.768 Cost: 21.000
arrive destination: True ,out of road:False   Total T: 260858 Episode Num: 612 Episode T: 279 Reward: 233.498 Cost: 2.000
arrive destination: True ,out of road:False   Total T: 261443 Episode Num: 613 Episode T: 585 Reward: 397.301 Cost: 12.000
arrive destination: True ,out of road:False   Total T: 261779 Episode Num: 614 Episode T: 336 Reward: 294.121 Cost: 13.000
arrive destination: True ,out of road:False   Total T: 262332 Episode Num: 615 Episode T: 553 Reward: 469.806 Cost: 6.000
arrive destination: True ,out of road:False   Total T: 262884 Episode Num: 616 Episode T: 552 Reward: 494.775 Cost: 1.000
arrive destination: True ,out of road:False   Total T: 263603 Episode Num: 617 Episode T: 719 Reward: 513.173 Cost: 28.000
arrive destination: False ,out of road:True   Total T: 263791 Episode Num: 618 Episode T: 188 Reward: 230.288 Cost: 1.000
arrive destination: True ,out of road:False   Total T: 264134 Episode Num: 619 Episode T: 343 Reward: 279.653 Cost: 3.000
arrive destination: True ,out of road:False   Total T: 264332 Episode Num: 620 Episode T: 198 Reward: 269.697 Cost: 1.000
arrive destination: True ,out of road:False   Total T: 264780 Episode Num: 621 Episode T: 448 Reward: 335.859 Cost: 15.000
arrive destination: True ,out of road:False   Total T: 265134 Episode Num: 622 Episode T: 354 Reward: 353.214 Cost: 8.000
arrive destination: True ,out of road:False   Total T: 265331 Episode Num: 623 Episode T: 197 Reward: 234.179 Cost: 2.000
arrive destination: True ,out of road:False   Total T: 265685 Episode Num: 624 Episode T: 354 Reward: 269.564 Cost: 6.000
arrive destination: True ,out of road:False   Total T: 265980 Episode Num: 625 Episode T: 295 Reward: 277.651 Cost: 0.000
arrive destination: True ,out of road:False   Total T: 266438 Episode Num: 626 Episode T: 458 Reward: 336.063 Cost: 12.000
arrive destination: True ,out of road:False   Total T: 266647 Episode Num: 627 Episode T: 209 Reward: 268.786 Cost: 0.000
arrive destination: True ,out of road:False   Total T: 267064 Episode Num: 628 Episode T: 417 Reward: 336.337 Cost: 12.000
arrive destination: True ,out of road:False   Total T: 267295 Episode Num: 629 Episode T: 231 Reward: 242.846 Cost: 0.000
arrive destination: True ,out of road:False   Total T: 267648 Episode Num: 630 Episode T: 353 Reward: 269.142 Cost: 2.000
arrive destination: True ,out of road:False   Total T: 268218 Episode Num: 631 Episode T: 570 Reward: 410.963 Cost: 17.000
arrive destination: True ,out of road:False   Total T: 268666 Episode Num: 632 Episode T: 448 Reward: 336.314 Cost: 17.000
arrive destination: True ,out of road:False   Total T: 269298 Episode Num: 633 Episode T: 632 Reward: 496.480 Cost: 12.000
arrive destination: True ,out of road:False   Total T: 269729 Episode Num: 634 Episode T: 431 Reward: 369.538 Cost: 5.000
---------------------------------------
Evaluation over 20 episodes: 0.550 Cost 9.450.             SafeRL used : use_epo
---------------------------------------
[34;1m
Time: 2026-06-29 14:35:25, Time spent from previous logger: 167.274 s[0m
[34;1mCustomLogger with fileds: ['total_steps', 'EpRet', 'EpCost', 'CostRate'][0m
[34;1mfieldvalues: [270000, 0.55, 9.45, 0.017596361468005438]
[0m
arrive destination: True ,out of road:False   Total T: 270227 Episode Num: 635 Episode T: 498 Reward: 511.177 Cost: 2.000
arrive destination: True ,out of road:False   Total T: 270839 Episode Num: 636 Episode T: 612 Reward: 509.864 Cost: 17.000
arrive destination: True ,out of road:False   Total T: 271469 Episode Num: 637 Episode T: 630 Reward: 419.487 Cost: 21.000
arrive destination: True ,out of road:False   Total T: 271977 Episode Num: 638 Episode T: 508 Reward: 375.168 Cost: 5.000
arrive destination: True ,out of road:False   Total T: 272197 Episode Num: 639 Episode T: 220 Reward: 242.616 Cost: 0.000
arrive destination: True ,out of road:False   Total T: 272569 Episode Num: 640 Episode T: 372 Reward: 294.249 Cost: 4.000
arrive destination: True ,out of road:False   Total T: 273105 Episode Num: 641 Episode T: 536 Reward: 405.412 Cost: 9.000
arrive destination: False ,out of road:True   Total T: 273212 Episode Num: 642 Episode T: 107 Reward: 84.424 Cost: 6.000
arrive destination: False ,out of road:False   Total T: 274212 Episode Num: 643 Episode T: 1000 Reward: 238.149 Cost: 2.000
arrive destination: True ,out of road:False   Total T: 274933 Episode Num: 644 Episode T: 721 Reward: 422.777 Cost: 46.000
arrive destination: True ,out of road:False   Total T: 275442 Episode Num: 645 Episode T: 509 Reward: 470.316 Cost: 2.000
arrive destination: True ,out of road:False   Total T: 275785 Episode Num: 646 Episode T: 343 Reward: 294.140 Cost: 3.000
arrive destination: True ,out of road:False   Total T: 276260 Episode Num: 647 Episode T: 475 Reward: 336.092 Cost: 10.000
arrive destination: True ,out of road:False   Total T: 276569 Episode Num: 648 Episode T: 309 Reward: 291.191 Cost: 2.000
arrive destination: True ,out of road:False   Total T: 277076 Episode Num: 649 Episode T: 507 Reward: 406.794 Cost: 7.000
arrive destination: True ,out of road:False   Total T: 277427 Episode Num: 650 Episode T: 351 Reward: 268.343 Cost: 7.000
arrive destination: True ,out of road:False   Total T: 277658 Episode Num: 651 Episode T: 231 Reward: 296.048 Cost: 0.000
arrive destination: True ,out of road:False   Total T: 277872 Episode Num: 652 Episode T: 214 Reward: 242.137 Cost: 0.000
arrive destination: True ,out of road:False   Total T: 278251 Episode Num: 653 Episode T: 379 Reward: 294.513 Cost: 19.000
arrive destination: True ,out of road:False   Total T: 278717 Episode Num: 654 Episode T: 466 Reward: 374.494 Cost: 11.000
arrive destination: True ,out of road:False   Total T: 278990 Episode Num: 655 Episode T: 273 Reward: 269.109 Cost: 4.000
arrive destination: True ,out of road:False   Total T: 279446 Episode Num: 656 Episode T: 456 Reward: 336.142 Cost: 11.000
arrive destination: True ,out of road:False   Total T: 279928 Episode Num: 657 Episode T: 482 Reward: 335.823 Cost: 4.000
---------------------------------------
Evaluation over 20 episodes: 0.600 Cost 6.300.             SafeRL used : use_epo
---------------------------------------
[34;1m
Time: 2026-06-29 14:38:01, Time spent from previous logger: 156.039 s[0m
[34;1mCustomLogger with fileds: ['total_steps', 'EpRet', 'EpCost', 'CostRate'][0m
[34;1mfieldvalues: [280000, 0.6, 6.3, 0.01764649159461284]
[0m
arrive destination: True ,out of road:False   Total T: 280348 Episode Num: 658 Episode T: 420 Reward: 322.972 Cost: 2.000
arrive destination: True ,out of road:False   Total T: 280632 Episode Num: 659 Episode T: 284 Reward: 271.897 Cost: 4.000
arrive destination: True ,out of road:False   Total T: 280824 Episode Num: 660 Episode T: 192 Reward: 268.710 Cost: 0.000
arrive destination: True ,out of road:False   Total T: 281031 Episode Num: 661 Episode T: 207 Reward: 269.081 Cost: 0.000
arrive destination: True ,out of road:False   Total T: 281221 Episode Num: 662 Episode T: 190 Reward: 270.011 Cost: 0.000
arrive destination: True ,out of road:False   Total T: 281685 Episode Num: 663 Episode T: 464 Reward: 379.168 Cost: 17.000
arrive destination: True ,out of road:False   Total T: 281905 Episode Num: 664 Episode T: 220 Reward: 245.049 Cost: 0.000
arrive destination: True ,out of road:False   Total T: 282110 Episode Num: 665 Episode T: 205 Reward: 232.822 Cost: 4.000
arrive destination: True ,out of road:False   Total T: 282362 Episode Num: 666 Episode T: 252 Reward: 268.974 Cost: 4.000
arrive destination: True ,out of road:False   Total T: 282609 Episode Num: 667 Episode T: 247 Reward: 232.666 Cost: 1.000
arrive destination: True ,out of road:False   Total T: 282854 Episode Num: 668 Episode T: 245 Reward: 233.773 Cost: 4.000
arrive destination: True ,out of road:False   Total T: 283371 Episode Num: 669 Episode T: 517 Reward: 409.661 Cost: 5.000
arrive destination: True ,out of road:False   Total T: 283880 Episode Num: 670 Episode T: 509 Reward: 472.489 Cost: 10.000
arrive destination: False ,out of road:True   Total T: 284273 Episode Num: 671 Episode T: 393 Reward: 275.247 Cost: 2.000
arrive destination: True ,out of road:False   Total T: 284589 Episode Num: 672 Episode T: 316 Reward: 268.701 Cost: 5.000
arrive destination: False ,out of road:True   Total T: 284860 Episode Num: 673 Episode T: 271 Reward: 191.546 Cost: 13.000
arrive destination: False ,out of road:True   Total T: 285029 Episode Num: 674 Episode T: 169 Reward: 77.123 Cost: 13.000
arrive destination: False ,out of road:True   Total T: 285168 Episode Num: 675 Episode T: 139 Reward: 115.353 Cost: 12.000
arrive destination: False ,out of road:True   Total T: 285296 Episode Num: 676 Episode T: 128 Reward: 138.842 Cost: 2.000
arrive destination: True ,out of road:False   Total T: 285558 Episode Num: 677 Episode T: 262 Reward: 270.712 Cost: 8.000
arrive destination: False ,out of road:True   Total T: 285756 Episode Num: 678 Episode T: 198 Reward: 153.699 Cost: 2.000
arrive destination: False ,out of road:True   Total T: 285848 Episode Num: 679 Episode T: 92 Reward: 79.051 Cost: 2.000
arrive destination: True ,out of road:False   Total T: 286419 Episode Num: 680 Episode T: 571 Reward: 294.880 Cost: 13.000
arrive destination: True ,out of road:False   Total T: 286698 Episode Num: 681 Episode T: 279 Reward: 275.375 Cost: 0.000
arrive destination: False ,out of road:True   Total T: 286794 Episode Num: 682 Episode T: 96 Reward: 81.681 Cost: 2.000
arrive destination: True ,out of road:False   Total T: 287019 Episode Num: 683 Episode T: 225 Reward: 245.347 Cost: 0.000
arrive destination: False ,out of road:True   Total T: 287293 Episode Num: 684 Episode T: 274 Reward: 251.442 Cost: 8.000
arrive destination: True ,out of road:False   Total T: 287696 Episode Num: 685 Episode T: 403 Reward: 354.464 Cost: 5.000
arrive destination: True ,out of road:False   Total T: 288141 Episode Num: 686 Episode T: 445 Reward: 401.264 Cost: 8.000
arrive destination: True ,out of road:False   Total T: 288737 Episode Num: 687 Episode T: 596 Reward: 491.254 Cost: 2.000
arrive destination: True ,out of road:False   Total T: 289151 Episode Num: 688 Episode T: 414 Reward: 354.097 Cost: 0.000
arrive destination: False ,out of road:True   Total T: 289394 Episode Num: 689 Episode T: 243 Reward: 193.199 Cost: 4.000
arrive destination: False ,out of road:True   Total T: 289583 Episode Num: 690 Episode T: 189 Reward: 191.080 Cost: 1.000
arrive destination: False ,out of road:True   Total T: 289712 Episode Num: 691 Episode T: 129 Reward: 137.635 Cost: 1.000
arrive destination: True ,out of road:False   Total T: 289905 Episode Num: 692 Episode T: 193 Reward: 233.389 Cost: 2.000
---------------------------------------
Evaluation over 20 episodes: 0.350 Cost 4.000.             SafeRL used : use_epo
---------------------------------------
[34;1m
Time: 2026-06-29 14:40:30, Time spent from previous logger: 148.966 s[0m
[34;1mCustomLogger with fileds: ['total_steps', 'EpRet', 'EpCost', 'CostRate'][0m
[34;1mfieldvalues: [290000, 0.35, 4.0, 0.017575922675595435]
[0m
arrive destination: True ,out of road:False   Total T: 290378 Episode Num: 693 Episode T: 473 Reward: 412.849 Cost: 8.000
arrive destination: False ,out of road:True   Total T: 290698 Episode Num: 694 Episode T: 320 Reward: 223.625 Cost: 5.000
arrive destination: True ,out of road:False   Total T: 291108 Episode Num: 695 Episode T: 410 Reward: 351.865 Cost: 0.000
arrive destination: False ,out of road:True   Total T: 291447 Episode Num: 696 Episode T: 339 Reward: 262.648 Cost: 3.000
arrive destination: True ,out of road:False   Total T: 291666 Episode Num: 697 Episode T: 219 Reward: 242.248 Cost: 0.000
arrive destination: True ,out of road:False   Total T: 292176 Episode Num: 698 Episode T: 510 Reward: 476.139 Cost: 5.000
arrive destination: False ,out of road:True   Total T: 292501 Episode Num: 699 Episode T: 325 Reward: 356.694 Cost: 9.000
arrive destination: True ,out of road:False   Total T: 292821 Episode Num: 700 Episode T: 320 Reward: 270.485 Cost: 9.000
arrive destination: True ,out of road:False   Total T: 293335 Episode Num: 701 Episode T: 514 Reward: 467.912 Cost: 1.000
arrive destination: True ,out of road:False   Total T: 293814 Episode Num: 702 Episode T: 479 Reward: 336.390 Cost: 23.000
arrive destination: True ,out of road:False   Total T: 294058 Episode Num: 703 Episode T: 244 Reward: 272.587 Cost: 2.000
arrive destination: True ,out of road:False   Total T: 294573 Episode Num: 704 Episode T: 515 Reward: 414.163 Cost: 7.000
arrive destination: True ,out of road:False   Total T: 294998 Episode Num: 705 Episode T: 425 Reward: 379.027 Cost: 12.000
arrive destination: True ,out of road:False   Total T: 295357 Episode Num: 706 Episode T: 359 Reward: 294.461 Cost: 6.000
arrive destination: True ,out of road:False   Total T: 295829 Episode Num: 707 Episode T: 472 Reward: 376.698 Cost: 17.000
arrive destination: True ,out of road:False   Total T: 296354 Episode Num: 708 Episode T: 525 Reward: 336.113 Cost: 28.000
arrive destination: True ,out of road:False   Total T: 296586 Episode Num: 709 Episode T: 232 Reward: 295.269 Cost: 6.000
arrive destination: True ,out of road:False   Total T: 296833 Episode Num: 710 Episode T: 247 Reward: 271.846 Cost: 0.000
arrive destination: True ,out of road:False   Total T: 297121 Episode Num: 711 Episode T: 288 Reward: 271.204 Cost: 8.000
arrive destination: True ,out of road:False   Total T: 297648 Episode Num: 712 Episode T: 527 Reward: 398.456 Cost: 5.000
arrive destination: True ,out of road:False   Total T: 297937 Episode Num: 713 Episode T: 289 Reward: 271.569 Cost: 1.000
arrive destination: True ,out of road:False   Total T: 298212 Episode Num: 714 Episode T: 275 Reward: 277.436 Cost: 0.000
arrive destination: True ,out of road:False   Total T: 299028 Episode Num: 715 Episode T: 816 Reward: 513.682 Cost: 13.000
arrive destination: False ,out of road:True   Total T: 299228 Episode Num: 716 Episode T: 200 Reward: 218.330 Cost: 6.000
arrive destination: True ,out of road:False   Total T: 299484 Episode Num: 717 Episode T: 256 Reward: 270.292 Cost: 3.000
arrive destination: False ,out of road:True   Total T: 299765 Episode Num: 718 Episode T: 281 Reward: 214.575 Cost: 1.000
---------------------------------------
Evaluation over 20 episodes: 0.550 Cost 5.150.             SafeRL used : use_epo
---------------------------------------
[34;1m
Time: 2026-06-29 14:43:06, Time spent from previous logger: 156.129 s[0m
[34;1mCustomLogger with fileds: ['total_steps', 'EpRet', 'EpCost', 'CostRate'][0m
[34;1mfieldvalues: [300000, 0.55, 5.15, 0.017600058666862223]
[0m
arrive destination: True ,out of road:False   Total T: 300336 Episode Num: 719 Episode T: 571 Reward: 396.582 Cost: 8.000
arrive destination: True ,out of road:False   Total T: 300852 Episode Num: 720 Episode T: 516 Reward: 396.462 Cost: 8.000
arrive destination: True ,out of road:False   Total T: 301259 Episode Num: 721 Episode T: 407 Reward: 353.825 Cost: 0.000
arrive destination: True ,out of road:False   Total T: 301560 Episode Num: 722 Episode T: 301 Reward: 288.570 Cost: 5.000
arrive destination: True ,out of road:False   Total T: 301939 Episode Num: 723 Episode T: 379 Reward: 403.327 Cost: 0.000
arrive destination: False ,out of road:True   Total T: 302034 Episode Num: 724 Episode T: 95 Reward: 78.772 Cost: 2.000
arrive destination: True ,out of road:False   Total T: 302487 Episode Num: 725 Episode T: 453 Reward: 376.819 Cost: 16.000
arrive destination: True ,out of road:False   Total T: 302960 Episode Num: 726 Episode T: 473 Reward: 475.572 Cost: 1.000
arrive destination: False ,out of road:True   Total T: 303055 Episode Num: 727 Episode T: 95 Reward: 77.709 Cost: 2.000
arrive destination: False ,out of road:True   Total T: 303273 Episode Num: 728 Episode T: 218 Reward: 176.685 Cost: 4.000
arrive destination: True ,out of road:False   Total T: 303576 Episode Num: 729 Episode T: 303 Reward: 278.878 Cost: 0.000
arrive destination: True ,out of road:False   Total T: 303806 Episode Num: 730 Episode T: 230 Reward: 295.853 Cost: 1.000
arrive destination: True ,out of road:False   Total T: 304312 Episode Num: 731 Episode T: 506 Reward: 323.156 Cost: 20.000
arrive destination: True ,out of road:False   Total T: 304647 Episode Num: 732 Episode T: 335 Reward: 272.032 Cost: 12.000
arrive destination: True ,out of road:False   Total T: 304899 Episode Num: 733 Episode T: 252 Reward: 232.518 Cost: 0.000
arrive destination: True ,out of road:False   Total T: 305296 Episode Num: 734 Episode T: 397 Reward: 294.704 Cost: 9.000
arrive destination: True ,out of road:False   Total T: 305661 Episode Num: 735 Episode T: 365 Reward: 355.223 Cost: 0.000
arrive destination: True ,out of road:False   Total T: 305886 Episode Num: 736 Episode T: 225 Reward: 232.796 Cost: 9.000
arrive destination: False ,out of road:True   Total T: 306350 Episode Num: 737 Episode T: 464 Reward: 339.249 Cost: 27.000
arrive destination: True ,out of road:False   Total T: 306763 Episode Num: 738 Episode T: 413 Reward: 352.868 Cost: 0.000
arrive destination: True ,out of road:False   Total T: 307134 Episode Num: 739 Episode T: 371 Reward: 373.655 Cost: 1.000
arrive destination: True ,out of road:False   Total T: 307324 Episode Num: 740 Episode T: 190 Reward: 270.144 Cost: 0.000
arrive destination: True ,out of road:False   Total T: 307862 Episode Num: 741 Episode T: 538 Reward: 475.551 Cost: 2.000
arrive destination: False ,out of road:True   Total T: 307998 Episode Num: 742 Episode T: 136 Reward: 114.521 Cost: 7.000
arrive destination: True ,out of road:False   Total T: 308272 Episode Num: 743 Episode T: 274 Reward: 289.513 Cost: 1.000
arrive destination: True ,out of road:False   Total T: 308858 Episode Num: 744 Episode T: 586 Reward: 493.925 Cost: 15.000
arrive destination: True ,out of road:False   Total T: 309208 Episode Num: 745 Episode T: 350 Reward: 294.338 Cost: 9.000
arrive destination: False ,out of road:True   Total T: 309328 Episode Num: 746 Episode T: 120 Reward: 109.764 Cost: 6.000
---------------------------------------
Evaluation over 20 episodes: 0.500 Cost 8.000.             SafeRL used : use_epo
---------------------------------------
[34;1m
Time: 2026-06-29 14:45:35, Time spent from previous logger: 148.596 s[0m
[34;1mCustomLogger with fileds: ['total_steps', 'EpRet', 'EpCost', 'CostRate'][0m
[34;1mfieldvalues: [310000, 0.5, 8.0, 0.01758392769008932]
[0m
arrive destination: True ,out of road:False   Total T: 310240 Episode Num: 747 Episode T: 912 Reward: 300.712 Cost: 15.000
arrive destination: True ,out of road:False   Total T: 310498 Episode Num: 748 Episode T: 258 Reward: 277.591 Cost: 0.000
arrive destination: True ,out of road:False   Total T: 310918 Episode Num: 749 Episode T: 420 Reward: 336.137 Cost: 23.000
arrive destination: True ,out of road:False   Total T: 311327 Episode Num: 750 Episode T: 409 Reward: 354.969 Cost: 0.000
arrive destination: True ,out of road:False   Total T: 311507 Episode Num: 751 Episode T: 180 Reward: 268.806 Cost: 4.000
arrive destination: True ,out of road:False   Total T: 311685 Episode Num: 752 Episode T: 178 Reward: 268.543 Cost: 0.000
arrive destination: True ,out of road:False   Total T: 312021 Episode Num: 753 Episode T: 336 Reward: 294.330 Cost: 2.000
arrive destination: False ,out of road:True   Total T: 312387 Episode Num: 754 Episode T: 366 Reward: 348.898 Cost: 13.000
arrive destination: False ,out of road:True   Total T: 312682 Episode Num: 755 Episode T: 295 Reward: 224.314 Cost: 6.000
arrive destination: True ,out of road:False   Total T: 313068 Episode Num: 756 Episode T: 386 Reward: 373.118 Cost: 1.000
arrive destination: True ,out of road:False   Total T: 313427 Episode Num: 757 Episode T: 359 Reward: 381.451 Cost: 7.000
arrive destination: True ,out of road:False   Total T: 314082 Episode Num: 758 Episode T: 655 Reward: 419.960 Cost: 14.000
arrive destination: False ,out of road:True   Total T: 314177 Episode Num: 759 Episode T: 95 Reward: 79.532 Cost: 2.000
arrive destination: True ,out of road:False   Total T: 314553 Episode Num: 760 Episode T: 376 Reward: 399.760 Cost: 3.000
arrive destination: True ,out of road:False   Total T: 314731 Episode Num: 761 Episode T: 178 Reward: 269.179 Cost: 0.000
arrive destination: True ,out of road:False   Total T: 315228 Episode Num: 762 Episode T: 497 Reward: 418.055 Cost: 15.000
arrive destination: False ,out of road:False   Total T: 316228 Episode Num: 763 Episode T: 1000 Reward: 362.461 Cost: 11.000
arrive destination: True ,out of road:False   Total T: 316488 Episode Num: 764 Episode T: 260 Reward: 285.985 Cost: 0.000
arrive destination: False ,out of road:True   Total T: 316853 Episode Num: 765 Episode T: 365 Reward: 158.017 Cost: 24.000
arrive destination: False ,out of road:True   Total T: 316981 Episode Num: 766 Episode T: 128 Reward: 126.223 Cost: 1.000
arrive destination: True ,out of road:False   Total T: 317187 Episode Num: 767 Episode T: 206 Reward: 269.030 Cost: 1.000
arrive destination: False ,out of road:True   Total T: 317285 Episode Num: 768 Episode T: 98 Reward: 81.425 Cost: 3.000
arrive destination: True ,out of road:False   Total T: 317695 Episode Num: 769 Episode T: 410 Reward: 355.139 Cost: 0.000
arrive destination: True ,out of road:False   Total T: 317939 Episode Num: 770 Episode T: 244 Reward: 232.769 Cost: 6.000
arrive destination: True ,out of road:False   Total T: 318458 Episode Num: 771 Episode T: 519 Reward: 414.356 Cost: 6.000
arrive destination: True ,out of road:False   Total T: 318712 Episode Num: 772 Episode T: 254 Reward: 233.289 Cost: 5.000
arrive destination: False ,out of road:True   Total T: 319235 Episode Num: 773 Episode T: 523 Reward: 352.470 Cost: 35.000
arrive destination: False ,out of road:True   Total T: 319625 Episode Num: 774 Episode T: 390 Reward: 276.658 Cost: 7.000
arrive destination: True ,out of road:False   Total T: 319855 Episode Num: 775 Episode T: 230 Reward: 273.873 Cost: 2.000
---------------------------------------
Evaluation over 20 episodes: 0.550 Cost 5.750.             SafeRL used : use_epo
---------------------------------------
[34;1m
Time: 2026-06-29 14:48:10, Time spent from previous logger: 155.384 s[0m
[34;1mCustomLogger with fileds: ['total_steps', 'EpRet', 'EpCost', 'CostRate'][0m
[34;1mfieldvalues: [320000, 0.55, 5.75, 0.017662555195484986]
[0m
arrive destination: True ,out of road:False   Total T: 320485 Episode Num: 776 Episode T: 630 Reward: 591.245 Cost: 9.000
arrive destination: True ,out of road:False   Total T: 320670 Episode Num: 777 Episode T: 185 Reward: 269.526 Cost: 0.000
arrive destination: True ,out of road:False   Total T: 321319 Episode Num: 778 Episode T: 649 Reward: 494.343 Cost: 27.000
arrive destination: True ,out of road:False   Total T: 322055 Episode Num: 779 Episode T: 736 Reward: 509.655 Cost: 8.000
arrive destination: True ,out of road:False   Total T: 322272 Episode Num: 780 Episode T: 217 Reward: 241.322 Cost: 0.000
arrive destination: True ,out of road:False   Total T: 322816 Episode Num: 781 Episode T: 544 Reward: 496.258 Cost: 12.000
arrive destination: True ,out of road:False   Total T: 323390 Episode Num: 782 Episode T: 574 Reward: 416.442 Cost: 12.000
arrive destination: True ,out of road:False   Total T: 323873 Episode Num: 783 Episode T: 483 Reward: 417.242 Cost: 1.000
arrive destination: False ,out of road:True   Total T: 324051 Episode Num: 784 Episode T: 178 Reward: 193.302 Cost: 4.000
arrive destination: True ,out of road:False   Total T: 324447 Episode Num: 785 Episode T: 396 Reward: 402.393 Cost: 2.000
arrive destination: True ,out of road:False   Total T: 324696 Episode Num: 786 Episode T: 249 Reward: 271.614 Cost: 9.000
arrive destination: True ,out of road:False   Total T: 325273 Episode Num: 787 Episode T: 577 Reward: 494.580 Cost: 6.000
arrive destination: True ,out of road:False   Total T: 325723 Episode Num: 788 Episode T: 450 Reward: 415.977 Cost: 0.000
arrive destination: True ,out of road:False   Total T: 326253 Episode Num: 789 Episode T: 530 Reward: 407.737 Cost: 13.000
arrive destination: True ,out of road:False   Total T: 326459 Episode Num: 790 Episode T: 206 Reward: 241.066 Cost: 0.000
arrive destination: True ,out of road:False   Total T: 326862 Episode Num: 791 Episode T: 403 Reward: 354.871 Cost: 0.000
arrive destination: True ,out of road:False   Total T: 327086 Episode Num: 792 Episode T: 224 Reward: 285.360 Cost: 3.000
arrive destination: False ,out of road:True   Total T: 327305 Episode Num: 793 Episode T: 219 Reward: 218.046 Cost: 3.000
arrive destination: True ,out of road:False   Total T: 327688 Episode Num: 794 Episode T: 383 Reward: 335.536 Cost: 12.000
arrive destination: True ,out of road:False   Total T: 327920 Episode Num: 795 Episode T: 232 Reward: 270.669 Cost: 0.000
arrive destination: True ,out of road:False   Total T: 328299 Episode Num: 796 Episode T: 379 Reward: 370.214 Cost: 0.000
arrive destination: True ,out of road:False   Total T: 328787 Episode Num: 797 Episode T: 488 Reward: 416.531 Cost: 6.000
arrive destination: True ,out of road:False   Total T: 328970 Episode Num: 798 Episode T: 183 Reward: 269.915 Cost: 0.000
arrive destination: False ,out of road:True   Total T: 329295 Episode Num: 799 Episode T: 325 Reward: 274.677 Cost: 8.000
arrive destination: True ,out of road:False   Total T: 329818 Episode Num: 800 Episode T: 523 Reward: 470.750 Cost: 13.000
---------------------------------------
Evaluation over 20 episodes: 0.800 Cost 10.150.             SafeRL used : use_epo
---------------------------------------
[34;1m
Time: 2026-06-29 14:50:55, Time spent from previous logger: 164.483 s[0m
[34;1mCustomLogger with fileds: ['total_steps', 'EpRet', 'EpCost', 'CostRate'][0m
[34;1mfieldvalues: [330000, 0.8, 10.15, 0.017569750211364275]
[0m
arrive destination: True ,out of road:False   Total T: 330272 Episode Num: 801 Episode T: 454 Reward: 451.068 Cost: 7.000
arrive destination: True ,out of road:False   Total T: 330645 Episode Num: 802 Episode T: 373 Reward: 353.441 Cost: 0.000
arrive destination: True ,out of road:False   Total T: 331018 Episode Num: 803 Episode T: 373 Reward: 294.822 Cost: 6.000
arrive destination: True ,out of road:False   Total T: 331399 Episode Num: 804 Episode T: 381 Reward: 372.272 Cost: 2.000
arrive destination: True ,out of road:False   Total T: 331660 Episode Num: 805 Episode T: 261 Reward: 232.571 Cost: 2.000
arrive destination: True ,out of road:False   Total T: 332158 Episode Num: 806 Episode T: 498 Reward: 476.167 Cost: 3.000
arrive destination: True ,out of road:False   Total T: 332386 Episode Num: 807 Episode T: 228 Reward: 242.511 Cost: 0.000
arrive destination: True ,out of road:False   Total T: 332741 Episode Num: 808 Episode T: 355 Reward: 335.580 Cost: 5.000
arrive destination: True ,out of road:False   Total T: 333203 Episode Num: 809 Episode T: 462 Reward: 378.409 Cost: 4.000
arrive destination: True ,out of road:False   Total T: 333584 Episode Num: 810 Episode T: 381 Reward: 371.757 Cost: 0.000
arrive destination: True ,out of road:False   Total T: 333936 Episode Num: 811 Episode T: 352 Reward: 294.671 Cost: 7.000
arrive destination: True ,out of road:False   Total T: 334161 Episode Num: 812 Episode T: 225 Reward: 241.792 Cost: 0.000
arrive destination: False ,out of road:True   Total T: 334653 Episode Num: 813 Episode T: 492 Reward: 360.764 Cost: 11.000
arrive destination: False ,out of road:True   Total T: 334889 Episode Num: 814 Episode T: 236 Reward: 199.668 Cost: 4.000
arrive destination: True ,out of road:False   Total T: 335487 Episode Num: 815 Episode T: 598 Reward: 498.696 Cost: 11.000
arrive destination: True ,out of road:False   Total T: 336198 Episode Num: 816 Episode T: 711 Reward: 515.905 Cost: 23.000
arrive destination: True ,out of road:False   Total T: 336706 Episode Num: 817 Episode T: 508 Reward: 420.740 Cost: 17.000
arrive destination: True ,out of road:False   Total T: 337216 Episode Num: 818 Episode T: 510 Reward: 472.996 Cost: 1.000
arrive destination: False ,out of road:True   Total T: 337313 Episode Num: 819 Episode T: 97 Reward: 80.203 Cost: 2.000
arrive destination: True ,out of road:False   Total T: 337785 Episode Num: 820 Episode T: 472 Reward: 380.790 Cost: 10.000
arrive destination: False ,out of road:True   Total T: 338280 Episode Num: 821 Episode T: 495 Reward: 399.682 Cost: 6.000
arrive destination: True ,out of road:False   Total T: 338820 Episode Num: 822 Episode T: 540 Reward: 496.969 Cost: 13.000
arrive destination: True ,out of road:False   Total T: 339136 Episode Num: 823 Episode T: 316 Reward: 283.381 Cost: 9.000
arrive destination: True ,out of road:False   Total T: 339662 Episode Num: 824 Episode T: 526 Reward: 494.338 Cost: 26.000
---------------------------------------
Evaluation over 20 episodes: 0.650 Cost 5.650.             SafeRL used : use_epo
---------------------------------------
[34;1m
Time: 2026-06-29 14:53:34, Time spent from previous logger: 159.341 s[0m
[34;1mCustomLogger with fileds: ['total_steps', 'EpRet', 'EpCost', 'CostRate'][0m
[34;1mfieldvalues: [340000, 0.65, 5.65, 0.017538286877314346]
[0m
arrive destination: True ,out of road:False   Total T: 340284 Episode Num: 825 Episode T: 622 Reward: 576.474 Cost: 1.000
arrive destination: True ,out of road:False   Total T: 340853 Episode Num: 826 Episode T: 569 Reward: 336.348 Cost: 11.000
arrive destination: True ,out of road:False   Total T: 341034 Episode Num: 827 Episode T: 181 Reward: 270.061 Cost: 1.000
arrive destination: False ,out of road:True   Total T: 341286 Episode Num: 828 Episode T: 252 Reward: 207.524 Cost: 4.000
arrive destination: True ,out of road:False   Total T: 341744 Episode Num: 829 Episode T: 458 Reward: 411.022 Cost: 6.000
arrive destination: True ,out of road:False   Total T: 341987 Episode Num: 830 Episode T: 243 Reward: 272.858 Cost: 1.000
arrive destination: False ,out of road:True   Total T: 342092 Episode Num: 831 Episode T: 105 Reward: 87.528 Cost: 2.000
arrive destination: True ,out of road:False   Total T: 342666 Episode Num: 832 Episode T: 574 Reward: 422.835 Cost: 10.000
arrive destination: True ,out of road:False   Total T: 343012 Episode Num: 833 Episode T: 346 Reward: 271.859 Cost: 5.000
arrive destination: True ,out of road:False   Total T: 343394 Episode Num: 834 Episode T: 382 Reward: 294.746 Cost: 10.000
arrive destination: True ,out of road:False   Total T: 343968 Episode Num: 835 Episode T: 574 Reward: 419.857 Cost: 22.000
arrive destination: True ,out of road:False   Total T: 344452 Episode Num: 836 Episode T: 484 Reward: 473.716 Cost: 1.000
arrive destination: True ,out of road:False   Total T: 344686 Episode Num: 837 Episode T: 234 Reward: 272.392 Cost: 1.000
arrive destination: True ,out of road:False   Total T: 345183 Episode Num: 838 Episode T: 497 Reward: 472.245 Cost: 1.000
arrive destination: True ,out of road:False   Total T: 345551 Episode Num: 839 Episode T: 368 Reward: 395.254 Cost: 0.000
arrive destination: True ,out of road:False   Total T: 345938 Episode Num: 840 Episode T: 387 Reward: 335.913 Cost: 3.000
arrive destination: True ,out of road:False   Total T: 346286 Episode Num: 841 Episode T: 348 Reward: 284.285 Cost: 4.000
arrive destination: True ,out of road:False   Total T: 346717 Episode Num: 842 Episode T: 431 Reward: 356.144 Cost: 3.000
arrive destination: True ,out of road:False   Total T: 347075 Episode Num: 843 Episode T: 358 Reward: 294.321 Cost: 9.000
arrive destination: True ,out of road:False   Total T: 347600 Episode Num: 844 Episode T: 525 Reward: 415.941 Cost: 11.000
arrive destination: False ,out of road:True   Total T: 347699 Episode Num: 845 Episode T: 99 Reward: 85.134 Cost: 1.000
arrive destination: True ,out of road:False   Total T: 348060 Episode Num: 846 Episode T: 361 Reward: 395.450 Cost: 0.000
arrive destination: True ,out of road:False   Total T: 348274 Episode Num: 847 Episode T: 214 Reward: 242.063 Cost: 0.000
arrive destination: True ,out of road:False   Total T: 348800 Episode Num: 848 Episode T: 526 Reward: 496.199 Cost: 1.000
arrive destination: True ,out of road:False   Total T: 349028 Episode Num: 849 Episode T: 228 Reward: 233.338 Cost: 0.000
arrive destination: True ,out of road:False   Total T: 349394 Episode Num: 850 Episode T: 366 Reward: 372.701 Cost: 7.000
arrive destination: True ,out of road:False   Total T: 349902 Episode Num: 851 Episode T: 508 Reward: 411.435 Cost: 28.000
---------------------------------------
Evaluation over 20 episodes: 0.700 Cost 4.150.             SafeRL used : use_epo
---------------------------------------
[34;1m
Time: 2026-06-29 14:56:14, Time spent from previous logger: 160.113 s[0m
[34;1mCustomLogger with fileds: ['total_steps', 'EpRet', 'EpCost', 'CostRate'][0m
[34;1mfieldvalues: [350000, 0.7, 4.15, 0.01744576413075466]
[0m
arrive destination: True ,out of road:False   Total T: 350230 Episode Num: 852 Episode T: 328 Reward: 330.172 Cost: 0.000
arrive destination: True ,out of road:False   Total T: 350476 Episode Num: 853 Episode T: 246 Reward: 295.257 Cost: 1.000
arrive destination: False ,out of road:True   Total T: 350627 Episode Num: 854 Episode T: 151 Reward: 193.788 Cost: 1.000
arrive destination: True ,out of road:False   Total T: 350884 Episode Num: 855 Episode T: 257 Reward: 232.902 Cost: 4.000
arrive destination: False ,out of road:True   Total T: 351084 Episode Num: 856 Episode T: 200 Reward: 175.323 Cost: 1.000
arrive destination: True ,out of road:False   Total T: 351460 Episode Num: 857 Episode T: 376 Reward: 398.798 Cost: 0.000
arrive destination: True ,out of road:False   Total T: 351783 Episode Num: 858 Episode T: 323 Reward: 268.456 Cost: 3.000
arrive destination: True ,out of road:False   Total T: 352150 Episode Num: 859 Episode T: 367 Reward: 397.978 Cost: 0.000
arrive destination: True ,out of road:False   Total T: 352597 Episode Num: 860 Episode T: 447 Reward: 378.357 Cost: 7.000
arrive destination: True ,out of road:False   Total T: 352776 Episode Num: 861 Episode T: 179 Reward: 269.511 Cost: 0.000
arrive destination: True ,out of road:False   Total T: 353495 Episode Num: 862 Episode T: 719 Reward: 424.809 Cost: 16.000
arrive destination: True ,out of road:False   Total T: 353907 Episode Num: 863 Episode T: 412 Reward: 378.108 Cost: 3.000
arrive destination: True ,out of road:False   Total T: 354144 Episode Num: 864 Episode T: 237 Reward: 295.815 Cost: 0.000
arrive destination: True ,out of road:False   Total T: 354542 Episode Num: 865 Episode T: 398 Reward: 358.039 Cost: 2.000
arrive destination: True ,out of road:False   Total T: 354891 Episode Num: 866 Episode T: 349 Reward: 294.667 Cost: 12.000
arrive destination: False ,out of road:True   Total T: 355036 Episode Num: 867 Episode T: 145 Reward: 116.916 Cost: 3.000
arrive destination: True ,out of road:False   Total T: 355655 Episode Num: 868 Episode T: 619 Reward: 491.678 Cost: 10.000
arrive destination: True ,out of road:False   Total T: 356027 Episode Num: 869 Episode T: 372 Reward: 399.410 Cost: 0.000
arrive destination: False ,out of road:True   Total T: 356125 Episode Num: 870 Episode T: 98 Reward: 76.693 Cost: 3.000
arrive destination: True ,out of road:False   Total T: 356378 Episode Num: 871 Episode T: 253 Reward: 235.032 Cost: 5.000
arrive destination: True ,out of road:False   Total T: 356626 Episode Num: 872 Episode T: 248 Reward: 285.379 Cost: 3.000
arrive destination: True ,out of road:False   Total T: 356988 Episode Num: 873 Episode T: 362 Reward: 355.265 Cost: 0.000
arrive destination: True ,out of road:False   Total T: 357219 Episode Num: 874 Episode T: 231 Reward: 233.275 Cost: 4.000
arrive destination: True ,out of road:False   Total T: 357562 Episode Num: 875 Episode T: 343 Reward: 294.759 Cost: 4.000
arrive destination: True ,out of road:False   Total T: 357795 Episode Num: 876 Episode T: 233 Reward: 273.743 Cost: 0.000
arrive destination: True ,out of road:False   Total T: 358236 Episode Num: 877 Episode T: 441 Reward: 471.077 Cost: 8.000
arrive destination: True ,out of road:False   Total T: 358463 Episode Num: 878 Episode T: 227 Reward: 233.383 Cost: 3.000
arrive destination: True ,out of road:False   Total T: 358686 Episode Num: 879 Episode T: 223 Reward: 244.137 Cost: 0.000
arrive destination: True ,out of road:False   Total T: 359309 Episode Num: 880 Episode T: 623 Reward: 498.049 Cost: 22.000
arrive destination: False ,out of road:True   Total T: 359458 Episode Num: 881 Episode T: 149 Reward: 170.224 Cost: 1.000
arrive destination: True ,out of road:False   Total T: 359903 Episode Num: 882 Episode T: 445 Reward: 376.732 Cost: 19.000
---------------------------------------
Evaluation over 20 episodes: 0.600 Cost 5.350.             SafeRL used : use_epo
---------------------------------------
[34;1m
Time: 2026-06-29 14:58:47, Time spent from previous logger: 153.053 s[0m
[34;1mCustomLogger with fileds: ['total_steps', 'EpRet', 'EpCost', 'CostRate'][0m
[34;1mfieldvalues: [360000, 0.6, 5.35, 0.017336159267109075]
[0m
arrive destination: True ,out of road:False   Total T: 360391 Episode Num: 883 Episode T: 488 Reward: 460.275 Cost: 8.000
arrive destination: True ,out of road:False   Total T: 361028 Episode Num: 884 Episode T: 637 Reward: 498.288 Cost: 25.000
arrive destination: False ,out of road:True   Total T: 361201 Episode Num: 885 Episode T: 173 Reward: 157.366 Cost: 7.000
arrive destination: False ,out of road:True   Total T: 361328 Episode Num: 886 Episode T: 127 Reward: 138.637 Cost: 4.000
arrive destination: True ,out of road:False   Total T: 361513 Episode Num: 887 Episode T: 185 Reward: 269.847 Cost: 0.000
arrive destination: True ,out of road:False   Total T: 361883 Episode Num: 888 Episode T: 370 Reward: 286.938 Cost: 0.000
arrive destination: False ,out of road:True   Total T: 362252 Episode Num: 889 Episode T: 369 Reward: 276.728 Cost: 9.000
arrive destination: True ,out of road:False   Total T: 362569 Episode Num: 890 Episode T: 317 Reward: 287.810 Cost: 0.000
arrive destination: True ,out of road:False   Total T: 362896 Episode Num: 891 Episode T: 327 Reward: 288.058 Cost: 0.000
arrive destination: False ,out of road:True   Total T: 363043 Episode Num: 892 Episode T: 147 Reward: 119.754 Cost: 14.000
arrive destination: True ,out of road:False   Total T: 363297 Episode Num: 893 Episode T: 254 Reward: 235.620 Cost: 8.000
arrive destination: False ,out of road:True   Total T: 363626 Episode Num: 894 Episode T: 329 Reward: 280.650 Cost: 11.000
arrive destination: True ,out of road:False   Total T: 364109 Episode Num: 895 Episode T: 483 Reward: 476.032 Cost: 1.000
arrive destination: True ,out of road:False   Total T: 364698 Episode Num: 896 Episode T: 589 Reward: 494.605 Cost: 12.000
arrive destination: True ,out of road:False   Total T: 364908 Episode Num: 897 Episode T: 210 Reward: 232.511 Cost: 2.000
arrive destination: True ,out of road:False   Total T: 365233 Episode Num: 898 Episode T: 325 Reward: 335.610 Cost: 7.000
arrive destination: False ,out of road:True   Total T: 365734 Episode Num: 899 Episode T: 501 Reward: 450.916 Cost: 1.000
arrive destination: True ,out of road:False   Total T: 366532 Episode Num: 900 Episode T: 798 Reward: 511.626 Cost: 30.000
arrive destination: True ,out of road:False   Total T: 366821 Episode Num: 901 Episode T: 289 Reward: 278.086 Cost: 0.000
arrive destination: False ,out of road:True   Total T: 366916 Episode Num: 902 Episode T: 95 Reward: 79.953 Cost: 2.000
arrive destination: True ,out of road:False   Total T: 367617 Episode Num: 903 Episode T: 701 Reward: 513.811 Cost: 20.000
arrive destination: True ,out of road:False   Total T: 367954 Episode Num: 904 Episode T: 337 Reward: 287.465 Cost: 0.000
arrive destination: True ,out of road:False   Total T: 368212 Episode Num: 905 Episode T: 258 Reward: 273.017 Cost: 3.000
arrive destination: True ,out of road:False   Total T: 368608 Episode Num: 906 Episode T: 396 Reward: 378.879 Cost: 6.000
arrive destination: False ,out of road:True   Total T: 369091 Episode Num: 907 Episode T: 483 Reward: 404.457 Cost: 3.000
arrive destination: True ,out of road:False   Total T: 369539 Episode Num: 908 Episode T: 448 Reward: 398.750 Cost: 2.000
---------------------------------------
Evaluation over 20 episodes: 0.600 Cost 4.300.             SafeRL used : use_epo
---------------------------------------
[34;1m
Time: 2026-06-29 15:01:33, Time spent from previous logger: 165.904 s[0m
[34;1mCustomLogger with fileds: ['total_steps', 'EpRet', 'EpCost', 'CostRate'][0m
[34;1mfieldvalues: [370000, 0.6, 4.3, 0.017356803667036937]
[0m
arrive destination: True ,out of road:False   Total T: 370397 Episode Num: 909 Episode T: 858 Reward: 782.245 Cost: 6.000
arrive destination: True ,out of road:False   Total T: 370619 Episode Num: 910 Episode T: 222 Reward: 241.696 Cost: 0.000
arrive destination: True ,out of road:False   Total T: 371224 Episode Num: 911 Episode T: 605 Reward: 495.414 Cost: 16.000
arrive destination: False ,out of road:False   Total T: 372224 Episode Num: 912 Episode T: 1000 Reward: 115.149 Cost: 0.000
arrive destination: True ,out of road:False   Total T: 372635 Episode Num: 913 Episode T: 411 Reward: 376.695 Cost: 6.000
arrive destination: False ,out of road:False   Total T: 373635 Episode Num: 914 Episode T: 1000 Reward: 124.258 Cost: 1.000
arrive destination: True ,out of road:False   Total T: 373825 Episode Num: 915 Episode T: 190 Reward: 268.993 Cost: 0.000
arrive destination: True ,out of road:False   Total T: 374341 Episode Num: 916 Episode T: 516 Reward: 413.332 Cost: 7.000
arrive destination: True ,out of road:False   Total T: 374713 Episode Num: 917 Episode T: 372 Reward: 398.221 Cost: 0.000
arrive destination: True ,out of road:False   Total T: 375066 Episode Num: 918 Episode T: 353 Reward: 286.776 Cost: 2.000
arrive destination: False ,out of road:True   Total T: 375428 Episode Num: 919 Episode T: 362 Reward: 354.932 Cost: 4.000
arrive destination: True ,out of road:False   Total T: 375818 Episode Num: 920 Episode T: 390 Reward: 370.341 Cost: 0.000
arrive destination: True ,out of road:False   Total T: 376180 Episode Num: 921 Episode T: 362 Reward: 376.864 Cost: 1.000
arrive destination: False ,out of road:True   Total T: 376280 Episode Num: 922 Episode T: 100 Reward: 83.566 Cost: 1.000
arrive destination: False ,out of road:True   Total T: 376384 Episode Num: 923 Episode T: 104 Reward: 88.341 Cost: 2.000
arrive destination: True ,out of road:False   Total T: 376727 Episode Num: 924 Episode T: 343 Reward: 294.204 Cost: 5.000
arrive destination: False ,out of road:False   Total T: 377727 Episode Num: 925 Episode T: 1000 Reward: 140.827 Cost: 5.000
arrive destination: True ,out of road:False   Total T: 378097 Episode Num: 926 Episode T: 370 Reward: 399.412 Cost: 0.000
arrive destination: False ,out of road:True   Total T: 378647 Episode Num: 927 Episode T: 550 Reward: 394.743 Cost: 14.000
arrive destination: True ,out of road:False   Total T: 379132 Episode Num: 928 Episode T: 485 Reward: 421.369 Cost: 23.000
arrive destination: True ,out of road:False   Total T: 379312 Episode Num: 929 Episode T: 180 Reward: 270.222 Cost: 0.000
arrive destination: True ,out of road:False   Total T: 379524 Episode Num: 930 Episode T: 212 Reward: 233.011 Cost: 1.000
arrive destination: False ,out of road:True   Total T: 379738 Episode Num: 931 Episode T: 214 Reward: 228.649 Cost: 1.000
---------------------------------------
Evaluation over 20 episodes: 0.650 Cost 7.200.             SafeRL used : use_epo
---------------------------------------
[34;1m
Time: 2026-06-29 15:04:04, Time spent from previous logger: 150.679 s[0m
[34;1mCustomLogger with fileds: ['total_steps', 'EpRet', 'EpCost', 'CostRate'][0m
[34;1mfieldvalues: [380000, 0.65, 7.2, 0.01713425561646215]
[0m
arrive destination: True ,out of road:False   Total T: 380612 Episode Num: 932 Episode T: 874 Reward: 760.956 Cost: 11.000
arrive destination: True ,out of road:False   Total T: 380894 Episode Num: 933 Episode T: 282 Reward: 273.754 Cost: 2.000
arrive destination: True ,out of road:False   Total T: 381150 Episode Num: 934 Episode T: 256 Reward: 285.411 Cost: 9.000
arrive destination: True ,out of road:False   Total T: 381648 Episode Num: 935 Episode T: 498 Reward: 474.345 Cost: 1.000
arrive destination: True ,out of road:False   Total T: 381977 Episode Num: 936 Episode T: 329 Reward: 335.413 Cost: 9.000
arrive destination: True ,out of road:False   Total T: 382239 Episode Num: 937 Episode T: 262 Reward: 233.392 Cost: 0.000
arrive destination: False ,out of road:True   Total T: 382468 Episode Num: 938 Episode T: 229 Reward: 187.470 Cost: 5.000
arrive destination: True ,out of road:False   Total T: 382831 Episode Num: 939 Episode T: 363 Reward: 294.597 Cost: 11.000
arrive destination: False ,out of road:True   Total T: 383127 Episode Num: 940 Episode T: 296 Reward: 223.609 Cost: 10.000
arrive destination: False ,out of road:True   Total T: 383334 Episode Num: 941 Episode T: 207 Reward: 214.186 Cost: 2.000
arrive destination: True ,out of road:False   Total T: 383826 Episode Num: 942 Episode T: 492 Reward: 407.348 Cost: 12.000
arrive destination: False ,out of road:True   Total T: 383928 Episode Num: 943 Episode T: 102 Reward: 88.410 Cost: 3.000
arrive destination: False ,out of road:False   Total T: 384928 Episode Num: 944 Episode T: 1000 Reward: 132.253 Cost: 7.000
arrive destination: True ,out of road:False   Total T: 385238 Episode Num: 945 Episode T: 310 Reward: 288.013 Cost: 3.000
arrive destination: True ,out of road:False   Total T: 385483 Episode Num: 946 Episode T: 245 Reward: 273.691 Cost: 9.000
arrive destination: True ,out of road:False   Total T: 385990 Episode Num: 947 Episode T: 507 Reward: 396.371 Cost: 12.000
arrive destination: False ,out of road:True   Total T: 386192 Episode Num: 948 Episode T: 202 Reward: 189.813 Cost: 5.000
arrive destination: False ,out of road:True   Total T: 386450 Episode Num: 949 Episode T: 258 Reward: 194.742 Cost: 6.000
arrive destination: True ,out of road:False   Total T: 386632 Episode Num: 950 Episode T: 182 Reward: 268.364 Cost: 0.000
arrive destination: True ,out of road:False   Total T: 386859 Episode Num: 951 Episode T: 227 Reward: 295.740 Cost: 1.000
arrive destination: True ,out of road:False   Total T: 387096 Episode Num: 952 Episode T: 237 Reward: 285.056 Cost: 4.000
arrive destination: False ,out of road:True   Total T: 387207 Episode Num: 953 Episode T: 111 Reward: 104.244 Cost: 1.000
arrive destination: True ,out of road:False   Total T: 387837 Episode Num: 954 Episode T: 630 Reward: 516.250 Cost: 9.000
arrive destination: True ,out of road:False   Total T: 388350 Episode Num: 955 Episode T: 513 Reward: 421.290 Cost: 22.000
arrive destination: False ,out of road:False   Total T: 389350 Episode Num: 956 Episode T: 1000 Reward: 61.501 Cost: 4.000
arrive destination: True ,out of road:False   Total T: 389745 Episode Num: 957 Episode T: 395 Reward: 377.921 Cost: 9.000
arrive destination: True ,out of road:False   Total T: 389924 Episode Num: 958 Episode T: 179 Reward: 269.335 Cost: 0.000
---------------------------------------
Evaluation over 20 episodes: 0.950 Cost 7.350.             SafeRL used : use_epo
---------------------------------------
[34;1m
Time: 2026-06-29 15:06:46, Time spent from previous logger: 162.207 s[0m
[34;1mCustomLogger with fileds: ['total_steps', 'EpRet', 'EpCost', 'CostRate'][0m
[34;1mfieldvalues: [390000, 0.95, 7.35, 0.017123120828514946]
[0m
arrive destination: True ,out of road:False   Total T: 390221 Episode Num: 959 Episode T: 297 Reward: 292.300 Cost: 0.000
arrive destination: False ,out of road:True   Total T: 390472 Episode Num: 960 Episode T: 251 Reward: 231.532 Cost: 1.000
arrive destination: True ,out of road:False   Total T: 390872 Episode Num: 961 Episode T: 400 Reward: 351.878 Cost: 0.000
arrive destination: True ,out of road:False   Total T: 391378 Episode Num: 962 Episode T: 506 Reward: 405.276 Cost: 15.000
arrive destination: True ,out of road:False   Total T: 391732 Episode Num: 963 Episode T: 354 Reward: 353.433 Cost: 0.000
arrive destination: True ,out of road:False   Total T: 391987 Episode Num: 964 Episode T: 255 Reward: 286.904 Cost: 2.000
arrive destination: True ,out of road:False   Total T: 392356 Episode Num: 965 Episode T: 369 Reward: 402.210 Cost: 0.000
arrive destination: False ,out of road:True   Total T: 392477 Episode Num: 966 Episode T: 121 Reward: 114.615 Cost: 1.000
arrive destination: True ,out of road:False   Total T: 392975 Episode Num: 967 Episode T: 498 Reward: 408.016 Cost: 27.000
arrive destination: True ,out of road:False   Total T: 393244 Episode Num: 968 Episode T: 269 Reward: 286.084 Cost: 2.000
arrive destination: False ,out of road:True   Total T: 393338 Episode Num: 969 Episode T: 94 Reward: 82.905 Cost: 1.000
arrive destination: True ,out of road:False   Total T: 393788 Episode Num: 970 Episode T: 450 Reward: 412.043 Cost: 6.000
arrive destination: False ,out of road:True   Total T: 394256 Episode Num: 971 Episode T: 468 Reward: 410.147 Cost: 5.000
arrive destination: True ,out of road:False   Total T: 394476 Episode Num: 972 Episode T: 220 Reward: 242.082 Cost: 0.000
arrive destination: True ,out of road:False   Total T: 395007 Episode Num: 973 Episode T: 531 Reward: 409.828 Cost: 13.000
arrive destination: True ,out of road:False   Total T: 395233 Episode Num: 974 Episode T: 226 Reward: 284.335 Cost: 0.000
arrive destination: True ,out of road:False   Total T: 395453 Episode Num: 975 Episode T: 220 Reward: 233.214 Cost: 5.000
arrive destination: True ,out of road:False   Total T: 396283 Episode Num: 976 Episode T: 830 Reward: 336.092 Cost: 5.000
arrive destination: False ,out of road:True   Total T: 396475 Episode Num: 977 Episode T: 192 Reward: 193.418 Cost: 4.000
arrive destination: True ,out of road:False   Total T: 396839 Episode Num: 978 Episode T: 364 Reward: 394.639 Cost: 0.000
arrive destination: False ,out of road:True   Total T: 397084 Episode Num: 979 Episode T: 245 Reward: 231.856 Cost: 6.000
arrive destination: True ,out of road:False   Total T: 397475 Episode Num: 980 Episode T: 391 Reward: 354.403 Cost: 0.000
arrive destination: False ,out of road:True   Total T: 397644 Episode Num: 981 Episode T: 169 Reward: 189.616 Cost: 3.000
arrive destination: False ,out of road:True   Total T: 397824 Episode Num: 982 Episode T: 180 Reward: 227.751 Cost: 2.000
arrive destination: False ,out of road:True   Total T: 398043 Episode Num: 983 Episode T: 219 Reward: 212.685 Cost: 9.000
arrive destination: True ,out of road:False   Total T: 398704 Episode Num: 984 Episode T: 661 Reward: 493.839 Cost: 15.000
arrive destination: True ,out of road:False   Total T: 399030 Episode Num: 985 Episode T: 326 Reward: 294.215 Cost: 7.000
arrive destination: True ,out of road:False   Total T: 399221 Episode Num: 986 Episode T: 191 Reward: 269.735 Cost: 0.000
arrive destination: True ,out of road:False   Total T: 399654 Episode Num: 987 Episode T: 433 Reward: 376.472 Cost: 3.000
---------------------------------------
Evaluation over 20 episodes: 0.650 Cost 7.850.             SafeRL used : use_epo
---------------------------------------
[34;1m
Time: 2026-06-29 15:09:28, Time spent from previous logger: 161.509 s[0m
[34;1mCustomLogger with fileds: ['total_steps', 'EpRet', 'EpCost', 'CostRate'][0m
[34;1mfieldvalues: [400000, 0.65, 7.85, 0.01704504261260653]
[0m
arrive destination: True ,out of road:False   Total T: 400499 Episode Num: 988 Episode T: 845 Reward: 703.005 Cost: 19.000
arrive destination: True ,out of road:False   Total T: 400729 Episode Num: 989 Episode T: 230 Reward: 296.111 Cost: 0.000
arrive destination: True ,out of road:False   Total T: 400949 Episode Num: 990 Episode T: 220 Reward: 243.482 Cost: 0.000
arrive destination: True ,out of road:False   Total T: 401188 Episode Num: 991 Episode T: 239 Reward: 295.631 Cost: 11.000
arrive destination: True ,out of road:False   Total T: 401363 Episode Num: 992 Episode T: 175 Reward: 268.846 Cost: 0.000
arrive destination: True ,out of road:False   Total T: 401833 Episode Num: 993 Episode T: 470 Reward: 468.601 Cost: 6.000
arrive destination: True ,out of road:False   Total T: 402507 Episode Num: 994 Episode T: 674 Reward: 515.344 Cost: 14.000
arrive destination: True ,out of road:False   Total T: 403101 Episode Num: 995 Episode T: 594 Reward: 494.918 Cost: 3.000
arrive destination: True ,out of road:False   Total T: 403282 Episode Num: 996 Episode T: 181 Reward: 269.056 Cost: 0.000
arrive destination: False ,out of road:True   Total T: 403505 Episode Num: 997 Episode T: 223 Reward: 226.123 Cost: 4.000
arrive destination: False ,out of road:True   Total T: 403688 Episode Num: 998 Episode T: 183 Reward: 161.322 Cost: 1.000
arrive destination: True ,out of road:False   Total T: 403890 Episode Num: 999 Episode T: 202 Reward: 269.762 Cost: 0.000
arrive destination: True ,out of road:False   Total T: 404092 Episode Num: 1000 Episode T: 202 Reward: 270.147 Cost: 0.000
arrive destination: True ,out of road:False   Total T: 404641 Episode Num: 1001 Episode T: 549 Reward: 443.420 Cost: 24.000
arrive destination: False ,out of road:True   Total T: 405167 Episode Num: 1002 Episode T: 526 Reward: 446.678 Cost: 33.000
arrive destination: False ,out of road:False   Total T: 406167 Episode Num: 1003 Episode T: 1000 Reward: 61.451 Cost: 3.000
arrive destination: True ,out of road:False   Total T: 406379 Episode Num: 1004 Episode T: 212 Reward: 244.069 Cost: 0.000
arrive destination: False ,out of road:True   Total T: 406877 Episode Num: 1005 Episode T: 498 Reward: 355.523 Cost: 3.000
arrive destination: False ,out of road:True   Total T: 406976 Episode Num: 1006 Episode T: 99 Reward: 77.766 Cost: 3.000
arrive destination: True ,out of road:False   Total T: 407193 Episode Num: 1007 Episode T: 217 Reward: 233.199 Cost: 0.000
arrive destination: True ,out of road:False   Total T: 407429 Episode Num: 1008 Episode T: 236 Reward: 242.066 Cost: 0.000
arrive destination: True ,out of road:False   Total T: 407660 Episode Num: 1009 Episode T: 231 Reward: 296.165 Cost: 0.000
arrive destination: True ,out of road:False   Total T: 407880 Episode Num: 1010 Episode T: 220 Reward: 232.934 Cost: 3.000
arrive destination: True ,out of road:False   Total T: 408244 Episode Num: 1011 Episode T: 364 Reward: 356.227 Cost: 0.000
arrive destination: True ,out of road:False   Total T: 408538 Episode Num: 1012 Episode T: 294 Reward: 335.365 Cost: 10.000
arrive destination: True ,out of road:False   Total T: 409059 Episode Num: 1013 Episode T: 521 Reward: 466.075 Cost: 3.000
arrive destination: False ,out of road:True   Total T: 409113 Episode Num: 1014 Episode T: 54 Reward: 20.576 Cost: 1.000
arrive destination: True ,out of road:False   Total T: 409532 Episode Num: 1015 Episode T: 419 Reward: 404.061 Cost: 17.000
arrive destination: True ,out of road:False   Total T: 409819 Episode Num: 1016 Episode T: 287 Reward: 294.519 Cost: 7.000
arrive destination: False ,out of road:True   Total T: 409976 Episode Num: 1017 Episode T: 157 Reward: 129.864 Cost: 8.000
---------------------------------------
Evaluation over 20 episodes: 0.800 Cost 5.100.             SafeRL used : use_epo
---------------------------------------
[34;1m
Time: 2026-06-29 15:12:09, Time spent from previous logger: 161.463 s[0m
[34;1mCustomLogger with fileds: ['total_steps', 'EpRet', 'EpCost', 'CostRate'][0m
[34;1mfieldvalues: [410000, 0.8, 5.1, 0.017031748857924044]
[0m
arrive destination: True ,out of road:False   Total T: 410424 Episode Num: 1018 Episode T: 448 Reward: 390.842 Cost: 14.000
arrive destination: True ,out of road:False   Total T: 410958 Episode Num: 1019 Episode T: 534 Reward: 335.515 Cost: 5.000
arrive destination: False ,out of road:False   Total T: 411958 Episode Num: 1020 Episode T: 1000 Reward: 70.145 Cost: 0.000
arrive destination: True ,out of road:False   Total T: 412141 Episode Num: 1021 Episode T: 183 Reward: 269.269 Cost: 0.000
arrive destination: True ,out of road:False   Total T: 412383 Episode Num: 1022 Episode T: 242 Reward: 272.579 Cost: 0.000
arrive destination: True ,out of road:False   Total T: 412630 Episode Num: 1023 Episode T: 247 Reward: 274.495 Cost: 0.000
arrive destination: True ,out of road:False   Total T: 412877 Episode Num: 1024 Episode T: 247 Reward: 274.770 Cost: 0.000
arrive destination: True ,out of road:False   Total T: 413492 Episode Num: 1025 Episode T: 615 Reward: 497.074 Cost: 21.000
arrive destination: True ,out of road:False   Total T: 413858 Episode Num: 1026 Episode T: 366 Reward: 398.259 Cost: 0.000
arrive destination: False ,out of road:True   Total T: 414102 Episode Num: 1027 Episode T: 244 Reward: 176.412 Cost: 20.000
arrive destination: True ,out of road:False   Total T: 414334 Episode Num: 1028 Episode T: 232 Reward: 284.915 Cost: 3.000
arrive destination: True ,out of road:False   Total T: 414714 Episode Num: 1029 Episode T: 380 Reward: 396.583 Cost: 0.000
arrive destination: True ,out of road:False   Total T: 414889 Episode Num: 1030 Episode T: 175 Reward: 269.666 Cost: 0.000
arrive destination: True ,out of road:False   Total T: 415105 Episode Num: 1031 Episode T: 216 Reward: 242.792 Cost: 0.000
arrive destination: True ,out of road:False   Total T: 415351 Episode Num: 1032 Episode T: 246 Reward: 296.012 Cost: 0.000
arrive destination: True ,out of road:False   Total T: 415583 Episode Num: 1033 Episode T: 232 Reward: 295.810 Cost: 0.000
arrive destination: True ,out of road:False   Total T: 415980 Episode Num: 1034 Episode T: 397 Reward: 378.202 Cost: 11.000
arrive destination: True ,out of road:False   Total T: 416553 Episode Num: 1035 Episode T: 573 Reward: 416.339 Cost: 13.000
arrive destination: False ,out of road:True   Total T: 416818 Episode Num: 1036 Episode T: 265 Reward: 201.363 Cost: 5.000
arrive destination: True ,out of road:False   Total T: 417279 Episode Num: 1037 Episode T: 461 Reward: 336.131 Cost: 5.000
arrive destination: True ,out of road:False   Total T: 417609 Episode Num: 1038 Episode T: 330 Reward: 268.401 Cost: 4.000
arrive destination: True ,out of road:False   Total T: 418094 Episode Num: 1039 Episode T: 485 Reward: 476.347 Cost: 9.000
arrive destination: True ,out of road:False   Total T: 418565 Episode Num: 1040 Episode T: 471 Reward: 336.231 Cost: 7.000
arrive destination: True ,out of road:False   Total T: 419100 Episode Num: 1041 Episode T: 535 Reward: 468.513 Cost: 8.000
arrive destination: True ,out of road:False   Total T: 419302 Episode Num: 1042 Episode T: 202 Reward: 235.748 Cost: 0.000
arrive destination: False ,out of road:True   Total T: 419454 Episode Num: 1043 Episode T: 152 Reward: 163.761 Cost: 1.000
arrive destination: True ,out of road:False   Total T: 419688 Episode Num: 1044 Episode T: 234 Reward: 295.675 Cost: 1.000
arrive destination: True ,out of road:False   Total T: 419943 Episode Num: 1045 Episode T: 255 Reward: 284.170 Cost: 5.000
---------------------------------------
Evaluation over 20 episodes: 0.500 Cost 6.350.             SafeRL used : use_epo
---------------------------------------
[34;1m
Time: 2026-06-29 15:14:42, Time spent from previous logger: 153.178 s[0m
[34;1mCustomLogger with fileds: ['total_steps', 'EpRet', 'EpCost', 'CostRate'][0m
[34;1mfieldvalues: [420000, 0.5, 6.35, 0.016940516525039345]
[0m
arrive destination: True ,out of road:False   Total T: 420379 Episode Num: 1046 Episode T: 436 Reward: 402.243 Cost: 9.000
arrive destination: True ,out of road:False   Total T: 420618 Episode Num: 1047 Episode T: 239 Reward: 273.790 Cost: 0.000
arrive destination: True ,out of road:False   Total T: 420978 Episode Num: 1048 Episode T: 360 Reward: 294.313 Cost: 12.000
arrive destination: False ,out of road:True   Total T: 421264 Episode Num: 1049 Episode T: 286 Reward: 310.886 Cost: 1.000
arrive destination: True ,out of road:False   Total T: 421757 Episode Num: 1050 Episode T: 493 Reward: 473.354 Cost: 3.000
arrive destination: False ,out of road:True   Total T: 421858 Episode Num: 1051 Episode T: 101 Reward: 82.752 Cost: 2.000
arrive destination: True ,out of road:False   Total T: 422066 Episode Num: 1052 Episode T: 208 Reward: 243.316 Cost: 0.000
arrive destination: True ,out of road:False   Total T: 422440 Episode Num: 1053 Episode T: 374 Reward: 404.051 Cost: 0.000
arrive destination: True ,out of road:False   Total T: 422650 Episode Num: 1054 Episode T: 210 Reward: 241.988 Cost: 0.000
arrive destination: True ,out of road:False   Total T: 423049 Episode Num: 1055 Episode T: 399 Reward: 371.225 Cost: 0.000
arrive destination: True ,out of road:False   Total T: 423433 Episode Num: 1056 Episode T: 384 Reward: 374.151 Cost: 0.000
arrive destination: False ,out of road:True   Total T: 423662 Episode Num: 1057 Episode T: 229 Reward: 166.283 Cost: 6.000
arrive destination: False ,out of road:True   Total T: 423932 Episode Num: 1058 Episode T: 270 Reward: 230.612 Cost: 7.000
arrive destination: True ,out of road:False   Total T: 424175 Episode Num: 1059 Episode T: 243 Reward: 296.102 Cost: 2.000
arrive destination: True ,out of road:False   Total T: 424422 Episode Num: 1060 Episode T: 247 Reward: 287.224 Cost: 3.000
arrive destination: True ,out of road:False   Total T: 424923 Episode Num: 1061 Episode T: 501 Reward: 398.305 Cost: 6.000
arrive destination: True ,out of road:False   Total T: 425317 Episode Num: 1062 Episode T: 394 Reward: 374.361 Cost: 2.000
arrive destination: False ,out of road:True   Total T: 425573 Episode Num: 1063 Episode T: 256 Reward: 184.078 Cost: 16.000
arrive destination: False ,out of road:True   Total T: 425667 Episode Num: 1064 Episode T: 94 Reward: 79.148 Cost: 2.000
arrive destination: True ,out of road:False   Total T: 426334 Episode Num: 1065 Episode T: 667 Reward: 508.034 Cost: 17.000
arrive destination: False ,out of road:True   Total T: 426437 Episode Num: 1066 Episode T: 103 Reward: 77.626 Cost: 4.000
arrive destination: True ,out of road:False   Total T: 426840 Episode Num: 1067 Episode T: 403 Reward: 378.498 Cost: 2.000
arrive destination: True ,out of road:False   Total T: 427066 Episode Num: 1068 Episode T: 226 Reward: 284.042 Cost: 0.000
arrive destination: True ,out of road:False   Total T: 427405 Episode Num: 1069 Episode T: 339 Reward: 268.276 Cost: 1.000
arrive destination: True ,out of road:False   Total T: 427617 Episode Num: 1070 Episode T: 212 Reward: 233.295 Cost: 0.000
arrive destination: True ,out of road:False   Total T: 427948 Episode Num: 1071 Episode T: 331 Reward: 336.265 Cost: 0.000
arrive destination: True ,out of road:False   Total T: 428180 Episode Num: 1072 Episode T: 232 Reward: 232.908 Cost: 3.000
arrive destination: True ,out of road:False   Total T: 428360 Episode Num: 1073 Episode T: 180 Reward: 269.756 Cost: 0.000
arrive destination: True ,out of road:False   Total T: 428785 Episode Num: 1074 Episode T: 425 Reward: 335.923 Cost: 13.000
arrive destination: True ,out of road:False   Total T: 429014 Episode Num: 1075 Episode T: 229 Reward: 295.839 Cost: 2.000
arrive destination: True ,out of road:False   Total T: 429593 Episode Num: 1076 Episode T: 579 Reward: 420.729 Cost: 28.000
arrive destination: True ,out of road:False   Total T: 429941 Episode Num: 1077 Episode T: 348 Reward: 272.009 Cost: 4.000
---------------------------------------
Evaluation over 20 episodes: 0.750 Cost 6.300.             SafeRL used : use_epo
---------------------------------------
[34;1m
Time: 2026-06-29 15:17:25, Time spent from previous logger: 162.412 s[0m
[34;1mCustomLogger with fileds: ['total_steps', 'EpRet', 'EpCost', 'CostRate'][0m
[34;1mfieldvalues: [430000, 0.75, 6.3, 0.01688376019479115]
[0m
arrive destination: True ,out of road:False   Total T: 430316 Episode Num: 1078 Episode T: 375 Reward: 330.654 Cost: 6.000
arrive destination: True ,out of road:False   Total T: 430679 Episode Num: 1079 Episode T: 363 Reward: 294.297 Cost: 7.000
arrive destination: False ,out of road:True   Total T: 430733 Episode Num: 1080 Episode T: 54 Reward: 19.104 Cost: 1.000
arrive destination: True ,out of road:False   Total T: 431036 Episode Num: 1081 Episode T: 303 Reward: 293.869 Cost: 6.000
arrive destination: True ,out of road:False   Total T: 431272 Episode Num: 1082 Episode T: 236 Reward: 274.186 Cost: 0.000
arrive destination: True ,out of road:False   Total T: 431504 Episode Num: 1083 Episode T: 232 Reward: 295.555 Cost: 6.000
arrive destination: False ,out of road:True   Total T: 431701 Episode Num: 1084 Episode T: 197 Reward: 208.173 Cost: 4.000
arrive destination: False ,out of road:True   Total T: 431974 Episode Num: 1085 Episode T: 273 Reward: 249.422 Cost: 15.000
arrive destination: True ,out of road:False   Total T: 432276 Episode Num: 1086 Episode T: 302 Reward: 336.179 Cost: 2.000
arrive destination: True ,out of road:False   Total T: 432739 Episode Num: 1087 Episode T: 463 Reward: 394.740 Cost: 9.000
arrive destination: True ,out of road:False   Total T: 433181 Episode Num: 1088 Episode T: 442 Reward: 400.040 Cost: 5.000
arrive destination: True ,out of road:False   Total T: 433725 Episode Num: 1089 Episode T: 544 Reward: 396.202 Cost: 13.000
arrive destination: True ,out of road:False   Total T: 433952 Episode Num: 1090 Episode T: 227 Reward: 244.189 Cost: 0.000
arrive destination: True ,out of road:False   Total T: 434634 Episode Num: 1091 Episode T: 682 Reward: 497.931 Cost: 21.000
arrive destination: True ,out of road:False   Total T: 434969 Episode Num: 1092 Episode T: 335 Reward: 294.468 Cost: 15.000
arrive destination: True ,out of road:False   Total T: 435494 Episode Num: 1093 Episode T: 525 Reward: 397.027 Cost: 13.000
arrive destination: True ,out of road:False   Total T: 436073 Episode Num: 1094 Episode T: 579 Reward: 419.115 Cost: 8.000
arrive destination: True ,out of road:False   Total T: 436277 Episode Num: 1095 Episode T: 204 Reward: 296.022 Cost: 1.000
arrive destination: True ,out of road:False   Total T: 436641 Episode Num: 1096 Episode T: 364 Reward: 294.174 Cost: 19.000
arrive destination: True ,out of road:False   Total T: 437361 Episode Num: 1097 Episode T: 720 Reward: 512.765 Cost: 18.000
arrive destination: True ,out of road:False   Total T: 437608 Episode Num: 1098 Episode T: 247 Reward: 286.154 Cost: 1.000
arrive destination: False ,out of road:False   Total T: 438608 Episode Num: 1099 Episode T: 1000 Reward: 68.125 Cost: 6.000
arrive destination: False ,out of road:True   Total T: 438817 Episode Num: 1100 Episode T: 209 Reward: 169.435 Cost: 12.000
arrive destination: False ,out of road:True   Total T: 439002 Episode Num: 1101 Episode T: 185 Reward: 181.200 Cost: 13.000
arrive destination: True ,out of road:False   Total T: 439260 Episode Num: 1102 Episode T: 258 Reward: 270.038 Cost: 2.000
arrive destination: True ,out of road:False   Total T: 439681 Episode Num: 1103 Episode T: 421 Reward: 377.344 Cost: 7.000
---------------------------------------
Evaluation over 20 episodes: 0.950 Cost 8.650.             SafeRL used : use_epo
---------------------------------------
[34;1m
Time: 2026-06-29 15:20:12, Time spent from previous logger: 167.423 s[0m
[34;1mCustomLogger with fileds: ['total_steps', 'EpRet', 'EpCost', 'CostRate'][0m
[34;1mfieldvalues: [440000, 0.95, 8.65, 0.016986402241823278]
[0m
arrive destination: True ,out of road:False   Total T: 440343 Episode Num: 1104 Episode T: 662 Reward: 558.729 Cost: 6.000
arrive destination: True ,out of road:False   Total T: 440717 Episode Num: 1105 Episode T: 374 Reward: 335.705 Cost: 14.000
arrive destination: True ,out of road:False   Total T: 441084 Episode Num: 1106 Episode T: 367 Reward: 357.730 Cost: 0.000
arrive destination: True ,out of road:False   Total T: 441481 Episode Num: 1107 Episode T: 397 Reward: 373.989 Cost: 0.000
arrive destination: True ,out of road:False   Total T: 441948 Episode Num: 1108 Episode T: 467 Reward: 407.739 Cost: 6.000
arrive destination: True ,out of road:False   Total T: 442256 Episode Num: 1109 Episode T: 308 Reward: 288.949 Cost: 0.000
arrive destination: True ,out of road:False   Total T: 442923 Episode Num: 1110 Episode T: 667 Reward: 514.202 Cost: 6.000
arrive destination: True ,out of road:False   Total T: 443197 Episode Num: 1111 Episode T: 274 Reward: 315.968 Cost: 12.000
arrive destination: True ,out of road:False   Total T: 443657 Episode Num: 1112 Episode T: 460 Reward: 336.345 Cost: 10.000
arrive destination: True ,out of road:False   Total T: 443887 Episode Num: 1113 Episode T: 230 Reward: 272.197 Cost: 0.000
arrive destination: True ,out of road:False   Total T: 444473 Episode Num: 1114 Episode T: 586 Reward: 493.161 Cost: 15.000
arrive destination: True ,out of road:False   Total T: 444867 Episode Num: 1115 Episode T: 394 Reward: 377.791 Cost: 1.000
arrive destination: True ,out of road:False   Total T: 445274 Episode Num: 1116 Episode T: 407 Reward: 378.049 Cost: 12.000
arrive destination: True ,out of road:False   Total T: 445625 Episode Num: 1117 Episode T: 351 Reward: 269.879 Cost: 5.000
arrive destination: True ,out of road:False   Total T: 446168 Episode Num: 1118 Episode T: 543 Reward: 493.152 Cost: 6.000
arrive destination: True ,out of road:False   Total T: 446358 Episode Num: 1119 Episode T: 190 Reward: 268.440 Cost: 0.000
arrive destination: True ,out of road:False   Total T: 446756 Episode Num: 1120 Episode T: 398 Reward: 354.886 Cost: 0.000
arrive destination: True ,out of road:False   Total T: 447081 Episode Num: 1121 Episode T: 325 Reward: 269.577 Cost: 5.000
arrive destination: True ,out of road:False   Total T: 447629 Episode Num: 1122 Episode T: 548 Reward: 420.659 Cost: 17.000
arrive destination: True ,out of road:False   Total T: 448039 Episode Num: 1123 Episode T: 410 Reward: 377.998 Cost: 4.000
arrive destination: True ,out of road:False   Total T: 448309 Episode Num: 1124 Episode T: 270 Reward: 294.185 Cost: 3.000
arrive destination: True ,out of road:False   Total T: 448585 Episode Num: 1125 Episode T: 276 Reward: 268.067 Cost: 0.000
arrive destination: True ,out of road:False   Total T: 448798 Episode Num: 1126 Episode T: 213 Reward: 246.390 Cost: 0.000
arrive destination: True ,out of road:False   Total T: 449199 Episode Num: 1127 Episode T: 401 Reward: 356.017 Cost: 0.000
arrive destination: True ,out of road:False   Total T: 449671 Episode Num: 1128 Episode T: 472 Reward: 397.512 Cost: 8.000
---------------------------------------
Evaluation over 20 episodes: 0.850 Cost 4.050.             SafeRL used : use_epo
---------------------------------------
[34;1m
Time: 2026-06-29 15:22:58, Time spent from previous logger: 166.050 s[0m
[34;1mCustomLogger with fileds: ['total_steps', 'EpRet', 'EpCost', 'CostRate'][0m
[34;1mfieldvalues: [450000, 0.85, 4.05, 0.016893370874157498]
[0m
arrive destination: True ,out of road:False   Total T: 450529 Episode Num: 1129 Episode T: 858 Reward: 723.728 Cost: 12.000
arrive destination: True ,out of road:False   Total T: 450735 Episode Num: 1130 Episode T: 206 Reward: 244.556 Cost: 0.000
arrive destination: False ,out of road:True   Total T: 451124 Episode Num: 1131 Episode T: 389 Reward: 287.945 Cost: 9.000
arrive destination: True ,out of road:False   Total T: 451317 Episode Num: 1132 Episode T: 193 Reward: 270.056 Cost: 0.000
arrive destination: True ,out of road:False   Total T: 451751 Episode Num: 1133 Episode T: 434 Reward: 398.988 Cost: 14.000
arrive destination: True ,out of road:False   Total T: 452452 Episode Num: 1134 Episode T: 701 Reward: 495.380 Cost: 22.000
arrive destination: True ,out of road:False   Total T: 452697 Episode Num: 1135 Episode T: 245 Reward: 276.202 Cost: 0.000
arrive destination: True ,out of road:False   Total T: 453268 Episode Num: 1136 Episode T: 571 Reward: 497.837 Cost: 5.000
arrive destination: True ,out of road:False   Total T: 453783 Episode Num: 1137 Episode T: 515 Reward: 470.125 Cost: 5.000
arrive destination: False ,out of road:True   Total T: 454171 Episode Num: 1138 Episode T: 388 Reward: 268.436 Cost: 6.000
arrive destination: True ,out of road:False   Total T: 454455 Episode Num: 1139 Episode T: 284 Reward: 335.027 Cost: 1.000
arrive destination: False ,out of road:True   Total T: 454816 Episode Num: 1140 Episode T: 361 Reward: 305.849 Cost: 7.000
arrive destination: True ,out of road:False   Total T: 455247 Episode Num: 1141 Episode T: 431 Reward: 470.324 Cost: 4.000
arrive destination: True ,out of road:False   Total T: 455422 Episode Num: 1142 Episode T: 175 Reward: 269.684 Cost: 0.000
arrive destination: True ,out of road:False   Total T: 455698 Episode Num: 1143 Episode T: 276 Reward: 335.543 Cost: 0.000
arrive destination: True ,out of road:False   Total T: 456161 Episode Num: 1144 Episode T: 463 Reward: 467.356 Cost: 1.000
arrive destination: True ,out of road:False   Total T: 456680 Episode Num: 1145 Episode T: 519 Reward: 468.488 Cost: 3.000
arrive destination: True ,out of road:False   Total T: 457046 Episode Num: 1146 Episode T: 366 Reward: 401.634 Cost: 0.000
arrive destination: False ,out of road:True   Total T: 457357 Episode Num: 1147 Episode T: 311 Reward: 266.346 Cost: 3.000
arrive destination: True ,out of road:False   Total T: 457538 Episode Num: 1148 Episode T: 181 Reward: 268.788 Cost: 0.000
arrive destination: True ,out of road:False   Total T: 457907 Episode Num: 1149 Episode T: 369 Reward: 351.962 Cost: 9.000
arrive destination: False ,out of road:True   Total T: 458150 Episode Num: 1150 Episode T: 243 Reward: 193.334 Cost: 10.000
arrive destination: False ,out of road:True   Total T: 458361 Episode Num: 1151 Episode T: 211 Reward: 250.132 Cost: 5.000
arrive destination: False ,out of road:True   Total T: 458709 Episode Num: 1152 Episode T: 348 Reward: 238.224 Cost: 7.000
arrive destination: True ,out of road:False   Total T: 458950 Episode Num: 1153 Episode T: 241 Reward: 295.607 Cost: 2.000
arrive destination: False ,out of road:True   Total T: 459250 Episode Num: 1154 Episode T: 300 Reward: 260.672 Cost: 1.000
---------------------------------------
Evaluation over 20 episodes: 0.650 Cost 8.500.             SafeRL used : use_epo
---------------------------------------
[34;1m
Time: 2026-06-29 15:25:37, Time spent from previous logger: 158.575 s[0m
[34;1mCustomLogger with fileds: ['total_steps', 'EpRet', 'EpCost', 'CostRate'][0m
[34;1mfieldvalues: [460000, 0.65, 8.5, 0.016802210439587913]
[0m
arrive destination: False ,out of road:False   Total T: 460250 Episode Num: 1155 Episode T: 1000 Reward: 449.513 Cost: 4.000
arrive destination: True ,out of road:False   Total T: 460483 Episode Num: 1156 Episode T: 233 Reward: 275.416 Cost: 1.000
arrive destination: False ,out of road:True   Total T: 460606 Episode Num: 1157 Episode T: 123 Reward: 126.503 Cost: 4.000
arrive destination: False ,out of road:True   Total T: 460710 Episode Num: 1158 Episode T: 104 Reward: 85.188 Cost: 2.000
arrive destination: True ,out of road:False   Total T: 460937 Episode Num: 1159 Episode T: 227 Reward: 284.053 Cost: 3.000
arrive destination: True ,out of road:False   Total T: 461119 Episode Num: 1160 Episode T: 182 Reward: 269.402 Cost: 0.000
arrive destination: True ,out of road:False   Total T: 461414 Episode Num: 1161 Episode T: 295 Reward: 335.433 Cost: 1.000
arrive destination: True ,out of road:False   Total T: 461756 Episode Num: 1162 Episode T: 342 Reward: 294.273 Cost: 23.000
arrive destination: False ,out of road:True   Total T: 461880 Episode Num: 1163 Episode T: 124 Reward: 127.617 Cost: 3.000
arrive destination: True ,out of road:False   Total T: 462085 Episode Num: 1164 Episode T: 205 Reward: 244.983 Cost: 0.000
arrive destination: True ,out of road:False   Total T: 462528 Episode Num: 1165 Episode T: 443 Reward: 335.819 Cost: 11.000
arrive destination: True ,out of road:False   Total T: 462927 Episode Num: 1166 Episode T: 399 Reward: 358.083 Cost: 0.000
arrive destination: True ,out of road:False   Total T: 463362 Episode Num: 1167 Episode T: 435 Reward: 467.326 Cost: 1.000
arrive destination: False ,out of road:True   Total T: 463490 Episode Num: 1168 Episode T: 128 Reward: 138.204 Cost: 2.000
arrive destination: False ,out of road:True   Total T: 463861 Episode Num: 1169 Episode T: 371 Reward: 270.170 Cost: 4.000
arrive destination: False ,out of road:True   Total T: 464418 Episode Num: 1170 Episode T: 557 Reward: 475.606 Cost: 8.000
arrive destination: True ,out of road:False   Total T: 464825 Episode Num: 1171 Episode T: 407 Reward: 378.594 Cost: 13.000
arrive destination: True ,out of road:False   Total T: 465259 Episode Num: 1172 Episode T: 434 Reward: 468.349 Cost: 7.000
arrive destination: True ,out of road:False   Total T: 465516 Episode Num: 1173 Episode T: 257 Reward: 233.876 Cost: 0.000
arrive destination: True ,out of road:False   Total T: 466178 Episode Num: 1174 Episode T: 662 Reward: 513.983 Cost: 5.000
arrive destination: True ,out of road:False   Total T: 466926 Episode Num: 1175 Episode T: 748 Reward: 514.209 Cost: 19.000
arrive destination: True ,out of road:False   Total T: 467290 Episode Num: 1176 Episode T: 364 Reward: 391.383 Cost: 0.000
arrive destination: True ,out of road:False   Total T: 467657 Episode Num: 1177 Episode T: 367 Reward: 355.869 Cost: 4.000
arrive destination: True ,out of road:False   Total T: 468011 Episode Num: 1178 Episode T: 354 Reward: 294.240 Cost: 3.000
arrive destination: False ,out of road:True   Total T: 468115 Episode Num: 1179 Episode T: 104 Reward: 78.380 Cost: 1.000
arrive destination: True ,out of road:False   Total T: 468363 Episode Num: 1180 Episode T: 248 Reward: 270.581 Cost: 2.000
arrive destination: True ,out of road:False   Total T: 468586 Episode Num: 1181 Episode T: 223 Reward: 284.436 Cost: 0.000
arrive destination: True ,out of road:False   Total T: 468868 Episode Num: 1182 Episode T: 282 Reward: 294.549 Cost: 12.000
arrive destination: True ,out of road:False   Total T: 469092 Episode Num: 1183 Episode T: 224 Reward: 233.116 Cost: 0.000
arrive destination: False ,out of road:True   Total T: 469549 Episode Num: 1184 Episode T: 457 Reward: 349.193 Cost: 7.000
arrive destination: True ,out of road:False   Total T: 469786 Episode Num: 1185 Episode T: 237 Reward: 272.911 Cost: 1.000
---------------------------------------
Evaluation over 20 episodes: 0.650 Cost 3.850.             SafeRL used : use_epo
---------------------------------------
[34;1m
Time: 2026-06-29 15:28:17, Time spent from previous logger: 159.893 s[0m
[34;1mCustomLogger with fileds: ['total_steps', 'EpRet', 'EpCost', 'CostRate'][0m
[34;1mfieldvalues: [470000, 0.65, 3.85, 0.016744716478120165]
[0m
arrive destination: True ,out of road:False   Total T: 470715 Episode Num: 1186 Episode T: 929 Reward: 687.941 Cost: 10.000
arrive destination: True ,out of road:False   Total T: 470944 Episode Num: 1187 Episode T: 229 Reward: 232.886 Cost: 8.000
arrive destination: False ,out of road:True   Total T: 471101 Episode Num: 1188 Episode T: 157 Reward: 198.839 Cost: 1.000
arrive destination: True ,out of road:False   Total T: 471333 Episode Num: 1189 Episode T: 232 Reward: 295.994 Cost: 2.000
arrive destination: True ,out of road:False   Total T: 471700 Episode Num: 1190 Episode T: 367 Reward: 404.545 Cost: 0.000
arrive destination: True ,out of road:False   Total T: 472111 Episode Num: 1191 Episode T: 411 Reward: 335.693 Cost: 13.000
arrive destination: True ,out of road:False   Total T: 472373 Episode Num: 1192 Episode T: 262 Reward: 295.469 Cost: 3.000
arrive destination: False ,out of road:True   Total T: 472593 Episode Num: 1193 Episode T: 220 Reward: 161.482 Cost: 10.000
arrive destination: True ,out of road:False   Total T: 472991 Episode Num: 1194 Episode T: 398 Reward: 378.191 Cost: 2.000
arrive destination: True ,out of road:False   Total T: 473528 Episode Num: 1195 Episode T: 537 Reward: 397.041 Cost: 13.000
arrive destination: True ,out of road:False   Total T: 473920 Episode Num: 1196 Episode T: 392 Reward: 358.851 Cost: 0.000
arrive destination: False ,out of road:True   Total T: 474022 Episode Num: 1197 Episode T: 102 Reward: 83.755 Cost: 2.000
arrive destination: True ,out of road:False   Total T: 474386 Episode Num: 1198 Episode T: 364 Reward: 397.615 Cost: 0.000
arrive destination: True ,out of road:False   Total T: 474618 Episode Num: 1199 Episode T: 232 Reward: 233.032 Cost: 4.000
arrive destination: True ,out of road:False   Total T: 474857 Episode Num: 1200 Episode T: 239 Reward: 272.830 Cost: 0.000
arrive destination: False ,out of road:True   Total T: 475061 Episode Num: 1201 Episode T: 204 Reward: 263.558 Cost: 4.000
arrive destination: False ,out of road:True   Total T: 475227 Episode Num: 1202 Episode T: 166 Reward: 201.951 Cost: 1.000
arrive destination: True ,out of road:False   Total T: 475710 Episode Num: 1203 Episode T: 483 Reward: 336.459 Cost: 37.000
arrive destination: True ,out of road:False   Total T: 476150 Episode Num: 1204 Episode T: 440 Reward: 474.394 Cost: 10.000
arrive destination: True ,out of road:False   Total T: 476583 Episode Num: 1205 Episode T: 433 Reward: 400.727 Cost: 1.000
arrive destination: True ,out of road:False   Total T: 476975 Episode Num: 1206 Episode T: 392 Reward: 363.923 Cost: 0.000
arrive destination: False ,out of road:True   Total T: 477226 Episode Num: 1207 Episode T: 251 Reward: 200.137 Cost: 6.000
arrive destination: True ,out of road:False   Total T: 477930 Episode Num: 1208 Episode T: 704 Reward: 512.977 Cost: 12.000
arrive destination: True ,out of road:False   Total T: 478168 Episode Num: 1209 Episode T: 238 Reward: 295.831 Cost: 0.000
arrive destination: True ,out of road:False   Total T: 478430 Episode Num: 1210 Episode T: 262 Reward: 272.937 Cost: 3.000
arrive destination: True ,out of road:False   Total T: 478759 Episode Num: 1211 Episode T: 329 Reward: 269.056 Cost: 2.000
arrive destination: True ,out of road:False   Total T: 478935 Episode Num: 1212 Episode T: 176 Reward: 268.588 Cost: 0.000
arrive destination: True ,out of road:False   Total T: 479141 Episode Num: 1213 Episode T: 206 Reward: 241.041 Cost: 0.000
arrive destination: True ,out of road:False   Total T: 479317 Episode Num: 1214 Episode T: 176 Reward: 268.681 Cost: 0.000
arrive destination: True ,out of road:False   Total T: 479601 Episode Num: 1215 Episode T: 284 Reward: 335.885 Cost: 14.000
---------------------------------------
Evaluation over 20 episodes: 0.800 Cost 5.150.             SafeRL used : use_epo
---------------------------------------
[34;1m
Time: 2026-06-29 15:30:58, Time spent from previous logger: 161.550 s[0m
[34;1mCustomLogger with fileds: ['total_steps', 'EpRet', 'EpCost', 'CostRate'][0m
[34;1mfieldvalues: [480000, 0.8, 5.15, 0.01672920151916983]
[0m
arrive destination: True ,out of road:False   Total T: 480305 Episode Num: 1216 Episode T: 704 Reward: 623.335 Cost: 7.000
arrive destination: True ,out of road:False   Total T: 480803 Episode Num: 1217 Episode T: 498 Reward: 397.267 Cost: 4.000
arrive destination: False ,out of road:True   Total T: 481140 Episode Num: 1218 Episode T: 337 Reward: 261.760 Cost: 2.000
arrive destination: True ,out of road:False   Total T: 481537 Episode Num: 1219 Episode T: 397 Reward: 397.495 Cost: 0.000
arrive destination: True ,out of road:False   Total T: 481936 Episode Num: 1220 Episode T: 399 Reward: 378.345 Cost: 1.000
arrive destination: True ,out of road:False   Total T: 482392 Episode Num: 1221 Episode T: 456 Reward: 420.831 Cost: 2.000
arrive destination: True ,out of road:False   Total T: 482633 Episode Num: 1222 Episode T: 241 Reward: 271.165 Cost: 0.000
arrive destination: False ,out of road:True   Total T: 482993 Episode Num: 1223 Episode T: 360 Reward: 318.368 Cost: 7.000
arrive destination: True ,out of road:False   Total T: 483214 Episode Num: 1224 Episode T: 221 Reward: 284.797 Cost: 0.000
arrive destination: True ,out of road:False   Total T: 483567 Episode Num: 1225 Episode T: 353 Reward: 374.472 Cost: 2.000
arrive destination: True ,out of road:False   Total T: 483790 Episode Num: 1226 Episode T: 223 Reward: 284.031 Cost: 3.000
arrive destination: True ,out of road:False   Total T: 484042 Episode Num: 1227 Episode T: 252 Reward: 273.931 Cost: 0.000
arrive destination: True ,out of road:False   Total T: 484388 Episode Num: 1228 Episode T: 346 Reward: 356.615 Cost: 0.000
arrive destination: True ,out of road:False   Total T: 484674 Episode Num: 1229 Episode T: 286 Reward: 335.384 Cost: 2.000
arrive destination: True ,out of road:False   Total T: 485006 Episode Num: 1230 Episode T: 332 Reward: 266.625 Cost: 2.000
arrive destination: True ,out of road:False   Total T: 485357 Episode Num: 1231 Episode T: 351 Reward: 335.758 Cost: 5.000
arrive destination: True ,out of road:False   Total T: 485747 Episode Num: 1232 Episode T: 390 Reward: 374.382 Cost: 0.000
arrive destination: True ,out of road:False   Total T: 486251 Episode Num: 1233 Episode T: 504 Reward: 411.667 Cost: 8.000
arrive destination: False ,out of road:False   Total T: 487251 Episode Num: 1234 Episode T: 1000 Reward: 55.889 Cost: 78.000
arrive destination: True ,out of road:False   Total T: 487535 Episode Num: 1235 Episode T: 284 Reward: 275.278 Cost: 1.000
arrive destination: False ,out of road:True   Total T: 487682 Episode Num: 1236 Episode T: 147 Reward: 129.064 Cost: 1.000
arrive destination: True ,out of road:False   Total T: 488290 Episode Num: 1237 Episode T: 608 Reward: 510.257 Cost: 10.000
arrive destination: True ,out of road:False   Total T: 488663 Episode Num: 1238 Episode T: 373 Reward: 376.338 Cost: 3.000
arrive destination: True ,out of road:False   Total T: 489289 Episode Num: 1239 Episode T: 626 Reward: 419.403 Cost: 18.000
arrive destination: True ,out of road:False   Total T: 489530 Episode Num: 1240 Episode T: 241 Reward: 284.462 Cost: 0.000
arrive destination: True ,out of road:False   Total T: 489755 Episode Num: 1241 Episode T: 225 Reward: 295.643 Cost: 0.000
---------------------------------------
Evaluation over 20 episodes: 0.650 Cost 4.250.             SafeRL used : use_epo
---------------------------------------
[34;1m
Time: 2026-06-29 15:33:32, Time spent from previous logger: 153.440 s[0m
[34;1mCustomLogger with fileds: ['total_steps', 'EpRet', 'EpCost', 'CostRate'][0m
[34;1mfieldvalues: [490000, 0.65, 4.25, 0.01671636064563397]
[0m
arrive destination: True ,out of road:False   Total T: 490339 Episode Num: 1242 Episode T: 584 Reward: 465.521 Cost: 14.000
arrive destination: True ,out of road:False   Total T: 490585 Episode Num: 1243 Episode T: 246 Reward: 271.936 Cost: 0.000
arrive destination: False ,out of road:True   Total T: 490924 Episode Num: 1244 Episode T: 339 Reward: 327.306 Cost: 1.000
arrive destination: True ,out of road:False   Total T: 491319 Episode Num: 1245 Episode T: 395 Reward: 378.345 Cost: 3.000
arrive destination: True ,out of road:False   Total T: 491565 Episode Num: 1246 Episode T: 246 Reward: 271.499 Cost: 2.000
arrive destination: False ,out of road:True   Total T: 491620 Episode Num: 1247 Episode T: 55 Reward: 21.581 Cost: 1.000
arrive destination: True ,out of road:False   Total T: 492014 Episode Num: 1248 Episode T: 394 Reward: 354.627 Cost: 0.000
arrive destination: True ,out of road:False   Total T: 492582 Episode Num: 1249 Episode T: 568 Reward: 419.552 Cost: 27.000
arrive destination: True ,out of road:False   Total T: 492914 Episode Num: 1250 Episode T: 332 Reward: 268.107 Cost: 4.000
arrive destination: True ,out of road:False   Total T: 493128 Episode Num: 1251 Episode T: 214 Reward: 232.566 Cost: 1.000
arrive destination: False ,out of road:True   Total T: 493216 Episode Num: 1252 Episode T: 88 Reward: 71.698 Cost: 1.000
arrive destination: False ,out of road:True   Total T: 493428 Episode Num: 1253 Episode T: 212 Reward: 174.567 Cost: 4.000
arrive destination: True ,out of road:False   Total T: 493973 Episode Num: 1254 Episode T: 545 Reward: 416.720 Cost: 19.000
arrive destination: True ,out of road:False   Total T: 494436 Episode Num: 1255 Episode T: 463 Reward: 466.251 Cost: 5.000
arrive destination: True ,out of road:False   Total T: 494676 Episode Num: 1256 Episode T: 240 Reward: 274.132 Cost: 0.000
arrive destination: True ,out of road:False   Total T: 494887 Episode Num: 1257 Episode T: 211 Reward: 243.802 Cost: 0.000
arrive destination: True ,out of road:False   Total T: 495124 Episode Num: 1258 Episode T: 237 Reward: 295.814 Cost: 0.000
arrive destination: True ,out of road:False   Total T: 495354 Episode Num: 1259 Episode T: 230 Reward: 283.810 Cost: 2.000
arrive destination: False ,out of road:True   Total T: 495442 Episode Num: 1260 Episode T: 88 Reward: 68.795 Cost: 1.000
arrive destination: False ,out of road:True   Total T: 495661 Episode Num: 1261 Episode T: 219 Reward: 161.956 Cost: 18.000
arrive destination: True ,out of road:False   Total T: 495997 Episode Num: 1262 Episode T: 336 Reward: 268.119 Cost: 3.000
arrive destination: True ,out of road:False   Total T: 496243 Episode Num: 1263 Episode T: 246 Reward: 274.862 Cost: 0.000
arrive destination: True ,out of road:False   Total T: 496489 Episode Num: 1264 Episode T: 246 Reward: 277.424 Cost: 0.000
arrive destination: True ,out of road:False   Total T: 497089 Episode Num: 1265 Episode T: 600 Reward: 422.516 Cost: 16.000
arrive destination: True ,out of road:False   Total T: 497446 Episode Num: 1266 Episode T: 357 Reward: 394.841 Cost: 0.000
arrive destination: True ,out of road:False   Total T: 497829 Episode Num: 1267 Episode T: 383 Reward: 373.648 Cost: 0.000
arrive destination: True ,out of road:False   Total T: 498594 Episode Num: 1268 Episode T: 765 Reward: 233.541 Cost: 1.000
arrive destination: True ,out of road:False   Total T: 499072 Episode Num: 1269 Episode T: 478 Reward: 459.927 Cost: 4.000
arrive destination: True ,out of road:False   Total T: 499352 Episode Num: 1270 Episode T: 280 Reward: 272.511 Cost: 0.000
arrive destination: True ,out of road:False   Total T: 499721 Episode Num: 1271 Episode T: 369 Reward: 391.366 Cost: 0.000
---------------------------------------
Evaluation over 20 episodes: 0.750 Cost 6.000.             SafeRL used : use_epo
---------------------------------------
[34;1m
Time: 2026-06-29 15:36:11, Time spent from previous logger: 159.380 s[0m
[34;1mCustomLogger with fileds: ['total_steps', 'EpRet', 'EpCost', 'CostRate'][0m
[34;1mfieldvalues: [500000, 0.75, 6.0, 0.016616033232066466]
[0m
arrive destination: True ,out of road:False   Total T: 500212 Episode Num: 1272 Episode T: 491 Reward: 545.738 Cost: 0.000
arrive destination: True ,out of road:False   Total T: 500681 Episode Num: 1273 Episode T: 469 Reward: 464.893 Cost: 1.000
arrive destination: True ,out of road:False   Total T: 501146 Episode Num: 1274 Episode T: 465 Reward: 464.347 Cost: 6.000
arrive destination: True ,out of road:False   Total T: 501419 Episode Num: 1275 Episode T: 273 Reward: 266.480 Cost: 7.000
arrive destination: True ,out of road:False   Total T: 501932 Episode Num: 1276 Episode T: 513 Reward: 413.791 Cost: 15.000
arrive destination: True ,out of road:False   Total T: 502386 Episode Num: 1277 Episode T: 454 Reward: 422.404 Cost: 3.000
arrive destination: True ,out of road:False   Total T: 502700 Episode Num: 1278 Episode T: 314 Reward: 272.655 Cost: 1.000
arrive destination: False ,out of road:True   Total T: 502798 Episode Num: 1279 Episode T: 98 Reward: 84.162 Cost: 1.000
arrive destination: True ,out of road:False   Total T: 503169 Episode Num: 1280 Episode T: 371 Reward: 397.552 Cost: 0.000
arrive destination: True ,out of road:False   Total T: 503628 Episode Num: 1281 Episode T: 459 Reward: 471.650 Cost: 6.000
arrive destination: True ,out of road:False   Total T: 504000 Episode Num: 1282 Episode T: 372 Reward: 375.733 Cost: 0.000
arrive destination: True ,out of road:False   Total T: 504232 Episode Num: 1283 Episode T: 232 Reward: 295.756 Cost: 0.000
arrive destination: True ,out of road:False   Total T: 504441 Episode Num: 1284 Episode T: 209 Reward: 242.026 Cost: 0.000
arrive destination: True ,out of road:False   Total T: 504715 Episode Num: 1285 Episode T: 274 Reward: 334.907 Cost: 2.000
arrive destination: True ,out of road:False   Total T: 504942 Episode Num: 1286 Episode T: 227 Reward: 232.677 Cost: 2.000
arrive destination: True ,out of road:False   Total T: 505166 Episode Num: 1287 Episode T: 224 Reward: 233.397 Cost: 2.000
arrive destination: True ,out of road:False   Total T: 505383 Episode Num: 1288 Episode T: 217 Reward: 242.819 Cost: 0.000
arrive destination: True ,out of road:False   Total T: 505992 Episode Num: 1289 Episode T: 609 Reward: 495.093 Cost: 6.000
arrive destination: True ,out of road:False   Total T: 506168 Episode Num: 1290 Episode T: 176 Reward: 268.980 Cost: 0.000
arrive destination: True ,out of road:False   Total T: 506489 Episode Num: 1291 Episode T: 321 Reward: 294.764 Cost: 12.000
arrive destination: True ,out of road:False   Total T: 506908 Episode Num: 1292 Episode T: 419 Reward: 420.027 Cost: 13.000
arrive destination: True ,out of road:False   Total T: 507440 Episode Num: 1293 Episode T: 532 Reward: 496.556 Cost: 5.000
arrive destination: False ,out of road:True   Total T: 507661 Episode Num: 1294 Episode T: 221 Reward: 187.995 Cost: 14.000
arrive destination: False ,out of road:True   Total T: 507703 Episode Num: 1295 Episode T: 42 Reward: 10.062 Cost: 1.000
arrive destination: False ,out of road:True   Total T: 507977 Episode Num: 1296 Episode T: 274 Reward: 190.972 Cost: 4.000
arrive destination: True ,out of road:False   Total T: 508244 Episode Num: 1297 Episode T: 267 Reward: 274.756 Cost: 6.000
arrive destination: True ,out of road:False   Total T: 508618 Episode Num: 1298 Episode T: 374 Reward: 392.735 Cost: 0.000
arrive destination: True ,out of road:False   Total T: 508855 Episode Num: 1299 Episode T: 237 Reward: 271.021 Cost: 1.000
arrive destination: True ,out of road:False   Total T: 509397 Episode Num: 1300 Episode T: 542 Reward: 493.573 Cost: 9.000
arrive destination: True ,out of road:False   Total T: 509690 Episode Num: 1301 Episode T: 293 Reward: 335.513 Cost: 1.000
arrive destination: False ,out of road:True   Total T: 509894 Episode Num: 1302 Episode T: 204 Reward: 167.545 Cost: 4.000
---------------------------------------
Evaluation over 20 episodes: 0.400 Cost 4.300.             SafeRL used : use_epo
---------------------------------------
[34;1m
Time: 2026-06-29 15:38:46, Time spent from previous logger: 155.574 s[0m
[34;1mCustomLogger with fileds: ['total_steps', 'EpRet', 'EpCost', 'CostRate'][0m
[34;1mfieldvalues: [510000, 0.4, 4.3, 0.01653728732801437]
[0m
arrive destination: False ,out of road:False   Total T: 510894 Episode Num: 1303 Episode T: 1000 Reward: 199.682 Cost: 6.000
arrive destination: False ,out of road:True   Total T: 511000 Episode Num: 1304 Episode T: 106 Reward: 77.490 Cost: 2.000
arrive destination: False ,out of road:True   Total T: 511363 Episode Num: 1305 Episode T: 363 Reward: 266.536 Cost: 5.000
arrive destination: True ,out of road:False   Total T: 511535 Episode Num: 1306 Episode T: 172 Reward: 269.240 Cost: 0.000
arrive destination: True ,out of road:False   Total T: 511786 Episode Num: 1307 Episode T: 251 Reward: 272.757 Cost: 0.000
arrive destination: True ,out of road:False   Total T: 512183 Episode Num: 1308 Episode T: 397 Reward: 378.090 Cost: 2.000
arrive destination: False ,out of road:True   Total T: 512580 Episode Num: 1309 Episode T: 397 Reward: 269.991 Cost: 2.000
arrive destination: False ,out of road:True   Total T: 512684 Episode Num: 1310 Episode T: 104 Reward: 87.271 Cost: 1.000
arrive destination: False ,out of road:True   Total T: 512919 Episode Num: 1311 Episode T: 235 Reward: 175.547 Cost: 7.000
arrive destination: False ,out of road:True   Total T: 513423 Episode Num: 1312 Episode T: 504 Reward: 388.817 Cost: 17.000
arrive destination: True ,out of road:False   Total T: 513602 Episode Num: 1313 Episode T: 179 Reward: 269.724 Cost: 0.000
arrive destination: False ,out of road:True   Total T: 514036 Episode Num: 1314 Episode T: 434 Reward: 270.552 Cost: 7.000
arrive destination: False ,out of road:True   Total T: 514340 Episode Num: 1315 Episode T: 304 Reward: 299.893 Cost: 9.000
arrive destination: True ,out of road:False   Total T: 514590 Episode Num: 1316 Episode T: 250 Reward: 272.256 Cost: 0.000
arrive destination: False ,out of road:False   Total T: 515590 Episode Num: 1317 Episode T: 1000 Reward: 325.093 Cost: 8.000
arrive destination: False ,out of road:True   Total T: 515680 Episode Num: 1318 Episode T: 90 Reward: 65.519 Cost: 1.000
arrive destination: True ,out of road:False   Total T: 515973 Episode Num: 1319 Episode T: 293 Reward: 336.081 Cost: 1.000
arrive destination: True ,out of road:False   Total T: 516185 Episode Num: 1320 Episode T: 212 Reward: 285.212 Cost: 0.000
arrive destination: False ,out of road:True   Total T: 516385 Episode Num: 1321 Episode T: 200 Reward: 164.858 Cost: 3.000
arrive destination: True ,out of road:False   Total T: 516592 Episode Num: 1322 Episode T: 207 Reward: 241.936 Cost: 0.000
arrive destination: False ,out of road:True   Total T: 516760 Episode Num: 1323 Episode T: 168 Reward: 182.087 Cost: 1.000
arrive destination: False ,out of road:True   Total T: 516978 Episode Num: 1324 Episode T: 218 Reward: 172.315 Cost: 4.000
arrive destination: True ,out of road:False   Total T: 517161 Episode Num: 1325 Episode T: 183 Reward: 269.999 Cost: 0.000
arrive destination: True ,out of road:False   Total T: 517523 Episode Num: 1326 Episode T: 362 Reward: 399.623 Cost: 0.000
arrive destination: False ,out of road:True   Total T: 517627 Episode Num: 1327 Episode T: 104 Reward: 66.069 Cost: 6.000
arrive destination: False ,out of road:True   Total T: 517843 Episode Num: 1328 Episode T: 216 Reward: 183.650 Cost: 1.000
arrive destination: False ,out of road:True   Total T: 517978 Episode Num: 1329 Episode T: 135 Reward: 131.150 Cost: 7.000
arrive destination: False ,out of road:True   Total T: 518121 Episode Num: 1330 Episode T: 143 Reward: 164.234 Cost: 1.000
arrive destination: False ,out of road:True   Total T: 518593 Episode Num: 1331 Episode T: 472 Reward: 411.538 Cost: 23.000
arrive destination: True ,out of road:False   Total T: 518775 Episode Num: 1332 Episode T: 182 Reward: 269.202 Cost: 0.000
arrive destination: True ,out of road:False   Total T: 519141 Episode Num: 1333 Episode T: 366 Reward: 359.139 Cost: 0.000
arrive destination: False ,out of road:True   Total T: 519447 Episode Num: 1334 Episode T: 306 Reward: 208.978 Cost: 5.000
arrive destination: True ,out of road:False   Total T: 519818 Episode Num: 1335 Episode T: 371 Reward: 394.388 Cost: 0.000
---------------------------------------
Evaluation over 20 episodes: 0.750 Cost 4.100.             SafeRL used : use_epo
---------------------------------------
[34;1m
Time: 2026-06-29 15:41:27, Time spent from previous logger: 160.936 s[0m
[34;1mCustomLogger with fileds: ['total_steps', 'EpRet', 'EpCost', 'CostRate'][0m
[34;1mfieldvalues: [520000, 0.75, 4.1, 0.016440416231569676]
[0m
arrive destination: True ,out of road:False   Total T: 520321 Episode Num: 1336 Episode T: 503 Reward: 422.097 Cost: 12.000
arrive destination: True ,out of road:False   Total T: 520554 Episode Num: 1337 Episode T: 233 Reward: 269.900 Cost: 0.000
arrive destination: False ,out of road:True   Total T: 520942 Episode Num: 1338 Episode T: 388 Reward: 268.476 Cost: 7.000
arrive destination: True ,out of road:False   Total T: 521454 Episode Num: 1339 Episode T: 512 Reward: 400.527 Cost: 8.000
arrive destination: True ,out of road:False   Total T: 521703 Episode Num: 1340 Episode T: 249 Reward: 272.341 Cost: 0.000
arrive destination: True ,out of road:False   Total T: 522077 Episode Num: 1341 Episode T: 374 Reward: 294.666 Cost: 5.000
arrive destination: True ,out of road:False   Total T: 522438 Episode Num: 1342 Episode T: 361 Reward: 358.985 Cost: 0.000
arrive destination: False ,out of road:True   Total T: 522525 Episode Num: 1343 Episode T: 87 Reward: 61.859 Cost: 1.000
arrive destination: True ,out of road:False   Total T: 523014 Episode Num: 1344 Episode T: 489 Reward: 422.320 Cost: 23.000
arrive destination: False ,out of road:True   Total T: 523164 Episode Num: 1345 Episode T: 150 Reward: 141.638 Cost: 1.000
arrive destination: True ,out of road:False   Total T: 523520 Episode Num: 1346 Episode T: 356 Reward: 357.269 Cost: 0.000
arrive destination: False ,out of road:True   Total T: 523724 Episode Num: 1347 Episode T: 204 Reward: 167.868 Cost: 2.000
arrive destination: True ,out of road:False   Total T: 523927 Episode Num: 1348 Episode T: 203 Reward: 232.839 Cost: 9.000
arrive destination: False ,out of road:True   Total T: 524106 Episode Num: 1349 Episode T: 179 Reward: 223.343 Cost: 2.000
arrive destination: True ,out of road:False   Total T: 524758 Episode Num: 1350 Episode T: 652 Reward: 513.023 Cost: 10.000
arrive destination: False ,out of road:True   Total T: 524848 Episode Num: 1351 Episode T: 90 Reward: 73.565 Cost: 1.000
arrive destination: True ,out of road:False   Total T: 525249 Episode Num: 1352 Episode T: 401 Reward: 378.454 Cost: 3.000
arrive destination: False ,out of road:True   Total T: 525362 Episode Num: 1353 Episode T: 113 Reward: 92.241 Cost: 2.000
arrive destination: True ,out of road:False   Total T: 525763 Episode Num: 1354 Episode T: 401 Reward: 378.582 Cost: 3.000
arrive destination: True ,out of road:False   Total T: 526056 Episode Num: 1355 Episode T: 293 Reward: 294.166 Cost: 7.000
arrive destination: True ,out of road:False   Total T: 526291 Episode Num: 1356 Episode T: 235 Reward: 273.326 Cost: 0.000
arrive destination: True ,out of road:False   Total T: 526662 Episode Num: 1357 Episode T: 371 Reward: 375.509 Cost: 5.000
arrive destination: True ,out of road:False   Total T: 527008 Episode Num: 1358 Episode T: 346 Reward: 265.963 Cost: 3.000
arrive destination: False ,out of road:True   Total T: 527116 Episode Num: 1359 Episode T: 108 Reward: 93.109 Cost: 1.000
arrive destination: True ,out of road:False   Total T: 527509 Episode Num: 1360 Episode T: 393 Reward: 378.551 Cost: 16.000
arrive destination: False ,out of road:True   Total T: 527604 Episode Num: 1361 Episode T: 95 Reward: 70.279 Cost: 1.000
arrive destination: False ,out of road:True   Total T: 528041 Episode Num: 1362 Episode T: 437 Reward: 443.600 Cost: 2.000
arrive destination: False ,out of road:True   Total T: 528139 Episode Num: 1363 Episode T: 98 Reward: 72.927 Cost: 4.000
arrive destination: False ,out of road:True   Total T: 528190 Episode Num: 1364 Episode T: 51 Reward: 18.013 Cost: 1.000
arrive destination: True ,out of road:False   Total T: 528419 Episode Num: 1365 Episode T: 229 Reward: 283.224 Cost: 0.000
arrive destination: True ,out of road:False   Total T: 528882 Episode Num: 1366 Episode T: 463 Reward: 473.579 Cost: 4.000
arrive destination: False ,out of road:True   Total T: 528929 Episode Num: 1367 Episode T: 47 Reward: 13.878 Cost: 1.000
arrive destination: False ,out of road:True   Total T: 528969 Episode Num: 1368 Episode T: 40 Reward: 6.810 Cost: 1.000
arrive destination: False ,out of road:True   Total T: 529033 Episode Num: 1369 Episode T: 64 Reward: 28.949 Cost: 1.000
arrive destination: True ,out of road:False   Total T: 529391 Episode Num: 1370 Episode T: 358 Reward: 399.339 Cost: 0.000
arrive destination: False ,out of road:True   Total T: 529494 Episode Num: 1371 Episode T: 103 Reward: 96.457 Cost: 1.000
arrive destination: True ,out of road:False   Total T: 529870 Episode Num: 1372 Episode T: 376 Reward: 357.115 Cost: 12.000
---------------------------------------
Evaluation over 20 episodes: 0.400 Cost 4.150.             SafeRL used : use_epo
---------------------------------------
[34;1m
Time: 2026-06-29 15:44:00, Time spent from previous logger: 152.859 s[0m
[34;1mCustomLogger with fileds: ['total_steps', 'EpRet', 'EpCost', 'CostRate'][0m
[34;1mfieldvalues: [530000, 0.4, 4.15, 0.016415125311557192]
[0m
arrive destination: False ,out of road:True   Total T: 530099 Episode Num: 1373 Episode T: 229 Reward: 213.041 Cost: 4.000
arrive destination: True ,out of road:False   Total T: 530463 Episode Num: 1374 Episode T: 364 Reward: 397.853 Cost: 0.000
arrive destination: True ,out of road:False   Total T: 530928 Episode Num: 1375 Episode T: 465 Reward: 378.997 Cost: 14.000
arrive destination: True ,out of road:False   Total T: 531609 Episode Num: 1376 Episode T: 681 Reward: 424.209 Cost: 20.000
arrive destination: True ,out of road:False   Total T: 531799 Episode Num: 1377 Episode T: 190 Reward: 269.521 Cost: 0.000
arrive destination: True ,out of road:False   Total T: 532477 Episode Num: 1378 Episode T: 678 Reward: 421.354 Cost: 22.000
arrive destination: False ,out of road:True   Total T: 532697 Episode Num: 1379 Episode T: 220 Reward: 171.527 Cost: 4.000
arrive destination: False ,out of road:True   Total T: 532889 Episode Num: 1380 Episode T: 192 Reward: 179.761 Cost: 3.000
arrive destination: True ,out of road:False   Total T: 533183 Episode Num: 1381 Episode T: 294 Reward: 271.050 Cost: 10.000
arrive destination: True ,out of road:False   Total T: 533580 Episode Num: 1382 Episode T: 397 Reward: 378.795 Cost: 5.000
arrive destination: True ,out of road:False   Total T: 533841 Episode Num: 1383 Episode T: 261 Reward: 268.582 Cost: 3.000
arrive destination: True ,out of road:False   Total T: 534016 Episode Num: 1384 Episode T: 175 Reward: 269.469 Cost: 0.000
arrive destination: True ,out of road:False   Total T: 534238 Episode Num: 1385 Episode T: 222 Reward: 283.771 Cost: 0.000
arrive destination: True ,out of road:False   Total T: 534640 Episode Num: 1386 Episode T: 402 Reward: 356.876 Cost: 0.000
arrive destination: False ,out of road:True   Total T: 535059 Episode Num: 1387 Episode T: 419 Reward: 275.726 Cost: 6.000
arrive destination: False ,out of road:True   Total T: 535599 Episode Num: 1388 Episode T: 540 Reward: 379.456 Cost: 11.000
arrive destination: True ,out of road:False   Total T: 535997 Episode Num: 1389 Episode T: 398 Reward: 378.553 Cost: 5.000
arrive destination: False ,out of road:True   Total T: 536101 Episode Num: 1390 Episode T: 104 Reward: 87.270 Cost: 1.000
arrive destination: False ,out of road:True   Total T: 536276 Episode Num: 1391 Episode T: 175 Reward: 222.612 Cost: 1.000
arrive destination: True ,out of road:False   Total T: 536726 Episode Num: 1392 Episode T: 450 Reward: 379.785 Cost: 1.000
arrive destination: True ,out of road:False   Total T: 537222 Episode Num: 1393 Episode T: 496 Reward: 422.902 Cost: 14.000
arrive destination: False ,out of road:True   Total T: 537402 Episode Num: 1394 Episode T: 180 Reward: 184.105 Cost: 1.000
arrive destination: True ,out of road:False   Total T: 537757 Episode Num: 1395 Episode T: 355 Reward: 336.143 Cost: 8.000
arrive destination: True ,out of road:False   Total T: 538153 Episode Num: 1396 Episode T: 396 Reward: 362.123 Cost: 0.000
arrive destination: True ,out of road:False   Total T: 538551 Episode Num: 1397 Episode T: 398 Reward: 361.905 Cost: 0.000
arrive destination: True ,out of road:False   Total T: 539157 Episode Num: 1398 Episode T: 606 Reward: 512.120 Cost: 5.000
arrive destination: True ,out of road:False   Total T: 539513 Episode Num: 1399 Episode T: 356 Reward: 336.257 Cost: 2.000
arrive destination: True ,out of road:False   Total T: 539717 Episode Num: 1400 Episode T: 204 Reward: 232.855 Cost: 11.000
arrive destination: False ,out of road:True   Total T: 539772 Episode Num: 1401 Episode T: 55 Reward: 20.379 Cost: 1.000
---------------------------------------
Evaluation over 20 episodes: 0.450 Cost 5.250.             SafeRL used : use_epo
---------------------------------------
[34;1m
Time: 2026-06-29 15:46:48, Time spent from previous logger: 167.579 s[0m
[34;1mCustomLogger with fileds: ['total_steps', 'EpRet', 'EpCost', 'CostRate'][0m
[34;1mfieldvalues: [540000, 0.45, 5.25, 0.016403734080989038]
[0m
arrive destination: True ,out of road:False   Total T: 540182 Episode Num: 1402 Episode T: 410 Reward: 488.482 Cost: 8.000
arrive destination: True ,out of road:False   Total T: 540410 Episode Num: 1403 Episode T: 228 Reward: 283.547 Cost: 0.000
arrive destination: False ,out of road:True   Total T: 540867 Episode Num: 1404 Episode T: 457 Reward: 448.585 Cost: 2.000
arrive destination: True ,out of road:False   Total T: 541374 Episode Num: 1405 Episode T: 507 Reward: 417.984 Cost: 11.000
arrive destination: True ,out of road:False   Total T: 541816 Episode Num: 1406 Episode T: 442 Reward: 482.946 Cost: 6.000
arrive destination: True ,out of road:False   Total T: 542072 Episode Num: 1407 Episode T: 256 Reward: 296.080 Cost: 1.000
arrive destination: False ,out of road:True   Total T: 542504 Episode Num: 1408 Episode T: 432 Reward: 317.731 Cost: 5.000
arrive destination: True ,out of road:False   Total T: 542763 Episode Num: 1409 Episode T: 259 Reward: 271.530 Cost: 1.000
arrive destination: True ,out of road:False   Total T: 542969 Episode Num: 1410 Episode T: 206 Reward: 232.157 Cost: 0.000
arrive destination: False ,out of road:True   Total T: 543188 Episode Num: 1411 Episode T: 219 Reward: 193.870 Cost: 14.000
arrive destination: False ,out of road:True   Total T: 543581 Episode Num: 1412 Episode T: 393 Reward: 273.393 Cost: 5.000
arrive destination: True ,out of road:False   Total T: 543942 Episode Num: 1413 Episode T: 361 Reward: 396.586 Cost: 0.000
arrive destination: False ,out of road:True   Total T: 544299 Episode Num: 1414 Episode T: 357 Reward: 255.502 Cost: 1.000
arrive destination: True ,out of road:False   Total T: 544819 Episode Num: 1415 Episode T: 520 Reward: 400.541 Cost: 12.000
arrive destination: False ,out of road:True   Total T: 544974 Episode Num: 1416 Episode T: 155 Reward: 180.489 Cost: 4.000
arrive destination: False ,out of road:True   Total T: 545157 Episode Num: 1417 Episode T: 183 Reward: 209.248 Cost: 2.000
arrive destination: True ,out of road:False   Total T: 545753 Episode Num: 1418 Episode T: 596 Reward: 335.934 Cost: 1.000
arrive destination: True ,out of road:False   Total T: 545981 Episode Num: 1419 Episode T: 228 Reward: 284.000 Cost: 0.000
arrive destination: True ,out of road:False   Total T: 546410 Episode Num: 1420 Episode T: 429 Reward: 377.214 Cost: 14.000
arrive destination: False ,out of road:True   Total T: 546512 Episode Num: 1421 Episode T: 102 Reward: 86.657 Cost: 1.000
arrive destination: True ,out of road:False   Total T: 546748 Episode Num: 1422 Episode T: 236 Reward: 283.196 Cost: 3.000
arrive destination: True ,out of road:False   Total T: 547024 Episode Num: 1423 Episode T: 276 Reward: 267.705 Cost: 0.000
arrive destination: True ,out of road:False   Total T: 547229 Episode Num: 1424 Episode T: 205 Reward: 242.564 Cost: 0.000
arrive destination: True ,out of road:False   Total T: 547403 Episode Num: 1425 Episode T: 174 Reward: 268.534 Cost: 0.000
arrive destination: False ,out of road:True   Total T: 547500 Episode Num: 1426 Episode T: 97 Reward: 72.415 Cost: 4.000
arrive destination: True ,out of road:False   Total T: 547705 Episode Num: 1427 Episode T: 205 Reward: 232.661 Cost: 0.000
arrive destination: False ,out of road:True   Total T: 547974 Episode Num: 1428 Episode T: 269 Reward: 249.488 Cost: 12.000
arrive destination: True ,out of road:False   Total T: 548468 Episode Num: 1429 Episode T: 494 Reward: 475.154 Cost: 4.000
arrive destination: False ,out of road:True   Total T: 548554 Episode Num: 1430 Episode T: 86 Reward: 55.975 Cost: 1.000
arrive destination: True ,out of road:False   Total T: 549001 Episode Num: 1431 Episode T: 447 Reward: 465.279 Cost: 1.000
arrive destination: True ,out of road:False   Total T: 549313 Episode Num: 1432 Episode T: 312 Reward: 265.288 Cost: 2.000
arrive destination: True ,out of road:False   Total T: 549583 Episode Num: 1433 Episode T: 270 Reward: 295.929 Cost: 3.000
arrive destination: False ,out of road:True   Total T: 549910 Episode Num: 1434 Episode T: 327 Reward: 248.968 Cost: 6.000
---------------------------------------
Evaluation over 20 episodes: 0.800 Cost 7.300.             SafeRL used : use_epo
---------------------------------------
[34;1m
Time: 2026-06-29 15:49:24, Time spent from previous logger: 156.315 s[0m
[34;1mCustomLogger with fileds: ['total_steps', 'EpRet', 'EpCost', 'CostRate'][0m
[34;1mfieldvalues: [550000, 0.8, 7.3, 0.016316393302533278]
[0m
arrive destination: True ,out of road:False   Total T: 550335 Episode Num: 1435 Episode T: 425 Reward: 415.601 Cost: 2.000
arrive destination: False ,out of road:True   Total T: 550774 Episode Num: 1436 Episode T: 439 Reward: 441.832 Cost: 2.000
arrive destination: False ,out of road:True   Total T: 551201 Episode Num: 1437 Episode T: 427 Reward: 286.319 Cost: 7.000
arrive destination: True ,out of road:False   Total T: 551662 Episode Num: 1438 Episode T: 461 Reward: 464.516 Cost: 8.000
arrive destination: False ,out of road:True   Total T: 551985 Episode Num: 1439 Episode T: 323 Reward: 278.701 Cost: 5.000
arrive destination: True ,out of road:False   Total T: 552387 Episode Num: 1440 Episode T: 402 Reward: 359.535 Cost: 0.000
arrive destination: False ,out of road:True   Total T: 552725 Episode Num: 1441 Episode T: 338 Reward: 263.033 Cost: 1.000
arrive destination: True ,out of road:False   Total T: 552977 Episode Num: 1442 Episode T: 252 Reward: 273.878 Cost: 0.000
arrive destination: True ,out of road:False   Total T: 553216 Episode Num: 1443 Episode T: 239 Reward: 295.526 Cost: 0.000
arrive destination: True ,out of road:False   Total T: 553469 Episode Num: 1444 Episode T: 253 Reward: 233.211 Cost: 3.000
arrive destination: True ,out of road:False   Total T: 553725 Episode Num: 1445 Episode T: 256 Reward: 272.331 Cost: 2.000
arrive destination: True ,out of road:False   Total T: 553961 Episode Num: 1446 Episode T: 236 Reward: 335.979 Cost: 1.000
arrive destination: True ,out of road:False   Total T: 554370 Episode Num: 1447 Episode T: 409 Reward: 361.770 Cost: 0.000
arrive destination: True ,out of road:False   Total T: 554587 Episode Num: 1448 Episode T: 217 Reward: 244.820 Cost: 0.000
arrive destination: True ,out of road:False   Total T: 555002 Episode Num: 1449 Episode T: 415 Reward: 380.432 Cost: 6.000
arrive destination: False ,out of road:True   Total T: 555080 Episode Num: 1450 Episode T: 78 Reward: 56.239 Cost: 1.000
arrive destination: True ,out of road:False   Total T: 555334 Episode Num: 1451 Episode T: 254 Reward: 273.576 Cost: 0.000
arrive destination: True ,out of road:False   Total T: 555606 Episode Num: 1452 Episode T: 272 Reward: 265.543 Cost: 9.000
arrive destination: True ,out of road:False   Total T: 555840 Episode Num: 1453 Episode T: 234 Reward: 232.887 Cost: 7.000
arrive destination: True ,out of road:False   Total T: 556224 Episode Num: 1454 Episode T: 384 Reward: 377.031 Cost: 1.000
arrive destination: False ,out of road:True   Total T: 556324 Episode Num: 1455 Episode T: 100 Reward: 84.683 Cost: 1.000
arrive destination: True ,out of road:False   Total T: 556643 Episode Num: 1456 Episode T: 319 Reward: 294.554 Cost: 4.000
arrive destination: True ,out of road:False   Total T: 556849 Episode Num: 1457 Episode T: 206 Reward: 283.384 Cost: 0.000
arrive destination: True ,out of road:False   Total T: 557256 Episode Num: 1458 Episode T: 407 Reward: 358.870 Cost: 0.000
arrive destination: False ,out of road:True   Total T: 557405 Episode Num: 1459 Episode T: 149 Reward: 176.777 Cost: 1.000
arrive destination: False ,out of road:True   Total T: 557635 Episode Num: 1460 Episode T: 230 Reward: 77.347 Cost: 10.000
arrive destination: True ,out of road:False   Total T: 557814 Episode Num: 1461 Episode T: 179 Reward: 269.250 Cost: 0.000
arrive destination: True ,out of road:False   Total T: 558075 Episode Num: 1462 Episode T: 261 Reward: 295.348 Cost: 3.000
arrive destination: True ,out of road:False   Total T: 558285 Episode Num: 1463 Episode T: 210 Reward: 232.429 Cost: 1.000
arrive destination: False ,out of road:True   Total T: 558575 Episode Num: 1464 Episode T: 290 Reward: 295.431 Cost: 10.000
arrive destination: True ,out of road:False   Total T: 558827 Episode Num: 1465 Episode T: 252 Reward: 272.408 Cost: 0.000
arrive destination: True ,out of road:False   Total T: 559223 Episode Num: 1466 Episode T: 396 Reward: 355.361 Cost: 0.000
arrive destination: True ,out of road:False   Total T: 559621 Episode Num: 1467 Episode T: 398 Reward: 378.055 Cost: 5.000
arrive destination: True ,out of road:False   Total T: 559892 Episode Num: 1468 Episode T: 271 Reward: 296.037 Cost: 5.000
---------------------------------------
Evaluation over 20 episodes: 0.650 Cost 5.150.             SafeRL used : use_epo
---------------------------------------
[34;1m
Time: 2026-06-29 15:52:01, Time spent from previous logger: 157.056 s[0m
[34;1mCustomLogger with fileds: ['total_steps', 'EpRet', 'EpCost', 'CostRate'][0m
[34;1mfieldvalues: [560000, 0.65, 5.15, 0.016194671776199602]
[0m
arrive destination: True ,out of road:False   Total T: 560451 Episode Num: 1469 Episode T: 559 Reward: 564.352 Cost: 1.000
arrive destination: True ,out of road:False   Total T: 560808 Episode Num: 1470 Episode T: 357 Reward: 378.166 Cost: 5.000
arrive destination: True ,out of road:False   Total T: 561363 Episode Num: 1471 Episode T: 555 Reward: 397.170 Cost: 2.000
arrive destination: True ,out of road:False   Total T: 561919 Episode Num: 1472 Episode T: 556 Reward: 492.736 Cost: 6.000
arrive destination: True ,out of road:False   Total T: 562412 Episode Num: 1473 Episode T: 493 Reward: 399.333 Cost: 10.000
arrive destination: False ,out of road:False   Total T: 563412 Episode Num: 1474 Episode T: 1000 Reward: 365.266 Cost: 30.000
arrive destination: False ,out of road:True   Total T: 563568 Episode Num: 1475 Episode T: 156 Reward: 176.639 Cost: 2.000
arrive destination: True ,out of road:False   Total T: 563972 Episode Num: 1476 Episode T: 404 Reward: 378.738 Cost: 8.000
arrive destination: False ,out of road:True   Total T: 564062 Episode Num: 1477 Episode T: 90 Reward: 74.080 Cost: 1.000
arrive destination: False ,out of road:True   Total T: 564333 Episode Num: 1478 Episode T: 271 Reward: 188.856 Cost: 3.000
arrive destination: True ,out of road:False   Total T: 564690 Episode Num: 1479 Episode T: 357 Reward: 357.672 Cost: 0.000
arrive destination: True ,out of road:False   Total T: 564947 Episode Num: 1480 Episode T: 257 Reward: 272.177 Cost: 0.000
arrive destination: True ,out of road:False   Total T: 565506 Episode Num: 1481 Episode T: 559 Reward: 468.356 Cost: 4.000
arrive destination: True ,out of road:False   Total T: 565879 Episode Num: 1482 Episode T: 373 Reward: 398.351 Cost: 0.000
arrive destination: True ,out of road:False   Total T: 566134 Episode Num: 1483 Episode T: 255 Reward: 272.037 Cost: 0.000
arrive destination: True ,out of road:False   Total T: 566719 Episode Num: 1484 Episode T: 585 Reward: 492.174 Cost: 8.000
arrive destination: True ,out of road:False   Total T: 566919 Episode Num: 1485 Episode T: 200 Reward: 232.843 Cost: 0.000
arrive destination: True ,out of road:False   Total T: 567139 Episode Num: 1486 Episode T: 220 Reward: 241.718 Cost: 0.000
arrive destination: False ,out of road:True   Total T: 567318 Episode Num: 1487 Episode T: 179 Reward: 193.446 Cost: 3.000
arrive destination: True ,out of road:False   Total T: 567847 Episode Num: 1488 Episode T: 529 Reward: 494.668 Cost: 2.000
arrive destination: True ,out of road:False   Total T: 568323 Episode Num: 1489 Episode T: 476 Reward: 493.605 Cost: 10.000
arrive destination: True ,out of road:False   Total T: 568785 Episode Num: 1490 Episode T: 462 Reward: 469.476 Cost: 4.000
arrive destination: True ,out of road:False   Total T: 569053 Episode Num: 1491 Episode T: 268 Reward: 273.905 Cost: 0.000
arrive destination: False ,out of road:True   Total T: 569103 Episode Num: 1492 Episode T: 50 Reward: 18.545 Cost: 1.000
arrive destination: True ,out of road:False   Total T: 569333 Episode Num: 1493 Episode T: 230 Reward: 295.931 Cost: 0.000
arrive destination: True ,out of road:False   Total T: 569710 Episode Num: 1494 Episode T: 377 Reward: 376.412 Cost: 0.000
arrive destination: False ,out of road:True   Total T: 569817 Episode Num: 1495 Episode T: 107 Reward: 54.629 Cost: 7.000
arrive destination: False ,out of road:True   Total T: 569918 Episode Num: 1496 Episode T: 101 Reward: 72.773 Cost: 1.000
---------------------------------------
Evaluation over 20 episodes: 0.850 Cost 5.950.             SafeRL used : use_epo
---------------------------------------
[34;1m
Time: 2026-06-29 15:54:46, Time spent from previous logger: 165.204 s[0m
[34;1mCustomLogger with fileds: ['total_steps', 'EpRet', 'EpCost', 'CostRate'][0m
[34;1mfieldvalues: [570000, 0.85, 5.95, 0.01610002824566359]
[0m
arrive destination: True ,out of road:False   Total T: 570228 Episode Num: 1497 Episode T: 310 Reward: 305.788 Cost: 0.000
arrive destination: False ,out of road:True   Total T: 570591 Episode Num: 1498 Episode T: 363 Reward: 333.807 Cost: 1.000
arrive destination: True ,out of road:False   Total T: 570793 Episode Num: 1499 Episode T: 202 Reward: 233.087 Cost: 1.000
arrive destination: True ,out of road:False   Total T: 571106 Episode Num: 1500 Episode T: 313 Reward: 271.260 Cost: 6.000
arrive destination: True ,out of road:False   Total T: 571490 Episode Num: 1501 Episode T: 384 Reward: 374.908 Cost: 0.000
arrive destination: True ,out of road:False   Total T: 571734 Episode Num: 1502 Episode T: 244 Reward: 270.304 Cost: 0.000
arrive destination: False ,out of road:True   Total T: 571829 Episode Num: 1503 Episode T: 95 Reward: 87.846 Cost: 1.000
arrive destination: False ,out of road:True   Total T: 572058 Episode Num: 1504 Episode T: 229 Reward: 151.878 Cost: 18.000
arrive destination: False ,out of road:True   Total T: 572151 Episode Num: 1505 Episode T: 93 Reward: 57.470 Cost: 1.000
arrive destination: False ,out of road:True   Total T: 572362 Episode Num: 1506 Episode T: 211 Reward: 169.805 Cost: 4.000
arrive destination: True ,out of road:False   Total T: 572902 Episode Num: 1507 Episode T: 540 Reward: 495.959 Cost: 7.000
arrive destination: True ,out of road:False   Total T: 573117 Episode Num: 1508 Episode T: 215 Reward: 233.118 Cost: 0.000
arrive destination: True ,out of road:False   Total T: 573878 Episode Num: 1509 Episode T: 761 Reward: 396.400 Cost: 99.000
arrive destination: True ,out of road:False   Total T: 574112 Episode Num: 1510 Episode T: 234 Reward: 296.085 Cost: 2.000
arrive destination: False ,out of road:False   Total T: 575112 Episode Num: 1511 Episode T: 1000 Reward: 130.631 Cost: 2.000
arrive destination: True ,out of road:False   Total T: 575339 Episode Num: 1512 Episode T: 227 Reward: 242.274 Cost: 0.000
arrive destination: True ,out of road:False   Total T: 575717 Episode Num: 1513 Episode T: 378 Reward: 398.612 Cost: 0.000
arrive destination: True ,out of road:False   Total T: 576217 Episode Num: 1514 Episode T: 500 Reward: 401.105 Cost: 10.000
arrive destination: True ,out of road:False   Total T: 576754 Episode Num: 1515 Episode T: 537 Reward: 494.537 Cost: 5.000
arrive destination: True ,out of road:False   Total T: 577153 Episode Num: 1516 Episode T: 399 Reward: 356.672 Cost: 2.000
arrive destination: True ,out of road:False   Total T: 577611 Episode Num: 1517 Episode T: 458 Reward: 378.566 Cost: 13.000
arrive destination: True ,out of road:False   Total T: 577844 Episode Num: 1518 Episode T: 233 Reward: 295.630 Cost: 2.000
arrive destination: True ,out of road:False   Total T: 578082 Episode Num: 1519 Episode T: 238 Reward: 295.227 Cost: 3.000
arrive destination: True ,out of road:False   Total T: 578290 Episode Num: 1520 Episode T: 208 Reward: 232.643 Cost: 0.000
arrive destination: True ,out of road:False   Total T: 578685 Episode Num: 1521 Episode T: 395 Reward: 356.944 Cost: 0.000
arrive destination: False ,out of road:True   Total T: 578837 Episode Num: 1522 Episode T: 152 Reward: 180.702 Cost: 1.000
arrive destination: False ,out of road:True   Total T: 578965 Episode Num: 1523 Episode T: 128 Reward: 132.137 Cost: 4.000
arrive destination: True ,out of road:False   Total T: 579379 Episode Num: 1524 Episode T: 414 Reward: 358.473 Cost: 0.000
arrive destination: True ,out of road:False   Total T: 579608 Episode Num: 1525 Episode T: 229 Reward: 233.334 Cost: 1.000
arrive destination: True ,out of road:False   Total T: 579834 Episode Num: 1526 Episode T: 226 Reward: 233.147 Cost: 2.000
---------------------------------------
Evaluation over 20 episodes: 0.750 Cost 5.100.             SafeRL used : use_epo
---------------------------------------
[34;1m
Time: 2026-06-29 15:57:22, Time spent from previous logger: 155.365 s[0m
[34;1mCustomLogger with fileds: ['total_steps', 'EpRet', 'EpCost', 'CostRate'][0m
[34;1mfieldvalues: [580000, 0.75, 5.1, 0.01614140714035714]
[0m
arrive destination: True ,out of road:False   Total T: 580253 Episode Num: 1527 Episode T: 419 Reward: 473.437 Cost: 7.000
arrive destination: True ,out of road:False   Total T: 580937 Episode Num: 1528 Episode T: 684 Reward: 513.427 Cost: 8.000
arrive destination: True ,out of road:False   Total T: 581171 Episode Num: 1529 Episode T: 234 Reward: 243.888 Cost: 0.000
arrive destination: True ,out of road:False   Total T: 581419 Episode Num: 1530 Episode T: 248 Reward: 272.326 Cost: 0.000
arrive destination: True ,out of road:False   Total T: 582288 Episode Num: 1531 Episode T: 869 Reward: 336.612 Cost: 27.000
arrive destination: True ,out of road:False   Total T: 582546 Episode Num: 1532 Episode T: 258 Reward: 232.166 Cost: 0.000
arrive destination: True ,out of road:False   Total T: 582917 Episode Num: 1533 Episode T: 371 Reward: 395.820 Cost: 0.000
arrive destination: True ,out of road:False   Total T: 583295 Episode Num: 1534 Episode T: 378 Reward: 397.360 Cost: 0.000
arrive destination: False ,out of road:True   Total T: 583453 Episode Num: 1535 Episode T: 158 Reward: 178.033 Cost: 1.000
arrive destination: False ,out of road:True   Total T: 583582 Episode Num: 1536 Episode T: 129 Reward: 132.486 Cost: 3.000
arrive destination: True ,out of road:False   Total T: 584060 Episode Num: 1537 Episode T: 478 Reward: 471.520 Cost: 1.000
arrive destination: True ,out of road:False   Total T: 584505 Episode Num: 1538 Episode T: 445 Reward: 400.187 Cost: 21.000
arrive destination: False ,out of road:True   Total T: 584668 Episode Num: 1539 Episode T: 163 Reward: 180.344 Cost: 1.000
arrive destination: False ,out of road:True   Total T: 584970 Episode Num: 1540 Episode T: 302 Reward: 272.653 Cost: 7.000
arrive destination: True ,out of road:False   Total T: 585194 Episode Num: 1541 Episode T: 224 Reward: 287.937 Cost: 6.000
arrive destination: True ,out of road:False   Total T: 585414 Episode Num: 1542 Episode T: 220 Reward: 241.736 Cost: 0.000
arrive destination: True ,out of road:False   Total T: 585646 Episode Num: 1543 Episode T: 232 Reward: 283.025 Cost: 0.000
arrive destination: True ,out of road:False   Total T: 586050 Episode Num: 1544 Episode T: 404 Reward: 362.834 Cost: 0.000
arrive destination: True ,out of road:False   Total T: 586602 Episode Num: 1545 Episode T: 552 Reward: 270.617 Cost: 6.000
arrive destination: False ,out of road:False   Total T: 587602 Episode Num: 1546 Episode T: 1000 Reward: 77.302 Cost: 31.000
arrive destination: True ,out of road:False   Total T: 587993 Episode Num: 1547 Episode T: 391 Reward: 356.661 Cost: 0.000
arrive destination: True ,out of road:False   Total T: 588438 Episode Num: 1548 Episode T: 445 Reward: 420.814 Cost: 3.000
arrive destination: True ,out of road:False   Total T: 588812 Episode Num: 1549 Episode T: 374 Reward: 377.234 Cost: 0.000
arrive destination: False ,out of road:True   Total T: 589199 Episode Num: 1550 Episode T: 387 Reward: 306.336 Cost: 6.000
arrive destination: True ,out of road:False   Total T: 589431 Episode Num: 1551 Episode T: 232 Reward: 295.449 Cost: 4.000
arrive destination: False ,out of road:True   Total T: 589580 Episode Num: 1552 Episode T: 149 Reward: 169.029 Cost: 3.000
arrive destination: True ,out of road:False   Total T: 589979 Episode Num: 1553 Episode T: 399 Reward: 378.732 Cost: 3.000
---------------------------------------
Evaluation over 20 episodes: 0.750 Cost 5.550.             SafeRL used : use_epo
---------------------------------------
[34;1m
Time: 2026-06-29 15:59:55, Time spent from previous logger: 153.404 s[0m
[34;1mCustomLogger with fileds: ['total_steps', 'EpRet', 'EpCost', 'CostRate'][0m
[34;1mfieldvalues: [590000, 0.75, 5.55, 0.016101722206308823]
[0m
arrive destination: True ,out of road:False   Total T: 590214 Episode Num: 1554 Episode T: 235 Reward: 245.632 Cost: 0.000
arrive destination: True ,out of road:False   Total T: 590587 Episode Num: 1555 Episode T: 373 Reward: 396.509 Cost: 1.000
arrive destination: False ,out of road:True   Total T: 590687 Episode Num: 1556 Episode T: 100 Reward: 89.970 Cost: 1.000
arrive destination: True ,out of road:False   Total T: 591065 Episode Num: 1557 Episode T: 378 Reward: 360.649 Cost: 6.000
arrive destination: False ,out of road:False   Total T: 592065 Episode Num: 1558 Episode T: 1000 Reward: 71.160 Cost: 5.000
arrive destination: True ,out of road:False   Total T: 592518 Episode Num: 1559 Episode T: 453 Reward: 469.395 Cost: 3.000
arrive destination: True ,out of road:False   Total T: 592986 Episode Num: 1560 Episode T: 468 Reward: 469.071 Cost: 5.000
arrive destination: True ,out of road:False   Total T: 593254 Episode Num: 1561 Episode T: 268 Reward: 295.397 Cost: 3.000
arrive destination: True ,out of road:False   Total T: 593498 Episode Num: 1562 Episode T: 244 Reward: 271.700 Cost: 0.000
arrive destination: False ,out of road:True   Total T: 593878 Episode Num: 1563 Episode T: 380 Reward: 328.722 Cost: 16.000
arrive destination: False ,out of road:True   Total T: 593976 Episode Num: 1564 Episode T: 98 Reward: 69.339 Cost: 6.000
arrive destination: True ,out of road:False   Total T: 594628 Episode Num: 1565 Episode T: 652 Reward: 516.107 Cost: 12.000
arrive destination: True ,out of road:False   Total T: 595077 Episode Num: 1566 Episode T: 449 Reward: 377.931 Cost: 16.000
arrive destination: True ,out of road:False   Total T: 595515 Episode Num: 1567 Episode T: 438 Reward: 402.039 Cost: 0.000
arrive destination: True ,out of road:False   Total T: 595738 Episode Num: 1568 Episode T: 223 Reward: 295.906 Cost: 12.000
arrive destination: False ,out of road:True   Total T: 596075 Episode Num: 1569 Episode T: 337 Reward: 286.420 Cost: 2.000
arrive destination: True ,out of road:False   Total T: 596526 Episode Num: 1570 Episode T: 451 Reward: 415.602 Cost: 0.000
arrive destination: True ,out of road:False   Total T: 597010 Episode Num: 1571 Episode T: 484 Reward: 416.282 Cost: 6.000
arrive destination: True ,out of road:False   Total T: 597226 Episode Num: 1572 Episode T: 216 Reward: 284.133 Cost: 0.000
arrive destination: False ,out of road:True   Total T: 597341 Episode Num: 1573 Episode T: 115 Reward: 109.581 Cost: 1.000
arrive destination: True ,out of road:False   Total T: 597552 Episode Num: 1574 Episode T: 211 Reward: 285.226 Cost: 0.000
arrive destination: True ,out of road:False   Total T: 598022 Episode Num: 1575 Episode T: 470 Reward: 468.609 Cost: 4.000
arrive destination: True ,out of road:False   Total T: 598245 Episode Num: 1576 Episode T: 223 Reward: 232.130 Cost: 3.000
arrive destination: True ,out of road:False   Total T: 598477 Episode Num: 1577 Episode T: 232 Reward: 241.194 Cost: 0.000
arrive destination: True ,out of road:False   Total T: 598754 Episode Num: 1578 Episode T: 277 Reward: 271.277 Cost: 0.000
arrive destination: False ,out of road:True   Total T: 598967 Episode Num: 1579 Episode T: 213 Reward: 167.649 Cost: 1.000
arrive destination: True ,out of road:False   Total T: 599262 Episode Num: 1580 Episode T: 295 Reward: 271.191 Cost: 0.000
arrive destination: True ,out of road:False   Total T: 599525 Episode Num: 1581 Episode T: 263 Reward: 268.396 Cost: 7.000
---------------------------------------
Evaluation over 20 episodes: 0.800 Cost 10.650.             SafeRL used : use_epo
---------------------------------------
[34;1m
Time: 2026-06-29 16:02:37, Time spent from previous logger: 161.491 s[0m
[34;1mCustomLogger with fileds: ['total_steps', 'EpRet', 'EpCost', 'CostRate'][0m
[34;1mfieldvalues: [600000, 0.8, 10.65, 0.01603836006393344]
[0m
arrive destination: True ,out of road:False   Total T: 600222 Episode Num: 1582 Episode T: 697 Reward: 674.565 Cost: 13.000
arrive destination: True ,out of road:False   Total T: 600527 Episode Num: 1583 Episode T: 305 Reward: 294.351 Cost: 11.000
arrive destination: False ,out of road:True   Total T: 600743 Episode Num: 1584 Episode T: 216 Reward: 168.090 Cost: 1.000
arrive destination: False ,out of road:True   Total T: 600906 Episode Num: 1585 Episode T: 163 Reward: 182.349 Cost: 1.000
arrive destination: True ,out of road:False   Total T: 601168 Episode Num: 1586 Episode T: 262 Reward: 269.233 Cost: 5.000
arrive destination: True ,out of road:False   Total T: 601347 Episode Num: 1587 Episode T: 179 Reward: 268.631 Cost: 0.000
arrive destination: False ,out of road:True   Total T: 601501 Episode Num: 1588 Episode T: 154 Reward: 181.658 Cost: 1.000
arrive destination: False ,out of road:True   Total T: 601718 Episode Num: 1589 Episode T: 217 Reward: 191.527 Cost: 1.000
arrive destination: True ,out of road:False   Total T: 602091 Episode Num: 1590 Episode T: 373 Reward: 399.359 Cost: 0.000
arrive destination: True ,out of road:False   Total T: 602375 Episode Num: 1591 Episode T: 284 Reward: 294.484 Cost: 10.000
arrive destination: True ,out of road:False   Total T: 602610 Episode Num: 1592 Episode T: 235 Reward: 271.560 Cost: 0.000
arrive destination: False ,out of road:True   Total T: 602716 Episode Num: 1593 Episode T: 106 Reward: 84.613 Cost: 3.000
arrive destination: True ,out of road:False   Total T: 603397 Episode Num: 1594 Episode T: 681 Reward: 515.652 Cost: 13.000
arrive destination: True ,out of road:False   Total T: 603628 Episode Num: 1595 Episode T: 231 Reward: 283.063 Cost: 0.000
arrive destination: True ,out of road:False   Total T: 603899 Episode Num: 1596 Episode T: 271 Reward: 264.875 Cost: 2.000
arrive destination: True ,out of road:False   Total T: 604175 Episode Num: 1597 Episode T: 276 Reward: 272.686 Cost: 12.000
arrive destination: True ,out of road:False   Total T: 604578 Episode Num: 1598 Episode T: 403 Reward: 375.431 Cost: 7.000
arrive destination: False ,out of road:True   Total T: 604798 Episode Num: 1599 Episode T: 220 Reward: 172.435 Cost: 1.000
arrive destination: False ,out of road:True   Total T: 605156 Episode Num: 1600 Episode T: 358 Reward: 321.318 Cost: 5.000
arrive destination: True ,out of road:False   Total T: 605721 Episode Num: 1601 Episode T: 565 Reward: 490.863 Cost: 15.000
arrive destination: True ,out of road:False   Total T: 605966 Episode Num: 1602 Episode T: 245 Reward: 273.334 Cost: 1.000
arrive destination: True ,out of road:False   Total T: 606334 Episode Num: 1603 Episode T: 368 Reward: 361.863 Cost: 0.000
arrive destination: True ,out of road:False   Total T: 606678 Episode Num: 1604 Episode T: 344 Reward: 335.890 Cost: 3.000
arrive destination: True ,out of road:False   Total T: 607173 Episode Num: 1605 Episode T: 495 Reward: 414.553 Cost: 13.000
arrive destination: True ,out of road:False   Total T: 607798 Episode Num: 1606 Episode T: 625 Reward: 511.992 Cost: 8.000
arrive destination: True ,out of road:False   Total T: 608002 Episode Num: 1607 Episode T: 204 Reward: 244.819 Cost: 0.000
arrive destination: False ,out of road:True   Total T: 608226 Episode Num: 1608 Episode T: 224 Reward: 191.709 Cost: 6.000
arrive destination: True ,out of road:False   Total T: 608451 Episode Num: 1609 Episode T: 225 Reward: 233.381 Cost: 6.000
arrive destination: False ,out of road:True   Total T: 608663 Episode Num: 1610 Episode T: 212 Reward: 217.748 Cost: 3.000
arrive destination: True ,out of road:False   Total T: 608896 Episode Num: 1611 Episode T: 233 Reward: 269.444 Cost: 1.000
arrive destination: True ,out of road:False   Total T: 609076 Episode Num: 1612 Episode T: 180 Reward: 232.191 Cost: 7.000
arrive destination: False ,out of road:True   Total T: 609500 Episode Num: 1613 Episode T: 424 Reward: 378.830 Cost: 6.000
arrive destination: False ,out of road:True   Total T: 609722 Episode Num: 1614 Episode T: 222 Reward: 221.737 Cost: 11.000
arrive destination: True ,out of road:False   Total T: 609995 Episode Num: 1615 Episode T: 273 Reward: 266.250 Cost: 0.000
---------------------------------------
Evaluation over 20 episodes: 0.800 Cost 7.000.             SafeRL used : use_epo
---------------------------------------
[34;1m
Time: 2026-06-29 16:05:15, Time spent from previous logger: 157.878 s[0m
[34;1mCustomLogger with fileds: ['total_steps', 'EpRet', 'EpCost', 'CostRate'][0m
[34;1mfieldvalues: [610000, 0.8, 7.0, 0.016026255780747182]
[0m
arrive destination: True ,out of road:False   Total T: 610389 Episode Num: 1616 Episode T: 394 Reward: 402.081 Cost: 0.000
arrive destination: True ,out of road:False   Total T: 610661 Episode Num: 1617 Episode T: 272 Reward: 270.082 Cost: 7.000
arrive destination: False ,out of road:True   Total T: 611103 Episode Num: 1618 Episode T: 442 Reward: 287.540 Cost: 10.000
arrive destination: True ,out of road:False   Total T: 611317 Episode Num: 1619 Episode T: 214 Reward: 283.062 Cost: 0.000
arrive destination: False ,out of road:True   Total T: 611416 Episode Num: 1620 Episode T: 99 Reward: 78.724 Cost: 3.000
arrive destination: True ,out of road:False   Total T: 611835 Episode Num: 1621 Episode T: 419 Reward: 336.329 Cost: 16.000
arrive destination: True ,out of road:False   Total T: 612089 Episode Num: 1622 Episode T: 254 Reward: 232.877 Cost: 0.000
arrive destination: True ,out of road:False   Total T: 612569 Episode Num: 1623 Episode T: 480 Reward: 424.118 Cost: 13.000
arrive destination: True ,out of road:False   Total T: 613104 Episode Num: 1624 Episode T: 535 Reward: 421.398 Cost: 11.000
arrive destination: True ,out of road:False   Total T: 613346 Episode Num: 1625 Episode T: 242 Reward: 269.079 Cost: 0.000
arrive destination: True ,out of road:False   Total T: 614161 Episode Num: 1626 Episode T: 815 Reward: 512.702 Cost: 4.000
arrive destination: True ,out of road:False   Total T: 614437 Episode Num: 1627 Episode T: 276 Reward: 294.017 Cost: 7.000
arrive destination: True ,out of road:False   Total T: 614641 Episode Num: 1628 Episode T: 204 Reward: 295.173 Cost: 1.000
arrive destination: False ,out of road:True   Total T: 615083 Episode Num: 1629 Episode T: 442 Reward: 350.847 Cost: 13.000
arrive destination: False ,out of road:True   Total T: 615301 Episode Num: 1630 Episode T: 218 Reward: 226.505 Cost: 6.000
arrive destination: True ,out of road:False   Total T: 615678 Episode Num: 1631 Episode T: 377 Reward: 358.730 Cost: 2.000
arrive destination: False ,out of road:True   Total T: 615924 Episode Num: 1632 Episode T: 246 Reward: 270.923 Cost: 3.000
arrive destination: True ,out of road:False   Total T: 616144 Episode Num: 1633 Episode T: 220 Reward: 235.082 Cost: 0.000
arrive destination: True ,out of road:False   Total T: 616318 Episode Num: 1634 Episode T: 174 Reward: 268.508 Cost: 0.000
arrive destination: True ,out of road:False   Total T: 616688 Episode Num: 1635 Episode T: 370 Reward: 357.682 Cost: 3.000
arrive destination: False ,out of road:True   Total T: 616840 Episode Num: 1636 Episode T: 152 Reward: 184.694 Cost: 2.000
arrive destination: False ,out of road:True   Total T: 617151 Episode Num: 1637 Episode T: 311 Reward: 252.998 Cost: 7.000
arrive destination: True ,out of road:False   Total T: 617657 Episode Num: 1638 Episode T: 506 Reward: 407.881 Cost: 7.000
arrive destination: True ,out of road:False   Total T: 617837 Episode Num: 1639 Episode T: 180 Reward: 269.712 Cost: 0.000
arrive destination: False ,out of road:True   Total T: 617936 Episode Num: 1640 Episode T: 99 Reward: 52.935 Cost: 8.000
arrive destination: True ,out of road:False   Total T: 618533 Episode Num: 1641 Episode T: 597 Reward: 491.482 Cost: 10.000
arrive destination: True ,out of road:False   Total T: 618782 Episode Num: 1642 Episode T: 249 Reward: 273.919 Cost: 2.000
arrive destination: True ,out of road:False   Total T: 619011 Episode Num: 1643 Episode T: 229 Reward: 242.375 Cost: 0.000
arrive destination: False ,out of road:True   Total T: 619350 Episode Num: 1644 Episode T: 339 Reward: 267.497 Cost: 1.000
arrive destination: False ,out of road:True   Total T: 619554 Episode Num: 1645 Episode T: 204 Reward: 174.578 Cost: 10.000
arrive destination: True ,out of road:False   Total T: 619925 Episode Num: 1646 Episode T: 371 Reward: 399.804 Cost: 0.000
---------------------------------------
Evaluation over 20 episodes: 0.750 Cost 8.450.             SafeRL used : use_epo
---------------------------------------
[34;1m
Time: 2026-06-29 16:07:57, Time spent from previous logger: 162.162 s[0m
[34;1mCustomLogger with fileds: ['total_steps', 'EpRet', 'EpCost', 'CostRate'][0m
[34;1mfieldvalues: [620000, 0.75, 8.45, 0.016003251618147772]
[0m
arrive destination: False ,out of road:True   Total T: 620390 Episode Num: 1647 Episode T: 465 Reward: 433.240 Cost: 3.000
arrive destination: False ,out of road:True   Total T: 620610 Episode Num: 1648 Episode T: 220 Reward: 168.987 Cost: 1.000
arrive destination: True ,out of road:False   Total T: 620902 Episode Num: 1649 Episode T: 292 Reward: 294.652 Cost: 8.000
arrive destination: True ,out of road:False   Total T: 621153 Episode Num: 1650 Episode T: 251 Reward: 271.668 Cost: 0.000
arrive destination: True ,out of road:False   Total T: 621365 Episode Num: 1651 Episode T: 212 Reward: 242.191 Cost: 0.000
arrive destination: True ,out of road:False   Total T: 621585 Episode Num: 1652 Episode T: 220 Reward: 282.566 Cost: 0.000
arrive destination: True ,out of road:False   Total T: 621760 Episode Num: 1653 Episode T: 175 Reward: 269.316 Cost: 0.000
arrive destination: True ,out of road:False   Total T: 622133 Episode Num: 1654 Episode T: 373 Reward: 396.240 Cost: 0.000
arrive destination: True ,out of road:False   Total T: 622500 Episode Num: 1655 Episode T: 367 Reward: 373.562 Cost: 0.000
arrive destination: False ,out of road:True   Total T: 622757 Episode Num: 1656 Episode T: 257 Reward: 200.436 Cost: 10.000
arrive destination: False ,out of road:True   Total T: 622971 Episode Num: 1657 Episode T: 214 Reward: 169.191 Cost: 2.000
arrive destination: True ,out of road:False   Total T: 623301 Episode Num: 1658 Episode T: 330 Reward: 336.036 Cost: 13.000
arrive destination: False ,out of road:True   Total T: 623394 Episode Num: 1659 Episode T: 93 Reward: 83.513 Cost: 1.000
arrive destination: True ,out of road:False   Total T: 623666 Episode Num: 1660 Episode T: 272 Reward: 334.863 Cost: 4.000
arrive destination: True ,out of road:False   Total T: 624204 Episode Num: 1661 Episode T: 538 Reward: 413.971 Cost: 8.000
arrive destination: True ,out of road:False   Total T: 624384 Episode Num: 1662 Episode T: 180 Reward: 269.094 Cost: 0.000
arrive destination: True ,out of road:False   Total T: 624863 Episode Num: 1663 Episode T: 479 Reward: 400.376 Cost: 4.000
arrive destination: True ,out of road:False   Total T: 625166 Episode Num: 1664 Episode T: 303 Reward: 272.762 Cost: 14.000
arrive destination: True ,out of road:False   Total T: 625461 Episode Num: 1665 Episode T: 295 Reward: 272.273 Cost: 9.000
arrive destination: False ,out of road:True   Total T: 625562 Episode Num: 1666 Episode T: 101 Reward: 85.639 Cost: 1.000
arrive destination: True ,out of road:False   Total T: 625797 Episode Num: 1667 Episode T: 235 Reward: 272.178 Cost: 0.000
arrive destination: False ,out of road:True   Total T: 626032 Episode Num: 1668 Episode T: 235 Reward: 172.997 Cost: 4.000
arrive destination: True ,out of road:False   Total T: 626280 Episode Num: 1669 Episode T: 248 Reward: 270.399 Cost: 0.000
arrive destination: True ,out of road:False   Total T: 626493 Episode Num: 1670 Episode T: 213 Reward: 232.452 Cost: 1.000
arrive destination: True ,out of road:False   Total T: 626812 Episode Num: 1671 Episode T: 319 Reward: 234.479 Cost: 16.000
arrive destination: False ,out of road:True   Total T: 627084 Episode Num: 1672 Episode T: 272 Reward: 271.819 Cost: 1.000
arrive destination: True ,out of road:False   Total T: 627463 Episode Num: 1673 Episode T: 379 Reward: 380.120 Cost: 0.000
arrive destination: True ,out of road:False   Total T: 627708 Episode Num: 1674 Episode T: 245 Reward: 268.735 Cost: 0.000
arrive destination: True ,out of road:False   Total T: 627989 Episode Num: 1675 Episode T: 281 Reward: 335.493 Cost: 5.000
arrive destination: False ,out of road:True   Total T: 628109 Episode Num: 1676 Episode T: 120 Reward: 124.978 Cost: 3.000
arrive destination: True ,out of road:False   Total T: 628474 Episode Num: 1677 Episode T: 365 Reward: 358.648 Cost: 1.000
arrive destination: True ,out of road:False   Total T: 628653 Episode Num: 1678 Episode T: 179 Reward: 269.916 Cost: 4.000
arrive destination: True ,out of road:False   Total T: 628884 Episode Num: 1679 Episode T: 231 Reward: 295.229 Cost: 2.000
arrive destination: False ,out of road:True   Total T: 628975 Episode Num: 1680 Episode T: 91 Reward: 78.917 Cost: 1.000
arrive destination: True ,out of road:False   Total T: 629290 Episode Num: 1681 Episode T: 315 Reward: 294.242 Cost: 4.000
arrive destination: True ,out of road:False   Total T: 629492 Episode Num: 1682 Episode T: 202 Reward: 244.171 Cost: 0.000
arrive destination: True ,out of road:False   Total T: 629953 Episode Num: 1683 Episode T: 461 Reward: 470.601 Cost: 1.000
---------------------------------------
Evaluation over 20 episodes: 0.700 Cost 5.200.             SafeRL used : use_epo
---------------------------------------
[34;1m
Time: 2026-06-29 16:10:32, Time spent from previous logger: 154.946 s[0m
[34;1mCustomLogger with fileds: ['total_steps', 'EpRet', 'EpCost', 'CostRate'][0m
[34;1mfieldvalues: [630000, 0.7, 5.2, 0.01594129514491293]
[0m
arrive destination: True ,out of road:False   Total T: 630546 Episode Num: 1684 Episode T: 593 Reward: 419.082 Cost: 15.000
arrive destination: True ,out of road:False   Total T: 631139 Episode Num: 1685 Episode T: 593 Reward: 510.241 Cost: 7.000
arrive destination: False ,out of road:True   Total T: 631393 Episode Num: 1686 Episode T: 254 Reward: 195.988 Cost: 7.000
arrive destination: True ,out of road:False   Total T: 631855 Episode Num: 1687 Episode T: 462 Reward: 470.025 Cost: 6.000
arrive destination: True ,out of road:False   Total T: 632230 Episode Num: 1688 Episode T: 375 Reward: 294.312 Cost: 10.000
arrive destination: True ,out of road:False   Total T: 632602 Episode Num: 1689 Episode T: 372 Reward: 399.571 Cost: 0.000
arrive destination: True ,out of road:False   Total T: 632801 Episode Num: 1690 Episode T: 199 Reward: 269.430 Cost: 3.000
arrive destination: False ,out of road:True   Total T: 632926 Episode Num: 1691 Episode T: 125 Reward: 137.839 Cost: 7.000
arrive destination: False ,out of road:True   Total T: 633137 Episode Num: 1692 Episode T: 211 Reward: 239.341 Cost: 1.000
arrive destination: True ,out of road:False   Total T: 633508 Episode Num: 1693 Episode T: 371 Reward: 396.720 Cost: 0.000
arrive destination: True ,out of road:False   Total T: 633780 Episode Num: 1694 Episode T: 272 Reward: 268.082 Cost: 0.000
arrive destination: True ,out of road:False   Total T: 634150 Episode Num: 1695 Episode T: 370 Reward: 396.696 Cost: 0.000
arrive destination: True ,out of road:False   Total T: 634608 Episode Num: 1696 Episode T: 458 Reward: 470.382 Cost: 5.000
arrive destination: False ,out of road:True   Total T: 634754 Episode Num: 1697 Episode T: 146 Reward: 177.924 Cost: 1.000
arrive destination: False ,out of road:True   Total T: 634968 Episode Num: 1698 Episode T: 214 Reward: 219.130 Cost: 6.000
arrive destination: True ,out of road:False   Total T: 635213 Episode Num: 1699 Episode T: 245 Reward: 272.338 Cost: 1.000
arrive destination: True ,out of road:False   Total T: 635496 Episode Num: 1700 Episode T: 283 Reward: 336.122 Cost: 0.000
arrive destination: True ,out of road:False   Total T: 635945 Episode Num: 1701 Episode T: 449 Reward: 415.359 Cost: 5.000
arrive destination: False ,out of road:True   Total T: 636266 Episode Num: 1702 Episode T: 321 Reward: 289.299 Cost: 6.000
arrive destination: True ,out of road:False   Total T: 636497 Episode Num: 1703 Episode T: 231 Reward: 285.910 Cost: 0.000
arrive destination: True ,out of road:False   Total T: 636724 Episode Num: 1704 Episode T: 227 Reward: 269.462 Cost: 0.000
arrive destination: True ,out of road:False   Total T: 636949 Episode Num: 1705 Episode T: 225 Reward: 295.690 Cost: 2.000
arrive destination: True ,out of road:False   Total T: 637275 Episode Num: 1706 Episode T: 326 Reward: 269.969 Cost: 4.000
arrive destination: False ,out of road:True   Total T: 637406 Episode Num: 1707 Episode T: 131 Reward: 138.651 Cost: 1.000
arrive destination: True ,out of road:False   Total T: 637895 Episode Num: 1708 Episode T: 489 Reward: 399.615 Cost: 11.000
arrive destination: True ,out of road:False   Total T: 638261 Episode Num: 1709 Episode T: 366 Reward: 402.165 Cost: 0.000
arrive destination: False ,out of road:True   Total T: 638668 Episode Num: 1710 Episode T: 407 Reward: 270.953 Cost: 1.000
arrive destination: True ,out of road:False   Total T: 639108 Episode Num: 1711 Episode T: 440 Reward: 394.965 Cost: 13.000
arrive destination: True ,out of road:False   Total T: 639499 Episode Num: 1712 Episode T: 391 Reward: 377.650 Cost: 3.000
arrive destination: True ,out of road:False   Total T: 639896 Episode Num: 1713 Episode T: 397 Reward: 377.864 Cost: 3.000
---------------------------------------
Evaluation over 20 episodes: 0.800 Cost 4.150.             SafeRL used : use_epo
---------------------------------------
[34;1m
Time: 2026-06-29 16:13:10, Time spent from previous logger: 158.668 s[0m
[34;1mCustomLogger with fileds: ['total_steps', 'EpRet', 'EpCost', 'CostRate'][0m
[34;1mfieldvalues: [640000, 0.8, 4.15, 0.015876587307167667]
[0m
arrive destination: False ,out of road:True   Total T: 640216 Episode Num: 1714 Episode T: 320 Reward: 336.279 Cost: 1.000
arrive destination: False ,out of road:True   Total T: 640308 Episode Num: 1715 Episode T: 92 Reward: 83.850 Cost: 1.000
arrive destination: False ,out of road:False   Total T: 641308 Episode Num: 1716 Episode T: 1000 Reward: 130.320 Cost: 2.000
arrive destination: False ,out of road:True   Total T: 641444 Episode Num: 1717 Episode T: 136 Reward: 148.326 Cost: 3.000
arrive destination: True ,out of road:False   Total T: 641811 Episode Num: 1718 Episode T: 367 Reward: 360.909 Cost: 0.000
arrive destination: True ,out of road:False   Total T: 642382 Episode Num: 1719 Episode T: 571 Reward: 418.474 Cost: 12.000
arrive destination: True ,out of road:False   Total T: 642751 Episode Num: 1720 Episode T: 369 Reward: 398.749 Cost: 0.000
arrive destination: True ,out of road:False   Total T: 643100 Episode Num: 1721 Episode T: 349 Reward: 356.177 Cost: 0.000
arrive destination: False ,out of road:True   Total T: 643300 Episode Num: 1722 Episode T: 200 Reward: 150.850 Cost: 1.000
arrive destination: True ,out of road:False   Total T: 643843 Episode Num: 1723 Episode T: 543 Reward: 492.214 Cost: 2.000
arrive destination: True ,out of road:False   Total T: 644019 Episode Num: 1724 Episode T: 176 Reward: 269.019 Cost: 0.000
arrive destination: True ,out of road:False   Total T: 644283 Episode Num: 1725 Episode T: 264 Reward: 273.014 Cost: 2.000
arrive destination: True ,out of road:False   Total T: 644482 Episode Num: 1726 Episode T: 199 Reward: 245.108 Cost: 0.000
arrive destination: False ,out of road:True   Total T: 644693 Episode Num: 1727 Episode T: 211 Reward: 277.084 Cost: 6.000
arrive destination: True ,out of road:False   Total T: 645059 Episode Num: 1728 Episode T: 366 Reward: 360.878 Cost: 2.000
arrive destination: False ,out of road:True   Total T: 645391 Episode Num: 1729 Episode T: 332 Reward: 264.336 Cost: 2.000
arrive destination: True ,out of road:False   Total T: 645876 Episode Num: 1730 Episode T: 485 Reward: 469.893 Cost: 5.000
arrive destination: True ,out of road:False   Total T: 646330 Episode Num: 1731 Episode T: 454 Reward: 472.254 Cost: 7.000
arrive destination: True ,out of road:False   Total T: 646645 Episode Num: 1732 Episode T: 315 Reward: 294.394 Cost: 10.000
arrive destination: False ,out of road:True   Total T: 647063 Episode Num: 1733 Episode T: 418 Reward: 345.886 Cost: 6.000
arrive destination: True ,out of road:False   Total T: 647301 Episode Num: 1734 Episode T: 238 Reward: 285.523 Cost: 0.000
arrive destination: True ,out of road:False   Total T: 647499 Episode Num: 1735 Episode T: 198 Reward: 240.254 Cost: 0.000
arrive destination: False ,out of road:True   Total T: 647854 Episode Num: 1736 Episode T: 355 Reward: 322.408 Cost: 7.000
arrive destination: False ,out of road:True   Total T: 648169 Episode Num: 1737 Episode T: 315 Reward: 217.994 Cost: 3.000
arrive destination: False ,out of road:True   Total T: 648424 Episode Num: 1738 Episode T: 255 Reward: 263.320 Cost: 10.000
arrive destination: True ,out of road:False   Total T: 648797 Episode Num: 1739 Episode T: 373 Reward: 375.052 Cost: 0.000
arrive destination: True ,out of road:False   Total T: 649332 Episode Num: 1740 Episode T: 535 Reward: 492.721 Cost: 18.000
arrive destination: True ,out of road:False   Total T: 649775 Episode Num: 1741 Episode T: 443 Reward: 397.875 Cost: 10.000
---------------------------------------
Evaluation over 20 episodes: 0.800 Cost 5.500.             SafeRL used : use_epo
---------------------------------------
[34;1m
Time: 2026-06-29 16:15:55, Time spent from previous logger: 164.959 s[0m
[34;1mCustomLogger with fileds: ['total_steps', 'EpRet', 'EpCost', 'CostRate'][0m
[34;1mfieldvalues: [650000, 0.8, 5.5, 0.015801562771635032]
[0m
arrive destination: True ,out of road:False   Total T: 650258 Episode Num: 1742 Episode T: 483 Reward: 514.258 Cost: 10.000
arrive destination: True ,out of road:False   Total T: 650466 Episode Num: 1743 Episode T: 208 Reward: 232.709 Cost: 0.000
arrive destination: True ,out of road:False   Total T: 650701 Episode Num: 1744 Episode T: 235 Reward: 267.103 Cost: 1.000
arrive destination: True ,out of road:False   Total T: 651066 Episode Num: 1745 Episode T: 365 Reward: 377.377 Cost: 0.000
arrive destination: True ,out of road:False   Total T: 651431 Episode Num: 1746 Episode T: 365 Reward: 397.639 Cost: 0.000
arrive destination: False ,out of road:True   Total T: 651645 Episode Num: 1747 Episode T: 214 Reward: 218.313 Cost: 5.000
arrive destination: True ,out of road:False   Total T: 651832 Episode Num: 1748 Episode T: 187 Reward: 269.453 Cost: 2.000
arrive destination: False ,out of road:True   Total T: 652014 Episode Num: 1749 Episode T: 182 Reward: 168.380 Cost: 6.000
arrive destination: True ,out of road:False   Total T: 652386 Episode Num: 1750 Episode T: 372 Reward: 374.018 Cost: 1.000
arrive destination: False ,out of road:True   Total T: 652749 Episode Num: 1751 Episode T: 363 Reward: 321.818 Cost: 7.000
arrive destination: True ,out of road:False   Total T: 652946 Episode Num: 1752 Episode T: 197 Reward: 232.928 Cost: 0.000
arrive destination: True ,out of road:False   Total T: 653145 Episode Num: 1753 Episode T: 199 Reward: 242.912 Cost: 0.000
arrive destination: True ,out of road:False   Total T: 653386 Episode Num: 1754 Episode T: 241 Reward: 272.691 Cost: 0.000
arrive destination: False ,out of road:True   Total T: 653599 Episode Num: 1755 Episode T: 213 Reward: 168.364 Cost: 1.000
arrive destination: False ,out of road:True   Total T: 653807 Episode Num: 1756 Episode T: 208 Reward: 191.037 Cost: 1.000
arrive destination: False ,out of road:True   Total T: 654128 Episode Num: 1757 Episode T: 321 Reward: 265.841 Cost: 5.000
arrive destination: False ,out of road:True   Total T: 654369 Episode Num: 1758 Episode T: 241 Reward: 196.894 Cost: 4.000
arrive destination: True ,out of road:False   Total T: 654780 Episode Num: 1759 Episode T: 411 Reward: 413.284 Cost: 1.000
arrive destination: True ,out of road:False   Total T: 655019 Episode Num: 1760 Episode T: 239 Reward: 233.049 Cost: 3.000
arrive destination: True ,out of road:False   Total T: 655387 Episode Num: 1761 Episode T: 368 Reward: 400.586 Cost: 0.000
arrive destination: False ,out of road:True   Total T: 655744 Episode Num: 1762 Episode T: 357 Reward: 324.071 Cost: 6.000
arrive destination: True ,out of road:False   Total T: 655965 Episode Num: 1763 Episode T: 221 Reward: 295.756 Cost: 8.000
arrive destination: True ,out of road:False   Total T: 656242 Episode Num: 1764 Episode T: 277 Reward: 276.958 Cost: 4.000
arrive destination: False ,out of road:True   Total T: 656343 Episode Num: 1765 Episode T: 101 Reward: 79.960 Cost: 2.000
arrive destination: True ,out of road:False   Total T: 656595 Episode Num: 1766 Episode T: 252 Reward: 272.213 Cost: 0.000
arrive destination: True ,out of road:False   Total T: 657054 Episode Num: 1767 Episode T: 459 Reward: 470.303 Cost: 5.000
arrive destination: False ,out of road:False   Total T: 658054 Episode Num: 1768 Episode T: 1000 Reward: 127.431 Cost: 13.000
arrive destination: True ,out of road:False   Total T: 658638 Episode Num: 1769 Episode T: 584 Reward: 492.087 Cost: 3.000
arrive destination: True ,out of road:False   Total T: 658882 Episode Num: 1770 Episode T: 244 Reward: 294.612 Cost: 2.000
arrive destination: True ,out of road:False   Total T: 659126 Episode Num: 1771 Episode T: 244 Reward: 274.066 Cost: 1.000
arrive destination: True ,out of road:False   Total T: 659661 Episode Num: 1772 Episode T: 535 Reward: 492.821 Cost: 3.000
---------------------------------------
Evaluation over 20 episodes: 0.650 Cost 5.600.             SafeRL used : use_epo
---------------------------------------
[34;1m
Time: 2026-06-29 16:18:27, Time spent from previous logger: 151.640 s[0m
[34;1mCustomLogger with fileds: ['total_steps', 'EpRet', 'EpCost', 'CostRate'][0m
[34;1mfieldvalues: [660000, 0.65, 5.6, 0.015704569249347346]
[0m
arrive destination: True ,out of road:False   Total T: 660629 Episode Num: 1773 Episode T: 968 Reward: 656.818 Cost: 84.000
arrive destination: False ,out of road:True   Total T: 660889 Episode Num: 1774 Episode T: 260 Reward: 170.309 Cost: 5.000
arrive destination: True ,out of road:False   Total T: 661119 Episode Num: 1775 Episode T: 230 Reward: 233.246 Cost: 14.000
arrive destination: True ,out of road:False   Total T: 661485 Episode Num: 1776 Episode T: 366 Reward: 398.048 Cost: 0.000
arrive destination: True ,out of road:False   Total T: 661703 Episode Num: 1777 Episode T: 218 Reward: 232.576 Cost: 1.000
arrive destination: True ,out of road:False   Total T: 662085 Episode Num: 1778 Episode T: 382 Reward: 399.530 Cost: 8.000
arrive destination: True ,out of road:False   Total T: 662341 Episode Num: 1779 Episode T: 256 Reward: 336.226 Cost: 0.000
arrive destination: True ,out of road:False   Total T: 662799 Episode Num: 1780 Episode T: 458 Reward: 474.022 Cost: 9.000
arrive destination: True ,out of road:False   Total T: 663461 Episode Num: 1781 Episode T: 662 Reward: 418.325 Cost: 41.000
arrive destination: True ,out of road:False   Total T: 663636 Episode Num: 1782 Episode T: 175 Reward: 270.167 Cost: 0.000
arrive destination: False ,out of road:True   Total T: 663914 Episode Num: 1783 Episode T: 278 Reward: 176.445 Cost: 15.000
arrive destination: True ,out of road:False   Total T: 664119 Episode Num: 1784 Episode T: 205 Reward: 243.566 Cost: 0.000
arrive destination: False ,out of road:True   Total T: 664298 Episode Num: 1785 Episode T: 179 Reward: 208.179 Cost: 4.000
arrive destination: False ,out of road:True   Total T: 664398 Episode Num: 1786 Episode T: 100 Reward: 94.815 Cost: 1.000
arrive destination: True ,out of road:False   Total T: 664680 Episode Num: 1787 Episode T: 282 Reward: 335.267 Cost: 1.000
arrive destination: True ,out of road:False   Total T: 665040 Episode Num: 1788 Episode T: 360 Reward: 357.445 Cost: 1.000
arrive destination: True ,out of road:False   Total T: 665610 Episode Num: 1789 Episode T: 570 Reward: 417.759 Cost: 17.000
arrive destination: True ,out of road:False   Total T: 665817 Episode Num: 1790 Episode T: 207 Reward: 244.736 Cost: 0.000
arrive destination: True ,out of road:False   Total T: 665994 Episode Num: 1791 Episode T: 177 Reward: 268.776 Cost: 1.000
arrive destination: True ,out of road:False   Total T: 666362 Episode Num: 1792 Episode T: 368 Reward: 396.726 Cost: 0.000
arrive destination: True ,out of road:False   Total T: 666596 Episode Num: 1793 Episode T: 234 Reward: 283.397 Cost: 9.000
arrive destination: True ,out of road:False   Total T: 667050 Episode Num: 1794 Episode T: 454 Reward: 472.242 Cost: 4.000
arrive destination: True ,out of road:False   Total T: 667494 Episode Num: 1795 Episode T: 444 Reward: 398.108 Cost: 12.000
arrive destination: False ,out of road:True   Total T: 667809 Episode Num: 1796 Episode T: 315 Reward: 298.012 Cost: 5.000
arrive destination: True ,out of road:False   Total T: 668012 Episode Num: 1797 Episode T: 203 Reward: 232.702 Cost: 1.000
arrive destination: True ,out of road:False   Total T: 668190 Episode Num: 1798 Episode T: 178 Reward: 269.017 Cost: 0.000
arrive destination: True ,out of road:False   Total T: 668444 Episode Num: 1799 Episode T: 254 Reward: 269.473 Cost: 3.000
arrive destination: True ,out of road:False   Total T: 668615 Episode Num: 1800 Episode T: 171 Reward: 269.944 Cost: 0.000
arrive destination: False ,out of road:True   Total T: 668716 Episode Num: 1801 Episode T: 101 Reward: 75.345 Cost: 4.000
arrive destination: True ,out of road:False   Total T: 668944 Episode Num: 1802 Episode T: 228 Reward: 233.139 Cost: 0.000
arrive destination: False ,out of road:True   Total T: 669071 Episode Num: 1803 Episode T: 127 Reward: 138.261 Cost: 8.000
arrive destination: True ,out of road:False   Total T: 669267 Episode Num: 1804 Episode T: 196 Reward: 239.957 Cost: 0.000
arrive destination: False ,out of road:True   Total T: 669332 Episode Num: 1805 Episode T: 65 Reward: 34.120 Cost: 1.000
arrive destination: True ,out of road:False   Total T: 669551 Episode Num: 1806 Episode T: 219 Reward: 232.879 Cost: 0.000
arrive destination: True ,out of road:False   Total T: 669746 Episode Num: 1807 Episode T: 195 Reward: 235.105 Cost: 0.000
---------------------------------------
Evaluation over 20 episodes: 0.850 Cost 7.000.             SafeRL used : use_epo
---------------------------------------
[34;1m
Time: 2026-06-29 16:21:16, Time spent from previous logger: 169.474 s[0m
[34;1mCustomLogger with fileds: ['total_steps', 'EpRet', 'EpCost', 'CostRate'][0m
[34;1mfieldvalues: [670000, 0.85, 7.0, 0.015841814689275657]
[0m
arrive destination: True ,out of road:False   Total T: 670367 Episode Num: 1808 Episode T: 621 Reward: 641.466 Cost: 0.000
arrive destination: False ,out of road:True   Total T: 670609 Episode Num: 1809 Episode T: 242 Reward: 243.306 Cost: 5.000
arrive destination: True ,out of road:False   Total T: 670848 Episode Num: 1810 Episode T: 239 Reward: 273.320 Cost: 1.000
arrive destination: True ,out of road:False   Total T: 671079 Episode Num: 1811 Episode T: 231 Reward: 272.201 Cost: 0.000
arrive destination: True ,out of road:False   Total T: 671437 Episode Num: 1812 Episode T: 358 Reward: 398.729 Cost: 0.000
arrive destination: False ,out of road:True   Total T: 671810 Episode Num: 1813 Episode T: 373 Reward: 319.105 Cost: 9.000
arrive destination: True ,out of road:False   Total T: 672010 Episode Num: 1814 Episode T: 200 Reward: 241.057 Cost: 0.000
arrive destination: True ,out of road:False   Total T: 672553 Episode Num: 1815 Episode T: 543 Reward: 411.155 Cost: 1.000
arrive destination: True ,out of road:False   Total T: 672801 Episode Num: 1816 Episode T: 248 Reward: 270.061 Cost: 0.000
arrive destination: True ,out of road:False   Total T: 673031 Episode Num: 1817 Episode T: 230 Reward: 273.441 Cost: 0.000
arrive destination: True ,out of road:False   Total T: 673399 Episode Num: 1818 Episode T: 368 Reward: 396.175 Cost: 0.000
arrive destination: True ,out of road:False   Total T: 673574 Episode Num: 1819 Episode T: 175 Reward: 269.842 Cost: 0.000
arrive destination: True ,out of road:False   Total T: 673946 Episode Num: 1820 Episode T: 372 Reward: 378.744 Cost: 2.000
arrive destination: False ,out of road:True   Total T: 674204 Episode Num: 1821 Episode T: 258 Reward: 264.167 Cost: 2.000
arrive destination: True ,out of road:False   Total T: 674439 Episode Num: 1822 Episode T: 235 Reward: 295.484 Cost: 5.000
arrive destination: True ,out of road:False   Total T: 675047 Episode Num: 1823 Episode T: 608 Reward: 416.304 Cost: 34.000
arrive destination: True ,out of road:False   Total T: 675453 Episode Num: 1824 Episode T: 406 Reward: 413.100 Cost: 3.000
arrive destination: True ,out of road:False   Total T: 675798 Episode Num: 1825 Episode T: 345 Reward: 353.816 Cost: 0.000
arrive destination: True ,out of road:False   Total T: 676161 Episode Num: 1826 Episode T: 363 Reward: 390.566 Cost: 1.000
arrive destination: True ,out of road:False   Total T: 676836 Episode Num: 1827 Episode T: 675 Reward: 508.979 Cost: 9.000
arrive destination: True ,out of road:False   Total T: 677103 Episode Num: 1828 Episode T: 267 Reward: 267.484 Cost: 0.000
arrive destination: True ,out of road:False   Total T: 677314 Episode Num: 1829 Episode T: 211 Reward: 283.878 Cost: 0.000
arrive destination: False ,out of road:True   Total T: 677525 Episode Num: 1830 Episode T: 211 Reward: 214.145 Cost: 8.000
arrive destination: True ,out of road:False   Total T: 678011 Episode Num: 1831 Episode T: 486 Reward: 400.243 Cost: 9.000
arrive destination: True ,out of road:False   Total T: 678285 Episode Num: 1832 Episode T: 274 Reward: 273.848 Cost: 2.000
arrive destination: True ,out of road:False   Total T: 678635 Episode Num: 1833 Episode T: 350 Reward: 336.359 Cost: 2.000
arrive destination: True ,out of road:False   Total T: 678880 Episode Num: 1834 Episode T: 245 Reward: 274.399 Cost: 2.000
arrive destination: False ,out of road:True   Total T: 679035 Episode Num: 1835 Episode T: 155 Reward: 183.835 Cost: 1.000
arrive destination: True ,out of road:False   Total T: 679287 Episode Num: 1836 Episode T: 252 Reward: 235.157 Cost: 0.000
arrive destination: False ,out of road:True   Total T: 679498 Episode Num: 1837 Episode T: 211 Reward: 168.944 Cost: 1.000
arrive destination: True ,out of road:False   Total T: 679730 Episode Num: 1838 Episode T: 232 Reward: 286.223 Cost: 5.000
---------------------------------------
Evaluation over 20 episodes: 0.750 Cost 5.750.             SafeRL used : use_epo
---------------------------------------
[34;1m
Time: 2026-06-29 16:24:03, Time spent from previous logger: 166.484 s[0m
[34;1mCustomLogger with fileds: ['total_steps', 'EpRet', 'EpCost', 'CostRate'][0m
[34;1mfieldvalues: [680000, 0.75, 5.75, 0.015760317294584256]
[0m
arrive destination: False ,out of road:True   Total T: 680406 Episode Num: 1839 Episode T: 676 Reward: 581.157 Cost: 3.000
arrive destination: True ,out of road:False   Total T: 680764 Episode Num: 1840 Episode T: 358 Reward: 369.324 Cost: 0.000
arrive destination: False ,out of road:True   Total T: 680895 Episode Num: 1841 Episode T: 131 Reward: 138.856 Cost: 1.000
arrive destination: False ,out of road:True   Total T: 680986 Episode Num: 1842 Episode T: 91 Reward: 75.827 Cost: 1.000
arrive destination: True ,out of road:False   Total T: 681406 Episode Num: 1843 Episode T: 420 Reward: 473.207 Cost: 3.000
arrive destination: False ,out of road:True   Total T: 681769 Episode Num: 1844 Episode T: 363 Reward: 333.693 Cost: 9.000
arrive destination: True ,out of road:False   Total T: 682006 Episode Num: 1845 Episode T: 237 Reward: 272.609 Cost: 0.000
arrive destination: False ,out of road:True   Total T: 682071 Episode Num: 1846 Episode T: 65 Reward: 30.629 Cost: 1.000
arrive destination: True ,out of road:False   Total T: 682536 Episode Num: 1847 Episode T: 465 Reward: 378.895 Cost: 7.000
arrive destination: True ,out of road:False   Total T: 682915 Episode Num: 1848 Episode T: 379 Reward: 366.697 Cost: 0.000
arrive destination: False ,out of road:True   Total T: 683135 Episode Num: 1849 Episode T: 220 Reward: 170.623 Cost: 1.000
arrive destination: False ,out of road:True   Total T: 683454 Episode Num: 1850 Episode T: 319 Reward: 284.090 Cost: 4.000
arrive destination: True ,out of road:False   Total T: 683670 Episode Num: 1851 Episode T: 216 Reward: 244.285 Cost: 0.000
arrive destination: True ,out of road:False   Total T: 683852 Episode Num: 1852 Episode T: 182 Reward: 269.101 Cost: 1.000
arrive destination: True ,out of road:False   Total T: 684092 Episode Num: 1853 Episode T: 240 Reward: 284.386 Cost: 5.000
arrive destination: True ,out of road:False   Total T: 684520 Episode Num: 1854 Episode T: 428 Reward: 472.679 Cost: 16.000
arrive destination: False ,out of road:True   Total T: 684798 Episode Num: 1855 Episode T: 278 Reward: 225.999 Cost: 1.000
arrive destination: True ,out of road:False   Total T: 685022 Episode Num: 1856 Episode T: 224 Reward: 273.413 Cost: 0.000
arrive destination: True ,out of road:False   Total T: 685398 Episode Num: 1857 Episode T: 376 Reward: 369.270 Cost: 0.000
arrive destination: True ,out of road:False   Total T: 685675 Episode Num: 1858 Episode T: 277 Reward: 267.782 Cost: 3.000
arrive destination: True ,out of road:False   Total T: 686075 Episode Num: 1859 Episode T: 400 Reward: 377.460 Cost: 5.000
arrive destination: True ,out of road:False   Total T: 686270 Episode Num: 1860 Episode T: 195 Reward: 270.135 Cost: 3.000
arrive destination: False ,out of road:False   Total T: 687270 Episode Num: 1861 Episode T: 1000 Reward: 126.980 Cost: 3.000
arrive destination: True ,out of road:False   Total T: 687728 Episode Num: 1862 Episode T: 458 Reward: 400.202 Cost: 7.000
arrive destination: True ,out of road:False   Total T: 688371 Episode Num: 1863 Episode T: 643 Reward: 513.383 Cost: 17.000
arrive destination: True ,out of road:False   Total T: 688862 Episode Num: 1864 Episode T: 491 Reward: 419.749 Cost: 0.000
arrive destination: True ,out of road:False   Total T: 689083 Episode Num: 1865 Episode T: 221 Reward: 268.075 Cost: 0.000
arrive destination: False ,out of road:True   Total T: 689461 Episode Num: 1866 Episode T: 378 Reward: 381.773 Cost: 10.000
arrive destination: True ,out of road:False   Total T: 689812 Episode Num: 1867 Episode T: 351 Reward: 335.633 Cost: 11.000
---------------------------------------
Evaluation over 20 episodes: 0.700 Cost 6.900.             SafeRL used : use_epo
---------------------------------------
[34;1m
Time: 2026-06-29 16:26:46, Time spent from previous logger: 163.155 s[0m
[34;1mCustomLogger with fileds: ['total_steps', 'EpRet', 'EpCost', 'CostRate'][0m
[34;1mfieldvalues: [690000, 0.7, 6.9, 0.015694225643805283]
[0m
arrive destination: True ,out of road:False   Total T: 690486 Episode Num: 1868 Episode T: 674 Reward: 590.821 Cost: 14.000
arrive destination: True ,out of road:False   Total T: 690721 Episode Num: 1869 Episode T: 235 Reward: 271.457 Cost: 0.000
arrive destination: True ,out of road:False   Total T: 690943 Episode Num: 1870 Episode T: 222 Reward: 270.397 Cost: 0.000
arrive destination: False ,out of road:True   Total T: 691303 Episode Num: 1871 Episode T: 360 Reward: 328.745 Cost: 6.000
arrive destination: False ,out of road:True   Total T: 691370 Episode Num: 1872 Episode T: 67 Reward: 35.554 Cost: 1.000
arrive destination: True ,out of road:False   Total T: 691580 Episode Num: 1873 Episode T: 210 Reward: 240.342 Cost: 0.000
arrive destination: True ,out of road:False   Total T: 691758 Episode Num: 1874 Episode T: 178 Reward: 269.607 Cost: 1.000
arrive destination: True ,out of road:False   Total T: 692012 Episode Num: 1875 Episode T: 254 Reward: 273.363 Cost: 2.000
arrive destination: True ,out of road:False   Total T: 692351 Episode Num: 1876 Episode T: 339 Reward: 369.788 Cost: 3.000
arrive destination: True ,out of road:False   Total T: 692733 Episode Num: 1877 Episode T: 382 Reward: 376.816 Cost: 1.000
arrive destination: True ,out of road:False   Total T: 693002 Episode Num: 1878 Episode T: 269 Reward: 268.274 Cost: 2.000
arrive destination: True ,out of road:False   Total T: 693217 Episode Num: 1879 Episode T: 215 Reward: 283.239 Cost: 0.000
arrive destination: True ,out of road:False   Total T: 693444 Episode Num: 1880 Episode T: 227 Reward: 273.512 Cost: 0.000
arrive destination: True ,out of road:False   Total T: 693809 Episode Num: 1881 Episode T: 365 Reward: 398.312 Cost: 1.000
arrive destination: False ,out of road:True   Total T: 694186 Episode Num: 1882 Episode T: 377 Reward: 376.675 Cost: 1.000
arrive destination: True ,out of road:False   Total T: 694684 Episode Num: 1883 Episode T: 498 Reward: 410.596 Cost: 0.000
arrive destination: True ,out of road:False   Total T: 694893 Episode Num: 1884 Episode T: 209 Reward: 283.317 Cost: 0.000
arrive destination: True ,out of road:False   Total T: 695150 Episode Num: 1885 Episode T: 257 Reward: 271.132 Cost: 3.000
arrive destination: True ,out of road:False   Total T: 695360 Episode Num: 1886 Episode T: 210 Reward: 284.079 Cost: 0.000
arrive destination: True ,out of road:False   Total T: 695555 Episode Num: 1887 Episode T: 195 Reward: 241.394 Cost: 0.000
arrive destination: True ,out of road:False   Total T: 695772 Episode Num: 1888 Episode T: 217 Reward: 232.638 Cost: 0.000
arrive destination: True ,out of road:False   Total T: 696113 Episode Num: 1889 Episode T: 341 Reward: 336.278 Cost: 10.000
arrive destination: True ,out of road:False   Total T: 696312 Episode Num: 1890 Episode T: 199 Reward: 243.896 Cost: 0.000
arrive destination: True ,out of road:False   Total T: 696532 Episode Num: 1891 Episode T: 220 Reward: 283.242 Cost: 0.000
arrive destination: True ,out of road:False   Total T: 696715 Episode Num: 1892 Episode T: 183 Reward: 269.310 Cost: 0.000
arrive destination: False ,out of road:True   Total T: 697095 Episode Num: 1893 Episode T: 380 Reward: 378.494 Cost: 1.000
arrive destination: True ,out of road:False   Total T: 697352 Episode Num: 1894 Episode T: 257 Reward: 232.646 Cost: 0.000
arrive destination: True ,out of road:False   Total T: 697714 Episode Num: 1895 Episode T: 362 Reward: 400.527 Cost: 0.000
arrive destination: True ,out of road:False   Total T: 698070 Episode Num: 1896 Episode T: 356 Reward: 369.347 Cost: 2.000
arrive destination: True ,out of road:False   Total T: 698349 Episode Num: 1897 Episode T: 279 Reward: 294.702 Cost: 5.000
arrive destination: False ,out of road:True   Total T: 698501 Episode Num: 1898 Episode T: 152 Reward: 181.115 Cost: 1.000
arrive destination: False ,out of road:True   Total T: 698874 Episode Num: 1899 Episode T: 373 Reward: 378.093 Cost: 6.000
arrive destination: True ,out of road:False   Total T: 699162 Episode Num: 1900 Episode T: 288 Reward: 335.863 Cost: 4.000
arrive destination: True ,out of road:False   Total T: 699436 Episode Num: 1901 Episode T: 274 Reward: 295.625 Cost: 5.000
arrive destination: True ,out of road:False   Total T: 699833 Episode Num: 1902 Episode T: 397 Reward: 377.433 Cost: 4.000
arrive destination: False ,out of road:True   Total T: 699901 Episode Num: 1903 Episode T: 68 Reward: 34.457 Cost: 1.000
---------------------------------------
Evaluation over 20 episodes: 0.600 Cost 9.950.             SafeRL used : use_epo
---------------------------------------
[34;1m
Time: 2026-06-29 16:29:19, Time spent from previous logger: 152.535 s[0m
[34;1mCustomLogger with fileds: ['total_steps', 'EpRet', 'EpCost', 'CostRate'][0m
[34;1mfieldvalues: [700000, 0.6, 9.95, 0.015577165110235871]
[0m
arrive destination: False ,out of road:True   Total T: 700361 Episode Num: 1904 Episode T: 460 Reward: 416.070 Cost: 12.000
arrive destination: True ,out of road:False   Total T: 700545 Episode Num: 1905 Episode T: 184 Reward: 269.481 Cost: 0.000
arrive destination: True ,out of road:False   Total T: 701001 Episode Num: 1906 Episode T: 456 Reward: 474.693 Cost: 1.000
arrive destination: True ,out of road:False   Total T: 701176 Episode Num: 1907 Episode T: 175 Reward: 269.850 Cost: 0.000
arrive destination: False ,out of road:True   Total T: 701307 Episode Num: 1908 Episode T: 131 Reward: 138.357 Cost: 1.000
arrive destination: True ,out of road:False   Total T: 701764 Episode Num: 1909 Episode T: 457 Reward: 398.071 Cost: 22.000
arrive destination: True ,out of road:False   Total T: 702032 Episode Num: 1910 Episode T: 268 Reward: 269.810 Cost: 1.000
arrive destination: False ,out of road:True   Total T: 702291 Episode Num: 1911 Episode T: 259 Reward: 193.572 Cost: 1.000
arrive destination: True ,out of road:False   Total T: 702575 Episode Num: 1912 Episode T: 284 Reward: 336.270 Cost: 0.000
arrive destination: True ,out of road:False   Total T: 703029 Episode Num: 1913 Episode T: 454 Reward: 401.868 Cost: 9.000
arrive destination: True ,out of road:False   Total T: 703416 Episode Num: 1914 Episode T: 387 Reward: 378.663 Cost: 2.000
arrive destination: True ,out of road:False   Total T: 703871 Episode Num: 1915 Episode T: 455 Reward: 416.089 Cost: 2.000
arrive destination: False ,out of road:True   Total T: 704182 Episode Num: 1916 Episode T: 311 Reward: 212.308 Cost: 2.000
arrive destination: True ,out of road:False   Total T: 704770 Episode Num: 1917 Episode T: 588 Reward: 509.806 Cost: 9.000
arrive destination: True ,out of road:False   Total T: 705165 Episode Num: 1918 Episode T: 395 Reward: 335.749 Cost: 11.000
arrive destination: True ,out of road:False   Total T: 705639 Episode Num: 1919 Episode T: 474 Reward: 399.760 Cost: 8.000
arrive destination: False ,out of road:True   Total T: 705900 Episode Num: 1920 Episode T: 261 Reward: 217.722 Cost: 9.000
arrive destination: True ,out of road:False   Total T: 706159 Episode Num: 1921 Episode T: 259 Reward: 283.342 Cost: 0.000
arrive destination: True ,out of road:False   Total T: 706665 Episode Num: 1922 Episode T: 506 Reward: 400.904 Cost: 7.000
arrive destination: False ,out of road:True   Total T: 707057 Episode Num: 1923 Episode T: 392 Reward: 319.739 Cost: 13.000
arrive destination: True ,out of road:False   Total T: 707425 Episode Num: 1924 Episode T: 368 Reward: 378.152 Cost: 1.000
arrive destination: True ,out of road:False   Total T: 707633 Episode Num: 1925 Episode T: 208 Reward: 246.234 Cost: 0.000
arrive destination: True ,out of road:False   Total T: 708129 Episode Num: 1926 Episode T: 496 Reward: 399.447 Cost: 5.000
arrive destination: True ,out of road:False   Total T: 708680 Episode Num: 1927 Episode T: 551 Reward: 416.368 Cost: 5.000
arrive destination: True ,out of road:False   Total T: 708970 Episode Num: 1928 Episode T: 290 Reward: 335.306 Cost: 1.000
arrive destination: True ,out of road:False   Total T: 709438 Episode Num: 1929 Episode T: 468 Reward: 471.598 Cost: 10.000
arrive destination: True ,out of road:False   Total T: 709662 Episode Num: 1930 Episode T: 224 Reward: 296.145 Cost: 5.000
---------------------------------------
Evaluation over 20 episodes: 0.600 Cost 4.800.             SafeRL used : use_epo
---------------------------------------
[34;1m
Time: 2026-06-29 16:31:55, Time spent from previous logger: 156.566 s[0m
[34;1mCustomLogger with fileds: ['total_steps', 'EpRet', 'EpCost', 'CostRate'][0m
[34;1mfieldvalues: [710000, 0.6, 4.8, 0.015556359938535125]
[0m
arrive destination: True ,out of road:False   Total T: 710231 Episode Num: 1931 Episode T: 569 Reward: 584.540 Cost: 6.000
arrive destination: False ,out of road:True   Total T: 710442 Episode Num: 1932 Episode T: 211 Reward: 217.572 Cost: 6.000
arrive destination: True ,out of road:False   Total T: 710642 Episode Num: 1933 Episode T: 200 Reward: 244.801 Cost: 0.000
arrive destination: True ,out of road:False   Total T: 711062 Episode Num: 1934 Episode T: 420 Reward: 417.846 Cost: 9.000
arrive destination: True ,out of road:False   Total T: 711328 Episode Num: 1935 Episode T: 266 Reward: 266.840 Cost: 0.000
arrive destination: True ,out of road:False   Total T: 711608 Episode Num: 1936 Episode T: 280 Reward: 269.420 Cost: 1.000
arrive destination: True ,out of road:False   Total T: 711904 Episode Num: 1937 Episode T: 296 Reward: 269.575 Cost: 12.000
arrive destination: True ,out of road:False   Total T: 712101 Episode Num: 1938 Episode T: 197 Reward: 245.053 Cost: 0.000
arrive destination: True ,out of road:False   Total T: 712328 Episode Num: 1939 Episode T: 227 Reward: 295.821 Cost: 1.000
arrive destination: True ,out of road:False   Total T: 712587 Episode Num: 1940 Episode T: 259 Reward: 270.653 Cost: 0.000
arrive destination: False ,out of road:True   Total T: 712745 Episode Num: 1941 Episode T: 158 Reward: 181.134 Cost: 1.000
arrive destination: True ,out of road:False   Total T: 712938 Episode Num: 1942 Episode T: 193 Reward: 240.717 Cost: 0.000
arrive destination: True ,out of road:False   Total T: 713206 Episode Num: 1943 Episode T: 268 Reward: 272.225 Cost: 2.000
arrive destination: True ,out of road:False   Total T: 713609 Episode Num: 1944 Episode T: 403 Reward: 414.599 Cost: 0.000
arrive destination: True ,out of road:False   Total T: 713968 Episode Num: 1945 Episode T: 359 Reward: 370.207 Cost: 4.000
arrive destination: True ,out of road:False   Total T: 714461 Episode Num: 1946 Episode T: 493 Reward: 417.280 Cost: 18.000
arrive destination: True ,out of road:False   Total T: 714750 Episode Num: 1947 Episode T: 289 Reward: 267.459 Cost: 2.000
arrive destination: True ,out of road:False   Total T: 715103 Episode Num: 1948 Episode T: 353 Reward: 375.281 Cost: 0.000
arrive destination: True ,out of road:False   Total T: 715383 Episode Num: 1949 Episode T: 280 Reward: 335.747 Cost: 1.000
arrive destination: True ,out of road:False   Total T: 715606 Episode Num: 1950 Episode T: 223 Reward: 274.093 Cost: 1.000
arrive destination: True ,out of road:False   Total T: 716166 Episode Num: 1951 Episode T: 560 Reward: 419.614 Cost: 15.000
arrive destination: False ,out of road:True   Total T: 716571 Episode Num: 1952 Episode T: 405 Reward: 380.152 Cost: 2.000
arrive destination: True ,out of road:False   Total T: 716934 Episode Num: 1953 Episode T: 363 Reward: 396.837 Cost: 2.000
arrive destination: False ,out of road:True   Total T: 717287 Episode Num: 1954 Episode T: 353 Reward: 273.841 Cost: 5.000
arrive destination: True ,out of road:False   Total T: 717479 Episode Num: 1955 Episode T: 192 Reward: 270.087 Cost: 1.000
arrive destination: True ,out of road:False   Total T: 718059 Episode Num: 1956 Episode T: 580 Reward: 509.917 Cost: 15.000
arrive destination: True ,out of road:False   Total T: 718287 Episode Num: 1957 Episode T: 228 Reward: 274.279 Cost: 3.000
arrive destination: True ,out of road:False   Total T: 718649 Episode Num: 1958 Episode T: 362 Reward: 395.978 Cost: 0.000
arrive destination: False ,out of road:True   Total T: 718863 Episode Num: 1959 Episode T: 214 Reward: 222.682 Cost: 11.000
arrive destination: False ,out of road:True   Total T: 718954 Episode Num: 1960 Episode T: 91 Reward: 73.090 Cost: 1.000
arrive destination: True ,out of road:False   Total T: 719308 Episode Num: 1961 Episode T: 354 Reward: 371.000 Cost: 12.000
arrive destination: False ,out of road:True   Total T: 719933 Episode Num: 1962 Episode T: 625 Reward: 473.865 Cost: 11.000
---------------------------------------
Evaluation over 20 episodes: 0.650 Cost 4.100.             SafeRL used : use_epo
---------------------------------------
[34;1m
Time: 2026-06-29 16:34:29, Time spent from previous logger: 154.125 s[0m
[34;1mCustomLogger with fileds: ['total_steps', 'EpRet', 'EpCost', 'CostRate'][0m
[34;1mfieldvalues: [720000, 0.65, 4.1, 0.01552918823498366]
[0m
arrive destination: True ,out of road:False   Total T: 720290 Episode Num: 1963 Episode T: 357 Reward: 315.288 Cost: 1.000
arrive destination: True ,out of road:False   Total T: 720549 Episode Num: 1964 Episode T: 259 Reward: 269.778 Cost: 2.000
arrive destination: True ,out of road:False   Total T: 720767 Episode Num: 1965 Episode T: 218 Reward: 271.416 Cost: 0.000
arrive destination: True ,out of road:False   Total T: 721120 Episode Num: 1966 Episode T: 353 Reward: 371.143 Cost: 0.000
arrive destination: True ,out of road:False   Total T: 721544 Episode Num: 1967 Episode T: 424 Reward: 378.043 Cost: 10.000
arrive destination: True ,out of road:False   Total T: 722012 Episode Num: 1968 Episode T: 468 Reward: 463.867 Cost: 6.000
arrive destination: True ,out of road:False   Total T: 722211 Episode Num: 1969 Episode T: 199 Reward: 244.812 Cost: 0.000
arrive destination: True ,out of road:False   Total T: 722577 Episode Num: 1970 Episode T: 366 Reward: 370.256 Cost: 8.000
arrive destination: False ,out of road:True   Total T: 722791 Episode Num: 1971 Episode T: 214 Reward: 233.364 Cost: 1.000
arrive destination: False ,out of road:True   Total T: 722940 Episode Num: 1972 Episode T: 149 Reward: 180.157 Cost: 1.000
arrive destination: True ,out of road:False   Total T: 723186 Episode Num: 1973 Episode T: 246 Reward: 232.201 Cost: 0.000
arrive destination: True ,out of road:False   Total T: 723572 Episode Num: 1974 Episode T: 386 Reward: 379.304 Cost: 2.000
arrive destination: True ,out of road:False   Total T: 723874 Episode Num: 1975 Episode T: 302 Reward: 336.182 Cost: 0.000
arrive destination: True ,out of road:False   Total T: 724112 Episode Num: 1976 Episode T: 238 Reward: 276.998 Cost: 1.000
arrive destination: True ,out of road:False   Total T: 724392 Episode Num: 1977 Episode T: 280 Reward: 270.935 Cost: 0.000
arrive destination: True ,out of road:False   Total T: 724661 Episode Num: 1978 Episode T: 269 Reward: 266.172 Cost: 2.000
arrive destination: True ,out of road:False   Total T: 725295 Episode Num: 1979 Episode T: 634 Reward: 415.879 Cost: 17.000
arrive destination: False ,out of road:True   Total T: 725514 Episode Num: 1980 Episode T: 219 Reward: 220.694 Cost: 9.000
arrive destination: False ,out of road:True   Total T: 725613 Episode Num: 1981 Episode T: 99 Reward: 80.799 Cost: 1.000
arrive destination: False ,out of road:True   Total T: 725766 Episode Num: 1982 Episode T: 153 Reward: 180.101 Cost: 4.000
arrive destination: False ,out of road:True   Total T: 726121 Episode Num: 1983 Episode T: 355 Reward: 325.448 Cost: 6.000
arrive destination: True ,out of road:False   Total T: 726687 Episode Num: 1984 Episode T: 566 Reward: 412.318 Cost: 6.000
arrive destination: True ,out of road:False   Total T: 727054 Episode Num: 1985 Episode T: 367 Reward: 363.594 Cost: 0.000
arrive destination: True ,out of road:False   Total T: 727248 Episode Num: 1986 Episode T: 194 Reward: 269.975 Cost: 0.000
arrive destination: False ,out of road:True   Total T: 727510 Episode Num: 1987 Episode T: 262 Reward: 261.787 Cost: 10.000
arrive destination: True ,out of road:False   Total T: 727741 Episode Num: 1988 Episode T: 231 Reward: 272.130 Cost: 0.000
arrive destination: True ,out of road:False   Total T: 728015 Episode Num: 1989 Episode T: 274 Reward: 294.458 Cost: 4.000
arrive destination: True ,out of road:False   Total T: 728367 Episode Num: 1990 Episode T: 352 Reward: 352.849 Cost: 0.000
arrive destination: True ,out of road:False   Total T: 728625 Episode Num: 1991 Episode T: 258 Reward: 269.223 Cost: 1.000
arrive destination: True ,out of road:False   Total T: 729144 Episode Num: 1992 Episode T: 519 Reward: 416.968 Cost: 3.000
arrive destination: True ,out of road:False   Total T: 729461 Episode Num: 1993 Episode T: 317 Reward: 269.864 Cost: 1.000
arrive destination: True ,out of road:False   Total T: 729891 Episode Num: 1994 Episode T: 430 Reward: 336.350 Cost: 5.000
---------------------------------------
Evaluation over 20 episodes: 0.600 Cost 5.100.             SafeRL used : use_epo
---------------------------------------
[34;1m
Time: 2026-06-29 16:37:04, Time spent from previous logger: 154.679 s[0m
[34;1mCustomLogger with fileds: ['total_steps', 'EpRet', 'EpCost', 'CostRate'][0m
[34;1mfieldvalues: [730000, 0.6, 5.1, 0.015454815691528345]
[0m
arrive destination: True ,out of road:False   Total T: 730275 Episode Num: 1995 Episode T: 384 Reward: 412.583 Cost: 4.000
arrive destination: True ,out of road:False   Total T: 730648 Episode Num: 1996 Episode T: 373 Reward: 374.699 Cost: 0.000
arrive destination: True ,out of road:False   Total T: 731092 Episode Num: 1997 Episode T: 444 Reward: 377.793 Cost: 7.000
arrive destination: True ,out of road:False   Total T: 731320 Episode Num: 1998 Episode T: 228 Reward: 295.477 Cost: 2.000
arrive destination: True ,out of road:False   Total T: 731568 Episode Num: 1999 Episode T: 248 Reward: 283.387 Cost: 2.000
arrive destination: False ,out of road:True   Total T: 731698 Episode Num: 2000 Episode T: 130 Reward: 136.960 Cost: 1.000
arrive destination: True ,out of road:False   Total T: 732056 Episode Num: 2001 Episode T: 358 Reward: 372.561 Cost: 0.000
arrive destination: False ,out of road:True   Total T: 732383 Episode Num: 2002 Episode T: 327 Reward: 264.096 Cost: 1.000
arrive destination: True ,out of road:False   Total T: 732776 Episode Num: 2003 Episode T: 393 Reward: 378.454 Cost: 3.000
arrive destination: True ,out of road:False   Total T: 733176 Episode Num: 2004 Episode T: 400 Reward: 376.227 Cost: 3.000
arrive destination: True ,out of road:False   Total T: 733467 Episode Num: 2005 Episode T: 291 Reward: 267.477 Cost: 7.000
arrive destination: False ,out of road:True   Total T: 733793 Episode Num: 2006 Episode T: 326 Reward: 267.298 Cost: 1.000
arrive destination: True ,out of road:False   Total T: 733979 Episode Num: 2007 Episode T: 186 Reward: 270.109 Cost: 1.000
arrive destination: True ,out of road:False   Total T: 734359 Episode Num: 2008 Episode T: 380 Reward: 364.152 Cost: 0.000
arrive destination: True ,out of road:False   Total T: 734710 Episode Num: 2009 Episode T: 351 Reward: 357.671 Cost: 0.000
arrive destination: True ,out of road:False   Total T: 734898 Episode Num: 2010 Episode T: 188 Reward: 270.011 Cost: 0.000
arrive destination: True ,out of road:False   Total T: 735091 Episode Num: 2011 Episode T: 193 Reward: 240.441 Cost: 0.000
arrive destination: False ,out of road:True   Total T: 735361 Episode Num: 2012 Episode T: 270 Reward: 304.255 Cost: 6.000
arrive destination: True ,out of road:False   Total T: 735595 Episode Num: 2013 Episode T: 234 Reward: 272.646 Cost: 0.000
arrive destination: False ,out of road:True   Total T: 735952 Episode Num: 2014 Episode T: 357 Reward: 320.990 Cost: 10.000
arrive destination: False ,out of road:True   Total T: 736136 Episode Num: 2015 Episode T: 184 Reward: 212.148 Cost: 6.000
arrive destination: True ,out of road:False   Total T: 736348 Episode Num: 2016 Episode T: 212 Reward: 240.217 Cost: 0.000
arrive destination: False ,out of road:True   Total T: 736401 Episode Num: 2017 Episode T: 53 Reward: 20.768 Cost: 1.000
arrive destination: True ,out of road:False   Total T: 736788 Episode Num: 2018 Episode T: 387 Reward: 377.359 Cost: 3.000
arrive destination: True ,out of road:False   Total T: 737241 Episode Num: 2019 Episode T: 453 Reward: 469.847 Cost: 0.000
arrive destination: True ,out of road:False   Total T: 737516 Episode Num: 2020 Episode T: 275 Reward: 271.652 Cost: 15.000
arrive destination: True ,out of road:False   Total T: 737741 Episode Num: 2021 Episode T: 225 Reward: 283.961 Cost: 0.000
arrive destination: False ,out of road:True   Total T: 737926 Episode Num: 2022 Episode T: 185 Reward: 231.120 Cost: 1.000
arrive destination: True ,out of road:False   Total T: 738163 Episode Num: 2023 Episode T: 237 Reward: 295.065 Cost: 10.000
arrive destination: True ,out of road:False   Total T: 738410 Episode Num: 2024 Episode T: 247 Reward: 286.385 Cost: 2.000
arrive destination: True ,out of road:False   Total T: 738762 Episode Num: 2025 Episode T: 352 Reward: 355.246 Cost: 0.000
arrive destination: True ,out of road:False   Total T: 739055 Episode Num: 2026 Episode T: 293 Reward: 294.339 Cost: 4.000
arrive destination: True ,out of road:False   Total T: 739540 Episode Num: 2027 Episode T: 485 Reward: 468.342 Cost: 1.000
arrive destination: True ,out of road:False   Total T: 739909 Episode Num: 2028 Episode T: 369 Reward: 362.153 Cost: 0.000
---------------------------------------
Evaluation over 20 episodes: 0.600 Cost 5.000.             SafeRL used : use_epo
---------------------------------------
[34;1m
Time: 2026-06-29 16:39:37, Time spent from previous logger: 152.660 s[0m
[34;1mCustomLogger with fileds: ['total_steps', 'EpRet', 'EpCost', 'CostRate'][0m
[34;1mfieldvalues: [740000, 0.6, 5.0, 0.015368939687756334]
[0m
arrive destination: False ,out of road:True   Total T: 740064 Episode Num: 2029 Episode T: 155 Reward: 109.977 Cost: 1.000
arrive destination: True ,out of road:False   Total T: 740298 Episode Num: 2030 Episode T: 234 Reward: 275.885 Cost: 0.000
arrive destination: True ,out of road:False   Total T: 740705 Episode Num: 2031 Episode T: 407 Reward: 419.231 Cost: 0.000
arrive destination: True ,out of road:False   Total T: 741208 Episode Num: 2032 Episode T: 503 Reward: 421.365 Cost: 5.000
arrive destination: True ,out of road:False   Total T: 741415 Episode Num: 2033 Episode T: 207 Reward: 232.489 Cost: 0.000
arrive destination: False ,out of road:True   Total T: 741608 Episode Num: 2034 Episode T: 193 Reward: 210.569 Cost: 6.000
arrive destination: True ,out of road:False   Total T: 741783 Episode Num: 2035 Episode T: 175 Reward: 268.389 Cost: 0.000
arrive destination: True ,out of road:False   Total T: 742229 Episode Num: 2036 Episode T: 446 Reward: 473.834 Cost: 1.000
arrive destination: True ,out of road:False   Total T: 742424 Episode Num: 2037 Episode T: 195 Reward: 244.669 Cost: 0.000
arrive destination: True ,out of road:False   Total T: 742797 Episode Num: 2038 Episode T: 373 Reward: 397.184 Cost: 0.000
arrive destination: False ,out of road:True   Total T: 743076 Episode Num: 2039 Episode T: 279 Reward: 194.313 Cost: 3.000
arrive destination: True ,out of road:False   Total T: 743449 Episode Num: 2040 Episode T: 373 Reward: 394.334 Cost: 0.000
arrive destination: False ,out of road:True   Total T: 743690 Episode Num: 2041 Episode T: 241 Reward: 192.186 Cost: 4.000
arrive destination: True ,out of road:False   Total T: 744280 Episode Num: 2042 Episode T: 590 Reward: 506.111 Cost: 12.000
arrive destination: True ,out of road:False   Total T: 744509 Episode Num: 2043 Episode T: 229 Reward: 267.491 Cost: 2.000
arrive destination: True ,out of road:False   Total T: 744780 Episode Num: 2044 Episode T: 271 Reward: 270.811 Cost: 0.000
arrive destination: False ,out of road:True   Total T: 745037 Episode Num: 2045 Episode T: 257 Reward: 197.952 Cost: 7.000
arrive destination: True ,out of road:False   Total T: 745346 Episode Num: 2046 Episode T: 309 Reward: 272.067 Cost: 12.000
arrive destination: True ,out of road:False   Total T: 745568 Episode Num: 2047 Episode T: 222 Reward: 295.416 Cost: 1.000
arrive destination: True ,out of road:False   Total T: 745767 Episode Num: 2048 Episode T: 199 Reward: 242.072 Cost: 0.000
arrive destination: False ,out of road:True   Total T: 745939 Episode Num: 2049 Episode T: 172 Reward: 219.741 Cost: 5.000
arrive destination: True ,out of road:False   Total T: 746359 Episode Num: 2050 Episode T: 420 Reward: 401.367 Cost: 6.000
arrive destination: True ,out of road:False   Total T: 746665 Episode Num: 2051 Episode T: 306 Reward: 268.622 Cost: 4.000
arrive destination: True ,out of road:False   Total T: 746914 Episode Num: 2052 Episode T: 249 Reward: 232.859 Cost: 0.000
arrive destination: True ,out of road:False   Total T: 747169 Episode Num: 2053 Episode T: 255 Reward: 285.267 Cost: 0.000
arrive destination: True ,out of road:False   Total T: 747540 Episode Num: 2054 Episode T: 371 Reward: 375.679 Cost: 1.000
arrive destination: True ,out of road:False   Total T: 747892 Episode Num: 2055 Episode T: 352 Reward: 358.181 Cost: 0.000
arrive destination: True ,out of road:False   Total T: 748166 Episode Num: 2056 Episode T: 274 Reward: 265.681 Cost: 2.000
arrive destination: True ,out of road:False   Total T: 748512 Episode Num: 2057 Episode T: 346 Reward: 356.003 Cost: 0.000
arrive destination: True ,out of road:False   Total T: 748735 Episode Num: 2058 Episode T: 223 Reward: 282.823 Cost: 0.000
arrive destination: True ,out of road:False   Total T: 749031 Episode Num: 2059 Episode T: 296 Reward: 336.347 Cost: 6.000
arrive destination: True ,out of road:False   Total T: 749286 Episode Num: 2060 Episode T: 255 Reward: 232.950 Cost: 0.000
arrive destination: True ,out of road:False   Total T: 749828 Episode Num: 2061 Episode T: 542 Reward: 409.103 Cost: 6.000
---------------------------------------
Evaluation over 20 episodes: 0.650 Cost 4.700.             SafeRL used : use_epo
---------------------------------------
[34;1m
Time: 2026-06-29 16:42:15, Time spent from previous logger: 158.718 s[0m
[34;1mCustomLogger with fileds: ['total_steps', 'EpRet', 'EpCost', 'CostRate'][0m
[34;1mfieldvalues: [750000, 0.65, 4.7, 0.015276020368027157]
[0m
arrive destination: True ,out of road:False   Total T: 750227 Episode Num: 2062 Episode T: 399 Reward: 444.441 Cost: 5.000
arrive destination: True ,out of road:False   Total T: 750717 Episode Num: 2063 Episode T: 490 Reward: 411.426 Cost: 9.000
arrive destination: False ,out of road:True   Total T: 751251 Episode Num: 2064 Episode T: 534 Reward: 349.739 Cost: 10.000
arrive destination: False ,out of road:True   Total T: 751663 Episode Num: 2065 Episode T: 412 Reward: 245.231 Cost: 23.000
arrive destination: False ,out of road:True   Total T: 751838 Episode Num: 2066 Episode T: 175 Reward: 218.491 Cost: 3.000
arrive destination: True ,out of road:False   Total T: 752028 Episode Num: 2067 Episode T: 190 Reward: 269.064 Cost: 0.000
arrive destination: True ,out of road:False   Total T: 752229 Episode Num: 2068 Episode T: 201 Reward: 243.732 Cost: 0.000
arrive destination: False ,out of road:True   Total T: 752429 Episode Num: 2069 Episode T: 200 Reward: 238.350 Cost: 3.000
arrive destination: True ,out of road:False   Total T: 752809 Episode Num: 2070 Episode T: 380 Reward: 399.574 Cost: 0.000
arrive destination: False ,out of road:True   Total T: 753170 Episode Num: 2071 Episode T: 361 Reward: 327.494 Cost: 9.000
arrive destination: False ,out of road:True   Total T: 753332 Episode Num: 2072 Episode T: 162 Reward: 196.089 Cost: 7.000
arrive destination: True ,out of road:False   Total T: 753827 Episode Num: 2073 Episode T: 495 Reward: 400.519 Cost: 11.000
arrive destination: True ,out of road:False   Total T: 754075 Episode Num: 2074 Episode T: 248 Reward: 295.965 Cost: 3.000
arrive destination: True ,out of road:False   Total T: 754335 Episode Num: 2075 Episode T: 260 Reward: 273.931 Cost: 5.000
arrive destination: False ,out of road:True   Total T: 754605 Episode Num: 2076 Episode T: 270 Reward: 215.416 Cost: 1.000
arrive destination: False ,out of road:True   Total T: 754980 Episode Num: 2077 Episode T: 375 Reward: 374.740 Cost: 1.000
arrive destination: True ,out of road:False   Total T: 755159 Episode Num: 2078 Episode T: 179 Reward: 269.832 Cost: 0.000
arrive destination: False ,out of road:True   Total T: 755626 Episode Num: 2079 Episode T: 467 Reward: 344.097 Cost: 14.000
arrive destination: True ,out of road:False   Total T: 755862 Episode Num: 2080 Episode T: 236 Reward: 295.762 Cost: 7.000
arrive destination: True ,out of road:False   Total T: 756325 Episode Num: 2081 Episode T: 463 Reward: 470.804 Cost: 9.000
arrive destination: True ,out of road:False   Total T: 756569 Episode Num: 2082 Episode T: 244 Reward: 283.987 Cost: 0.000
arrive destination: True ,out of road:False   Total T: 757157 Episode Num: 2083 Episode T: 588 Reward: 516.942 Cost: 5.000
arrive destination: False ,out of road:True   Total T: 757523 Episode Num: 2084 Episode T: 366 Reward: 326.782 Cost: 24.000
arrive destination: True ,out of road:False   Total T: 757778 Episode Num: 2085 Episode T: 255 Reward: 234.528 Cost: 0.000
arrive destination: False ,out of road:True   Total T: 757972 Episode Num: 2086 Episode T: 194 Reward: 217.139 Cost: 5.000
arrive destination: False ,out of road:True   Total T: 758295 Episode Num: 2087 Episode T: 323 Reward: 276.259 Cost: 1.000
arrive destination: True ,out of road:False   Total T: 758517 Episode Num: 2088 Episode T: 222 Reward: 282.894 Cost: 0.000
arrive destination: True ,out of road:False   Total T: 758760 Episode Num: 2089 Episode T: 243 Reward: 284.923 Cost: 2.000
arrive destination: True ,out of road:False   Total T: 758993 Episode Num: 2090 Episode T: 233 Reward: 277.260 Cost: 0.000
arrive destination: False ,out of road:True   Total T: 759438 Episode Num: 2091 Episode T: 445 Reward: 429.248 Cost: 1.000
arrive destination: False ,out of road:True   Total T: 759539 Episode Num: 2092 Episode T: 101 Reward: 90.056 Cost: 1.000
arrive destination: False ,out of road:True   Total T: 759586 Episode Num: 2093 Episode T: 47 Reward: 14.323 Cost: 1.000
---------------------------------------
Evaluation over 20 episodes: 0.650 Cost 5.150.             SafeRL used : use_epo
---------------------------------------
[34;1m
Time: 2026-06-29 16:44:54, Time spent from previous logger: 158.281 s[0m
[34;1mCustomLogger with fileds: ['total_steps', 'EpRet', 'EpCost', 'CostRate'][0m
[34;1mfieldvalues: [760000, 0.65, 5.15, 0.015294756966785483]
[0m
arrive destination: True ,out of road:False   Total T: 760361 Episode Num: 2094 Episode T: 775 Reward: 727.339 Cost: 7.000
arrive destination: True ,out of road:False   Total T: 760597 Episode Num: 2095 Episode T: 236 Reward: 275.022 Cost: 0.000
arrive destination: False ,out of road:True   Total T: 760760 Episode Num: 2096 Episode T: 163 Reward: 183.407 Cost: 1.000
arrive destination: True ,out of road:False   Total T: 761129 Episode Num: 2097 Episode T: 369 Reward: 391.996 Cost: 0.000
arrive destination: True ,out of road:False   Total T: 761363 Episode Num: 2098 Episode T: 234 Reward: 274.060 Cost: 0.000
arrive destination: True ,out of road:False   Total T: 761748 Episode Num: 2099 Episode T: 385 Reward: 378.541 Cost: 5.000
arrive destination: True ,out of road:False   Total T: 761983 Episode Num: 2100 Episode T: 235 Reward: 273.917 Cost: 0.000
arrive destination: True ,out of road:False   Total T: 762277 Episode Num: 2101 Episode T: 294 Reward: 336.028 Cost: 7.000
arrive destination: True ,out of road:False   Total T: 762545 Episode Num: 2102 Episode T: 268 Reward: 269.972 Cost: 4.000
arrive destination: True ,out of road:False   Total T: 762964 Episode Num: 2103 Episode T: 419 Reward: 336.253 Cost: 8.000
arrive destination: True ,out of road:False   Total T: 763216 Episode Num: 2104 Episode T: 252 Reward: 233.166 Cost: 0.000
arrive destination: True ,out of road:False   Total T: 763502 Episode Num: 2105 Episode T: 286 Reward: 269.133 Cost: 4.000
arrive destination: False ,out of road:True   Total T: 763845 Episode Num: 2106 Episode T: 343 Reward: 274.444 Cost: 2.000
arrive destination: True ,out of road:False   Total T: 764208 Episode Num: 2107 Episode T: 363 Reward: 358.772 Cost: 0.000
arrive destination: True ,out of road:False   Total T: 764556 Episode Num: 2108 Episode T: 348 Reward: 353.892 Cost: 0.000
arrive destination: True ,out of road:False   Total T: 764774 Episode Num: 2109 Episode T: 218 Reward: 284.717 Cost: 0.000
arrive destination: True ,out of road:False   Total T: 765077 Episode Num: 2110 Episode T: 303 Reward: 335.733 Cost: 15.000
arrive destination: True ,out of road:False   Total T: 765340 Episode Num: 2111 Episode T: 263 Reward: 271.571 Cost: 3.000
arrive destination: True ,out of road:False   Total T: 765782 Episode Num: 2112 Episode T: 442 Reward: 377.272 Cost: 20.000
arrive destination: False ,out of road:True   Total T: 766002 Episode Num: 2113 Episode T: 220 Reward: 226.475 Cost: 4.000
arrive destination: True ,out of road:False   Total T: 766295 Episode Num: 2114 Episode T: 293 Reward: 294.411 Cost: 13.000
arrive destination: True ,out of road:False   Total T: 766476 Episode Num: 2115 Episode T: 181 Reward: 269.774 Cost: 0.000
arrive destination: False ,out of road:True   Total T: 766692 Episode Num: 2116 Episode T: 216 Reward: 243.563 Cost: 1.000
arrive destination: True ,out of road:False   Total T: 766882 Episode Num: 2117 Episode T: 190 Reward: 270.017 Cost: 0.000
arrive destination: True ,out of road:False   Total T: 767443 Episode Num: 2118 Episode T: 561 Reward: 494.208 Cost: 7.000
arrive destination: True ,out of road:False   Total T: 767788 Episode Num: 2119 Episode T: 345 Reward: 355.564 Cost: 0.000
arrive destination: True ,out of road:False   Total T: 768006 Episode Num: 2120 Episode T: 218 Reward: 232.521 Cost: 6.000
arrive destination: True ,out of road:False   Total T: 768229 Episode Num: 2121 Episode T: 223 Reward: 285.443 Cost: 0.000
arrive destination: True ,out of road:False   Total T: 768593 Episode Num: 2122 Episode T: 364 Reward: 357.693 Cost: 0.000
arrive destination: True ,out of road:False   Total T: 769052 Episode Num: 2123 Episode T: 459 Reward: 477.336 Cost: 1.000
arrive destination: True ,out of road:False   Total T: 769408 Episode Num: 2124 Episode T: 356 Reward: 356.632 Cost: 0.000
arrive destination: False ,out of road:True   Total T: 769738 Episode Num: 2125 Episode T: 330 Reward: 269.831 Cost: 6.000
arrive destination: True ,out of road:False   Total T: 769923 Episode Num: 2126 Episode T: 185 Reward: 233.140 Cost: 4.000
---------------------------------------
Evaluation over 20 episodes: 0.600 Cost 3.450.             SafeRL used : use_epo
---------------------------------------
[34;1m
Time: 2026-06-29 16:47:24, Time spent from previous logger: 150.291 s[0m
[34;1mCustomLogger with fileds: ['total_steps', 'EpRet', 'EpCost', 'CostRate'][0m
[34;1mfieldvalues: [770000, 0.6, 3.45, 0.015240279532830562]
[0m
arrive destination: True ,out of road:False   Total T: 770224 Episode Num: 2127 Episode T: 301 Reward: 336.171 Cost: 0.000
arrive destination: False ,out of road:True   Total T: 770495 Episode Num: 2128 Episode T: 271 Reward: 265.058 Cost: 9.000
arrive destination: True ,out of road:False   Total T: 770749 Episode Num: 2129 Episode T: 254 Reward: 273.495 Cost: 2.000
arrive destination: False ,out of road:True   Total T: 770975 Episode Num: 2130 Episode T: 226 Reward: 217.921 Cost: 6.000
arrive destination: True ,out of road:False   Total T: 771421 Episode Num: 2131 Episode T: 446 Reward: 413.541 Cost: 9.000
arrive destination: True ,out of road:False   Total T: 771641 Episode Num: 2132 Episode T: 220 Reward: 295.571 Cost: 2.000
arrive destination: True ,out of road:False   Total T: 772093 Episode Num: 2133 Episode T: 452 Reward: 473.001 Cost: 0.000
arrive destination: True ,out of road:False   Total T: 772446 Episode Num: 2134 Episode T: 353 Reward: 371.460 Cost: 3.000
arrive destination: True ,out of road:False   Total T: 772936 Episode Num: 2135 Episode T: 490 Reward: 418.882 Cost: 1.000
arrive destination: False ,out of road:True   Total T: 773148 Episode Num: 2136 Episode T: 212 Reward: 196.873 Cost: 7.000
arrive destination: True ,out of road:False   Total T: 773500 Episode Num: 2137 Episode T: 352 Reward: 355.979 Cost: 0.000
arrive destination: True ,out of road:False   Total T: 773707 Episode Num: 2138 Episode T: 207 Reward: 244.479 Cost: 0.000
arrive destination: True ,out of road:False   Total T: 773924 Episode Num: 2139 Episode T: 217 Reward: 245.857 Cost: 0.000
arrive destination: False ,out of road:True   Total T: 774035 Episode Num: 2140 Episode T: 111 Reward: 86.685 Cost: 2.000
arrive destination: True ,out of road:False   Total T: 774383 Episode Num: 2141 Episode T: 348 Reward: 294.417 Cost: 9.000
arrive destination: True ,out of road:False   Total T: 774851 Episode Num: 2142 Episode T: 468 Reward: 468.588 Cost: 8.000
arrive destination: True ,out of road:False   Total T: 775228 Episode Num: 2143 Episode T: 377 Reward: 419.540 Cost: 17.000
arrive destination: True ,out of road:False   Total T: 775434 Episode Num: 2144 Episode T: 206 Reward: 244.988 Cost: 0.000
arrive destination: True ,out of road:False   Total T: 775665 Episode Num: 2145 Episode T: 231 Reward: 295.760 Cost: 3.000
arrive destination: True ,out of road:False   Total T: 775931 Episode Num: 2146 Episode T: 266 Reward: 294.405 Cost: 13.000
arrive destination: True ,out of road:False   Total T: 776214 Episode Num: 2147 Episode T: 283 Reward: 335.243 Cost: 3.000
arrive destination: False ,out of road:True   Total T: 776590 Episode Num: 2148 Episode T: 376 Reward: 375.754 Cost: 3.000
arrive destination: True ,out of road:False   Total T: 776763 Episode Num: 2149 Episode T: 173 Reward: 269.975 Cost: 0.000
arrive destination: True ,out of road:False   Total T: 777129 Episode Num: 2150 Episode T: 366 Reward: 363.251 Cost: 0.000
arrive destination: False ,out of road:True   Total T: 777164 Episode Num: 2151 Episode T: 35 Reward: 3.827 Cost: 1.000
arrive destination: False ,out of road:True   Total T: 777290 Episode Num: 2152 Episode T: 126 Reward: 126.949 Cost: 4.000
arrive destination: True ,out of road:False   Total T: 777518 Episode Num: 2153 Episode T: 228 Reward: 295.621 Cost: 8.000
arrive destination: False ,out of road:True   Total T: 777742 Episode Num: 2154 Episode T: 224 Reward: 199.869 Cost: 1.000
arrive destination: True ,out of road:False   Total T: 777977 Episode Num: 2155 Episode T: 235 Reward: 273.581 Cost: 0.000
arrive destination: True ,out of road:False   Total T: 778170 Episode Num: 2156 Episode T: 193 Reward: 241.934 Cost: 0.000
arrive destination: False ,out of road:True   Total T: 778356 Episode Num: 2157 Episode T: 186 Reward: 209.799 Cost: 3.000
arrive destination: True ,out of road:False   Total T: 778534 Episode Num: 2158 Episode T: 178 Reward: 269.322 Cost: 3.000
arrive destination: True ,out of road:False   Total T: 779104 Episode Num: 2159 Episode T: 570 Reward: 509.524 Cost: 24.000
arrive destination: True ,out of road:False   Total T: 779310 Episode Num: 2160 Episode T: 206 Reward: 282.674 Cost: 0.000
arrive destination: True ,out of road:False   Total T: 779887 Episode Num: 2161 Episode T: 577 Reward: 492.699 Cost: 7.000
---------------------------------------
Evaluation over 20 episodes: 0.550 Cost 5.250.             SafeRL used : use_epo
---------------------------------------
[34;1m
Time: 2026-06-29 16:50:01, Time spent from previous logger: 157.396 s[0m
[34;1mCustomLogger with fileds: ['total_steps', 'EpRet', 'EpCost', 'CostRate'][0m
[34;1mfieldvalues: [780000, 0.55, 5.25, 0.01523463491619861]
[0m
arrive destination: True ,out of road:False   Total T: 780249 Episode Num: 2162 Episode T: 362 Reward: 378.037 Cost: 2.000
arrive destination: True ,out of road:False   Total T: 780683 Episode Num: 2163 Episode T: 434 Reward: 418.394 Cost: 1.000
arrive destination: True ,out of road:False   Total T: 781072 Episode Num: 2164 Episode T: 389 Reward: 394.372 Cost: 1.000
arrive destination: True ,out of road:False   Total T: 781313 Episode Num: 2165 Episode T: 241 Reward: 285.326 Cost: 1.000
arrive destination: True ,out of road:False   Total T: 781550 Episode Num: 2166 Episode T: 237 Reward: 295.538 Cost: 2.000
arrive destination: False ,out of road:True   Total T: 781733 Episode Num: 2167 Episode T: 183 Reward: 207.042 Cost: 5.000
arrive destination: True ,out of road:False   Total T: 782260 Episode Num: 2168 Episode T: 527 Reward: 500.597 Cost: 6.000
arrive destination: False ,out of road:True   Total T: 782477 Episode Num: 2169 Episode T: 217 Reward: 214.645 Cost: 5.000
arrive destination: True ,out of road:False   Total T: 782730 Episode Num: 2170 Episode T: 253 Reward: 335.973 Cost: 0.000
arrive destination: False ,out of road:True   Total T: 783084 Episode Num: 2171 Episode T: 354 Reward: 292.659 Cost: 6.000
arrive destination: False ,out of road:True   Total T: 783458 Episode Num: 2172 Episode T: 374 Reward: 370.931 Cost: 2.000
arrive destination: True ,out of road:False   Total T: 783662 Episode Num: 2173 Episode T: 204 Reward: 246.063 Cost: 0.000
arrive destination: False ,out of road:True   Total T: 783747 Episode Num: 2174 Episode T: 85 Reward: 66.282 Cost: 1.000
arrive destination: True ,out of road:False   Total T: 783998 Episode Num: 2175 Episode T: 251 Reward: 233.137 Cost: 0.000
arrive destination: True ,out of road:False   Total T: 784204 Episode Num: 2176 Episode T: 206 Reward: 244.518 Cost: 0.000
arrive destination: True ,out of road:False   Total T: 784383 Episode Num: 2177 Episode T: 179 Reward: 269.247 Cost: 0.000
arrive destination: True ,out of road:False   Total T: 784932 Episode Num: 2178 Episode T: 549 Reward: 521.451 Cost: 19.000
arrive destination: True ,out of road:False   Total T: 785221 Episode Num: 2179 Episode T: 289 Reward: 335.489 Cost: 1.000
arrive destination: True ,out of road:False   Total T: 785675 Episode Num: 2180 Episode T: 454 Reward: 399.810 Cost: 9.000
arrive destination: False ,out of road:True   Total T: 785878 Episode Num: 2181 Episode T: 203 Reward: 206.533 Cost: 6.000
arrive destination: True ,out of road:False   Total T: 786084 Episode Num: 2182 Episode T: 206 Reward: 242.637 Cost: 0.000
arrive destination: True ,out of road:False   Total T: 786299 Episode Num: 2183 Episode T: 215 Reward: 285.088 Cost: 0.000
arrive destination: False ,out of road:True   Total T: 786393 Episode Num: 2184 Episode T: 94 Reward: 74.777 Cost: 1.000
arrive destination: False ,out of road:True   Total T: 786591 Episode Num: 2185 Episode T: 198 Reward: 171.076 Cost: 22.000
arrive destination: True ,out of road:False   Total T: 786894 Episode Num: 2186 Episode T: 303 Reward: 335.950 Cost: 8.000
arrive destination: True ,out of road:False   Total T: 787315 Episode Num: 2187 Episode T: 421 Reward: 335.641 Cost: 6.000
arrive destination: True ,out of road:False   Total T: 787943 Episode Num: 2188 Episode T: 628 Reward: 522.690 Cost: 1.000
arrive destination: True ,out of road:False   Total T: 788443 Episode Num: 2189 Episode T: 500 Reward: 498.231 Cost: 1.000
arrive destination: False ,out of road:True   Total T: 788642 Episode Num: 2190 Episode T: 199 Reward: 200.410 Cost: 3.000
arrive destination: False ,out of road:True   Total T: 788710 Episode Num: 2191 Episode T: 68 Reward: 37.057 Cost: 1.000
arrive destination: True ,out of road:False   Total T: 789241 Episode Num: 2192 Episode T: 531 Reward: 492.962 Cost: 6.000
arrive destination: True ,out of road:False   Total T: 789593 Episode Num: 2193 Episode T: 352 Reward: 357.955 Cost: 0.000
---------------------------------------
Evaluation over 20 episodes: 0.500 Cost 3.650.             SafeRL used : use_epo
---------------------------------------
[34;1m
Time: 2026-06-29 16:52:43, Time spent from previous logger: 161.566 s[0m
[34;1mCustomLogger with fileds: ['total_steps', 'EpRet', 'EpCost', 'CostRate'][0m
[34;1mfieldvalues: [790000, 0.5, 3.65, 0.015196221767369325]
[0m
arrive destination: False ,out of road:True   Total T: 790342 Episode Num: 2194 Episode T: 749 Reward: 658.184 Cost: 7.000
arrive destination: True ,out of road:False   Total T: 790583 Episode Num: 2195 Episode T: 241 Reward: 285.659 Cost: 5.000
arrive destination: True ,out of road:False   Total T: 790932 Episode Num: 2196 Episode T: 349 Reward: 358.875 Cost: 0.000
arrive destination: True ,out of road:False   Total T: 791112 Episode Num: 2197 Episode T: 180 Reward: 269.838 Cost: 0.000
arrive destination: True ,out of road:False   Total T: 791642 Episode Num: 2198 Episode T: 530 Reward: 496.693 Cost: 4.000
arrive destination: True ,out of road:False   Total T: 792095 Episode Num: 2199 Episode T: 453 Reward: 473.571 Cost: 9.000
arrive destination: True ,out of road:False   Total T: 792449 Episode Num: 2200 Episode T: 354 Reward: 365.781 Cost: 2.000
arrive destination: True ,out of road:False   Total T: 792628 Episode Num: 2201 Episode T: 179 Reward: 268.831 Cost: 0.000
arrive destination: True ,out of road:False   Total T: 793116 Episode Num: 2202 Episode T: 488 Reward: 418.850 Cost: 2.000
arrive destination: True ,out of road:False   Total T: 793467 Episode Num: 2203 Episode T: 351 Reward: 396.904 Cost: 5.000
arrive destination: True ,out of road:False   Total T: 793662 Episode Num: 2204 Episode T: 195 Reward: 243.865 Cost: 0.000
arrive destination: True ,out of road:False   Total T: 794007 Episode Num: 2205 Episode T: 345 Reward: 396.604 Cost: 2.000
arrive destination: True ,out of road:False   Total T: 794428 Episode Num: 2206 Episode T: 421 Reward: 421.040 Cost: 20.000
arrive destination: False ,out of road:True   Total T: 794608 Episode Num: 2207 Episode T: 180 Reward: 207.837 Cost: 6.000
arrive destination: True ,out of road:False   Total T: 794939 Episode Num: 2208 Episode T: 331 Reward: 392.559 Cost: 0.000
arrive destination: True ,out of road:False   Total T: 795322 Episode Num: 2209 Episode T: 383 Reward: 376.088 Cost: 0.000
arrive destination: True ,out of road:False   Total T: 795522 Episode Num: 2210 Episode T: 200 Reward: 244.606 Cost: 0.000
arrive destination: False ,out of road:True   Total T: 796018 Episode Num: 2211 Episode T: 496 Reward: 343.476 Cost: 4.000
arrive destination: False ,out of road:True   Total T: 796270 Episode Num: 2212 Episode T: 252 Reward: 193.552 Cost: 1.000
arrive destination: True ,out of road:False   Total T: 796510 Episode Num: 2213 Episode T: 240 Reward: 275.805 Cost: 0.000
arrive destination: True ,out of road:False   Total T: 796858 Episode Num: 2214 Episode T: 348 Reward: 355.443 Cost: 0.000
arrive destination: True ,out of road:False   Total T: 797079 Episode Num: 2215 Episode T: 221 Reward: 273.726 Cost: 0.000
arrive destination: True ,out of road:False   Total T: 797448 Episode Num: 2216 Episode T: 369 Reward: 404.566 Cost: 0.000
arrive destination: False ,out of road:True   Total T: 797539 Episode Num: 2217 Episode T: 91 Reward: 78.799 Cost: 1.000
arrive destination: True ,out of road:False   Total T: 797759 Episode Num: 2218 Episode T: 220 Reward: 284.197 Cost: 0.000
arrive destination: True ,out of road:False   Total T: 798133 Episode Num: 2219 Episode T: 374 Reward: 377.870 Cost: 2.000
arrive destination: True ,out of road:False   Total T: 798561 Episode Num: 2220 Episode T: 428 Reward: 376.726 Cost: 9.000
arrive destination: True ,out of road:False   Total T: 799099 Episode Num: 2221 Episode T: 538 Reward: 419.900 Cost: 3.000
arrive destination: False ,out of road:True   Total T: 799355 Episode Num: 2222 Episode T: 256 Reward: 267.755 Cost: 10.000
arrive destination: True ,out of road:False   Total T: 799566 Episode Num: 2223 Episode T: 211 Reward: 233.057 Cost: 0.000
arrive destination: True ,out of road:False   Total T: 799940 Episode Num: 2224 Episode T: 374 Reward: 397.616 Cost: 1.000
---------------------------------------
Evaluation over 20 episodes: 0.900 Cost 4.300.             SafeRL used : use_epo
---------------------------------------
[34;1m
Time: 2026-06-29 16:55:24, Time spent from previous logger: 161.117 s[0m
[34;1mCustomLogger with fileds: ['total_steps', 'EpRet', 'EpCost', 'CostRate'][0m
[34;1mfieldvalues: [800000, 0.9, 4.3, 0.015115018893773617]
[0m
arrive destination: True ,out of road:False   Total T: 800374 Episode Num: 2225 Episode T: 434 Reward: 398.413 Cost: 0.000
arrive destination: True ,out of road:False   Total T: 800642 Episode Num: 2226 Episode T: 268 Reward: 271.800 Cost: 0.000
arrive destination: True ,out of road:False   Total T: 801010 Episode Num: 2227 Episode T: 368 Reward: 372.137 Cost: 3.000
arrive destination: True ,out of road:False   Total T: 801210 Episode Num: 2228 Episode T: 200 Reward: 232.561 Cost: 0.000
arrive destination: True ,out of road:False   Total T: 801550 Episode Num: 2229 Episode T: 340 Reward: 376.823 Cost: 7.000
arrive destination: True ,out of road:False   Total T: 802006 Episode Num: 2230 Episode T: 456 Reward: 470.856 Cost: 4.000
arrive destination: True ,out of road:False   Total T: 802483 Episode Num: 2231 Episode T: 477 Reward: 415.012 Cost: 3.000
arrive destination: True ,out of road:False   Total T: 802818 Episode Num: 2232 Episode T: 335 Reward: 394.378 Cost: 0.000
arrive destination: True ,out of road:False   Total T: 803085 Episode Num: 2233 Episode T: 267 Reward: 267.991 Cost: 6.000
arrive destination: True ,out of road:False   Total T: 803378 Episode Num: 2234 Episode T: 293 Reward: 269.740 Cost: 18.000
arrive destination: True ,out of road:False   Total T: 803736 Episode Num: 2235 Episode T: 358 Reward: 400.345 Cost: 0.000
arrive destination: True ,out of road:False   Total T: 804246 Episode Num: 2236 Episode T: 510 Reward: 494.029 Cost: 3.000
arrive destination: False ,out of road:True   Total T: 804397 Episode Num: 2237 Episode T: 151 Reward: 57.545 Cost: 26.000
arrive destination: True ,out of road:False   Total T: 804594 Episode Num: 2238 Episode T: 197 Reward: 241.109 Cost: 0.000
arrive destination: True ,out of road:False   Total T: 805002 Episode Num: 2239 Episode T: 408 Reward: 401.590 Cost: 1.000
arrive destination: True ,out of road:False   Total T: 805253 Episode Num: 2240 Episode T: 251 Reward: 233.089 Cost: 0.000
arrive destination: True ,out of road:False   Total T: 805597 Episode Num: 2241 Episode T: 344 Reward: 376.015 Cost: 10.000
arrive destination: True ,out of road:False   Total T: 806065 Episode Num: 2242 Episode T: 468 Reward: 400.071 Cost: 11.000
arrive destination: True ,out of road:False   Total T: 806314 Episode Num: 2243 Episode T: 249 Reward: 232.822 Cost: 0.000
arrive destination: True ,out of road:False   Total T: 806675 Episode Num: 2244 Episode T: 361 Reward: 375.162 Cost: 3.000
arrive destination: True ,out of road:False   Total T: 806906 Episode Num: 2245 Episode T: 231 Reward: 295.534 Cost: 10.000
arrive destination: True ,out of road:False   Total T: 807588 Episode Num: 2246 Episode T: 682 Reward: 517.792 Cost: 6.000
arrive destination: False ,out of road:True   Total T: 807821 Episode Num: 2247 Episode T: 233 Reward: 214.759 Cost: 7.000
arrive destination: True ,out of road:False   Total T: 808014 Episode Num: 2248 Episode T: 193 Reward: 240.967 Cost: 0.000
arrive destination: True ,out of road:False   Total T: 808216 Episode Num: 2249 Episode T: 202 Reward: 233.106 Cost: 1.000
arrive destination: True ,out of road:False   Total T: 808598 Episode Num: 2250 Episode T: 382 Reward: 393.053 Cost: 5.000
arrive destination: True ,out of road:False   Total T: 808780 Episode Num: 2251 Episode T: 182 Reward: 232.454 Cost: 0.000
arrive destination: False ,out of road:True   Total T: 809148 Episode Num: 2252 Episode T: 368 Reward: 289.891 Cost: 1.000
arrive destination: True ,out of road:False   Total T: 809395 Episode Num: 2253 Episode T: 247 Reward: 232.150 Cost: 0.000
arrive destination: True ,out of road:False   Total T: 809610 Episode Num: 2254 Episode T: 215 Reward: 245.350 Cost: 0.000
arrive destination: True ,out of road:False   Total T: 809970 Episode Num: 2255 Episode T: 360 Reward: 399.369 Cost: 0.000
---------------------------------------
Evaluation over 20 episodes: 0.850 Cost 5.650.             SafeRL used : use_epo
---------------------------------------
[34;1m
Time: 2026-06-29 16:58:01, Time spent from previous logger: 157.132 s[0m
[34;1mCustomLogger with fileds: ['total_steps', 'EpRet', 'EpCost', 'CostRate'][0m
[34;1mfieldvalues: [810000, 0.85, 5.65, 0.015082734670042803]
[0m
arrive destination: True ,out of road:False   Total T: 810362 Episode Num: 2256 Episode T: 392 Reward: 366.965 Cost: 0.000
arrive destination: True ,out of road:False   Total T: 810609 Episode Num: 2257 Episode T: 247 Reward: 269.659 Cost: 0.000
arrive destination: True ,out of road:False   Total T: 811099 Episode Num: 2258 Episode T: 490 Reward: 421.011 Cost: 1.000
arrive destination: True ,out of road:False   Total T: 811376 Episode Num: 2259 Episode T: 277 Reward: 294.164 Cost: 9.000
arrive destination: False ,out of road:True   Total T: 811477 Episode Num: 2260 Episode T: 101 Reward: 82.835 Cost: 3.000
arrive destination: True ,out of road:False   Total T: 811685 Episode Num: 2261 Episode T: 208 Reward: 242.114 Cost: 0.000
arrive destination: True ,out of road:False   Total T: 811883 Episode Num: 2262 Episode T: 198 Reward: 231.901 Cost: 0.000
arrive destination: True ,out of road:False   Total T: 812238 Episode Num: 2263 Episode T: 355 Reward: 364.624 Cost: 1.000
arrive destination: True ,out of road:False   Total T: 812592 Episode Num: 2264 Episode T: 354 Reward: 373.433 Cost: 0.000
arrive destination: True ,out of road:False   Total T: 812932 Episode Num: 2265 Episode T: 340 Reward: 376.753 Cost: 3.000
arrive destination: True ,out of road:False   Total T: 813279 Episode Num: 2266 Episode T: 347 Reward: 356.685 Cost: 0.000
arrive destination: True ,out of road:False   Total T: 813547 Episode Num: 2267 Episode T: 268 Reward: 273.373 Cost: 2.000
arrive destination: True ,out of road:False   Total T: 813902 Episode Num: 2268 Episode T: 355 Reward: 370.209 Cost: 0.000
arrive destination: True ,out of road:False   Total T: 814462 Episode Num: 2269 Episode T: 560 Reward: 413.949 Cost: 19.000
arrive destination: True ,out of road:False   Total T: 814815 Episode Num: 2270 Episode T: 353 Reward: 374.879 Cost: 0.000
arrive destination: True ,out of road:False   Total T: 815170 Episode Num: 2271 Episode T: 355 Reward: 378.473 Cost: 3.000
arrive destination: True ,out of road:False   Total T: 815384 Episode Num: 2272 Episode T: 214 Reward: 269.652 Cost: 3.000
arrive destination: True ,out of road:False   Total T: 815568 Episode Num: 2273 Episode T: 184 Reward: 269.401 Cost: 0.000
arrive destination: True ,out of road:False   Total T: 815874 Episode Num: 2274 Episode T: 306 Reward: 336.341 Cost: 7.000
arrive destination: True ,out of road:False   Total T: 816115 Episode Num: 2275 Episode T: 241 Reward: 273.245 Cost: 0.000
arrive destination: True ,out of road:False   Total T: 816316 Episode Num: 2276 Episode T: 201 Reward: 242.241 Cost: 0.000
arrive destination: True ,out of road:False   Total T: 816652 Episode Num: 2277 Episode T: 336 Reward: 374.121 Cost: 4.000
arrive destination: True ,out of road:False   Total T: 817013 Episode Num: 2278 Episode T: 361 Reward: 365.079 Cost: 0.000
arrive destination: True ,out of road:False   Total T: 817522 Episode Num: 2279 Episode T: 509 Reward: 497.972 Cost: 6.000
arrive destination: False ,out of road:True   Total T: 817763 Episode Num: 2280 Episode T: 241 Reward: 186.177 Cost: 6.000
arrive destination: False ,out of road:True   Total T: 817943 Episode Num: 2281 Episode T: 180 Reward: 186.382 Cost: 1.000
arrive destination: True ,out of road:False   Total T: 818345 Episode Num: 2282 Episode T: 402 Reward: 415.724 Cost: 13.000
arrive destination: True ,out of road:False   Total T: 818695 Episode Num: 2283 Episode T: 350 Reward: 355.046 Cost: 0.000
arrive destination: False ,out of road:True   Total T: 819002 Episode Num: 2284 Episode T: 307 Reward: 293.465 Cost: 1.000
arrive destination: True ,out of road:False   Total T: 819356 Episode Num: 2285 Episode T: 354 Reward: 360.762 Cost: 0.000
arrive destination: False ,out of road:True   Total T: 819679 Episode Num: 2286 Episode T: 323 Reward: 263.853 Cost: 2.000
arrive destination: True ,out of road:False   Total T: 819937 Episode Num: 2287 Episode T: 258 Reward: 336.128 Cost: 1.000
---------------------------------------
Evaluation over 20 episodes: 0.700 Cost 2.050.             SafeRL used : use_epo
---------------------------------------
[34;1m
Time: 2026-06-29 17:00:37, Time spent from previous logger: 155.881 s[0m
[34;1mCustomLogger with fileds: ['total_steps', 'EpRet', 'EpCost', 'CostRate'][0m
[34;1mfieldvalues: [820000, 0.7, 2.05, 0.015002457320069903]
[0m
arrive destination: True ,out of road:False   Total T: 820478 Episode Num: 2288 Episode T: 541 Reward: 459.833 Cost: 1.000
arrive destination: True ,out of road:False   Total T: 820667 Episode Num: 2289 Episode T: 189 Reward: 269.732 Cost: 0.000
arrive destination: True ,out of road:False   Total T: 821030 Episode Num: 2290 Episode T: 363 Reward: 415.760 Cost: 19.000
arrive destination: True ,out of road:False   Total T: 821213 Episode Num: 2291 Episode T: 183 Reward: 269.920 Cost: 0.000
arrive destination: True ,out of road:False   Total T: 821388 Episode Num: 2292 Episode T: 175 Reward: 269.206 Cost: 0.000
arrive destination: True ,out of road:False   Total T: 821611 Episode Num: 2293 Episode T: 223 Reward: 285.678 Cost: 0.000
arrive destination: False ,out of road:True   Total T: 821936 Episode Num: 2294 Episode T: 325 Reward: 359.414 Cost: 6.000
arrive destination: True ,out of road:False   Total T: 822461 Episode Num: 2295 Episode T: 525 Reward: 490.962 Cost: 13.000
arrive destination: True ,out of road:False   Total T: 822812 Episode Num: 2296 Episode T: 351 Reward: 376.498 Cost: 2.000
arrive destination: True ,out of road:False   Total T: 823212 Episode Num: 2297 Episode T: 400 Reward: 393.759 Cost: 6.000
arrive destination: True ,out of road:False   Total T: 823779 Episode Num: 2298 Episode T: 567 Reward: 410.833 Cost: 5.000
arrive destination: False ,out of road:True   Total T: 823947 Episode Num: 2299 Episode T: 168 Reward: 191.034 Cost: 6.000
arrive destination: True ,out of road:False   Total T: 824318 Episode Num: 2300 Episode T: 371 Reward: 397.332 Cost: 0.000
arrive destination: False ,out of road:True   Total T: 824527 Episode Num: 2301 Episode T: 209 Reward: 229.964 Cost: 2.000
arrive destination: True ,out of road:False   Total T: 825018 Episode Num: 2302 Episode T: 491 Reward: 417.059 Cost: 4.000
arrive destination: True ,out of road:False   Total T: 825298 Episode Num: 2303 Episode T: 280 Reward: 275.635 Cost: 1.000
arrive destination: True ,out of road:False   Total T: 825671 Episode Num: 2304 Episode T: 373 Reward: 396.705 Cost: 0.000
arrive destination: True ,out of road:False   Total T: 826024 Episode Num: 2305 Episode T: 353 Reward: 370.034 Cost: 0.000
arrive destination: True ,out of road:False   Total T: 826374 Episode Num: 2306 Episode T: 350 Reward: 356.972 Cost: 0.000
arrive destination: True ,out of road:False   Total T: 826818 Episode Num: 2307 Episode T: 444 Reward: 400.525 Cost: 8.000
arrive destination: False ,out of road:True   Total T: 827061 Episode Num: 2308 Episode T: 243 Reward: 201.115 Cost: 2.000
arrive destination: False ,out of road:True   Total T: 827275 Episode Num: 2309 Episode T: 214 Reward: 178.987 Cost: 1.000
arrive destination: True ,out of road:False   Total T: 827655 Episode Num: 2310 Episode T: 380 Reward: 374.570 Cost: 3.000
arrive destination: True ,out of road:False   Total T: 827931 Episode Num: 2311 Episode T: 276 Reward: 293.863 Cost: 18.000
arrive destination: False ,out of road:True   Total T: 828086 Episode Num: 2312 Episode T: 155 Reward: 203.147 Cost: 3.000
arrive destination: False ,out of road:True   Total T: 828453 Episode Num: 2313 Episode T: 367 Reward: 332.970 Cost: 5.000
arrive destination: True ,out of road:False   Total T: 828666 Episode Num: 2314 Episode T: 213 Reward: 244.953 Cost: 0.000
arrive destination: True ,out of road:False   Total T: 828917 Episode Num: 2315 Episode T: 251 Reward: 232.095 Cost: 0.000
arrive destination: True ,out of road:False   Total T: 829320 Episode Num: 2316 Episode T: 403 Reward: 411.917 Cost: 0.000
arrive destination: True ,out of road:False   Total T: 829573 Episode Num: 2317 Episode T: 253 Reward: 232.434 Cost: 0.000
---------------------------------------
Evaluation over 20 episodes: 0.750 Cost 3.300.             SafeRL used : use_epo
---------------------------------------
[34;1m
Time: 2026-06-29 17:03:15, Time spent from previous logger: 157.587 s[0m
[34;1mCustomLogger with fileds: ['total_steps', 'EpRet', 'EpCost', 'CostRate'][0m
[34;1mfieldvalues: [830000, 0.75, 3.3, 0.014953030063891643]
[0m
arrive destination: True ,out of road:False   Total T: 830223 Episode Num: 2318 Episode T: 650 Reward: 614.428 Cost: 4.000
arrive destination: True ,out of road:False   Total T: 830459 Episode Num: 2319 Episode T: 236 Reward: 295.257 Cost: 5.000
arrive destination: True ,out of road:False   Total T: 831002 Episode Num: 2320 Episode T: 543 Reward: 417.595 Cost: 6.000
arrive destination: True ,out of road:False   Total T: 831577 Episode Num: 2321 Episode T: 575 Reward: 400.750 Cost: 21.000
arrive destination: True ,out of road:False   Total T: 831798 Episode Num: 2322 Episode T: 221 Reward: 271.475 Cost: 1.000
arrive destination: True ,out of road:False   Total T: 832202 Episode Num: 2323 Episode T: 404 Reward: 398.958 Cost: 1.000
arrive destination: True ,out of road:False   Total T: 832652 Episode Num: 2324 Episode T: 450 Reward: 472.341 Cost: 0.000
arrive destination: True ,out of road:False   Total T: 832838 Episode Num: 2325 Episode T: 186 Reward: 269.644 Cost: 0.000
arrive destination: False ,out of road:True   Total T: 833476 Episode Num: 2326 Episode T: 638 Reward: 370.984 Cost: 16.000
arrive destination: True ,out of road:False   Total T: 833937 Episode Num: 2327 Episode T: 461 Reward: 471.023 Cost: 0.000
arrive destination: True ,out of road:False   Total T: 834157 Episode Num: 2328 Episode T: 220 Reward: 232.411 Cost: 0.000
arrive destination: False ,out of road:True   Total T: 834343 Episode Num: 2329 Episode T: 186 Reward: 211.659 Cost: 6.000
arrive destination: True ,out of road:False   Total T: 834909 Episode Num: 2330 Episode T: 566 Reward: 512.662 Cost: 2.000
arrive destination: False ,out of road:True   Total T: 835173 Episode Num: 2331 Episode T: 264 Reward: 205.193 Cost: 1.000
arrive destination: True ,out of road:False   Total T: 835377 Episode Num: 2332 Episode T: 204 Reward: 269.581 Cost: 3.000
arrive destination: True ,out of road:False   Total T: 835743 Episode Num: 2333 Episode T: 366 Reward: 335.226 Cost: 9.000
arrive destination: True ,out of road:False   Total T: 836322 Episode Num: 2334 Episode T: 579 Reward: 493.143 Cost: 14.000
arrive destination: False ,out of road:True   Total T: 836615 Episode Num: 2335 Episode T: 293 Reward: 324.043 Cost: 1.000
arrive destination: True ,out of road:False   Total T: 837066 Episode Num: 2336 Episode T: 451 Reward: 394.931 Cost: 9.000
arrive destination: True ,out of road:False   Total T: 837264 Episode Num: 2337 Episode T: 198 Reward: 232.964 Cost: 4.000
arrive destination: True ,out of road:False   Total T: 837515 Episode Num: 2338 Episode T: 251 Reward: 232.345 Cost: 0.000
arrive destination: False ,out of road:True   Total T: 837707 Episode Num: 2339 Episode T: 192 Reward: 175.830 Cost: 2.000
arrive destination: True ,out of road:False   Total T: 838094 Episode Num: 2340 Episode T: 387 Reward: 377.361 Cost: 2.000
arrive destination: True ,out of road:False   Total T: 838302 Episode Num: 2341 Episode T: 208 Reward: 244.713 Cost: 0.000
arrive destination: True ,out of road:False   Total T: 838554 Episode Num: 2342 Episode T: 252 Reward: 232.270 Cost: 0.000
arrive destination: False ,out of road:True   Total T: 838622 Episode Num: 2343 Episode T: 68 Reward: 37.340 Cost: 1.000
arrive destination: True ,out of road:False   Total T: 839042 Episode Num: 2344 Episode T: 420 Reward: 376.634 Cost: 8.000
arrive destination: True ,out of road:False   Total T: 839261 Episode Num: 2345 Episode T: 219 Reward: 295.850 Cost: 1.000
arrive destination: True ,out of road:False   Total T: 839588 Episode Num: 2346 Episode T: 327 Reward: 374.619 Cost: 4.000
---------------------------------------
Evaluation over 20 episodes: 0.700 Cost 7.950.             SafeRL used : use_epo
---------------------------------------
[34;1m
Time: 2026-06-29 17:06:00, Time spent from previous logger: 165.726 s[0m
[34;1mCustomLogger with fileds: ['total_steps', 'EpRet', 'EpCost', 'CostRate'][0m
[34;1mfieldvalues: [840000, 0.7, 7.95, 0.014919065379839738]
[0m
arrive destination: True ,out of road:False   Total T: 840252 Episode Num: 2347 Episode T: 664 Reward: 559.918 Cost: 4.000
arrive destination: True ,out of road:False   Total T: 840600 Episode Num: 2348 Episode T: 348 Reward: 372.318 Cost: 4.000
arrive destination: False ,out of road:True   Total T: 840830 Episode Num: 2349 Episode T: 230 Reward: 214.795 Cost: 10.000
arrive destination: True ,out of road:False   Total T: 841391 Episode Num: 2350 Episode T: 561 Reward: 490.076 Cost: 17.000
arrive destination: True ,out of road:False   Total T: 841922 Episode Num: 2351 Episode T: 531 Reward: 399.206 Cost: 10.000
arrive destination: True ,out of road:False   Total T: 842422 Episode Num: 2352 Episode T: 500 Reward: 419.259 Cost: 4.000
arrive destination: True ,out of road:False   Total T: 842786 Episode Num: 2353 Episode T: 364 Reward: 400.684 Cost: 0.000
arrive destination: True ,out of road:False   Total T: 842984 Episode Num: 2354 Episode T: 198 Reward: 269.229 Cost: 1.000
arrive destination: False ,out of road:True   Total T: 843298 Episode Num: 2355 Episode T: 314 Reward: 262.376 Cost: 1.000
arrive destination: True ,out of road:False   Total T: 843711 Episode Num: 2356 Episode T: 413 Reward: 396.929 Cost: 15.000
arrive destination: True ,out of road:False   Total T: 844045 Episode Num: 2357 Episode T: 334 Reward: 371.304 Cost: 6.000
arrive destination: True ,out of road:False   Total T: 844366 Episode Num: 2358 Episode T: 321 Reward: 272.739 Cost: 7.000
arrive destination: True ,out of road:False   Total T: 844953 Episode Num: 2359 Episode T: 587 Reward: 508.278 Cost: 8.000
arrive destination: False ,out of road:True   Total T: 845238 Episode Num: 2360 Episode T: 285 Reward: 188.396 Cost: 1.000
arrive destination: True ,out of road:False   Total T: 845475 Episode Num: 2361 Episode T: 237 Reward: 273.549 Cost: 0.000
arrive destination: False ,out of road:True   Total T: 845604 Episode Num: 2362 Episode T: 129 Reward: 116.510 Cost: 1.000
arrive destination: True ,out of road:False   Total T: 845807 Episode Num: 2363 Episode T: 203 Reward: 240.124 Cost: 0.000
arrive destination: True ,out of road:False   Total T: 846438 Episode Num: 2364 Episode T: 631 Reward: 512.225 Cost: 6.000
arrive destination: True ,out of road:False   Total T: 846647 Episode Num: 2365 Episode T: 209 Reward: 242.597 Cost: 0.000
arrive destination: True ,out of road:False   Total T: 846826 Episode Num: 2366 Episode T: 179 Reward: 269.993 Cost: 0.000
arrive destination: True ,out of road:False   Total T: 847031 Episode Num: 2367 Episode T: 205 Reward: 242.821 Cost: 0.000
arrive destination: False ,out of road:True   Total T: 847252 Episode Num: 2368 Episode T: 221 Reward: 190.497 Cost: 10.000
arrive destination: False ,out of road:True   Total T: 847446 Episode Num: 2369 Episode T: 194 Reward: 208.083 Cost: 7.000
arrive destination: True ,out of road:False   Total T: 847793 Episode Num: 2370 Episode T: 347 Reward: 357.274 Cost: 0.000
arrive destination: True ,out of road:False   Total T: 847988 Episode Num: 2371 Episode T: 195 Reward: 269.122 Cost: 0.000
arrive destination: True ,out of road:False   Total T: 848254 Episode Num: 2372 Episode T: 266 Reward: 294.042 Cost: 13.000
arrive destination: True ,out of road:False   Total T: 848814 Episode Num: 2373 Episode T: 560 Reward: 513.879 Cost: 13.000
arrive destination: True ,out of road:False   Total T: 849052 Episode Num: 2374 Episode T: 238 Reward: 272.033 Cost: 0.000
arrive destination: True ,out of road:False   Total T: 849311 Episode Num: 2375 Episode T: 259 Reward: 271.644 Cost: 2.000
arrive destination: False ,out of road:True   Total T: 849526 Episode Num: 2376 Episode T: 215 Reward: 187.425 Cost: 13.000
---------------------------------------
Evaluation over 20 episodes: 0.900 Cost 3.950.             SafeRL used : use_epo
---------------------------------------
[34;1m
Time: 2026-06-29 17:08:41, Time spent from previous logger: 160.229 s[0m
[34;1mCustomLogger with fileds: ['total_steps', 'EpRet', 'EpCost', 'CostRate'][0m
[34;1mfieldvalues: [850000, 0.9, 3.95, 0.014921194024934147]
[0m
arrive destination: True ,out of road:False   Total T: 850270 Episode Num: 2377 Episode T: 744 Reward: 664.355 Cost: 2.000
arrive destination: True ,out of road:False   Total T: 850773 Episode Num: 2378 Episode T: 503 Reward: 401.879 Cost: 5.000
arrive destination: True ,out of road:False   Total T: 850978 Episode Num: 2379 Episode T: 205 Reward: 242.023 Cost: 0.000
arrive destination: True ,out of road:False   Total T: 851184 Episode Num: 2380 Episode T: 206 Reward: 240.263 Cost: 0.000
arrive destination: False ,out of road:True   Total T: 851351 Episode Num: 2381 Episode T: 167 Reward: 184.811 Cost: 5.000
arrive destination: False ,out of road:True   Total T: 851436 Episode Num: 2382 Episode T: 85 Reward: 67.244 Cost: 1.000
arrive destination: False ,out of road:True   Total T: 851644 Episode Num: 2383 Episode T: 208 Reward: 167.385 Cost: 1.000
arrive destination: True ,out of road:False   Total T: 852092 Episode Num: 2384 Episode T: 448 Reward: 467.650 Cost: 7.000
arrive destination: False ,out of road:True   Total T: 852131 Episode Num: 2385 Episode T: 39 Reward: 7.338 Cost: 1.000
arrive destination: True ,out of road:False   Total T: 852419 Episode Num: 2386 Episode T: 288 Reward: 271.520 Cost: 2.000
arrive destination: True ,out of road:False   Total T: 852970 Episode Num: 2387 Episode T: 551 Reward: 397.949 Cost: 12.000
arrive destination: False ,out of road:True   Total T: 853019 Episode Num: 2388 Episode T: 49 Reward: 15.550 Cost: 1.000
arrive destination: True ,out of road:False   Total T: 853459 Episode Num: 2389 Episode T: 440 Reward: 376.061 Cost: 6.000
arrive destination: True ,out of road:False   Total T: 854092 Episode Num: 2390 Episode T: 633 Reward: 403.179 Cost: 19.000
arrive destination: True ,out of road:False   Total T: 854563 Episode Num: 2391 Episode T: 471 Reward: 508.989 Cost: 2.000
arrive destination: True ,out of road:False   Total T: 855026 Episode Num: 2392 Episode T: 463 Reward: 469.138 Cost: 5.000
arrive destination: True ,out of road:False   Total T: 855542 Episode Num: 2393 Episode T: 516 Reward: 399.422 Cost: 35.000
arrive destination: False ,out of road:True   Total T: 856000 Episode Num: 2394 Episode T: 458 Reward: 438.269 Cost: 4.000
arrive destination: True ,out of road:False   Total T: 856509 Episode Num: 2395 Episode T: 509 Reward: 415.095 Cost: 20.000
arrive destination: False ,out of road:True   Total T: 856803 Episode Num: 2396 Episode T: 294 Reward: 324.967 Cost: 1.000
arrive destination: False ,out of road:True   Total T: 857093 Episode Num: 2397 Episode T: 290 Reward: 239.989 Cost: 3.000
arrive destination: True ,out of road:False   Total T: 857460 Episode Num: 2398 Episode T: 367 Reward: 393.904 Cost: 0.000
arrive destination: True ,out of road:False   Total T: 857812 Episode Num: 2399 Episode T: 352 Reward: 375.074 Cost: 4.000
arrive destination: True ,out of road:False   Total T: 858351 Episode Num: 2400 Episode T: 539 Reward: 492.847 Cost: 14.000
arrive destination: False ,out of road:True   Total T: 858657 Episode Num: 2401 Episode T: 306 Reward: 249.848 Cost: 1.000
arrive destination: True ,out of road:False   Total T: 859006 Episode Num: 2402 Episode T: 349 Reward: 375.857 Cost: 0.000
arrive destination: False ,out of road:True   Total T: 859057 Episode Num: 2403 Episode T: 51 Reward: 17.379 Cost: 1.000
arrive destination: True ,out of road:False   Total T: 859351 Episode Num: 2404 Episode T: 294 Reward: 272.307 Cost: 2.000
arrive destination: False ,out of road:True   Total T: 859787 Episode Num: 2405 Episode T: 436 Reward: 354.158 Cost: 11.000
---------------------------------------
Evaluation over 20 episodes: 0.800 Cost 3.350.             SafeRL used : use_epo
---------------------------------------
[34;1m
Time: 2026-06-29 17:11:26, Time spent from previous logger: 165.836 s[0m
[34;1mCustomLogger with fileds: ['total_steps', 'EpRet', 'EpCost', 'CostRate'][0m
[34;1mfieldvalues: [860000, 0.8, 3.35, 0.014937226671193803]
[0m
arrive destination: True ,out of road:False   Total T: 860267 Episode Num: 2406 Episode T: 480 Reward: 510.291 Cost: 7.000
arrive destination: True ,out of road:False   Total T: 860612 Episode Num: 2407 Episode T: 345 Reward: 358.803 Cost: 0.000
arrive destination: True ,out of road:False   Total T: 860965 Episode Num: 2408 Episode T: 353 Reward: 371.975 Cost: 0.000
arrive destination: True ,out of road:False   Total T: 861404 Episode Num: 2409 Episode T: 439 Reward: 377.978 Cost: 13.000
arrive destination: False ,out of road:True   Total T: 861525 Episode Num: 2410 Episode T: 121 Reward: 137.959 Cost: 1.000
arrive destination: True ,out of road:False   Total T: 861763 Episode Num: 2411 Episode T: 238 Reward: 274.387 Cost: 0.000
arrive destination: False ,out of road:True   Total T: 861807 Episode Num: 2412 Episode T: 44 Reward: 10.939 Cost: 1.000
arrive destination: True ,out of road:False   Total T: 862022 Episode Num: 2413 Episode T: 215 Reward: 284.486 Cost: 0.000
arrive destination: True ,out of road:False   Total T: 862252 Episode Num: 2414 Episode T: 230 Reward: 285.052 Cost: 8.000
arrive destination: True ,out of road:False   Total T: 862593 Episode Num: 2415 Episode T: 341 Reward: 335.495 Cost: 8.000
arrive destination: True ,out of road:False   Total T: 862827 Episode Num: 2416 Episode T: 234 Reward: 277.655 Cost: 1.000
arrive destination: True ,out of road:False   Total T: 863282 Episode Num: 2417 Episode T: 455 Reward: 418.517 Cost: 7.000
arrive destination: False ,out of road:True   Total T: 863473 Episode Num: 2418 Episode T: 191 Reward: 219.117 Cost: 11.000
arrive destination: True ,out of road:False   Total T: 863843 Episode Num: 2419 Episode T: 370 Reward: 424.493 Cost: 11.000
arrive destination: False ,out of road:True   Total T: 864177 Episode Num: 2420 Episode T: 334 Reward: 273.723 Cost: 1.000
arrive destination: True ,out of road:False   Total T: 864631 Episode Num: 2421 Episode T: 454 Reward: 473.710 Cost: 0.000
arrive destination: True ,out of road:False   Total T: 865315 Episode Num: 2422 Episode T: 684 Reward: 513.796 Cost: 13.000
arrive destination: False ,out of road:True   Total T: 865706 Episode Num: 2423 Episode T: 391 Reward: 272.276 Cost: 3.000
arrive destination: False ,out of road:True   Total T: 865904 Episode Num: 2424 Episode T: 198 Reward: 220.810 Cost: 9.000
arrive destination: False ,out of road:True   Total T: 866148 Episode Num: 2425 Episode T: 244 Reward: 221.385 Cost: 1.000
arrive destination: True ,out of road:False   Total T: 866380 Episode Num: 2426 Episode T: 232 Reward: 269.929 Cost: 0.000
arrive destination: True ,out of road:False   Total T: 866837 Episode Num: 2427 Episode T: 457 Reward: 379.330 Cost: 6.000
arrive destination: True ,out of road:False   Total T: 867100 Episode Num: 2428 Episode T: 263 Reward: 285.554 Cost: 1.000
arrive destination: True ,out of road:False   Total T: 867385 Episode Num: 2429 Episode T: 285 Reward: 335.161 Cost: 1.000
arrive destination: True ,out of road:False   Total T: 867567 Episode Num: 2430 Episode T: 182 Reward: 269.745 Cost: 0.000
arrive destination: True ,out of road:False   Total T: 867852 Episode Num: 2431 Episode T: 285 Reward: 335.460 Cost: 0.000
arrive destination: True ,out of road:False   Total T: 868316 Episode Num: 2432 Episode T: 464 Reward: 475.441 Cost: 6.000
arrive destination: True ,out of road:False   Total T: 868553 Episode Num: 2433 Episode T: 237 Reward: 271.468 Cost: 0.000
arrive destination: True ,out of road:False   Total T: 868780 Episode Num: 2434 Episode T: 227 Reward: 273.276 Cost: 0.000
arrive destination: False ,out of road:True   Total T: 869297 Episode Num: 2435 Episode T: 517 Reward: 470.365 Cost: 7.000
arrive destination: True ,out of road:False   Total T: 869514 Episode Num: 2436 Episode T: 217 Reward: 282.241 Cost: 0.000
arrive destination: True ,out of road:False   Total T: 869915 Episode Num: 2437 Episode T: 401 Reward: 375.449 Cost: 4.000
---------------------------------------
Evaluation over 20 episodes: 0.550 Cost 4.650.             SafeRL used : use_epo
---------------------------------------
[34;1m
Time: 2026-06-29 17:14:02, Time spent from previous logger: 155.606 s[0m
[34;1mCustomLogger with fileds: ['total_steps', 'EpRet', 'EpCost', 'CostRate'][0m
[34;1mfieldvalues: [870000, 0.55, 4.65, 0.014903465406282077]
[0m
arrive destination: True ,out of road:False   Total T: 870180 Episode Num: 2438 Episode T: 265 Reward: 340.535 Cost: 0.000
arrive destination: True ,out of road:False   Total T: 870513 Episode Num: 2439 Episode T: 333 Reward: 377.358 Cost: 8.000
arrive destination: True ,out of road:False   Total T: 871012 Episode Num: 2440 Episode T: 499 Reward: 418.460 Cost: 2.000
arrive destination: False ,out of road:True   Total T: 871113 Episode Num: 2441 Episode T: 101 Reward: 86.744 Cost: 1.000
arrive destination: True ,out of road:False   Total T: 871364 Episode Num: 2442 Episode T: 251 Reward: 232.825 Cost: 0.000
arrive destination: True ,out of road:False   Total T: 871849 Episode Num: 2443 Episode T: 485 Reward: 419.019 Cost: 3.000
arrive destination: True ,out of road:False   Total T: 872090 Episode Num: 2444 Episode T: 241 Reward: 271.200 Cost: 0.000
arrive destination: False ,out of road:True   Total T: 872433 Episode Num: 2445 Episode T: 343 Reward: 349.435 Cost: 1.000
arrive destination: True ,out of road:False   Total T: 872780 Episode Num: 2446 Episode T: 347 Reward: 363.338 Cost: 0.000
arrive destination: True ,out of road:False   Total T: 873378 Episode Num: 2447 Episode T: 598 Reward: 505.421 Cost: 8.000
arrive destination: True ,out of road:False   Total T: 873723 Episode Num: 2448 Episode T: 345 Reward: 356.921 Cost: 0.000
arrive destination: True ,out of road:False   Total T: 874071 Episode Num: 2449 Episode T: 348 Reward: 359.088 Cost: 0.000
arrive destination: True ,out of road:False   Total T: 874635 Episode Num: 2450 Episode T: 564 Reward: 506.967 Cost: 2.000
arrive destination: False ,out of road:True   Total T: 874720 Episode Num: 2451 Episode T: 85 Reward: 68.573 Cost: 1.000
arrive destination: True ,out of road:False   Total T: 875231 Episode Num: 2452 Episode T: 511 Reward: 494.506 Cost: 4.000
arrive destination: True ,out of road:False   Total T: 875575 Episode Num: 2453 Episode T: 344 Reward: 355.983 Cost: 0.000
arrive destination: True ,out of road:False   Total T: 875807 Episode Num: 2454 Episode T: 232 Reward: 273.109 Cost: 0.000
arrive destination: True ,out of road:False   Total T: 876254 Episode Num: 2455 Episode T: 447 Reward: 474.199 Cost: 5.000
arrive destination: True ,out of road:False   Total T: 876496 Episode Num: 2456 Episode T: 242 Reward: 270.954 Cost: 0.000
arrive destination: True ,out of road:False   Total T: 876949 Episode Num: 2457 Episode T: 453 Reward: 474.580 Cost: 3.000
arrive destination: False ,out of road:False   Total T: 877949 Episode Num: 2458 Episode T: 1000 Reward: 359.868 Cost: 27.000
arrive destination: True ,out of road:False   Total T: 878541 Episode Num: 2459 Episode T: 592 Reward: 519.525 Cost: 1.000
arrive destination: True ,out of road:False   Total T: 878836 Episode Num: 2460 Episode T: 295 Reward: 268.933 Cost: 17.000
arrive destination: True ,out of road:False   Total T: 879278 Episode Num: 2461 Episode T: 442 Reward: 381.704 Cost: 5.000
arrive destination: False ,out of road:True   Total T: 879567 Episode Num: 2462 Episode T: 289 Reward: 232.752 Cost: 2.000
arrive destination: True ,out of road:False   Total T: 879997 Episode Num: 2463 Episode T: 430 Reward: 378.575 Cost: 5.000
---------------------------------------
Evaluation over 20 episodes: 0.600 Cost 3.600.             SafeRL used : use_epo
---------------------------------------
[34;1m
Time: 2026-06-29 17:16:38, Time spent from previous logger: 155.913 s[0m
[34;1mCustomLogger with fileds: ['total_steps', 'EpRet', 'EpCost', 'CostRate'][0m
[34;1mfieldvalues: [880000, 0.6, 3.6, 0.014842062320525365]
[0m
arrive destination: True ,out of road:False   Total T: 880477 Episode Num: 2464 Episode T: 480 Reward: 415.093 Cost: 12.000
arrive destination: True ,out of road:False   Total T: 880654 Episode Num: 2465 Episode T: 177 Reward: 269.812 Cost: 0.000
arrive destination: True ,out of road:False   Total T: 881017 Episode Num: 2466 Episode T: 363 Reward: 398.299 Cost: 0.000
arrive destination: True ,out of road:False   Total T: 881376 Episode Num: 2467 Episode T: 359 Reward: 414.330 Cost: 14.000
arrive destination: True ,out of road:False   Total T: 881835 Episode Num: 2468 Episode T: 459 Reward: 496.203 Cost: 19.000
arrive destination: False ,out of road:True   Total T: 881928 Episode Num: 2469 Episode T: 93 Reward: 68.266 Cost: 5.000
arrive destination: True ,out of road:False   Total T: 882132 Episode Num: 2470 Episode T: 204 Reward: 242.161 Cost: 0.000
arrive destination: False ,out of road:True   Total T: 882216 Episode Num: 2471 Episode T: 84 Reward: 63.745 Cost: 1.000
arrive destination: False ,out of road:True   Total T: 882505 Episode Num: 2472 Episode T: 289 Reward: 229.397 Cost: 1.000
arrive destination: True ,out of road:False   Total T: 882758 Episode Num: 2473 Episode T: 253 Reward: 233.379 Cost: 0.000
arrive destination: False ,out of road:True   Total T: 883354 Episode Num: 2474 Episode T: 596 Reward: 473.342 Cost: 5.000
arrive destination: True ,out of road:False   Total T: 883629 Episode Num: 2475 Episode T: 275 Reward: 272.960 Cost: 0.000
arrive destination: True ,out of road:False   Total T: 883910 Episode Num: 2476 Episode T: 281 Reward: 267.953 Cost: 2.000
arrive destination: True ,out of road:False   Total T: 884143 Episode Num: 2477 Episode T: 233 Reward: 295.997 Cost: 6.000
arrive destination: True ,out of road:False   Total T: 884415 Episode Num: 2478 Episode T: 272 Reward: 273.927 Cost: 0.000
arrive destination: True ,out of road:False   Total T: 884897 Episode Num: 2479 Episode T: 482 Reward: 494.455 Cost: 4.000
arrive destination: True ,out of road:False   Total T: 885247 Episode Num: 2480 Episode T: 350 Reward: 368.743 Cost: 0.000
arrive destination: False ,out of road:True   Total T: 885560 Episode Num: 2481 Episode T: 313 Reward: 337.600 Cost: 1.000
arrive destination: True ,out of road:False   Total T: 886497 Episode Num: 2482 Episode T: 937 Reward: 270.020 Cost: 24.000
arrive destination: True ,out of road:False   Total T: 886735 Episode Num: 2483 Episode T: 238 Reward: 283.076 Cost: 4.000
arrive destination: False ,out of road:True   Total T: 886819 Episode Num: 2484 Episode T: 84 Reward: 65.859 Cost: 1.000
arrive destination: True ,out of road:False   Total T: 887261 Episode Num: 2485 Episode T: 442 Reward: 416.651 Cost: 9.000
arrive destination: True ,out of road:False   Total T: 887710 Episode Num: 2486 Episode T: 449 Reward: 400.575 Cost: 12.000
arrive destination: True ,out of road:False   Total T: 887947 Episode Num: 2487 Episode T: 237 Reward: 271.833 Cost: 0.000
arrive destination: True ,out of road:False   Total T: 888503 Episode Num: 2488 Episode T: 556 Reward: 401.175 Cost: 45.000
arrive destination: True ,out of road:False   Total T: 888935 Episode Num: 2489 Episode T: 432 Reward: 401.852 Cost: 3.000
arrive destination: True ,out of road:False   Total T: 889237 Episode Num: 2490 Episode T: 302 Reward: 270.521 Cost: 9.000
arrive destination: False ,out of road:True   Total T: 889484 Episode Num: 2491 Episode T: 247 Reward: 202.667 Cost: 1.000
arrive destination: True ,out of road:False   Total T: 889836 Episode Num: 2492 Episode T: 352 Reward: 356.596 Cost: 0.000
---------------------------------------
Evaluation over 20 episodes: 0.750 Cost 5.200.             SafeRL used : use_epo
---------------------------------------
[34;1m
Time: 2026-06-29 17:19:18, Time spent from previous logger: 160.330 s[0m
[34;1mCustomLogger with fileds: ['total_steps', 'EpRet', 'EpCost', 'CostRate'][0m
[34;1mfieldvalues: [890000, 0.75, 5.2, 0.014875297612693947]
[0m
arrive destination: True ,out of road:False   Total T: 890228 Episode Num: 2493 Episode T: 392 Reward: 428.882 Cost: 0.000
arrive destination: False ,out of road:True   Total T: 890475 Episode Num: 2494 Episode T: 247 Reward: 262.577 Cost: 3.000
arrive destination: True ,out of road:False   Total T: 890716 Episode Num: 2495 Episode T: 241 Reward: 271.124 Cost: 0.000
arrive destination: True ,out of road:False   Total T: 891062 Episode Num: 2496 Episode T: 346 Reward: 357.143 Cost: 0.000
arrive destination: True ,out of road:False   Total T: 891513 Episode Num: 2497 Episode T: 451 Reward: 473.424 Cost: 5.000
arrive destination: True ,out of road:False   Total T: 891700 Episode Num: 2498 Episode T: 187 Reward: 269.946 Cost: 0.000
arrive destination: True ,out of road:False   Total T: 892210 Episode Num: 2499 Episode T: 510 Reward: 398.993 Cost: 4.000
arrive destination: False ,out of road:True   Total T: 892492 Episode Num: 2500 Episode T: 282 Reward: 316.939 Cost: 1.000
arrive destination: True ,out of road:False   Total T: 892884 Episode Num: 2501 Episode T: 392 Reward: 417.898 Cost: 13.000
arrive destination: True ,out of road:False   Total T: 893139 Episode Num: 2502 Episode T: 255 Reward: 295.116 Cost: 3.000
arrive destination: False ,out of road:True   Total T: 893490 Episode Num: 2503 Episode T: 351 Reward: 305.195 Cost: 1.000
arrive destination: True ,out of road:False   Total T: 893861 Episode Num: 2504 Episode T: 371 Reward: 420.547 Cost: 3.000
arrive destination: True ,out of road:False   Total T: 894064 Episode Num: 2505 Episode T: 203 Reward: 240.469 Cost: 0.000
arrive destination: True ,out of road:False   Total T: 894334 Episode Num: 2506 Episode T: 270 Reward: 273.475 Cost: 0.000
arrive destination: True ,out of road:False   Total T: 894567 Episode Num: 2507 Episode T: 233 Reward: 295.354 Cost: 0.000
arrive destination: True ,out of road:False   Total T: 894805 Episode Num: 2508 Episode T: 238 Reward: 275.016 Cost: 0.000
arrive destination: True ,out of road:False   Total T: 895367 Episode Num: 2509 Episode T: 562 Reward: 498.194 Cost: 10.000
arrive destination: True ,out of road:False   Total T: 895563 Episode Num: 2510 Episode T: 196 Reward: 241.881 Cost: 0.000
arrive destination: True ,out of road:False   Total T: 896058 Episode Num: 2511 Episode T: 495 Reward: 418.118 Cost: 1.000
arrive destination: True ,out of road:False   Total T: 896504 Episode Num: 2512 Episode T: 446 Reward: 419.239 Cost: 9.000
arrive destination: True ,out of road:False   Total T: 896862 Episode Num: 2513 Episode T: 358 Reward: 372.486 Cost: 0.000
arrive destination: True ,out of road:False   Total T: 897240 Episode Num: 2514 Episode T: 378 Reward: 374.319 Cost: 0.000
arrive destination: True ,out of road:False   Total T: 897837 Episode Num: 2515 Episode T: 597 Reward: 516.225 Cost: 16.000
arrive destination: True ,out of road:False   Total T: 898107 Episode Num: 2516 Episode T: 270 Reward: 273.689 Cost: 0.000
arrive destination: True ,out of road:False   Total T: 898341 Episode Num: 2517 Episode T: 234 Reward: 274.023 Cost: 0.000
arrive destination: True ,out of road:False   Total T: 898553 Episode Num: 2518 Episode T: 212 Reward: 287.254 Cost: 0.000
arrive destination: True ,out of road:False   Total T: 898758 Episode Num: 2519 Episode T: 205 Reward: 242.824 Cost: 0.000
arrive destination: True ,out of road:False   Total T: 899170 Episode Num: 2520 Episode T: 412 Reward: 421.870 Cost: 16.000
arrive destination: True ,out of road:False   Total T: 899532 Episode Num: 2521 Episode T: 362 Reward: 400.516 Cost: 0.000
---------------------------------------
Evaluation over 20 episodes: 0.750 Cost 4.800.             SafeRL used : use_epo
---------------------------------------
[34;1m
Time: 2026-06-29 17:22:07, Time spent from previous logger: 169.112 s[0m
[34;1mCustomLogger with fileds: ['total_steps', 'EpRet', 'EpCost', 'CostRate'][0m
[34;1mfieldvalues: [900000, 0.75, 4.8, 0.01481446090495656]
[0m
arrive destination: False ,out of road:False   Total T: 900532 Episode Num: 2522 Episode T: 1000 Reward: 732.061 Cost: 13.000
arrive destination: True ,out of road:False   Total T: 900722 Episode Num: 2523 Episode T: 190 Reward: 269.036 Cost: 0.000
arrive destination: True ,out of road:False   Total T: 900961 Episode Num: 2524 Episode T: 239 Reward: 276.253 Cost: 0.000
arrive destination: True ,out of road:False   Total T: 901336 Episode Num: 2525 Episode T: 375 Reward: 360.529 Cost: 0.000
arrive destination: False ,out of road:True   Total T: 901619 Episode Num: 2526 Episode T: 283 Reward: 318.390 Cost: 1.000
arrive destination: True ,out of road:False   Total T: 901821 Episode Num: 2527 Episode T: 202 Reward: 242.124 Cost: 0.000
arrive destination: True ,out of road:False   Total T: 902272 Episode Num: 2528 Episode T: 451 Reward: 418.247 Cost: 11.000
arrive destination: False ,out of road:True   Total T: 902571 Episode Num: 2529 Episode T: 299 Reward: 236.097 Cost: 1.000
arrive destination: False ,out of road:True   Total T: 902891 Episode Num: 2530 Episode T: 320 Reward: 264.154 Cost: 1.000
arrive destination: True ,out of road:False   Total T: 903159 Episode Num: 2531 Episode T: 268 Reward: 294.082 Cost: 13.000
arrive destination: True ,out of road:False   Total T: 903582 Episode Num: 2532 Episode T: 423 Reward: 377.740 Cost: 7.000
arrive destination: False ,out of road:True   Total T: 903806 Episode Num: 2533 Episode T: 224 Reward: 208.820 Cost: 1.000
arrive destination: False ,out of road:True   Total T: 904098 Episode Num: 2534 Episode T: 292 Reward: 234.262 Cost: 8.000
arrive destination: True ,out of road:False   Total T: 904373 Episode Num: 2535 Episode T: 275 Reward: 274.955 Cost: 0.000
arrive destination: True ,out of road:False   Total T: 904736 Episode Num: 2536 Episode T: 363 Reward: 400.045 Cost: 0.000
arrive destination: True ,out of road:False   Total T: 905058 Episode Num: 2537 Episode T: 322 Reward: 294.299 Cost: 10.000
arrive destination: True ,out of road:False   Total T: 905299 Episode Num: 2538 Episode T: 241 Reward: 274.528 Cost: 0.000
arrive destination: True ,out of road:False   Total T: 905757 Episode Num: 2539 Episode T: 458 Reward: 476.945 Cost: 1.000
arrive destination: True ,out of road:False   Total T: 905986 Episode Num: 2540 Episode T: 229 Reward: 274.400 Cost: 0.000
arrive destination: False ,out of road:True   Total T: 906278 Episode Num: 2541 Episode T: 292 Reward: 322.572 Cost: 1.000
arrive destination: False ,out of road:True   Total T: 906733 Episode Num: 2542 Episode T: 455 Reward: 400.773 Cost: 10.000
arrive destination: True ,out of road:False   Total T: 907076 Episode Num: 2543 Episode T: 343 Reward: 358.752 Cost: 0.000
arrive destination: True ,out of road:False   Total T: 907347 Episode Num: 2544 Episode T: 271 Reward: 273.551 Cost: 0.000
arrive destination: True ,out of road:False   Total T: 907695 Episode Num: 2545 Episode T: 348 Reward: 357.809 Cost: 0.000
arrive destination: True ,out of road:False   Total T: 907919 Episode Num: 2546 Episode T: 224 Reward: 284.203 Cost: 0.000
arrive destination: True ,out of road:False   Total T: 908358 Episode Num: 2547 Episode T: 439 Reward: 378.646 Cost: 3.000
arrive destination: True ,out of road:False   Total T: 908815 Episode Num: 2548 Episode T: 457 Reward: 496.436 Cost: 0.000
arrive destination: True ,out of road:False   Total T: 909018 Episode Num: 2549 Episode T: 203 Reward: 241.300 Cost: 0.000
arrive destination: True ,out of road:False   Total T: 909485 Episode Num: 2550 Episode T: 467 Reward: 494.282 Cost: 8.000
arrive destination: True ,out of road:False   Total T: 909722 Episode Num: 2551 Episode T: 237 Reward: 272.287 Cost: 0.000
arrive destination: True ,out of road:False   Total T: 909984 Episode Num: 2552 Episode T: 262 Reward: 286.199 Cost: 5.000
---------------------------------------
Evaluation over 20 episodes: 0.850 Cost 9.700.             SafeRL used : use_epo
---------------------------------------
[34;1m
Time: 2026-06-29 17:24:54, Time spent from previous logger: 167.145 s[0m
[34;1mCustomLogger with fileds: ['total_steps', 'EpRet', 'EpCost', 'CostRate'][0m
[34;1mfieldvalues: [910000, 0.85, 9.7, 0.014745071148429833]
[0m
arrive destination: True ,out of road:False   Total T: 910226 Episode Num: 2553 Episode T: 242 Reward: 284.643 Cost: 1.000
arrive destination: False ,out of road:True   Total T: 910284 Episode Num: 2554 Episode T: 58 Reward: 25.097 Cost: 1.000
arrive destination: True ,out of road:False   Total T: 910703 Episode Num: 2555 Episode T: 419 Reward: 421.004 Cost: 9.000
arrive destination: True ,out of road:False   Total T: 911069 Episode Num: 2556 Episode T: 366 Reward: 400.235 Cost: 0.000
arrive destination: True ,out of road:False   Total T: 911337 Episode Num: 2557 Episode T: 268 Reward: 336.024 Cost: 7.000
arrive destination: True ,out of road:False   Total T: 911829 Episode Num: 2558 Episode T: 492 Reward: 493.622 Cost: 1.000
arrive destination: True ,out of road:False   Total T: 912063 Episode Num: 2559 Episode T: 234 Reward: 277.041 Cost: 0.000
arrive destination: True ,out of road:False   Total T: 912259 Episode Num: 2560 Episode T: 196 Reward: 242.353 Cost: 0.000
arrive destination: True ,out of road:False   Total T: 912477 Episode Num: 2561 Episode T: 218 Reward: 285.128 Cost: 0.000
arrive destination: True ,out of road:False   Total T: 912730 Episode Num: 2562 Episode T: 253 Reward: 232.997 Cost: 0.000
arrive destination: False ,out of road:True   Total T: 913060 Episode Num: 2563 Episode T: 330 Reward: 300.040 Cost: 1.000
arrive destination: True ,out of road:False   Total T: 913415 Episode Num: 2564 Episode T: 355 Reward: 368.205 Cost: 2.000
arrive destination: False ,out of road:True   Total T: 913800 Episode Num: 2565 Episode T: 385 Reward: 398.706 Cost: 8.000
arrive destination: True ,out of road:False   Total T: 913978 Episode Num: 2566 Episode T: 178 Reward: 270.042 Cost: 0.000
arrive destination: False ,out of road:True   Total T: 914322 Episode Num: 2567 Episode T: 344 Reward: 280.448 Cost: 8.000
arrive destination: True ,out of road:False   Total T: 914638 Episode Num: 2568 Episode T: 316 Reward: 304.144 Cost: 13.000
arrive destination: False ,out of road:True   Total T: 914814 Episode Num: 2569 Episode T: 176 Reward: 192.022 Cost: 1.000
arrive destination: False ,out of road:True   Total T: 915189 Episode Num: 2570 Episode T: 375 Reward: 379.842 Cost: 1.000
arrive destination: True ,out of road:False   Total T: 915413 Episode Num: 2571 Episode T: 224 Reward: 232.082 Cost: 0.000
arrive destination: True ,out of road:False   Total T: 915613 Episode Num: 2572 Episode T: 200 Reward: 232.119 Cost: 0.000
arrive destination: True ,out of road:False   Total T: 915998 Episode Num: 2573 Episode T: 385 Reward: 376.807 Cost: 0.000
arrive destination: True ,out of road:False   Total T: 916352 Episode Num: 2574 Episode T: 354 Reward: 377.530 Cost: 0.000
arrive destination: True ,out of road:False   Total T: 916553 Episode Num: 2575 Episode T: 201 Reward: 241.335 Cost: 0.000
arrive destination: True ,out of road:False   Total T: 916898 Episode Num: 2576 Episode T: 345 Reward: 357.523 Cost: 0.000
arrive destination: True ,out of road:False   Total T: 917255 Episode Num: 2577 Episode T: 357 Reward: 363.765 Cost: 0.000
arrive destination: True ,out of road:False   Total T: 917483 Episode Num: 2578 Episode T: 228 Reward: 272.962 Cost: 0.000
arrive destination: True ,out of road:False   Total T: 917676 Episode Num: 2579 Episode T: 193 Reward: 269.835 Cost: 0.000
arrive destination: True ,out of road:False   Total T: 917929 Episode Num: 2580 Episode T: 253 Reward: 232.984 Cost: 0.000
arrive destination: True ,out of road:False   Total T: 918530 Episode Num: 2581 Episode T: 601 Reward: 509.019 Cost: 8.000
arrive destination: True ,out of road:False   Total T: 918888 Episode Num: 2582 Episode T: 358 Reward: 403.252 Cost: 0.000
arrive destination: True ,out of road:False   Total T: 919167 Episode Num: 2583 Episode T: 279 Reward: 335.811 Cost: 1.000
arrive destination: True ,out of road:False   Total T: 919393 Episode Num: 2584 Episode T: 226 Reward: 295.471 Cost: 2.000
arrive destination: True ,out of road:False   Total T: 919837 Episode Num: 2585 Episode T: 444 Reward: 472.577 Cost: 1.000
---------------------------------------
Evaluation over 20 episodes: 0.800 Cost 4.750.             SafeRL used : use_epo
---------------------------------------
[34;1m
Time: 2026-06-29 17:27:34, Time spent from previous logger: 159.844 s[0m
[34;1mCustomLogger with fileds: ['total_steps', 'EpRet', 'EpCost', 'CostRate'][0m
[34;1mfieldvalues: [920000, 0.8, 4.75, 0.014655450712446427]
[0m
arrive destination: True ,out of road:False   Total T: 920435 Episode Num: 2586 Episode T: 598 Reward: 574.056 Cost: 2.000
arrive destination: True ,out of road:False   Total T: 920609 Episode Num: 2587 Episode T: 174 Reward: 270.139 Cost: 0.000
arrive destination: False ,out of road:True   Total T: 920760 Episode Num: 2588 Episode T: 151 Reward: 201.942 Cost: 1.000
arrive destination: True ,out of road:False   Total T: 921220 Episode Num: 2589 Episode T: 460 Reward: 402.802 Cost: 5.000
arrive destination: True ,out of road:False   Total T: 921762 Episode Num: 2590 Episode T: 542 Reward: 495.752 Cost: 18.000
arrive destination: True ,out of road:False   Total T: 921959 Episode Num: 2591 Episode T: 197 Reward: 240.082 Cost: 0.000
arrive destination: True ,out of road:False   Total T: 922532 Episode Num: 2592 Episode T: 573 Reward: 498.239 Cost: 15.000
arrive destination: True ,out of road:False   Total T: 923022 Episode Num: 2593 Episode T: 490 Reward: 419.461 Cost: 3.000
arrive destination: True ,out of road:False   Total T: 923316 Episode Num: 2594 Episode T: 294 Reward: 271.389 Cost: 5.000
arrive destination: True ,out of road:False   Total T: 923795 Episode Num: 2595 Episode T: 479 Reward: 494.453 Cost: 2.000
arrive destination: True ,out of road:False   Total T: 924003 Episode Num: 2596 Episode T: 208 Reward: 283.560 Cost: 0.000
arrive destination: True ,out of road:False   Total T: 924676 Episode Num: 2597 Episode T: 673 Reward: 516.411 Cost: 8.000
arrive destination: False ,out of road:True   Total T: 925095 Episode Num: 2598 Episode T: 419 Reward: 368.654 Cost: 1.000
arrive destination: True ,out of road:False   Total T: 925441 Episode Num: 2599 Episode T: 346 Reward: 360.175 Cost: 0.000
arrive destination: False ,out of road:True   Total T: 925802 Episode Num: 2600 Episode T: 361 Reward: 328.623 Cost: 7.000
arrive destination: True ,out of road:False   Total T: 925978 Episode Num: 2601 Episode T: 176 Reward: 269.147 Cost: 0.000
arrive destination: True ,out of road:False   Total T: 926193 Episode Num: 2602 Episode T: 215 Reward: 243.880 Cost: 0.000
arrive destination: True ,out of road:False   Total T: 926423 Episode Num: 2603 Episode T: 230 Reward: 277.225 Cost: 1.000
arrive destination: False ,out of road:True   Total T: 926641 Episode Num: 2604 Episode T: 218 Reward: 252.566 Cost: 9.000
arrive destination: True ,out of road:False   Total T: 927135 Episode Num: 2605 Episode T: 494 Reward: 474.545 Cost: 1.000
arrive destination: True ,out of road:False   Total T: 927573 Episode Num: 2606 Episode T: 438 Reward: 399.379 Cost: 1.000
arrive destination: True ,out of road:False   Total T: 927936 Episode Num: 2607 Episode T: 363 Reward: 294.651 Cost: 30.000
arrive destination: True ,out of road:False   Total T: 928373 Episode Num: 2608 Episode T: 437 Reward: 422.174 Cost: 10.000
arrive destination: True ,out of road:False   Total T: 928660 Episode Num: 2609 Episode T: 287 Reward: 270.377 Cost: 5.000
arrive destination: True ,out of road:False   Total T: 929268 Episode Num: 2610 Episode T: 608 Reward: 508.667 Cost: 16.000
arrive destination: True ,out of road:False   Total T: 929504 Episode Num: 2611 Episode T: 236 Reward: 274.017 Cost: 0.000
---------------------------------------
Evaluation over 20 episodes: 0.500 Cost 4.250.             SafeRL used : use_epo
---------------------------------------
[34;1m
Time: 2026-06-29 17:30:13, Time spent from previous logger: 158.352 s[0m
[34;1mCustomLogger with fileds: ['total_steps', 'EpRet', 'EpCost', 'CostRate'][0m
[34;1mfieldvalues: [930000, 0.5, 4.25, 0.014660230817452493]
[0m
arrive destination: True ,out of road:False   Total T: 930229 Episode Num: 2612 Episode T: 725 Reward: 622.823 Cost: 11.000
arrive destination: True ,out of road:False   Total T: 930569 Episode Num: 2613 Episode T: 340 Reward: 360.788 Cost: 0.000
arrive destination: False ,out of road:True   Total T: 931023 Episode Num: 2614 Episode T: 454 Reward: 367.882 Cost: 2.000
arrive destination: True ,out of road:False   Total T: 931379 Episode Num: 2615 Episode T: 356 Reward: 362.657 Cost: 0.000
arrive destination: True ,out of road:False   Total T: 931631 Episode Num: 2616 Episode T: 252 Reward: 231.766 Cost: 0.000
arrive destination: True ,out of road:False   Total T: 932043 Episode Num: 2617 Episode T: 412 Reward: 402.539 Cost: 8.000
arrive destination: True ,out of road:False   Total T: 932254 Episode Num: 2618 Episode T: 211 Reward: 283.412 Cost: 0.000
arrive destination: True ,out of road:False   Total T: 932795 Episode Num: 2619 Episode T: 541 Reward: 498.776 Cost: 10.000
arrive destination: False ,out of road:True   Total T: 932950 Episode Num: 2620 Episode T: 155 Reward: 177.302 Cost: 4.000
arrive destination: True ,out of road:False   Total T: 933162 Episode Num: 2621 Episode T: 212 Reward: 284.391 Cost: 0.000
arrive destination: True ,out of road:False   Total T: 933520 Episode Num: 2622 Episode T: 358 Reward: 416.248 Cost: 11.000
arrive destination: False ,out of road:True   Total T: 934086 Episode Num: 2623 Episode T: 566 Reward: 473.019 Cost: 22.000
arrive destination: True ,out of road:False   Total T: 934468 Episode Num: 2624 Episode T: 382 Reward: 379.062 Cost: 1.000
arrive destination: True ,out of road:False   Total T: 934831 Episode Num: 2625 Episode T: 363 Reward: 404.703 Cost: 0.000
arrive destination: False ,out of road:True   Total T: 934959 Episode Num: 2626 Episode T: 128 Reward: 129.543 Cost: 2.000
arrive destination: True ,out of road:False   Total T: 935402 Episode Num: 2627 Episode T: 443 Reward: 415.851 Cost: 2.000
arrive destination: True ,out of road:False   Total T: 935606 Episode Num: 2628 Episode T: 204 Reward: 242.476 Cost: 0.000
arrive destination: True ,out of road:False   Total T: 935827 Episode Num: 2629 Episode T: 221 Reward: 282.283 Cost: 0.000
arrive destination: True ,out of road:False   Total T: 936190 Episode Num: 2630 Episode T: 363 Reward: 402.059 Cost: 0.000
arrive destination: True ,out of road:False   Total T: 936425 Episode Num: 2631 Episode T: 235 Reward: 276.436 Cost: 0.000
arrive destination: True ,out of road:False   Total T: 936918 Episode Num: 2632 Episode T: 493 Reward: 402.045 Cost: 10.000
arrive destination: False ,out of road:True   Total T: 937198 Episode Num: 2633 Episode T: 280 Reward: 251.452 Cost: 1.000
arrive destination: True ,out of road:False   Total T: 937414 Episode Num: 2634 Episode T: 216 Reward: 247.431 Cost: 0.000
arrive destination: True ,out of road:False   Total T: 937766 Episode Num: 2635 Episode T: 352 Reward: 362.958 Cost: 0.000
arrive destination: True ,out of road:False   Total T: 938252 Episode Num: 2636 Episode T: 486 Reward: 469.547 Cost: 1.000
arrive destination: False ,out of road:True   Total T: 938539 Episode Num: 2637 Episode T: 287 Reward: 318.303 Cost: 1.000
arrive destination: True ,out of road:False   Total T: 939057 Episode Num: 2638 Episode T: 518 Reward: 494.781 Cost: 9.000
arrive destination: True ,out of road:False   Total T: 939569 Episode Num: 2639 Episode T: 512 Reward: 498.672 Cost: 5.000
arrive destination: True ,out of road:False   Total T: 939807 Episode Num: 2640 Episode T: 238 Reward: 271.531 Cost: 0.000
---------------------------------------
Evaluation over 20 episodes: 0.800 Cost 3.150.             SafeRL used : use_epo
---------------------------------------
[34;1m
Time: 2026-06-29 17:32:56, Time spent from previous logger: 163.337 s[0m
[34;1mCustomLogger with fileds: ['total_steps', 'EpRet', 'EpCost', 'CostRate'][0m
[34;1mfieldvalues: [940000, 0.8, 3.15, 0.014598951701012448]
[0m
arrive destination: True ,out of road:False   Total T: 940389 Episode Num: 2641 Episode T: 582 Reward: 557.523 Cost: 7.000
arrive destination: True ,out of road:False   Total T: 940611 Episode Num: 2642 Episode T: 222 Reward: 273.721 Cost: 0.000
arrive destination: True ,out of road:False   Total T: 940961 Episode Num: 2643 Episode T: 350 Reward: 359.330 Cost: 0.000
arrive destination: False ,out of road:True   Total T: 941047 Episode Num: 2644 Episode T: 86 Reward: 61.531 Cost: 1.000
arrive destination: True ,out of road:False   Total T: 941262 Episode Num: 2645 Episode T: 215 Reward: 284.390 Cost: 2.000
arrive destination: True ,out of road:False   Total T: 941567 Episode Num: 2646 Episode T: 305 Reward: 270.610 Cost: 4.000
arrive destination: False ,out of road:True   Total T: 941817 Episode Num: 2647 Episode T: 250 Reward: 262.509 Cost: 2.000
arrive destination: True ,out of road:False   Total T: 942024 Episode Num: 2648 Episode T: 207 Reward: 232.712 Cost: 0.000
arrive destination: True ,out of road:False   Total T: 942276 Episode Num: 2649 Episode T: 252 Reward: 335.235 Cost: 1.000
arrive destination: True ,out of road:False   Total T: 942545 Episode Num: 2650 Episode T: 269 Reward: 271.185 Cost: 2.000
arrive destination: True ,out of road:False   Total T: 943036 Episode Num: 2651 Episode T: 491 Reward: 472.833 Cost: 0.000
arrive destination: True ,out of road:False   Total T: 943294 Episode Num: 2652 Episode T: 258 Reward: 295.921 Cost: 6.000
arrive destination: True ,out of road:False   Total T: 943652 Episode Num: 2653 Episode T: 358 Reward: 374.586 Cost: 1.000
arrive destination: True ,out of road:False   Total T: 943890 Episode Num: 2654 Episode T: 238 Reward: 271.385 Cost: 0.000
arrive destination: True ,out of road:False   Total T: 944174 Episode Num: 2655 Episode T: 284 Reward: 336.272 Cost: 1.000
arrive destination: True ,out of road:False   Total T: 944402 Episode Num: 2656 Episode T: 228 Reward: 295.426 Cost: 1.000
arrive destination: True ,out of road:False   Total T: 944820 Episode Num: 2657 Episode T: 418 Reward: 373.190 Cost: 2.000
arrive destination: True ,out of road:False   Total T: 945311 Episode Num: 2658 Episode T: 491 Reward: 497.565 Cost: 3.000
arrive destination: True ,out of road:False   Total T: 945650 Episode Num: 2659 Episode T: 339 Reward: 293.876 Cost: 16.000
arrive destination: True ,out of road:False   Total T: 945957 Episode Num: 2660 Episode T: 307 Reward: 335.435 Cost: 5.000
arrive destination: True ,out of road:False   Total T: 946317 Episode Num: 2661 Episode T: 360 Reward: 358.552 Cost: 0.000
arrive destination: True ,out of road:False   Total T: 947035 Episode Num: 2662 Episode T: 718 Reward: 524.078 Cost: 18.000
arrive destination: True ,out of road:False   Total T: 947392 Episode Num: 2663 Episode T: 357 Reward: 371.769 Cost: 0.000
arrive destination: True ,out of road:False   Total T: 947790 Episode Num: 2664 Episode T: 398 Reward: 415.656 Cost: 2.000
arrive destination: True ,out of road:False   Total T: 948479 Episode Num: 2665 Episode T: 689 Reward: 497.529 Cost: 28.000
arrive destination: True ,out of road:False   Total T: 948752 Episode Num: 2666 Episode T: 273 Reward: 273.068 Cost: 3.000
arrive destination: True ,out of road:False   Total T: 949089 Episode Num: 2667 Episode T: 337 Reward: 374.147 Cost: 7.000
arrive destination: True ,out of road:False   Total T: 949727 Episode Num: 2668 Episode T: 638 Reward: 508.375 Cost: 16.000
---------------------------------------
Evaluation over 20 episodes: 0.950 Cost 3.700.             SafeRL used : use_epo
---------------------------------------
[34;1m
Time: 2026-06-29 17:35:46, Time spent from previous logger: 169.806 s[0m
[34;1mCustomLogger with fileds: ['total_steps', 'EpRet', 'EpCost', 'CostRate'][0m
[34;1mfieldvalues: [950000, 0.95, 3.7, 0.014581067980071558]
[0m
arrive destination: True ,out of road:False   Total T: 950404 Episode Num: 2669 Episode T: 677 Reward: 700.170 Cost: 13.000
arrive destination: False ,out of road:True   Total T: 950622 Episode Num: 2670 Episode T: 218 Reward: 231.874 Cost: 6.000
arrive destination: False ,out of road:True   Total T: 951192 Episode Num: 2671 Episode T: 570 Reward: 467.263 Cost: 8.000
arrive destination: True ,out of road:False   Total T: 951429 Episode Num: 2672 Episode T: 237 Reward: 269.945 Cost: 0.000
arrive destination: True ,out of road:False   Total T: 951642 Episode Num: 2673 Episode T: 213 Reward: 282.331 Cost: 0.000
arrive destination: True ,out of road:False   Total T: 951876 Episode Num: 2674 Episode T: 234 Reward: 295.648 Cost: 4.000
arrive destination: False ,out of road:True   Total T: 952229 Episode Num: 2675 Episode T: 353 Reward: 361.432 Cost: 1.000
arrive destination: True ,out of road:False   Total T: 952590 Episode Num: 2676 Episode T: 361 Reward: 399.482 Cost: 0.000
arrive destination: True ,out of road:False   Total T: 952782 Episode Num: 2677 Episode T: 192 Reward: 268.727 Cost: 0.000
arrive destination: True ,out of road:False   Total T: 953205 Episode Num: 2678 Episode T: 423 Reward: 401.438 Cost: 3.000
arrive destination: True ,out of road:False   Total T: 953485 Episode Num: 2679 Episode T: 280 Reward: 334.819 Cost: 1.000
arrive destination: True ,out of road:False   Total T: 953681 Episode Num: 2680 Episode T: 196 Reward: 241.365 Cost: 0.000
arrive destination: True ,out of road:False   Total T: 953936 Episode Num: 2681 Episode T: 255 Reward: 272.771 Cost: 6.000
arrive destination: True ,out of road:False   Total T: 954152 Episode Num: 2682 Episode T: 216 Reward: 285.422 Cost: 0.000
arrive destination: False ,out of road:True   Total T: 954304 Episode Num: 2683 Episode T: 152 Reward: 171.774 Cost: 5.000
arrive destination: False ,out of road:True   Total T: 954727 Episode Num: 2684 Episode T: 423 Reward: 371.026 Cost: 12.000
arrive destination: False ,out of road:True   Total T: 954978 Episode Num: 2685 Episode T: 251 Reward: 205.907 Cost: 2.000
arrive destination: True ,out of road:False   Total T: 955187 Episode Num: 2686 Episode T: 209 Reward: 285.098 Cost: 0.000
arrive destination: True ,out of road:False   Total T: 955681 Episode Num: 2687 Episode T: 494 Reward: 419.435 Cost: 9.000
arrive destination: True ,out of road:False   Total T: 956242 Episode Num: 2688 Episode T: 561 Reward: 498.687 Cost: 4.000
arrive destination: True ,out of road:False   Total T: 956617 Episode Num: 2689 Episode T: 375 Reward: 414.471 Cost: 7.000
arrive destination: True ,out of road:False   Total T: 956856 Episode Num: 2690 Episode T: 239 Reward: 274.615 Cost: 0.000
arrive destination: True ,out of road:False   Total T: 957039 Episode Num: 2691 Episode T: 183 Reward: 269.625 Cost: 0.000
arrive destination: True ,out of road:False   Total T: 957289 Episode Num: 2692 Episode T: 250 Reward: 232.661 Cost: 0.000
arrive destination: True ,out of road:False   Total T: 957823 Episode Num: 2693 Episode T: 534 Reward: 498.280 Cost: 7.000
arrive destination: True ,out of road:False   Total T: 958227 Episode Num: 2694 Episode T: 404 Reward: 401.362 Cost: 1.000
arrive destination: True ,out of road:False   Total T: 958813 Episode Num: 2695 Episode T: 586 Reward: 512.600 Cost: 13.000
arrive destination: True ,out of road:False   Total T: 959169 Episode Num: 2696 Episode T: 356 Reward: 378.238 Cost: 0.000
arrive destination: True ,out of road:False   Total T: 959355 Episode Num: 2697 Episode T: 186 Reward: 270.022 Cost: 0.000
arrive destination: False ,out of road:True   Total T: 959549 Episode Num: 2698 Episode T: 194 Reward: 233.033 Cost: 4.000
arrive destination: True ,out of road:False   Total T: 959881 Episode Num: 2699 Episode T: 332 Reward: 375.353 Cost: 4.000
---------------------------------------
Evaluation over 20 episodes: 0.700 Cost 4.300.             SafeRL used : use_epo
---------------------------------------
[34;1m
Time: 2026-06-29 17:38:25, Time spent from previous logger: 159.364 s[0m
[34;1mCustomLogger with fileds: ['total_steps', 'EpRet', 'EpCost', 'CostRate'][0m
[34;1mfieldvalues: [960000, 0.7, 4.3, 0.014542723482003627]
[0m
arrive destination: True ,out of road:False   Total T: 960418 Episode Num: 2700 Episode T: 537 Reward: 502.821 Cost: 4.000
arrive destination: True ,out of road:False   Total T: 960630 Episode Num: 2701 Episode T: 212 Reward: 282.349 Cost: 0.000
arrive destination: True ,out of road:False   Total T: 960831 Episode Num: 2702 Episode T: 201 Reward: 295.881 Cost: 3.000
arrive destination: True ,out of road:False   Total T: 961044 Episode Num: 2703 Episode T: 213 Reward: 282.498 Cost: 0.000
arrive destination: True ,out of road:False   Total T: 961256 Episode Num: 2704 Episode T: 212 Reward: 282.150 Cost: 0.000
arrive destination: True ,out of road:False   Total T: 961849 Episode Num: 2705 Episode T: 593 Reward: 515.316 Cost: 3.000
arrive destination: True ,out of road:False   Total T: 962370 Episode Num: 2706 Episode T: 521 Reward: 396.210 Cost: 28.000
arrive destination: False ,out of road:True   Total T: 962829 Episode Num: 2707 Episode T: 459 Reward: 357.787 Cost: 33.000
arrive destination: True ,out of road:False   Total T: 963185 Episode Num: 2708 Episode T: 356 Reward: 401.432 Cost: 0.000
arrive destination: True ,out of road:False   Total T: 963418 Episode Num: 2709 Episode T: 233 Reward: 271.495 Cost: 0.000
arrive destination: True ,out of road:False   Total T: 963668 Episode Num: 2710 Episode T: 250 Reward: 232.261 Cost: 0.000
arrive destination: True ,out of road:False   Total T: 963939 Episode Num: 2711 Episode T: 271 Reward: 269.488 Cost: 2.000
arrive destination: False ,out of road:True   Total T: 964301 Episode Num: 2712 Episode T: 362 Reward: 333.978 Cost: 3.000
arrive destination: True ,out of road:False   Total T: 964891 Episode Num: 2713 Episode T: 590 Reward: 517.085 Cost: 11.000
arrive destination: True ,out of road:False   Total T: 965253 Episode Num: 2714 Episode T: 362 Reward: 411.712 Cost: 2.000
arrive destination: True ,out of road:False   Total T: 965606 Episode Num: 2715 Episode T: 353 Reward: 375.853 Cost: 0.000
arrive destination: False ,out of road:True   Total T: 965881 Episode Num: 2716 Episode T: 275 Reward: 310.375 Cost: 1.000
arrive destination: False ,out of road:True   Total T: 966033 Episode Num: 2717 Episode T: 152 Reward: 169.829 Cost: 5.000
arrive destination: True ,out of road:False   Total T: 966424 Episode Num: 2718 Episode T: 391 Reward: 294.673 Cost: 12.000
arrive destination: False ,out of road:True   Total T: 966522 Episode Num: 2719 Episode T: 98 Reward: 83.474 Cost: 1.000
arrive destination: True ,out of road:False   Total T: 966772 Episode Num: 2720 Episode T: 250 Reward: 232.360 Cost: 0.000
arrive destination: True ,out of road:False   Total T: 966976 Episode Num: 2721 Episode T: 204 Reward: 242.712 Cost: 0.000
arrive destination: True ,out of road:False   Total T: 967444 Episode Num: 2722 Episode T: 468 Reward: 470.495 Cost: 2.000
arrive destination: True ,out of road:False   Total T: 967972 Episode Num: 2723 Episode T: 528 Reward: 492.861 Cost: 7.000
arrive destination: True ,out of road:False   Total T: 968281 Episode Num: 2724 Episode T: 309 Reward: 294.633 Cost: 10.000
arrive destination: True ,out of road:False   Total T: 968631 Episode Num: 2725 Episode T: 350 Reward: 359.546 Cost: 0.000
arrive destination: True ,out of road:False   Total T: 968870 Episode Num: 2726 Episode T: 239 Reward: 272.434 Cost: 0.000
arrive destination: True ,out of road:False   Total T: 969065 Episode Num: 2727 Episode T: 195 Reward: 269.392 Cost: 1.000
arrive destination: True ,out of road:False   Total T: 969320 Episode Num: 2728 Episode T: 255 Reward: 232.177 Cost: 0.000
arrive destination: True ,out of road:False   Total T: 969654 Episode Num: 2729 Episode T: 334 Reward: 374.148 Cost: 13.000
---------------------------------------
Evaluation over 20 episodes: 1.000 Cost 2.750.             SafeRL used : use_epo
---------------------------------------
[34;1m
Time: 2026-06-29 17:41:06, Time spent from previous logger: 160.595 s[0m
[34;1mCustomLogger with fileds: ['total_steps', 'EpRet', 'EpCost', 'CostRate'][0m
[34;1mfieldvalues: [970000, 1.0, 2.75, 0.014538159317690019]
[0m
arrive destination: True ,out of road:False   Total T: 970492 Episode Num: 2730 Episode T: 838 Reward: 868.566 Cost: 5.000
arrive destination: False ,out of road:True   Total T: 970548 Episode Num: 2731 Episode T: 56 Reward: 24.280 Cost: 1.000
arrive destination: True ,out of road:False   Total T: 970798 Episode Num: 2732 Episode T: 250 Reward: 232.159 Cost: 0.000
arrive destination: False ,out of road:True   Total T: 970906 Episode Num: 2733 Episode T: 108 Reward: 92.558 Cost: 1.000
arrive destination: True ,out of road:False   Total T: 971578 Episode Num: 2734 Episode T: 672 Reward: 500.706 Cost: 20.000
arrive destination: True ,out of road:False   Total T: 971939 Episode Num: 2735 Episode T: 361 Reward: 401.048 Cost: 0.000
arrive destination: True ,out of road:False   Total T: 972175 Episode Num: 2736 Episode T: 236 Reward: 295.506 Cost: 0.000
arrive destination: True ,out of road:False   Total T: 972402 Episode Num: 2737 Episode T: 227 Reward: 295.876 Cost: 4.000
arrive destination: True ,out of road:False   Total T: 972698 Episode Num: 2738 Episode T: 296 Reward: 335.246 Cost: 0.000
arrive destination: True ,out of road:False   Total T: 972897 Episode Num: 2739 Episode T: 199 Reward: 241.103 Cost: 0.000
arrive destination: True ,out of road:False   Total T: 973169 Episode Num: 2740 Episode T: 272 Reward: 269.654 Cost: 3.000
arrive destination: False ,out of road:True   Total T: 973325 Episode Num: 2741 Episode T: 156 Reward: 211.401 Cost: 4.000
arrive destination: True ,out of road:False   Total T: 973600 Episode Num: 2742 Episode T: 275 Reward: 294.252 Cost: 13.000
arrive destination: True ,out of road:False   Total T: 973958 Episode Num: 2743 Episode T: 358 Reward: 358.951 Cost: 0.000
arrive destination: True ,out of road:False   Total T: 974233 Episode Num: 2744 Episode T: 275 Reward: 270.852 Cost: 0.000
arrive destination: True ,out of road:False   Total T: 974440 Episode Num: 2745 Episode T: 207 Reward: 239.605 Cost: 0.000
arrive destination: True ,out of road:False   Total T: 974655 Episode Num: 2746 Episode T: 215 Reward: 283.350 Cost: 0.000
arrive destination: True ,out of road:False   Total T: 975147 Episode Num: 2747 Episode T: 492 Reward: 471.962 Cost: 2.000
arrive destination: True ,out of road:False   Total T: 975378 Episode Num: 2748 Episode T: 231 Reward: 295.982 Cost: 3.000
arrive destination: True ,out of road:False   Total T: 975777 Episode Num: 2749 Episode T: 399 Reward: 401.203 Cost: 4.000
arrive destination: True ,out of road:False   Total T: 976132 Episode Num: 2750 Episode T: 355 Reward: 361.720 Cost: 0.000
arrive destination: True ,out of road:False   Total T: 976527 Episode Num: 2751 Episode T: 395 Reward: 374.890 Cost: 1.000
arrive destination: True ,out of road:False   Total T: 976753 Episode Num: 2752 Episode T: 226 Reward: 283.417 Cost: 1.000
arrive destination: False ,out of road:True   Total T: 976972 Episode Num: 2753 Episode T: 219 Reward: 235.147 Cost: 4.000
arrive destination: True ,out of road:False   Total T: 977244 Episode Num: 2754 Episode T: 272 Reward: 270.930 Cost: 1.000
arrive destination: False ,out of road:True   Total T: 977583 Episode Num: 2755 Episode T: 339 Reward: 277.421 Cost: 1.000
arrive destination: True ,out of road:False   Total T: 977811 Episode Num: 2756 Episode T: 228 Reward: 296.022 Cost: 2.000
arrive destination: True ,out of road:False   Total T: 978050 Episode Num: 2757 Episode T: 239 Reward: 270.827 Cost: 0.000
arrive destination: True ,out of road:False   Total T: 978310 Episode Num: 2758 Episode T: 260 Reward: 272.536 Cost: 1.000
arrive destination: True ,out of road:False   Total T: 978865 Episode Num: 2759 Episode T: 555 Reward: 512.460 Cost: 6.000
arrive destination: True ,out of road:False   Total T: 979198 Episode Num: 2760 Episode T: 333 Reward: 375.950 Cost: 4.000
arrive destination: True ,out of road:False   Total T: 979604 Episode Num: 2761 Episode T: 406 Reward: 414.070 Cost: 2.000
arrive destination: True ,out of road:False   Total T: 979853 Episode Num: 2762 Episode T: 249 Reward: 233.302 Cost: 0.000
---------------------------------------
Evaluation over 20 episodes: 0.850 Cost 3.900.             SafeRL used : use_epo
---------------------------------------
[34;1m
Time: 2026-06-29 17:43:46, Time spent from previous logger: 159.913 s[0m
[34;1mCustomLogger with fileds: ['total_steps', 'EpRet', 'EpCost', 'CostRate'][0m
[34;1mfieldvalues: [980000, 0.85, 3.9, 0.014474504565820985]
[0m
arrive destination: True ,out of road:False   Total T: 980438 Episode Num: 2763 Episode T: 585 Reward: 506.521 Cost: 10.000
arrive destination: True ,out of road:False   Total T: 980668 Episode Num: 2764 Episode T: 230 Reward: 295.173 Cost: 1.000
arrive destination: True ,out of road:False   Total T: 981134 Episode Num: 2765 Episode T: 466 Reward: 401.949 Cost: 11.000
arrive destination: True ,out of road:False   Total T: 981328 Episode Num: 2766 Episode T: 194 Reward: 232.695 Cost: 5.000
arrive destination: False ,out of road:True   Total T: 981458 Episode Num: 2767 Episode T: 130 Reward: 127.675 Cost: 3.000
arrive destination: True ,out of road:False   Total T: 981690 Episode Num: 2768 Episode T: 232 Reward: 295.740 Cost: 8.000
arrive destination: True ,out of road:False   Total T: 981876 Episode Num: 2769 Episode T: 186 Reward: 269.263 Cost: 0.000
arrive destination: True ,out of road:False   Total T: 982111 Episode Num: 2770 Episode T: 235 Reward: 271.775 Cost: 0.000
arrive destination: True ,out of road:False   Total T: 982553 Episode Num: 2771 Episode T: 442 Reward: 416.899 Cost: 21.000
arrive destination: False ,out of road:True   Total T: 982763 Episode Num: 2772 Episode T: 210 Reward: 233.475 Cost: 7.000
arrive destination: True ,out of road:False   Total T: 983003 Episode Num: 2773 Episode T: 240 Reward: 272.714 Cost: 0.000
arrive destination: True ,out of road:False   Total T: 983225 Episode Num: 2774 Episode T: 222 Reward: 282.739 Cost: 0.000
arrive destination: True ,out of road:False   Total T: 983566 Episode Num: 2775 Episode T: 341 Reward: 370.238 Cost: 1.000
arrive destination: True ,out of road:False   Total T: 983996 Episode Num: 2776 Episode T: 430 Reward: 421.221 Cost: 6.000
arrive destination: False ,out of road:True   Total T: 984269 Episode Num: 2777 Episode T: 273 Reward: 216.546 Cost: 1.000
arrive destination: True ,out of road:False   Total T: 984651 Episode Num: 2778 Episode T: 382 Reward: 354.022 Cost: 0.000
arrive destination: True ,out of road:False   Total T: 985013 Episode Num: 2779 Episode T: 362 Reward: 401.449 Cost: 0.000
arrive destination: True ,out of road:False   Total T: 985241 Episode Num: 2780 Episode T: 228 Reward: 295.789 Cost: 3.000
arrive destination: True ,out of road:False   Total T: 985684 Episode Num: 2781 Episode T: 443 Reward: 402.050 Cost: 21.000
arrive destination: True ,out of road:False   Total T: 985912 Episode Num: 2782 Episode T: 228 Reward: 273.411 Cost: 0.000
arrive destination: False ,out of road:False   Total T: 986912 Episode Num: 2783 Episode T: 1000 Reward: 61.808 Cost: 26.000
arrive destination: True ,out of road:False   Total T: 987119 Episode Num: 2784 Episode T: 207 Reward: 239.692 Cost: 0.000
arrive destination: False ,out of road:True   Total T: 987207 Episode Num: 2785 Episode T: 88 Reward: 70.467 Cost: 1.000
arrive destination: True ,out of road:False   Total T: 987473 Episode Num: 2786 Episode T: 266 Reward: 336.223 Cost: 1.000
arrive destination: True ,out of road:False   Total T: 987923 Episode Num: 2787 Episode T: 450 Reward: 401.322 Cost: 5.000
arrive destination: True ,out of road:False   Total T: 988255 Episode Num: 2788 Episode T: 332 Reward: 375.195 Cost: 5.000
arrive destination: True ,out of road:False   Total T: 988465 Episode Num: 2789 Episode T: 210 Reward: 231.830 Cost: 0.000
arrive destination: True ,out of road:False   Total T: 988877 Episode Num: 2790 Episode T: 412 Reward: 381.008 Cost: 11.000
arrive destination: True ,out of road:False   Total T: 989072 Episode Num: 2791 Episode T: 195 Reward: 240.541 Cost: 0.000
arrive destination: True ,out of road:False   Total T: 989433 Episode Num: 2792 Episode T: 361 Reward: 402.512 Cost: 0.000
arrive destination: False ,out of road:True   Total T: 989601 Episode Num: 2793 Episode T: 168 Reward: 219.426 Cost: 2.000
arrive destination: True ,out of road:False   Total T: 989809 Episode Num: 2794 Episode T: 208 Reward: 246.811 Cost: 0.000
---------------------------------------
Evaluation over 20 episodes: 0.800 Cost 3.900.             SafeRL used : use_epo
---------------------------------------
[34;1m
Time: 2026-06-29 17:46:22, Time spent from previous logger: 156.670 s[0m
[34;1mCustomLogger with fileds: ['total_steps', 'EpRet', 'EpCost', 'CostRate'][0m
[34;1mfieldvalues: [990000, 0.8, 3.9, 0.014478802503840912]
[0m
arrive destination: True ,out of road:False   Total T: 990566 Episode Num: 2795 Episode T: 757 Reward: 692.989 Cost: 5.000
arrive destination: True ,out of road:False   Total T: 990787 Episode Num: 2796 Episode T: 221 Reward: 284.712 Cost: 0.000
arrive destination: True ,out of road:False   Total T: 991163 Episode Num: 2797 Episode T: 376 Reward: 374.658 Cost: 3.000
arrive destination: True ,out of road:False   Total T: 991539 Episode Num: 2798 Episode T: 376 Reward: 420.911 Cost: 15.000
arrive destination: True ,out of road:False   Total T: 992128 Episode Num: 2799 Episode T: 589 Reward: 522.151 Cost: 4.000
arrive destination: True ,out of road:False   Total T: 992529 Episode Num: 2800 Episode T: 401 Reward: 415.443 Cost: 12.000
arrive destination: True ,out of road:False   Total T: 992932 Episode Num: 2801 Episode T: 403 Reward: 414.022 Cost: 6.000
arrive destination: True ,out of road:False   Total T: 993155 Episode Num: 2802 Episode T: 223 Reward: 274.404 Cost: 0.000
arrive destination: True ,out of road:False   Total T: 993550 Episode Num: 2803 Episode T: 395 Reward: 373.755 Cost: 1.000
arrive destination: True ,out of road:False   Total T: 993788 Episode Num: 2804 Episode T: 238 Reward: 272.115 Cost: 0.000
arrive destination: True ,out of road:False   Total T: 994150 Episode Num: 2805 Episode T: 362 Reward: 404.131 Cost: 0.000
arrive destination: True ,out of road:False   Total T: 994336 Episode Num: 2806 Episode T: 186 Reward: 269.961 Cost: 0.000
arrive destination: True ,out of road:False   Total T: 994692 Episode Num: 2807 Episode T: 356 Reward: 359.634 Cost: 0.000
arrive destination: True ,out of road:False   Total T: 994896 Episode Num: 2808 Episode T: 204 Reward: 282.388 Cost: 0.000
arrive destination: True ,out of road:False   Total T: 995245 Episode Num: 2809 Episode T: 349 Reward: 336.250 Cost: 3.000
arrive destination: False ,out of road:True   Total T: 995423 Episode Num: 2810 Episode T: 178 Reward: 195.215 Cost: 1.000
arrive destination: True ,out of road:False   Total T: 995862 Episode Num: 2811 Episode T: 439 Reward: 414.952 Cost: 9.000
arrive destination: True ,out of road:False   Total T: 996252 Episode Num: 2812 Episode T: 390 Reward: 294.703 Cost: 36.000
arrive destination: True ,out of road:False   Total T: 996543 Episode Num: 2813 Episode T: 291 Reward: 294.323 Cost: 12.000
arrive destination: True ,out of road:False   Total T: 996753 Episode Num: 2814 Episode T: 210 Reward: 283.271 Cost: 0.000
arrive destination: True ,out of road:False   Total T: 996979 Episode Num: 2815 Episode T: 226 Reward: 276.166 Cost: 0.000
arrive destination: True ,out of road:False   Total T: 997190 Episode Num: 2816 Episode T: 211 Reward: 241.335 Cost: 0.000
arrive destination: True ,out of road:False   Total T: 997412 Episode Num: 2817 Episode T: 222 Reward: 295.556 Cost: 5.000
arrive destination: True ,out of road:False   Total T: 997797 Episode Num: 2818 Episode T: 385 Reward: 379.010 Cost: 2.000
arrive destination: True ,out of road:False   Total T: 998024 Episode Num: 2819 Episode T: 227 Reward: 295.722 Cost: 2.000
arrive destination: True ,out of road:False   Total T: 998387 Episode Num: 2820 Episode T: 363 Reward: 401.479 Cost: 0.000
arrive destination: False ,out of road:True   Total T: 998441 Episode Num: 2821 Episode T: 54 Reward: 20.781 Cost: 1.000
arrive destination: True ,out of road:False   Total T: 998883 Episode Num: 2822 Episode T: 442 Reward: 379.514 Cost: 16.000
arrive destination: True ,out of road:False   Total T: 999161 Episode Num: 2823 Episode T: 278 Reward: 274.606 Cost: 2.000
arrive destination: True ,out of road:False   Total T: 999380 Episode Num: 2824 Episode T: 219 Reward: 283.200 Cost: 5.000
arrive destination: False ,out of road:True   Total T: 999418 Episode Num: 2825 Episode T: 38 Reward: 5.607 Cost: 1.000
arrive destination: True ,out of road:False   Total T: 999754 Episode Num: 2826 Episode T: 336 Reward: 376.854 Cost: 9.000
---------------------------------------
Evaluation over 20 episodes: 0.700 Cost 3.100.             SafeRL used : use_epo
---------------------------------------
[34;1m
Time: 2026-06-29 17:49:00, Time spent from previous logger: 157.366 s[0m
[34;1mCustomLogger with fileds: ['total_steps', 'EpRet', 'EpCost', 'CostRate'][0m
[34;1mfieldvalues: [1000000, 0.7, 3.1, 0.014485014485014484]
[0m
