Running full paper-style training: tag=paper_1m_20260629 algo=lag seed=4 task=14
Successfully registered the following environments: ['MetaDrive-validation-v0', 'MetaDrive-10env-v0', 'MetaDrive-100envs-v0', 'MetaDrive-1000envs-v0', 'SafeMetaDrive-validation-v0', 'SafeMetaDrive-10env-v0', 'SafeMetaDrive-100envs-v0', 'SafeMetaDrive-1000envs-v0', 'MARLTollgate-v0', 'MARLBottleneck-v0', 'MARLRoundabout-v0', 'MARLIntersection-v0', 'MARLParkingLot-v0', 'MARLMetaDrive-v0'].
arrive destination: False ,out of road:True   Total T: 460 Episode Num: 1 Episode T: 460 Reward: -0.755 Cost: 1.000
arrive destination: False ,out of road:False   Total T: 1460 Episode Num: 2 Episode T: 1000 Reward: 11.304 Cost: 0.000
arrive destination: False ,out of road:False   Total T: 2460 Episode Num: 3 Episode T: 1000 Reward: 11.934 Cost: 0.000
arrive destination: False ,out of road:False   Total T: 3460 Episode Num: 4 Episode T: 1000 Reward: 11.012 Cost: 0.000
arrive destination: False ,out of road:False   Total T: 4460 Episode Num: 5 Episode T: 1000 Reward: 9.956 Cost: 0.000
arrive destination: False ,out of road:False   Total T: 5460 Episode Num: 6 Episode T: 1000 Reward: 11.981 Cost: 0.000
arrive destination: False ,out of road:False   Total T: 6460 Episode Num: 7 Episode T: 1000 Reward: 11.530 Cost: 0.000
arrive destination: False ,out of road:False   Total T: 7460 Episode Num: 8 Episode T: 1000 Reward: 11.440 Cost: 0.000
arrive destination: False ,out of road:False   Total T: 8460 Episode Num: 9 Episode T: 1000 Reward: 12.241 Cost: 0.000
arrive destination: False ,out of road:False   Total T: 9460 Episode Num: 10 Episode T: 1000 Reward: 10.421 Cost: 0.000
---------------------------------------
Evaluation over 20 episodes: 0.000 Cost 1.000.             SafeRL used : use_lag
---------------------------------------
[34;1m
Time: 2026-06-29 21:47:09, Time spent from previous logger: 43.318 s[0m
[34;1mCustomLogger with fileds: ['total_steps', 'EpRet', 'EpCost', 'CostRate'][0m
[34;1mfieldvalues: [10000, 0.0, 1.0, 0.00010001000100010001]
[0m
arrive destination: False ,out of road:True   Total T: 10069 Episode Num: 11 Episode T: 609 Reward: 34.053 Cost: 1.000
arrive destination: False ,out of road:True   Total T: 10111 Episode Num: 12 Episode T: 42 Reward: 9.891 Cost: 1.000
arrive destination: False ,out of road:True   Total T: 10176 Episode Num: 13 Episode T: 65 Reward: 33.161 Cost: 1.000
arrive destination: False ,out of road:True   Total T: 10216 Episode Num: 14 Episode T: 40 Reward: 7.906 Cost: 1.000
arrive destination: False ,out of road:True   Total T: 10246 Episode Num: 15 Episode T: 30 Reward: 0.897 Cost: 1.000
arrive destination: False ,out of road:True   Total T: 10279 Episode Num: 16 Episode T: 33 Reward: 2.372 Cost: 1.000
arrive destination: False ,out of road:True   Total T: 10326 Episode Num: 17 Episode T: 47 Reward: 14.773 Cost: 1.000
arrive destination: False ,out of road:True   Total T: 10345 Episode Num: 18 Episode T: 19 Reward: -4.285 Cost: 1.000
arrive destination: False ,out of road:True   Total T: 10392 Episode Num: 19 Episode T: 47 Reward: 14.610 Cost: 1.000
arrive destination: False ,out of road:True   Total T: 10414 Episode Num: 20 Episode T: 22 Reward: -3.260 Cost: 1.000
arrive destination: False ,out of road:True   Total T: 10467 Episode Num: 21 Episode T: 53 Reward: 21.246 Cost: 1.000
arrive destination: False ,out of road:True   Total T: 10523 Episode Num: 22 Episode T: 56 Reward: 23.440 Cost: 1.000
arrive destination: False ,out of road:True   Total T: 10636 Episode Num: 23 Episode T: 113 Reward: 102.230 Cost: 6.000
arrive destination: False ,out of road:True   Total T: 10667 Episode Num: 24 Episode T: 31 Reward: 1.082 Cost: 1.000
arrive destination: False ,out of road:True   Total T: 10709 Episode Num: 25 Episode T: 42 Reward: 10.175 Cost: 1.000
arrive destination: False ,out of road:True   Total T: 10742 Episode Num: 26 Episode T: 33 Reward: 2.071 Cost: 1.000
arrive destination: False ,out of road:True   Total T: 10776 Episode Num: 27 Episode T: 34 Reward: 2.509 Cost: 1.000
arrive destination: False ,out of road:True   Total T: 10816 Episode Num: 28 Episode T: 40 Reward: 7.023 Cost: 1.000
arrive destination: False ,out of road:True   Total T: 10845 Episode Num: 29 Episode T: 29 Reward: -0.657 Cost: 1.000
arrive destination: False ,out of road:True   Total T: 10887 Episode Num: 30 Episode T: 42 Reward: 8.962 Cost: 1.000
arrive destination: False ,out of road:True   Total T: 10936 Episode Num: 31 Episode T: 49 Reward: 15.645 Cost: 1.000
arrive destination: False ,out of road:True   Total T: 10977 Episode Num: 32 Episode T: 41 Reward: 9.699 Cost: 1.000
arrive destination: False ,out of road:True   Total T: 11024 Episode Num: 33 Episode T: 47 Reward: 14.323 Cost: 1.000
arrive destination: False ,out of road:True   Total T: 11043 Episode Num: 34 Episode T: 19 Reward: -4.188 Cost: 1.000
arrive destination: False ,out of road:True   Total T: 11107 Episode Num: 35 Episode T: 64 Reward: 37.611 Cost: 1.000
arrive destination: False ,out of road:True   Total T: 11138 Episode Num: 36 Episode T: 31 Reward: 0.819 Cost: 1.000
arrive destination: False ,out of road:True   Total T: 11194 Episode Num: 37 Episode T: 56 Reward: 24.980 Cost: 1.000
arrive destination: False ,out of road:True   Total T: 11254 Episode Num: 38 Episode T: 60 Reward: 28.418 Cost: 1.000
arrive destination: False ,out of road:True   Total T: 11309 Episode Num: 39 Episode T: 55 Reward: 23.325 Cost: 1.000
arrive destination: False ,out of road:True   Total T: 11341 Episode Num: 40 Episode T: 32 Reward: 1.469 Cost: 1.000
arrive destination: False ,out of road:True   Total T: 11378 Episode Num: 41 Episode T: 37 Reward: 4.626 Cost: 1.000
arrive destination: False ,out of road:True   Total T: 11427 Episode Num: 42 Episode T: 49 Reward: 17.310 Cost: 1.000
arrive destination: False ,out of road:True   Total T: 11482 Episode Num: 43 Episode T: 55 Reward: 24.011 Cost: 1.000
arrive destination: False ,out of road:True   Total T: 11561 Episode Num: 44 Episode T: 79 Reward: 61.860 Cost: 1.000
arrive destination: False ,out of road:True   Total T: 11600 Episode Num: 45 Episode T: 39 Reward: 7.322 Cost: 1.000
arrive destination: False ,out of road:True   Total T: 11639 Episode Num: 46 Episode T: 39 Reward: 5.341 Cost: 1.000
arrive destination: False ,out of road:True   Total T: 11669 Episode Num: 47 Episode T: 30 Reward: 0.111 Cost: 1.000
arrive destination: False ,out of road:True   Total T: 11714 Episode Num: 48 Episode T: 45 Reward: 13.227 Cost: 1.000
arrive destination: False ,out of road:True   Total T: 11767 Episode Num: 49 Episode T: 53 Reward: 22.026 Cost: 1.000
arrive destination: False ,out of road:True   Total T: 11852 Episode Num: 50 Episode T: 85 Reward: 56.954 Cost: 1.000
arrive destination: False ,out of road:True   Total T: 11938 Episode Num: 51 Episode T: 86 Reward: 71.986 Cost: 1.000
arrive destination: False ,out of road:True   Total T: 11994 Episode Num: 52 Episode T: 56 Reward: 23.356 Cost: 1.000
arrive destination: False ,out of road:True   Total T: 12087 Episode Num: 53 Episode T: 93 Reward: 86.223 Cost: 13.000
arrive destination: False ,out of road:True   Total T: 12137 Episode Num: 54 Episode T: 50 Reward: 20.005 Cost: 1.000
arrive destination: False ,out of road:True   Total T: 12184 Episode Num: 55 Episode T: 47 Reward: 12.885 Cost: 1.000
arrive destination: False ,out of road:True   Total T: 12243 Episode Num: 56 Episode T: 59 Reward: 29.557 Cost: 1.000
arrive destination: False ,out of road:True   Total T: 12309 Episode Num: 57 Episode T: 66 Reward: 38.247 Cost: 1.000
arrive destination: False ,out of road:True   Total T: 12355 Episode Num: 58 Episode T: 46 Reward: 13.640 Cost: 1.000
arrive destination: False ,out of road:True   Total T: 12473 Episode Num: 59 Episode T: 118 Reward: 122.083 Cost: 1.000
arrive destination: False ,out of road:True   Total T: 12522 Episode Num: 60 Episode T: 49 Reward: 14.986 Cost: 1.000
arrive destination: False ,out of road:True   Total T: 12611 Episode Num: 61 Episode T: 89 Reward: 75.918 Cost: 2.000
arrive destination: False ,out of road:True   Total T: 12834 Episode Num: 62 Episode T: 223 Reward: 233.088 Cost: 19.000
arrive destination: True ,out of road:False   Total T: 13084 Episode Num: 63 Episode T: 250 Reward: 296.016 Cost: 42.000
arrive destination: False ,out of road:True   Total T: 13195 Episode Num: 64 Episode T: 111 Reward: 110.134 Cost: 1.000
arrive destination: False ,out of road:True   Total T: 13303 Episode Num: 65 Episode T: 108 Reward: 100.591 Cost: 3.000
arrive destination: False ,out of road:True   Total T: 13580 Episode Num: 66 Episode T: 277 Reward: 234.973 Cost: 46.000
arrive destination: False ,out of road:True   Total T: 13664 Episode Num: 67 Episode T: 84 Reward: 64.702 Cost: 1.000
arrive destination: False ,out of road:True   Total T: 13739 Episode Num: 68 Episode T: 75 Reward: 44.227 Cost: 1.000
arrive destination: False ,out of road:True   Total T: 13980 Episode Num: 69 Episode T: 241 Reward: 226.994 Cost: 51.000
arrive destination: False ,out of road:True   Total T: 14095 Episode Num: 70 Episode T: 115 Reward: 122.779 Cost: 3.000
arrive destination: False ,out of road:True   Total T: 14205 Episode Num: 71 Episode T: 110 Reward: 100.498 Cost: 5.000
arrive destination: False ,out of road:True   Total T: 14345 Episode Num: 72 Episode T: 140 Reward: 167.661 Cost: 8.000
arrive destination: False ,out of road:True   Total T: 14430 Episode Num: 73 Episode T: 85 Reward: 68.941 Cost: 1.000
arrive destination: False ,out of road:True   Total T: 14527 Episode Num: 74 Episode T: 97 Reward: 93.096 Cost: 1.000
arrive destination: False ,out of road:True   Total T: 14691 Episode Num: 75 Episode T: 164 Reward: 235.679 Cost: 1.000
arrive destination: True ,out of road:True   Total T: 15256 Episode Num: 76 Episode T: 565 Reward: 466.757 Cost: 96.000
arrive destination: False ,out of road:True   Total T: 15335 Episode Num: 77 Episode T: 79 Reward: 53.184 Cost: 1.000
arrive destination: False ,out of road:True   Total T: 15412 Episode Num: 78 Episode T: 77 Reward: 51.400 Cost: 1.000
arrive destination: False ,out of road:True   Total T: 15570 Episode Num: 79 Episode T: 158 Reward: 156.719 Cost: 17.000
arrive destination: True ,out of road:False   Total T: 15827 Episode Num: 80 Episode T: 257 Reward: 335.767 Cost: 21.000
arrive destination: False ,out of road:True   Total T: 15914 Episode Num: 81 Episode T: 87 Reward: 66.351 Cost: 1.000
arrive destination: False ,out of road:True   Total T: 15995 Episode Num: 82 Episode T: 81 Reward: 56.884 Cost: 1.000
arrive destination: False ,out of road:True   Total T: 16139 Episode Num: 83 Episode T: 144 Reward: 149.448 Cost: 2.000
arrive destination: False ,out of road:True   Total T: 16220 Episode Num: 84 Episode T: 81 Reward: 64.792 Cost: 1.000
arrive destination: False ,out of road:True   Total T: 16359 Episode Num: 85 Episode T: 139 Reward: 164.660 Cost: 3.000
arrive destination: False ,out of road:True   Total T: 16469 Episode Num: 86 Episode T: 110 Reward: 104.066 Cost: 1.000
arrive destination: False ,out of road:True   Total T: 16620 Episode Num: 87 Episode T: 151 Reward: 75.772 Cost: 5.000
arrive destination: False ,out of road:True   Total T: 16712 Episode Num: 88 Episode T: 92 Reward: 77.634 Cost: 1.000
arrive destination: False ,out of road:True   Total T: 16790 Episode Num: 89 Episode T: 78 Reward: 56.643 Cost: 1.000
arrive destination: False ,out of road:True   Total T: 16881 Episode Num: 90 Episode T: 91 Reward: 77.970 Cost: 3.000
arrive destination: False ,out of road:True   Total T: 16996 Episode Num: 91 Episode T: 115 Reward: 115.487 Cost: 2.000
arrive destination: False ,out of road:True   Total T: 17167 Episode Num: 92 Episode T: 171 Reward: 152.963 Cost: 9.000
arrive destination: False ,out of road:True   Total T: 17262 Episode Num: 93 Episode T: 95 Reward: 86.892 Cost: 1.000
arrive destination: True ,out of road:False   Total T: 17682 Episode Num: 94 Episode T: 420 Reward: 375.187 Cost: 102.000
arrive destination: False ,out of road:True   Total T: 17761 Episode Num: 95 Episode T: 79 Reward: 53.718 Cost: 1.000
arrive destination: False ,out of road:True   Total T: 17969 Episode Num: 96 Episode T: 208 Reward: 214.557 Cost: 7.000
arrive destination: True ,out of road:False   Total T: 18214 Episode Num: 97 Episode T: 245 Reward: 243.200 Cost: 56.000
arrive destination: False ,out of road:True   Total T: 18440 Episode Num: 98 Episode T: 226 Reward: 214.134 Cost: 34.000
arrive destination: False ,out of road:True   Total T: 18533 Episode Num: 99 Episode T: 93 Reward: 80.300 Cost: 1.000
arrive destination: False ,out of road:True   Total T: 18652 Episode Num: 100 Episode T: 119 Reward: 132.732 Cost: 1.000
arrive destination: True ,out of road:False   Total T: 18902 Episode Num: 101 Episode T: 250 Reward: 295.569 Cost: 22.000
arrive destination: False ,out of road:True   Total T: 19029 Episode Num: 102 Episode T: 127 Reward: 123.647 Cost: 5.000
arrive destination: False ,out of road:True   Total T: 19145 Episode Num: 103 Episode T: 116 Reward: 102.792 Cost: 13.000
arrive destination: False ,out of road:True   Total T: 19244 Episode Num: 104 Episode T: 99 Reward: 93.218 Cost: 1.000
arrive destination: False ,out of road:True   Total T: 19371 Episode Num: 105 Episode T: 127 Reward: 137.055 Cost: 4.000
arrive destination: True ,out of road:False   Total T: 19636 Episode Num: 106 Episode T: 265 Reward: 294.199 Cost: 24.000
arrive destination: False ,out of road:True   Total T: 19719 Episode Num: 107 Episode T: 83 Reward: 63.694 Cost: 1.000
arrive destination: False ,out of road:True   Total T: 19834 Episode Num: 108 Episode T: 115 Reward: 131.035 Cost: 1.000
---------------------------------------
Evaluation over 20 episodes: 0.550 Cost 24.900.             SafeRL used : use_lag
---------------------------------------
[34;1m
Time: 2026-06-29 21:49:09, Time spent from previous logger: 120.160 s[0m
[34;1mCustomLogger with fileds: ['total_steps', 'EpRet', 'EpCost', 'CostRate'][0m
[34;1mfieldvalues: [20000, 0.55, 24.9, 0.035701785089254465]
[0m
arrive destination: True ,out of road:False   Total T: 20277 Episode Num: 109 Episode T: 443 Reward: 502.170 Cost: 62.000
arrive destination: False ,out of road:True   Total T: 20436 Episode Num: 110 Episode T: 159 Reward: 168.602 Cost: 15.000
arrive destination: False ,out of road:True   Total T: 20573 Episode Num: 111 Episode T: 137 Reward: 154.186 Cost: 1.000
arrive destination: False ,out of road:True   Total T: 20653 Episode Num: 112 Episode T: 80 Reward: 57.692 Cost: 1.000
arrive destination: True ,out of road:False   Total T: 20903 Episode Num: 113 Episode T: 250 Reward: 295.382 Cost: 32.000
arrive destination: False ,out of road:True   Total T: 21031 Episode Num: 114 Episode T: 128 Reward: 139.973 Cost: 4.000
arrive destination: False ,out of road:True   Total T: 21181 Episode Num: 115 Episode T: 150 Reward: 103.074 Cost: 21.000
arrive destination: False ,out of road:True   Total T: 21281 Episode Num: 116 Episode T: 100 Reward: 93.445 Cost: 2.000
arrive destination: True ,out of road:False   Total T: 21530 Episode Num: 117 Episode T: 249 Reward: 295.273 Cost: 26.000
arrive destination: True ,out of road:False   Total T: 21808 Episode Num: 118 Episode T: 278 Reward: 267.115 Cost: 37.000
arrive destination: False ,out of road:True   Total T: 21957 Episode Num: 119 Episode T: 149 Reward: 155.343 Cost: 1.000
arrive destination: False ,out of road:True   Total T: 22054 Episode Num: 120 Episode T: 97 Reward: 68.089 Cost: 6.000
arrive destination: False ,out of road:True   Total T: 22160 Episode Num: 121 Episode T: 106 Reward: 104.947 Cost: 1.000
arrive destination: False ,out of road:True   Total T: 22240 Episode Num: 122 Episode T: 80 Reward: 56.672 Cost: 1.000
arrive destination: False ,out of road:True   Total T: 22365 Episode Num: 123 Episode T: 125 Reward: 133.787 Cost: 1.000
arrive destination: True ,out of road:False   Total T: 22551 Episode Num: 124 Episode T: 186 Reward: 269.337 Cost: 2.000
arrive destination: False ,out of road:True   Total T: 22633 Episode Num: 125 Episode T: 82 Reward: 55.713 Cost: 1.000
arrive destination: True ,out of road:False   Total T: 22923 Episode Num: 126 Episode T: 290 Reward: 287.243 Cost: 5.000
arrive destination: False ,out of road:True   Total T: 23148 Episode Num: 127 Episode T: 225 Reward: 232.176 Cost: 1.000
arrive destination: False ,out of road:True   Total T: 23418 Episode Num: 128 Episode T: 270 Reward: 167.464 Cost: 1.000
arrive destination: False ,out of road:True   Total T: 23697 Episode Num: 129 Episode T: 279 Reward: 295.011 Cost: 22.000
arrive destination: False ,out of road:True   Total T: 23817 Episode Num: 130 Episode T: 120 Reward: 135.055 Cost: 1.000
arrive destination: False ,out of road:True   Total T: 24044 Episode Num: 131 Episode T: 227 Reward: 198.182 Cost: 8.000
arrive destination: True ,out of road:False   Total T: 24297 Episode Num: 132 Episode T: 253 Reward: 328.030 Cost: 24.000
arrive destination: False ,out of road:True   Total T: 24437 Episode Num: 133 Episode T: 140 Reward: 173.922 Cost: 4.000
arrive destination: True ,out of road:False   Total T: 24718 Episode Num: 134 Episode T: 281 Reward: 265.518 Cost: 15.000
arrive destination: False ,out of road:True   Total T: 24857 Episode Num: 135 Episode T: 139 Reward: 125.681 Cost: 5.000
arrive destination: False ,out of road:True   Total T: 24977 Episode Num: 136 Episode T: 120 Reward: 135.061 Cost: 1.000
arrive destination: False ,out of road:True   Total T: 25081 Episode Num: 137 Episode T: 104 Reward: 102.924 Cost: 1.000
arrive destination: False ,out of road:True   Total T: 25238 Episode Num: 138 Episode T: 157 Reward: 158.048 Cost: 3.000
arrive destination: False ,out of road:True   Total T: 25507 Episode Num: 139 Episode T: 269 Reward: 236.587 Cost: 1.000
arrive destination: False ,out of road:True   Total T: 25616 Episode Num: 140 Episode T: 109 Reward: 109.259 Cost: 1.000
arrive destination: False ,out of road:True   Total T: 25735 Episode Num: 141 Episode T: 119 Reward: 133.685 Cost: 1.000
arrive destination: False ,out of road:True   Total T: 25871 Episode Num: 142 Episode T: 136 Reward: 172.245 Cost: 4.000
arrive destination: False ,out of road:True   Total T: 26245 Episode Num: 143 Episode T: 374 Reward: 338.735 Cost: 12.000
arrive destination: True ,out of road:False   Total T: 26575 Episode Num: 144 Episode T: 330 Reward: 269.907 Cost: 25.000
arrive destination: False ,out of road:True   Total T: 26709 Episode Num: 145 Episode T: 134 Reward: 142.544 Cost: 7.000
arrive destination: False ,out of road:True   Total T: 26820 Episode Num: 146 Episode T: 111 Reward: 110.087 Cost: 1.000
arrive destination: False ,out of road:True   Total T: 26926 Episode Num: 147 Episode T: 106 Reward: 106.880 Cost: 1.000
arrive destination: False ,out of road:True   Total T: 27028 Episode Num: 148 Episode T: 102 Reward: 100.098 Cost: 1.000
arrive destination: True ,out of road:False   Total T: 27667 Episode Num: 149 Episode T: 639 Reward: 412.108 Cost: 15.000
arrive destination: False ,out of road:True   Total T: 27815 Episode Num: 150 Episode T: 148 Reward: 153.993 Cost: 1.000
arrive destination: False ,out of road:True   Total T: 27913 Episode Num: 151 Episode T: 98 Reward: 86.814 Cost: 1.000
arrive destination: False ,out of road:True   Total T: 28242 Episode Num: 152 Episode T: 329 Reward: 357.310 Cost: 28.000
arrive destination: False ,out of road:True   Total T: 28347 Episode Num: 153 Episode T: 105 Reward: 101.965 Cost: 1.000
arrive destination: False ,out of road:True   Total T: 28520 Episode Num: 154 Episode T: 173 Reward: 201.939 Cost: 16.000
arrive destination: False ,out of road:True   Total T: 28622 Episode Num: 155 Episode T: 102 Reward: 92.027 Cost: 1.000
arrive destination: True ,out of road:False   Total T: 28844 Episode Num: 156 Episode T: 222 Reward: 233.560 Cost: 28.000
arrive destination: False ,out of road:True   Total T: 29018 Episode Num: 157 Episode T: 174 Reward: 206.096 Cost: 7.000
arrive destination: False ,out of road:True   Total T: 29141 Episode Num: 158 Episode T: 123 Reward: 133.682 Cost: 1.000
arrive destination: False ,out of road:True   Total T: 29264 Episode Num: 159 Episode T: 123 Reward: 132.962 Cost: 1.000
arrive destination: False ,out of road:True   Total T: 29401 Episode Num: 160 Episode T: 137 Reward: 172.745 Cost: 4.000
arrive destination: True ,out of road:False   Total T: 29579 Episode Num: 161 Episode T: 178 Reward: 233.101 Cost: 18.000
arrive destination: False ,out of road:True   Total T: 29695 Episode Num: 162 Episode T: 116 Reward: 127.978 Cost: 3.000
arrive destination: False ,out of road:True   Total T: 29812 Episode Num: 163 Episode T: 117 Reward: 139.275 Cost: 3.000
arrive destination: False ,out of road:True   Total T: 29954 Episode Num: 164 Episode T: 142 Reward: 177.195 Cost: 10.000
---------------------------------------
Evaluation over 20 episodes: 0.300 Cost 14.400.             SafeRL used : use_lag
---------------------------------------
[34;1m
Time: 2026-06-29 21:51:29, Time spent from previous logger: 139.438 s[0m
[34;1mCustomLogger with fileds: ['total_steps', 'EpRet', 'EpCost', 'CostRate'][0m
[34;1mfieldvalues: [30000, 0.3, 14.4, 0.03966798893296443]
[0m
arrive destination: False ,out of road:True   Total T: 30196 Episode Num: 165 Episode T: 242 Reward: 257.007 Cost: 1.000
arrive destination: True ,out of road:False   Total T: 30575 Episode Num: 166 Episode T: 379 Reward: 400.679 Cost: 32.000
arrive destination: False ,out of road:True   Total T: 30757 Episode Num: 167 Episode T: 182 Reward: 231.630 Cost: 1.000
arrive destination: True ,out of road:False   Total T: 30946 Episode Num: 168 Episode T: 189 Reward: 243.914 Cost: 19.000
arrive destination: False ,out of road:True   Total T: 31095 Episode Num: 169 Episode T: 149 Reward: 158.335 Cost: 10.000
arrive destination: False ,out of road:True   Total T: 31294 Episode Num: 170 Episode T: 199 Reward: 213.237 Cost: 10.000
arrive destination: False ,out of road:True   Total T: 31432 Episode Num: 171 Episode T: 138 Reward: 172.649 Cost: 4.000
arrive destination: False ,out of road:True   Total T: 31559 Episode Num: 172 Episode T: 127 Reward: 133.164 Cost: 1.000
arrive destination: True ,out of road:False   Total T: 32006 Episode Num: 173 Episode T: 447 Reward: 375.862 Cost: 63.000
arrive destination: False ,out of road:True   Total T: 32126 Episode Num: 174 Episode T: 120 Reward: 141.928 Cost: 5.000
arrive destination: True ,out of road:False   Total T: 32330 Episode Num: 175 Episode T: 204 Reward: 234.092 Cost: 12.000
arrive destination: True ,out of road:False   Total T: 32586 Episode Num: 176 Episode T: 256 Reward: 286.292 Cost: 6.000
arrive destination: False ,out of road:True   Total T: 32705 Episode Num: 177 Episode T: 119 Reward: 125.603 Cost: 1.000
arrive destination: False ,out of road:True   Total T: 32840 Episode Num: 178 Episode T: 135 Reward: 171.682 Cost: 4.000
arrive destination: False ,out of road:True   Total T: 32950 Episode Num: 179 Episode T: 110 Reward: 108.370 Cost: 1.000
arrive destination: True ,out of road:False   Total T: 33243 Episode Num: 180 Episode T: 293 Reward: 269.372 Cost: 12.000
arrive destination: False ,out of road:True   Total T: 33378 Episode Num: 181 Episode T: 135 Reward: 172.327 Cost: 1.000
arrive destination: True ,out of road:False   Total T: 33702 Episode Num: 182 Episode T: 324 Reward: 399.679 Cost: 12.000
arrive destination: False ,out of road:True   Total T: 33823 Episode Num: 183 Episode T: 121 Reward: 124.826 Cost: 2.000
arrive destination: True ,out of road:False   Total T: 34041 Episode Num: 184 Episode T: 218 Reward: 295.775 Cost: 17.000
arrive destination: True ,out of road:False   Total T: 34310 Episode Num: 185 Episode T: 269 Reward: 269.786 Cost: 8.000
arrive destination: True ,out of road:False   Total T: 34568 Episode Num: 186 Episode T: 258 Reward: 287.968 Cost: 7.000
arrive destination: False ,out of road:True   Total T: 34714 Episode Num: 187 Episode T: 146 Reward: 143.883 Cost: 7.000
arrive destination: True ,out of road:False   Total T: 34921 Episode Num: 188 Episode T: 207 Reward: 234.694 Cost: 9.000
arrive destination: False ,out of road:True   Total T: 35036 Episode Num: 189 Episode T: 115 Reward: 127.078 Cost: 1.000
arrive destination: True ,out of road:False   Total T: 35543 Episode Num: 190 Episode T: 507 Reward: 469.625 Cost: 7.000
arrive destination: False ,out of road:True   Total T: 35710 Episode Num: 191 Episode T: 167 Reward: 173.277 Cost: 4.000
arrive destination: False ,out of road:True   Total T: 35822 Episode Num: 192 Episode T: 112 Reward: 101.662 Cost: 1.000
arrive destination: False ,out of road:True   Total T: 35954 Episode Num: 193 Episode T: 132 Reward: 163.739 Cost: 3.000
arrive destination: False ,out of road:True   Total T: 36155 Episode Num: 194 Episode T: 201 Reward: 232.778 Cost: 1.000
arrive destination: True ,out of road:False   Total T: 36334 Episode Num: 195 Episode T: 179 Reward: 234.222 Cost: 6.000
arrive destination: False ,out of road:True   Total T: 36765 Episode Num: 196 Episode T: 431 Reward: 229.821 Cost: 14.000
arrive destination: False ,out of road:True   Total T: 36890 Episode Num: 197 Episode T: 125 Reward: 132.978 Cost: 1.000
arrive destination: False ,out of road:True   Total T: 37000 Episode Num: 198 Episode T: 110 Reward: 98.493 Cost: 1.000
arrive destination: False ,out of road:True   Total T: 37190 Episode Num: 199 Episode T: 190 Reward: 179.015 Cost: 3.000
arrive destination: False ,out of road:True   Total T: 37304 Episode Num: 200 Episode T: 114 Reward: 98.657 Cost: 1.000
arrive destination: False ,out of road:True   Total T: 37580 Episode Num: 201 Episode T: 276 Reward: 278.422 Cost: 19.000
arrive destination: True ,out of road:False   Total T: 37845 Episode Num: 202 Episode T: 265 Reward: 286.716 Cost: 6.000
arrive destination: False ,out of road:True   Total T: 37940 Episode Num: 203 Episode T: 95 Reward: 80.724 Cost: 2.000
arrive destination: True ,out of road:False   Total T: 38233 Episode Num: 204 Episode T: 293 Reward: 289.066 Cost: 4.000
arrive destination: True ,out of road:False   Total T: 38489 Episode Num: 205 Episode T: 256 Reward: 295.398 Cost: 4.000
arrive destination: False ,out of road:True   Total T: 38785 Episode Num: 206 Episode T: 296 Reward: 206.577 Cost: 26.000
arrive destination: False ,out of road:True   Total T: 39066 Episode Num: 207 Episode T: 281 Reward: 67.999 Cost: 21.000
arrive destination: True ,out of road:False   Total T: 39514 Episode Num: 208 Episode T: 448 Reward: 382.063 Cost: 6.000
arrive destination: False ,out of road:True   Total T: 39739 Episode Num: 209 Episode T: 225 Reward: 230.950 Cost: 5.000
arrive destination: False ,out of road:True   Total T: 39857 Episode Num: 210 Episode T: 118 Reward: 129.092 Cost: 3.000
---------------------------------------
Evaluation over 20 episodes: 0.250 Cost 6.350.             SafeRL used : use_lag
---------------------------------------
[34;1m
Time: 2026-06-29 21:53:33, Time spent from previous logger: 124.458 s[0m
[34;1mCustomLogger with fileds: ['total_steps', 'EpRet', 'EpCost', 'CostRate'][0m
[34;1mfieldvalues: [40000, 0.25, 6.35, 0.039575989399734994]
[0m
arrive destination: True ,out of road:False   Total T: 40207 Episode Num: 211 Episode T: 350 Reward: 411.164 Cost: 12.000
arrive destination: False ,out of road:True   Total T: 40346 Episode Num: 212 Episode T: 139 Reward: 137.322 Cost: 5.000
arrive destination: False ,out of road:False   Total T: 41346 Episode Num: 213 Episode T: 1000 Reward: 221.352 Cost: 9.000
arrive destination: True ,out of road:False   Total T: 41703 Episode Num: 214 Episode T: 357 Reward: 288.739 Cost: 5.000
arrive destination: False ,out of road:True   Total T: 41807 Episode Num: 215 Episode T: 104 Reward: 81.001 Cost: 3.000
arrive destination: False ,out of road:True   Total T: 41908 Episode Num: 216 Episode T: 101 Reward: 86.307 Cost: 1.000
arrive destination: False ,out of road:True   Total T: 42082 Episode Num: 217 Episode T: 174 Reward: 208.435 Cost: 17.000
arrive destination: True ,out of road:False   Total T: 42347 Episode Num: 218 Episode T: 265 Reward: 295.657 Cost: 3.000
arrive destination: False ,out of road:True   Total T: 42538 Episode Num: 219 Episode T: 191 Reward: 207.608 Cost: 4.000
arrive destination: False ,out of road:True   Total T: 42662 Episode Num: 220 Episode T: 124 Reward: 131.227 Cost: 1.000
arrive destination: False ,out of road:True   Total T: 42768 Episode Num: 221 Episode T: 106 Reward: 90.672 Cost: 3.000
arrive destination: False ,out of road:True   Total T: 43051 Episode Num: 222 Episode T: 283 Reward: 258.939 Cost: 4.000
arrive destination: False ,out of road:True   Total T: 43316 Episode Num: 223 Episode T: 265 Reward: 198.156 Cost: 1.000
arrive destination: False ,out of road:True   Total T: 43447 Episode Num: 224 Episode T: 131 Reward: 130.593 Cost: 1.000
arrive destination: False ,out of road:True   Total T: 43642 Episode Num: 225 Episode T: 195 Reward: 236.871 Cost: 5.000
arrive destination: False ,out of road:False   Total T: 44642 Episode Num: 226 Episode T: 1000 Reward: 216.678 Cost: 19.000
arrive destination: True ,out of road:False   Total T: 45015 Episode Num: 227 Episode T: 373 Reward: 399.466 Cost: 0.000
arrive destination: False ,out of road:True   Total T: 45141 Episode Num: 228 Episode T: 126 Reward: 133.122 Cost: 1.000
arrive destination: True ,out of road:False   Total T: 45414 Episode Num: 229 Episode T: 273 Reward: 235.286 Cost: 4.000
arrive destination: True ,out of road:False   Total T: 45592 Episode Num: 230 Episode T: 178 Reward: 269.567 Cost: 0.000
arrive destination: False ,out of road:True   Total T: 45912 Episode Num: 231 Episode T: 320 Reward: 282.797 Cost: 14.000
arrive destination: False ,out of road:True   Total T: 46012 Episode Num: 232 Episode T: 100 Reward: 77.041 Cost: 4.000
arrive destination: False ,out of road:True   Total T: 46110 Episode Num: 233 Episode T: 98 Reward: 80.702 Cost: 2.000
arrive destination: False ,out of road:True   Total T: 46267 Episode Num: 234 Episode T: 157 Reward: 200.633 Cost: 2.000
arrive destination: False ,out of road:True   Total T: 46463 Episode Num: 235 Episode T: 196 Reward: 197.952 Cost: 1.000
arrive destination: True ,out of road:False   Total T: 46706 Episode Num: 236 Episode T: 243 Reward: 277.190 Cost: 3.000
arrive destination: True ,out of road:False   Total T: 47093 Episode Num: 237 Episode T: 387 Reward: 380.905 Cost: 6.000
arrive destination: True ,out of road:False   Total T: 47281 Episode Num: 238 Episode T: 188 Reward: 269.680 Cost: 2.000
arrive destination: True ,out of road:False   Total T: 47777 Episode Num: 239 Episode T: 496 Reward: 368.079 Cost: 10.000
arrive destination: True ,out of road:False   Total T: 47967 Episode Num: 240 Episode T: 190 Reward: 269.385 Cost: 1.000
arrive destination: False ,out of road:True   Total T: 48319 Episode Num: 241 Episode T: 352 Reward: 134.018 Cost: 19.000
arrive destination: False ,out of road:True   Total T: 48528 Episode Num: 242 Episode T: 209 Reward: 207.009 Cost: 6.000
arrive destination: False ,out of road:True   Total T: 48631 Episode Num: 243 Episode T: 103 Reward: 84.121 Cost: 1.000
arrive destination: False ,out of road:True   Total T: 48732 Episode Num: 244 Episode T: 101 Reward: 88.891 Cost: 3.000
arrive destination: True ,out of road:False   Total T: 48921 Episode Num: 245 Episode T: 189 Reward: 270.038 Cost: 1.000
arrive destination: True ,out of road:False   Total T: 49216 Episode Num: 246 Episode T: 295 Reward: 269.662 Cost: 6.000
arrive destination: False ,out of road:True   Total T: 49423 Episode Num: 247 Episode T: 207 Reward: 174.055 Cost: 1.000
arrive destination: True ,out of road:False   Total T: 49633 Episode Num: 248 Episode T: 210 Reward: 234.522 Cost: 5.000
arrive destination: False ,out of road:True   Total T: 49732 Episode Num: 249 Episode T: 99 Reward: 72.213 Cost: 5.000
arrive destination: False ,out of road:True   Total T: 49861 Episode Num: 250 Episode T: 129 Reward: 131.591 Cost: 1.000
---------------------------------------
Evaluation over 20 episodes: 0.150 Cost 4.000.             SafeRL used : use_lag
---------------------------------------
[34;1m
Time: 2026-06-29 21:55:41, Time spent from previous logger: 128.313 s[0m
[34;1mCustomLogger with fileds: ['total_steps', 'EpRet', 'EpCost', 'CostRate'][0m
[34;1mfieldvalues: [50000, 0.15, 4.0, 0.03530070601412028]
[0m
arrive destination: True ,out of road:False   Total T: 50256 Episode Num: 251 Episode T: 395 Reward: 406.073 Cost: 4.000
arrive destination: False ,out of road:True   Total T: 50353 Episode Num: 252 Episode T: 97 Reward: 50.319 Cost: 4.000
arrive destination: True ,out of road:False   Total T: 50531 Episode Num: 253 Episode T: 178 Reward: 269.670 Cost: 0.000
arrive destination: True ,out of road:False   Total T: 50785 Episode Num: 254 Episode T: 254 Reward: 335.517 Cost: 8.000
arrive destination: False ,out of road:True   Total T: 50995 Episode Num: 255 Episode T: 210 Reward: 233.716 Cost: 1.000
arrive destination: False ,out of road:False   Total T: 51995 Episode Num: 256 Episode T: 1000 Reward: 204.729 Cost: 3.000
arrive destination: False ,out of road:False   Total T: 52995 Episode Num: 257 Episode T: 1000 Reward: 82.576 Cost: 0.000
arrive destination: False ,out of road:True   Total T: 53104 Episode Num: 258 Episode T: 109 Reward: 94.520 Cost: 1.000
arrive destination: False ,out of road:True   Total T: 53233 Episode Num: 259 Episode T: 129 Reward: 125.803 Cost: 3.000
arrive destination: False ,out of road:False   Total T: 54233 Episode Num: 260 Episode T: 1000 Reward: 201.271 Cost: 0.000
arrive destination: True ,out of road:False   Total T: 54504 Episode Num: 261 Episode T: 271 Reward: 296.126 Cost: 3.000
arrive destination: False ,out of road:False   Total T: 55504 Episode Num: 262 Episode T: 1000 Reward: 197.373 Cost: 9.000
arrive destination: True ,out of road:False   Total T: 55830 Episode Num: 263 Episode T: 326 Reward: 267.034 Cost: 6.000
arrive destination: True ,out of road:False   Total T: 56095 Episode Num: 264 Episode T: 265 Reward: 295.619 Cost: 2.000
arrive destination: False ,out of road:False   Total T: 57095 Episode Num: 265 Episode T: 1000 Reward: 225.109 Cost: 6.000
arrive destination: False ,out of road:False   Total T: 58095 Episode Num: 266 Episode T: 1000 Reward: 271.597 Cost: 5.000
arrive destination: False ,out of road:True   Total T: 58442 Episode Num: 267 Episode T: 347 Reward: 183.600 Cost: 2.000
arrive destination: False ,out of road:False   Total T: 59442 Episode Num: 268 Episode T: 1000 Reward: 320.064 Cost: 12.000
---------------------------------------
Evaluation over 20 episodes: 0.450 Cost 7.150.             SafeRL used : use_lag
---------------------------------------
[34;1m
Time: 2026-06-29 21:57:47, Time spent from previous logger: 125.702 s[0m
[34;1mCustomLogger with fileds: ['total_steps', 'EpRet', 'EpCost', 'CostRate'][0m
[34;1mfieldvalues: [60000, 0.45, 7.15, 0.030600510008500142]
[0m
arrive destination: False ,out of road:True   Total T: 60274 Episode Num: 269 Episode T: 832 Reward: 449.649 Cost: 13.000
arrive destination: False ,out of road:True   Total T: 60383 Episode Num: 270 Episode T: 109 Reward: 77.021 Cost: 5.000
arrive destination: False ,out of road:True   Total T: 60533 Episode Num: 271 Episode T: 150 Reward: 164.380 Cost: 4.000
arrive destination: False ,out of road:True   Total T: 60634 Episode Num: 272 Episode T: 101 Reward: 79.715 Cost: 1.000
arrive destination: True ,out of road:False   Total T: 60896 Episode Num: 273 Episode T: 262 Reward: 294.591 Cost: 3.000
arrive destination: False ,out of road:False   Total T: 61896 Episode Num: 274 Episode T: 1000 Reward: 212.955 Cost: 4.000
arrive destination: True ,out of road:False   Total T: 62379 Episode Num: 275 Episode T: 483 Reward: 377.282 Cost: 4.000
arrive destination: False ,out of road:True   Total T: 63184 Episode Num: 276 Episode T: 805 Reward: 121.113 Cost: 9.000
arrive destination: True ,out of road:False   Total T: 63509 Episode Num: 277 Episode T: 325 Reward: 269.080 Cost: 0.000
arrive destination: False ,out of road:True   Total T: 63610 Episode Num: 278 Episode T: 101 Reward: 81.260 Cost: 2.000
arrive destination: True ,out of road:False   Total T: 63874 Episode Num: 279 Episode T: 264 Reward: 296.081 Cost: 4.000
arrive destination: False ,out of road:True   Total T: 64008 Episode Num: 280 Episode T: 134 Reward: 127.260 Cost: 14.000
arrive destination: True ,out of road:False   Total T: 64185 Episode Num: 281 Episode T: 177 Reward: 268.380 Cost: 0.000
arrive destination: True ,out of road:False   Total T: 64449 Episode Num: 282 Episode T: 264 Reward: 295.007 Cost: 5.000
arrive destination: True ,out of road:False   Total T: 64847 Episode Num: 283 Episode T: 398 Reward: 266.982 Cost: 6.000
arrive destination: False ,out of road:False   Total T: 65847 Episode Num: 284 Episode T: 1000 Reward: 223.490 Cost: 4.000
arrive destination: True ,out of road:False   Total T: 66307 Episode Num: 285 Episode T: 460 Reward: 377.035 Cost: 20.000
arrive destination: False ,out of road:True   Total T: 66529 Episode Num: 286 Episode T: 222 Reward: 197.832 Cost: 1.000
arrive destination: True ,out of road:False   Total T: 67102 Episode Num: 287 Episode T: 573 Reward: 269.884 Cost: 25.000
arrive destination: True ,out of road:False   Total T: 67369 Episode Num: 288 Episode T: 267 Reward: 295.016 Cost: 10.000
arrive destination: False ,out of road:False   Total T: 68369 Episode Num: 289 Episode T: 1000 Reward: 119.489 Cost: 40.000
arrive destination: True ,out of road:False   Total T: 69110 Episode Num: 290 Episode T: 741 Reward: 397.394 Cost: 0.000
---------------------------------------
Evaluation over 20 episodes: 0.050 Cost 11.450.             SafeRL used : use_lag
---------------------------------------
[34;1m
Time: 2026-06-29 22:00:23, Time spent from previous logger: 156.129 s[0m
[34;1mCustomLogger with fileds: ['total_steps', 'EpRet', 'EpCost', 'CostRate'][0m
[34;1mfieldvalues: [70000, 0.05, 11.45, 0.02877183959770854]
[0m
arrive destination: False ,out of road:False   Total T: 70110 Episode Num: 291 Episode T: 1000 Reward: 220.496 Cost: 6.000
arrive destination: False ,out of road:True   Total T: 70848 Episode Num: 292 Episode T: 738 Reward: 210.698 Cost: 18.000
arrive destination: False ,out of road:True   Total T: 71501 Episode Num: 293 Episode T: 653 Reward: 70.943 Cost: 8.000
arrive destination: False ,out of road:True   Total T: 71672 Episode Num: 294 Episode T: 171 Reward: 144.190 Cost: 5.000
arrive destination: True ,out of road:False   Total T: 72446 Episode Num: 295 Episode T: 774 Reward: 474.116 Cost: 13.000
arrive destination: True ,out of road:False   Total T: 72932 Episode Num: 296 Episode T: 486 Reward: 376.683 Cost: 16.000
arrive destination: False ,out of road:True   Total T: 73139 Episode Num: 297 Episode T: 207 Reward: 179.246 Cost: 7.000
arrive destination: False ,out of road:False   Total T: 74139 Episode Num: 298 Episode T: 1000 Reward: 477.354 Cost: 15.000
arrive destination: True ,out of road:False   Total T: 74354 Episode Num: 299 Episode T: 215 Reward: 278.314 Cost: 8.000
arrive destination: True ,out of road:False   Total T: 74612 Episode Num: 300 Episode T: 258 Reward: 295.498 Cost: 7.000
arrive destination: False ,out of road:True   Total T: 74732 Episode Num: 301 Episode T: 120 Reward: 118.593 Cost: 3.000
arrive destination: True ,out of road:False   Total T: 75103 Episode Num: 302 Episode T: 371 Reward: 291.386 Cost: 1.000
arrive destination: False ,out of road:True   Total T: 75209 Episode Num: 303 Episode T: 106 Reward: 77.114 Cost: 5.000
arrive destination: False ,out of road:True   Total T: 75333 Episode Num: 304 Episode T: 124 Reward: 135.333 Cost: 1.000
arrive destination: True ,out of road:False   Total T: 75899 Episode Num: 305 Episode T: 566 Reward: 470.831 Cost: 13.000
arrive destination: False ,out of road:False   Total T: 76899 Episode Num: 306 Episode T: 1000 Reward: 77.389 Cost: 15.000
arrive destination: False ,out of road:True   Total T: 77178 Episode Num: 307 Episode T: 279 Reward: 226.193 Cost: 5.000
arrive destination: False ,out of road:True   Total T: 77273 Episode Num: 308 Episode T: 95 Reward: 71.085 Cost: 1.000
arrive destination: True ,out of road:False   Total T: 77598 Episode Num: 309 Episode T: 325 Reward: 299.517 Cost: 8.000
arrive destination: True ,out of road:False   Total T: 77781 Episode Num: 310 Episode T: 183 Reward: 269.069 Cost: 1.000
arrive destination: True ,out of road:False   Total T: 78327 Episode Num: 311 Episode T: 546 Reward: 471.168 Cost: 7.000
arrive destination: False ,out of road:True   Total T: 78461 Episode Num: 312 Episode T: 134 Reward: 112.797 Cost: 1.000
arrive destination: True ,out of road:False   Total T: 78850 Episode Num: 313 Episode T: 389 Reward: 377.654 Cost: 12.000
arrive destination: False ,out of road:True   Total T: 78973 Episode Num: 314 Episode T: 123 Reward: 118.501 Cost: 3.000
arrive destination: False ,out of road:True   Total T: 79110 Episode Num: 315 Episode T: 137 Reward: 119.436 Cost: 4.000
arrive destination: True ,out of road:False   Total T: 79970 Episode Num: 316 Episode T: 860 Reward: 470.406 Cost: 7.000
---------------------------------------
Evaluation over 20 episodes: 0.550 Cost 9.500.             SafeRL used : use_lag
---------------------------------------
[34;1m
Time: 2026-06-29 22:02:45, Time spent from previous logger: 142.187 s[0m
[34;1mCustomLogger with fileds: ['total_steps', 'EpRet', 'EpCost', 'CostRate'][0m
[34;1mfieldvalues: [80000, 0.55, 9.5, 0.02747534344179302]
[0m
arrive destination: False ,out of road:True   Total T: 80106 Episode Num: 317 Episode T: 136 Reward: 97.552 Cost: 4.000
arrive destination: True ,out of road:False   Total T: 80397 Episode Num: 318 Episode T: 291 Reward: 267.698 Cost: 1.000
arrive destination: False ,out of road:True   Total T: 80608 Episode Num: 319 Episode T: 211 Reward: 139.540 Cost: 9.000
arrive destination: False ,out of road:True   Total T: 80712 Episode Num: 320 Episode T: 104 Reward: 77.062 Cost: 6.000
arrive destination: False ,out of road:True   Total T: 80944 Episode Num: 321 Episode T: 232 Reward: 176.830 Cost: 4.000
arrive destination: False ,out of road:True   Total T: 81364 Episode Num: 322 Episode T: 420 Reward: 350.219 Cost: 9.000
arrive destination: False ,out of road:False   Total T: 82364 Episode Num: 323 Episode T: 1000 Reward: 290.417 Cost: 32.000
arrive destination: False ,out of road:True   Total T: 82722 Episode Num: 324 Episode T: 358 Reward: 353.984 Cost: 1.000
arrive destination: False ,out of road:False   Total T: 83722 Episode Num: 325 Episode T: 1000 Reward: 291.169 Cost: 6.000
arrive destination: False ,out of road:True   Total T: 83831 Episode Num: 326 Episode T: 109 Reward: 110.541 Cost: 2.000
arrive destination: True ,out of road:False   Total T: 84157 Episode Num: 327 Episode T: 326 Reward: 268.840 Cost: 4.000
arrive destination: False ,out of road:False   Total T: 85157 Episode Num: 328 Episode T: 1000 Reward: 255.862 Cost: 4.000
arrive destination: True ,out of road:False   Total T: 85334 Episode Num: 329 Episode T: 177 Reward: 269.822 Cost: 4.000
arrive destination: False ,out of road:True   Total T: 85434 Episode Num: 330 Episode T: 100 Reward: 77.646 Cost: 6.000
arrive destination: False ,out of road:False   Total T: 86434 Episode Num: 331 Episode T: 1000 Reward: 283.539 Cost: 5.000
arrive destination: True ,out of road:False   Total T: 86882 Episode Num: 332 Episode T: 448 Reward: 383.453 Cost: 7.000
arrive destination: True ,out of road:False   Total T: 87060 Episode Num: 333 Episode T: 178 Reward: 268.235 Cost: 3.000
arrive destination: False ,out of road:True   Total T: 87201 Episode Num: 334 Episode T: 141 Reward: 174.354 Cost: 5.000
arrive destination: False ,out of road:True   Total T: 87421 Episode Num: 335 Episode T: 220 Reward: 234.251 Cost: 4.000
arrive destination: True ,out of road:False   Total T: 87749 Episode Num: 336 Episode T: 328 Reward: 268.507 Cost: 3.000
arrive destination: True ,out of road:False   Total T: 88032 Episode Num: 337 Episode T: 283 Reward: 290.828 Cost: 3.000
arrive destination: True ,out of road:False   Total T: 88352 Episode Num: 338 Episode T: 320 Reward: 302.225 Cost: 5.000
arrive destination: False ,out of road:False   Total T: 89352 Episode Num: 339 Episode T: 1000 Reward: 213.800 Cost: 13.000
arrive destination: True ,out of road:False   Total T: 89670 Episode Num: 340 Episode T: 318 Reward: 234.482 Cost: 19.000
---------------------------------------
Evaluation over 20 episodes: 0.750 Cost 8.650.             SafeRL used : use_lag
---------------------------------------
[34;1m
Time: 2026-06-29 22:05:03, Time spent from previous logger: 137.152 s[0m
[34;1mCustomLogger with fileds: ['total_steps', 'EpRet', 'EpCost', 'CostRate'][0m
[34;1mfieldvalues: [90000, 0.75, 8.65, 0.02636695963288481]
[0m
arrive destination: False ,out of road:False   Total T: 90670 Episode Num: 341 Episode T: 1000 Reward: 533.718 Cost: 35.000
arrive destination: True ,out of road:False   Total T: 90954 Episode Num: 342 Episode T: 284 Reward: 269.737 Cost: 7.000
arrive destination: True ,out of road:False   Total T: 91429 Episode Num: 343 Episode T: 475 Reward: 380.005 Cost: 23.000
arrive destination: True ,out of road:False   Total T: 91736 Episode Num: 344 Episode T: 307 Reward: 269.749 Cost: 6.000
arrive destination: False ,out of road:True   Total T: 91882 Episode Num: 345 Episode T: 146 Reward: 156.837 Cost: 1.000
arrive destination: True ,out of road:True   Total T: 92326 Episode Num: 346 Episode T: 444 Reward: 459.473 Cost: 24.000
arrive destination: True ,out of road:False   Total T: 92745 Episode Num: 347 Episode T: 419 Reward: 380.175 Cost: 7.000
arrive destination: False ,out of road:True   Total T: 92894 Episode Num: 348 Episode T: 149 Reward: 177.201 Cost: 9.000
arrive destination: True ,out of road:False   Total T: 93179 Episode Num: 349 Episode T: 285 Reward: 290.566 Cost: 18.000
arrive destination: False ,out of road:True   Total T: 93365 Episode Num: 350 Episode T: 186 Reward: 169.914 Cost: 2.000
arrive destination: True ,out of road:False   Total T: 93692 Episode Num: 351 Episode T: 327 Reward: 275.039 Cost: 2.000
arrive destination: False ,out of road:True   Total T: 93787 Episode Num: 352 Episode T: 95 Reward: 77.400 Cost: 4.000
arrive destination: False ,out of road:True   Total T: 93927 Episode Num: 353 Episode T: 140 Reward: 165.879 Cost: 4.000
arrive destination: True ,out of road:False   Total T: 94587 Episode Num: 354 Episode T: 660 Reward: 299.335 Cost: 29.000
arrive destination: True ,out of road:False   Total T: 94945 Episode Num: 355 Episode T: 358 Reward: 381.949 Cost: 20.000
arrive destination: True ,out of road:False   Total T: 95381 Episode Num: 356 Episode T: 436 Reward: 383.990 Cost: 21.000
arrive destination: True ,out of road:False   Total T: 95670 Episode Num: 357 Episode T: 289 Reward: 269.637 Cost: 14.000
arrive destination: True ,out of road:False   Total T: 95848 Episode Num: 358 Episode T: 178 Reward: 269.743 Cost: 2.000
arrive destination: True ,out of road:False   Total T: 96173 Episode Num: 359 Episode T: 325 Reward: 303.332 Cost: 9.000
arrive destination: True ,out of road:False   Total T: 96351 Episode Num: 360 Episode T: 178 Reward: 268.849 Cost: 3.000
arrive destination: False ,out of road:True   Total T: 96494 Episode Num: 361 Episode T: 143 Reward: 110.898 Cost: 1.000
arrive destination: True ,out of road:False   Total T: 96749 Episode Num: 362 Episode T: 255 Reward: 295.679 Cost: 15.000
arrive destination: False ,out of road:True   Total T: 96880 Episode Num: 363 Episode T: 131 Reward: 121.217 Cost: 4.000
arrive destination: True ,out of road:False   Total T: 97165 Episode Num: 364 Episode T: 285 Reward: 289.261 Cost: 22.000
arrive destination: False ,out of road:True   Total T: 97624 Episode Num: 365 Episode T: 459 Reward: 383.982 Cost: 21.000
arrive destination: True ,out of road:False   Total T: 97805 Episode Num: 366 Episode T: 181 Reward: 269.463 Cost: 7.000
arrive destination: False ,out of road:True   Total T: 97947 Episode Num: 367 Episode T: 142 Reward: 174.700 Cost: 1.000
arrive destination: False ,out of road:True   Total T: 98073 Episode Num: 368 Episode T: 126 Reward: 130.708 Cost: 1.000
arrive destination: False ,out of road:True   Total T: 98211 Episode Num: 369 Episode T: 138 Reward: 124.440 Cost: 3.000
arrive destination: True ,out of road:False   Total T: 98475 Episode Num: 370 Episode T: 264 Reward: 294.715 Cost: 10.000
arrive destination: False ,out of road:True   Total T: 98620 Episode Num: 371 Episode T: 145 Reward: 155.396 Cost: 1.000
arrive destination: False ,out of road:True   Total T: 98946 Episode Num: 372 Episode T: 326 Reward: 288.923 Cost: 7.000
arrive destination: True ,out of road:False   Total T: 99204 Episode Num: 373 Episode T: 258 Reward: 278.540 Cost: 2.000
arrive destination: False ,out of road:True   Total T: 99379 Episode Num: 374 Episode T: 175 Reward: 141.755 Cost: 7.000
arrive destination: False ,out of road:True   Total T: 99545 Episode Num: 375 Episode T: 166 Reward: 148.993 Cost: 3.000
arrive destination: True ,out of road:False   Total T: 99897 Episode Num: 376 Episode T: 352 Reward: 305.077 Cost: 1.000
---------------------------------------
Evaluation over 20 episodes: 0.300 Cost 11.650.             SafeRL used : use_lag
---------------------------------------
[34;1m
Time: 2026-06-29 22:07:27, Time spent from previous logger: 144.077 s[0m
[34;1mCustomLogger with fileds: ['total_steps', 'EpRet', 'EpCost', 'CostRate'][0m
[34;1mfieldvalues: [100000, 0.3, 11.65, 0.027030270302703028]
[0m
arrive destination: True ,out of road:False   Total T: 100277 Episode Num: 377 Episode T: 380 Reward: 403.836 Cost: 22.000
arrive destination: False ,out of road:True   Total T: 100428 Episode Num: 378 Episode T: 151 Reward: 158.504 Cost: 10.000
arrive destination: False ,out of road:True   Total T: 100552 Episode Num: 379 Episode T: 124 Reward: 120.000 Cost: 3.000
arrive destination: False ,out of road:True   Total T: 100694 Episode Num: 380 Episode T: 142 Reward: 174.834 Cost: 3.000
arrive destination: False ,out of road:True   Total T: 101027 Episode Num: 381 Episode T: 333 Reward: 296.209 Cost: 2.000
arrive destination: False ,out of road:True   Total T: 101396 Episode Num: 382 Episode T: 369 Reward: 300.141 Cost: 16.000
arrive destination: False ,out of road:False   Total T: 102396 Episode Num: 383 Episode T: 1000 Reward: 256.072 Cost: 17.000
arrive destination: False ,out of road:True   Total T: 102495 Episode Num: 384 Episode T: 99 Reward: 76.988 Cost: 6.000
arrive destination: True ,out of road:False   Total T: 102814 Episode Num: 385 Episode T: 319 Reward: 288.623 Cost: 14.000
arrive destination: True ,out of road:False   Total T: 103191 Episode Num: 386 Episode T: 377 Reward: 304.401 Cost: 0.000
arrive destination: False ,out of road:True   Total T: 103291 Episode Num: 387 Episode T: 100 Reward: 77.210 Cost: 5.000
arrive destination: True ,out of road:False   Total T: 103504 Episode Num: 388 Episode T: 213 Reward: 235.661 Cost: 4.000
arrive destination: True ,out of road:False   Total T: 103924 Episode Num: 389 Episode T: 420 Reward: 387.333 Cost: 10.000
arrive destination: True ,out of road:False   Total T: 104101 Episode Num: 390 Episode T: 177 Reward: 269.940 Cost: 3.000
arrive destination: True ,out of road:False   Total T: 104549 Episode Num: 391 Episode T: 448 Reward: 396.176 Cost: 0.000
arrive destination: False ,out of road:True   Total T: 105053 Episode Num: 392 Episode T: 504 Reward: 368.922 Cost: 15.000
arrive destination: True ,out of road:False   Total T: 105247 Episode Num: 393 Episode T: 194 Reward: 235.891 Cost: 10.000
arrive destination: False ,out of road:False   Total T: 106247 Episode Num: 394 Episode T: 1000 Reward: 182.158 Cost: 17.000
arrive destination: True ,out of road:False   Total T: 106773 Episode Num: 395 Episode T: 526 Reward: 379.841 Cost: 4.000
arrive destination: True ,out of road:False   Total T: 107252 Episode Num: 396 Episode T: 479 Reward: 421.398 Cost: 37.000
arrive destination: True ,out of road:False   Total T: 107438 Episode Num: 397 Episode T: 186 Reward: 269.913 Cost: 6.000
arrive destination: False ,out of road:True   Total T: 107590 Episode Num: 398 Episode T: 152 Reward: 181.675 Cost: 3.000
arrive destination: False ,out of road:True   Total T: 108019 Episode Num: 399 Episode T: 429 Reward: 392.288 Cost: 29.000
arrive destination: True ,out of road:False   Total T: 108403 Episode Num: 400 Episode T: 384 Reward: 396.251 Cost: 0.000
arrive destination: False ,out of road:True   Total T: 108532 Episode Num: 401 Episode T: 129 Reward: 132.757 Cost: 13.000
arrive destination: False ,out of road:True   Total T: 108824 Episode Num: 402 Episode T: 292 Reward: 212.560 Cost: 2.000
arrive destination: False ,out of road:True   Total T: 108969 Episode Num: 403 Episode T: 145 Reward: 158.148 Cost: 1.000
arrive destination: True ,out of road:False   Total T: 109192 Episode Num: 404 Episode T: 223 Reward: 236.280 Cost: 9.000
arrive destination: True ,out of road:False   Total T: 109480 Episode Num: 405 Episode T: 288 Reward: 301.130 Cost: 16.000
---------------------------------------
Evaluation over 20 episodes: 0.200 Cost 7.050.             SafeRL used : use_lag
---------------------------------------
[34;1m
Time: 2026-06-29 22:10:01, Time spent from previous logger: 153.922 s[0m
[34;1mCustomLogger with fileds: ['total_steps', 'EpRet', 'EpCost', 'CostRate'][0m
[34;1mfieldvalues: [110000, 0.2, 7.05, 0.027282066200601824]
[0m
arrive destination: False ,out of road:False   Total T: 110480 Episode Num: 406 Episode T: 1000 Reward: 736.271 Cost: 29.000
arrive destination: True ,out of road:False   Total T: 110807 Episode Num: 407 Episode T: 327 Reward: 304.222 Cost: 6.000
arrive destination: True ,out of road:False   Total T: 111064 Episode Num: 408 Episode T: 257 Reward: 302.814 Cost: 11.000
arrive destination: True ,out of road:False   Total T: 111464 Episode Num: 409 Episode T: 400 Reward: 396.069 Cost: 0.000
arrive destination: False ,out of road:True   Total T: 111608 Episode Num: 410 Episode T: 144 Reward: 176.839 Cost: 4.000
arrive destination: True ,out of road:False   Total T: 111793 Episode Num: 411 Episode T: 185 Reward: 270.228 Cost: 2.000
arrive destination: True ,out of road:False   Total T: 112520 Episode Num: 412 Episode T: 727 Reward: 335.872 Cost: 26.000
arrive destination: True ,out of road:False   Total T: 112983 Episode Num: 413 Episode T: 463 Reward: 469.527 Cost: 18.000
arrive destination: False ,out of road:True   Total T: 113138 Episode Num: 414 Episode T: 155 Reward: 156.423 Cost: 12.000
arrive destination: False ,out of road:True   Total T: 113282 Episode Num: 415 Episode T: 144 Reward: 155.363 Cost: 1.000
arrive destination: False ,out of road:True   Total T: 113423 Episode Num: 416 Episode T: 141 Reward: 138.660 Cost: 5.000
arrive destination: True ,out of road:False   Total T: 113937 Episode Num: 417 Episode T: 514 Reward: 384.405 Cost: 36.000
arrive destination: True ,out of road:False   Total T: 114208 Episode Num: 418 Episode T: 271 Reward: 234.734 Cost: 1.000
arrive destination: False ,out of road:True   Total T: 114309 Episode Num: 419 Episode T: 101 Reward: 77.470 Cost: 5.000
arrive destination: True ,out of road:False   Total T: 114589 Episode Num: 420 Episode T: 280 Reward: 300.635 Cost: 8.000
arrive destination: True ,out of road:False   Total T: 114822 Episode Num: 421 Episode T: 233 Reward: 295.676 Cost: 12.000
arrive destination: True ,out of road:False   Total T: 115184 Episode Num: 422 Episode T: 362 Reward: 372.999 Cost: 24.000
arrive destination: False ,out of road:True   Total T: 115323 Episode Num: 423 Episode T: 139 Reward: 148.032 Cost: 3.000
arrive destination: True ,out of road:False   Total T: 115707 Episode Num: 424 Episode T: 384 Reward: 391.737 Cost: 0.000
arrive destination: True ,out of road:False   Total T: 115931 Episode Num: 425 Episode T: 224 Reward: 235.179 Cost: 5.000
arrive destination: True ,out of road:False   Total T: 116462 Episode Num: 426 Episode T: 531 Reward: 466.783 Cost: 6.000
arrive destination: False ,out of road:False   Total T: 117462 Episode Num: 427 Episode T: 1000 Reward: 120.267 Cost: 4.000
arrive destination: False ,out of road:True   Total T: 117725 Episode Num: 428 Episode T: 263 Reward: 235.253 Cost: 2.000
arrive destination: True ,out of road:False   Total T: 117983 Episode Num: 429 Episode T: 258 Reward: 233.691 Cost: 3.000
arrive destination: False ,out of road:True   Total T: 118294 Episode Num: 430 Episode T: 311 Reward: 275.703 Cost: 17.000
arrive destination: True ,out of road:False   Total T: 118669 Episode Num: 431 Episode T: 375 Reward: 272.919 Cost: 7.000
arrive destination: True ,out of road:False   Total T: 119588 Episode Num: 432 Episode T: 919 Reward: 476.132 Cost: 4.000
arrive destination: False ,out of road:True   Total T: 119684 Episode Num: 433 Episode T: 96 Reward: 77.624 Cost: 4.000
---------------------------------------
Evaluation over 20 episodes: 0.550 Cost 6.700.             SafeRL used : use_lag
---------------------------------------
[34;1m
Time: 2026-06-29 22:12:25, Time spent from previous logger: 144.283 s[0m
[34;1mCustomLogger with fileds: ['total_steps', 'EpRet', 'EpCost', 'CostRate'][0m
[34;1mfieldvalues: [120000, 0.55, 6.7, 0.027075225626880223]
[0m
arrive destination: False ,out of road:True   Total T: 120258 Episode Num: 434 Episode T: 574 Reward: 496.751 Cost: 15.000
arrive destination: True ,out of road:False   Total T: 120605 Episode Num: 435 Episode T: 347 Reward: 262.773 Cost: 9.000
arrive destination: True ,out of road:False   Total T: 121081 Episode Num: 436 Episode T: 476 Reward: 335.602 Cost: 31.000
arrive destination: True ,out of road:False   Total T: 121344 Episode Num: 437 Episode T: 263 Reward: 295.686 Cost: 5.000
arrive destination: True ,out of road:False   Total T: 121701 Episode Num: 438 Episode T: 357 Reward: 267.438 Cost: 5.000
arrive destination: True ,out of road:False   Total T: 121974 Episode Num: 439 Episode T: 273 Reward: 295.586 Cost: 4.000
arrive destination: True ,out of road:False   Total T: 122763 Episode Num: 440 Episode T: 789 Reward: 419.466 Cost: 27.000
arrive destination: False ,out of road:True   Total T: 123144 Episode Num: 441 Episode T: 381 Reward: 293.479 Cost: 5.000
arrive destination: False ,out of road:True   Total T: 123275 Episode Num: 442 Episode T: 131 Reward: 134.369 Cost: 2.000
arrive destination: True ,out of road:False   Total T: 123756 Episode Num: 443 Episode T: 481 Reward: 371.223 Cost: 3.000
arrive destination: True ,out of road:False   Total T: 124071 Episode Num: 444 Episode T: 315 Reward: 264.880 Cost: 4.000
arrive destination: True ,out of road:False   Total T: 124309 Episode Num: 445 Episode T: 238 Reward: 295.345 Cost: 1.000
arrive destination: False ,out of road:True   Total T: 124522 Episode Num: 446 Episode T: 213 Reward: 233.709 Cost: 3.000
arrive destination: True ,out of road:False   Total T: 124857 Episode Num: 447 Episode T: 335 Reward: 301.244 Cost: 5.000
arrive destination: True ,out of road:False   Total T: 125440 Episode Num: 448 Episode T: 583 Reward: 417.616 Cost: 20.000
arrive destination: True ,out of road:False   Total T: 125616 Episode Num: 449 Episode T: 176 Reward: 269.795 Cost: 4.000
arrive destination: False ,out of road:False   Total T: 126616 Episode Num: 450 Episode T: 1000 Reward: 122.507 Cost: 4.000
arrive destination: False ,out of road:True   Total T: 126860 Episode Num: 451 Episode T: 244 Reward: 233.833 Cost: 5.000
arrive destination: True ,out of road:False   Total T: 127456 Episode Num: 452 Episode T: 596 Reward: 418.323 Cost: 30.000
arrive destination: True ,out of road:False   Total T: 127904 Episode Num: 453 Episode T: 448 Reward: 379.946 Cost: 12.000
arrive destination: False ,out of road:True   Total T: 128030 Episode Num: 454 Episode T: 126 Reward: 134.140 Cost: 1.000
arrive destination: True ,out of road:False   Total T: 128501 Episode Num: 455 Episode T: 471 Reward: 379.034 Cost: 1.000
arrive destination: False ,out of road:True   Total T: 128600 Episode Num: 456 Episode T: 99 Reward: 76.368 Cost: 6.000
arrive destination: True ,out of road:False   Total T: 129190 Episode Num: 457 Episode T: 590 Reward: 409.950 Cost: 10.000
arrive destination: False ,out of road:True   Total T: 129355 Episode Num: 458 Episode T: 165 Reward: 175.563 Cost: 1.000
---------------------------------------
Evaluation over 20 episodes: 0.400 Cost 4.300.             SafeRL used : use_lag
---------------------------------------
[34;1m
Time: 2026-06-29 22:14:57, Time spent from previous logger: 151.859 s[0m
[34;1mCustomLogger with fileds: ['total_steps', 'EpRet', 'EpCost', 'CostRate'][0m
[34;1mfieldvalues: [130000, 0.4, 4.3, 0.026561742782636788]
[0m
arrive destination: False ,out of road:False   Total T: 130355 Episode Num: 459 Episode T: 1000 Reward: 618.761 Cost: 11.000
arrive destination: False ,out of road:True   Total T: 130751 Episode Num: 460 Episode T: 396 Reward: 338.392 Cost: 18.000
arrive destination: True ,out of road:False   Total T: 131257 Episode Num: 461 Episode T: 506 Reward: 372.424 Cost: 2.000
arrive destination: True ,out of road:False   Total T: 131580 Episode Num: 462 Episode T: 323 Reward: 280.883 Cost: 2.000
arrive destination: True ,out of road:False   Total T: 131848 Episode Num: 463 Episode T: 268 Reward: 295.974 Cost: 6.000
arrive destination: True ,out of road:False   Total T: 132059 Episode Num: 464 Episode T: 211 Reward: 234.631 Cost: 0.000
arrive destination: True ,out of road:False   Total T: 132380 Episode Num: 465 Episode T: 321 Reward: 301.276 Cost: 2.000
arrive destination: True ,out of road:False   Total T: 132995 Episode Num: 466 Episode T: 615 Reward: 381.905 Cost: 3.000
arrive destination: True ,out of road:False   Total T: 133258 Episode Num: 467 Episode T: 263 Reward: 295.597 Cost: 2.000
arrive destination: False ,out of road:False   Total T: 134258 Episode Num: 468 Episode T: 1000 Reward: 246.011 Cost: 18.000
arrive destination: False ,out of road:True   Total T: 134566 Episode Num: 469 Episode T: 308 Reward: 233.442 Cost: 16.000
arrive destination: True ,out of road:False   Total T: 134836 Episode Num: 470 Episode T: 270 Reward: 271.110 Cost: 0.000
arrive destination: True ,out of road:False   Total T: 135650 Episode Num: 471 Episode T: 814 Reward: 233.615 Cost: 3.000
arrive destination: True ,out of road:False   Total T: 135922 Episode Num: 472 Episode T: 272 Reward: 270.641 Cost: 7.000
arrive destination: True ,out of road:False   Total T: 136106 Episode Num: 473 Episode T: 184 Reward: 270.187 Cost: 1.000
arrive destination: False ,out of road:True   Total T: 136314 Episode Num: 474 Episode T: 208 Reward: 176.880 Cost: 1.000
arrive destination: True ,out of road:False   Total T: 136612 Episode Num: 475 Episode T: 298 Reward: 269.667 Cost: 5.000
arrive destination: True ,out of road:False   Total T: 136886 Episode Num: 476 Episode T: 274 Reward: 295.670 Cost: 6.000
arrive destination: False ,out of road:True   Total T: 137037 Episode Num: 477 Episode T: 151 Reward: 158.303 Cost: 1.000
arrive destination: True ,out of road:False   Total T: 137519 Episode Num: 478 Episode T: 482 Reward: 380.774 Cost: 3.000
arrive destination: True ,out of road:False   Total T: 137791 Episode Num: 479 Episode T: 272 Reward: 289.168 Cost: 12.000
arrive destination: True ,out of road:False   Total T: 138164 Episode Num: 480 Episode T: 373 Reward: 397.065 Cost: 0.000
arrive destination: True ,out of road:False   Total T: 138463 Episode Num: 481 Episode T: 299 Reward: 294.643 Cost: 13.000
arrive destination: False ,out of road:False   Total T: 139463 Episode Num: 482 Episode T: 1000 Reward: 117.792 Cost: 4.000
arrive destination: True ,out of road:False   Total T: 139760 Episode Num: 483 Episode T: 297 Reward: 294.454 Cost: 20.000
---------------------------------------
Evaluation over 20 episodes: 0.500 Cost 8.400.             SafeRL used : use_lag
---------------------------------------
[34;1m
Time: 2026-06-29 22:17:25, Time spent from previous logger: 148.562 s[0m
[34;1mCustomLogger with fileds: ['total_steps', 'EpRet', 'EpCost', 'CostRate'][0m
[34;1mfieldvalues: [140000, 0.5, 8.4, 0.025800184287030622]
[0m
arrive destination: True ,out of road:False   Total T: 140321 Episode Num: 484 Episode T: 561 Reward: 517.266 Cost: 22.000
arrive destination: False ,out of road:False   Total T: 141321 Episode Num: 485 Episode T: 1000 Reward: 128.090 Cost: 3.000
arrive destination: False ,out of road:True   Total T: 141466 Episode Num: 486 Episode T: 145 Reward: 170.548 Cost: 3.000
arrive destination: True ,out of road:False   Total T: 141774 Episode Num: 487 Episode T: 308 Reward: 294.187 Cost: 13.000
arrive destination: True ,out of road:False   Total T: 142175 Episode Num: 488 Episode T: 401 Reward: 302.792 Cost: 3.000
arrive destination: False ,out of road:True   Total T: 142281 Episode Num: 489 Episode T: 106 Reward: 90.367 Cost: 3.000
arrive destination: True ,out of road:False   Total T: 142824 Episode Num: 490 Episode T: 543 Reward: 416.998 Cost: 19.000
arrive destination: True ,out of road:False   Total T: 143558 Episode Num: 491 Episode T: 734 Reward: 418.715 Cost: 18.000
arrive destination: True ,out of road:False   Total T: 144276 Episode Num: 492 Episode T: 718 Reward: 294.696 Cost: 9.000
arrive destination: False ,out of road:True   Total T: 144429 Episode Num: 493 Episode T: 153 Reward: 158.782 Cost: 1.000
arrive destination: True ,out of road:False   Total T: 144874 Episode Num: 494 Episode T: 445 Reward: 369.433 Cost: 2.000
arrive destination: False ,out of road:True   Total T: 145039 Episode Num: 495 Episode T: 165 Reward: 176.429 Cost: 7.000
arrive destination: True ,out of road:False   Total T: 145407 Episode Num: 496 Episode T: 368 Reward: 395.303 Cost: 0.000
arrive destination: True ,out of road:False   Total T: 145717 Episode Num: 497 Episode T: 310 Reward: 303.715 Cost: 1.000
arrive destination: True ,out of road:False   Total T: 146224 Episode Num: 498 Episode T: 507 Reward: 470.506 Cost: 3.000
arrive destination: True ,out of road:False   Total T: 146581 Episode Num: 499 Episode T: 357 Reward: 294.009 Cost: 14.000
arrive destination: True ,out of road:False   Total T: 146858 Episode Num: 500 Episode T: 277 Reward: 295.115 Cost: 11.000
arrive destination: False ,out of road:False   Total T: 147858 Episode Num: 501 Episode T: 1000 Reward: 260.645 Cost: 18.000
arrive destination: True ,out of road:False   Total T: 148058 Episode Num: 502 Episode T: 200 Reward: 253.752 Cost: 2.000
arrive destination: True ,out of road:False   Total T: 148240 Episode Num: 503 Episode T: 182 Reward: 270.064 Cost: 0.000
arrive destination: True ,out of road:False   Total T: 148441 Episode Num: 504 Episode T: 201 Reward: 232.526 Cost: 2.000
arrive destination: False ,out of road:False   Total T: 149441 Episode Num: 505 Episode T: 1000 Reward: 284.643 Cost: 2.000
---------------------------------------
Evaluation over 20 episodes: 0.550 Cost 8.450.             SafeRL used : use_lag
---------------------------------------
[34;1m
Time: 2026-06-29 22:19:53, Time spent from previous logger: 147.640 s[0m
[34;1mCustomLogger with fileds: ['total_steps', 'EpRet', 'EpCost', 'CostRate'][0m
[34;1mfieldvalues: [150000, 0.55, 8.45, 0.02517350115667438]
[0m
arrive destination: False ,out of road:False   Total T: 150441 Episode Num: 506 Episode T: 1000 Reward: 695.282 Cost: 17.000
arrive destination: True ,out of road:False   Total T: 150835 Episode Num: 507 Episode T: 394 Reward: 394.815 Cost: 1.000
arrive destination: False ,out of road:True   Total T: 150985 Episode Num: 508 Episode T: 150 Reward: 156.087 Cost: 1.000
arrive destination: False ,out of road:True   Total T: 151428 Episode Num: 509 Episode T: 443 Reward: 378.347 Cost: 14.000
arrive destination: True ,out of road:False   Total T: 151916 Episode Num: 510 Episode T: 488 Reward: 375.404 Cost: 20.000
arrive destination: True ,out of road:False   Total T: 152295 Episode Num: 511 Episode T: 379 Reward: 391.423 Cost: 0.000
arrive destination: False ,out of road:False   Total T: 153295 Episode Num: 512 Episode T: 1000 Reward: 123.555 Cost: 3.000
arrive destination: True ,out of road:False   Total T: 153660 Episode Num: 513 Episode T: 365 Reward: 393.922 Cost: 0.000
arrive destination: True ,out of road:False   Total T: 153942 Episode Num: 514 Episode T: 282 Reward: 269.777 Cost: 17.000
arrive destination: False ,out of road:True   Total T: 154096 Episode Num: 515 Episode T: 154 Reward: 157.384 Cost: 1.000
arrive destination: True ,out of road:False   Total T: 154757 Episode Num: 516 Episode T: 661 Reward: 373.936 Cost: 21.000
arrive destination: False ,out of road:True   Total T: 154948 Episode Num: 517 Episode T: 191 Reward: 170.606 Cost: 1.000
arrive destination: False ,out of road:True   Total T: 155071 Episode Num: 518 Episode T: 123 Reward: 102.322 Cost: 3.000
arrive destination: True ,out of road:False   Total T: 155433 Episode Num: 519 Episode T: 362 Reward: 276.301 Cost: 13.000
arrive destination: False ,out of road:True   Total T: 155723 Episode Num: 520 Episode T: 290 Reward: 261.516 Cost: 4.000
arrive destination: True ,out of road:False   Total T: 155992 Episode Num: 521 Episode T: 269 Reward: 267.946 Cost: 8.000
arrive destination: True ,out of road:False   Total T: 156288 Episode Num: 522 Episode T: 296 Reward: 294.262 Cost: 11.000
arrive destination: False ,out of road:True   Total T: 156661 Episode Num: 523 Episode T: 373 Reward: 321.474 Cost: 19.000
arrive destination: True ,out of road:False   Total T: 156888 Episode Num: 524 Episode T: 227 Reward: 296.115 Cost: 8.000
arrive destination: False ,out of road:True   Total T: 156993 Episode Num: 525 Episode T: 105 Reward: 90.211 Cost: 3.000
arrive destination: True ,out of road:False   Total T: 157500 Episode Num: 526 Episode T: 507 Reward: 460.319 Cost: 10.000
arrive destination: True ,out of road:False   Total T: 157874 Episode Num: 527 Episode T: 374 Reward: 391.623 Cost: 0.000
arrive destination: True ,out of road:False   Total T: 158414 Episode Num: 528 Episode T: 540 Reward: 498.772 Cost: 10.000
arrive destination: True ,out of road:False   Total T: 158619 Episode Num: 529 Episode T: 205 Reward: 235.196 Cost: 0.000
arrive destination: True ,out of road:False   Total T: 159125 Episode Num: 530 Episode T: 506 Reward: 465.562 Cost: 2.000
arrive destination: True ,out of road:False   Total T: 159701 Episode Num: 531 Episode T: 576 Reward: 498.033 Cost: 9.000
arrive destination: False ,out of road:True   Total T: 159832 Episode Num: 532 Episode T: 131 Reward: 126.270 Cost: 3.000
---------------------------------------
Evaluation over 20 episodes: 0.450 Cost 10.350.             SafeRL used : use_lag
---------------------------------------
[34;1m
Time: 2026-06-29 22:22:13, Time spent from previous logger: 139.894 s[0m
[34;1mCustomLogger with fileds: ['total_steps', 'EpRet', 'EpCost', 'CostRate'][0m
[34;1mfieldvalues: [160000, 0.45, 10.35, 0.024750154688466804]
[0m
arrive destination: False ,out of road:True   Total T: 160094 Episode Num: 533 Episode T: 262 Reward: 221.259 Cost: 4.000
arrive destination: False ,out of road:True   Total T: 160289 Episode Num: 534 Episode T: 195 Reward: 188.791 Cost: 8.000
arrive destination: True ,out of road:False   Total T: 160553 Episode Num: 535 Episode T: 264 Reward: 295.614 Cost: 4.000
arrive destination: False ,out of road:True   Total T: 160653 Episode Num: 536 Episode T: 100 Reward: 82.338 Cost: 3.000
arrive destination: False ,out of road:True   Total T: 160757 Episode Num: 537 Episode T: 104 Reward: 90.865 Cost: 4.000
arrive destination: True ,out of road:False   Total T: 161070 Episode Num: 538 Episode T: 313 Reward: 270.360 Cost: 9.000
arrive destination: False ,out of road:True   Total T: 161283 Episode Num: 539 Episode T: 213 Reward: 251.183 Cost: 8.000
arrive destination: True ,out of road:False   Total T: 161760 Episode Num: 540 Episode T: 477 Reward: 335.216 Cost: 13.000
arrive destination: False ,out of road:True   Total T: 161913 Episode Num: 541 Episode T: 153 Reward: 156.400 Cost: 3.000
arrive destination: False ,out of road:False   Total T: 162913 Episode Num: 542 Episode T: 1000 Reward: 122.757 Cost: 7.000
arrive destination: True ,out of road:False   Total T: 163308 Episode Num: 543 Episode T: 395 Reward: 376.788 Cost: 9.000
arrive destination: True ,out of road:False   Total T: 163574 Episode Num: 544 Episode T: 266 Reward: 295.882 Cost: 5.000
arrive destination: True ,out of road:False   Total T: 164028 Episode Num: 545 Episode T: 454 Reward: 381.650 Cost: 4.000
arrive destination: False ,out of road:True   Total T: 164242 Episode Num: 546 Episode T: 214 Reward: 155.308 Cost: 8.000
arrive destination: False ,out of road:True   Total T: 164539 Episode Num: 547 Episode T: 297 Reward: 257.786 Cost: 8.000
arrive destination: True ,out of road:False   Total T: 164838 Episode Num: 548 Episode T: 299 Reward: 272.842 Cost: 6.000
arrive destination: True ,out of road:False   Total T: 165019 Episode Num: 549 Episode T: 181 Reward: 269.626 Cost: 0.000
arrive destination: False ,out of road:True   Total T: 165215 Episode Num: 550 Episode T: 196 Reward: 202.735 Cost: 10.000
arrive destination: True ,out of road:False   Total T: 165630 Episode Num: 551 Episode T: 415 Reward: 399.602 Cost: 7.000
arrive destination: False ,out of road:True   Total T: 165737 Episode Num: 552 Episode T: 107 Reward: 85.005 Cost: 2.000
arrive destination: False ,out of road:True   Total T: 165875 Episode Num: 553 Episode T: 138 Reward: 124.734 Cost: 3.000
arrive destination: True ,out of road:False   Total T: 166166 Episode Num: 554 Episode T: 291 Reward: 276.973 Cost: 4.000
arrive destination: True ,out of road:False   Total T: 166555 Episode Num: 555 Episode T: 389 Reward: 380.512 Cost: 2.000
arrive destination: False ,out of road:True   Total T: 166790 Episode Num: 556 Episode T: 235 Reward: 251.763 Cost: 11.000
arrive destination: False ,out of road:True   Total T: 166972 Episode Num: 557 Episode T: 182 Reward: 203.313 Cost: 3.000
arrive destination: True ,out of road:False   Total T: 167657 Episode Num: 558 Episode T: 685 Reward: 418.885 Cost: 33.000
arrive destination: False ,out of road:True   Total T: 167757 Episode Num: 559 Episode T: 100 Reward: 77.179 Cost: 5.000
arrive destination: True ,out of road:True   Total T: 168341 Episode Num: 560 Episode T: 584 Reward: 514.311 Cost: 16.000
arrive destination: True ,out of road:False   Total T: 168838 Episode Num: 561 Episode T: 497 Reward: 376.398 Cost: 28.000
arrive destination: True ,out of road:False   Total T: 169036 Episode Num: 562 Episode T: 198 Reward: 235.063 Cost: 2.000
---------------------------------------
Evaluation over 20 episodes: 0.600 Cost 10.650.             SafeRL used : use_lag
---------------------------------------
[34;1m
Time: 2026-06-29 22:24:34, Time spent from previous logger: 141.075 s[0m
[34;1mCustomLogger with fileds: ['total_steps', 'EpRet', 'EpCost', 'CostRate'][0m
[34;1mfieldvalues: [170000, 0.6, 10.65, 0.02473543962023306]
[0m
arrive destination: False ,out of road:False   Total T: 170036 Episode Num: 563 Episode T: 1000 Reward: 150.951 Cost: 17.000
arrive destination: True ,out of road:False   Total T: 170673 Episode Num: 564 Episode T: 637 Reward: 384.670 Cost: 21.000
arrive destination: True ,out of road:False   Total T: 171055 Episode Num: 565 Episode T: 382 Reward: 388.104 Cost: 0.000
arrive destination: True ,out of road:False   Total T: 171508 Episode Num: 566 Episode T: 453 Reward: 461.463 Cost: 10.000
arrive destination: False ,out of road:True   Total T: 171660 Episode Num: 567 Episode T: 152 Reward: 159.592 Cost: 1.000
arrive destination: True ,out of road:False   Total T: 171847 Episode Num: 568 Episode T: 187 Reward: 269.130 Cost: 0.000
arrive destination: True ,out of road:False   Total T: 172325 Episode Num: 569 Episode T: 478 Reward: 468.033 Cost: 3.000
arrive destination: True ,out of road:False   Total T: 172558 Episode Num: 570 Episode T: 233 Reward: 294.872 Cost: 6.000
arrive destination: False ,out of road:True   Total T: 172920 Episode Num: 571 Episode T: 362 Reward: 246.654 Cost: 12.000
arrive destination: False ,out of road:True   Total T: 173216 Episode Num: 572 Episode T: 296 Reward: 274.896 Cost: 3.000
arrive destination: True ,out of road:False   Total T: 173726 Episode Num: 573 Episode T: 510 Reward: 497.825 Cost: 7.000
arrive destination: True ,out of road:False   Total T: 173939 Episode Num: 574 Episode T: 213 Reward: 233.667 Cost: 5.000
arrive destination: True ,out of road:False   Total T: 174145 Episode Num: 575 Episode T: 206 Reward: 234.483 Cost: 3.000
arrive destination: True ,out of road:False   Total T: 174407 Episode Num: 576 Episode T: 262 Reward: 270.227 Cost: 0.000
arrive destination: False ,out of road:True   Total T: 174616 Episode Num: 577 Episode T: 209 Reward: 189.670 Cost: 8.000
arrive destination: True ,out of road:False   Total T: 174917 Episode Num: 578 Episode T: 301 Reward: 294.010 Cost: 22.000
arrive destination: True ,out of road:False   Total T: 175389 Episode Num: 579 Episode T: 472 Reward: 464.375 Cost: 8.000
arrive destination: True ,out of road:False   Total T: 175665 Episode Num: 580 Episode T: 276 Reward: 302.205 Cost: 10.000
arrive destination: True ,out of road:False   Total T: 176311 Episode Num: 581 Episode T: 646 Reward: 499.733 Cost: 22.000
arrive destination: True ,out of road:False   Total T: 176588 Episode Num: 582 Episode T: 277 Reward: 335.492 Cost: 15.000
arrive destination: True ,out of road:False   Total T: 176974 Episode Num: 583 Episode T: 386 Reward: 391.352 Cost: 1.000
arrive destination: True ,out of road:False   Total T: 177354 Episode Num: 584 Episode T: 380 Reward: 393.438 Cost: 0.000
arrive destination: True ,out of road:False   Total T: 177598 Episode Num: 585 Episode T: 244 Reward: 295.919 Cost: 6.000
arrive destination: False ,out of road:True   Total T: 177702 Episode Num: 586 Episode T: 104 Reward: 77.118 Cost: 5.000
arrive destination: True ,out of road:False   Total T: 177940 Episode Num: 587 Episode T: 238 Reward: 288.310 Cost: 3.000
arrive destination: True ,out of road:False   Total T: 178135 Episode Num: 588 Episode T: 195 Reward: 269.661 Cost: 0.000
arrive destination: False ,out of road:True   Total T: 178268 Episode Num: 589 Episode T: 133 Reward: 134.172 Cost: 2.000
arrive destination: True ,out of road:False   Total T: 178557 Episode Num: 590 Episode T: 289 Reward: 301.066 Cost: 10.000
arrive destination: False ,out of road:True   Total T: 178653 Episode Num: 591 Episode T: 96 Reward: 70.429 Cost: 6.000
arrive destination: True ,out of road:False   Total T: 179133 Episode Num: 592 Episode T: 480 Reward: 378.552 Cost: 24.000
arrive destination: False ,out of road:True   Total T: 179323 Episode Num: 593 Episode T: 190 Reward: 231.694 Cost: 4.000
arrive destination: False ,out of road:True   Total T: 179423 Episode Num: 594 Episode T: 100 Reward: 77.513 Cost: 4.000
arrive destination: True ,out of road:False   Total T: 179827 Episode Num: 595 Episode T: 404 Reward: 381.130 Cost: 23.000
---------------------------------------
Evaluation over 20 episodes: 0.650 Cost 12.950.             SafeRL used : use_lag
---------------------------------------
[34;1m
Time: 2026-06-29 22:27:03, Time spent from previous logger: 148.624 s[0m
[34;1mCustomLogger with fileds: ['total_steps', 'EpRet', 'EpCost', 'CostRate'][0m
[34;1mfieldvalues: [180000, 0.65, 12.95, 0.02472235956866427]
[0m
arrive destination: False ,out of road:True   Total T: 180259 Episode Num: 596 Episode T: 432 Reward: 436.225 Cost: 19.000
arrive destination: True ,out of road:False   Total T: 180523 Episode Num: 597 Episode T: 264 Reward: 289.461 Cost: 12.000
arrive destination: True ,out of road:False   Total T: 180836 Episode Num: 598 Episode T: 313 Reward: 303.228 Cost: 5.000
arrive destination: False ,out of road:True   Total T: 180985 Episode Num: 599 Episode T: 149 Reward: 133.726 Cost: 3.000
arrive destination: True ,out of road:False   Total T: 181449 Episode Num: 600 Episode T: 464 Reward: 466.531 Cost: 20.000
arrive destination: True ,out of road:False   Total T: 181660 Episode Num: 601 Episode T: 211 Reward: 269.032 Cost: 0.000
arrive destination: False ,out of road:True   Total T: 181794 Episode Num: 602 Episode T: 134 Reward: 132.195 Cost: 1.000
arrive destination: True ,out of road:False   Total T: 182425 Episode Num: 603 Episode T: 631 Reward: 421.609 Cost: 29.000
arrive destination: False ,out of road:True   Total T: 182583 Episode Num: 604 Episode T: 158 Reward: 159.867 Cost: 5.000
arrive destination: True ,out of road:False   Total T: 182796 Episode Num: 605 Episode T: 213 Reward: 234.502 Cost: 7.000
arrive destination: False ,out of road:True   Total T: 183039 Episode Num: 606 Episode T: 243 Reward: 205.741 Cost: 13.000
arrive destination: True ,out of road:False   Total T: 183454 Episode Num: 607 Episode T: 415 Reward: 335.660 Cost: 14.000
arrive destination: False ,out of road:True   Total T: 183618 Episode Num: 608 Episode T: 164 Reward: 175.632 Cost: 1.000
arrive destination: False ,out of road:True   Total T: 183714 Episode Num: 609 Episode T: 96 Reward: 69.915 Cost: 5.000
arrive destination: True ,out of road:False   Total T: 184034 Episode Num: 610 Episode T: 320 Reward: 311.294 Cost: 8.000
arrive destination: True ,out of road:False   Total T: 184300 Episode Num: 611 Episode T: 266 Reward: 266.171 Cost: 0.000
arrive destination: False ,out of road:True   Total T: 184400 Episode Num: 612 Episode T: 100 Reward: 69.037 Cost: 6.000
arrive destination: True ,out of road:False   Total T: 184917 Episode Num: 613 Episode T: 517 Reward: 464.034 Cost: 8.000
arrive destination: True ,out of road:False   Total T: 185312 Episode Num: 614 Episode T: 395 Reward: 294.341 Cost: 8.000
arrive destination: True ,out of road:False   Total T: 185801 Episode Num: 615 Episode T: 489 Reward: 466.628 Cost: 7.000
arrive destination: False ,out of road:True   Total T: 186020 Episode Num: 616 Episode T: 219 Reward: 220.045 Cost: 9.000
arrive destination: True ,out of road:False   Total T: 186453 Episode Num: 617 Episode T: 433 Reward: 386.209 Cost: 17.000
arrive destination: True ,out of road:False   Total T: 186701 Episode Num: 618 Episode T: 248 Reward: 295.808 Cost: 7.000
arrive destination: True ,out of road:False   Total T: 186891 Episode Num: 619 Episode T: 190 Reward: 269.225 Cost: 0.000
arrive destination: False ,out of road:True   Total T: 187355 Episode Num: 620 Episode T: 464 Reward: 427.100 Cost: 38.000
arrive destination: True ,out of road:False   Total T: 187871 Episode Num: 621 Episode T: 516 Reward: 498.556 Cost: 21.000
arrive destination: False ,out of road:True   Total T: 187969 Episode Num: 622 Episode T: 98 Reward: 74.548 Cost: 4.000
arrive destination: True ,out of road:False   Total T: 188571 Episode Num: 623 Episode T: 602 Reward: 420.207 Cost: 28.000
arrive destination: True ,out of road:False   Total T: 188851 Episode Num: 624 Episode T: 280 Reward: 266.370 Cost: 4.000
arrive destination: False ,out of road:True   Total T: 188955 Episode Num: 625 Episode T: 104 Reward: 77.747 Cost: 6.000
arrive destination: False ,out of road:True   Total T: 189396 Episode Num: 626 Episode T: 441 Reward: 355.288 Cost: 22.000
arrive destination: True ,out of road:False   Total T: 189593 Episode Num: 627 Episode T: 197 Reward: 234.570 Cost: 3.000
arrive destination: False ,out of road:True   Total T: 189700 Episode Num: 628 Episode T: 107 Reward: 91.788 Cost: 3.000
arrive destination: True ,out of road:False   Total T: 189997 Episode Num: 629 Episode T: 297 Reward: 275.394 Cost: 1.000
---------------------------------------
Evaluation over 20 episodes: 0.550 Cost 14.900.             SafeRL used : use_lag
---------------------------------------
[34;1m
Time: 2026-06-29 22:29:37, Time spent from previous logger: 154.746 s[0m
[34;1mCustomLogger with fileds: ['total_steps', 'EpRet', 'EpCost', 'CostRate'][0m
[34;1mfieldvalues: [190000, 0.55, 14.9, 0.025173816704298444]
[0m
arrive destination: True ,out of road:False   Total T: 190354 Episode Num: 630 Episode T: 357 Reward: 301.759 Cost: 6.000
arrive destination: True ,out of road:False   Total T: 190540 Episode Num: 631 Episode T: 186 Reward: 269.843 Cost: 0.000
arrive destination: True ,out of road:False   Total T: 190864 Episode Num: 632 Episode T: 324 Reward: 305.428 Cost: 0.000
arrive destination: True ,out of road:False   Total T: 191229 Episode Num: 633 Episode T: 365 Reward: 391.387 Cost: 0.000
arrive destination: True ,out of road:False   Total T: 191602 Episode Num: 634 Episode T: 373 Reward: 373.306 Cost: 20.000
arrive destination: True ,out of road:False   Total T: 191801 Episode Num: 635 Episode T: 199 Reward: 234.093 Cost: 0.000
arrive destination: True ,out of road:False   Total T: 192083 Episode Num: 636 Episode T: 282 Reward: 270.899 Cost: 6.000
arrive destination: True ,out of road:False   Total T: 192586 Episode Num: 637 Episode T: 503 Reward: 466.567 Cost: 9.000
arrive destination: False ,out of road:True   Total T: 192944 Episode Num: 638 Episode T: 358 Reward: 364.208 Cost: 32.000
arrive destination: True ,out of road:False   Total T: 193383 Episode Num: 639 Episode T: 439 Reward: 385.155 Cost: 6.000
arrive destination: True ,out of road:False   Total T: 193948 Episode Num: 640 Episode T: 565 Reward: 498.880 Cost: 23.000
arrive destination: False ,out of road:True   Total T: 194165 Episode Num: 641 Episode T: 217 Reward: 163.669 Cost: 8.000
arrive destination: True ,out of road:False   Total T: 194669 Episode Num: 642 Episode T: 504 Reward: 496.930 Cost: 12.000
arrive destination: False ,out of road:True   Total T: 194878 Episode Num: 643 Episode T: 209 Reward: 188.546 Cost: 6.000
arrive destination: True ,out of road:False   Total T: 195314 Episode Num: 644 Episode T: 436 Reward: 336.250 Cost: 10.000
arrive destination: True ,out of road:False   Total T: 195506 Episode Num: 645 Episode T: 192 Reward: 269.944 Cost: 0.000
arrive destination: True ,out of road:False   Total T: 195940 Episode Num: 646 Episode T: 434 Reward: 379.023 Cost: 28.000
arrive destination: True ,out of road:False   Total T: 196143 Episode Num: 647 Episode T: 203 Reward: 235.409 Cost: 0.000
arrive destination: True ,out of road:False   Total T: 196514 Episode Num: 648 Episode T: 371 Reward: 390.470 Cost: 0.000
arrive destination: True ,out of road:False   Total T: 196765 Episode Num: 649 Episode T: 251 Reward: 263.786 Cost: 0.000
arrive destination: False ,out of road:False   Total T: 197765 Episode Num: 650 Episode T: 1000 Reward: 76.357 Cost: 11.000
arrive destination: True ,out of road:False   Total T: 197955 Episode Num: 651 Episode T: 190 Reward: 268.823 Cost: 0.000
arrive destination: True ,out of road:False   Total T: 198539 Episode Num: 652 Episode T: 584 Reward: 497.034 Cost: 7.000
arrive destination: False ,out of road:True   Total T: 198748 Episode Num: 653 Episode T: 209 Reward: 183.852 Cost: 2.000
arrive destination: True ,out of road:False   Total T: 199114 Episode Num: 654 Episode T: 366 Reward: 385.858 Cost: 0.000
arrive destination: True ,out of road:False   Total T: 199313 Episode Num: 655 Episode T: 199 Reward: 235.906 Cost: 0.000
arrive destination: True ,out of road:False   Total T: 199736 Episode Num: 656 Episode T: 423 Reward: 372.222 Cost: 20.000
---------------------------------------
Evaluation over 20 episodes: 0.700 Cost 8.300.             SafeRL used : use_lag
---------------------------------------
[34;1m
Time: 2026-06-29 22:32:02, Time spent from previous logger: 144.783 s[0m
[34;1mCustomLogger with fileds: ['total_steps', 'EpRet', 'EpCost', 'CostRate'][0m
[34;1mfieldvalues: [200000, 0.7, 8.3, 0.02494512472562363]
[0m
arrive destination: False ,out of road:False   Total T: 200736 Episode Num: 657 Episode T: 1000 Reward: 528.655 Cost: 4.000
arrive destination: True ,out of road:False   Total T: 201328 Episode Num: 658 Episode T: 592 Reward: 462.767 Cost: 23.000
arrive destination: True ,out of road:False   Total T: 201688 Episode Num: 659 Episode T: 360 Reward: 394.000 Cost: 0.000
arrive destination: True ,out of road:False   Total T: 202076 Episode Num: 660 Episode T: 388 Reward: 378.640 Cost: 5.000
arrive destination: True ,out of road:False   Total T: 202470 Episode Num: 661 Episode T: 394 Reward: 381.710 Cost: 6.000
arrive destination: True ,out of road:False   Total T: 202693 Episode Num: 662 Episode T: 223 Reward: 234.651 Cost: 2.000
arrive destination: False ,out of road:True   Total T: 202899 Episode Num: 663 Episode T: 206 Reward: 225.774 Cost: 16.000
arrive destination: True ,out of road:False   Total T: 203176 Episode Num: 664 Episode T: 277 Reward: 263.118 Cost: 0.000
arrive destination: True ,out of road:False   Total T: 203463 Episode Num: 665 Episode T: 287 Reward: 335.334 Cost: 6.000
arrive destination: False ,out of road:False   Total T: 204463 Episode Num: 666 Episode T: 1000 Reward: 78.444 Cost: 17.000
arrive destination: True ,out of road:False   Total T: 204735 Episode Num: 667 Episode T: 272 Reward: 275.995 Cost: 2.000
arrive destination: True ,out of road:False   Total T: 204943 Episode Num: 668 Episode T: 208 Reward: 234.711 Cost: 2.000
arrive destination: True ,out of road:False   Total T: 205299 Episode Num: 669 Episode T: 356 Reward: 398.436 Cost: 0.000
arrive destination: True ,out of road:False   Total T: 205848 Episode Num: 670 Episode T: 549 Reward: 464.680 Cost: 7.000
arrive destination: True ,out of road:False   Total T: 206110 Episode Num: 671 Episode T: 262 Reward: 272.822 Cost: 3.000
arrive destination: True ,out of road:False   Total T: 206511 Episode Num: 672 Episode T: 401 Reward: 373.794 Cost: 5.000
arrive destination: True ,out of road:False   Total T: 207189 Episode Num: 673 Episode T: 678 Reward: 500.439 Cost: 20.000
arrive destination: True ,out of road:False   Total T: 207865 Episode Num: 674 Episode T: 676 Reward: 419.678 Cost: 17.000
arrive destination: True ,out of road:False   Total T: 208243 Episode Num: 675 Episode T: 378 Reward: 389.956 Cost: 0.000
arrive destination: False ,out of road:True   Total T: 208348 Episode Num: 676 Episode T: 105 Reward: 81.429 Cost: 2.000
arrive destination: True ,out of road:False   Total T: 208644 Episode Num: 677 Episode T: 296 Reward: 287.241 Cost: 13.000
arrive destination: True ,out of road:False   Total T: 209131 Episode Num: 678 Episode T: 487 Reward: 412.850 Cost: 23.000
arrive destination: False ,out of road:True   Total T: 209380 Episode Num: 679 Episode T: 249 Reward: 188.002 Cost: 14.000
arrive destination: False ,out of road:True   Total T: 209730 Episode Num: 680 Episode T: 350 Reward: 56.272 Cost: 15.000
---------------------------------------
Evaluation over 20 episodes: 0.800 Cost 5.050.             SafeRL used : use_lag
---------------------------------------
[34;1m
Time: 2026-06-29 22:34:28, Time spent from previous logger: 146.402 s[0m
[34;1mCustomLogger with fileds: ['total_steps', 'EpRet', 'EpCost', 'CostRate'][0m
[34;1mfieldvalues: [210000, 0.8, 5.05, 0.02471916532935871]
[0m
arrive destination: False ,out of road:True   Total T: 210105 Episode Num: 681 Episode T: 375 Reward: 323.417 Cost: 5.000
arrive destination: False ,out of road:True   Total T: 210271 Episode Num: 682 Episode T: 166 Reward: 166.998 Cost: 4.000
arrive destination: False ,out of road:False   Total T: 211271 Episode Num: 683 Episode T: 1000 Reward: 331.407 Cost: 31.000
arrive destination: True ,out of road:False   Total T: 211460 Episode Num: 684 Episode T: 189 Reward: 269.331 Cost: 0.000
arrive destination: True ,out of road:False   Total T: 211838 Episode Num: 685 Episode T: 378 Reward: 387.938 Cost: 0.000
arrive destination: True ,out of road:False   Total T: 212209 Episode Num: 686 Episode T: 371 Reward: 335.958 Cost: 20.000
arrive destination: True ,out of road:False   Total T: 212602 Episode Num: 687 Episode T: 393 Reward: 384.851 Cost: 1.000
arrive destination: True ,out of road:False   Total T: 212877 Episode Num: 688 Episode T: 275 Reward: 335.188 Cost: 3.000
arrive destination: True ,out of road:False   Total T: 213158 Episode Num: 689 Episode T: 281 Reward: 294.182 Cost: 17.000
arrive destination: False ,out of road:True   Total T: 213377 Episode Num: 690 Episode T: 219 Reward: 213.304 Cost: 1.000
arrive destination: True ,out of road:False   Total T: 213630 Episode Num: 691 Episode T: 253 Reward: 232.293 Cost: 9.000
arrive destination: False ,out of road:True   Total T: 213948 Episode Num: 692 Episode T: 318 Reward: 275.094 Cost: 6.000
arrive destination: True ,out of road:False   Total T: 214330 Episode Num: 693 Episode T: 382 Reward: 376.061 Cost: 5.000
arrive destination: True ,out of road:False   Total T: 214521 Episode Num: 694 Episode T: 191 Reward: 268.686 Cost: 0.000
arrive destination: True ,out of road:False   Total T: 214807 Episode Num: 695 Episode T: 286 Reward: 276.218 Cost: 0.000
arrive destination: False ,out of road:False   Total T: 215807 Episode Num: 696 Episode T: 1000 Reward: 68.538 Cost: 16.000
arrive destination: True ,out of road:False   Total T: 216090 Episode Num: 697 Episode T: 283 Reward: 294.664 Cost: 20.000
arrive destination: True ,out of road:False   Total T: 216310 Episode Num: 698 Episode T: 220 Reward: 295.624 Cost: 10.000
arrive destination: True ,out of road:False   Total T: 216966 Episode Num: 699 Episode T: 656 Reward: 422.865 Cost: 43.000
arrive destination: True ,out of road:False   Total T: 217409 Episode Num: 700 Episode T: 443 Reward: 385.173 Cost: 11.000
arrive destination: True ,out of road:False   Total T: 217665 Episode Num: 701 Episode T: 256 Reward: 273.197 Cost: 1.000
arrive destination: True ,out of road:False   Total T: 218060 Episode Num: 702 Episode T: 395 Reward: 374.571 Cost: 10.000
arrive destination: True ,out of road:False   Total T: 218649 Episode Num: 703 Episode T: 589 Reward: 461.519 Cost: 18.000
arrive destination: False ,out of road:True   Total T: 218864 Episode Num: 704 Episode T: 215 Reward: 187.084 Cost: 11.000
arrive destination: True ,out of road:False   Total T: 219433 Episode Num: 705 Episode T: 569 Reward: 463.729 Cost: 14.000
---------------------------------------
Evaluation over 20 episodes: 0.900 Cost 5.300.             SafeRL used : use_lag
---------------------------------------
[34;1m
Time: 2026-06-29 22:36:54, Time spent from previous logger: 145.169 s[0m
[34;1mCustomLogger with fileds: ['total_steps', 'EpRet', 'EpCost', 'CostRate'][0m
[34;1mfieldvalues: [220000, 0.9, 5.3, 0.02483647652943877]
[0m
arrive destination: True ,out of road:False   Total T: 220405 Episode Num: 706 Episode T: 972 Reward: 592.333 Cost: 17.000
arrive destination: True ,out of road:False   Total T: 220936 Episode Num: 707 Episode T: 531 Reward: 461.212 Cost: 14.000
arrive destination: True ,out of road:False   Total T: 221209 Episode Num: 708 Episode T: 273 Reward: 261.673 Cost: 0.000
arrive destination: False ,out of road:False   Total T: 222209 Episode Num: 709 Episode T: 1000 Reward: 124.946 Cost: 15.000
arrive destination: True ,out of road:False   Total T: 222586 Episode Num: 710 Episode T: 377 Reward: 375.992 Cost: 4.000
arrive destination: True ,out of road:False   Total T: 223165 Episode Num: 711 Episode T: 579 Reward: 499.154 Cost: 39.000
arrive destination: True ,out of road:False   Total T: 223388 Episode Num: 712 Episode T: 223 Reward: 294.987 Cost: 1.000
arrive destination: True ,out of road:False   Total T: 223647 Episode Num: 713 Episode T: 259 Reward: 263.915 Cost: 0.000
arrive destination: True ,out of road:False   Total T: 224064 Episode Num: 714 Episode T: 417 Reward: 367.031 Cost: 25.000
arrive destination: True ,out of road:False   Total T: 224608 Episode Num: 715 Episode T: 544 Reward: 497.892 Cost: 11.000
arrive destination: False ,out of road:True   Total T: 224713 Episode Num: 716 Episode T: 105 Reward: 78.302 Cost: 8.000
arrive destination: True ,out of road:False   Total T: 225092 Episode Num: 717 Episode T: 379 Reward: 375.658 Cost: 0.000
arrive destination: True ,out of road:False   Total T: 225428 Episode Num: 718 Episode T: 336 Reward: 267.299 Cost: 4.000
arrive destination: True ,out of road:False   Total T: 225897 Episode Num: 719 Episode T: 469 Reward: 410.329 Cost: 13.000
arrive destination: True ,out of road:False   Total T: 226291 Episode Num: 720 Episode T: 394 Reward: 294.125 Cost: 9.000
arrive destination: True ,out of road:False   Total T: 226673 Episode Num: 721 Episode T: 382 Reward: 384.054 Cost: 0.000
arrive destination: False ,out of road:True   Total T: 227047 Episode Num: 722 Episode T: 374 Reward: 189.690 Cost: 8.000
arrive destination: True ,out of road:False   Total T: 227297 Episode Num: 723 Episode T: 250 Reward: 233.201 Cost: 1.000
arrive destination: True ,out of road:False   Total T: 227493 Episode Num: 724 Episode T: 196 Reward: 269.703 Cost: 0.000
arrive destination: True ,out of road:False   Total T: 227890 Episode Num: 725 Episode T: 397 Reward: 378.962 Cost: 9.000
arrive destination: True ,out of road:False   Total T: 228122 Episode Num: 726 Episode T: 232 Reward: 294.861 Cost: 2.000
arrive destination: True ,out of road:False   Total T: 228521 Episode Num: 727 Episode T: 399 Reward: 381.064 Cost: 6.000
arrive destination: True ,out of road:False   Total T: 228847 Episode Num: 728 Episode T: 326 Reward: 303.841 Cost: 0.000
arrive destination: True ,out of road:False   Total T: 229450 Episode Num: 729 Episode T: 603 Reward: 467.278 Cost: 26.000
arrive destination: True ,out of road:False   Total T: 229826 Episode Num: 730 Episode T: 376 Reward: 335.507 Cost: 17.000
---------------------------------------
Evaluation over 20 episodes: 0.600 Cost 9.150.             SafeRL used : use_lag
---------------------------------------
[34;1m
Time: 2026-06-29 22:39:25, Time spent from previous logger: 151.814 s[0m
[34;1mCustomLogger with fileds: ['total_steps', 'EpRet', 'EpCost', 'CostRate'][0m
[34;1mfieldvalues: [230000, 0.6, 9.15, 0.02470880308175253]
[0m
arrive destination: True ,out of road:False   Total T: 230561 Episode Num: 731 Episode T: 735 Reward: 588.923 Cost: 26.000
arrive destination: False ,out of road:True   Total T: 230670 Episode Num: 732 Episode T: 109 Reward: 82.826 Cost: 2.000
arrive destination: False ,out of road:True   Total T: 230803 Episode Num: 733 Episode T: 133 Reward: 138.790 Cost: 1.000
arrive destination: True ,out of road:False   Total T: 231359 Episode Num: 734 Episode T: 556 Reward: 497.475 Cost: 33.000
arrive destination: False ,out of road:True   Total T: 231866 Episode Num: 735 Episode T: 507 Reward: 416.496 Cost: 2.000
arrive destination: True ,out of road:False   Total T: 232269 Episode Num: 736 Episode T: 403 Reward: 385.348 Cost: 0.000
arrive destination: False ,out of road:True   Total T: 232526 Episode Num: 737 Episode T: 257 Reward: 223.608 Cost: 9.000
arrive destination: True ,out of road:False   Total T: 232988 Episode Num: 738 Episode T: 462 Reward: 471.563 Cost: 1.000
arrive destination: False ,out of road:False   Total T: 233988 Episode Num: 739 Episode T: 1000 Reward: 71.825 Cost: 32.000
arrive destination: True ,out of road:False   Total T: 234211 Episode Num: 740 Episode T: 223 Reward: 295.340 Cost: 2.000
arrive destination: True ,out of road:False   Total T: 234587 Episode Num: 741 Episode T: 376 Reward: 395.897 Cost: 0.000
arrive destination: False ,out of road:True   Total T: 234806 Episode Num: 742 Episode T: 219 Reward: 206.640 Cost: 1.000
arrive destination: True ,out of road:False   Total T: 235307 Episode Num: 743 Episode T: 501 Reward: 464.021 Cost: 2.000
arrive destination: True ,out of road:False   Total T: 235630 Episode Num: 744 Episode T: 323 Reward: 268.524 Cost: 7.000
arrive destination: True ,out of road:False   Total T: 236363 Episode Num: 745 Episode T: 733 Reward: 418.416 Cost: 31.000
arrive destination: True ,out of road:False   Total T: 236700 Episode Num: 746 Episode T: 337 Reward: 301.697 Cost: 7.000
arrive destination: False ,out of road:True   Total T: 236823 Episode Num: 747 Episode T: 123 Reward: 113.510 Cost: 1.000
arrive destination: True ,out of road:False   Total T: 237256 Episode Num: 748 Episode T: 433 Reward: 294.235 Cost: 9.000
arrive destination: True ,out of road:False   Total T: 237634 Episode Num: 749 Episode T: 378 Reward: 373.472 Cost: 0.000
arrive destination: True ,out of road:False   Total T: 237819 Episode Num: 750 Episode T: 185 Reward: 289.120 Cost: 7.000
arrive destination: True ,out of road:False   Total T: 238241 Episode Num: 751 Episode T: 422 Reward: 380.135 Cost: 6.000
arrive destination: True ,out of road:False   Total T: 238774 Episode Num: 752 Episode T: 533 Reward: 461.032 Cost: 23.000
arrive destination: True ,out of road:False   Total T: 239261 Episode Num: 753 Episode T: 487 Reward: 401.056 Cost: 13.000
arrive destination: True ,out of road:False   Total T: 239521 Episode Num: 754 Episode T: 260 Reward: 232.635 Cost: 1.000
arrive destination: True ,out of road:False   Total T: 239785 Episode Num: 755 Episode T: 264 Reward: 295.928 Cost: 4.000
---------------------------------------
Evaluation over 20 episodes: 0.600 Cost 6.150.             SafeRL used : use_lag
---------------------------------------
[34;1m
Time: 2026-06-29 22:41:54, Time spent from previous logger: 148.407 s[0m
[34;1mCustomLogger with fileds: ['total_steps', 'EpRet', 'EpCost', 'CostRate'][0m
[34;1mfieldvalues: [240000, 0.6, 6.15, 0.024595935816399236]
[0m
arrive destination: True ,out of road:False   Total T: 240273 Episode Num: 756 Episode T: 488 Reward: 495.756 Cost: 7.000
arrive destination: True ,out of road:False   Total T: 240502 Episode Num: 757 Episode T: 229 Reward: 295.964 Cost: 2.000
arrive destination: True ,out of road:False   Total T: 240962 Episode Num: 758 Episode T: 460 Reward: 466.942 Cost: 2.000
arrive destination: True ,out of road:False   Total T: 241411 Episode Num: 759 Episode T: 449 Reward: 398.781 Cost: 11.000
arrive destination: True ,out of road:False   Total T: 241628 Episode Num: 760 Episode T: 217 Reward: 234.575 Cost: 0.000
arrive destination: True ,out of road:False   Total T: 242130 Episode Num: 761 Episode T: 502 Reward: 459.988 Cost: 16.000
arrive destination: False ,out of road:True   Total T: 242217 Episode Num: 762 Episode T: 87 Reward: 65.212 Cost: 2.000
arrive destination: True ,out of road:False   Total T: 242600 Episode Num: 763 Episode T: 383 Reward: 375.146 Cost: 2.000
arrive destination: True ,out of road:False   Total T: 243035 Episode Num: 764 Episode T: 435 Reward: 399.372 Cost: 14.000
arrive destination: True ,out of road:False   Total T: 243381 Episode Num: 765 Episode T: 346 Reward: 303.839 Cost: 18.000
arrive destination: True ,out of road:False   Total T: 243938 Episode Num: 766 Episode T: 557 Reward: 496.586 Cost: 21.000
arrive destination: True ,out of road:False   Total T: 244172 Episode Num: 767 Episode T: 234 Reward: 234.712 Cost: 1.000
arrive destination: True ,out of road:False   Total T: 244677 Episode Num: 768 Episode T: 505 Reward: 381.559 Cost: 7.000
arrive destination: True ,out of road:False   Total T: 245072 Episode Num: 769 Episode T: 395 Reward: 379.274 Cost: 3.000
arrive destination: True ,out of road:False   Total T: 245338 Episode Num: 770 Episode T: 266 Reward: 276.096 Cost: 4.000
arrive destination: True ,out of road:False   Total T: 245786 Episode Num: 771 Episode T: 448 Reward: 305.190 Cost: 10.000
arrive destination: False ,out of road:True   Total T: 245972 Episode Num: 772 Episode T: 186 Reward: 187.197 Cost: 1.000
arrive destination: True ,out of road:False   Total T: 246439 Episode Num: 773 Episode T: 467 Reward: 379.170 Cost: 15.000
arrive destination: True ,out of road:False   Total T: 246810 Episode Num: 774 Episode T: 371 Reward: 375.740 Cost: 0.000
arrive destination: True ,out of road:False   Total T: 247036 Episode Num: 775 Episode T: 226 Reward: 295.639 Cost: 0.000
arrive destination: False ,out of road:False   Total T: 248036 Episode Num: 776 Episode T: 1000 Reward: 261.701 Cost: 15.000
arrive destination: True ,out of road:False   Total T: 248356 Episode Num: 777 Episode T: 320 Reward: 268.951 Cost: 1.000
arrive destination: False ,out of road:True   Total T: 248483 Episode Num: 778 Episode T: 127 Reward: 137.240 Cost: 1.000
arrive destination: False ,out of road:True   Total T: 248595 Episode Num: 779 Episode T: 112 Reward: 76.543 Cost: 7.000
arrive destination: True ,out of road:False   Total T: 248817 Episode Num: 780 Episode T: 222 Reward: 295.032 Cost: 1.000
arrive destination: True ,out of road:False   Total T: 249181 Episode Num: 781 Episode T: 364 Reward: 374.896 Cost: 0.000
arrive destination: True ,out of road:False   Total T: 249643 Episode Num: 782 Episode T: 462 Reward: 413.908 Cost: 9.000
arrive destination: True ,out of road:False   Total T: 249946 Episode Num: 783 Episode T: 303 Reward: 301.432 Cost: 1.000
---------------------------------------
Evaluation over 20 episodes: 0.700 Cost 7.450.             SafeRL used : use_lag
---------------------------------------
[34;1m
Time: 2026-06-29 22:44:25, Time spent from previous logger: 151.138 s[0m
[34;1mCustomLogger with fileds: ['total_steps', 'EpRet', 'EpCost', 'CostRate'][0m
[34;1mfieldvalues: [250000, 0.7, 7.45, 0.02426809707238829]
[0m
arrive destination: False ,out of road:False   Total T: 250946 Episode Num: 784 Episode T: 1000 Reward: 102.166 Cost: 29.000
arrive destination: True ,out of road:False   Total T: 251516 Episode Num: 785 Episode T: 570 Reward: 412.640 Cost: 4.000
arrive destination: True ,out of road:False   Total T: 251772 Episode Num: 786 Episode T: 256 Reward: 275.476 Cost: 3.000
arrive destination: False ,out of road:True   Total T: 251921 Episode Num: 787 Episode T: 149 Reward: 54.621 Cost: 10.000
arrive destination: False ,out of road:True   Total T: 252006 Episode Num: 788 Episode T: 85 Reward: 55.989 Cost: 3.000
arrive destination: True ,out of road:False   Total T: 252425 Episode Num: 789 Episode T: 419 Reward: 379.606 Cost: 10.000
arrive destination: False ,out of road:True   Total T: 252566 Episode Num: 790 Episode T: 141 Reward: 131.462 Cost: 8.000
arrive destination: True ,out of road:False   Total T: 252938 Episode Num: 791 Episode T: 372 Reward: 399.311 Cost: 18.000
arrive destination: True ,out of road:False   Total T: 253314 Episode Num: 792 Episode T: 376 Reward: 387.552 Cost: 0.000
arrive destination: False ,out of road:True   Total T: 253423 Episode Num: 793 Episode T: 109 Reward: 95.274 Cost: 2.000
arrive destination: True ,out of road:False   Total T: 253897 Episode Num: 794 Episode T: 474 Reward: 492.144 Cost: 4.000
arrive destination: True ,out of road:False   Total T: 254782 Episode Num: 795 Episode T: 885 Reward: 294.932 Cost: 15.000
arrive destination: True ,out of road:False   Total T: 255119 Episode Num: 796 Episode T: 337 Reward: 398.627 Cost: 4.000
arrive destination: False ,out of road:True   Total T: 255329 Episode Num: 797 Episode T: 210 Reward: 169.000 Cost: 5.000
arrive destination: True ,out of road:False   Total T: 255924 Episode Num: 798 Episode T: 595 Reward: 468.876 Cost: 6.000
arrive destination: True ,out of road:False   Total T: 256427 Episode Num: 799 Episode T: 503 Reward: 414.450 Cost: 9.000
arrive destination: True ,out of road:False   Total T: 256619 Episode Num: 800 Episode T: 192 Reward: 235.359 Cost: 1.000
arrive destination: True ,out of road:False   Total T: 257074 Episode Num: 801 Episode T: 455 Reward: 379.167 Cost: 9.000
arrive destination: False ,out of road:True   Total T: 257402 Episode Num: 802 Episode T: 328 Reward: 252.953 Cost: 9.000
arrive destination: True ,out of road:False   Total T: 258060 Episode Num: 803 Episode T: 658 Reward: 464.081 Cost: 10.000
arrive destination: True ,out of road:False   Total T: 258287 Episode Num: 804 Episode T: 227 Reward: 287.467 Cost: 3.000
arrive destination: False ,out of road:True   Total T: 258849 Episode Num: 805 Episode T: 562 Reward: 242.198 Cost: 40.000
arrive destination: True ,out of road:False   Total T: 259167 Episode Num: 806 Episode T: 318 Reward: 398.775 Cost: 14.000
arrive destination: True ,out of road:False   Total T: 259422 Episode Num: 807 Episode T: 255 Reward: 279.979 Cost: 3.000
arrive destination: False ,out of road:True   Total T: 259627 Episode Num: 808 Episode T: 205 Reward: 231.200 Cost: 5.000
arrive destination: True ,out of road:False   Total T: 259906 Episode Num: 809 Episode T: 279 Reward: 266.295 Cost: 8.000
---------------------------------------
Evaluation over 20 episodes: 0.600 Cost 12.050.             SafeRL used : use_lag
---------------------------------------
[34;1m
Time: 2026-06-29 22:46:59, Time spent from previous logger: 153.703 s[0m
[34;1mCustomLogger with fileds: ['total_steps', 'EpRet', 'EpCost', 'CostRate'][0m
[34;1mfieldvalues: [260000, 0.6, 12.05, 0.024234708595033058]
[0m
arrive destination: False ,out of road:True   Total T: 260102 Episode Num: 810 Episode T: 196 Reward: 169.838 Cost: 5.000
arrive destination: True ,out of road:False   Total T: 260483 Episode Num: 811 Episode T: 381 Reward: 383.590 Cost: 16.000
arrive destination: True ,out of road:False   Total T: 260713 Episode Num: 812 Episode T: 230 Reward: 287.924 Cost: 3.000
arrive destination: True ,out of road:False   Total T: 260936 Episode Num: 813 Episode T: 223 Reward: 232.947 Cost: 7.000
arrive destination: True ,out of road:False   Total T: 261414 Episode Num: 814 Episode T: 478 Reward: 399.152 Cost: 9.000
arrive destination: True ,out of road:False   Total T: 261657 Episode Num: 815 Episode T: 243 Reward: 233.482 Cost: 2.000
arrive destination: True ,out of road:False   Total T: 262057 Episode Num: 816 Episode T: 400 Reward: 305.820 Cost: 5.000
arrive destination: True ,out of road:False   Total T: 262256 Episode Num: 817 Episode T: 199 Reward: 233.888 Cost: 1.000
arrive destination: True ,out of road:False   Total T: 262508 Episode Num: 818 Episode T: 252 Reward: 264.571 Cost: 0.000
arrive destination: True ,out of road:False   Total T: 262867 Episode Num: 819 Episode T: 359 Reward: 294.041 Cost: 6.000
arrive destination: True ,out of road:False   Total T: 263263 Episode Num: 820 Episode T: 396 Reward: 378.681 Cost: 4.000
arrive destination: True ,out of road:False   Total T: 263449 Episode Num: 821 Episode T: 186 Reward: 269.625 Cost: 0.000
arrive destination: True ,out of road:False   Total T: 263647 Episode Num: 822 Episode T: 198 Reward: 235.610 Cost: 0.000
arrive destination: True ,out of road:False   Total T: 263954 Episode Num: 823 Episode T: 307 Reward: 399.253 Cost: 9.000
arrive destination: False ,out of road:False   Total T: 264954 Episode Num: 824 Episode T: 1000 Reward: 74.261 Cost: 50.000
arrive destination: False ,out of road:True   Total T: 265057 Episode Num: 825 Episode T: 103 Reward: 81.678 Cost: 1.000
arrive destination: True ,out of road:False   Total T: 265628 Episode Num: 826 Episode T: 571 Reward: 418.639 Cost: 16.000
arrive destination: False ,out of road:True   Total T: 266078 Episode Num: 827 Episode T: 450 Reward: 430.127 Cost: 15.000
arrive destination: False ,out of road:True   Total T: 266266 Episode Num: 828 Episode T: 188 Reward: 232.598 Cost: 6.000
arrive destination: True ,out of road:False   Total T: 266526 Episode Num: 829 Episode T: 260 Reward: 266.898 Cost: 0.000
arrive destination: True ,out of road:False   Total T: 266966 Episode Num: 830 Episode T: 440 Reward: 383.034 Cost: 2.000
arrive destination: True ,out of road:False   Total T: 267147 Episode Num: 831 Episode T: 181 Reward: 269.905 Cost: 0.000
arrive destination: False ,out of road:True   Total T: 267247 Episode Num: 832 Episode T: 100 Reward: 80.321 Cost: 5.000
arrive destination: True ,out of road:False   Total T: 267505 Episode Num: 833 Episode T: 258 Reward: 262.974 Cost: 0.000
arrive destination: True ,out of road:False   Total T: 267743 Episode Num: 834 Episode T: 238 Reward: 278.191 Cost: 4.000
arrive destination: True ,out of road:False   Total T: 267978 Episode Num: 835 Episode T: 235 Reward: 288.419 Cost: 1.000
arrive destination: True ,out of road:False   Total T: 268251 Episode Num: 836 Episode T: 273 Reward: 288.672 Cost: 13.000
arrive destination: True ,out of road:False   Total T: 268516 Episode Num: 837 Episode T: 265 Reward: 264.801 Cost: 0.000
arrive destination: True ,out of road:False   Total T: 268773 Episode Num: 838 Episode T: 257 Reward: 262.468 Cost: 0.000
arrive destination: True ,out of road:False   Total T: 269298 Episode Num: 839 Episode T: 525 Reward: 500.262 Cost: 7.000
arrive destination: True ,out of road:False   Total T: 269652 Episode Num: 840 Episode T: 354 Reward: 400.317 Cost: 0.000
arrive destination: True ,out of road:False   Total T: 269866 Episode Num: 841 Episode T: 214 Reward: 295.235 Cost: 3.000
---------------------------------------
Evaluation over 20 episodes: 0.400 Cost 6.000.             SafeRL used : use_lag
---------------------------------------
[34;1m
Time: 2026-06-29 22:49:20, Time spent from previous logger: 140.834 s[0m
[34;1mCustomLogger with fileds: ['total_steps', 'EpRet', 'EpCost', 'CostRate'][0m
[34;1mfieldvalues: [270000, 0.4, 6.0, 0.024037126063429864]
[0m
arrive destination: False ,out of road:True   Total T: 270208 Episode Num: 842 Episode T: 342 Reward: 367.176 Cost: 17.000
arrive destination: True ,out of road:False   Total T: 270387 Episode Num: 843 Episode T: 179 Reward: 269.574 Cost: 2.000
arrive destination: True ,out of road:False   Total T: 270663 Episode Num: 844 Episode T: 276 Reward: 261.269 Cost: 7.000
arrive destination: True ,out of road:False   Total T: 270900 Episode Num: 845 Episode T: 237 Reward: 295.251 Cost: 4.000
arrive destination: False ,out of road:True   Total T: 271099 Episode Num: 846 Episode T: 199 Reward: 185.676 Cost: 5.000
arrive destination: False ,out of road:True   Total T: 271219 Episode Num: 847 Episode T: 120 Reward: 110.985 Cost: 4.000
arrive destination: False ,out of road:True   Total T: 271935 Episode Num: 848 Episode T: 716 Reward: 374.366 Cost: 15.000
arrive destination: True ,out of road:False   Total T: 272161 Episode Num: 849 Episode T: 226 Reward: 288.985 Cost: 0.000
arrive destination: True ,out of road:False   Total T: 272412 Episode Num: 850 Episode T: 251 Reward: 275.413 Cost: 2.000
arrive destination: True ,out of road:False   Total T: 272660 Episode Num: 851 Episode T: 248 Reward: 234.520 Cost: 22.000
arrive destination: True ,out of road:False   Total T: 272920 Episode Num: 852 Episode T: 260 Reward: 275.047 Cost: 2.000
arrive destination: True ,out of road:False   Total T: 273545 Episode Num: 853 Episode T: 625 Reward: 418.848 Cost: 34.000
arrive destination: False ,out of road:True   Total T: 273879 Episode Num: 854 Episode T: 334 Reward: 273.703 Cost: 6.000
arrive destination: True ,out of road:False   Total T: 274073 Episode Num: 855 Episode T: 194 Reward: 234.560 Cost: 1.000
arrive destination: True ,out of road:False   Total T: 274700 Episode Num: 856 Episode T: 627 Reward: 465.791 Cost: 21.000
arrive destination: True ,out of road:False   Total T: 275093 Episode Num: 857 Episode T: 393 Reward: 397.586 Cost: 7.000
arrive destination: True ,out of road:False   Total T: 275304 Episode Num: 858 Episode T: 211 Reward: 288.427 Cost: 0.000
arrive destination: False ,out of road:True   Total T: 275418 Episode Num: 859 Episode T: 114 Reward: 102.341 Cost: 5.000
arrive destination: True ,out of road:False   Total T: 275639 Episode Num: 860 Episode T: 221 Reward: 235.716 Cost: 7.000
arrive destination: False ,out of road:True   Total T: 276005 Episode Num: 861 Episode T: 366 Reward: 362.518 Cost: 11.000
arrive destination: True ,out of road:False   Total T: 276475 Episode Num: 862 Episode T: 470 Reward: 412.979 Cost: 7.000
arrive destination: False ,out of road:True   Total T: 276585 Episode Num: 863 Episode T: 110 Reward: 78.510 Cost: 6.000
arrive destination: True ,out of road:False   Total T: 276946 Episode Num: 864 Episode T: 361 Reward: 374.786 Cost: 4.000
arrive destination: True ,out of road:False   Total T: 277126 Episode Num: 865 Episode T: 180 Reward: 269.071 Cost: 0.000
arrive destination: True ,out of road:False   Total T: 277479 Episode Num: 866 Episode T: 353 Reward: 316.487 Cost: 7.000
arrive destination: True ,out of road:False   Total T: 277833 Episode Num: 867 Episode T: 354 Reward: 307.105 Cost: 5.000
arrive destination: True ,out of road:False   Total T: 278090 Episode Num: 868 Episode T: 257 Reward: 276.016 Cost: 16.000
arrive destination: True ,out of road:False   Total T: 278590 Episode Num: 869 Episode T: 500 Reward: 477.909 Cost: 19.000
arrive destination: True ,out of road:False   Total T: 278909 Episode Num: 870 Episode T: 319 Reward: 400.807 Cost: 11.000
arrive destination: True ,out of road:False   Total T: 279369 Episode Num: 871 Episode T: 460 Reward: 418.634 Cost: 9.000
arrive destination: True ,out of road:False   Total T: 279875 Episode Num: 872 Episode T: 506 Reward: 465.428 Cost: 12.000
---------------------------------------
Evaluation over 20 episodes: 0.650 Cost 10.250.             SafeRL used : use_lag
---------------------------------------
[34;1m
Time: 2026-06-29 22:51:45, Time spent from previous logger: 145.523 s[0m
[34;1mCustomLogger with fileds: ['total_steps', 'EpRet', 'EpCost', 'CostRate'][0m
[34;1mfieldvalues: [280000, 0.65, 10.25, 0.024132229043675155]
[0m
arrive destination: True ,out of road:False   Total T: 280248 Episode Num: 873 Episode T: 373 Reward: 399.268 Cost: 0.000
arrive destination: True ,out of road:False   Total T: 280463 Episode Num: 874 Episode T: 215 Reward: 289.980 Cost: 0.000
arrive destination: True ,out of road:False   Total T: 280964 Episode Num: 875 Episode T: 501 Reward: 464.226 Cost: 29.000
arrive destination: True ,out of road:False   Total T: 281229 Episode Num: 876 Episode T: 265 Reward: 269.469 Cost: 13.000
arrive destination: True ,out of road:False   Total T: 281684 Episode Num: 877 Episode T: 455 Reward: 475.029 Cost: 5.000
arrive destination: True ,out of road:False   Total T: 282113 Episode Num: 878 Episode T: 429 Reward: 378.290 Cost: 11.000
arrive destination: True ,out of road:False   Total T: 282460 Episode Num: 879 Episode T: 347 Reward: 335.967 Cost: 7.000
arrive destination: True ,out of road:False   Total T: 282763 Episode Num: 880 Episode T: 303 Reward: 294.708 Cost: 31.000
arrive destination: True ,out of road:False   Total T: 283191 Episode Num: 881 Episode T: 428 Reward: 383.194 Cost: 12.000
arrive destination: True ,out of road:False   Total T: 283411 Episode Num: 882 Episode T: 220 Reward: 288.378 Cost: 1.000
arrive destination: False ,out of road:True   Total T: 283762 Episode Num: 883 Episode T: 351 Reward: 320.019 Cost: 9.000
arrive destination: True ,out of road:False   Total T: 284225 Episode Num: 884 Episode T: 463 Reward: 412.008 Cost: 20.000
arrive destination: False ,out of road:True   Total T: 284599 Episode Num: 885 Episode T: 374 Reward: 381.577 Cost: 35.000
arrive destination: True ,out of road:False   Total T: 285095 Episode Num: 886 Episode T: 496 Reward: 464.494 Cost: 17.000
arrive destination: True ,out of road:False   Total T: 285279 Episode Num: 887 Episode T: 184 Reward: 270.011 Cost: 1.000
arrive destination: True ,out of road:False   Total T: 285527 Episode Num: 888 Episode T: 248 Reward: 275.145 Cost: 1.000
arrive destination: True ,out of road:False   Total T: 286097 Episode Num: 889 Episode T: 570 Reward: 467.864 Cost: 26.000
arrive destination: True ,out of road:False   Total T: 286299 Episode Num: 890 Episode T: 202 Reward: 234.857 Cost: 2.000
arrive destination: True ,out of road:False   Total T: 286663 Episode Num: 891 Episode T: 364 Reward: 376.553 Cost: 5.000
arrive destination: True ,out of road:False   Total T: 286997 Episode Num: 892 Episode T: 334 Reward: 335.776 Cost: 5.000
arrive destination: False ,out of road:True   Total T: 287317 Episode Num: 893 Episode T: 320 Reward: 272.441 Cost: 15.000
arrive destination: True ,out of road:False   Total T: 287575 Episode Num: 894 Episode T: 258 Reward: 264.480 Cost: 0.000
arrive destination: True ,out of road:False   Total T: 288019 Episode Num: 895 Episode T: 444 Reward: 478.549 Cost: 4.000
arrive destination: True ,out of road:False   Total T: 288380 Episode Num: 896 Episode T: 361 Reward: 380.901 Cost: 13.000
arrive destination: True ,out of road:False   Total T: 288645 Episode Num: 897 Episode T: 265 Reward: 263.097 Cost: 0.000
arrive destination: True ,out of road:False   Total T: 289128 Episode Num: 898 Episode T: 483 Reward: 475.788 Cost: 5.000
arrive destination: True ,out of road:False   Total T: 289451 Episode Num: 899 Episode T: 323 Reward: 267.324 Cost: 4.000
arrive destination: True ,out of road:False   Total T: 289816 Episode Num: 900 Episode T: 365 Reward: 396.247 Cost: 5.000
---------------------------------------
Evaluation over 20 episodes: 0.500 Cost 9.450.             SafeRL used : use_lag
---------------------------------------
[34;1m
Time: 2026-06-29 22:54:13, Time spent from previous logger: 148.188 s[0m
[34;1mCustomLogger with fileds: ['total_steps', 'EpRet', 'EpCost', 'CostRate'][0m
[34;1mfieldvalues: [290000, 0.5, 9.45, 0.02425180776485436]
[0m
arrive destination: True ,out of road:False   Total T: 290360 Episode Num: 901 Episode T: 544 Reward: 604.188 Cost: 0.000
arrive destination: True ,out of road:False   Total T: 290545 Episode Num: 902 Episode T: 185 Reward: 269.341 Cost: 6.000
arrive destination: True ,out of road:False   Total T: 290858 Episode Num: 903 Episode T: 313 Reward: 274.773 Cost: 1.000
arrive destination: True ,out of road:True   Total T: 291073 Episode Num: 904 Episode T: 215 Reward: 335.358 Cost: 14.000
arrive destination: True ,out of road:False   Total T: 291288 Episode Num: 905 Episode T: 215 Reward: 295.157 Cost: 10.000
arrive destination: True ,out of road:False   Total T: 292019 Episode Num: 906 Episode T: 731 Reward: 415.314 Cost: 6.000
arrive destination: False ,out of road:True   Total T: 292129 Episode Num: 907 Episode T: 110 Reward: 78.182 Cost: 8.000
arrive destination: False ,out of road:True   Total T: 292329 Episode Num: 908 Episode T: 200 Reward: 211.782 Cost: 9.000
arrive destination: False ,out of road:True   Total T: 292438 Episode Num: 909 Episode T: 109 Reward: 95.932 Cost: 1.000
arrive destination: True ,out of road:False   Total T: 292750 Episode Num: 910 Episode T: 312 Reward: 290.389 Cost: 24.000
arrive destination: False ,out of road:True   Total T: 292998 Episode Num: 911 Episode T: 248 Reward: 262.048 Cost: 6.000
arrive destination: True ,out of road:False   Total T: 293288 Episode Num: 912 Episode T: 290 Reward: 313.930 Cost: 10.000
arrive destination: False ,out of road:False   Total T: 294288 Episode Num: 913 Episode T: 1000 Reward: 176.937 Cost: 37.000
arrive destination: True ,out of road:False   Total T: 294687 Episode Num: 914 Episode T: 399 Reward: 380.519 Cost: 8.000
arrive destination: True ,out of road:False   Total T: 294911 Episode Num: 915 Episode T: 224 Reward: 295.609 Cost: 10.000
arrive destination: False ,out of road:False   Total T: 295911 Episode Num: 916 Episode T: 1000 Reward: 68.075 Cost: 14.000
arrive destination: False ,out of road:True   Total T: 296203 Episode Num: 917 Episode T: 292 Reward: 346.092 Cost: 8.000
arrive destination: True ,out of road:False   Total T: 296479 Episode Num: 918 Episode T: 276 Reward: 261.185 Cost: 0.000
arrive destination: False ,out of road:True   Total T: 296641 Episode Num: 919 Episode T: 162 Reward: 165.666 Cost: 1.000
arrive destination: False ,out of road:True   Total T: 296884 Episode Num: 920 Episode T: 243 Reward: 260.027 Cost: 5.000
arrive destination: True ,out of road:False   Total T: 297106 Episode Num: 921 Episode T: 222 Reward: 295.191 Cost: 11.000
arrive destination: False ,out of road:True   Total T: 297463 Episode Num: 922 Episode T: 357 Reward: 331.763 Cost: 3.000
arrive destination: True ,out of road:False   Total T: 297683 Episode Num: 923 Episode T: 220 Reward: 295.315 Cost: 1.000
arrive destination: True ,out of road:False   Total T: 297995 Episode Num: 924 Episode T: 312 Reward: 400.444 Cost: 4.000
arrive destination: True ,out of road:False   Total T: 298393 Episode Num: 925 Episode T: 398 Reward: 383.475 Cost: 5.000
arrive destination: True ,out of road:False   Total T: 298778 Episode Num: 926 Episode T: 385 Reward: 371.397 Cost: 5.000
arrive destination: False ,out of road:True   Total T: 298969 Episode Num: 927 Episode T: 191 Reward: 187.442 Cost: 1.000
arrive destination: True ,out of road:False   Total T: 299258 Episode Num: 928 Episode T: 289 Reward: 294.492 Cost: 13.000
arrive destination: True ,out of road:False   Total T: 299638 Episode Num: 929 Episode T: 380 Reward: 377.149 Cost: 1.000
---------------------------------------
Evaluation over 20 episodes: 0.650 Cost 9.550.             SafeRL used : use_lag
---------------------------------------
[34;1m
Time: 2026-06-29 22:56:43, Time spent from previous logger: 149.545 s[0m
[34;1mCustomLogger with fileds: ['total_steps', 'EpRet', 'EpCost', 'CostRate'][0m
[34;1mfieldvalues: [300000, 0.65, 9.55, 0.02418341394471315]
[0m
arrive destination: True ,out of road:False   Total T: 300398 Episode Num: 930 Episode T: 760 Reward: 728.464 Cost: 0.000
arrive destination: True ,out of road:False   Total T: 300855 Episode Num: 931 Episode T: 457 Reward: 411.362 Cost: 5.000
arrive destination: False ,out of road:True   Total T: 301157 Episode Num: 932 Episode T: 302 Reward: 270.917 Cost: 3.000
arrive destination: True ,out of road:False   Total T: 301417 Episode Num: 933 Episode T: 260 Reward: 262.759 Cost: 0.000
arrive destination: True ,out of road:False   Total T: 302128 Episode Num: 934 Episode T: 711 Reward: 418.126 Cost: 33.000
arrive destination: True ,out of road:False   Total T: 302538 Episode Num: 935 Episode T: 410 Reward: 381.171 Cost: 6.000
arrive destination: True ,out of road:False   Total T: 302801 Episode Num: 936 Episode T: 263 Reward: 277.436 Cost: 0.000
arrive destination: True ,out of road:False   Total T: 303344 Episode Num: 937 Episode T: 543 Reward: 467.021 Cost: 17.000
arrive destination: True ,out of road:False   Total T: 303711 Episode Num: 938 Episode T: 367 Reward: 396.513 Cost: 0.000
arrive destination: True ,out of road:False   Total T: 303892 Episode Num: 939 Episode T: 181 Reward: 269.217 Cost: 5.000
arrive destination: True ,out of road:False   Total T: 304206 Episode Num: 940 Episode T: 314 Reward: 399.796 Cost: 15.000
arrive destination: True ,out of road:False   Total T: 304407 Episode Num: 941 Episode T: 201 Reward: 235.035 Cost: 4.000
arrive destination: True ,out of road:False   Total T: 304629 Episode Num: 942 Episode T: 222 Reward: 295.534 Cost: 1.000
arrive destination: True ,out of road:False   Total T: 304948 Episode Num: 943 Episode T: 319 Reward: 266.076 Cost: 2.000
arrive destination: False ,out of road:True   Total T: 305224 Episode Num: 944 Episode T: 276 Reward: 255.111 Cost: 15.000
arrive destination: False ,out of road:True   Total T: 305317 Episode Num: 945 Episode T: 93 Reward: 75.986 Cost: 1.000
arrive destination: True ,out of road:False   Total T: 305494 Episode Num: 946 Episode T: 177 Reward: 269.949 Cost: 4.000
arrive destination: True ,out of road:False   Total T: 305757 Episode Num: 947 Episode T: 263 Reward: 273.804 Cost: 3.000
arrive destination: False ,out of road:True   Total T: 306084 Episode Num: 948 Episode T: 327 Reward: 352.283 Cost: 7.000
arrive destination: True ,out of road:False   Total T: 306615 Episode Num: 949 Episode T: 531 Reward: 398.131 Cost: 14.000
arrive destination: True ,out of road:False   Total T: 307102 Episode Num: 950 Episode T: 487 Reward: 412.067 Cost: 9.000
arrive destination: True ,out of road:False   Total T: 307608 Episode Num: 951 Episode T: 506 Reward: 463.932 Cost: 14.000
arrive destination: False ,out of road:True   Total T: 307742 Episode Num: 952 Episode T: 134 Reward: 146.706 Cost: 1.000
arrive destination: True ,out of road:False   Total T: 308107 Episode Num: 953 Episode T: 365 Reward: 393.580 Cost: 0.000
arrive destination: True ,out of road:False   Total T: 308486 Episode Num: 954 Episode T: 379 Reward: 375.434 Cost: 0.000
arrive destination: True ,out of road:False   Total T: 308768 Episode Num: 955 Episode T: 282 Reward: 276.658 Cost: 2.000
arrive destination: True ,out of road:False   Total T: 309179 Episode Num: 956 Episode T: 411 Reward: 382.942 Cost: 0.000
arrive destination: True ,out of road:False   Total T: 309490 Episode Num: 957 Episode T: 311 Reward: 274.295 Cost: 14.000
arrive destination: False ,out of road:True   Total T: 309706 Episode Num: 958 Episode T: 216 Reward: 216.746 Cost: 6.000
arrive destination: True ,out of road:False   Total T: 309900 Episode Num: 959 Episode T: 194 Reward: 269.197 Cost: 3.000
---------------------------------------
Evaluation over 20 episodes: 0.650 Cost 5.250.             SafeRL used : use_lag
---------------------------------------
[34;1m
Time: 2026-06-29 22:59:06, Time spent from previous logger: 143.260 s[0m
[34;1mCustomLogger with fileds: ['total_steps', 'EpRet', 'EpCost', 'CostRate'][0m
[34;1mfieldvalues: [310000, 0.65, 5.25, 0.023996851602747105]
[0m
arrive destination: True ,out of road:False   Total T: 310366 Episode Num: 960 Episode T: 466 Reward: 488.074 Cost: 0.000
arrive destination: False ,out of road:True   Total T: 310988 Episode Num: 961 Episode T: 622 Reward: 474.968 Cost: 22.000
arrive destination: False ,out of road:True   Total T: 311139 Episode Num: 962 Episode T: 151 Reward: 187.231 Cost: 1.000
arrive destination: True ,out of road:False   Total T: 311338 Episode Num: 963 Episode T: 199 Reward: 235.088 Cost: 8.000
arrive destination: True ,out of road:False   Total T: 312019 Episode Num: 964 Episode T: 681 Reward: 421.410 Cost: 40.000
arrive destination: False ,out of road:True   Total T: 312158 Episode Num: 965 Episode T: 139 Reward: 129.793 Cost: 7.000
arrive destination: True ,out of road:False   Total T: 312613 Episode Num: 966 Episode T: 455 Reward: 379.823 Cost: 5.000
arrive destination: False ,out of road:True   Total T: 312992 Episode Num: 967 Episode T: 379 Reward: 299.403 Cost: 3.000
arrive destination: False ,out of road:True   Total T: 313338 Episode Num: 968 Episode T: 346 Reward: 215.612 Cost: 9.000
arrive destination: False ,out of road:True   Total T: 313676 Episode Num: 969 Episode T: 338 Reward: 351.389 Cost: 7.000
arrive destination: True ,out of road:False   Total T: 313864 Episode Num: 970 Episode T: 188 Reward: 269.265 Cost: 2.000
arrive destination: False ,out of road:True   Total T: 314268 Episode Num: 971 Episode T: 404 Reward: 338.193 Cost: 18.000
arrive destination: True ,out of road:False   Total T: 314642 Episode Num: 972 Episode T: 374 Reward: 374.051 Cost: 0.000
arrive destination: True ,out of road:False   Total T: 314990 Episode Num: 973 Episode T: 348 Reward: 391.078 Cost: 0.000
arrive destination: False ,out of road:True   Total T: 315272 Episode Num: 974 Episode T: 282 Reward: 232.095 Cost: 13.000
arrive destination: True ,out of road:False   Total T: 315665 Episode Num: 975 Episode T: 393 Reward: 374.872 Cost: 0.000
arrive destination: False ,out of road:True   Total T: 315859 Episode Num: 976 Episode T: 194 Reward: 183.138 Cost: 1.000
arrive destination: True ,out of road:False   Total T: 316151 Episode Num: 977 Episode T: 292 Reward: 335.785 Cost: 0.000
arrive destination: True ,out of road:False   Total T: 316384 Episode Num: 978 Episode T: 233 Reward: 295.831 Cost: 5.000
arrive destination: False ,out of road:False   Total T: 317384 Episode Num: 979 Episode T: 1000 Reward: 66.451 Cost: 12.000
arrive destination: True ,out of road:False   Total T: 317720 Episode Num: 980 Episode T: 336 Reward: 391.016 Cost: 0.000
arrive destination: True ,out of road:False   Total T: 318335 Episode Num: 981 Episode T: 615 Reward: 417.837 Cost: 24.000
arrive destination: True ,out of road:False   Total T: 318623 Episode Num: 982 Episode T: 288 Reward: 336.278 Cost: 2.000
arrive destination: False ,out of road:True   Total T: 318719 Episode Num: 983 Episode T: 96 Reward: 74.677 Cost: 1.000
arrive destination: True ,out of road:False   Total T: 319244 Episode Num: 984 Episode T: 525 Reward: 422.065 Cost: 17.000
arrive destination: True ,out of road:False   Total T: 319594 Episode Num: 985 Episode T: 350 Reward: 393.271 Cost: 0.000
arrive destination: False ,out of road:True   Total T: 319871 Episode Num: 986 Episode T: 277 Reward: 248.672 Cost: 9.000
---------------------------------------
Evaluation over 20 episodes: 0.650 Cost 7.150.             SafeRL used : use_lag
---------------------------------------
[34;1m
Time: 2026-06-29 23:01:33, Time spent from previous logger: 147.127 s[0m
[34;1mCustomLogger with fileds: ['total_steps', 'EpRet', 'EpCost', 'CostRate'][0m
[34;1mfieldvalues: [320000, 0.65, 7.15, 0.02389069965843643]
[0m
arrive destination: True ,out of road:False   Total T: 320469 Episode Num: 987 Episode T: 598 Reward: 485.873 Cost: 4.000
arrive destination: True ,out of road:False   Total T: 321185 Episode Num: 988 Episode T: 716 Reward: 420.472 Cost: 24.000
arrive destination: True ,out of road:False   Total T: 321557 Episode Num: 989 Episode T: 372 Reward: 294.802 Cost: 8.000
arrive destination: True ,out of road:False   Total T: 321873 Episode Num: 990 Episode T: 316 Reward: 265.458 Cost: 1.000
arrive destination: True ,out of road:False   Total T: 322244 Episode Num: 991 Episode T: 371 Reward: 376.223 Cost: 0.000
arrive destination: True ,out of road:False   Total T: 322521 Episode Num: 992 Episode T: 277 Reward: 336.219 Cost: 0.000
arrive destination: True ,out of road:False   Total T: 322890 Episode Num: 993 Episode T: 369 Reward: 266.032 Cost: 8.000
arrive destination: True ,out of road:False   Total T: 323502 Episode Num: 994 Episode T: 612 Reward: 452.354 Cost: 52.000
arrive destination: True ,out of road:False   Total T: 323765 Episode Num: 995 Episode T: 263 Reward: 261.786 Cost: 0.000
arrive destination: True ,out of road:False   Total T: 324242 Episode Num: 996 Episode T: 477 Reward: 495.137 Cost: 13.000
arrive destination: True ,out of road:False   Total T: 324477 Episode Num: 997 Episode T: 235 Reward: 295.768 Cost: 11.000
arrive destination: True ,out of road:False   Total T: 324822 Episode Num: 998 Episode T: 345 Reward: 393.789 Cost: 0.000
arrive destination: True ,out of road:False   Total T: 325060 Episode Num: 999 Episode T: 238 Reward: 292.761 Cost: 3.000
arrive destination: False ,out of road:True   Total T: 325458 Episode Num: 1000 Episode T: 398 Reward: 207.649 Cost: 29.000
arrive destination: True ,out of road:False   Total T: 325660 Episode Num: 1001 Episode T: 202 Reward: 235.048 Cost: 2.000
arrive destination: True ,out of road:False   Total T: 326197 Episode Num: 1002 Episode T: 537 Reward: 498.800 Cost: 10.000
arrive destination: True ,out of road:False   Total T: 326585 Episode Num: 1003 Episode T: 388 Reward: 373.976 Cost: 4.000
arrive destination: True ,out of road:False   Total T: 326905 Episode Num: 1004 Episode T: 320 Reward: 314.494 Cost: 9.000
arrive destination: True ,out of road:False   Total T: 327176 Episode Num: 1005 Episode T: 271 Reward: 261.193 Cost: 0.000
arrive destination: True ,out of road:False   Total T: 327377 Episode Num: 1006 Episode T: 201 Reward: 232.806 Cost: 2.000
arrive destination: True ,out of road:False   Total T: 327576 Episode Num: 1007 Episode T: 199 Reward: 235.045 Cost: 0.000
arrive destination: True ,out of road:False   Total T: 328120 Episode Num: 1008 Episode T: 544 Reward: 485.953 Cost: 13.000
arrive destination: True ,out of road:False   Total T: 328381 Episode Num: 1009 Episode T: 261 Reward: 260.923 Cost: 2.000
arrive destination: True ,out of road:False   Total T: 328746 Episode Num: 1010 Episode T: 365 Reward: 404.387 Cost: 0.000
arrive destination: True ,out of road:False   Total T: 329005 Episode Num: 1011 Episode T: 259 Reward: 273.694 Cost: 2.000
arrive destination: True ,out of road:False   Total T: 329256 Episode Num: 1012 Episode T: 251 Reward: 276.284 Cost: 1.000
arrive destination: True ,out of road:False   Total T: 329545 Episode Num: 1013 Episode T: 289 Reward: 304.051 Cost: 0.000
arrive destination: True ,out of road:False   Total T: 329767 Episode Num: 1014 Episode T: 222 Reward: 288.993 Cost: 1.000
---------------------------------------
Evaluation over 20 episodes: 0.700 Cost 7.400.             SafeRL used : use_lag
---------------------------------------
[34;1m
Time: 2026-06-29 23:04:03, Time spent from previous logger: 149.873 s[0m
[34;1mCustomLogger with fileds: ['total_steps', 'EpRet', 'EpCost', 'CostRate'][0m
[34;1mfieldvalues: [330000, 0.7, 7.4, 0.023772799311513066]
[0m
arrive destination: True ,out of road:False   Total T: 330440 Episode Num: 1015 Episode T: 673 Reward: 594.710 Cost: 1.000
arrive destination: True ,out of road:False   Total T: 330663 Episode Num: 1016 Episode T: 223 Reward: 295.897 Cost: 2.000
arrive destination: True ,out of road:False   Total T: 331056 Episode Num: 1017 Episode T: 393 Reward: 376.077 Cost: 0.000
arrive destination: True ,out of road:False   Total T: 331476 Episode Num: 1018 Episode T: 420 Reward: 306.422 Cost: 14.000
arrive destination: True ,out of road:False   Total T: 331818 Episode Num: 1019 Episode T: 342 Reward: 336.294 Cost: 8.000
arrive destination: True ,out of road:False   Total T: 332065 Episode Num: 1020 Episode T: 247 Reward: 234.189 Cost: 2.000
arrive destination: True ,out of road:False   Total T: 332492 Episode Num: 1021 Episode T: 427 Reward: 377.002 Cost: 8.000
arrive destination: True ,out of road:False   Total T: 332892 Episode Num: 1022 Episode T: 400 Reward: 294.830 Cost: 8.000
arrive destination: True ,out of road:False   Total T: 333447 Episode Num: 1023 Episode T: 555 Reward: 277.265 Cost: 46.000
arrive destination: False ,out of road:True   Total T: 333905 Episode Num: 1024 Episode T: 458 Reward: 318.223 Cost: 27.000
arrive destination: True ,out of road:False   Total T: 334269 Episode Num: 1025 Episode T: 364 Reward: 379.177 Cost: 17.000
arrive destination: True ,out of road:False   Total T: 334489 Episode Num: 1026 Episode T: 220 Reward: 295.934 Cost: 8.000
arrive destination: True ,out of road:False   Total T: 334752 Episode Num: 1027 Episode T: 263 Reward: 264.571 Cost: 0.000
arrive destination: True ,out of road:False   Total T: 335019 Episode Num: 1028 Episode T: 267 Reward: 261.857 Cost: 0.000
arrive destination: True ,out of road:False   Total T: 335256 Episode Num: 1029 Episode T: 237 Reward: 295.731 Cost: 7.000
arrive destination: True ,out of road:False   Total T: 335446 Episode Num: 1030 Episode T: 190 Reward: 269.222 Cost: 0.000
arrive destination: True ,out of road:False   Total T: 335633 Episode Num: 1031 Episode T: 187 Reward: 269.463 Cost: 0.000
arrive destination: False ,out of road:False   Total T: 336633 Episode Num: 1032 Episode T: 1000 Reward: 192.142 Cost: 11.000
arrive destination: True ,out of road:False   Total T: 336830 Episode Num: 1033 Episode T: 197 Reward: 233.938 Cost: 0.000
arrive destination: True ,out of road:False   Total T: 337073 Episode Num: 1034 Episode T: 243 Reward: 273.789 Cost: 3.000
arrive destination: False ,out of road:True   Total T: 337210 Episode Num: 1035 Episode T: 137 Reward: 139.561 Cost: 1.000
arrive destination: True ,out of road:False   Total T: 337689 Episode Num: 1036 Episode T: 479 Reward: 473.265 Cost: 8.000
arrive destination: True ,out of road:False   Total T: 337868 Episode Num: 1037 Episode T: 179 Reward: 269.305 Cost: 3.000
arrive destination: True ,out of road:False   Total T: 338129 Episode Num: 1038 Episode T: 261 Reward: 263.260 Cost: 0.000
arrive destination: True ,out of road:False   Total T: 338343 Episode Num: 1039 Episode T: 214 Reward: 295.735 Cost: 9.000
arrive destination: True ,out of road:False   Total T: 338753 Episode Num: 1040 Episode T: 410 Reward: 397.850 Cost: 6.000
arrive destination: True ,out of road:False   Total T: 339160 Episode Num: 1041 Episode T: 407 Reward: 398.313 Cost: 0.000
arrive destination: True ,out of road:False   Total T: 339368 Episode Num: 1042 Episode T: 208 Reward: 232.553 Cost: 2.000
arrive destination: True ,out of road:False   Total T: 339559 Episode Num: 1043 Episode T: 191 Reward: 270.011 Cost: 4.000
---------------------------------------
Evaluation over 20 episodes: 0.750 Cost 6.000.             SafeRL used : use_lag
---------------------------------------
[34;1m
Time: 2026-06-29 23:06:21, Time spent from previous logger: 138.209 s[0m
[34;1mCustomLogger with fileds: ['total_steps', 'EpRet', 'EpCost', 'CostRate'][0m
[34;1mfieldvalues: [340000, 0.75, 6.0, 0.02368830496560284]
[0m
arrive destination: True ,out of road:False   Total T: 340209 Episode Num: 1044 Episode T: 650 Reward: 630.315 Cost: 20.000
arrive destination: True ,out of road:False   Total T: 340465 Episode Num: 1045 Episode T: 256 Reward: 261.317 Cost: 0.000
arrive destination: True ,out of road:False   Total T: 340662 Episode Num: 1046 Episode T: 197 Reward: 233.140 Cost: 0.000
arrive destination: False ,out of road:True   Total T: 340860 Episode Num: 1047 Episode T: 198 Reward: 232.587 Cost: 5.000
arrive destination: True ,out of road:False   Total T: 341306 Episode Num: 1048 Episode T: 446 Reward: 377.797 Cost: 13.000
arrive destination: False ,out of road:True   Total T: 341438 Episode Num: 1049 Episode T: 132 Reward: 152.718 Cost: 1.000
arrive destination: False ,out of road:True   Total T: 341820 Episode Num: 1050 Episode T: 382 Reward: 319.888 Cost: 18.000
arrive destination: True ,out of road:False   Total T: 342153 Episode Num: 1051 Episode T: 333 Reward: 380.125 Cost: 8.000
arrive destination: True ,out of road:False   Total T: 342652 Episode Num: 1052 Episode T: 499 Reward: 336.188 Cost: 15.000
arrive destination: True ,out of road:False   Total T: 343008 Episode Num: 1053 Episode T: 356 Reward: 304.449 Cost: 2.000
arrive destination: True ,out of road:False   Total T: 343261 Episode Num: 1054 Episode T: 253 Reward: 290.924 Cost: 3.000
arrive destination: True ,out of road:False   Total T: 343529 Episode Num: 1055 Episode T: 268 Reward: 304.882 Cost: 0.000
arrive destination: True ,out of road:False   Total T: 343847 Episode Num: 1056 Episode T: 318 Reward: 398.810 Cost: 10.000
arrive destination: False ,out of road:True   Total T: 343998 Episode Num: 1057 Episode T: 151 Reward: 184.202 Cost: 1.000
arrive destination: False ,out of road:True   Total T: 344141 Episode Num: 1058 Episode T: 143 Reward: 181.355 Cost: 1.000
arrive destination: True ,out of road:False   Total T: 344519 Episode Num: 1059 Episode T: 378 Reward: 398.193 Cost: 0.000
arrive destination: True ,out of road:False   Total T: 344829 Episode Num: 1060 Episode T: 310 Reward: 400.439 Cost: 13.000
arrive destination: True ,out of road:False   Total T: 345284 Episode Num: 1061 Episode T: 455 Reward: 412.644 Cost: 15.000
arrive destination: False ,out of road:True   Total T: 345687 Episode Num: 1062 Episode T: 403 Reward: 367.737 Cost: 26.000
arrive destination: True ,out of road:False   Total T: 345934 Episode Num: 1063 Episode T: 247 Reward: 262.643 Cost: 0.000
arrive destination: False ,out of road:True   Total T: 346164 Episode Num: 1064 Episode T: 230 Reward: 181.304 Cost: 2.000
arrive destination: True ,out of road:False   Total T: 346424 Episode Num: 1065 Episode T: 260 Reward: 275.179 Cost: 5.000
arrive destination: True ,out of road:False   Total T: 346829 Episode Num: 1066 Episode T: 405 Reward: 382.507 Cost: 3.000
arrive destination: True ,out of road:False   Total T: 347314 Episode Num: 1067 Episode T: 485 Reward: 378.646 Cost: 10.000
arrive destination: True ,out of road:True   Total T: 347682 Episode Num: 1068 Episode T: 368 Reward: 294.563 Cost: 21.000
arrive destination: True ,out of road:False   Total T: 348081 Episode Num: 1069 Episode T: 399 Reward: 374.248 Cost: 0.000
arrive destination: True ,out of road:False   Total T: 348401 Episode Num: 1070 Episode T: 320 Reward: 314.381 Cost: 2.000
arrive destination: True ,out of road:False   Total T: 348789 Episode Num: 1071 Episode T: 388 Reward: 372.455 Cost: 0.000
arrive destination: False ,out of road:True   Total T: 348934 Episode Num: 1072 Episode T: 145 Reward: 152.455 Cost: 3.000
arrive destination: False ,out of road:True   Total T: 349066 Episode Num: 1073 Episode T: 132 Reward: 153.658 Cost: 1.000
arrive destination: True ,out of road:False   Total T: 349528 Episode Num: 1074 Episode T: 462 Reward: 421.341 Cost: 14.000
arrive destination: True ,out of road:False   Total T: 349908 Episode Num: 1075 Episode T: 380 Reward: 372.527 Cost: 1.000
---------------------------------------
Evaluation over 20 episodes: 0.850 Cost 5.850.             SafeRL used : use_lag
---------------------------------------
[34;1m
Time: 2026-06-29 23:08:45, Time spent from previous logger: 144.203 s[0m
[34;1mCustomLogger with fileds: ['total_steps', 'EpRet', 'EpCost', 'CostRate'][0m
[34;1mfieldvalues: [350000, 0.85, 5.85, 0.02357721022060063]
[0m
arrive destination: True ,out of road:False   Total T: 350342 Episode Num: 1076 Episode T: 434 Reward: 466.037 Cost: 12.000
arrive destination: True ,out of road:False   Total T: 350780 Episode Num: 1077 Episode T: 438 Reward: 471.057 Cost: 6.000
arrive destination: False ,out of road:True   Total T: 350911 Episode Num: 1078 Episode T: 131 Reward: 139.244 Cost: 2.000
arrive destination: True ,out of road:False   Total T: 351181 Episode Num: 1079 Episode T: 270 Reward: 266.001 Cost: 2.000
arrive destination: False ,out of road:True   Total T: 351486 Episode Num: 1080 Episode T: 305 Reward: 305.938 Cost: 12.000
arrive destination: True ,out of road:False   Total T: 351738 Episode Num: 1081 Episode T: 252 Reward: 299.050 Cost: 5.000
arrive destination: True ,out of road:False   Total T: 352020 Episode Num: 1082 Episode T: 282 Reward: 335.812 Cost: 2.000
arrive destination: True ,out of road:False   Total T: 352517 Episode Num: 1083 Episode T: 497 Reward: 381.400 Cost: 16.000
arrive destination: False ,out of road:True   Total T: 352728 Episode Num: 1084 Episode T: 211 Reward: 211.253 Cost: 4.000
arrive destination: False ,out of road:True   Total T: 353070 Episode Num: 1085 Episode T: 342 Reward: 308.991 Cost: 19.000
arrive destination: False ,out of road:True   Total T: 353453 Episode Num: 1086 Episode T: 383 Reward: 381.074 Cost: 10.000
arrive destination: True ,out of road:False   Total T: 353959 Episode Num: 1087 Episode T: 506 Reward: 335.529 Cost: 21.000
arrive destination: True ,out of road:False   Total T: 354316 Episode Num: 1088 Episode T: 357 Reward: 377.966 Cost: 7.000
arrive destination: True ,out of road:False   Total T: 354886 Episode Num: 1089 Episode T: 570 Reward: 380.154 Cost: 16.000
arrive destination: True ,out of road:False   Total T: 355309 Episode Num: 1090 Episode T: 423 Reward: 413.932 Cost: 5.000
arrive destination: True ,out of road:False   Total T: 355737 Episode Num: 1091 Episode T: 428 Reward: 461.457 Cost: 17.000
arrive destination: True ,out of road:False   Total T: 356160 Episode Num: 1092 Episode T: 423 Reward: 465.502 Cost: 2.000
arrive destination: True ,out of road:False   Total T: 356876 Episode Num: 1093 Episode T: 716 Reward: 416.481 Cost: 50.000
arrive destination: True ,out of road:False   Total T: 357095 Episode Num: 1094 Episode T: 219 Reward: 295.812 Cost: 4.000
arrive destination: True ,out of road:False   Total T: 357474 Episode Num: 1095 Episode T: 379 Reward: 401.574 Cost: 14.000
arrive destination: True ,out of road:False   Total T: 357731 Episode Num: 1096 Episode T: 257 Reward: 263.846 Cost: 3.000
arrive destination: True ,out of road:False   Total T: 357979 Episode Num: 1097 Episode T: 248 Reward: 266.075 Cost: 0.000
arrive destination: False ,out of road:True   Total T: 358080 Episode Num: 1098 Episode T: 101 Reward: 77.549 Cost: 3.000
arrive destination: False ,out of road:True   Total T: 358311 Episode Num: 1099 Episode T: 231 Reward: 254.249 Cost: 12.000
arrive destination: True ,out of road:False   Total T: 358753 Episode Num: 1100 Episode T: 442 Reward: 336.196 Cost: 16.000
arrive destination: True ,out of road:False   Total T: 359208 Episode Num: 1101 Episode T: 455 Reward: 496.329 Cost: 9.000
arrive destination: True ,out of road:False   Total T: 359596 Episode Num: 1102 Episode T: 388 Reward: 376.995 Cost: 5.000
---------------------------------------
Evaluation over 20 episodes: 0.750 Cost 7.900.             SafeRL used : use_lag
---------------------------------------
[34;1m
Time: 2026-06-29 23:11:08, Time spent from previous logger: 142.253 s[0m
[34;1mCustomLogger with fileds: ['total_steps', 'EpRet', 'EpCost', 'CostRate'][0m
[34;1mfieldvalues: [360000, 0.75, 7.9, 0.023730621473948537]
[0m
arrive destination: False ,out of road:True   Total T: 360264 Episode Num: 1103 Episode T: 668 Reward: 587.822 Cost: 20.000
arrive destination: False ,out of road:True   Total T: 360391 Episode Num: 1104 Episode T: 127 Reward: 146.035 Cost: 1.000
arrive destination: True ,out of road:False   Total T: 360843 Episode Num: 1105 Episode T: 452 Reward: 495.564 Cost: 13.000
arrive destination: True ,out of road:False   Total T: 361318 Episode Num: 1106 Episode T: 475 Reward: 495.819 Cost: 27.000
arrive destination: True ,out of road:False   Total T: 361693 Episode Num: 1107 Episode T: 375 Reward: 373.900 Cost: 4.000
arrive destination: True ,out of road:False   Total T: 362305 Episode Num: 1108 Episode T: 612 Reward: 499.981 Cost: 38.000
arrive destination: True ,out of road:False   Total T: 362739 Episode Num: 1109 Episode T: 434 Reward: 381.407 Cost: 21.000
arrive destination: False ,out of road:True   Total T: 362834 Episode Num: 1110 Episode T: 95 Reward: 69.138 Cost: 5.000
arrive destination: True ,out of road:False   Total T: 363107 Episode Num: 1111 Episode T: 273 Reward: 266.708 Cost: 7.000
arrive destination: False ,out of road:True   Total T: 363308 Episode Num: 1112 Episode T: 201 Reward: 199.766 Cost: 1.000
arrive destination: True ,out of road:False   Total T: 363821 Episode Num: 1113 Episode T: 513 Reward: 411.842 Cost: 15.000
arrive destination: True ,out of road:False   Total T: 364215 Episode Num: 1114 Episode T: 394 Reward: 376.642 Cost: 13.000
arrive destination: True ,out of road:False   Total T: 364609 Episode Num: 1115 Episode T: 394 Reward: 379.457 Cost: 10.000
arrive destination: True ,out of road:False   Total T: 364979 Episode Num: 1116 Episode T: 370 Reward: 399.694 Cost: 0.000
arrive destination: True ,out of road:False   Total T: 365201 Episode Num: 1117 Episode T: 222 Reward: 235.597 Cost: 0.000
arrive destination: True ,out of road:False   Total T: 365435 Episode Num: 1118 Episode T: 234 Reward: 296.143 Cost: 3.000
arrive destination: False ,out of road:True   Total T: 365532 Episode Num: 1119 Episode T: 97 Reward: 67.705 Cost: 5.000
arrive destination: True ,out of road:False   Total T: 365796 Episode Num: 1120 Episode T: 264 Reward: 265.380 Cost: 3.000
arrive destination: False ,out of road:True   Total T: 365962 Episode Num: 1121 Episode T: 166 Reward: 183.328 Cost: 3.000
arrive destination: False ,out of road:True   Total T: 366127 Episode Num: 1122 Episode T: 165 Reward: 121.437 Cost: 14.000
arrive destination: True ,out of road:False   Total T: 366377 Episode Num: 1123 Episode T: 250 Reward: 275.910 Cost: 1.000
arrive destination: True ,out of road:False   Total T: 366778 Episode Num: 1124 Episode T: 401 Reward: 376.876 Cost: 11.000
arrive destination: True ,out of road:False   Total T: 367045 Episode Num: 1125 Episode T: 267 Reward: 305.361 Cost: 7.000
arrive destination: True ,out of road:False   Total T: 367259 Episode Num: 1126 Episode T: 214 Reward: 295.730 Cost: 10.000
arrive destination: True ,out of road:False   Total T: 367708 Episode Num: 1127 Episode T: 449 Reward: 383.139 Cost: 1.000
arrive destination: True ,out of road:False   Total T: 367991 Episode Num: 1128 Episode T: 283 Reward: 271.729 Cost: 3.000
arrive destination: True ,out of road:False   Total T: 368355 Episode Num: 1129 Episode T: 364 Reward: 376.181 Cost: 11.000
arrive destination: True ,out of road:False   Total T: 368614 Episode Num: 1130 Episode T: 259 Reward: 290.730 Cost: 6.000
arrive destination: False ,out of road:True   Total T: 368776 Episode Num: 1131 Episode T: 162 Reward: 139.667 Cost: 1.000
arrive destination: True ,out of road:False   Total T: 369189 Episode Num: 1132 Episode T: 413 Reward: 398.596 Cost: 17.000
arrive destination: True ,out of road:False   Total T: 369669 Episode Num: 1133 Episode T: 480 Reward: 418.339 Cost: 19.000
arrive destination: True ,out of road:False   Total T: 369888 Episode Num: 1134 Episode T: 219 Reward: 294.841 Cost: 3.000
---------------------------------------
Evaluation over 20 episodes: 0.750 Cost 6.750.             SafeRL used : use_lag
---------------------------------------
[34;1m
Time: 2026-06-29 23:13:38, Time spent from previous logger: 150.774 s[0m
[34;1mCustomLogger with fileds: ['total_steps', 'EpRet', 'EpCost', 'CostRate'][0m
[34;1mfieldvalues: [370000, 0.75, 6.75, 0.02385411852464466]
[0m
arrive destination: True ,out of road:False   Total T: 370378 Episode Num: 1135 Episode T: 490 Reward: 469.889 Cost: 7.000
arrive destination: True ,out of road:False   Total T: 370675 Episode Num: 1136 Episode T: 297 Reward: 289.804 Cost: 19.000
arrive destination: True ,out of road:False   Total T: 370858 Episode Num: 1137 Episode T: 183 Reward: 233.582 Cost: 3.000
arrive destination: False ,out of road:True   Total T: 370963 Episode Num: 1138 Episode T: 105 Reward: 77.590 Cost: 4.000
arrive destination: True ,out of road:False   Total T: 371141 Episode Num: 1139 Episode T: 178 Reward: 269.655 Cost: 0.000
arrive destination: True ,out of road:False   Total T: 371578 Episode Num: 1140 Episode T: 437 Reward: 380.932 Cost: 10.000
arrive destination: True ,out of road:False   Total T: 371998 Episode Num: 1141 Episode T: 420 Reward: 476.254 Cost: 1.000
arrive destination: True ,out of road:False   Total T: 372423 Episode Num: 1142 Episode T: 425 Reward: 382.004 Cost: 7.000
arrive destination: False ,out of road:True   Total T: 372575 Episode Num: 1143 Episode T: 152 Reward: 149.601 Cost: 2.000
arrive destination: True ,out of road:False   Total T: 372816 Episode Num: 1144 Episode T: 241 Reward: 289.901 Cost: 1.000
arrive destination: False ,out of road:True   Total T: 372976 Episode Num: 1145 Episode T: 160 Reward: 162.890 Cost: 7.000
arrive destination: False ,out of road:True   Total T: 373479 Episode Num: 1146 Episode T: 503 Reward: 448.872 Cost: 29.000
arrive destination: True ,out of road:False   Total T: 373976 Episode Num: 1147 Episode T: 497 Reward: 497.642 Cost: 5.000
arrive destination: False ,out of road:True   Total T: 374212 Episode Num: 1148 Episode T: 236 Reward: 223.653 Cost: 6.000
arrive destination: True ,out of road:False   Total T: 374730 Episode Num: 1149 Episode T: 518 Reward: 380.743 Cost: 12.000
arrive destination: True ,out of road:False   Total T: 375097 Episode Num: 1150 Episode T: 367 Reward: 375.217 Cost: 1.000
arrive destination: True ,out of road:False   Total T: 375517 Episode Num: 1151 Episode T: 420 Reward: 474.098 Cost: 4.000
arrive destination: True ,out of road:False   Total T: 375885 Episode Num: 1152 Episode T: 368 Reward: 376.029 Cost: 0.000
arrive destination: True ,out of road:False   Total T: 376069 Episode Num: 1153 Episode T: 184 Reward: 269.913 Cost: 0.000
arrive destination: False ,out of road:True   Total T: 376330 Episode Num: 1154 Episode T: 261 Reward: 256.526 Cost: 4.000
arrive destination: True ,out of road:False   Total T: 376959 Episode Num: 1155 Episode T: 629 Reward: 427.091 Cost: 20.000
arrive destination: False ,out of road:True   Total T: 377058 Episode Num: 1156 Episode T: 99 Reward: 76.867 Cost: 4.000
arrive destination: True ,out of road:False   Total T: 377409 Episode Num: 1157 Episode T: 351 Reward: 380.201 Cost: 8.000
arrive destination: True ,out of road:False   Total T: 377638 Episode Num: 1158 Episode T: 229 Reward: 288.543 Cost: 3.000
arrive destination: True ,out of road:False   Total T: 378091 Episode Num: 1159 Episode T: 453 Reward: 412.948 Cost: 22.000
arrive destination: True ,out of road:False   Total T: 378546 Episode Num: 1160 Episode T: 455 Reward: 336.109 Cost: 17.000
arrive destination: True ,out of road:False   Total T: 378798 Episode Num: 1161 Episode T: 252 Reward: 263.162 Cost: 0.000
arrive destination: True ,out of road:False   Total T: 379085 Episode Num: 1162 Episode T: 287 Reward: 300.003 Cost: 15.000
arrive destination: False ,out of road:True   Total T: 379389 Episode Num: 1163 Episode T: 304 Reward: 312.043 Cost: 8.000
arrive destination: True ,out of road:False   Total T: 379818 Episode Num: 1164 Episode T: 429 Reward: 460.834 Cost: 25.000
---------------------------------------
Evaluation over 20 episodes: 0.700 Cost 7.450.             SafeRL used : use_lag
---------------------------------------
[34;1m
Time: 2026-06-29 23:16:08, Time spent from previous logger: 149.319 s[0m
[34;1mCustomLogger with fileds: ['total_steps', 'EpRet', 'EpCost', 'CostRate'][0m
[34;1mfieldvalues: [380000, 0.7, 7.45, 0.023850062763323063]
[0m
arrive destination: True ,out of road:False   Total T: 380253 Episode Num: 1165 Episode T: 435 Reward: 498.281 Cost: 0.000
arrive destination: True ,out of road:False   Total T: 380526 Episode Num: 1166 Episode T: 273 Reward: 271.070 Cost: 8.000
arrive destination: True ,out of road:False   Total T: 380913 Episode Num: 1167 Episode T: 387 Reward: 303.442 Cost: 0.000
arrive destination: True ,out of road:False   Total T: 381256 Episode Num: 1168 Episode T: 343 Reward: 306.905 Cost: 9.000
arrive destination: True ,out of road:False   Total T: 381567 Episode Num: 1169 Episode T: 311 Reward: 303.883 Cost: 1.000
arrive destination: True ,out of road:False   Total T: 381768 Episode Num: 1170 Episode T: 201 Reward: 232.557 Cost: 0.000
arrive destination: True ,out of road:False   Total T: 381947 Episode Num: 1171 Episode T: 179 Reward: 269.593 Cost: 6.000
arrive destination: True ,out of road:False   Total T: 382310 Episode Num: 1172 Episode T: 363 Reward: 369.911 Cost: 2.000
arrive destination: False ,out of road:True   Total T: 382555 Episode Num: 1173 Episode T: 245 Reward: 268.116 Cost: 1.000
arrive destination: True ,out of road:False   Total T: 382922 Episode Num: 1174 Episode T: 367 Reward: 396.587 Cost: 0.000
arrive destination: True ,out of road:False   Total T: 383299 Episode Num: 1175 Episode T: 377 Reward: 384.478 Cost: 29.000
arrive destination: True ,out of road:False   Total T: 383548 Episode Num: 1176 Episode T: 249 Reward: 275.356 Cost: 2.000
arrive destination: True ,out of road:False   Total T: 383849 Episode Num: 1177 Episode T: 301 Reward: 272.204 Cost: 13.000
arrive destination: False ,out of road:True   Total T: 384043 Episode Num: 1178 Episode T: 194 Reward: 216.681 Cost: 10.000
arrive destination: True ,out of road:False   Total T: 384295 Episode Num: 1179 Episode T: 252 Reward: 276.564 Cost: 1.000
arrive destination: False ,out of road:True   Total T: 384392 Episode Num: 1180 Episode T: 97 Reward: 76.656 Cost: 4.000
arrive destination: True ,out of road:False   Total T: 384768 Episode Num: 1181 Episode T: 376 Reward: 375.201 Cost: 7.000
arrive destination: False ,out of road:True   Total T: 384897 Episode Num: 1182 Episode T: 129 Reward: 65.519 Cost: 14.000
arrive destination: False ,out of road:True   Total T: 385058 Episode Num: 1183 Episode T: 161 Reward: 158.251 Cost: 12.000
arrive destination: True ,out of road:False   Total T: 385338 Episode Num: 1184 Episode T: 280 Reward: 336.242 Cost: 6.000
arrive destination: False ,out of road:True   Total T: 385440 Episode Num: 1185 Episode T: 102 Reward: 83.719 Cost: 6.000
arrive destination: True ,out of road:False   Total T: 385834 Episode Num: 1186 Episode T: 394 Reward: 463.809 Cost: 11.000
arrive destination: False ,out of road:True   Total T: 386284 Episode Num: 1187 Episode T: 450 Reward: 351.716 Cost: 23.000
arrive destination: True ,out of road:False   Total T: 386516 Episode Num: 1188 Episode T: 232 Reward: 334.900 Cost: 4.000
arrive destination: True ,out of road:False   Total T: 386930 Episode Num: 1189 Episode T: 414 Reward: 377.537 Cost: 5.000
arrive destination: True ,out of road:False   Total T: 387335 Episode Num: 1190 Episode T: 405 Reward: 378.173 Cost: 9.000
arrive destination: True ,out of road:False   Total T: 387780 Episode Num: 1191 Episode T: 445 Reward: 477.303 Cost: 1.000
arrive destination: False ,out of road:True   Total T: 387890 Episode Num: 1192 Episode T: 110 Reward: 93.900 Cost: 1.000
arrive destination: False ,out of road:True   Total T: 388163 Episode Num: 1193 Episode T: 273 Reward: 275.916 Cost: 11.000
arrive destination: True ,out of road:False   Total T: 388426 Episode Num: 1194 Episode T: 263 Reward: 265.809 Cost: 0.000
arrive destination: True ,out of road:False   Total T: 388610 Episode Num: 1195 Episode T: 184 Reward: 232.871 Cost: 0.000
arrive destination: True ,out of road:False   Total T: 388947 Episode Num: 1196 Episode T: 337 Reward: 267.829 Cost: 12.000
arrive destination: True ,out of road:False   Total T: 389200 Episode Num: 1197 Episode T: 253 Reward: 263.478 Cost: 1.000
arrive destination: True ,out of road:False   Total T: 389505 Episode Num: 1198 Episode T: 305 Reward: 276.772 Cost: 4.000
arrive destination: True ,out of road:False   Total T: 389780 Episode Num: 1199 Episode T: 275 Reward: 269.614 Cost: 1.000
arrive destination: False ,out of road:True   Total T: 389876 Episode Num: 1200 Episode T: 96 Reward: 71.439 Cost: 4.000
arrive destination: False ,out of road:True   Total T: 389987 Episode Num: 1201 Episode T: 111 Reward: 50.188 Cost: 8.000
---------------------------------------
Evaluation over 20 episodes: 0.800 Cost 5.250.             SafeRL used : use_lag
---------------------------------------
[34;1m
Time: 2026-06-29 23:18:32, Time spent from previous logger: 144.123 s[0m
[34;1mCustomLogger with fileds: ['total_steps', 'EpRet', 'EpCost', 'CostRate'][0m
[34;1mfieldvalues: [390000, 0.8, 5.25, 0.023818009789768693]
[0m
arrive destination: True ,out of road:False   Total T: 390295 Episode Num: 1202 Episode T: 308 Reward: 290.237 Cost: 17.000
arrive destination: False ,out of road:True   Total T: 390995 Episode Num: 1203 Episode T: 700 Reward: 166.156 Cost: 5.000
arrive destination: True ,out of road:False   Total T: 391287 Episode Num: 1204 Episode T: 292 Reward: 264.109 Cost: 11.000
arrive destination: False ,out of road:False   Total T: 392287 Episode Num: 1205 Episode T: 1000 Reward: 64.346 Cost: 3.000
arrive destination: False ,out of road:True   Total T: 392495 Episode Num: 1206 Episode T: 208 Reward: 217.132 Cost: 1.000
arrive destination: False ,out of road:False   Total T: 393495 Episode Num: 1207 Episode T: 1000 Reward: 74.176 Cost: 3.000
arrive destination: False ,out of road:True   Total T: 393597 Episode Num: 1208 Episode T: 102 Reward: 89.295 Cost: 2.000
arrive destination: True ,out of road:False   Total T: 393867 Episode Num: 1209 Episode T: 270 Reward: 271.381 Cost: 1.000
arrive destination: True ,out of road:False   Total T: 394329 Episode Num: 1210 Episode T: 462 Reward: 379.020 Cost: 5.000
arrive destination: False ,out of road:True   Total T: 394627 Episode Num: 1211 Episode T: 298 Reward: 217.849 Cost: 6.000
arrive destination: False ,out of road:True   Total T: 394838 Episode Num: 1212 Episode T: 211 Reward: 163.013 Cost: 13.000
arrive destination: False ,out of road:True   Total T: 394999 Episode Num: 1213 Episode T: 161 Reward: 145.670 Cost: 1.000
arrive destination: True ,out of road:False   Total T: 395191 Episode Num: 1214 Episode T: 192 Reward: 269.498 Cost: 0.000
arrive destination: True ,out of road:False   Total T: 395405 Episode Num: 1215 Episode T: 214 Reward: 233.321 Cost: 0.000
arrive destination: True ,out of road:False   Total T: 395768 Episode Num: 1216 Episode T: 363 Reward: 402.905 Cost: 0.000
arrive destination: False ,out of road:True   Total T: 396066 Episode Num: 1217 Episode T: 298 Reward: 307.264 Cost: 11.000
arrive destination: False ,out of road:True   Total T: 396450 Episode Num: 1218 Episode T: 384 Reward: 272.872 Cost: 23.000
arrive destination: False ,out of road:True   Total T: 396834 Episode Num: 1219 Episode T: 384 Reward: 367.106 Cost: 6.000
arrive destination: True ,out of road:False   Total T: 397238 Episode Num: 1220 Episode T: 404 Reward: 379.303 Cost: 6.000
arrive destination: False ,out of road:True   Total T: 397593 Episode Num: 1221 Episode T: 355 Reward: 338.722 Cost: 16.000
arrive destination: True ,out of road:False   Total T: 397773 Episode Num: 1222 Episode T: 180 Reward: 269.809 Cost: 0.000
arrive destination: True ,out of road:False   Total T: 398216 Episode Num: 1223 Episode T: 443 Reward: 380.377 Cost: 4.000
arrive destination: True ,out of road:False   Total T: 398650 Episode Num: 1224 Episode T: 434 Reward: 467.534 Cost: 13.000
arrive destination: False ,out of road:True   Total T: 398748 Episode Num: 1225 Episode T: 98 Reward: 77.614 Cost: 3.000
arrive destination: False ,out of road:True   Total T: 398849 Episode Num: 1226 Episode T: 101 Reward: 75.213 Cost: 5.000
arrive destination: True ,out of road:False   Total T: 399370 Episode Num: 1227 Episode T: 521 Reward: 464.753 Cost: 14.000
arrive destination: True ,out of road:False   Total T: 399638 Episode Num: 1228 Episode T: 268 Reward: 303.141 Cost: 0.000
arrive destination: True ,out of road:False   Total T: 399819 Episode Num: 1229 Episode T: 181 Reward: 270.135 Cost: 0.000
arrive destination: True ,out of road:False   Total T: 399997 Episode Num: 1230 Episode T: 178 Reward: 269.574 Cost: 6.000
---------------------------------------
Evaluation over 20 episodes: 0.800 Cost 6.800.             SafeRL used : use_lag
---------------------------------------
[34;1m
Time: 2026-06-29 23:20:56, Time spent from previous logger: 143.601 s[0m
[34;1mCustomLogger with fileds: ['total_steps', 'EpRet', 'EpCost', 'CostRate'][0m
[34;1mfieldvalues: [400000, 0.8, 6.8, 0.023660059150147874]
[0m
arrive destination: True ,out of road:False   Total T: 400181 Episode Num: 1231 Episode T: 184 Reward: 269.002 Cost: 0.000
arrive destination: False ,out of road:True   Total T: 400280 Episode Num: 1232 Episode T: 99 Reward: 77.165 Cost: 4.000
arrive destination: True ,out of road:False   Total T: 400484 Episode Num: 1233 Episode T: 204 Reward: 234.586 Cost: 4.000
arrive destination: True ,out of road:False   Total T: 400703 Episode Num: 1234 Episode T: 219 Reward: 295.980 Cost: 5.000
arrive destination: False ,out of road:True   Total T: 400980 Episode Num: 1235 Episode T: 277 Reward: 257.836 Cost: 3.000
arrive destination: True ,out of road:False   Total T: 401525 Episode Num: 1236 Episode T: 545 Reward: 491.720 Cost: 19.000
arrive destination: True ,out of road:False   Total T: 401742 Episode Num: 1237 Episode T: 217 Reward: 288.382 Cost: 0.000
arrive destination: False ,out of road:True   Total T: 401928 Episode Num: 1238 Episode T: 186 Reward: 211.214 Cost: 1.000
arrive destination: True ,out of road:False   Total T: 402148 Episode Num: 1239 Episode T: 220 Reward: 295.905 Cost: 9.000
arrive destination: True ,out of road:False   Total T: 402586 Episode Num: 1240 Episode T: 438 Reward: 336.118 Cost: 14.000
arrive destination: False ,out of road:True   Total T: 402743 Episode Num: 1241 Episode T: 157 Reward: 142.279 Cost: 1.000
arrive destination: True ,out of road:False   Total T: 402964 Episode Num: 1242 Episode T: 221 Reward: 288.252 Cost: 2.000
arrive destination: True ,out of road:False   Total T: 403431 Episode Num: 1243 Episode T: 467 Reward: 409.836 Cost: 19.000
arrive destination: True ,out of road:False   Total T: 403636 Episode Num: 1244 Episode T: 205 Reward: 288.771 Cost: 0.000
arrive destination: True ,out of road:False   Total T: 404099 Episode Num: 1245 Episode T: 463 Reward: 493.220 Cost: 13.000
arrive destination: True ,out of road:False   Total T: 404528 Episode Num: 1246 Episode T: 429 Reward: 418.992 Cost: 23.000
arrive destination: True ,out of road:False   Total T: 404939 Episode Num: 1247 Episode T: 411 Reward: 380.557 Cost: 8.000
arrive destination: True ,out of road:False   Total T: 405161 Episode Num: 1248 Episode T: 222 Reward: 295.600 Cost: 3.000
arrive destination: False ,out of road:True   Total T: 405414 Episode Num: 1249 Episode T: 253 Reward: 216.540 Cost: 5.000
arrive destination: True ,out of road:False   Total T: 405981 Episode Num: 1250 Episode T: 567 Reward: 422.497 Cost: 17.000
arrive destination: True ,out of road:False   Total T: 406289 Episode Num: 1251 Episode T: 308 Reward: 304.856 Cost: 0.000
arrive destination: False ,out of road:True   Total T: 406442 Episode Num: 1252 Episode T: 153 Reward: 151.965 Cost: 1.000
arrive destination: True ,out of road:False   Total T: 406919 Episode Num: 1253 Episode T: 477 Reward: 380.912 Cost: 10.000
arrive destination: False ,out of road:True   Total T: 407088 Episode Num: 1254 Episode T: 169 Reward: 149.245 Cost: 1.000
arrive destination: False ,out of road:True   Total T: 407363 Episode Num: 1255 Episode T: 275 Reward: 236.232 Cost: 3.000
arrive destination: True ,out of road:False   Total T: 407916 Episode Num: 1256 Episode T: 553 Reward: 336.318 Cost: 11.000
arrive destination: False ,out of road:True   Total T: 408025 Episode Num: 1257 Episode T: 109 Reward: 81.016 Cost: 2.000
arrive destination: True ,out of road:False   Total T: 408232 Episode Num: 1258 Episode T: 207 Reward: 233.007 Cost: 3.000
arrive destination: True ,out of road:False   Total T: 408590 Episode Num: 1259 Episode T: 358 Reward: 273.709 Cost: 13.000
arrive destination: True ,out of road:False   Total T: 408874 Episode Num: 1260 Episode T: 284 Reward: 269.452 Cost: 3.000
arrive destination: True ,out of road:False   Total T: 409102 Episode Num: 1261 Episode T: 228 Reward: 286.232 Cost: 0.000
arrive destination: True ,out of road:False   Total T: 409355 Episode Num: 1262 Episode T: 253 Reward: 263.600 Cost: 3.000
arrive destination: True ,out of road:False   Total T: 409574 Episode Num: 1263 Episode T: 219 Reward: 288.071 Cost: 0.000
arrive destination: False ,out of road:True   Total T: 409723 Episode Num: 1264 Episode T: 149 Reward: 133.822 Cost: 1.000
---------------------------------------
Evaluation over 20 episodes: 0.800 Cost 9.400.             SafeRL used : use_lag
---------------------------------------
[34;1m
Time: 2026-06-29 23:23:22, Time spent from previous logger: 146.827 s[0m
[34;1mCustomLogger with fileds: ['total_steps', 'EpRet', 'EpCost', 'CostRate'][0m
[34;1mfieldvalues: [410000, 0.8, 9.4, 0.02357322822738592]
[0m
arrive destination: True ,out of road:False   Total T: 410179 Episode Num: 1265 Episode T: 456 Reward: 579.007 Cost: 4.000
arrive destination: False ,out of road:True   Total T: 410608 Episode Num: 1266 Episode T: 429 Reward: 358.145 Cost: 13.000
arrive destination: True ,out of road:False   Total T: 411110 Episode Num: 1267 Episode T: 502 Reward: 382.190 Cost: 9.000
arrive destination: False ,out of road:True   Total T: 411207 Episode Num: 1268 Episode T: 97 Reward: 77.389 Cost: 4.000
arrive destination: False ,out of road:True   Total T: 411638 Episode Num: 1269 Episode T: 431 Reward: 297.105 Cost: 8.000
arrive destination: True ,out of road:False   Total T: 411938 Episode Num: 1270 Episode T: 300 Reward: 267.399 Cost: 8.000
arrive destination: True ,out of road:False   Total T: 412195 Episode Num: 1271 Episode T: 257 Reward: 295.865 Cost: 13.000
arrive destination: False ,out of road:True   Total T: 412337 Episode Num: 1272 Episode T: 142 Reward: 131.705 Cost: 1.000
arrive destination: True ,out of road:False   Total T: 412536 Episode Num: 1273 Episode T: 199 Reward: 232.962 Cost: 0.000
arrive destination: True ,out of road:False   Total T: 412788 Episode Num: 1274 Episode T: 252 Reward: 264.856 Cost: 0.000
arrive destination: True ,out of road:False   Total T: 413147 Episode Num: 1275 Episode T: 359 Reward: 395.365 Cost: 3.000
arrive destination: True ,out of road:False   Total T: 413327 Episode Num: 1276 Episode T: 180 Reward: 269.575 Cost: 6.000
arrive destination: True ,out of road:False   Total T: 413655 Episode Num: 1277 Episode T: 328 Reward: 335.742 Cost: 7.000
arrive destination: True ,out of road:False   Total T: 413891 Episode Num: 1278 Episode T: 236 Reward: 234.444 Cost: 6.000
arrive destination: True ,out of road:False   Total T: 414351 Episode Num: 1279 Episode T: 460 Reward: 409.950 Cost: 6.000
arrive destination: True ,out of road:False   Total T: 414848 Episode Num: 1280 Episode T: 497 Reward: 460.412 Cost: 9.000
arrive destination: True ,out of road:False   Total T: 415125 Episode Num: 1281 Episode T: 277 Reward: 269.741 Cost: 10.000
arrive destination: True ,out of road:False   Total T: 415421 Episode Num: 1282 Episode T: 296 Reward: 304.248 Cost: 1.000
arrive destination: False ,out of road:True   Total T: 415531 Episode Num: 1283 Episode T: 110 Reward: 92.985 Cost: 3.000
arrive destination: True ,out of road:False   Total T: 415715 Episode Num: 1284 Episode T: 184 Reward: 270.092 Cost: 0.000
arrive destination: True ,out of road:False   Total T: 416152 Episode Num: 1285 Episode T: 437 Reward: 416.483 Cost: 12.000
arrive destination: False ,out of road:True   Total T: 416444 Episode Num: 1286 Episode T: 292 Reward: 280.690 Cost: 8.000
arrive destination: True ,out of road:False   Total T: 416620 Episode Num: 1287 Episode T: 176 Reward: 269.919 Cost: 0.000
arrive destination: True ,out of road:False   Total T: 417074 Episode Num: 1288 Episode T: 454 Reward: 411.929 Cost: 10.000
arrive destination: True ,out of road:False   Total T: 417448 Episode Num: 1289 Episode T: 374 Reward: 395.585 Cost: 9.000
arrive destination: True ,out of road:False   Total T: 417927 Episode Num: 1290 Episode T: 479 Reward: 463.671 Cost: 5.000
arrive destination: False ,out of road:True   Total T: 418028 Episode Num: 1291 Episode T: 101 Reward: 77.381 Cost: 6.000
arrive destination: True ,out of road:False   Total T: 418227 Episode Num: 1292 Episode T: 199 Reward: 232.604 Cost: 0.000
arrive destination: True ,out of road:False   Total T: 418459 Episode Num: 1293 Episode T: 232 Reward: 284.376 Cost: 2.000
arrive destination: True ,out of road:False   Total T: 418685 Episode Num: 1294 Episode T: 226 Reward: 305.579 Cost: 5.000
arrive destination: True ,out of road:False   Total T: 418963 Episode Num: 1295 Episode T: 278 Reward: 284.875 Cost: 3.000
arrive destination: True ,out of road:False   Total T: 419369 Episode Num: 1296 Episode T: 406 Reward: 400.463 Cost: 16.000
arrive destination: True ,out of road:False   Total T: 419588 Episode Num: 1297 Episode T: 219 Reward: 295.684 Cost: 10.000
arrive destination: True ,out of road:False   Total T: 419963 Episode Num: 1298 Episode T: 375 Reward: 372.915 Cost: 22.000
---------------------------------------
Evaluation over 20 episodes: 0.750 Cost 4.900.             SafeRL used : use_lag
---------------------------------------
[34;1m
Time: 2026-06-29 23:25:46, Time spent from previous logger: 143.448 s[0m
[34;1mCustomLogger with fileds: ['total_steps', 'EpRet', 'EpCost', 'CostRate'][0m
[34;1mfieldvalues: [420000, 0.75, 4.9, 0.023533389365212775]
[0m
arrive destination: False ,out of road:True   Total T: 420195 Episode Num: 1299 Episode T: 232 Reward: 230.184 Cost: 12.000
arrive destination: True ,out of road:False   Total T: 420496 Episode Num: 1300 Episode T: 301 Reward: 265.715 Cost: 3.000
arrive destination: True ,out of road:False   Total T: 420861 Episode Num: 1301 Episode T: 365 Reward: 392.746 Cost: 0.000
arrive destination: False ,out of road:True   Total T: 421139 Episode Num: 1302 Episode T: 278 Reward: 223.105 Cost: 10.000
arrive destination: False ,out of road:True   Total T: 421317 Episode Num: 1303 Episode T: 178 Reward: 166.856 Cost: 5.000
arrive destination: True ,out of road:False   Total T: 421513 Episode Num: 1304 Episode T: 196 Reward: 269.417 Cost: 1.000
arrive destination: False ,out of road:True   Total T: 421886 Episode Num: 1305 Episode T: 373 Reward: 376.386 Cost: 9.000
arrive destination: True ,out of road:False   Total T: 422066 Episode Num: 1306 Episode T: 180 Reward: 269.800 Cost: 0.000
arrive destination: False ,out of road:True   Total T: 422364 Episode Num: 1307 Episode T: 298 Reward: 294.034 Cost: 10.000
arrive destination: True ,out of road:False   Total T: 422545 Episode Num: 1308 Episode T: 181 Reward: 269.590 Cost: 0.000
arrive destination: True ,out of road:False   Total T: 422723 Episode Num: 1309 Episode T: 178 Reward: 269.888 Cost: 1.000
arrive destination: True ,out of road:False   Total T: 422934 Episode Num: 1310 Episode T: 211 Reward: 295.851 Cost: 3.000
arrive destination: True ,out of road:False   Total T: 423218 Episode Num: 1311 Episode T: 284 Reward: 286.931 Cost: 10.000
arrive destination: True ,out of road:False   Total T: 423401 Episode Num: 1312 Episode T: 183 Reward: 268.747 Cost: 0.000
arrive destination: True ,out of road:False   Total T: 423783 Episode Num: 1313 Episode T: 382 Reward: 379.946 Cost: 4.000
arrive destination: True ,out of road:False   Total T: 424048 Episode Num: 1314 Episode T: 265 Reward: 266.736 Cost: 7.000
arrive destination: True ,out of road:False   Total T: 424415 Episode Num: 1315 Episode T: 367 Reward: 392.970 Cost: 1.000
arrive destination: True ,out of road:False   Total T: 424692 Episode Num: 1316 Episode T: 277 Reward: 335.560 Cost: 4.000
arrive destination: False ,out of road:True   Total T: 424913 Episode Num: 1317 Episode T: 221 Reward: 60.582 Cost: 19.000
arrive destination: False ,out of road:True   Total T: 425009 Episode Num: 1318 Episode T: 96 Reward: 69.399 Cost: 4.000
arrive destination: False ,out of road:True   Total T: 425416 Episode Num: 1319 Episode T: 407 Reward: 378.922 Cost: 16.000
arrive destination: True ,out of road:False   Total T: 425600 Episode Num: 1320 Episode T: 184 Reward: 269.426 Cost: 3.000
arrive destination: False ,out of road:True   Total T: 425757 Episode Num: 1321 Episode T: 157 Reward: 140.590 Cost: 1.000
arrive destination: True ,out of road:False   Total T: 425977 Episode Num: 1322 Episode T: 220 Reward: 295.210 Cost: 6.000
arrive destination: True ,out of road:False   Total T: 426228 Episode Num: 1323 Episode T: 251 Reward: 262.624 Cost: 0.000
arrive destination: True ,out of road:False   Total T: 426441 Episode Num: 1324 Episode T: 213 Reward: 234.716 Cost: 0.000
arrive destination: True ,out of road:False   Total T: 426664 Episode Num: 1325 Episode T: 223 Reward: 234.772 Cost: 0.000
arrive destination: True ,out of road:False   Total T: 427010 Episode Num: 1326 Episode T: 346 Reward: 336.148 Cost: 16.000
arrive destination: False ,out of road:True   Total T: 427211 Episode Num: 1327 Episode T: 201 Reward: 218.313 Cost: 10.000
arrive destination: True ,out of road:False   Total T: 427652 Episode Num: 1328 Episode T: 441 Reward: 383.360 Cost: 13.000
arrive destination: False ,out of road:True   Total T: 427808 Episode Num: 1329 Episode T: 156 Reward: 157.082 Cost: 1.000
arrive destination: True ,out of road:False   Total T: 428087 Episode Num: 1330 Episode T: 279 Reward: 270.124 Cost: 8.000
arrive destination: True ,out of road:False   Total T: 428414 Episode Num: 1331 Episode T: 327 Reward: 288.358 Cost: 6.000
arrive destination: True ,out of road:False   Total T: 428597 Episode Num: 1332 Episode T: 183 Reward: 269.818 Cost: 0.000
arrive destination: True ,out of road:False   Total T: 428961 Episode Num: 1333 Episode T: 364 Reward: 388.816 Cost: 0.000
arrive destination: False ,out of road:True   Total T: 429286 Episode Num: 1334 Episode T: 325 Reward: 265.494 Cost: 23.000
arrive destination: True ,out of road:False   Total T: 429667 Episode Num: 1335 Episode T: 381 Reward: 379.084 Cost: 7.000
arrive destination: True ,out of road:False   Total T: 429900 Episode Num: 1336 Episode T: 233 Reward: 234.801 Cost: 0.000
---------------------------------------
Evaluation over 20 episodes: 0.700 Cost 11.450.             SafeRL used : use_lag
---------------------------------------
[34;1m
Time: 2026-06-29 23:28:14, Time spent from previous logger: 147.829 s[0m
[34;1mCustomLogger with fileds: ['total_steps', 'EpRet', 'EpCost', 'CostRate'][0m
[34;1mfieldvalues: [430000, 0.7, 11.45, 0.023481449956860363]
[0m
arrive destination: True ,out of road:False   Total T: 430541 Episode Num: 1337 Episode T: 641 Reward: 572.563 Cost: 25.000
arrive destination: False ,out of road:True   Total T: 430960 Episode Num: 1338 Episode T: 419 Reward: 413.132 Cost: 11.000
arrive destination: True ,out of road:False   Total T: 431398 Episode Num: 1339 Episode T: 438 Reward: 356.392 Cost: 23.000
arrive destination: True ,out of road:False   Total T: 431753 Episode Num: 1340 Episode T: 355 Reward: 381.538 Cost: 8.000
arrive destination: True ,out of road:False   Total T: 432005 Episode Num: 1341 Episode T: 252 Reward: 265.258 Cost: 1.000
arrive destination: True ,out of road:False   Total T: 432372 Episode Num: 1342 Episode T: 367 Reward: 398.664 Cost: 0.000
arrive destination: True ,out of road:False   Total T: 432631 Episode Num: 1343 Episode T: 259 Reward: 272.854 Cost: 1.000
arrive destination: True ,out of road:False   Total T: 432885 Episode Num: 1344 Episode T: 254 Reward: 264.384 Cost: 6.000
arrive destination: True ,out of road:False   Total T: 433310 Episode Num: 1345 Episode T: 425 Reward: 381.398 Cost: 7.000
arrive destination: False ,out of road:True   Total T: 433406 Episode Num: 1346 Episode T: 96 Reward: 69.114 Cost: 5.000
arrive destination: False ,out of road:True   Total T: 433603 Episode Num: 1347 Episode T: 197 Reward: 219.186 Cost: 11.000
arrive destination: False ,out of road:True   Total T: 433710 Episode Num: 1348 Episode T: 107 Reward: 100.493 Cost: 3.000
arrive destination: False ,out of road:True   Total T: 433822 Episode Num: 1349 Episode T: 112 Reward: 106.304 Cost: 4.000
arrive destination: True ,out of road:False   Total T: 434069 Episode Num: 1350 Episode T: 247 Reward: 266.516 Cost: 0.000
arrive destination: True ,out of road:False   Total T: 434366 Episode Num: 1351 Episode T: 297 Reward: 267.907 Cost: 0.000
arrive destination: True ,out of road:False   Total T: 434735 Episode Num: 1352 Episode T: 369 Reward: 396.463 Cost: 2.000
arrive destination: False ,out of road:True   Total T: 434902 Episode Num: 1353 Episode T: 167 Reward: 159.343 Cost: 4.000
arrive destination: False ,out of road:True   Total T: 435088 Episode Num: 1354 Episode T: 186 Reward: 215.124 Cost: 4.000
arrive destination: True ,out of road:False   Total T: 435353 Episode Num: 1355 Episode T: 265 Reward: 269.201 Cost: 4.000
arrive destination: True ,out of road:True   Total T: 435622 Episode Num: 1356 Episode T: 269 Reward: 272.045 Cost: 8.000
arrive destination: True ,out of road:False   Total T: 435849 Episode Num: 1357 Episode T: 227 Reward: 234.943 Cost: 2.000
arrive destination: True ,out of road:False   Total T: 436208 Episode Num: 1358 Episode T: 359 Reward: 336.168 Cost: 16.000
arrive destination: True ,out of road:False   Total T: 436451 Episode Num: 1359 Episode T: 243 Reward: 335.047 Cost: 5.000
arrive destination: True ,out of road:False   Total T: 436626 Episode Num: 1360 Episode T: 175 Reward: 268.914 Cost: 0.000
arrive destination: True ,out of road:False   Total T: 436907 Episode Num: 1361 Episode T: 281 Reward: 274.087 Cost: 4.000
arrive destination: False ,out of road:True   Total T: 437004 Episode Num: 1362 Episode T: 97 Reward: 82.081 Cost: 2.000
arrive destination: False ,out of road:True   Total T: 437122 Episode Num: 1363 Episode T: 118 Reward: 107.417 Cost: 1.000
arrive destination: True ,out of road:False   Total T: 437514 Episode Num: 1364 Episode T: 392 Reward: 379.832 Cost: 4.000
arrive destination: False ,out of road:True   Total T: 437713 Episode Num: 1365 Episode T: 199 Reward: 165.439 Cost: 5.000
arrive destination: True ,out of road:False   Total T: 437907 Episode Num: 1366 Episode T: 194 Reward: 233.414 Cost: 2.000
arrive destination: True ,out of road:False   Total T: 438574 Episode Num: 1367 Episode T: 667 Reward: 422.128 Cost: 23.000
arrive destination: False ,out of road:True   Total T: 438744 Episode Num: 1368 Episode T: 170 Reward: 166.529 Cost: 6.000
arrive destination: True ,out of road:False   Total T: 439196 Episode Num: 1369 Episode T: 452 Reward: 462.315 Cost: 12.000
arrive destination: True ,out of road:False   Total T: 439560 Episode Num: 1370 Episode T: 364 Reward: 370.184 Cost: 0.000
arrive destination: True ,out of road:False   Total T: 439825 Episode Num: 1371 Episode T: 265 Reward: 301.400 Cost: 2.000
---------------------------------------
Evaluation over 20 episodes: 0.550 Cost 5.850.             SafeRL used : use_lag
---------------------------------------
[34;1m
Time: 2026-06-29 23:30:40, Time spent from previous logger: 146.476 s[0m
[34;1mCustomLogger with fileds: ['total_steps', 'EpRet', 'EpCost', 'CostRate'][0m
[34;1mfieldvalues: [440000, 0.55, 5.85, 0.02342732597119539]
[0m
arrive destination: True ,out of road:False   Total T: 440235 Episode Num: 1372 Episode T: 410 Reward: 503.139 Cost: 0.000
arrive destination: True ,out of road:False   Total T: 440686 Episode Num: 1373 Episode T: 451 Reward: 380.310 Cost: 17.000
arrive destination: False ,out of road:True   Total T: 441518 Episode Num: 1374 Episode T: 832 Reward: 152.983 Cost: 14.000
arrive destination: True ,out of road:False   Total T: 441939 Episode Num: 1375 Episode T: 421 Reward: 378.834 Cost: 22.000
arrive destination: True ,out of road:False   Total T: 442163 Episode Num: 1376 Episode T: 224 Reward: 235.071 Cost: 1.000
arrive destination: True ,out of road:False   Total T: 442425 Episode Num: 1377 Episode T: 262 Reward: 275.476 Cost: 0.000
arrive destination: True ,out of road:False   Total T: 442873 Episode Num: 1378 Episode T: 448 Reward: 466.237 Cost: 19.000
arrive destination: True ,out of road:False   Total T: 443053 Episode Num: 1379 Episode T: 180 Reward: 270.172 Cost: 0.000
arrive destination: True ,out of road:False   Total T: 443553 Episode Num: 1380 Episode T: 500 Reward: 459.952 Cost: 21.000
arrive destination: True ,out of road:False   Total T: 443890 Episode Num: 1381 Episode T: 337 Reward: 379.236 Cost: 0.000
arrive destination: True ,out of road:False   Total T: 444116 Episode Num: 1382 Episode T: 226 Reward: 295.961 Cost: 3.000
arrive destination: True ,out of road:False   Total T: 444385 Episode Num: 1383 Episode T: 269 Reward: 268.444 Cost: 11.000
arrive destination: True ,out of road:False   Total T: 444593 Episode Num: 1384 Episode T: 208 Reward: 295.480 Cost: 13.000
arrive destination: False ,out of road:True   Total T: 444757 Episode Num: 1385 Episode T: 164 Reward: 143.451 Cost: 10.000
arrive destination: True ,out of road:False   Total T: 445251 Episode Num: 1386 Episode T: 494 Reward: 407.039 Cost: 21.000
arrive destination: False ,out of road:True   Total T: 445338 Episode Num: 1387 Episode T: 87 Reward: 60.238 Cost: 1.000
arrive destination: True ,out of road:False   Total T: 445512 Episode Num: 1388 Episode T: 174 Reward: 268.876 Cost: 0.000
arrive destination: True ,out of road:False   Total T: 445847 Episode Num: 1389 Episode T: 335 Reward: 399.684 Cost: 7.000
arrive destination: True ,out of road:False   Total T: 446045 Episode Num: 1390 Episode T: 198 Reward: 233.008 Cost: 2.000
arrive destination: True ,out of road:False   Total T: 446263 Episode Num: 1391 Episode T: 218 Reward: 295.949 Cost: 5.000
arrive destination: True ,out of road:False   Total T: 446527 Episode Num: 1392 Episode T: 264 Reward: 276.271 Cost: 2.000
arrive destination: False ,out of road:False   Total T: 447527 Episode Num: 1393 Episode T: 1000 Reward: 67.443 Cost: 2.000
arrive destination: True ,out of road:False   Total T: 447808 Episode Num: 1394 Episode T: 281 Reward: 299.862 Cost: 2.000
arrive destination: False ,out of road:True   Total T: 448031 Episode Num: 1395 Episode T: 223 Reward: 272.096 Cost: 4.000
arrive destination: False ,out of road:True   Total T: 448246 Episode Num: 1396 Episode T: 215 Reward: 217.711 Cost: 8.000
arrive destination: True ,out of road:False   Total T: 448465 Episode Num: 1397 Episode T: 219 Reward: 288.944 Cost: 0.000
arrive destination: True ,out of road:False   Total T: 448899 Episode Num: 1398 Episode T: 434 Reward: 497.713 Cost: 16.000
arrive destination: True ,out of road:False   Total T: 449326 Episode Num: 1399 Episode T: 427 Reward: 382.557 Cost: 9.000
arrive destination: True ,out of road:False   Total T: 449598 Episode Num: 1400 Episode T: 272 Reward: 286.971 Cost: 9.000
arrive destination: True ,out of road:False   Total T: 449819 Episode Num: 1401 Episode T: 221 Reward: 315.603 Cost: 16.000
---------------------------------------
Evaluation over 20 episodes: 0.650 Cost 17.000.             SafeRL used : use_lag
---------------------------------------
[34;1m
Time: 2026-06-29 23:33:09, Time spent from previous logger: 148.584 s[0m
[34;1mCustomLogger with fileds: ['total_steps', 'EpRet', 'EpCost', 'CostRate'][0m
[34;1mfieldvalues: [450000, 0.65, 17.0, 0.023428940953202117]
[0m
arrive destination: True ,out of road:False   Total T: 450406 Episode Num: 1402 Episode T: 587 Reward: 575.132 Cost: 29.000
arrive destination: True ,out of road:False   Total T: 450739 Episode Num: 1403 Episode T: 333 Reward: 400.146 Cost: 8.000
arrive destination: False ,out of road:True   Total T: 450839 Episode Num: 1404 Episode T: 100 Reward: 77.728 Cost: 4.000
arrive destination: False ,out of road:True   Total T: 451212 Episode Num: 1405 Episode T: 373 Reward: 368.419 Cost: 6.000
arrive destination: True ,out of road:False   Total T: 451521 Episode Num: 1406 Episode T: 309 Reward: 265.584 Cost: 3.000
arrive destination: True ,out of road:False   Total T: 451698 Episode Num: 1407 Episode T: 177 Reward: 268.394 Cost: 0.000
arrive destination: False ,out of road:True   Total T: 451796 Episode Num: 1408 Episode T: 98 Reward: 81.456 Cost: 2.000
arrive destination: False ,out of road:True   Total T: 451875 Episode Num: 1409 Episode T: 79 Reward: 39.666 Cost: 1.000
arrive destination: False ,out of road:True   Total T: 452111 Episode Num: 1410 Episode T: 236 Reward: 220.725 Cost: 8.000
arrive destination: True ,out of road:False   Total T: 452365 Episode Num: 1411 Episode T: 254 Reward: 262.501 Cost: 2.000
arrive destination: False ,out of road:True   Total T: 452814 Episode Num: 1412 Episode T: 449 Reward: 263.754 Cost: 20.000
arrive destination: True ,out of road:False   Total T: 453219 Episode Num: 1413 Episode T: 405 Reward: 380.840 Cost: 13.000
arrive destination: True ,out of road:False   Total T: 453687 Episode Num: 1414 Episode T: 468 Reward: 383.291 Cost: 15.000
arrive destination: False ,out of road:True   Total T: 453928 Episode Num: 1415 Episode T: 241 Reward: 217.758 Cost: 10.000
arrive destination: True ,out of road:False   Total T: 454333 Episode Num: 1416 Episode T: 405 Reward: 381.073 Cost: 17.000
arrive destination: True ,out of road:False   Total T: 454534 Episode Num: 1417 Episode T: 201 Reward: 234.235 Cost: 9.000
arrive destination: True ,out of road:False   Total T: 454725 Episode Num: 1418 Episode T: 191 Reward: 269.195 Cost: 0.000
arrive destination: True ,out of road:False   Total T: 454972 Episode Num: 1419 Episode T: 247 Reward: 265.359 Cost: 0.000
arrive destination: True ,out of road:False   Total T: 455218 Episode Num: 1420 Episode T: 246 Reward: 263.137 Cost: 0.000
arrive destination: False ,out of road:True   Total T: 455364 Episode Num: 1421 Episode T: 146 Reward: 130.060 Cost: 5.000
arrive destination: True ,out of road:False   Total T: 455606 Episode Num: 1422 Episode T: 242 Reward: 232.278 Cost: 0.000
arrive destination: True ,out of road:False   Total T: 455890 Episode Num: 1423 Episode T: 284 Reward: 270.058 Cost: 14.000
arrive destination: True ,out of road:False   Total T: 456160 Episode Num: 1424 Episode T: 270 Reward: 268.689 Cost: 8.000
arrive destination: True ,out of road:False   Total T: 456418 Episode Num: 1425 Episode T: 258 Reward: 265.885 Cost: 0.000
arrive destination: True ,out of road:False   Total T: 456643 Episode Num: 1426 Episode T: 225 Reward: 285.462 Cost: 0.000
arrive destination: True ,out of road:False   Total T: 456982 Episode Num: 1427 Episode T: 339 Reward: 336.219 Cost: 1.000
arrive destination: True ,out of road:False   Total T: 457247 Episode Num: 1428 Episode T: 265 Reward: 260.827 Cost: 3.000
arrive destination: True ,out of road:False   Total T: 457660 Episode Num: 1429 Episode T: 413 Reward: 374.336 Cost: 9.000
arrive destination: False ,out of road:True   Total T: 457896 Episode Num: 1430 Episode T: 236 Reward: 231.609 Cost: 4.000
arrive destination: True ,out of road:False   Total T: 458116 Episode Num: 1431 Episode T: 220 Reward: 295.597 Cost: 24.000
arrive destination: True ,out of road:False   Total T: 458451 Episode Num: 1432 Episode T: 335 Reward: 377.860 Cost: 6.000
arrive destination: False ,out of road:True   Total T: 458616 Episode Num: 1433 Episode T: 165 Reward: 166.068 Cost: 1.000
arrive destination: False ,out of road:True   Total T: 458753 Episode Num: 1434 Episode T: 137 Reward: 103.735 Cost: 4.000
arrive destination: True ,out of road:False   Total T: 459004 Episode Num: 1435 Episode T: 251 Reward: 264.593 Cost: 0.000
arrive destination: True ,out of road:False   Total T: 459391 Episode Num: 1436 Episode T: 387 Reward: 381.161 Cost: 2.000
arrive destination: False ,out of road:True   Total T: 459795 Episode Num: 1437 Episode T: 404 Reward: 384.137 Cost: 39.000
---------------------------------------
Evaluation over 20 episodes: 0.850 Cost 4.950.             SafeRL used : use_lag
---------------------------------------
[34;1m
Time: 2026-06-29 23:35:35, Time spent from previous logger: 146.103 s[0m
[34;1mCustomLogger with fileds: ['total_steps', 'EpRet', 'EpCost', 'CostRate'][0m
[34;1mfieldvalues: [460000, 0.85, 4.95, 0.02350005108706758]
[0m
arrive destination: True ,out of road:False   Total T: 460258 Episode Num: 1438 Episode T: 463 Reward: 488.115 Cost: 0.000
arrive destination: True ,out of road:False   Total T: 460654 Episode Num: 1439 Episode T: 396 Reward: 336.347 Cost: 16.000
arrive destination: False ,out of road:True   Total T: 460750 Episode Num: 1440 Episode T: 96 Reward: 78.643 Cost: 2.000
arrive destination: False ,out of road:True   Total T: 460877 Episode Num: 1441 Episode T: 127 Reward: 101.584 Cost: 1.000
arrive destination: True ,out of road:False   Total T: 461385 Episode Num: 1442 Episode T: 508 Reward: 497.065 Cost: 19.000
arrive destination: True ,out of road:False   Total T: 461571 Episode Num: 1443 Episode T: 186 Reward: 269.490 Cost: 3.000
arrive destination: True ,out of road:False   Total T: 461838 Episode Num: 1444 Episode T: 267 Reward: 271.189 Cost: 3.000
arrive destination: True ,out of road:False   Total T: 462115 Episode Num: 1445 Episode T: 277 Reward: 275.278 Cost: 0.000
arrive destination: False ,out of road:True   Total T: 462215 Episode Num: 1446 Episode T: 100 Reward: 89.653 Cost: 6.000
arrive destination: True ,out of road:False   Total T: 462409 Episode Num: 1447 Episode T: 194 Reward: 233.481 Cost: 6.000
arrive destination: False ,out of road:True   Total T: 462640 Episode Num: 1448 Episode T: 231 Reward: 153.047 Cost: 6.000
arrive destination: True ,out of road:False   Total T: 463020 Episode Num: 1449 Episode T: 380 Reward: 234.470 Cost: 0.000
arrive destination: False ,out of road:True   Total T: 463165 Episode Num: 1450 Episode T: 145 Reward: 85.605 Cost: 1.000
arrive destination: False ,out of road:True   Total T: 463569 Episode Num: 1451 Episode T: 404 Reward: 343.701 Cost: 6.000
arrive destination: False ,out of road:True   Total T: 463612 Episode Num: 1452 Episode T: 43 Reward: 9.765 Cost: 1.000
arrive destination: True ,out of road:False   Total T: 463865 Episode Num: 1453 Episode T: 253 Reward: 273.255 Cost: 7.000
arrive destination: True ,out of road:False   Total T: 464109 Episode Num: 1454 Episode T: 244 Reward: 336.148 Cost: 1.000
arrive destination: True ,out of road:False   Total T: 464370 Episode Num: 1455 Episode T: 261 Reward: 335.442 Cost: 8.000
arrive destination: True ,out of road:False   Total T: 464882 Episode Num: 1456 Episode T: 512 Reward: 460.731 Cost: 8.000
arrive destination: True ,out of road:False   Total T: 465197 Episode Num: 1457 Episode T: 315 Reward: 276.123 Cost: 0.000
arrive destination: True ,out of road:False   Total T: 465596 Episode Num: 1458 Episode T: 399 Reward: 401.666 Cost: 19.000
arrive destination: False ,out of road:True   Total T: 465773 Episode Num: 1459 Episode T: 177 Reward: 145.514 Cost: 1.000
arrive destination: True ,out of road:False   Total T: 466289 Episode Num: 1460 Episode T: 516 Reward: 462.778 Cost: 14.000
arrive destination: False ,out of road:True   Total T: 466388 Episode Num: 1461 Episode T: 99 Reward: 77.184 Cost: 4.000
arrive destination: True ,out of road:False   Total T: 466701 Episode Num: 1462 Episode T: 313 Reward: 300.520 Cost: 1.000
arrive destination: True ,out of road:False   Total T: 466881 Episode Num: 1463 Episode T: 180 Reward: 269.483 Cost: 0.000
arrive destination: True ,out of road:False   Total T: 467173 Episode Num: 1464 Episode T: 292 Reward: 271.907 Cost: 17.000
arrive destination: False ,out of road:True   Total T: 467221 Episode Num: 1465 Episode T: 48 Reward: 13.892 Cost: 1.000
arrive destination: True ,out of road:False   Total T: 467790 Episode Num: 1466 Episode T: 569 Reward: 421.256 Cost: 12.000
arrive destination: True ,out of road:False   Total T: 468144 Episode Num: 1467 Episode T: 354 Reward: 395.630 Cost: 0.000
arrive destination: True ,out of road:False   Total T: 468480 Episode Num: 1468 Episode T: 336 Reward: 382.413 Cost: 0.000
arrive destination: True ,out of road:False   Total T: 468872 Episode Num: 1469 Episode T: 392 Reward: 430.581 Cost: 23.000
arrive destination: True ,out of road:False   Total T: 469239 Episode Num: 1470 Episode T: 367 Reward: 378.908 Cost: 0.000
arrive destination: True ,out of road:False   Total T: 469482 Episode Num: 1471 Episode T: 243 Reward: 287.689 Cost: 2.000
arrive destination: False ,out of road:True   Total T: 469840 Episode Num: 1472 Episode T: 358 Reward: 359.440 Cost: 6.000
---------------------------------------
Evaluation over 20 episodes: 0.600 Cost 9.050.             SafeRL used : use_lag
---------------------------------------
[34;1m
Time: 2026-06-29 23:37:57, Time spent from previous logger: 142.630 s[0m
[34;1mCustomLogger with fileds: ['total_steps', 'EpRet', 'EpCost', 'CostRate'][0m
[34;1mfieldvalues: [470000, 0.6, 9.05, 0.023427709420658343]
[0m
arrive destination: True ,out of road:False   Total T: 470298 Episode Num: 1473 Episode T: 458 Reward: 461.680 Cost: 16.000
arrive destination: True ,out of road:False   Total T: 470593 Episode Num: 1474 Episode T: 295 Reward: 336.090 Cost: 13.000
arrive destination: True ,out of road:False   Total T: 470784 Episode Num: 1475 Episode T: 191 Reward: 232.841 Cost: 1.000
arrive destination: False ,out of road:True   Total T: 470880 Episode Num: 1476 Episode T: 96 Reward: 79.551 Cost: 3.000
arrive destination: True ,out of road:False   Total T: 471141 Episode Num: 1477 Episode T: 261 Reward: 273.792 Cost: 0.000
arrive destination: False ,out of road:True   Total T: 471250 Episode Num: 1478 Episode T: 109 Reward: 94.540 Cost: 3.000
arrive destination: True ,out of road:False   Total T: 471703 Episode Num: 1479 Episode T: 453 Reward: 493.824 Cost: 18.000
arrive destination: True ,out of road:False   Total T: 472105 Episode Num: 1480 Episode T: 402 Reward: 272.083 Cost: 7.000
arrive destination: True ,out of road:False   Total T: 472634 Episode Num: 1481 Episode T: 529 Reward: 233.112 Cost: 7.000
arrive destination: True ,out of road:False   Total T: 472978 Episode Num: 1482 Episode T: 344 Reward: 294.092 Cost: 18.000
arrive destination: False ,out of road:True   Total T: 473259 Episode Num: 1483 Episode T: 281 Reward: 273.568 Cost: 3.000
arrive destination: True ,out of road:False   Total T: 473601 Episode Num: 1484 Episode T: 342 Reward: 379.090 Cost: 4.000
arrive destination: False ,out of road:True   Total T: 473807 Episode Num: 1485 Episode T: 206 Reward: 211.474 Cost: 4.000
arrive destination: True ,out of road:False   Total T: 474340 Episode Num: 1486 Episode T: 533 Reward: 456.648 Cost: 9.000
arrive destination: False ,out of road:True   Total T: 474521 Episode Num: 1487 Episode T: 181 Reward: 127.539 Cost: 13.000
arrive destination: False ,out of road:True   Total T: 474686 Episode Num: 1488 Episode T: 165 Reward: 142.118 Cost: 13.000
arrive destination: True ,out of road:False   Total T: 474918 Episode Num: 1489 Episode T: 232 Reward: 235.995 Cost: 1.000
arrive destination: False ,out of road:True   Total T: 475016 Episode Num: 1490 Episode T: 98 Reward: 77.558 Cost: 4.000
arrive destination: True ,out of road:False   Total T: 475380 Episode Num: 1491 Episode T: 364 Reward: 397.894 Cost: 0.000
arrive destination: True ,out of road:False   Total T: 475742 Episode Num: 1492 Episode T: 362 Reward: 393.599 Cost: 0.000
arrive destination: True ,out of road:False   Total T: 476314 Episode Num: 1493 Episode T: 572 Reward: 424.023 Cost: 23.000
arrive destination: True ,out of road:False   Total T: 476614 Episode Num: 1494 Episode T: 300 Reward: 264.362 Cost: 6.000
arrive destination: True ,out of road:False   Total T: 477014 Episode Num: 1495 Episode T: 400 Reward: 379.132 Cost: 4.000
arrive destination: False ,out of road:True   Total T: 477257 Episode Num: 1496 Episode T: 243 Reward: 318.512 Cost: 1.000
arrive destination: True ,out of road:False   Total T: 477685 Episode Num: 1497 Episode T: 428 Reward: 469.440 Cost: 3.000
arrive destination: False ,out of road:True   Total T: 477831 Episode Num: 1498 Episode T: 146 Reward: 139.465 Cost: 6.000
arrive destination: True ,out of road:False   Total T: 478023 Episode Num: 1499 Episode T: 192 Reward: 234.588 Cost: 7.000
arrive destination: True ,out of road:False   Total T: 478289 Episode Num: 1500 Episode T: 266 Reward: 268.362 Cost: 7.000
arrive destination: True ,out of road:False   Total T: 478726 Episode Num: 1501 Episode T: 437 Reward: 369.118 Cost: 13.000
arrive destination: True ,out of road:False   Total T: 479090 Episode Num: 1502 Episode T: 364 Reward: 375.825 Cost: 3.000
arrive destination: True ,out of road:False   Total T: 479325 Episode Num: 1503 Episode T: 235 Reward: 287.624 Cost: 1.000
arrive destination: True ,out of road:False   Total T: 479701 Episode Num: 1504 Episode T: 376 Reward: 398.891 Cost: 5.000
---------------------------------------
Evaluation over 20 episodes: 0.650 Cost 11.150.             SafeRL used : use_lag
---------------------------------------
[34;1m
Time: 2026-06-29 23:40:26, Time spent from previous logger: 148.958 s[0m
[34;1mCustomLogger with fileds: ['total_steps', 'EpRet', 'EpCost', 'CostRate'][0m
[34;1mfieldvalues: [480000, 0.65, 11.15, 0.023404215425448804]
[0m
arrive destination: True ,out of road:False   Total T: 480306 Episode Num: 1505 Episode T: 605 Reward: 591.024 Cost: 15.000
arrive destination: False ,out of road:True   Total T: 480472 Episode Num: 1506 Episode T: 166 Reward: 146.021 Cost: 1.000
arrive destination: True ,out of road:False   Total T: 480733 Episode Num: 1507 Episode T: 261 Reward: 271.900 Cost: 2.000
arrive destination: False ,out of road:True   Total T: 480839 Episode Num: 1508 Episode T: 106 Reward: 89.814 Cost: 1.000
arrive destination: True ,out of road:False   Total T: 481066 Episode Num: 1509 Episode T: 227 Reward: 295.979 Cost: 3.000
arrive destination: False ,out of road:True   Total T: 481161 Episode Num: 1510 Episode T: 95 Reward: 78.624 Cost: 3.000
arrive destination: False ,out of road:True   Total T: 481259 Episode Num: 1511 Episode T: 98 Reward: 76.890 Cost: 4.000
arrive destination: True ,out of road:False   Total T: 481623 Episode Num: 1512 Episode T: 364 Reward: 392.813 Cost: 0.000
arrive destination: True ,out of road:False   Total T: 481856 Episode Num: 1513 Episode T: 233 Reward: 287.712 Cost: 2.000
arrive destination: False ,out of road:True   Total T: 482065 Episode Num: 1514 Episode T: 209 Reward: 192.277 Cost: 2.000
arrive destination: True ,out of road:False   Total T: 482445 Episode Num: 1515 Episode T: 380 Reward: 373.932 Cost: 5.000
arrive destination: True ,out of road:False   Total T: 482896 Episode Num: 1516 Episode T: 451 Reward: 464.606 Cost: 21.000
arrive destination: True ,out of road:False   Total T: 483152 Episode Num: 1517 Episode T: 256 Reward: 297.772 Cost: 1.000
arrive destination: False ,out of road:True   Total T: 483578 Episode Num: 1518 Episode T: 426 Reward: 356.273 Cost: 3.000
arrive destination: True ,out of road:False   Total T: 483892 Episode Num: 1519 Episode T: 314 Reward: 301.825 Cost: 1.000
arrive destination: True ,out of road:False   Total T: 484317 Episode Num: 1520 Episode T: 425 Reward: 474.843 Cost: 8.000
arrive destination: True ,out of road:False   Total T: 484654 Episode Num: 1521 Episode T: 337 Reward: 398.426 Cost: 1.000
arrive destination: True ,out of road:False   Total T: 485055 Episode Num: 1522 Episode T: 401 Reward: 381.550 Cost: 21.000
arrive destination: False ,out of road:True   Total T: 485150 Episode Num: 1523 Episode T: 95 Reward: 77.121 Cost: 3.000
arrive destination: True ,out of road:False   Total T: 485427 Episode Num: 1524 Episode T: 277 Reward: 298.356 Cost: 0.000
arrive destination: True ,out of road:False   Total T: 485686 Episode Num: 1525 Episode T: 259 Reward: 270.811 Cost: 1.000
arrive destination: True ,out of road:False   Total T: 485917 Episode Num: 1526 Episode T: 231 Reward: 287.305 Cost: 3.000
arrive destination: True ,out of road:False   Total T: 486186 Episode Num: 1527 Episode T: 269 Reward: 272.403 Cost: 7.000
arrive destination: True ,out of road:False   Total T: 486535 Episode Num: 1528 Episode T: 349 Reward: 294.682 Cost: 15.000
arrive destination: True ,out of road:False   Total T: 486926 Episode Num: 1529 Episode T: 391 Reward: 377.216 Cost: 14.000
arrive destination: False ,out of road:True   Total T: 487272 Episode Num: 1530 Episode T: 346 Reward: 358.847 Cost: 15.000
arrive destination: True ,out of road:False   Total T: 487589 Episode Num: 1531 Episode T: 317 Reward: 294.469 Cost: 16.000
arrive destination: False ,out of road:True   Total T: 487962 Episode Num: 1532 Episode T: 373 Reward: 397.367 Cost: 13.000
arrive destination: False ,out of road:True   Total T: 488116 Episode Num: 1533 Episode T: 154 Reward: 127.215 Cost: 14.000
arrive destination: True ,out of road:False   Total T: 488472 Episode Num: 1534 Episode T: 356 Reward: 370.943 Cost: 10.000
arrive destination: True ,out of road:False   Total T: 488693 Episode Num: 1535 Episode T: 221 Reward: 296.022 Cost: 8.000
arrive destination: True ,out of road:False   Total T: 488961 Episode Num: 1536 Episode T: 268 Reward: 266.455 Cost: 25.000
arrive destination: True ,out of road:False   Total T: 489158 Episode Num: 1537 Episode T: 197 Reward: 232.658 Cost: 2.000
arrive destination: True ,out of road:False   Total T: 489633 Episode Num: 1538 Episode T: 475 Reward: 465.794 Cost: 15.000
---------------------------------------
Evaluation over 20 episodes: 0.850 Cost 12.600.             SafeRL used : use_lag
---------------------------------------
[34;1m
Time: 2026-06-29 23:42:51, Time spent from previous logger: 144.398 s[0m
[34;1mCustomLogger with fileds: ['total_steps', 'EpRet', 'EpCost', 'CostRate'][0m
[34;1mfieldvalues: [490000, 0.85, 12.6, 0.023461272369943612]
[0m
arrive destination: True ,out of road:False   Total T: 490211 Episode Num: 1539 Episode T: 578 Reward: 607.320 Cost: 31.000
arrive destination: True ,out of road:False   Total T: 490502 Episode Num: 1540 Episode T: 291 Reward: 301.989 Cost: 6.000
arrive destination: True ,out of road:False   Total T: 490808 Episode Num: 1541 Episode T: 306 Reward: 382.548 Cost: 5.000
arrive destination: True ,out of road:False   Total T: 491045 Episode Num: 1542 Episode T: 237 Reward: 287.852 Cost: 14.000
arrive destination: True ,out of road:False   Total T: 491308 Episode Num: 1543 Episode T: 263 Reward: 294.205 Cost: 23.000
arrive destination: True ,out of road:False   Total T: 491669 Episode Num: 1544 Episode T: 361 Reward: 370.087 Cost: 5.000
arrive destination: True ,out of road:False   Total T: 492037 Episode Num: 1545 Episode T: 368 Reward: 415.222 Cost: 15.000
arrive destination: True ,out of road:False   Total T: 492399 Episode Num: 1546 Episode T: 362 Reward: 396.734 Cost: 0.000
arrive destination: True ,out of road:False   Total T: 492633 Episode Num: 1547 Episode T: 234 Reward: 285.771 Cost: 6.000
arrive destination: True ,out of road:False   Total T: 493004 Episode Num: 1548 Episode T: 371 Reward: 395.930 Cost: 0.000
arrive destination: False ,out of road:True   Total T: 493164 Episode Num: 1549 Episode T: 160 Reward: 165.419 Cost: 8.000
arrive destination: True ,out of road:False   Total T: 493519 Episode Num: 1550 Episode T: 355 Reward: 372.249 Cost: 0.000
arrive destination: True ,out of road:False   Total T: 493780 Episode Num: 1551 Episode T: 261 Reward: 266.601 Cost: 11.000
arrive destination: True ,out of road:False   Total T: 494132 Episode Num: 1552 Episode T: 352 Reward: 305.040 Cost: 12.000
arrive destination: True ,out of road:False   Total T: 494401 Episode Num: 1553 Episode T: 269 Reward: 275.253 Cost: 1.000
arrive destination: False ,out of road:True   Total T: 494608 Episode Num: 1554 Episode T: 207 Reward: 209.495 Cost: 1.000
arrive destination: True ,out of road:False   Total T: 494863 Episode Num: 1555 Episode T: 255 Reward: 274.617 Cost: 0.000
arrive destination: True ,out of road:False   Total T: 495248 Episode Num: 1556 Episode T: 385 Reward: 380.883 Cost: 8.000
arrive destination: True ,out of road:False   Total T: 495553 Episode Num: 1557 Episode T: 305 Reward: 305.145 Cost: 6.000
arrive destination: True ,out of road:False   Total T: 495837 Episode Num: 1558 Episode T: 284 Reward: 300.153 Cost: 8.000
arrive destination: True ,out of road:False   Total T: 496051 Episode Num: 1559 Episode T: 214 Reward: 287.235 Cost: 0.000
arrive destination: True ,out of road:False   Total T: 496260 Episode Num: 1560 Episode T: 209 Reward: 283.006 Cost: 0.000
arrive destination: True ,out of road:False   Total T: 496492 Episode Num: 1561 Episode T: 232 Reward: 232.020 Cost: 5.000
arrive destination: True ,out of road:True   Total T: 496949 Episode Num: 1562 Episode T: 457 Reward: 486.091 Cost: 33.000
arrive destination: False ,out of road:True   Total T: 497356 Episode Num: 1563 Episode T: 407 Reward: 359.127 Cost: 15.000
arrive destination: True ,out of road:False   Total T: 497785 Episode Num: 1564 Episode T: 429 Reward: 470.298 Cost: 20.000
arrive destination: True ,out of road:False   Total T: 498256 Episode Num: 1565 Episode T: 471 Reward: 477.380 Cost: 16.000
arrive destination: True ,out of road:False   Total T: 498709 Episode Num: 1566 Episode T: 453 Reward: 498.614 Cost: 38.000
arrive destination: True ,out of road:False   Total T: 498930 Episode Num: 1567 Episode T: 221 Reward: 288.842 Cost: 0.000
arrive destination: False ,out of road:True   Total T: 499228 Episode Num: 1568 Episode T: 298 Reward: 271.734 Cost: 32.000
arrive destination: True ,out of road:False   Total T: 499681 Episode Num: 1569 Episode T: 453 Reward: 461.994 Cost: 12.000
---------------------------------------
Evaluation over 20 episodes: 0.600 Cost 6.950.             SafeRL used : use_lag
---------------------------------------
[34;1m
Time: 2026-06-29 23:45:16, Time spent from previous logger: 144.946 s[0m
[34;1mCustomLogger with fileds: ['total_steps', 'EpRet', 'EpCost', 'CostRate'][0m
[34;1mfieldvalues: [500000, 0.6, 6.95, 0.023638047276094552]
[0m
arrive destination: True ,out of road:True   Total T: 500227 Episode Num: 1570 Episode T: 546 Reward: 679.461 Cost: 29.000
arrive destination: False ,out of road:True   Total T: 500336 Episode Num: 1571 Episode T: 109 Reward: 79.762 Cost: 1.000
arrive destination: False ,out of road:False   Total T: 501336 Episode Num: 1572 Episode T: 1000 Reward: 75.189 Cost: 4.000
arrive destination: False ,out of road:True   Total T: 501475 Episode Num: 1573 Episode T: 139 Reward: 146.455 Cost: 1.000
arrive destination: True ,out of road:False   Total T: 501908 Episode Num: 1574 Episode T: 433 Reward: 416.729 Cost: 26.000
arrive destination: True ,out of road:False   Total T: 502338 Episode Num: 1575 Episode T: 430 Reward: 397.383 Cost: 23.000
arrive destination: True ,out of road:False   Total T: 502751 Episode Num: 1576 Episode T: 413 Reward: 413.637 Cost: 13.000
arrive destination: True ,out of road:False   Total T: 503115 Episode Num: 1577 Episode T: 364 Reward: 373.654 Cost: 1.000
arrive destination: True ,out of road:False   Total T: 503542 Episode Num: 1578 Episode T: 427 Reward: 471.952 Cost: 16.000
arrive destination: True ,out of road:False   Total T: 503900 Episode Num: 1579 Episode T: 358 Reward: 302.459 Cost: 8.000
arrive destination: True ,out of road:False   Total T: 504269 Episode Num: 1580 Episode T: 369 Reward: 384.772 Cost: 1.000
arrive destination: True ,out of road:False   Total T: 504536 Episode Num: 1581 Episode T: 267 Reward: 294.235 Cost: 15.000
arrive destination: True ,out of road:False   Total T: 504760 Episode Num: 1582 Episode T: 224 Reward: 295.117 Cost: 5.000
arrive destination: True ,out of road:False   Total T: 505239 Episode Num: 1583 Episode T: 479 Reward: 461.168 Cost: 17.000
arrive destination: True ,out of road:False   Total T: 505535 Episode Num: 1584 Episode T: 296 Reward: 269.269 Cost: 3.000
arrive destination: True ,out of road:False   Total T: 505887 Episode Num: 1585 Episode T: 352 Reward: 379.525 Cost: 6.000
arrive destination: True ,out of road:False   Total T: 506216 Episode Num: 1586 Episode T: 329 Reward: 267.690 Cost: 3.000
arrive destination: True ,out of road:False   Total T: 506490 Episode Num: 1587 Episode T: 274 Reward: 269.431 Cost: 11.000
arrive destination: True ,out of road:False   Total T: 506672 Episode Num: 1588 Episode T: 182 Reward: 269.308 Cost: 0.000
arrive destination: True ,out of road:False   Total T: 507030 Episode Num: 1589 Episode T: 358 Reward: 369.001 Cost: 5.000
arrive destination: True ,out of road:False   Total T: 507562 Episode Num: 1590 Episode T: 532 Reward: 461.987 Cost: 42.000
arrive destination: False ,out of road:True   Total T: 507945 Episode Num: 1591 Episode T: 383 Reward: 303.476 Cost: 14.000
arrive destination: False ,out of road:True   Total T: 508050 Episode Num: 1592 Episode T: 105 Reward: 88.304 Cost: 1.000
arrive destination: True ,out of road:False   Total T: 508330 Episode Num: 1593 Episode T: 280 Reward: 301.585 Cost: 7.000
arrive destination: False ,out of road:True   Total T: 508796 Episode Num: 1594 Episode T: 466 Reward: 453.236 Cost: 17.000
arrive destination: False ,out of road:True   Total T: 509350 Episode Num: 1595 Episode T: 554 Reward: 390.494 Cost: 46.000
arrive destination: True ,out of road:False   Total T: 509818 Episode Num: 1596 Episode T: 468 Reward: 496.985 Cost: 39.000
---------------------------------------
Evaluation over 20 episodes: 0.650 Cost 4.850.             SafeRL used : use_lag
---------------------------------------
[34;1m
Time: 2026-06-29 23:47:41, Time spent from previous logger: 145.382 s[0m
[34;1mCustomLogger with fileds: ['total_steps', 'EpRet', 'EpCost', 'CostRate'][0m
[34;1mfieldvalues: [510000, 0.65, 4.85, 0.02385298794703519]
[0m
arrive destination: True ,out of road:False   Total T: 510183 Episode Num: 1597 Episode T: 365 Reward: 460.801 Cost: 5.000
arrive destination: False ,out of road:True   Total T: 510286 Episode Num: 1598 Episode T: 103 Reward: 83.038 Cost: 1.000
arrive destination: True ,out of road:False   Total T: 510508 Episode Num: 1599 Episode T: 222 Reward: 296.063 Cost: 3.000
arrive destination: True ,out of road:False   Total T: 510778 Episode Num: 1600 Episode T: 270 Reward: 266.924 Cost: 5.000
arrive destination: True ,out of road:False   Total T: 511202 Episode Num: 1601 Episode T: 424 Reward: 468.616 Cost: 11.000
arrive destination: True ,out of road:False   Total T: 511500 Episode Num: 1602 Episode T: 298 Reward: 301.435 Cost: 7.000
arrive destination: True ,out of road:False   Total T: 511730 Episode Num: 1603 Episode T: 230 Reward: 295.841 Cost: 1.000
arrive destination: True ,out of road:False   Total T: 512176 Episode Num: 1604 Episode T: 446 Reward: 398.208 Cost: 27.000
arrive destination: True ,out of road:False   Total T: 512434 Episode Num: 1605 Episode T: 258 Reward: 276.129 Cost: 0.000
arrive destination: True ,out of road:False   Total T: 512869 Episode Num: 1606 Episode T: 435 Reward: 379.213 Cost: 8.000
arrive destination: True ,out of road:False   Total T: 513159 Episode Num: 1607 Episode T: 290 Reward: 274.538 Cost: 1.000
arrive destination: True ,out of road:False   Total T: 513421 Episode Num: 1608 Episode T: 262 Reward: 265.723 Cost: 12.000
arrive destination: False ,out of road:True   Total T: 513566 Episode Num: 1609 Episode T: 145 Reward: 134.843 Cost: 1.000
arrive destination: False ,out of road:True   Total T: 513824 Episode Num: 1610 Episode T: 258 Reward: 215.564 Cost: 7.000
arrive destination: True ,out of road:False   Total T: 514096 Episode Num: 1611 Episode T: 272 Reward: 266.769 Cost: 1.000
arrive destination: True ,out of road:False   Total T: 514536 Episode Num: 1612 Episode T: 440 Reward: 467.201 Cost: 16.000
arrive destination: True ,out of road:False   Total T: 514784 Episode Num: 1613 Episode T: 248 Reward: 270.110 Cost: 3.000
arrive destination: True ,out of road:False   Total T: 515149 Episode Num: 1614 Episode T: 365 Reward: 416.200 Cost: 16.000
arrive destination: False ,out of road:True   Total T: 515247 Episode Num: 1615 Episode T: 98 Reward: 77.512 Cost: 4.000
arrive destination: True ,out of road:False   Total T: 515753 Episode Num: 1616 Episode T: 506 Reward: 382.931 Cost: 19.000
arrive destination: True ,out of road:False   Total T: 516272 Episode Num: 1617 Episode T: 519 Reward: 418.505 Cost: 35.000
arrive destination: True ,out of road:False   Total T: 516521 Episode Num: 1618 Episode T: 249 Reward: 261.714 Cost: 0.000
arrive destination: True ,out of road:False   Total T: 516961 Episode Num: 1619 Episode T: 440 Reward: 418.300 Cost: 18.000
arrive destination: True ,out of road:False   Total T: 517435 Episode Num: 1620 Episode T: 474 Reward: 505.873 Cost: 28.000
arrive destination: False ,out of road:True   Total T: 517567 Episode Num: 1621 Episode T: 132 Reward: 117.834 Cost: 1.000
arrive destination: False ,out of road:True   Total T: 517763 Episode Num: 1622 Episode T: 196 Reward: 195.845 Cost: 1.000
arrive destination: True ,out of road:False   Total T: 518222 Episode Num: 1623 Episode T: 459 Reward: 455.541 Cost: 3.000
arrive destination: True ,out of road:False   Total T: 518579 Episode Num: 1624 Episode T: 357 Reward: 375.915 Cost: 16.000
arrive destination: True ,out of road:False   Total T: 519049 Episode Num: 1625 Episode T: 470 Reward: 471.704 Cost: 15.000
arrive destination: False ,out of road:True   Total T: 519321 Episode Num: 1626 Episode T: 272 Reward: 297.572 Cost: 1.000
arrive destination: True ,out of road:False   Total T: 519516 Episode Num: 1627 Episode T: 195 Reward: 270.023 Cost: 0.000
arrive destination: True ,out of road:False   Total T: 519780 Episode Num: 1628 Episode T: 264 Reward: 273.353 Cost: 3.000
---------------------------------------
Evaluation over 20 episodes: 0.750 Cost 8.000.             SafeRL used : use_lag
---------------------------------------
[34;1m
Time: 2026-06-29 23:50:07, Time spent from previous logger: 145.873 s[0m
[34;1mCustomLogger with fileds: ['total_steps', 'EpRet', 'EpCost', 'CostRate'][0m
[34;1mfieldvalues: [520000, 0.75, 8.0, 0.023903892122869468]
[0m
arrive destination: True ,out of road:False   Total T: 520227 Episode Num: 1629 Episode T: 447 Reward: 372.694 Cost: 4.000
arrive destination: False ,out of road:True   Total T: 520591 Episode Num: 1630 Episode T: 364 Reward: 245.754 Cost: 12.000
arrive destination: True ,out of road:False   Total T: 520839 Episode Num: 1631 Episode T: 248 Reward: 235.489 Cost: 2.000
arrive destination: False ,out of road:True   Total T: 521263 Episode Num: 1632 Episode T: 424 Reward: 381.221 Cost: 19.000
arrive destination: True ,out of road:False   Total T: 521641 Episode Num: 1633 Episode T: 378 Reward: 304.084 Cost: 11.000
arrive destination: True ,out of road:False   Total T: 522577 Episode Num: 1634 Episode T: 936 Reward: 398.356 Cost: 10.000
arrive destination: False ,out of road:True   Total T: 522832 Episode Num: 1635 Episode T: 255 Reward: 316.261 Cost: 4.000
arrive destination: False ,out of road:True   Total T: 522991 Episode Num: 1636 Episode T: 159 Reward: 166.626 Cost: 3.000
arrive destination: True ,out of road:False   Total T: 523368 Episode Num: 1637 Episode T: 377 Reward: 302.031 Cost: 0.000
arrive destination: True ,out of road:False   Total T: 523570 Episode Num: 1638 Episode T: 202 Reward: 232.929 Cost: 4.000
arrive destination: False ,out of road:False   Total T: 524570 Episode Num: 1639 Episode T: 1000 Reward: 255.219 Cost: 5.000
arrive destination: True ,out of road:False   Total T: 524753 Episode Num: 1640 Episode T: 183 Reward: 268.924 Cost: 0.000
arrive destination: False ,out of road:True   Total T: 525069 Episode Num: 1641 Episode T: 316 Reward: 307.734 Cost: 16.000
arrive destination: False ,out of road:True   Total T: 525269 Episode Num: 1642 Episode T: 200 Reward: 218.710 Cost: 8.000
arrive destination: True ,out of road:False   Total T: 526201 Episode Num: 1643 Episode T: 932 Reward: 303.834 Cost: 1.000
arrive destination: False ,out of road:True   Total T: 526367 Episode Num: 1644 Episode T: 166 Reward: 152.673 Cost: 5.000
arrive destination: False ,out of road:False   Total T: 527367 Episode Num: 1645 Episode T: 1000 Reward: 255.981 Cost: 6.000
arrive destination: True ,out of road:False   Total T: 527726 Episode Num: 1646 Episode T: 359 Reward: 371.451 Cost: 2.000
arrive destination: True ,out of road:False   Total T: 527938 Episode Num: 1647 Episode T: 212 Reward: 295.991 Cost: 4.000
arrive destination: True ,out of road:False   Total T: 528158 Episode Num: 1648 Episode T: 220 Reward: 295.378 Cost: 2.000
arrive destination: False ,out of road:False   Total T: 529158 Episode Num: 1649 Episode T: 1000 Reward: 482.466 Cost: 33.000
arrive destination: False ,out of road:True   Total T: 529258 Episode Num: 1650 Episode T: 100 Reward: 82.163 Cost: 2.000
arrive destination: True ,out of road:False   Total T: 529733 Episode Num: 1651 Episode T: 475 Reward: 398.053 Cost: 38.000
arrive destination: False ,out of road:True   Total T: 529834 Episode Num: 1652 Episode T: 101 Reward: 84.946 Cost: 1.000
---------------------------------------
Evaluation over 20 episodes: 0.600 Cost 11.150.             SafeRL used : use_lag
---------------------------------------
[34;1m
Time: 2026-06-29 23:52:27, Time spent from previous logger: 139.966 s[0m
[34;1mCustomLogger with fileds: ['total_steps', 'EpRet', 'EpCost', 'CostRate'][0m
[34;1mfieldvalues: [530000, 0.6, 11.15, 0.023813252477834865]
[0m
arrive destination: True ,out of road:False   Total T: 530185 Episode Num: 1653 Episode T: 351 Reward: 453.976 Cost: 0.000
arrive destination: False ,out of road:False   Total T: 531185 Episode Num: 1654 Episode T: 1000 Reward: 99.309 Cost: 2.000
arrive destination: True ,out of road:False   Total T: 531643 Episode Num: 1655 Episode T: 458 Reward: 458.390 Cost: 17.000
arrive destination: True ,out of road:False   Total T: 531834 Episode Num: 1656 Episode T: 191 Reward: 269.120 Cost: 0.000
arrive destination: True ,out of road:False   Total T: 532211 Episode Num: 1657 Episode T: 377 Reward: 379.708 Cost: 22.000
arrive destination: True ,out of road:False   Total T: 532561 Episode Num: 1658 Episode T: 350 Reward: 376.503 Cost: 13.000
arrive destination: True ,out of road:False   Total T: 532896 Episode Num: 1659 Episode T: 335 Reward: 378.936 Cost: 4.000
arrive destination: True ,out of road:False   Total T: 533250 Episode Num: 1660 Episode T: 354 Reward: 371.181 Cost: 2.000
arrive destination: False ,out of road:True   Total T: 533356 Episode Num: 1661 Episode T: 106 Reward: 77.948 Cost: 3.000
arrive destination: True ,out of road:False   Total T: 533562 Episode Num: 1662 Episode T: 206 Reward: 232.307 Cost: 8.000
arrive destination: True ,out of road:False   Total T: 533893 Episode Num: 1663 Episode T: 331 Reward: 380.069 Cost: 13.000
arrive destination: False ,out of road:True   Total T: 534106 Episode Num: 1664 Episode T: 213 Reward: 274.107 Cost: 12.000
arrive destination: True ,out of road:False   Total T: 534491 Episode Num: 1665 Episode T: 385 Reward: 380.128 Cost: 18.000
arrive destination: True ,out of road:False   Total T: 534702 Episode Num: 1666 Episode T: 211 Reward: 288.423 Cost: 0.000
arrive destination: False ,out of road:True   Total T: 535080 Episode Num: 1667 Episode T: 378 Reward: 329.337 Cost: 10.000
arrive destination: True ,out of road:False   Total T: 535265 Episode Num: 1668 Episode T: 185 Reward: 270.121 Cost: 4.000
arrive destination: True ,out of road:False   Total T: 535722 Episode Num: 1669 Episode T: 457 Reward: 468.945 Cost: 29.000
arrive destination: True ,out of road:False   Total T: 536110 Episode Num: 1670 Episode T: 388 Reward: 399.248 Cost: 19.000
arrive destination: True ,out of road:False   Total T: 536298 Episode Num: 1671 Episode T: 188 Reward: 269.684 Cost: 0.000
arrive destination: True ,out of road:False   Total T: 536547 Episode Num: 1672 Episode T: 249 Reward: 266.896 Cost: 3.000
arrive destination: True ,out of road:False   Total T: 536930 Episode Num: 1673 Episode T: 383 Reward: 400.431 Cost: 17.000
arrive destination: False ,out of road:True   Total T: 537291 Episode Num: 1674 Episode T: 361 Reward: 371.123 Cost: 21.000
arrive destination: False ,out of road:True   Total T: 537507 Episode Num: 1675 Episode T: 216 Reward: 208.036 Cost: 5.000
arrive destination: False ,out of road:True   Total T: 537713 Episode Num: 1676 Episode T: 206 Reward: 218.129 Cost: 5.000
arrive destination: True ,out of road:False   Total T: 537914 Episode Num: 1677 Episode T: 201 Reward: 234.947 Cost: 15.000
arrive destination: False ,out of road:True   Total T: 538017 Episode Num: 1678 Episode T: 103 Reward: 80.989 Cost: 2.000
arrive destination: True ,out of road:False   Total T: 538386 Episode Num: 1679 Episode T: 369 Reward: 381.312 Cost: 17.000
arrive destination: True ,out of road:False   Total T: 538698 Episode Num: 1680 Episode T: 312 Reward: 370.544 Cost: 14.000
arrive destination: True ,out of road:False   Total T: 539019 Episode Num: 1681 Episode T: 321 Reward: 415.238 Cost: 1.000
arrive destination: False ,out of road:True   Total T: 539203 Episode Num: 1682 Episode T: 184 Reward: 180.712 Cost: 6.000
arrive destination: True ,out of road:False   Total T: 539387 Episode Num: 1683 Episode T: 184 Reward: 269.735 Cost: 7.000
arrive destination: True ,out of road:False   Total T: 539780 Episode Num: 1684 Episode T: 393 Reward: 380.008 Cost: 11.000
---------------------------------------
Evaluation over 20 episodes: 0.800 Cost 14.800.             SafeRL used : use_lag
---------------------------------------
[34;1m
Time: 2026-06-29 23:54:49, Time spent from previous logger: 141.910 s[0m
[34;1mCustomLogger with fileds: ['total_steps', 'EpRet', 'EpCost', 'CostRate'][0m
[34;1mfieldvalues: [540000, 0.8, 14.8, 0.02393708136496549]
[0m
arrive destination: False ,out of road:True   Total T: 540372 Episode Num: 1685 Episode T: 592 Reward: 586.201 Cost: 32.000
arrive destination: True ,out of road:False   Total T: 540641 Episode Num: 1686 Episode T: 269 Reward: 266.920 Cost: 11.000
arrive destination: True ,out of road:False   Total T: 540908 Episode Num: 1687 Episode T: 267 Reward: 294.472 Cost: 24.000
arrive destination: True ,out of road:False   Total T: 541175 Episode Num: 1688 Episode T: 267 Reward: 268.829 Cost: 13.000
arrive destination: True ,out of road:False   Total T: 541659 Episode Num: 1689 Episode T: 484 Reward: 460.854 Cost: 29.000
arrive destination: True ,out of road:False   Total T: 542016 Episode Num: 1690 Episode T: 357 Reward: 396.444 Cost: 0.000
arrive destination: True ,out of road:False   Total T: 542234 Episode Num: 1691 Episode T: 218 Reward: 286.602 Cost: 0.000
arrive destination: True ,out of road:False   Total T: 542451 Episode Num: 1692 Episode T: 217 Reward: 290.522 Cost: 0.000
arrive destination: True ,out of road:False   Total T: 542695 Episode Num: 1693 Episode T: 244 Reward: 264.029 Cost: 0.000
arrive destination: True ,out of road:False   Total T: 542914 Episode Num: 1694 Episode T: 219 Reward: 285.769 Cost: 0.000
arrive destination: True ,out of road:False   Total T: 543173 Episode Num: 1695 Episode T: 259 Reward: 269.805 Cost: 9.000
arrive destination: True ,out of road:False   Total T: 543492 Episode Num: 1696 Episode T: 319 Reward: 415.650 Cost: 15.000
arrive destination: True ,out of road:False   Total T: 543968 Episode Num: 1697 Episode T: 476 Reward: 462.897 Cost: 19.000
arrive destination: True ,out of road:False   Total T: 544385 Episode Num: 1698 Episode T: 417 Reward: 473.847 Cost: 10.000
arrive destination: True ,out of road:False   Total T: 544782 Episode Num: 1699 Episode T: 397 Reward: 496.584 Cost: 13.000
arrive destination: True ,out of road:False   Total T: 545038 Episode Num: 1700 Episode T: 256 Reward: 259.841 Cost: 12.000
arrive destination: False ,out of road:True   Total T: 545144 Episode Num: 1701 Episode T: 106 Reward: 79.117 Cost: 2.000
arrive destination: True ,out of road:False   Total T: 545499 Episode Num: 1702 Episode T: 355 Reward: 398.954 Cost: 12.000
arrive destination: True ,out of road:False   Total T: 545778 Episode Num: 1703 Episode T: 279 Reward: 299.201 Cost: 4.000
arrive destination: True ,out of road:False   Total T: 546030 Episode Num: 1704 Episode T: 252 Reward: 262.512 Cost: 1.000
arrive destination: False ,out of road:True   Total T: 546245 Episode Num: 1705 Episode T: 215 Reward: 214.798 Cost: 1.000
arrive destination: True ,out of road:False   Total T: 546660 Episode Num: 1706 Episode T: 415 Reward: 474.890 Cost: 11.000
arrive destination: True ,out of road:False   Total T: 546886 Episode Num: 1707 Episode T: 226 Reward: 286.157 Cost: 5.000
arrive destination: False ,out of road:False   Total T: 547886 Episode Num: 1708 Episode T: 1000 Reward: 100.491 Cost: 4.000
arrive destination: True ,out of road:False   Total T: 548220 Episode Num: 1709 Episode T: 334 Reward: 385.877 Cost: 0.000
arrive destination: True ,out of road:False   Total T: 548474 Episode Num: 1710 Episode T: 254 Reward: 275.720 Cost: 5.000
arrive destination: True ,out of road:False   Total T: 549009 Episode Num: 1711 Episode T: 535 Reward: 462.847 Cost: 34.000
arrive destination: True ,out of road:False   Total T: 549407 Episode Num: 1712 Episode T: 398 Reward: 304.080 Cost: 15.000
arrive destination: False ,out of road:True   Total T: 549506 Episode Num: 1713 Episode T: 99 Reward: 77.476 Cost: 4.000
arrive destination: True ,out of road:False   Total T: 549842 Episode Num: 1714 Episode T: 336 Reward: 386.012 Cost: 0.000
---------------------------------------
Evaluation over 20 episodes: 0.650 Cost 6.800.             SafeRL used : use_lag
---------------------------------------
[34;1m
Time: 2026-06-29 23:57:14, Time spent from previous logger: 145.572 s[0m
[34;1mCustomLogger with fileds: ['total_steps', 'EpRet', 'EpCost', 'CostRate'][0m
[34;1mfieldvalues: [550000, 0.65, 6.8, 0.024012770932310787]
[0m
arrive destination: True ,out of road:False   Total T: 550246 Episode Num: 1715 Episode T: 404 Reward: 433.016 Cost: 2.000
arrive destination: True ,out of road:False   Total T: 550638 Episode Num: 1716 Episode T: 392 Reward: 380.000 Cost: 3.000
arrive destination: True ,out of road:False   Total T: 550926 Episode Num: 1717 Episode T: 288 Reward: 294.141 Cost: 21.000
arrive destination: True ,out of road:True   Total T: 551360 Episode Num: 1718 Episode T: 434 Reward: 497.177 Cost: 21.000
arrive destination: True ,out of road:False   Total T: 551785 Episode Num: 1719 Episode T: 425 Reward: 474.576 Cost: 6.000
arrive destination: True ,out of road:False   Total T: 552007 Episode Num: 1720 Episode T: 222 Reward: 234.985 Cost: 2.000
arrive destination: True ,out of road:False   Total T: 552493 Episode Num: 1721 Episode T: 486 Reward: 381.856 Cost: 11.000
arrive destination: True ,out of road:False   Total T: 552749 Episode Num: 1722 Episode T: 256 Reward: 233.788 Cost: 10.000
arrive destination: True ,out of road:False   Total T: 552940 Episode Num: 1723 Episode T: 191 Reward: 269.954 Cost: 0.000
arrive destination: True ,out of road:False   Total T: 553130 Episode Num: 1724 Episode T: 190 Reward: 269.990 Cost: 0.000
arrive destination: True ,out of road:False   Total T: 553562 Episode Num: 1725 Episode T: 432 Reward: 473.454 Cost: 19.000
arrive destination: False ,out of road:True   Total T: 553804 Episode Num: 1726 Episode T: 242 Reward: 203.273 Cost: 6.000
arrive destination: True ,out of road:False   Total T: 554239 Episode Num: 1727 Episode T: 435 Reward: 497.924 Cost: 30.000
arrive destination: True ,out of road:False   Total T: 554681 Episode Num: 1728 Episode T: 442 Reward: 418.009 Cost: 34.000
arrive destination: True ,out of road:False   Total T: 555024 Episode Num: 1729 Episode T: 343 Reward: 379.749 Cost: 4.000
arrive destination: False ,out of road:True   Total T: 555180 Episode Num: 1730 Episode T: 156 Reward: 155.399 Cost: 1.000
arrive destination: True ,out of road:False   Total T: 555620 Episode Num: 1731 Episode T: 440 Reward: 419.938 Cost: 20.000
arrive destination: True ,out of road:False   Total T: 556054 Episode Num: 1732 Episode T: 434 Reward: 474.142 Cost: 5.000
arrive destination: True ,out of road:False   Total T: 556429 Episode Num: 1733 Episode T: 375 Reward: 376.162 Cost: 0.000
arrive destination: True ,out of road:False   Total T: 556641 Episode Num: 1734 Episode T: 212 Reward: 289.132 Cost: 0.000
arrive destination: True ,out of road:False   Total T: 557076 Episode Num: 1735 Episode T: 435 Reward: 470.135 Cost: 5.000
arrive destination: True ,out of road:False   Total T: 557297 Episode Num: 1736 Episode T: 221 Reward: 295.760 Cost: 1.000
arrive destination: True ,out of road:False   Total T: 557584 Episode Num: 1737 Episode T: 287 Reward: 294.405 Cost: 18.000
arrive destination: True ,out of road:False   Total T: 557973 Episode Num: 1738 Episode T: 389 Reward: 380.733 Cost: 4.000
arrive destination: True ,out of road:False   Total T: 558426 Episode Num: 1739 Episode T: 453 Reward: 464.506 Cost: 0.000
arrive destination: True ,out of road:False   Total T: 558726 Episode Num: 1740 Episode T: 300 Reward: 267.430 Cost: 0.000
arrive destination: True ,out of road:False   Total T: 558949 Episode Num: 1741 Episode T: 223 Reward: 296.061 Cost: 0.000
arrive destination: True ,out of road:False   Total T: 559350 Episode Num: 1742 Episode T: 401 Reward: 379.841 Cost: 10.000
---------------------------------------
Evaluation over 20 episodes: 0.650 Cost 4.350.             SafeRL used : use_lag
---------------------------------------
[34;1m
Time: 2026-06-29 23:59:39, Time spent from previous logger: 144.885 s[0m
[34;1mCustomLogger with fileds: ['total_steps', 'EpRet', 'EpCost', 'CostRate'][0m
[34;1mfieldvalues: [560000, 0.65, 4.35, 0.024041114359132785]
[0m
arrive destination: True ,out of road:False   Total T: 560271 Episode Num: 1743 Episode T: 921 Reward: 556.452 Cost: 25.000
arrive destination: True ,out of road:False   Total T: 560636 Episode Num: 1744 Episode T: 365 Reward: 394.766 Cost: 0.000
arrive destination: True ,out of road:False   Total T: 560880 Episode Num: 1745 Episode T: 244 Reward: 335.997 Cost: 1.000
arrive destination: True ,out of road:False   Total T: 561302 Episode Num: 1746 Episode T: 422 Reward: 377.911 Cost: 5.000
arrive destination: True ,out of road:False   Total T: 561540 Episode Num: 1747 Episode T: 238 Reward: 235.907 Cost: 1.000
arrive destination: False ,out of road:True   Total T: 561906 Episode Num: 1748 Episode T: 366 Reward: 370.183 Cost: 13.000
arrive destination: True ,out of road:False   Total T: 562296 Episode Num: 1749 Episode T: 390 Reward: 336.328 Cost: 14.000
arrive destination: True ,out of road:False   Total T: 562508 Episode Num: 1750 Episode T: 212 Reward: 288.915 Cost: 0.000
arrive destination: True ,out of road:False   Total T: 562937 Episode Num: 1751 Episode T: 429 Reward: 459.365 Cost: 16.000
arrive destination: False ,out of road:True   Total T: 563000 Episode Num: 1752 Episode T: 63 Reward: 33.528 Cost: 1.000
arrive destination: True ,out of road:False   Total T: 563696 Episode Num: 1753 Episode T: 696 Reward: 416.690 Cost: 9.000
arrive destination: True ,out of road:False   Total T: 564130 Episode Num: 1754 Episode T: 434 Reward: 407.944 Cost: 14.000
arrive destination: True ,out of road:False   Total T: 564452 Episode Num: 1755 Episode T: 322 Reward: 381.416 Cost: 0.000
arrive destination: True ,out of road:False   Total T: 564640 Episode Num: 1756 Episode T: 188 Reward: 269.664 Cost: 0.000
arrive destination: False ,out of road:True   Total T: 564859 Episode Num: 1757 Episode T: 219 Reward: 218.182 Cost: 4.000
arrive destination: True ,out of road:False   Total T: 565354 Episode Num: 1758 Episode T: 495 Reward: 471.618 Cost: 13.000
arrive destination: False ,out of road:True   Total T: 565486 Episode Num: 1759 Episode T: 132 Reward: 125.579 Cost: 2.000
arrive destination: True ,out of road:False   Total T: 565843 Episode Num: 1760 Episode T: 357 Reward: 336.181 Cost: 8.000
arrive destination: True ,out of road:False   Total T: 566061 Episode Num: 1761 Episode T: 218 Reward: 294.913 Cost: 0.000
arrive destination: True ,out of road:False   Total T: 566322 Episode Num: 1762 Episode T: 261 Reward: 295.578 Cost: 3.000
arrive destination: True ,out of road:False   Total T: 566798 Episode Num: 1763 Episode T: 476 Reward: 408.363 Cost: 19.000
arrive destination: False ,out of road:True   Total T: 567053 Episode Num: 1764 Episode T: 255 Reward: 243.381 Cost: 4.000
arrive destination: False ,out of road:True   Total T: 567273 Episode Num: 1765 Episode T: 220 Reward: 199.057 Cost: 6.000
arrive destination: True ,out of road:False   Total T: 567713 Episode Num: 1766 Episode T: 440 Reward: 379.556 Cost: 11.000
arrive destination: True ,out of road:False   Total T: 568218 Episode Num: 1767 Episode T: 505 Reward: 455.417 Cost: 7.000
arrive destination: True ,out of road:False   Total T: 568506 Episode Num: 1768 Episode T: 288 Reward: 266.916 Cost: 5.000
arrive destination: True ,out of road:False   Total T: 568835 Episode Num: 1769 Episode T: 329 Reward: 369.933 Cost: 1.000
arrive destination: True ,out of road:False   Total T: 569166 Episode Num: 1770 Episode T: 331 Reward: 303.537 Cost: 0.000
arrive destination: False ,out of road:True   Total T: 569385 Episode Num: 1771 Episode T: 219 Reward: 210.983 Cost: 1.000
arrive destination: True ,out of road:False   Total T: 569657 Episode Num: 1772 Episode T: 272 Reward: 266.766 Cost: 0.000
---------------------------------------
Evaluation over 20 episodes: 0.750 Cost 4.300.             SafeRL used : use_lag
---------------------------------------
[34;1m
Time: 2026-06-30 00:02:05, Time spent from previous logger: 145.899 s[0m
[34;1mCustomLogger with fileds: ['total_steps', 'EpRet', 'EpCost', 'CostRate'][0m
[34;1mfieldvalues: [570000, 0.75, 4.3, 0.023921094598411578]
[0m
arrive destination: True ,out of road:False   Total T: 570255 Episode Num: 1773 Episode T: 598 Reward: 523.916 Cost: 16.000
arrive destination: False ,out of road:False   Total T: 571255 Episode Num: 1774 Episode T: 1000 Reward: 125.521 Cost: 3.000
arrive destination: False ,out of road:True   Total T: 571743 Episode Num: 1775 Episode T: 488 Reward: 392.737 Cost: 7.000
arrive destination: True ,out of road:False   Total T: 572142 Episode Num: 1776 Episode T: 399 Reward: 380.680 Cost: 4.000
arrive destination: True ,out of road:False   Total T: 572324 Episode Num: 1777 Episode T: 182 Reward: 269.929 Cost: 0.000
arrive destination: True ,out of road:False   Total T: 572802 Episode Num: 1778 Episode T: 478 Reward: 420.537 Cost: 21.000
arrive destination: True ,out of road:False   Total T: 573140 Episode Num: 1779 Episode T: 338 Reward: 304.514 Cost: 1.000
arrive destination: True ,out of road:False   Total T: 573554 Episode Num: 1780 Episode T: 414 Reward: 421.518 Cost: 14.000
arrive destination: True ,out of road:False   Total T: 574038 Episode Num: 1781 Episode T: 484 Reward: 459.514 Cost: 7.000
arrive destination: True ,out of road:False   Total T: 574222 Episode Num: 1782 Episode T: 184 Reward: 269.305 Cost: 0.000
arrive destination: False ,out of road:True   Total T: 574312 Episode Num: 1783 Episode T: 90 Reward: 58.913 Cost: 1.000
arrive destination: True ,out of road:False   Total T: 574600 Episode Num: 1784 Episode T: 288 Reward: 265.193 Cost: 3.000
arrive destination: False ,out of road:True   Total T: 574951 Episode Num: 1785 Episode T: 351 Reward: 355.987 Cost: 1.000
arrive destination: False ,out of road:True   Total T: 575169 Episode Num: 1786 Episode T: 218 Reward: 185.755 Cost: 1.000
arrive destination: False ,out of road:True   Total T: 575385 Episode Num: 1787 Episode T: 216 Reward: 197.597 Cost: 3.000
arrive destination: True ,out of road:False   Total T: 575724 Episode Num: 1788 Episode T: 339 Reward: 399.406 Cost: 3.000
arrive destination: False ,out of road:True   Total T: 575821 Episode Num: 1789 Episode T: 97 Reward: 73.051 Cost: 4.000
arrive destination: True ,out of road:False   Total T: 576284 Episode Num: 1790 Episode T: 463 Reward: 499.077 Cost: 4.000
arrive destination: True ,out of road:False   Total T: 576650 Episode Num: 1791 Episode T: 366 Reward: 396.443 Cost: 0.000
arrive destination: True ,out of road:False   Total T: 576930 Episode Num: 1792 Episode T: 280 Reward: 267.511 Cost: 12.000
arrive destination: True ,out of road:False   Total T: 577130 Episode Num: 1793 Episode T: 200 Reward: 235.426 Cost: 0.000
arrive destination: False ,out of road:True   Total T: 577431 Episode Num: 1794 Episode T: 301 Reward: 344.159 Cost: 1.000
arrive destination: True ,out of road:False   Total T: 577614 Episode Num: 1795 Episode T: 183 Reward: 269.337 Cost: 0.000
arrive destination: True ,out of road:False   Total T: 578106 Episode Num: 1796 Episode T: 492 Reward: 380.689 Cost: 8.000
arrive destination: True ,out of road:False   Total T: 578574 Episode Num: 1797 Episode T: 468 Reward: 379.648 Cost: 5.000
arrive destination: True ,out of road:False   Total T: 579318 Episode Num: 1798 Episode T: 744 Reward: 418.761 Cost: 1.000
arrive destination: False ,out of road:True   Total T: 579534 Episode Num: 1799 Episode T: 216 Reward: 228.574 Cost: 1.000
---------------------------------------
Evaluation over 20 episodes: 0.250 Cost 2.700.             SafeRL used : use_lag
---------------------------------------
[34;1m
Time: 2026-06-30 00:04:34, Time spent from previous logger: 148.779 s[0m
[34;1mCustomLogger with fileds: ['total_steps', 'EpRet', 'EpCost', 'CostRate'][0m
[34;1mfieldvalues: [580000, 0.25, 2.7, 0.0237034891439468]
[0m
arrive destination: True ,out of road:False   Total T: 580369 Episode Num: 1800 Episode T: 835 Reward: 661.027 Cost: 5.000
arrive destination: False ,out of road:True   Total T: 580601 Episode Num: 1801 Episode T: 232 Reward: 232.448 Cost: 1.000
arrive destination: True ,out of road:False   Total T: 580973 Episode Num: 1802 Episode T: 372 Reward: 265.592 Cost: 0.000
arrive destination: True ,out of road:False   Total T: 581230 Episode Num: 1803 Episode T: 257 Reward: 267.325 Cost: 5.000
arrive destination: False ,out of road:True   Total T: 581459 Episode Num: 1804 Episode T: 229 Reward: 276.654 Cost: 1.000
arrive destination: True ,out of road:False   Total T: 581780 Episode Num: 1805 Episode T: 321 Reward: 267.261 Cost: 5.000
arrive destination: True ,out of road:False   Total T: 582033 Episode Num: 1806 Episode T: 253 Reward: 271.472 Cost: 0.000
arrive destination: True ,out of road:False   Total T: 582351 Episode Num: 1807 Episode T: 318 Reward: 266.922 Cost: 3.000
arrive destination: True ,out of road:False   Total T: 582538 Episode Num: 1808 Episode T: 187 Reward: 269.875 Cost: 0.000
arrive destination: True ,out of road:False   Total T: 582851 Episode Num: 1809 Episode T: 313 Reward: 294.574 Cost: 16.000
arrive destination: True ,out of road:False   Total T: 583168 Episode Num: 1810 Episode T: 317 Reward: 263.755 Cost: 1.000
arrive destination: False ,out of road:False   Total T: 584168 Episode Num: 1811 Episode T: 1000 Reward: 272.135 Cost: 0.000
arrive destination: True ,out of road:False   Total T: 584396 Episode Num: 1812 Episode T: 228 Reward: 284.101 Cost: 0.000
arrive destination: True ,out of road:False   Total T: 584764 Episode Num: 1813 Episode T: 368 Reward: 396.573 Cost: 0.000
arrive destination: False ,out of road:False   Total T: 585764 Episode Num: 1814 Episode T: 1000 Reward: 442.538 Cost: 14.000
arrive destination: True ,out of road:False   Total T: 586349 Episode Num: 1815 Episode T: 585 Reward: 459.790 Cost: 12.000
arrive destination: False ,out of road:True   Total T: 586590 Episode Num: 1816 Episode T: 241 Reward: 208.212 Cost: 1.000
arrive destination: False ,out of road:False   Total T: 587590 Episode Num: 1817 Episode T: 1000 Reward: 75.084 Cost: 1.000
arrive destination: False ,out of road:True   Total T: 588484 Episode Num: 1818 Episode T: 894 Reward: 249.666 Cost: 2.000
arrive destination: True ,out of road:False   Total T: 588888 Episode Num: 1819 Episode T: 404 Reward: 382.103 Cost: 3.000
arrive destination: True ,out of road:False   Total T: 589203 Episode Num: 1820 Episode T: 315 Reward: 296.122 Cost: 0.000
arrive destination: True ,out of road:False   Total T: 589582 Episode Num: 1821 Episode T: 379 Reward: 409.379 Cost: 6.000
---------------------------------------
Evaluation over 20 episodes: 0.600 Cost 8.600.             SafeRL used : use_lag
---------------------------------------
[34;1m
Time: 2026-06-30 00:06:55, Time spent from previous logger: 141.429 s[0m
[34;1mCustomLogger with fileds: ['total_steps', 'EpRet', 'EpCost', 'CostRate'][0m
[34;1mfieldvalues: [590000, 0.6, 8.6, 0.02342207359673491]
[0m
arrive destination: True ,out of road:False   Total T: 590303 Episode Num: 1822 Episode T: 721 Reward: 711.958 Cost: 0.000
arrive destination: False ,out of road:True   Total T: 590466 Episode Num: 1823 Episode T: 163 Reward: 163.813 Cost: 1.000
arrive destination: True ,out of road:False   Total T: 590743 Episode Num: 1824 Episode T: 277 Reward: 295.806 Cost: 0.000
arrive destination: False ,out of road:True   Total T: 590946 Episode Num: 1825 Episode T: 203 Reward: 217.328 Cost: 5.000
arrive destination: True ,out of road:False   Total T: 591359 Episode Num: 1826 Episode T: 413 Reward: 417.322 Cost: 8.000
arrive destination: True ,out of road:False   Total T: 591695 Episode Num: 1827 Episode T: 336 Reward: 271.665 Cost: 13.000
arrive destination: True ,out of road:False   Total T: 592129 Episode Num: 1828 Episode T: 434 Reward: 395.081 Cost: 0.000
arrive destination: False ,out of road:True   Total T: 592846 Episode Num: 1829 Episode T: 717 Reward: 298.862 Cost: 9.000
arrive destination: True ,out of road:False   Total T: 593194 Episode Num: 1830 Episode T: 348 Reward: 336.105 Cost: 4.000
arrive destination: False ,out of road:True   Total T: 593291 Episode Num: 1831 Episode T: 97 Reward: 77.172 Cost: 4.000
arrive destination: False ,out of road:True   Total T: 593536 Episode Num: 1832 Episode T: 245 Reward: 217.113 Cost: 9.000
arrive destination: True ,out of road:False   Total T: 593859 Episode Num: 1833 Episode T: 323 Reward: 268.232 Cost: 10.000
arrive destination: True ,out of road:False   Total T: 594137 Episode Num: 1834 Episode T: 278 Reward: 267.159 Cost: 9.000
arrive destination: True ,out of road:False   Total T: 594588 Episode Num: 1835 Episode T: 451 Reward: 417.491 Cost: 9.000
arrive destination: True ,out of road:False   Total T: 594954 Episode Num: 1836 Episode T: 366 Reward: 373.369 Cost: 3.000
arrive destination: False ,out of road:True   Total T: 595050 Episode Num: 1837 Episode T: 96 Reward: 68.768 Cost: 5.000
arrive destination: True ,out of road:False   Total T: 595298 Episode Num: 1838 Episode T: 248 Reward: 287.678 Cost: 5.000
arrive destination: True ,out of road:False   Total T: 595729 Episode Num: 1839 Episode T: 431 Reward: 475.889 Cost: 11.000
arrive destination: True ,out of road:False   Total T: 595921 Episode Num: 1840 Episode T: 192 Reward: 270.111 Cost: 0.000
arrive destination: True ,out of road:False   Total T: 596201 Episode Num: 1841 Episode T: 280 Reward: 266.305 Cost: 10.000
arrive destination: False ,out of road:False   Total T: 597201 Episode Num: 1842 Episode T: 1000 Reward: 483.869 Cost: 2.000
arrive destination: True ,out of road:False   Total T: 597900 Episode Num: 1843 Episode T: 699 Reward: 419.550 Cost: 23.000
arrive destination: False ,out of road:True   Total T: 598251 Episode Num: 1844 Episode T: 351 Reward: 325.026 Cost: 1.000
arrive destination: False ,out of road:True   Total T: 598376 Episode Num: 1845 Episode T: 125 Reward: 108.075 Cost: 8.000
arrive destination: False ,out of road:True   Total T: 598633 Episode Num: 1846 Episode T: 257 Reward: 287.614 Cost: 1.000
arrive destination: True ,out of road:False   Total T: 599387 Episode Num: 1847 Episode T: 754 Reward: 498.564 Cost: 61.000
arrive destination: True ,out of road:False   Total T: 599623 Episode Num: 1848 Episode T: 236 Reward: 265.195 Cost: 0.000
arrive destination: False ,out of road:True   Total T: 599942 Episode Num: 1849 Episode T: 319 Reward: 261.128 Cost: 9.000
---------------------------------------
Evaluation over 20 episodes: 0.750 Cost 4.600.             SafeRL used : use_lag
---------------------------------------
[34;1m
Time: 2026-06-30 00:09:26, Time spent from previous logger: 150.303 s[0m
[34;1mCustomLogger with fileds: ['total_steps', 'EpRet', 'EpCost', 'CostRate'][0m
[34;1mfieldvalues: [600000, 0.75, 4.6, 0.023398372330620552]
[0m
arrive destination: True ,out of road:False   Total T: 600276 Episode Num: 1850 Episode T: 334 Reward: 296.992 Cost: 5.000
arrive destination: True ,out of road:False   Total T: 600528 Episode Num: 1851 Episode T: 252 Reward: 270.945 Cost: 4.000
arrive destination: True ,out of road:False   Total T: 600794 Episode Num: 1852 Episode T: 266 Reward: 335.521 Cost: 3.000
arrive destination: False ,out of road:True   Total T: 600891 Episode Num: 1853 Episode T: 97 Reward: 76.928 Cost: 3.000
arrive destination: False ,out of road:False   Total T: 601891 Episode Num: 1854 Episode T: 1000 Reward: 262.449 Cost: 3.000
arrive destination: True ,out of road:False   Total T: 602143 Episode Num: 1855 Episode T: 252 Reward: 263.714 Cost: 1.000
arrive destination: False ,out of road:True   Total T: 602303 Episode Num: 1856 Episode T: 160 Reward: 163.571 Cost: 4.000
arrive destination: False ,out of road:True   Total T: 602402 Episode Num: 1857 Episode T: 99 Reward: 77.553 Cost: 4.000
arrive destination: True ,out of road:False   Total T: 602761 Episode Num: 1858 Episode T: 359 Reward: 394.843 Cost: 0.000
arrive destination: True ,out of road:False   Total T: 603083 Episode Num: 1859 Episode T: 322 Reward: 382.859 Cost: 0.000
arrive destination: False ,out of road:False   Total T: 604083 Episode Num: 1860 Episode T: 1000 Reward: 94.161 Cost: 6.000
arrive destination: True ,out of road:False   Total T: 604545 Episode Num: 1861 Episode T: 462 Reward: 411.782 Cost: 14.000
arrive destination: False ,out of road:True   Total T: 604624 Episode Num: 1862 Episode T: 79 Reward: 44.996 Cost: 1.000
arrive destination: True ,out of road:False   Total T: 604864 Episode Num: 1863 Episode T: 240 Reward: 270.481 Cost: 0.000
arrive destination: True ,out of road:False   Total T: 605267 Episode Num: 1864 Episode T: 403 Reward: 414.201 Cost: 20.000
arrive destination: True ,out of road:False   Total T: 605533 Episode Num: 1865 Episode T: 266 Reward: 267.013 Cost: 13.000
arrive destination: False ,out of road:True   Total T: 605763 Episode Num: 1866 Episode T: 230 Reward: 252.613 Cost: 2.000
arrive destination: True ,out of road:False   Total T: 606208 Episode Num: 1867 Episode T: 445 Reward: 411.158 Cost: 13.000
arrive destination: False ,out of road:True   Total T: 606420 Episode Num: 1868 Episode T: 212 Reward: 159.680 Cost: 1.000
arrive destination: True ,out of road:False   Total T: 606770 Episode Num: 1869 Episode T: 350 Reward: 379.401 Cost: 7.000
arrive destination: True ,out of road:False   Total T: 607132 Episode Num: 1870 Episode T: 362 Reward: 393.271 Cost: 0.000
arrive destination: True ,out of road:False   Total T: 607436 Episode Num: 1871 Episode T: 304 Reward: 267.314 Cost: 9.000
arrive destination: False ,out of road:False   Total T: 608436 Episode Num: 1872 Episode T: 1000 Reward: 72.130 Cost: 4.000
arrive destination: True ,out of road:False   Total T: 608693 Episode Num: 1873 Episode T: 257 Reward: 277.594 Cost: 4.000
arrive destination: True ,out of road:False   Total T: 608968 Episode Num: 1874 Episode T: 275 Reward: 268.812 Cost: 5.000
arrive destination: True ,out of road:False   Total T: 609228 Episode Num: 1875 Episode T: 260 Reward: 334.668 Cost: 2.000
arrive destination: True ,out of road:False   Total T: 609585 Episode Num: 1876 Episode T: 357 Reward: 372.315 Cost: 0.000
---------------------------------------
Evaluation over 20 episodes: 0.600 Cost 5.200.             SafeRL used : use_lag
---------------------------------------
[34;1m
Time: 2026-06-30 00:11:40, Time spent from previous logger: 134.444 s[0m
[34;1mCustomLogger with fileds: ['total_steps', 'EpRet', 'EpCost', 'CostRate'][0m
[34;1mfieldvalues: [610000, 0.6, 5.2, 0.023252497135241204]
[0m
arrive destination: True ,out of road:False   Total T: 610297 Episode Num: 1877 Episode T: 712 Reward: 740.426 Cost: 20.000
arrive destination: True ,out of road:False   Total T: 610567 Episode Num: 1878 Episode T: 270 Reward: 267.602 Cost: 3.000
arrive destination: True ,out of road:False   Total T: 610749 Episode Num: 1879 Episode T: 182 Reward: 268.911 Cost: 0.000
arrive destination: True ,out of road:False   Total T: 610935 Episode Num: 1880 Episode T: 186 Reward: 269.170 Cost: 5.000
arrive destination: True ,out of road:False   Total T: 611331 Episode Num: 1881 Episode T: 396 Reward: 379.395 Cost: 14.000
arrive destination: True ,out of road:False   Total T: 611598 Episode Num: 1882 Episode T: 267 Reward: 300.713 Cost: 2.000
arrive destination: True ,out of road:False   Total T: 612006 Episode Num: 1883 Episode T: 408 Reward: 419.587 Cost: 14.000
arrive destination: True ,out of road:False   Total T: 612273 Episode Num: 1884 Episode T: 267 Reward: 298.820 Cost: 0.000
arrive destination: True ,out of road:False   Total T: 612593 Episode Num: 1885 Episode T: 320 Reward: 303.031 Cost: 3.000
arrive destination: False ,out of road:True   Total T: 612890 Episode Num: 1886 Episode T: 297 Reward: 342.744 Cost: 15.000
arrive destination: True ,out of road:False   Total T: 613300 Episode Num: 1887 Episode T: 410 Reward: 471.436 Cost: 7.000
arrive destination: False ,out of road:True   Total T: 613468 Episode Num: 1888 Episode T: 168 Reward: 173.326 Cost: 3.000
arrive destination: True ,out of road:False   Total T: 613777 Episode Num: 1889 Episode T: 309 Reward: 293.768 Cost: 4.000
arrive destination: True ,out of road:False   Total T: 614133 Episode Num: 1890 Episode T: 356 Reward: 382.406 Cost: 21.000
arrive destination: True ,out of road:False   Total T: 614403 Episode Num: 1891 Episode T: 270 Reward: 294.712 Cost: 15.000
arrive destination: True ,out of road:False   Total T: 614905 Episode Num: 1892 Episode T: 502 Reward: 461.331 Cost: 11.000
arrive destination: True ,out of road:False   Total T: 615262 Episode Num: 1893 Episode T: 357 Reward: 394.366 Cost: 0.000
arrive destination: True ,out of road:False   Total T: 615599 Episode Num: 1894 Episode T: 337 Reward: 414.323 Cost: 5.000
arrive destination: True ,out of road:False   Total T: 615830 Episode Num: 1895 Episode T: 231 Reward: 269.324 Cost: 0.000
arrive destination: True ,out of road:False   Total T: 616237 Episode Num: 1896 Episode T: 407 Reward: 456.481 Cost: 19.000
arrive destination: True ,out of road:False   Total T: 616672 Episode Num: 1897 Episode T: 435 Reward: 499.648 Cost: 28.000
arrive destination: True ,out of road:False   Total T: 617012 Episode Num: 1898 Episode T: 340 Reward: 381.920 Cost: 0.000
arrive destination: True ,out of road:False   Total T: 617198 Episode Num: 1899 Episode T: 186 Reward: 269.623 Cost: 7.000
arrive destination: True ,out of road:False   Total T: 617735 Episode Num: 1900 Episode T: 537 Reward: 464.950 Cost: 21.000
arrive destination: False ,out of road:True   Total T: 617879 Episode Num: 1901 Episode T: 144 Reward: 131.532 Cost: 4.000
arrive destination: True ,out of road:False   Total T: 618243 Episode Num: 1902 Episode T: 364 Reward: 383.514 Cost: 4.000
arrive destination: False ,out of road:True   Total T: 618345 Episode Num: 1903 Episode T: 102 Reward: 72.038 Cost: 5.000
arrive destination: True ,out of road:False   Total T: 618562 Episode Num: 1904 Episode T: 217 Reward: 232.473 Cost: 8.000
arrive destination: True ,out of road:True   Total T: 618785 Episode Num: 1905 Episode T: 223 Reward: 345.076 Cost: 12.000
arrive destination: True ,out of road:False   Total T: 619137 Episode Num: 1906 Episode T: 352 Reward: 390.002 Cost: 0.000
arrive destination: True ,out of road:False   Total T: 619337 Episode Num: 1907 Episode T: 200 Reward: 235.775 Cost: 3.000
arrive destination: True ,out of road:False   Total T: 619696 Episode Num: 1908 Episode T: 359 Reward: 379.533 Cost: 2.000
arrive destination: True ,out of road:False   Total T: 619944 Episode Num: 1909 Episode T: 248 Reward: 268.601 Cost: 11.000
---------------------------------------
Evaluation over 20 episodes: 0.800 Cost 9.050.             SafeRL used : use_lag
---------------------------------------
[34;1m
Time: 2026-06-30 00:14:06, Time spent from previous logger: 145.432 s[0m
[34;1mCustomLogger with fileds: ['total_steps', 'EpRet', 'EpCost', 'CostRate'][0m
[34;1mfieldvalues: [620000, 0.8, 9.05, 0.0232790698049513]
[0m
arrive destination: True ,out of road:False   Total T: 620208 Episode Num: 1910 Episode T: 264 Reward: 316.389 Cost: 0.000
arrive destination: True ,out of road:False   Total T: 620476 Episode Num: 1911 Episode T: 268 Reward: 269.145 Cost: 11.000
arrive destination: True ,out of road:False   Total T: 620670 Episode Num: 1912 Episode T: 194 Reward: 233.483 Cost: 6.000
arrive destination: False ,out of road:True   Total T: 620882 Episode Num: 1913 Episode T: 212 Reward: 215.268 Cost: 1.000
arrive destination: True ,out of road:False   Total T: 621099 Episode Num: 1914 Episode T: 217 Reward: 295.592 Cost: 9.000
arrive destination: True ,out of road:False   Total T: 621517 Episode Num: 1915 Episode T: 418 Reward: 495.293 Cost: 32.000
arrive destination: True ,out of road:False   Total T: 621794 Episode Num: 1916 Episode T: 277 Reward: 294.196 Cost: 7.000
arrive destination: True ,out of road:False   Total T: 622144 Episode Num: 1917 Episode T: 350 Reward: 378.777 Cost: 8.000
arrive destination: True ,out of road:False   Total T: 622390 Episode Num: 1918 Episode T: 246 Reward: 336.158 Cost: 4.000
arrive destination: True ,out of road:False   Total T: 622668 Episode Num: 1919 Episode T: 278 Reward: 294.352 Cost: 12.000
arrive destination: False ,out of road:True   Total T: 622801 Episode Num: 1920 Episode T: 133 Reward: 124.579 Cost: 1.000
arrive destination: True ,out of road:False   Total T: 623154 Episode Num: 1921 Episode T: 353 Reward: 392.608 Cost: 0.000
arrive destination: False ,out of road:True   Total T: 623234 Episode Num: 1922 Episode T: 80 Reward: 57.176 Cost: 1.000
arrive destination: True ,out of road:False   Total T: 623439 Episode Num: 1923 Episode T: 205 Reward: 284.859 Cost: 0.000
arrive destination: True ,out of road:False   Total T: 623679 Episode Num: 1924 Episode T: 240 Reward: 274.392 Cost: 0.000
arrive destination: True ,out of road:False   Total T: 624106 Episode Num: 1925 Episode T: 427 Reward: 470.165 Cost: 23.000
arrive destination: False ,out of road:True   Total T: 624306 Episode Num: 1926 Episode T: 200 Reward: 157.599 Cost: 8.000
arrive destination: True ,out of road:False   Total T: 624712 Episode Num: 1927 Episode T: 406 Reward: 476.091 Cost: 10.000
arrive destination: True ,out of road:False   Total T: 625109 Episode Num: 1928 Episode T: 397 Reward: 380.419 Cost: 18.000
arrive destination: False ,out of road:True   Total T: 625208 Episode Num: 1929 Episode T: 99 Reward: 76.574 Cost: 5.000
arrive destination: True ,out of road:False   Total T: 625625 Episode Num: 1930 Episode T: 417 Reward: 470.693 Cost: 16.000
arrive destination: True ,out of road:False   Total T: 625983 Episode Num: 1931 Episode T: 358 Reward: 373.788 Cost: 0.000
arrive destination: True ,out of road:False   Total T: 626170 Episode Num: 1932 Episode T: 187 Reward: 270.092 Cost: 5.000
arrive destination: False ,out of road:True   Total T: 626503 Episode Num: 1933 Episode T: 333 Reward: 320.460 Cost: 4.000
arrive destination: True ,out of road:False   Total T: 627002 Episode Num: 1934 Episode T: 499 Reward: 463.470 Cost: 15.000
arrive destination: True ,out of road:False   Total T: 627352 Episode Num: 1935 Episode T: 350 Reward: 383.043 Cost: 16.000
arrive destination: True ,out of road:False   Total T: 627707 Episode Num: 1936 Episode T: 355 Reward: 397.275 Cost: 0.000
arrive destination: True ,out of road:False   Total T: 627918 Episode Num: 1937 Episode T: 211 Reward: 236.194 Cost: 4.000
arrive destination: True ,out of road:False   Total T: 628364 Episode Num: 1938 Episode T: 446 Reward: 398.866 Cost: 28.000
arrive destination: True ,out of road:False   Total T: 628573 Episode Num: 1939 Episode T: 209 Reward: 295.348 Cost: 0.000
arrive destination: True ,out of road:False   Total T: 628920 Episode Num: 1940 Episode T: 347 Reward: 381.411 Cost: 7.000
arrive destination: True ,out of road:False   Total T: 629228 Episode Num: 1941 Episode T: 308 Reward: 399.388 Cost: 0.000
arrive destination: False ,out of road:True   Total T: 629960 Episode Num: 1942 Episode T: 732 Reward: 73.495 Cost: 19.000
---------------------------------------
Evaluation over 20 episodes: 0.750 Cost 8.400.             SafeRL used : use_lag
---------------------------------------
[34;1m
Time: 2026-06-30 00:16:34, Time spent from previous logger: 148.894 s[0m
[34;1mCustomLogger with fileds: ['total_steps', 'EpRet', 'EpCost', 'CostRate'][0m
[34;1mfieldvalues: [630000, 0.75, 8.4, 0.023338132282749655]
[0m
arrive destination: True ,out of road:False   Total T: 630387 Episode Num: 1943 Episode T: 427 Reward: 436.510 Cost: 9.000
arrive destination: True ,out of road:False   Total T: 630576 Episode Num: 1944 Episode T: 189 Reward: 269.197 Cost: 5.000
arrive destination: False ,out of road:True   Total T: 630674 Episode Num: 1945 Episode T: 98 Reward: 72.305 Cost: 5.000
arrive destination: True ,out of road:False   Total T: 631070 Episode Num: 1946 Episode T: 396 Reward: 424.344 Cost: 16.000
arrive destination: True ,out of road:False   Total T: 631433 Episode Num: 1947 Episode T: 363 Reward: 421.568 Cost: 14.000
arrive destination: False ,out of road:True   Total T: 631605 Episode Num: 1948 Episode T: 172 Reward: 230.015 Cost: 1.000
arrive destination: True ,out of road:False   Total T: 631891 Episode Num: 1949 Episode T: 286 Reward: 268.418 Cost: 5.000
arrive destination: False ,out of road:True   Total T: 632085 Episode Num: 1950 Episode T: 194 Reward: 212.177 Cost: 4.000
arrive destination: True ,out of road:False   Total T: 632454 Episode Num: 1951 Episode T: 369 Reward: 395.342 Cost: 0.000
arrive destination: True ,out of road:False   Total T: 632665 Episode Num: 1952 Episode T: 211 Reward: 295.846 Cost: 0.000
arrive destination: True ,out of road:False   Total T: 633062 Episode Num: 1953 Episode T: 397 Reward: 474.241 Cost: 17.000
arrive destination: True ,out of road:False   Total T: 633543 Episode Num: 1954 Episode T: 481 Reward: 498.158 Cost: 23.000
arrive destination: True ,out of road:False   Total T: 633882 Episode Num: 1955 Episode T: 339 Reward: 385.970 Cost: 0.000
arrive destination: False ,out of road:True   Total T: 634013 Episode Num: 1956 Episode T: 131 Reward: 135.382 Cost: 1.000
arrive destination: True ,out of road:False   Total T: 634357 Episode Num: 1957 Episode T: 344 Reward: 380.928 Cost: 2.000
arrive destination: True ,out of road:False   Total T: 634568 Episode Num: 1958 Episode T: 211 Reward: 295.479 Cost: 10.000
arrive destination: False ,out of road:True   Total T: 634740 Episode Num: 1959 Episode T: 172 Reward: 176.612 Cost: 1.000
arrive destination: True ,out of road:False   Total T: 634949 Episode Num: 1960 Episode T: 209 Reward: 289.111 Cost: 0.000
arrive destination: True ,out of road:False   Total T: 635208 Episode Num: 1961 Episode T: 259 Reward: 300.396 Cost: 3.000
arrive destination: True ,out of road:False   Total T: 635653 Episode Num: 1962 Episode T: 445 Reward: 499.606 Cost: 25.000
arrive destination: True ,out of road:False   Total T: 635875 Episode Num: 1963 Episode T: 222 Reward: 295.831 Cost: 0.000
arrive destination: True ,out of road:False   Total T: 636137 Episode Num: 1964 Episode T: 262 Reward: 293.855 Cost: 5.000
arrive destination: True ,out of road:False   Total T: 636426 Episode Num: 1965 Episode T: 289 Reward: 274.645 Cost: 1.000
arrive destination: True ,out of road:False   Total T: 636859 Episode Num: 1966 Episode T: 433 Reward: 461.643 Cost: 1.000
arrive destination: True ,out of road:False   Total T: 637229 Episode Num: 1967 Episode T: 370 Reward: 420.919 Cost: 7.000
arrive destination: True ,out of road:True   Total T: 637679 Episode Num: 1968 Episode T: 450 Reward: 533.251 Cost: 29.000
arrive destination: True ,out of road:False   Total T: 638208 Episode Num: 1969 Episode T: 529 Reward: 463.857 Cost: 20.000
arrive destination: True ,out of road:False   Total T: 638564 Episode Num: 1970 Episode T: 356 Reward: 379.615 Cost: 4.000
arrive destination: True ,out of road:False   Total T: 638918 Episode Num: 1971 Episode T: 354 Reward: 393.290 Cost: 0.000
arrive destination: True ,out of road:False   Total T: 639162 Episode Num: 1972 Episode T: 244 Reward: 273.715 Cost: 1.000
arrive destination: True ,out of road:False   Total T: 639619 Episode Num: 1973 Episode T: 457 Reward: 500.340 Cost: 11.000
---------------------------------------
Evaluation over 20 episodes: 0.750 Cost 3.650.             SafeRL used : use_lag
---------------------------------------
[34;1m
Time: 2026-06-30 00:19:04, Time spent from previous logger: 149.851 s[0m
[34;1mCustomLogger with fileds: ['total_steps', 'EpRet', 'EpCost', 'CostRate'][0m
[34;1mfieldvalues: [640000, 0.75, 3.65, 0.023321911440486627]
[0m
arrive destination: True ,out of road:False   Total T: 640356 Episode Num: 1974 Episode T: 737 Reward: 728.281 Cost: 10.000
arrive destination: True ,out of road:False   Total T: 640629 Episode Num: 1975 Episode T: 273 Reward: 301.173 Cost: 0.000
arrive destination: True ,out of road:False   Total T: 640907 Episode Num: 1976 Episode T: 278 Reward: 303.634 Cost: 0.000
arrive destination: False ,out of road:True   Total T: 641290 Episode Num: 1977 Episode T: 383 Reward: 389.197 Cost: 14.000
arrive destination: True ,out of road:False   Total T: 641538 Episode Num: 1978 Episode T: 248 Reward: 271.244 Cost: 3.000
arrive destination: True ,out of road:False   Total T: 641899 Episode Num: 1979 Episode T: 361 Reward: 371.625 Cost: 0.000
arrive destination: True ,out of road:False   Total T: 642301 Episode Num: 1980 Episode T: 402 Reward: 420.791 Cost: 7.000
arrive destination: True ,out of road:False   Total T: 642637 Episode Num: 1981 Episode T: 336 Reward: 386.074 Cost: 0.000
arrive destination: True ,out of road:False   Total T: 643055 Episode Num: 1982 Episode T: 418 Reward: 498.763 Cost: 8.000
arrive destination: True ,out of road:False   Total T: 643435 Episode Num: 1983 Episode T: 380 Reward: 400.106 Cost: 13.000
arrive destination: True ,out of road:False   Total T: 643751 Episode Num: 1984 Episode T: 316 Reward: 302.735 Cost: 0.000
arrive destination: True ,out of road:False   Total T: 644022 Episode Num: 1985 Episode T: 271 Reward: 264.547 Cost: 0.000
arrive destination: True ,out of road:False   Total T: 644378 Episode Num: 1986 Episode T: 356 Reward: 392.159 Cost: 0.000
arrive destination: True ,out of road:False   Total T: 644578 Episode Num: 1987 Episode T: 200 Reward: 235.139 Cost: 2.000
arrive destination: True ,out of road:False   Total T: 645019 Episode Num: 1988 Episode T: 441 Reward: 498.626 Cost: 5.000
arrive destination: True ,out of road:False   Total T: 645280 Episode Num: 1989 Episode T: 261 Reward: 268.665 Cost: 2.000
arrive destination: True ,out of road:False   Total T: 645491 Episode Num: 1990 Episode T: 211 Reward: 283.926 Cost: 0.000
arrive destination: False ,out of road:True   Total T: 645557 Episode Num: 1991 Episode T: 66 Reward: 36.800 Cost: 1.000
arrive destination: True ,out of road:False   Total T: 645891 Episode Num: 1992 Episode T: 334 Reward: 384.482 Cost: 0.000
arrive destination: True ,out of road:False   Total T: 646258 Episode Num: 1993 Episode T: 367 Reward: 399.290 Cost: 0.000
arrive destination: False ,out of road:True   Total T: 646401 Episode Num: 1994 Episode T: 143 Reward: 139.761 Cost: 1.000
arrive destination: True ,out of road:False   Total T: 646630 Episode Num: 1995 Episode T: 229 Reward: 305.761 Cost: 4.000
arrive destination: True ,out of road:False   Total T: 646948 Episode Num: 1996 Episode T: 318 Reward: 398.523 Cost: 13.000
arrive destination: True ,out of road:False   Total T: 647308 Episode Num: 1997 Episode T: 360 Reward: 392.749 Cost: 0.000
arrive destination: True ,out of road:False   Total T: 647679 Episode Num: 1998 Episode T: 371 Reward: 370.568 Cost: 0.000
arrive destination: False ,out of road:True   Total T: 648060 Episode Num: 1999 Episode T: 381 Reward: 340.807 Cost: 2.000
arrive destination: True ,out of road:False   Total T: 648400 Episode Num: 2000 Episode T: 340 Reward: 395.263 Cost: 3.000
arrive destination: False ,out of road:True   Total T: 648495 Episode Num: 2001 Episode T: 95 Reward: 66.707 Cost: 5.000
arrive destination: True ,out of road:False   Total T: 648906 Episode Num: 2002 Episode T: 411 Reward: 422.309 Cost: 10.000
arrive destination: True ,out of road:False   Total T: 649120 Episode Num: 2003 Episode T: 214 Reward: 295.900 Cost: 2.000
arrive destination: False ,out of road:True   Total T: 649498 Episode Num: 2004 Episode T: 378 Reward: 360.639 Cost: 12.000
arrive destination: True ,out of road:False   Total T: 649973 Episode Num: 2005 Episode T: 475 Reward: 461.460 Cost: 5.000
---------------------------------------
Evaluation over 20 episodes: 1.000 Cost 5.150.             SafeRL used : use_lag
---------------------------------------
[34;1m
Time: 2026-06-30 00:21:38, Time spent from previous logger: 153.206 s[0m
[34;1mCustomLogger with fileds: ['total_steps', 'EpRet', 'EpCost', 'CostRate'][0m
[34;1mfieldvalues: [650000, 1.0, 5.15, 0.023146189455676085]
[0m
arrive destination: True ,out of road:False   Total T: 650414 Episode Num: 2006 Episode T: 441 Reward: 477.903 Cost: 4.000
arrive destination: True ,out of road:False   Total T: 650773 Episode Num: 2007 Episode T: 359 Reward: 375.346 Cost: 0.000
arrive destination: True ,out of road:False   Total T: 651031 Episode Num: 2008 Episode T: 258 Reward: 285.730 Cost: 1.000
arrive destination: True ,out of road:False   Total T: 651524 Episode Num: 2009 Episode T: 493 Reward: 380.383 Cost: 26.000
arrive destination: True ,out of road:False   Total T: 651867 Episode Num: 2010 Episode T: 343 Reward: 381.347 Cost: 0.000
arrive destination: False ,out of road:True   Total T: 652102 Episode Num: 2011 Episode T: 235 Reward: 247.900 Cost: 3.000
arrive destination: True ,out of road:False   Total T: 652463 Episode Num: 2012 Episode T: 361 Reward: 335.912 Cost: 10.000
arrive destination: True ,out of road:False   Total T: 652667 Episode Num: 2013 Episode T: 204 Reward: 236.089 Cost: 0.000
arrive destination: False ,out of road:True   Total T: 652728 Episode Num: 2014 Episode T: 61 Reward: 29.169 Cost: 1.000
arrive destination: True ,out of road:False   Total T: 653224 Episode Num: 2015 Episode T: 496 Reward: 461.971 Cost: 2.000
arrive destination: False ,out of road:True   Total T: 653582 Episode Num: 2016 Episode T: 358 Reward: 344.694 Cost: 1.000
arrive destination: True ,out of road:False   Total T: 654081 Episode Num: 2017 Episode T: 499 Reward: 380.539 Cost: 2.000
arrive destination: False ,out of road:True   Total T: 654298 Episode Num: 2018 Episode T: 217 Reward: 238.602 Cost: 4.000
arrive destination: True ,out of road:False   Total T: 654668 Episode Num: 2019 Episode T: 370 Reward: 381.857 Cost: 3.000
arrive destination: True ,out of road:False   Total T: 654957 Episode Num: 2020 Episode T: 289 Reward: 266.775 Cost: 2.000
arrive destination: True ,out of road:False   Total T: 655331 Episode Num: 2021 Episode T: 374 Reward: 411.185 Cost: 3.000
arrive destination: True ,out of road:False   Total T: 655704 Episode Num: 2022 Episode T: 373 Reward: 419.255 Cost: 6.000
arrive destination: False ,out of road:True   Total T: 655946 Episode Num: 2023 Episode T: 242 Reward: 238.981 Cost: 2.000
arrive destination: True ,out of road:False   Total T: 656168 Episode Num: 2024 Episode T: 222 Reward: 294.985 Cost: 0.000
arrive destination: True ,out of road:False   Total T: 656523 Episode Num: 2025 Episode T: 355 Reward: 389.934 Cost: 0.000
arrive destination: True ,out of road:False   Total T: 656893 Episode Num: 2026 Episode T: 370 Reward: 294.908 Cost: 11.000
arrive destination: True ,out of road:False   Total T: 657155 Episode Num: 2027 Episode T: 262 Reward: 336.021 Cost: 1.000
arrive destination: True ,out of road:False   Total T: 657379 Episode Num: 2028 Episode T: 224 Reward: 295.160 Cost: 7.000
arrive destination: False ,out of road:True   Total T: 657459 Episode Num: 2029 Episode T: 80 Reward: 58.461 Cost: 1.000
arrive destination: False ,out of road:True   Total T: 657819 Episode Num: 2030 Episode T: 360 Reward: 377.853 Cost: 10.000
arrive destination: False ,out of road:True   Total T: 657999 Episode Num: 2031 Episode T: 180 Reward: 205.754 Cost: 1.000
arrive destination: True ,out of road:False   Total T: 658274 Episode Num: 2032 Episode T: 275 Reward: 268.681 Cost: 6.000
arrive destination: True ,out of road:False   Total T: 658484 Episode Num: 2033 Episode T: 210 Reward: 289.185 Cost: 0.000
arrive destination: True ,out of road:False   Total T: 658692 Episode Num: 2034 Episode T: 208 Reward: 285.339 Cost: 0.000
arrive destination: True ,out of road:False   Total T: 659015 Episode Num: 2035 Episode T: 323 Reward: 383.600 Cost: 0.000
arrive destination: True ,out of road:False   Total T: 659223 Episode Num: 2036 Episode T: 208 Reward: 287.733 Cost: 0.000
arrive destination: True ,out of road:False   Total T: 659686 Episode Num: 2037 Episode T: 463 Reward: 498.079 Cost: 1.000
---------------------------------------
Evaluation over 20 episodes: 0.600 Cost 3.450.             SafeRL used : use_lag
---------------------------------------
[34;1m
Time: 2026-06-30 00:24:06, Time spent from previous logger: 148.575 s[0m
[34;1mCustomLogger with fileds: ['total_steps', 'EpRet', 'EpCost', 'CostRate'][0m
[34;1mfieldvalues: [660000, 0.6, 3.45, 0.022968216618510028]
[0m
arrive destination: True ,out of road:False   Total T: 660209 Episode Num: 2038 Episode T: 523 Reward: 618.945 Cost: 8.000
arrive destination: True ,out of road:False   Total T: 660480 Episode Num: 2039 Episode T: 271 Reward: 265.061 Cost: 5.000
arrive destination: False ,out of road:True   Total T: 660690 Episode Num: 2040 Episode T: 210 Reward: 216.985 Cost: 7.000
arrive destination: True ,out of road:False   Total T: 660895 Episode Num: 2041 Episode T: 205 Reward: 235.417 Cost: 0.000
arrive destination: False ,out of road:True   Total T: 661242 Episode Num: 2042 Episode T: 347 Reward: 330.762 Cost: 7.000
arrive destination: False ,out of road:False   Total T: 662242 Episode Num: 2043 Episode T: 1000 Reward: 120.292 Cost: 2.000
arrive destination: False ,out of road:True   Total T: 662604 Episode Num: 2044 Episode T: 362 Reward: 315.131 Cost: 3.000
arrive destination: True ,out of road:False   Total T: 663040 Episode Num: 2045 Episode T: 436 Reward: 399.729 Cost: 7.000
arrive destination: False ,out of road:True   Total T: 663169 Episode Num: 2046 Episode T: 129 Reward: 138.989 Cost: 3.000
arrive destination: True ,out of road:False   Total T: 663433 Episode Num: 2047 Episode T: 264 Reward: 335.627 Cost: 2.000
arrive destination: True ,out of road:False   Total T: 663667 Episode Num: 2048 Episode T: 234 Reward: 235.006 Cost: 0.000
arrive destination: True ,out of road:False   Total T: 663918 Episode Num: 2049 Episode T: 251 Reward: 336.108 Cost: 1.000
arrive destination: True ,out of road:False   Total T: 664112 Episode Num: 2050 Episode T: 194 Reward: 235.220 Cost: 1.000
arrive destination: True ,out of road:False   Total T: 664489 Episode Num: 2051 Episode T: 377 Reward: 380.825 Cost: 11.000
arrive destination: True ,out of road:False   Total T: 664678 Episode Num: 2052 Episode T: 189 Reward: 235.290 Cost: 0.000
arrive destination: True ,out of road:False   Total T: 665171 Episode Num: 2053 Episode T: 493 Reward: 466.332 Cost: 6.000
arrive destination: False ,out of road:True   Total T: 665427 Episode Num: 2054 Episode T: 256 Reward: 317.869 Cost: 5.000
arrive destination: False ,out of road:True   Total T: 665721 Episode Num: 2055 Episode T: 294 Reward: 247.444 Cost: 12.000
arrive destination: False ,out of road:True   Total T: 665904 Episode Num: 2056 Episode T: 183 Reward: 178.930 Cost: 1.000
arrive destination: True ,out of road:False   Total T: 666265 Episode Num: 2057 Episode T: 361 Reward: 378.364 Cost: 10.000
arrive destination: True ,out of road:False   Total T: 666460 Episode Num: 2058 Episode T: 195 Reward: 235.632 Cost: 1.000
arrive destination: True ,out of road:False   Total T: 666724 Episode Num: 2059 Episode T: 264 Reward: 268.420 Cost: 5.000
arrive destination: True ,out of road:False   Total T: 667083 Episode Num: 2060 Episode T: 359 Reward: 375.540 Cost: 0.000
arrive destination: True ,out of road:False   Total T: 667323 Episode Num: 2061 Episode T: 240 Reward: 274.104 Cost: 2.000
arrive destination: True ,out of road:False   Total T: 667679 Episode Num: 2062 Episode T: 356 Reward: 399.687 Cost: 7.000
arrive destination: True ,out of road:False   Total T: 667991 Episode Num: 2063 Episode T: 312 Reward: 305.162 Cost: 2.000
arrive destination: False ,out of road:True   Total T: 668089 Episode Num: 2064 Episode T: 98 Reward: 80.092 Cost: 3.000
arrive destination: True ,out of road:False   Total T: 668316 Episode Num: 2065 Episode T: 227 Reward: 290.387 Cost: 3.000
arrive destination: False ,out of road:True   Total T: 668532 Episode Num: 2066 Episode T: 216 Reward: 272.574 Cost: 1.000
arrive destination: False ,out of road:True   Total T: 668948 Episode Num: 2067 Episode T: 416 Reward: 349.047 Cost: 20.000
arrive destination: False ,out of road:True   Total T: 669161 Episode Num: 2068 Episode T: 213 Reward: 238.001 Cost: 4.000
arrive destination: True ,out of road:False   Total T: 669517 Episode Num: 2069 Episode T: 356 Reward: 374.517 Cost: 0.000
arrive destination: True ,out of road:False   Total T: 669867 Episode Num: 2070 Episode T: 350 Reward: 379.047 Cost: 3.000
---------------------------------------
Evaluation over 20 episodes: 0.700 Cost 4.150.             SafeRL used : use_lag
---------------------------------------
[34;1m
Time: 2026-06-30 00:26:27, Time spent from previous logger: 141.140 s[0m
[34;1mCustomLogger with fileds: ['total_steps', 'EpRet', 'EpCost', 'CostRate'][0m
[34;1mfieldvalues: [670000, 0.7, 4.15, 0.02282839228118251]
[0m
arrive destination: False ,out of road:True   Total T: 670390 Episode Num: 2071 Episode T: 523 Reward: 438.840 Cost: 6.000
arrive destination: True ,out of road:False   Total T: 670569 Episode Num: 2072 Episode T: 179 Reward: 269.451 Cost: 0.000
arrive destination: True ,out of road:False   Total T: 670941 Episode Num: 2073 Episode T: 372 Reward: 336.327 Cost: 8.000
arrive destination: True ,out of road:False   Total T: 671202 Episode Num: 2074 Episode T: 261 Reward: 265.277 Cost: 8.000
arrive destination: True ,out of road:False   Total T: 671613 Episode Num: 2075 Episode T: 411 Reward: 419.180 Cost: 24.000
arrive destination: True ,out of road:False   Total T: 671835 Episode Num: 2076 Episode T: 222 Reward: 325.948 Cost: 4.000
arrive destination: True ,out of road:False   Total T: 672146 Episode Num: 2077 Episode T: 311 Reward: 264.754 Cost: 3.000
arrive destination: False ,out of road:True   Total T: 672382 Episode Num: 2078 Episode T: 236 Reward: 217.373 Cost: 7.000
arrive destination: True ,out of road:False   Total T: 672867 Episode Num: 2079 Episode T: 485 Reward: 460.875 Cost: 7.000
arrive destination: True ,out of road:False   Total T: 673198 Episode Num: 2080 Episode T: 331 Reward: 377.971 Cost: 11.000
arrive destination: True ,out of road:False   Total T: 673405 Episode Num: 2081 Episode T: 207 Reward: 287.060 Cost: 0.000
arrive destination: True ,out of road:False   Total T: 673602 Episode Num: 2082 Episode T: 197 Reward: 235.985 Cost: 0.000
arrive destination: True ,out of road:False   Total T: 673786 Episode Num: 2083 Episode T: 184 Reward: 270.127 Cost: 0.000
arrive destination: True ,out of road:False   Total T: 674202 Episode Num: 2084 Episode T: 416 Reward: 294.734 Cost: 16.000
arrive destination: True ,out of road:False   Total T: 674690 Episode Num: 2085 Episode T: 488 Reward: 457.586 Cost: 9.000
arrive destination: True ,out of road:False   Total T: 675076 Episode Num: 2086 Episode T: 386 Reward: 416.771 Cost: 6.000
arrive destination: True ,out of road:False   Total T: 675256 Episode Num: 2087 Episode T: 180 Reward: 269.563 Cost: 0.000
arrive destination: True ,out of road:False   Total T: 675459 Episode Num: 2088 Episode T: 203 Reward: 235.091 Cost: 2.000
arrive destination: True ,out of road:False   Total T: 675828 Episode Num: 2089 Episode T: 369 Reward: 395.368 Cost: 0.000
arrive destination: True ,out of road:False   Total T: 676105 Episode Num: 2090 Episode T: 277 Reward: 296.024 Cost: 1.000
arrive destination: True ,out of road:False   Total T: 676323 Episode Num: 2091 Episode T: 218 Reward: 304.879 Cost: 2.000
arrive destination: False ,out of road:True   Total T: 676693 Episode Num: 2092 Episode T: 370 Reward: 74.405 Cost: 22.000
arrive destination: True ,out of road:False   Total T: 676899 Episode Num: 2093 Episode T: 206 Reward: 232.243 Cost: 5.000
arrive destination: True ,out of road:False   Total T: 677079 Episode Num: 2094 Episode T: 180 Reward: 269.714 Cost: 0.000
arrive destination: True ,out of road:False   Total T: 677318 Episode Num: 2095 Episode T: 239 Reward: 272.527 Cost: 0.000
arrive destination: True ,out of road:False   Total T: 677790 Episode Num: 2096 Episode T: 472 Reward: 470.921 Cost: 5.000
arrive destination: True ,out of road:False   Total T: 678097 Episode Num: 2097 Episode T: 307 Reward: 264.621 Cost: 5.000
arrive destination: True ,out of road:False   Total T: 678386 Episode Num: 2098 Episode T: 289 Reward: 266.066 Cost: 5.000
arrive destination: True ,out of road:False   Total T: 678748 Episode Num: 2099 Episode T: 362 Reward: 378.746 Cost: 7.000
arrive destination: True ,out of road:False   Total T: 678944 Episode Num: 2100 Episode T: 196 Reward: 234.960 Cost: 1.000
arrive destination: True ,out of road:False   Total T: 679302 Episode Num: 2101 Episode T: 358 Reward: 393.151 Cost: 0.000
arrive destination: False ,out of road:True   Total T: 679566 Episode Num: 2102 Episode T: 264 Reward: 252.425 Cost: 5.000
arrive destination: True ,out of road:False   Total T: 679819 Episode Num: 2103 Episode T: 253 Reward: 335.170 Cost: 2.000
---------------------------------------
Evaluation over 20 episodes: 0.650 Cost 4.250.             SafeRL used : use_lag
---------------------------------------
[34;1m
Time: 2026-06-30 00:28:49, Time spent from previous logger: 141.745 s[0m
[34;1mCustomLogger with fileds: ['total_steps', 'EpRet', 'EpCost', 'CostRate'][0m
[34;1mfieldvalues: [680000, 0.65, 4.25, 0.02274562168473777]
[0m
arrive destination: True ,out of road:False   Total T: 680267 Episode Num: 2104 Episode T: 448 Reward: 482.409 Cost: 17.000
arrive destination: True ,out of road:False   Total T: 680478 Episode Num: 2105 Episode T: 211 Reward: 284.531 Cost: 0.000
arrive destination: True ,out of road:False   Total T: 680690 Episode Num: 2106 Episode T: 212 Reward: 287.467 Cost: 0.000
arrive destination: True ,out of road:False   Total T: 680916 Episode Num: 2107 Episode T: 226 Reward: 287.824 Cost: 2.000
arrive destination: True ,out of road:False   Total T: 681334 Episode Num: 2108 Episode T: 418 Reward: 471.731 Cost: 7.000
arrive destination: True ,out of road:False   Total T: 681510 Episode Num: 2109 Episode T: 176 Reward: 269.089 Cost: 0.000
arrive destination: True ,out of road:False   Total T: 681902 Episode Num: 2110 Episode T: 392 Reward: 395.773 Cost: 16.000
arrive destination: True ,out of road:False   Total T: 682129 Episode Num: 2111 Episode T: 227 Reward: 295.741 Cost: 2.000
arrive destination: True ,out of road:False   Total T: 682621 Episode Num: 2112 Episode T: 492 Reward: 465.215 Cost: 9.000
arrive destination: True ,out of road:False   Total T: 682837 Episode Num: 2113 Episode T: 216 Reward: 284.871 Cost: 0.000
arrive destination: True ,out of road:False   Total T: 683240 Episode Num: 2114 Episode T: 403 Reward: 468.862 Cost: 5.000
arrive destination: True ,out of road:False   Total T: 683512 Episode Num: 2115 Episode T: 272 Reward: 335.504 Cost: 5.000
arrive destination: True ,out of road:False   Total T: 683934 Episode Num: 2116 Episode T: 422 Reward: 464.897 Cost: 6.000
arrive destination: True ,out of road:False   Total T: 684355 Episode Num: 2117 Episode T: 421 Reward: 471.179 Cost: 5.000
arrive destination: True ,out of road:False   Total T: 684621 Episode Num: 2118 Episode T: 266 Reward: 302.875 Cost: 0.000
arrive destination: True ,out of road:False   Total T: 685108 Episode Num: 2119 Episode T: 487 Reward: 462.776 Cost: 4.000
arrive destination: False ,out of road:True   Total T: 685453 Episode Num: 2120 Episode T: 345 Reward: 358.928 Cost: 6.000
arrive destination: True ,out of road:False   Total T: 685688 Episode Num: 2121 Episode T: 235 Reward: 295.392 Cost: 2.000
arrive destination: True ,out of road:False   Total T: 685896 Episode Num: 2122 Episode T: 208 Reward: 287.130 Cost: 0.000
arrive destination: True ,out of road:False   Total T: 686274 Episode Num: 2123 Episode T: 378 Reward: 408.406 Cost: 2.000
arrive destination: False ,out of road:True   Total T: 686621 Episode Num: 2124 Episode T: 347 Reward: 329.962 Cost: 1.000
arrive destination: True ,out of road:False   Total T: 686975 Episode Num: 2125 Episode T: 354 Reward: 395.313 Cost: 0.000
arrive destination: True ,out of road:False   Total T: 687373 Episode Num: 2126 Episode T: 398 Reward: 336.033 Cost: 21.000
arrive destination: True ,out of road:False   Total T: 687611 Episode Num: 2127 Episode T: 238 Reward: 268.514 Cost: 0.000
arrive destination: True ,out of road:False   Total T: 687977 Episode Num: 2128 Episode T: 366 Reward: 398.113 Cost: 0.000
arrive destination: True ,out of road:False   Total T: 688240 Episode Num: 2129 Episode T: 263 Reward: 294.523 Cost: 14.000
arrive destination: False ,out of road:True   Total T: 688513 Episode Num: 2130 Episode T: 273 Reward: 274.613 Cost: 2.000
arrive destination: True ,out of road:False   Total T: 688703 Episode Num: 2131 Episode T: 190 Reward: 270.180 Cost: 0.000
arrive destination: True ,out of road:False   Total T: 689050 Episode Num: 2132 Episode T: 347 Reward: 336.188 Cost: 8.000
arrive destination: True ,out of road:False   Total T: 689260 Episode Num: 2133 Episode T: 210 Reward: 296.031 Cost: 0.000
arrive destination: True ,out of road:False   Total T: 689503 Episode Num: 2134 Episode T: 243 Reward: 264.521 Cost: 0.000
arrive destination: True ,out of road:False   Total T: 689823 Episode Num: 2135 Episode T: 320 Reward: 377.181 Cost: 2.000
---------------------------------------
Evaluation over 20 episodes: 0.700 Cost 5.500.             SafeRL used : use_lag
---------------------------------------
[34;1m
Time: 2026-06-30 00:31:16, Time spent from previous logger: 147.092 s[0m
[34;1mCustomLogger with fileds: ['total_steps', 'EpRet', 'EpCost', 'CostRate'][0m
[34;1mfieldvalues: [690000, 0.7, 5.5, 0.022613076250835147]
[0m
arrive destination: True ,out of road:False   Total T: 690345 Episode Num: 2136 Episode T: 522 Reward: 570.832 Cost: 9.000
arrive destination: True ,out of road:False   Total T: 690615 Episode Num: 2137 Episode T: 270 Reward: 273.238 Cost: 7.000
arrive destination: True ,out of road:False   Total T: 690946 Episode Num: 2138 Episode T: 331 Reward: 379.651 Cost: 6.000
arrive destination: True ,out of road:False   Total T: 691213 Episode Num: 2139 Episode T: 267 Reward: 267.636 Cost: 8.000
arrive destination: False ,out of road:True   Total T: 691291 Episode Num: 2140 Episode T: 78 Reward: 55.194 Cost: 1.000
arrive destination: True ,out of road:False   Total T: 691684 Episode Num: 2141 Episode T: 393 Reward: 467.005 Cost: 2.000
arrive destination: True ,out of road:False   Total T: 691985 Episode Num: 2142 Episode T: 301 Reward: 335.796 Cost: 13.000
arrive destination: True ,out of road:False   Total T: 692324 Episode Num: 2143 Episode T: 339 Reward: 382.099 Cost: 3.000
arrive destination: True ,out of road:False   Total T: 692509 Episode Num: 2144 Episode T: 185 Reward: 269.361 Cost: 0.000
arrive destination: True ,out of road:False   Total T: 692764 Episode Num: 2145 Episode T: 255 Reward: 269.691 Cost: 9.000
arrive destination: True ,out of road:False   Total T: 693262 Episode Num: 2146 Episode T: 498 Reward: 460.807 Cost: 20.000
arrive destination: True ,out of road:False   Total T: 693619 Episode Num: 2147 Episode T: 357 Reward: 392.900 Cost: 0.000
arrive destination: True ,out of road:False   Total T: 693835 Episode Num: 2148 Episode T: 216 Reward: 287.453 Cost: 0.000
arrive destination: True ,out of road:False   Total T: 694107 Episode Num: 2149 Episode T: 272 Reward: 294.284 Cost: 11.000
arrive destination: True ,out of road:False   Total T: 694366 Episode Num: 2150 Episode T: 259 Reward: 268.916 Cost: 9.000
arrive destination: True ,out of road:False   Total T: 694555 Episode Num: 2151 Episode T: 189 Reward: 270.004 Cost: 4.000
arrive destination: True ,out of road:False   Total T: 694862 Episode Num: 2152 Episode T: 307 Reward: 268.015 Cost: 5.000
arrive destination: False ,out of road:True   Total T: 695087 Episode Num: 2153 Episode T: 225 Reward: 199.251 Cost: 15.000
arrive destination: True ,out of road:False   Total T: 695445 Episode Num: 2154 Episode T: 358 Reward: 302.830 Cost: 8.000
arrive destination: True ,out of road:False   Total T: 695663 Episode Num: 2155 Episode T: 218 Reward: 286.430 Cost: 1.000
arrive destination: True ,out of road:False   Total T: 696023 Episode Num: 2156 Episode T: 360 Reward: 392.870 Cost: 0.000
arrive destination: True ,out of road:False   Total T: 696387 Episode Num: 2157 Episode T: 364 Reward: 381.194 Cost: 22.000
arrive destination: True ,out of road:False   Total T: 696599 Episode Num: 2158 Episode T: 212 Reward: 236.046 Cost: 0.000
arrive destination: True ,out of road:False   Total T: 696958 Episode Num: 2159 Episode T: 359 Reward: 422.920 Cost: 8.000
arrive destination: True ,out of road:False   Total T: 697345 Episode Num: 2160 Episode T: 387 Reward: 377.392 Cost: 16.000
arrive destination: True ,out of road:False   Total T: 697531 Episode Num: 2161 Episode T: 186 Reward: 269.204 Cost: 7.000
arrive destination: False ,out of road:True   Total T: 697626 Episode Num: 2162 Episode T: 95 Reward: 77.058 Cost: 3.000
arrive destination: True ,out of road:False   Total T: 698004 Episode Num: 2163 Episode T: 378 Reward: 418.113 Cost: 17.000
arrive destination: True ,out of road:False   Total T: 698361 Episode Num: 2164 Episode T: 357 Reward: 393.885 Cost: 0.000
arrive destination: True ,out of road:False   Total T: 698567 Episode Num: 2165 Episode T: 206 Reward: 295.273 Cost: 4.000
arrive destination: True ,out of road:False   Total T: 698985 Episode Num: 2166 Episode T: 418 Reward: 469.361 Cost: 11.000
arrive destination: True ,out of road:False   Total T: 699339 Episode Num: 2167 Episode T: 354 Reward: 392.358 Cost: 0.000
arrive destination: True ,out of road:False   Total T: 699594 Episode Num: 2168 Episode T: 255 Reward: 269.668 Cost: 14.000
arrive destination: True ,out of road:False   Total T: 699799 Episode Num: 2169 Episode T: 205 Reward: 235.714 Cost: 9.000
arrive destination: True ,out of road:False   Total T: 699984 Episode Num: 2170 Episode T: 185 Reward: 269.026 Cost: 5.000
---------------------------------------
Evaluation over 20 episodes: 0.750 Cost 5.800.             SafeRL used : use_lag
---------------------------------------
[34;1m
Time: 2026-06-30 00:33:37, Time spent from previous logger: 141.160 s[0m
[34;1mCustomLogger with fileds: ['total_steps', 'EpRet', 'EpCost', 'CostRate'][0m
[34;1mfieldvalues: [700000, 0.75, 5.8, 0.022641460916372737]
[0m
arrive destination: True ,out of road:False   Total T: 700265 Episode Num: 2171 Episode T: 281 Reward: 272.065 Cost: 17.000
arrive destination: False ,out of road:True   Total T: 700427 Episode Num: 2172 Episode T: 162 Reward: 152.971 Cost: 13.000
arrive destination: True ,out of road:False   Total T: 700619 Episode Num: 2173 Episode T: 192 Reward: 235.778 Cost: 0.000
arrive destination: True ,out of road:False   Total T: 700977 Episode Num: 2174 Episode T: 358 Reward: 394.469 Cost: 0.000
arrive destination: False ,out of road:True   Total T: 701154 Episode Num: 2175 Episode T: 177 Reward: 177.299 Cost: 1.000
arrive destination: False ,out of road:False   Total T: 702154 Episode Num: 2176 Episode T: 1000 Reward: 127.999 Cost: 4.000
arrive destination: True ,out of road:False   Total T: 702382 Episode Num: 2177 Episode T: 228 Reward: 271.841 Cost: 0.000
arrive destination: True ,out of road:False   Total T: 702697 Episode Num: 2178 Episode T: 315 Reward: 398.911 Cost: 17.000
arrive destination: True ,out of road:False   Total T: 702904 Episode Num: 2179 Episode T: 207 Reward: 295.545 Cost: 1.000
arrive destination: True ,out of road:False   Total T: 703249 Episode Num: 2180 Episode T: 345 Reward: 378.948 Cost: 21.000
arrive destination: True ,out of road:False   Total T: 703645 Episode Num: 2181 Episode T: 396 Reward: 470.710 Cost: 25.000
arrive destination: True ,out of road:True   Total T: 703861 Episode Num: 2182 Episode T: 216 Reward: 335.500 Cost: 13.000
arrive destination: True ,out of road:False   Total T: 704070 Episode Num: 2183 Episode T: 209 Reward: 287.925 Cost: 0.000
arrive destination: True ,out of road:False   Total T: 704281 Episode Num: 2184 Episode T: 211 Reward: 286.084 Cost: 0.000
arrive destination: True ,out of road:False   Total T: 704502 Episode Num: 2185 Episode T: 221 Reward: 295.944 Cost: 5.000
arrive destination: True ,out of road:False   Total T: 704702 Episode Num: 2186 Episode T: 200 Reward: 234.887 Cost: 4.000
arrive destination: True ,out of road:False   Total T: 704937 Episode Num: 2187 Episode T: 235 Reward: 295.612 Cost: 5.000
arrive destination: False ,out of road:False   Total T: 705937 Episode Num: 2188 Episode T: 1000 Reward: 136.214 Cost: 25.000
arrive destination: False ,out of road:True   Total T: 706012 Episode Num: 2189 Episode T: 75 Reward: 52.415 Cost: 1.000
arrive destination: True ,out of road:False   Total T: 706383 Episode Num: 2190 Episode T: 371 Reward: 374.023 Cost: 17.000
arrive destination: True ,out of road:False   Total T: 706626 Episode Num: 2191 Episode T: 243 Reward: 265.528 Cost: 0.000
arrive destination: True ,out of road:True   Total T: 707017 Episode Num: 2192 Episode T: 391 Reward: 472.039 Cost: 10.000
arrive destination: True ,out of road:False   Total T: 707265 Episode Num: 2193 Episode T: 248 Reward: 265.187 Cost: 0.000
arrive destination: True ,out of road:False   Total T: 707609 Episode Num: 2194 Episode T: 344 Reward: 379.098 Cost: 20.000
arrive destination: True ,out of road:False   Total T: 707795 Episode Num: 2195 Episode T: 186 Reward: 235.700 Cost: 6.000
arrive destination: True ,out of road:False   Total T: 708195 Episode Num: 2196 Episode T: 400 Reward: 461.127 Cost: 30.000
arrive destination: True ,out of road:False   Total T: 708560 Episode Num: 2197 Episode T: 365 Reward: 421.990 Cost: 15.000
arrive destination: True ,out of road:False   Total T: 708954 Episode Num: 2198 Episode T: 394 Reward: 472.266 Cost: 33.000
arrive destination: True ,out of road:False   Total T: 709213 Episode Num: 2199 Episode T: 259 Reward: 297.938 Cost: 7.000
arrive destination: True ,out of road:False   Total T: 709644 Episode Num: 2200 Episode T: 431 Reward: 494.757 Cost: 17.000
---------------------------------------
Evaluation over 20 episodes: 0.650 Cost 12.200.             SafeRL used : use_lag
---------------------------------------
[34;1m
Time: 2026-06-30 00:35:53, Time spent from previous logger: 136.075 s[0m
[34;1mCustomLogger with fileds: ['total_steps', 'EpRet', 'EpCost', 'CostRate'][0m
[34;1mfieldvalues: [710000, 0.65, 12.2, 0.022792989849281478]
[0m
arrive destination: True ,out of road:False   Total T: 710355 Episode Num: 2201 Episode T: 711 Reward: 697.612 Cost: 40.000
arrive destination: False ,out of road:True   Total T: 710576 Episode Num: 2202 Episode T: 221 Reward: 369.261 Cost: 20.000
arrive destination: False ,out of road:True   Total T: 710948 Episode Num: 2203 Episode T: 372 Reward: 447.376 Cost: 23.000
arrive destination: False ,out of road:True   Total T: 711128 Episode Num: 2204 Episode T: 180 Reward: 209.155 Cost: 4.000
arrive destination: True ,out of road:False   Total T: 711536 Episode Num: 2205 Episode T: 408 Reward: 494.869 Cost: 21.000
arrive destination: True ,out of road:False   Total T: 711886 Episode Num: 2206 Episode T: 350 Reward: 415.985 Cost: 21.000
arrive destination: True ,out of road:False   Total T: 712308 Episode Num: 2207 Episode T: 422 Reward: 472.094 Cost: 10.000
arrive destination: True ,out of road:False   Total T: 712655 Episode Num: 2208 Episode T: 347 Reward: 335.814 Cost: 26.000
arrive destination: True ,out of road:False   Total T: 713032 Episode Num: 2209 Episode T: 377 Reward: 443.798 Cost: 44.000
arrive destination: True ,out of road:False   Total T: 713272 Episode Num: 2210 Episode T: 240 Reward: 264.662 Cost: 0.000
arrive destination: True ,out of road:False   Total T: 713476 Episode Num: 2211 Episode T: 204 Reward: 235.485 Cost: 8.000
arrive destination: True ,out of road:False   Total T: 713924 Episode Num: 2212 Episode T: 448 Reward: 456.026 Cost: 21.000
arrive destination: True ,out of road:False   Total T: 714181 Episode Num: 2213 Episode T: 257 Reward: 267.068 Cost: 16.000
arrive destination: True ,out of road:False   Total T: 714422 Episode Num: 2214 Episode T: 241 Reward: 274.257 Cost: 7.000
arrive destination: True ,out of road:False   Total T: 714811 Episode Num: 2215 Episode T: 389 Reward: 472.878 Cost: 34.000
arrive destination: False ,out of road:True   Total T: 714984 Episode Num: 2216 Episode T: 173 Reward: 177.553 Cost: 3.000
arrive destination: True ,out of road:False   Total T: 715184 Episode Num: 2217 Episode T: 200 Reward: 235.815 Cost: 1.000
arrive destination: True ,out of road:False   Total T: 715588 Episode Num: 2218 Episode T: 404 Reward: 471.867 Cost: 30.000
arrive destination: True ,out of road:False   Total T: 715789 Episode Num: 2219 Episode T: 201 Reward: 288.480 Cost: 0.000
arrive destination: True ,out of road:False   Total T: 716031 Episode Num: 2220 Episode T: 242 Reward: 335.646 Cost: 5.000
arrive destination: True ,out of road:False   Total T: 716365 Episode Num: 2221 Episode T: 334 Reward: 368.859 Cost: 2.000
arrive destination: True ,out of road:False   Total T: 716767 Episode Num: 2222 Episode T: 402 Reward: 381.822 Cost: 11.000
arrive destination: False ,out of road:True   Total T: 717172 Episode Num: 2223 Episode T: 405 Reward: 364.591 Cost: 14.000
arrive destination: True ,out of road:False   Total T: 717417 Episode Num: 2224 Episode T: 245 Reward: 264.048 Cost: 0.000
arrive destination: False ,out of road:True   Total T: 717513 Episode Num: 2225 Episode T: 96 Reward: 77.528 Cost: 4.000
arrive destination: True ,out of road:False   Total T: 717785 Episode Num: 2226 Episode T: 272 Reward: 302.205 Cost: 0.000
arrive destination: True ,out of road:False   Total T: 718031 Episode Num: 2227 Episode T: 246 Reward: 262.738 Cost: 0.000
arrive destination: True ,out of road:False   Total T: 718230 Episode Num: 2228 Episode T: 199 Reward: 235.419 Cost: 6.000
arrive destination: False ,out of road:True   Total T: 718327 Episode Num: 2229 Episode T: 97 Reward: 77.481 Cost: 4.000
arrive destination: True ,out of road:False   Total T: 718624 Episode Num: 2230 Episode T: 297 Reward: 399.651 Cost: 19.000
arrive destination: True ,out of road:False   Total T: 718895 Episode Num: 2231 Episode T: 271 Reward: 302.535 Cost: 0.000
arrive destination: True ,out of road:False   Total T: 719130 Episode Num: 2232 Episode T: 235 Reward: 272.036 Cost: 1.000
arrive destination: True ,out of road:False   Total T: 719339 Episode Num: 2233 Episode T: 209 Reward: 288.759 Cost: 0.000
arrive destination: False ,out of road:True   Total T: 719439 Episode Num: 2234 Episode T: 100 Reward: 80.908 Cost: 3.000
arrive destination: False ,out of road:True   Total T: 719568 Episode Num: 2235 Episode T: 129 Reward: 132.000 Cost: 3.000
arrive destination: True ,out of road:False   Total T: 719782 Episode Num: 2236 Episode T: 214 Reward: 306.111 Cost: 2.000
---------------------------------------
Evaluation over 20 episodes: 0.750 Cost 4.450.             SafeRL used : use_lag
---------------------------------------
[34;1m
Time: 2026-06-30 00:38:17, Time spent from previous logger: 143.887 s[0m
[34;1mCustomLogger with fileds: ['total_steps', 'EpRet', 'EpCost', 'CostRate'][0m
[34;1mfieldvalues: [720000, 0.75, 4.45, 0.02300280972612462]
[0m
arrive destination: True ,out of road:False   Total T: 720400 Episode Num: 2237 Episode T: 618 Reward: 655.525 Cost: 27.000
arrive destination: True ,out of road:False   Total T: 720758 Episode Num: 2238 Episode T: 358 Reward: 414.385 Cost: 7.000
arrive destination: False ,out of road:False   Total T: 721758 Episode Num: 2239 Episode T: 1000 Reward: 331.471 Cost: 14.000
arrive destination: False ,out of road:True   Total T: 721853 Episode Num: 2240 Episode T: 95 Reward: 77.174 Cost: 4.000
arrive destination: True ,out of road:False   Total T: 722262 Episode Num: 2241 Episode T: 409 Reward: 462.863 Cost: 9.000
arrive destination: True ,out of road:False   Total T: 722517 Episode Num: 2242 Episode T: 255 Reward: 268.309 Cost: 9.000
arrive destination: False ,out of road:True   Total T: 722800 Episode Num: 2243 Episode T: 283 Reward: 128.719 Cost: 5.000
arrive destination: True ,out of road:False   Total T: 723152 Episode Num: 2244 Episode T: 352 Reward: 378.520 Cost: 6.000
arrive destination: False ,out of road:True   Total T: 723352 Episode Num: 2245 Episode T: 200 Reward: 225.898 Cost: 11.000
arrive destination: False ,out of road:True   Total T: 723696 Episode Num: 2246 Episode T: 344 Reward: 346.238 Cost: 15.000
arrive destination: True ,out of road:False   Total T: 724103 Episode Num: 2247 Episode T: 407 Reward: 399.127 Cost: 39.000
arrive destination: True ,out of road:False   Total T: 724505 Episode Num: 2248 Episode T: 402 Reward: 472.151 Cost: 6.000
arrive destination: False ,out of road:True   Total T: 724742 Episode Num: 2249 Episode T: 237 Reward: 231.428 Cost: 1.000
arrive destination: True ,out of road:False   Total T: 725066 Episode Num: 2250 Episode T: 324 Reward: 401.092 Cost: 7.000
arrive destination: True ,out of road:False   Total T: 725509 Episode Num: 2251 Episode T: 443 Reward: 469.562 Cost: 10.000
arrive destination: True ,out of road:False   Total T: 725862 Episode Num: 2252 Episode T: 353 Reward: 387.925 Cost: 2.000
arrive destination: True ,out of road:False   Total T: 726092 Episode Num: 2253 Episode T: 230 Reward: 295.686 Cost: 2.000
arrive destination: True ,out of road:False   Total T: 726441 Episode Num: 2254 Episode T: 349 Reward: 381.855 Cost: 5.000
arrive destination: False ,out of road:True   Total T: 726724 Episode Num: 2255 Episode T: 283 Reward: 316.357 Cost: 5.000
arrive destination: False ,out of road:True   Total T: 726820 Episode Num: 2256 Episode T: 96 Reward: 77.193 Cost: 4.000
arrive destination: True ,out of road:False   Total T: 727179 Episode Num: 2257 Episode T: 359 Reward: 387.335 Cost: 0.000
arrive destination: True ,out of road:False   Total T: 727499 Episode Num: 2258 Episode T: 320 Reward: 379.381 Cost: 9.000
arrive destination: False ,out of road:True   Total T: 727849 Episode Num: 2259 Episode T: 350 Reward: 327.279 Cost: 9.000
arrive destination: False ,out of road:True   Total T: 728093 Episode Num: 2260 Episode T: 244 Reward: 226.605 Cost: 1.000
arrive destination: False ,out of road:True   Total T: 728226 Episode Num: 2261 Episode T: 133 Reward: 138.443 Cost: 4.000
arrive destination: True ,out of road:False   Total T: 728668 Episode Num: 2262 Episode T: 442 Reward: 495.001 Cost: 9.000
arrive destination: True ,out of road:False   Total T: 728909 Episode Num: 2263 Episode T: 241 Reward: 260.350 Cost: 0.000
arrive destination: True ,out of road:False   Total T: 729104 Episode Num: 2264 Episode T: 195 Reward: 234.040 Cost: 0.000
arrive destination: True ,out of road:False   Total T: 729529 Episode Num: 2265 Episode T: 425 Reward: 498.970 Cost: 2.000
arrive destination: True ,out of road:False   Total T: 729766 Episode Num: 2266 Episode T: 237 Reward: 275.301 Cost: 0.000
---------------------------------------
Evaluation over 20 episodes: 0.650 Cost 4.350.             SafeRL used : use_lag
---------------------------------------
[34;1m
Time: 2026-06-30 00:40:44, Time spent from previous logger: 146.962 s[0m
[34;1mCustomLogger with fileds: ['total_steps', 'EpRet', 'EpCost', 'CostRate'][0m
[34;1mfieldvalues: [730000, 0.65, 4.35, 0.022993182182441344]
[0m
arrive destination: True ,out of road:False   Total T: 730472 Episode Num: 2267 Episode T: 706 Reward: 603.609 Cost: 22.000
arrive destination: True ,out of road:False   Total T: 730830 Episode Num: 2268 Episode T: 358 Reward: 386.455 Cost: 2.000
arrive destination: False ,out of road:True   Total T: 731462 Episode Num: 2269 Episode T: 632 Reward: 349.309 Cost: 19.000
arrive destination: True ,out of road:False   Total T: 731780 Episode Num: 2270 Episode T: 318 Reward: 306.139 Cost: 3.000
arrive destination: False ,out of road:True   Total T: 731907 Episode Num: 2271 Episode T: 127 Reward: 137.924 Cost: 3.000
arrive destination: True ,out of road:False   Total T: 732161 Episode Num: 2272 Episode T: 254 Reward: 290.218 Cost: 13.000
arrive destination: True ,out of road:False   Total T: 732466 Episode Num: 2273 Episode T: 305 Reward: 305.987 Cost: 5.000
arrive destination: True ,out of road:False   Total T: 732910 Episode Num: 2274 Episode T: 444 Reward: 461.060 Cost: 3.000
arrive destination: True ,out of road:False   Total T: 733326 Episode Num: 2275 Episode T: 416 Reward: 471.210 Cost: 0.000
arrive destination: True ,out of road:False   Total T: 733767 Episode Num: 2276 Episode T: 441 Reward: 495.269 Cost: 10.000
arrive destination: True ,out of road:False   Total T: 734034 Episode Num: 2277 Episode T: 267 Reward: 278.613 Cost: 2.000
arrive destination: True ,out of road:False   Total T: 734473 Episode Num: 2278 Episode T: 439 Reward: 498.940 Cost: 15.000
arrive destination: True ,out of road:False   Total T: 734717 Episode Num: 2279 Episode T: 244 Reward: 335.227 Cost: 6.000
arrive destination: True ,out of road:False   Total T: 735160 Episode Num: 2280 Episode T: 443 Reward: 498.750 Cost: 2.000
arrive destination: False ,out of road:True   Total T: 735380 Episode Num: 2281 Episode T: 220 Reward: 214.140 Cost: 6.000
arrive destination: False ,out of road:True   Total T: 735841 Episode Num: 2282 Episode T: 461 Reward: 448.661 Cost: 7.000
arrive destination: True ,out of road:False   Total T: 736110 Episode Num: 2283 Episode T: 269 Reward: 274.955 Cost: 3.000
arrive destination: True ,out of road:False   Total T: 736313 Episode Num: 2284 Episode T: 203 Reward: 235.575 Cost: 0.000
arrive destination: True ,out of road:False   Total T: 736655 Episode Num: 2285 Episode T: 342 Reward: 378.682 Cost: 4.000
arrive destination: True ,out of road:False   Total T: 736859 Episode Num: 2286 Episode T: 204 Reward: 284.135 Cost: 0.000
arrive destination: True ,out of road:False   Total T: 737223 Episode Num: 2287 Episode T: 364 Reward: 373.699 Cost: 9.000
arrive destination: False ,out of road:True   Total T: 737391 Episode Num: 2288 Episode T: 168 Reward: 226.257 Cost: 1.000
arrive destination: False ,out of road:True   Total T: 737497 Episode Num: 2289 Episode T: 106 Reward: 95.624 Cost: 1.000
arrive destination: False ,out of road:True   Total T: 737862 Episode Num: 2290 Episode T: 365 Reward: 347.232 Cost: 1.000
arrive destination: True ,out of road:False   Total T: 738289 Episode Num: 2291 Episode T: 427 Reward: 458.502 Cost: 1.000
arrive destination: False ,out of road:True   Total T: 738424 Episode Num: 2292 Episode T: 135 Reward: 126.244 Cost: 3.000
arrive destination: True ,out of road:False   Total T: 738798 Episode Num: 2293 Episode T: 374 Reward: 417.829 Cost: 10.000
arrive destination: False ,out of road:True   Total T: 739030 Episode Num: 2294 Episode T: 232 Reward: 187.203 Cost: 8.000
arrive destination: False ,out of road:True   Total T: 739233 Episode Num: 2295 Episode T: 203 Reward: 267.838 Cost: 1.000
arrive destination: True ,out of road:True   Total T: 739677 Episode Num: 2296 Episode T: 444 Reward: 471.796 Cost: 5.000
---------------------------------------
Evaluation over 20 episodes: 0.950 Cost 4.700.             SafeRL used : use_lag
---------------------------------------
[34;1m
Time: 2026-06-30 00:43:16, Time spent from previous logger: 151.430 s[0m
[34;1mCustomLogger with fileds: ['total_steps', 'EpRet', 'EpCost', 'CostRate'][0m
[34;1mfieldvalues: [740000, 0.95, 4.7, 0.022902733652342775]
[0m
arrive destination: False ,out of road:False   Total T: 740677 Episode Num: 2297 Episode T: 1000 Reward: 462.183 Cost: 29.000
arrive destination: False ,out of road:True   Total T: 740861 Episode Num: 2298 Episode T: 184 Reward: 126.907 Cost: 2.000
arrive destination: True ,out of road:False   Total T: 741125 Episode Num: 2299 Episode T: 264 Reward: 279.612 Cost: 0.000
arrive destination: True ,out of road:False   Total T: 741315 Episode Num: 2300 Episode T: 190 Reward: 270.028 Cost: 8.000
arrive destination: True ,out of road:False   Total T: 741566 Episode Num: 2301 Episode T: 251 Reward: 265.492 Cost: 0.000
arrive destination: True ,out of road:False   Total T: 741764 Episode Num: 2302 Episode T: 198 Reward: 235.436 Cost: 0.000
arrive destination: True ,out of road:False   Total T: 742181 Episode Num: 2303 Episode T: 417 Reward: 469.417 Cost: 1.000
arrive destination: True ,out of road:False   Total T: 742552 Episode Num: 2304 Episode T: 371 Reward: 288.670 Cost: 22.000
arrive destination: True ,out of road:False   Total T: 742915 Episode Num: 2305 Episode T: 363 Reward: 371.210 Cost: 0.000
arrive destination: False ,out of road:True   Total T: 743080 Episode Num: 2306 Episode T: 165 Reward: 195.434 Cost: 6.000
arrive destination: True ,out of road:False   Total T: 743520 Episode Num: 2307 Episode T: 440 Reward: 474.679 Cost: 5.000
arrive destination: False ,out of road:True   Total T: 743702 Episode Num: 2308 Episode T: 182 Reward: 126.167 Cost: 4.000
arrive destination: True ,out of road:False   Total T: 744005 Episode Num: 2309 Episode T: 303 Reward: 305.937 Cost: 0.000
arrive destination: False ,out of road:True   Total T: 744166 Episode Num: 2310 Episode T: 161 Reward: 126.717 Cost: 5.000
arrive destination: True ,out of road:False   Total T: 744345 Episode Num: 2311 Episode T: 179 Reward: 270.051 Cost: 0.000
arrive destination: True ,out of road:False   Total T: 744587 Episode Num: 2312 Episode T: 242 Reward: 263.633 Cost: 0.000
arrive destination: True ,out of road:False   Total T: 744907 Episode Num: 2313 Episode T: 320 Reward: 303.211 Cost: 0.000
arrive destination: True ,out of road:False   Total T: 745116 Episode Num: 2314 Episode T: 209 Reward: 235.835 Cost: 7.000
arrive destination: True ,out of road:False   Total T: 745297 Episode Num: 2315 Episode T: 181 Reward: 269.749 Cost: 0.000
arrive destination: False ,out of road:True   Total T: 745562 Episode Num: 2316 Episode T: 265 Reward: 271.114 Cost: 11.000
arrive destination: True ,out of road:False   Total T: 745979 Episode Num: 2317 Episode T: 417 Reward: 497.883 Cost: 6.000
arrive destination: True ,out of road:False   Total T: 746158 Episode Num: 2318 Episode T: 179 Reward: 268.955 Cost: 0.000
arrive destination: True ,out of road:False   Total T: 746561 Episode Num: 2319 Episode T: 403 Reward: 469.440 Cost: 2.000
arrive destination: True ,out of road:False   Total T: 746764 Episode Num: 2320 Episode T: 203 Reward: 235.418 Cost: 1.000
arrive destination: True ,out of road:False   Total T: 747168 Episode Num: 2321 Episode T: 404 Reward: 456.158 Cost: 7.000
arrive destination: False ,out of road:True   Total T: 747334 Episode Num: 2322 Episode T: 166 Reward: 164.634 Cost: 1.000
arrive destination: False ,out of road:True   Total T: 747687 Episode Num: 2323 Episode T: 353 Reward: 373.991 Cost: 7.000
arrive destination: False ,out of road:True   Total T: 747822 Episode Num: 2324 Episode T: 135 Reward: 81.152 Cost: 1.000
arrive destination: True ,out of road:False   Total T: 748060 Episode Num: 2325 Episode T: 238 Reward: 261.609 Cost: 0.000
arrive destination: True ,out of road:False   Total T: 748351 Episode Num: 2326 Episode T: 291 Reward: 336.162 Cost: 0.000
arrive destination: True ,out of road:False   Total T: 748730 Episode Num: 2327 Episode T: 379 Reward: 381.604 Cost: 18.000
arrive destination: True ,out of road:False   Total T: 749021 Episode Num: 2328 Episode T: 291 Reward: 291.597 Cost: 16.000
arrive destination: True ,out of road:False   Total T: 749266 Episode Num: 2329 Episode T: 245 Reward: 260.300 Cost: 0.000
arrive destination: True ,out of road:False   Total T: 749467 Episode Num: 2330 Episode T: 201 Reward: 270.090 Cost: 0.000
arrive destination: True ,out of road:False   Total T: 749674 Episode Num: 2331 Episode T: 207 Reward: 235.394 Cost: 1.000
---------------------------------------
Evaluation over 20 episodes: 0.750 Cost 6.200.             SafeRL used : use_lag
---------------------------------------
[34;1m
Time: 2026-06-30 00:45:37, Time spent from previous logger: 141.400 s[0m
[34;1mCustomLogger with fileds: ['total_steps', 'EpRet', 'EpCost', 'CostRate'][0m
[34;1mfieldvalues: [750000, 0.75, 6.2, 0.022808030410707215]
[0m
arrive destination: True ,out of road:False   Total T: 750451 Episode Num: 2332 Episode T: 777 Reward: 806.406 Cost: 8.000
arrive destination: False ,out of road:True   Total T: 750657 Episode Num: 2333 Episode T: 206 Reward: 206.791 Cost: 1.000
arrive destination: True ,out of road:False   Total T: 750927 Episode Num: 2334 Episode T: 270 Reward: 304.644 Cost: 0.000
arrive destination: True ,out of road:False   Total T: 751143 Episode Num: 2335 Episode T: 216 Reward: 295.367 Cost: 2.000
arrive destination: False ,out of road:True   Total T: 751339 Episode Num: 2336 Episode T: 196 Reward: 228.345 Cost: 1.000
arrive destination: True ,out of road:False   Total T: 751700 Episode Num: 2337 Episode T: 361 Reward: 420.511 Cost: 4.000
arrive destination: False ,out of road:True   Total T: 751973 Episode Num: 2338 Episode T: 273 Reward: 267.540 Cost: 6.000
arrive destination: True ,out of road:False   Total T: 752460 Episode Num: 2339 Episode T: 487 Reward: 403.244 Cost: 4.000
arrive destination: False ,out of road:True   Total T: 752539 Episode Num: 2340 Episode T: 79 Reward: 55.021 Cost: 1.000
arrive destination: False ,out of road:True   Total T: 752778 Episode Num: 2341 Episode T: 239 Reward: 317.916 Cost: 1.000
arrive destination: True ,out of road:False   Total T: 753016 Episode Num: 2342 Episode T: 238 Reward: 295.850 Cost: 7.000
arrive destination: True ,out of road:False   Total T: 753368 Episode Num: 2343 Episode T: 352 Reward: 380.349 Cost: 0.000
arrive destination: True ,out of road:False   Total T: 753670 Episode Num: 2344 Episode T: 302 Reward: 271.103 Cost: 2.000
arrive destination: False ,out of road:True   Total T: 754032 Episode Num: 2345 Episode T: 362 Reward: 340.319 Cost: 3.000
arrive destination: True ,out of road:False   Total T: 754251 Episode Num: 2346 Episode T: 219 Reward: 295.096 Cost: 0.000
arrive destination: True ,out of road:False   Total T: 754588 Episode Num: 2347 Episode T: 337 Reward: 377.909 Cost: 8.000
arrive destination: True ,out of road:False   Total T: 754830 Episode Num: 2348 Episode T: 242 Reward: 264.667 Cost: 0.000
arrive destination: False ,out of road:True   Total T: 754901 Episode Num: 2349 Episode T: 71 Reward: 46.695 Cost: 1.000
arrive destination: True ,out of road:False   Total T: 755337 Episode Num: 2350 Episode T: 436 Reward: 464.587 Cost: 17.000
arrive destination: True ,out of road:False   Total T: 755630 Episode Num: 2351 Episode T: 293 Reward: 271.091 Cost: 1.000
arrive destination: True ,out of road:False   Total T: 755968 Episode Num: 2352 Episode T: 338 Reward: 294.444 Cost: 13.000
arrive destination: False ,out of road:True   Total T: 756321 Episode Num: 2353 Episode T: 353 Reward: 321.450 Cost: 18.000
arrive destination: True ,out of road:False   Total T: 756571 Episode Num: 2354 Episode T: 250 Reward: 265.197 Cost: 0.000
arrive destination: True ,out of road:False   Total T: 756837 Episode Num: 2355 Episode T: 266 Reward: 272.163 Cost: 17.000
arrive destination: True ,out of road:False   Total T: 757120 Episode Num: 2356 Episode T: 283 Reward: 294.367 Cost: 12.000
arrive destination: True ,out of road:False   Total T: 757396 Episode Num: 2357 Episode T: 276 Reward: 302.264 Cost: 0.000
arrive destination: False ,out of road:True   Total T: 757756 Episode Num: 2358 Episode T: 360 Reward: 309.752 Cost: 10.000
arrive destination: False ,out of road:True   Total T: 758034 Episode Num: 2359 Episode T: 278 Reward: 312.867 Cost: 8.000
arrive destination: True ,out of road:False   Total T: 758352 Episode Num: 2360 Episode T: 318 Reward: 379.665 Cost: 0.000
arrive destination: False ,out of road:True   Total T: 758671 Episode Num: 2361 Episode T: 319 Reward: 344.119 Cost: 1.000
arrive destination: True ,out of road:False   Total T: 758939 Episode Num: 2362 Episode T: 268 Reward: 294.503 Cost: 12.000
arrive destination: False ,out of road:True   Total T: 759140 Episode Num: 2363 Episode T: 201 Reward: 226.767 Cost: 11.000
arrive destination: True ,out of road:False   Total T: 759530 Episode Num: 2364 Episode T: 390 Reward: 462.371 Cost: 5.000
arrive destination: False ,out of road:True   Total T: 759899 Episode Num: 2365 Episode T: 369 Reward: 395.041 Cost: 10.000
---------------------------------------
Evaluation over 20 episodes: 0.650 Cost 7.150.             SafeRL used : use_lag
---------------------------------------
[34;1m
Time: 2026-06-30 00:48:03, Time spent from previous logger: 146.124 s[0m
[34;1mCustomLogger with fileds: ['total_steps', 'EpRet', 'EpCost', 'CostRate'][0m
[34;1mfieldvalues: [760000, 0.65, 7.15, 0.022750029934249915]
[0m
arrive destination: True ,out of road:False   Total T: 760181 Episode Num: 2366 Episode T: 282 Reward: 359.501 Cost: 5.000
arrive destination: True ,out of road:False   Total T: 760427 Episode Num: 2367 Episode T: 246 Reward: 270.004 Cost: 0.000
arrive destination: True ,out of road:False   Total T: 760840 Episode Num: 2368 Episode T: 413 Reward: 475.978 Cost: 10.000
arrive destination: False ,out of road:True   Total T: 761208 Episode Num: 2369 Episode T: 368 Reward: 393.592 Cost: 5.000
arrive destination: False ,out of road:True   Total T: 761289 Episode Num: 2370 Episode T: 81 Reward: 55.231 Cost: 1.000
arrive destination: False ,out of road:True   Total T: 761495 Episode Num: 2371 Episode T: 206 Reward: 204.622 Cost: 7.000
arrive destination: False ,out of road:True   Total T: 761593 Episode Num: 2372 Episode T: 98 Reward: 82.647 Cost: 2.000
arrive destination: True ,out of road:False   Total T: 761834 Episode Num: 2373 Episode T: 241 Reward: 264.423 Cost: 0.000
arrive destination: False ,out of road:True   Total T: 762036 Episode Num: 2374 Episode T: 202 Reward: 207.141 Cost: 1.000
arrive destination: True ,out of road:False   Total T: 762278 Episode Num: 2375 Episode T: 242 Reward: 271.868 Cost: 8.000
arrive destination: True ,out of road:False   Total T: 762510 Episode Num: 2376 Episode T: 232 Reward: 345.748 Cost: 8.000
arrive destination: True ,out of road:False   Total T: 762823 Episode Num: 2377 Episode T: 313 Reward: 398.714 Cost: 10.000
arrive destination: False ,out of road:True   Total T: 762922 Episode Num: 2378 Episode T: 99 Reward: 71.052 Cost: 1.000
arrive destination: True ,out of road:False   Total T: 763214 Episode Num: 2379 Episode T: 292 Reward: 294.522 Cost: 8.000
arrive destination: True ,out of road:False   Total T: 763490 Episode Num: 2380 Episode T: 276 Reward: 302.064 Cost: 0.000
arrive destination: True ,out of road:False   Total T: 763898 Episode Num: 2381 Episode T: 408 Reward: 475.072 Cost: 15.000
arrive destination: True ,out of road:False   Total T: 764223 Episode Num: 2382 Episode T: 325 Reward: 397.945 Cost: 9.000
arrive destination: True ,out of road:False   Total T: 764744 Episode Num: 2383 Episode T: 521 Reward: 496.930 Cost: 29.000
arrive destination: False ,out of road:True   Total T: 764839 Episode Num: 2384 Episode T: 95 Reward: 80.307 Cost: 3.000
arrive destination: False ,out of road:True   Total T: 765142 Episode Num: 2385 Episode T: 303 Reward: 361.200 Cost: 17.000
arrive destination: True ,out of road:False   Total T: 765480 Episode Num: 2386 Episode T: 338 Reward: 378.418 Cost: 4.000
arrive destination: True ,out of road:False   Total T: 765849 Episode Num: 2387 Episode T: 369 Reward: 411.645 Cost: 18.000
arrive destination: True ,out of road:False   Total T: 766085 Episode Num: 2388 Episode T: 236 Reward: 293.604 Cost: 19.000
arrive destination: True ,out of road:False   Total T: 766482 Episode Num: 2389 Episode T: 397 Reward: 465.633 Cost: 13.000
arrive destination: True ,out of road:True   Total T: 766698 Episode Num: 2390 Episode T: 216 Reward: 335.323 Cost: 10.000
arrive destination: True ,out of road:False   Total T: 766907 Episode Num: 2391 Episode T: 209 Reward: 295.663 Cost: 10.000
arrive destination: False ,out of road:True   Total T: 767107 Episode Num: 2392 Episode T: 200 Reward: 253.274 Cost: 3.000
arrive destination: True ,out of road:False   Total T: 767367 Episode Num: 2393 Episode T: 260 Reward: 267.949 Cost: 15.000
arrive destination: True ,out of road:False   Total T: 767614 Episode Num: 2394 Episode T: 247 Reward: 259.524 Cost: 2.000
arrive destination: True ,out of road:False   Total T: 767899 Episode Num: 2395 Episode T: 285 Reward: 304.924 Cost: 0.000
arrive destination: True ,out of road:False   Total T: 768126 Episode Num: 2396 Episode T: 227 Reward: 295.428 Cost: 3.000
arrive destination: True ,out of road:False   Total T: 768675 Episode Num: 2397 Episode T: 549 Reward: 460.684 Cost: 10.000
arrive destination: True ,out of road:False   Total T: 768914 Episode Num: 2398 Episode T: 239 Reward: 336.144 Cost: 6.000
arrive destination: False ,out of road:True   Total T: 769111 Episode Num: 2399 Episode T: 197 Reward: 218.676 Cost: 6.000
arrive destination: True ,out of road:False   Total T: 769505 Episode Num: 2400 Episode T: 394 Reward: 475.712 Cost: 18.000
arrive destination: True ,out of road:False   Total T: 769745 Episode Num: 2401 Episode T: 240 Reward: 272.104 Cost: 2.000
---------------------------------------
Evaluation over 20 episodes: 0.800 Cost 12.350.             SafeRL used : use_lag
---------------------------------------
[34;1m
Time: 2026-06-30 00:50:32, Time spent from previous logger: 148.926 s[0m
[34;1mCustomLogger with fileds: ['total_steps', 'EpRet', 'EpCost', 'CostRate'][0m
[34;1mfieldvalues: [770000, 0.8, 12.35, 0.02283379588804661]
[0m
arrive destination: True ,out of road:False   Total T: 770400 Episode Num: 2402 Episode T: 655 Reward: 722.884 Cost: 22.000
arrive destination: True ,out of road:False   Total T: 770721 Episode Num: 2403 Episode T: 321 Reward: 369.074 Cost: 6.000
arrive destination: False ,out of road:True   Total T: 770958 Episode Num: 2404 Episode T: 237 Reward: 236.806 Cost: 11.000
arrive destination: True ,out of road:False   Total T: 771264 Episode Num: 2405 Episode T: 306 Reward: 370.245 Cost: 0.000
arrive destination: True ,out of road:False   Total T: 771656 Episode Num: 2406 Episode T: 392 Reward: 476.766 Cost: 20.000
arrive destination: False ,out of road:False   Total T: 772656 Episode Num: 2407 Episode T: 1000 Reward: 334.307 Cost: 21.000
arrive destination: False ,out of road:True   Total T: 772854 Episode Num: 2408 Episode T: 198 Reward: 208.588 Cost: 4.000
arrive destination: True ,out of road:False   Total T: 773144 Episode Num: 2409 Episode T: 290 Reward: 335.902 Cost: 5.000
arrive destination: True ,out of road:False   Total T: 773390 Episode Num: 2410 Episode T: 246 Reward: 264.833 Cost: 0.000
arrive destination: True ,out of road:False   Total T: 773753 Episode Num: 2411 Episode T: 363 Reward: 381.247 Cost: 67.000
arrive destination: True ,out of road:False   Total T: 774120 Episode Num: 2412 Episode T: 367 Reward: 419.773 Cost: 16.000
arrive destination: True ,out of road:False   Total T: 774339 Episode Num: 2413 Episode T: 219 Reward: 295.937 Cost: 7.000
arrive destination: True ,out of road:False   Total T: 774768 Episode Num: 2414 Episode T: 429 Reward: 493.407 Cost: 27.000
arrive destination: True ,out of road:False   Total T: 775024 Episode Num: 2415 Episode T: 256 Reward: 262.719 Cost: 1.000
arrive destination: True ,out of road:False   Total T: 775399 Episode Num: 2416 Episode T: 375 Reward: 420.329 Cost: 12.000
arrive destination: True ,out of road:False   Total T: 775845 Episode Num: 2417 Episode T: 446 Reward: 492.925 Cost: 30.000
arrive destination: True ,out of road:False   Total T: 776170 Episode Num: 2418 Episode T: 325 Reward: 386.300 Cost: 0.000
arrive destination: True ,out of road:False   Total T: 776539 Episode Num: 2419 Episode T: 369 Reward: 373.916 Cost: 6.000
arrive destination: True ,out of road:False   Total T: 776764 Episode Num: 2420 Episode T: 225 Reward: 289.422 Cost: 3.000
arrive destination: True ,out of road:False   Total T: 777039 Episode Num: 2421 Episode T: 275 Reward: 299.833 Cost: 4.000
arrive destination: True ,out of road:False   Total T: 777320 Episode Num: 2422 Episode T: 281 Reward: 271.727 Cost: 1.000
arrive destination: False ,out of road:True   Total T: 777427 Episode Num: 2423 Episode T: 107 Reward: 73.847 Cost: 4.000
arrive destination: False ,out of road:True   Total T: 777529 Episode Num: 2424 Episode T: 102 Reward: 77.015 Cost: 5.000
arrive destination: True ,out of road:False   Total T: 777711 Episode Num: 2425 Episode T: 182 Reward: 269.375 Cost: 3.000
arrive destination: True ,out of road:False   Total T: 777923 Episode Num: 2426 Episode T: 212 Reward: 295.654 Cost: 7.000
arrive destination: True ,out of road:False   Total T: 778264 Episode Num: 2427 Episode T: 341 Reward: 382.742 Cost: 6.000
arrive destination: False ,out of road:True   Total T: 778298 Episode Num: 2428 Episode T: 34 Reward: 3.611 Cost: 1.000
arrive destination: True ,out of road:False   Total T: 778739 Episode Num: 2429 Episode T: 441 Reward: 457.276 Cost: 2.000
arrive destination: True ,out of road:False   Total T: 778919 Episode Num: 2430 Episode T: 180 Reward: 270.038 Cost: 0.000
arrive destination: True ,out of road:False   Total T: 779164 Episode Num: 2431 Episode T: 245 Reward: 335.491 Cost: 6.000
arrive destination: True ,out of road:False   Total T: 779365 Episode Num: 2432 Episode T: 201 Reward: 286.180 Cost: 0.000
arrive destination: True ,out of road:False   Total T: 779617 Episode Num: 2433 Episode T: 252 Reward: 273.134 Cost: 3.000
arrive destination: False ,out of road:True   Total T: 779816 Episode Num: 2434 Episode T: 199 Reward: 224.593 Cost: 14.000
---------------------------------------
Evaluation over 20 episodes: 0.800 Cost 3.950.             SafeRL used : use_lag
---------------------------------------
[34;1m
Time: 2026-06-30 00:52:53, Time spent from previous logger: 140.902 s[0m
[34;1mCustomLogger with fileds: ['total_steps', 'EpRet', 'EpCost', 'CostRate'][0m
[34;1mfieldvalues: [780000, 0.8, 3.95, 0.022932080682154722]
[0m
arrive destination: True ,out of road:False   Total T: 780350 Episode Num: 2435 Episode T: 534 Reward: 628.129 Cost: 31.000
arrive destination: False ,out of road:True   Total T: 780453 Episode Num: 2436 Episode T: 103 Reward: 79.325 Cost: 2.000
arrive destination: True ,out of road:False   Total T: 780711 Episode Num: 2437 Episode T: 258 Reward: 294.167 Cost: 21.000
arrive destination: True ,out of road:False   Total T: 781122 Episode Num: 2438 Episode T: 411 Reward: 499.477 Cost: 27.000
arrive destination: True ,out of road:False   Total T: 781535 Episode Num: 2439 Episode T: 413 Reward: 475.176 Cost: 15.000
arrive destination: True ,out of road:False   Total T: 781809 Episode Num: 2440 Episode T: 274 Reward: 272.130 Cost: 13.000
arrive destination: False ,out of road:True   Total T: 781907 Episode Num: 2441 Episode T: 98 Reward: 74.291 Cost: 4.000
arrive destination: False ,out of road:True   Total T: 782175 Episode Num: 2442 Episode T: 268 Reward: 348.461 Cost: 11.000
arrive destination: True ,out of road:False   Total T: 782447 Episode Num: 2443 Episode T: 272 Reward: 271.219 Cost: 8.000
arrive destination: True ,out of road:False   Total T: 782760 Episode Num: 2444 Episode T: 313 Reward: 366.861 Cost: 9.000
arrive destination: True ,out of road:False   Total T: 783032 Episode Num: 2445 Episode T: 272 Reward: 278.435 Cost: 12.000
arrive destination: True ,out of road:False   Total T: 783292 Episode Num: 2446 Episode T: 260 Reward: 263.473 Cost: 1.000
arrive destination: False ,out of road:True   Total T: 783485 Episode Num: 2447 Episode T: 193 Reward: 258.801 Cost: 1.000
arrive destination: True ,out of road:False   Total T: 783700 Episode Num: 2448 Episode T: 215 Reward: 284.775 Cost: 0.000
arrive destination: False ,out of road:True   Total T: 783797 Episode Num: 2449 Episode T: 97 Reward: 82.148 Cost: 2.000
arrive destination: True ,out of road:False   Total T: 784102 Episode Num: 2450 Episode T: 305 Reward: 362.238 Cost: 2.000
arrive destination: True ,out of road:False   Total T: 784427 Episode Num: 2451 Episode T: 325 Reward: 385.836 Cost: 0.000
arrive destination: True ,out of road:False   Total T: 784869 Episode Num: 2452 Episode T: 442 Reward: 336.084 Cost: 16.000
arrive destination: False ,out of road:True   Total T: 784965 Episode Num: 2453 Episode T: 96 Reward: 77.276 Cost: 3.000
arrive destination: True ,out of road:False   Total T: 785170 Episode Num: 2454 Episode T: 205 Reward: 235.318 Cost: 0.000
arrive destination: True ,out of road:False   Total T: 785376 Episode Num: 2455 Episode T: 206 Reward: 283.201 Cost: 0.000
arrive destination: True ,out of road:False   Total T: 785578 Episode Num: 2456 Episode T: 202 Reward: 270.090 Cost: 3.000
arrive destination: True ,out of road:False   Total T: 785764 Episode Num: 2457 Episode T: 186 Reward: 269.766 Cost: 0.000
arrive destination: True ,out of road:False   Total T: 786091 Episode Num: 2458 Episode T: 327 Reward: 391.238 Cost: 0.000
arrive destination: True ,out of road:False   Total T: 786397 Episode Num: 2459 Episode T: 306 Reward: 367.830 Cost: 3.000
arrive destination: False ,out of road:True   Total T: 786613 Episode Num: 2460 Episode T: 216 Reward: 217.441 Cost: 7.000
arrive destination: True ,out of road:False   Total T: 786929 Episode Num: 2461 Episode T: 316 Reward: 368.512 Cost: 4.000
arrive destination: True ,out of road:False   Total T: 787128 Episode Num: 2462 Episode T: 199 Reward: 235.073 Cost: 0.000
arrive destination: True ,out of road:False   Total T: 787521 Episode Num: 2463 Episode T: 393 Reward: 476.502 Cost: 7.000
arrive destination: True ,out of road:False   Total T: 787765 Episode Num: 2464 Episode T: 244 Reward: 261.237 Cost: 0.000
arrive destination: True ,out of road:False   Total T: 787947 Episode Num: 2465 Episode T: 182 Reward: 268.676 Cost: 0.000
arrive destination: True ,out of road:False   Total T: 788268 Episode Num: 2466 Episode T: 321 Reward: 380.718 Cost: 11.000
arrive destination: True ,out of road:False   Total T: 788674 Episode Num: 2467 Episode T: 406 Reward: 474.479 Cost: 17.000
arrive destination: True ,out of road:False   Total T: 788934 Episode Num: 2468 Episode T: 260 Reward: 268.548 Cost: 2.000
arrive destination: True ,out of road:False   Total T: 789119 Episode Num: 2469 Episode T: 185 Reward: 269.192 Cost: 0.000
arrive destination: False ,out of road:True   Total T: 789367 Episode Num: 2470 Episode T: 248 Reward: 244.537 Cost: 9.000
arrive destination: True ,out of road:False   Total T: 789631 Episode Num: 2471 Episode T: 264 Reward: 266.008 Cost: 7.000
---------------------------------------
Evaluation over 20 episodes: 0.900 Cost 4.300.             SafeRL used : use_lag
---------------------------------------
[34;1m
Time: 2026-06-30 00:55:20, Time spent from previous logger: 146.590 s[0m
[34;1mCustomLogger with fileds: ['total_steps', 'EpRet', 'EpCost', 'CostRate'][0m
[34;1mfieldvalues: [790000, 0.9, 4.3, 0.02296458603112156]
[0m
arrive destination: False ,out of road:True   Total T: 790315 Episode Num: 2472 Episode T: 684 Reward: 742.033 Cost: 24.000
arrive destination: True ,out of road:False   Total T: 790678 Episode Num: 2473 Episode T: 363 Reward: 372.521 Cost: 4.000
arrive destination: True ,out of road:False   Total T: 790927 Episode Num: 2474 Episode T: 249 Reward: 260.480 Cost: 0.000
arrive destination: False ,out of road:True   Total T: 791294 Episode Num: 2475 Episode T: 367 Reward: 356.794 Cost: 1.000
arrive destination: True ,out of road:False   Total T: 791559 Episode Num: 2476 Episode T: 265 Reward: 297.134 Cost: 4.000
arrive destination: True ,out of road:False   Total T: 791761 Episode Num: 2477 Episode T: 202 Reward: 235.662 Cost: 0.000
arrive destination: True ,out of road:False   Total T: 792126 Episode Num: 2478 Episode T: 365 Reward: 410.358 Cost: 10.000
arrive destination: False ,out of road:True   Total T: 792480 Episode Num: 2479 Episode T: 354 Reward: 370.565 Cost: 8.000
arrive destination: True ,out of road:False   Total T: 792849 Episode Num: 2480 Episode T: 369 Reward: 372.991 Cost: 0.000
arrive destination: True ,out of road:False   Total T: 793231 Episode Num: 2481 Episode T: 382 Reward: 411.257 Cost: 1.000
arrive destination: True ,out of road:False   Total T: 793773 Episode Num: 2482 Episode T: 542 Reward: 493.343 Cost: 13.000
arrive destination: True ,out of road:False   Total T: 793973 Episode Num: 2483 Episode T: 200 Reward: 235.116 Cost: 0.000
arrive destination: False ,out of road:True   Total T: 794427 Episode Num: 2484 Episode T: 454 Reward: 323.039 Cost: 12.000
arrive destination: True ,out of road:False   Total T: 794789 Episode Num: 2485 Episode T: 362 Reward: 369.205 Cost: 0.000
arrive destination: False ,out of road:True   Total T: 795006 Episode Num: 2486 Episode T: 217 Reward: 274.175 Cost: 1.000
arrive destination: True ,out of road:False   Total T: 795374 Episode Num: 2487 Episode T: 368 Reward: 372.710 Cost: 0.000
arrive destination: True ,out of road:False   Total T: 795822 Episode Num: 2488 Episode T: 448 Reward: 499.981 Cost: 9.000
arrive destination: True ,out of road:False   Total T: 796247 Episode Num: 2489 Episode T: 425 Reward: 508.236 Cost: 22.000
arrive destination: False ,out of road:True   Total T: 796578 Episode Num: 2490 Episode T: 331 Reward: 360.688 Cost: 12.000
arrive destination: False ,out of road:True   Total T: 796720 Episode Num: 2491 Episode T: 142 Reward: 141.627 Cost: 1.000
arrive destination: False ,out of road:True   Total T: 797110 Episode Num: 2492 Episode T: 390 Reward: 440.333 Cost: 10.000
arrive destination: True ,out of road:False   Total T: 797435 Episode Num: 2493 Episode T: 325 Reward: 303.328 Cost: 1.000
arrive destination: True ,out of road:False   Total T: 797828 Episode Num: 2494 Episode T: 393 Reward: 419.221 Cost: 8.000
arrive destination: False ,out of road:True   Total T: 798045 Episode Num: 2495 Episode T: 217 Reward: 272.214 Cost: 1.000
arrive destination: True ,out of road:False   Total T: 798252 Episode Num: 2496 Episode T: 207 Reward: 290.090 Cost: 0.000
arrive destination: True ,out of road:False   Total T: 798462 Episode Num: 2497 Episode T: 210 Reward: 288.498 Cost: 0.000
arrive destination: True ,out of road:False   Total T: 798721 Episode Num: 2498 Episode T: 259 Reward: 276.422 Cost: 0.000
arrive destination: False ,out of road:True   Total T: 798856 Episode Num: 2499 Episode T: 135 Reward: 137.834 Cost: 8.000
arrive destination: False ,out of road:True   Total T: 799260 Episode Num: 2500 Episode T: 404 Reward: 367.529 Cost: 10.000
arrive destination: True ,out of road:False   Total T: 799542 Episode Num: 2501 Episode T: 282 Reward: 336.000 Cost: 7.000
arrive destination: True ,out of road:False   Total T: 799917 Episode Num: 2502 Episode T: 375 Reward: 421.258 Cost: 9.000
---------------------------------------
Evaluation over 20 episodes: 0.850 Cost 1.300.             SafeRL used : use_lag
---------------------------------------
[34;1m
Time: 2026-06-30 00:57:53, Time spent from previous logger: 153.141 s[0m
[34;1mCustomLogger with fileds: ['total_steps', 'EpRet', 'EpCost', 'CostRate'][0m
[34;1mfieldvalues: [800000, 0.85, 1.3, 0.022882528603160753]
[0m
arrive destination: True ,out of road:False   Total T: 800285 Episode Num: 2503 Episode T: 368 Reward: 334.874 Cost: 2.000
arrive destination: True ,out of road:False   Total T: 800701 Episode Num: 2504 Episode T: 416 Reward: 472.240 Cost: 3.000
arrive destination: True ,out of road:False   Total T: 801029 Episode Num: 2505 Episode T: 328 Reward: 391.438 Cost: 0.000
arrive destination: True ,out of road:False   Total T: 801453 Episode Num: 2506 Episode T: 424 Reward: 380.395 Cost: 9.000
arrive destination: True ,out of road:False   Total T: 801666 Episode Num: 2507 Episode T: 213 Reward: 290.429 Cost: 0.000
arrive destination: False ,out of road:True   Total T: 801877 Episode Num: 2508 Episode T: 211 Reward: 234.906 Cost: 4.000
arrive destination: False ,out of road:True   Total T: 802159 Episode Num: 2509 Episode T: 282 Reward: 241.672 Cost: 2.000
arrive destination: True ,out of road:False   Total T: 802371 Episode Num: 2510 Episode T: 212 Reward: 233.274 Cost: 0.000
arrive destination: False ,out of road:True   Total T: 802543 Episode Num: 2511 Episode T: 172 Reward: 222.550 Cost: 1.000
arrive destination: True ,out of road:False   Total T: 803019 Episode Num: 2512 Episode T: 476 Reward: 470.512 Cost: 1.000
arrive destination: False ,out of road:True   Total T: 803053 Episode Num: 2513 Episode T: 34 Reward: 3.818 Cost: 1.000
arrive destination: True ,out of road:False   Total T: 803313 Episode Num: 2514 Episode T: 260 Reward: 235.627 Cost: 0.000
arrive destination: True ,out of road:False   Total T: 803651 Episode Num: 2515 Episode T: 338 Reward: 386.408 Cost: 0.000
arrive destination: True ,out of road:False   Total T: 803871 Episode Num: 2516 Episode T: 220 Reward: 289.259 Cost: 0.000
arrive destination: False ,out of road:True   Total T: 804183 Episode Num: 2517 Episode T: 312 Reward: 302.993 Cost: 8.000
arrive destination: True ,out of road:False   Total T: 804365 Episode Num: 2518 Episode T: 182 Reward: 269.990 Cost: 0.000
arrive destination: True ,out of road:False   Total T: 804711 Episode Num: 2519 Episode T: 346 Reward: 305.488 Cost: 5.000
arrive destination: True ,out of road:False   Total T: 804970 Episode Num: 2520 Episode T: 259 Reward: 274.971 Cost: 0.000
arrive destination: False ,out of road:True   Total T: 805312 Episode Num: 2521 Episode T: 342 Reward: 358.494 Cost: 5.000
arrive destination: True ,out of road:False   Total T: 805502 Episode Num: 2522 Episode T: 190 Reward: 270.139 Cost: 4.000
arrive destination: True ,out of road:False   Total T: 805711 Episode Num: 2523 Episode T: 209 Reward: 287.801 Cost: 0.000
arrive destination: True ,out of road:False   Total T: 806104 Episode Num: 2524 Episode T: 393 Reward: 303.310 Cost: 3.000
arrive destination: True ,out of road:False   Total T: 806425 Episode Num: 2525 Episode T: 321 Reward: 382.818 Cost: 0.000
arrive destination: False ,out of road:True   Total T: 806795 Episode Num: 2526 Episode T: 370 Reward: 331.052 Cost: 5.000
arrive destination: True ,out of road:False   Total T: 807034 Episode Num: 2527 Episode T: 239 Reward: 334.579 Cost: 1.000
arrive destination: False ,out of road:True   Total T: 807129 Episode Num: 2528 Episode T: 95 Reward: 66.881 Cost: 5.000
arrive destination: True ,out of road:False   Total T: 807395 Episode Num: 2529 Episode T: 266 Reward: 263.823 Cost: 0.000
arrive destination: False ,out of road:True   Total T: 807616 Episode Num: 2530 Episode T: 221 Reward: 274.991 Cost: 1.000
arrive destination: True ,out of road:False   Total T: 807993 Episode Num: 2531 Episode T: 377 Reward: 294.306 Cost: 10.000
arrive destination: True ,out of road:False   Total T: 808403 Episode Num: 2532 Episode T: 410 Reward: 381.844 Cost: 10.000
arrive destination: True ,out of road:False   Total T: 808801 Episode Num: 2533 Episode T: 398 Reward: 302.603 Cost: 2.000
arrive destination: True ,out of road:False   Total T: 809131 Episode Num: 2534 Episode T: 330 Reward: 389.337 Cost: 0.000
arrive destination: True ,out of road:False   Total T: 809358 Episode Num: 2535 Episode T: 227 Reward: 295.788 Cost: 1.000
arrive destination: True ,out of road:False   Total T: 809800 Episode Num: 2536 Episode T: 442 Reward: 498.993 Cost: 0.000
---------------------------------------
Evaluation over 20 episodes: 0.550 Cost 5.450.             SafeRL used : use_lag
---------------------------------------
[34;1m
Time: 2026-06-30 01:00:22, Time spent from previous logger: 149.341 s[0m
[34;1mCustomLogger with fileds: ['total_steps', 'EpRet', 'EpCost', 'CostRate'][0m
[34;1mfieldvalues: [810000, 0.55, 5.45, 0.02270990458012911]
[0m
arrive destination: True ,out of road:False   Total T: 810264 Episode Num: 2537 Episode T: 464 Reward: 477.668 Cost: 6.000
arrive destination: True ,out of road:False   Total T: 810572 Episode Num: 2538 Episode T: 308 Reward: 262.451 Cost: 1.000
arrive destination: True ,out of road:False   Total T: 810964 Episode Num: 2539 Episode T: 392 Reward: 375.944 Cost: 10.000
arrive destination: False ,out of road:True   Total T: 811186 Episode Num: 2540 Episode T: 222 Reward: 159.993 Cost: 5.000
arrive destination: False ,out of road:True   Total T: 811413 Episode Num: 2541 Episode T: 227 Reward: 271.865 Cost: 1.000
arrive destination: False ,out of road:True   Total T: 811574 Episode Num: 2542 Episode T: 161 Reward: 127.664 Cost: 1.000
arrive destination: False ,out of road:True   Total T: 811714 Episode Num: 2543 Episode T: 140 Reward: 128.948 Cost: 6.000
arrive destination: False ,out of road:True   Total T: 811809 Episode Num: 2544 Episode T: 95 Reward: 76.827 Cost: 4.000
arrive destination: False ,out of road:True   Total T: 811869 Episode Num: 2545 Episode T: 60 Reward: 29.319 Cost: 1.000
arrive destination: True ,out of road:False   Total T: 812056 Episode Num: 2546 Episode T: 187 Reward: 269.032 Cost: 0.000
arrive destination: True ,out of road:False   Total T: 812547 Episode Num: 2547 Episode T: 491 Reward: 460.328 Cost: 14.000
arrive destination: True ,out of road:False   Total T: 812958 Episode Num: 2548 Episode T: 411 Reward: 471.504 Cost: 1.000
arrive destination: True ,out of road:False   Total T: 813483 Episode Num: 2549 Episode T: 525 Reward: 497.981 Cost: 18.000
arrive destination: True ,out of road:False   Total T: 813939 Episode Num: 2550 Episode T: 456 Reward: 475.970 Cost: 4.000
arrive destination: False ,out of road:True   Total T: 814035 Episode Num: 2551 Episode T: 96 Reward: 79.328 Cost: 3.000
arrive destination: False ,out of road:True   Total T: 814275 Episode Num: 2552 Episode T: 240 Reward: 256.313 Cost: 3.000
arrive destination: True ,out of road:False   Total T: 814640 Episode Num: 2553 Episode T: 365 Reward: 371.046 Cost: 0.000
arrive destination: True ,out of road:False   Total T: 815068 Episode Num: 2554 Episode T: 428 Reward: 418.512 Cost: 16.000
arrive destination: True ,out of road:False   Total T: 815265 Episode Num: 2555 Episode T: 197 Reward: 235.431 Cost: 0.000
arrive destination: False ,out of road:True   Total T: 815636 Episode Num: 2556 Episode T: 371 Reward: 386.632 Cost: 1.000
arrive destination: False ,out of road:True   Total T: 815859 Episode Num: 2557 Episode T: 223 Reward: 216.520 Cost: 5.000
arrive destination: True ,out of road:False   Total T: 816249 Episode Num: 2558 Episode T: 390 Reward: 383.310 Cost: 3.000
arrive destination: True ,out of road:False   Total T: 816453 Episode Num: 2559 Episode T: 204 Reward: 284.562 Cost: 0.000
arrive destination: True ,out of road:False   Total T: 816904 Episode Num: 2560 Episode T: 451 Reward: 498.693 Cost: 9.000
arrive destination: True ,out of road:False   Total T: 817145 Episode Num: 2561 Episode T: 241 Reward: 272.066 Cost: 2.000
arrive destination: True ,out of road:False   Total T: 817339 Episode Num: 2562 Episode T: 194 Reward: 269.900 Cost: 0.000
arrive destination: True ,out of road:False   Total T: 817645 Episode Num: 2563 Episode T: 306 Reward: 264.823 Cost: 4.000
arrive destination: True ,out of road:False   Total T: 817866 Episode Num: 2564 Episode T: 221 Reward: 284.785 Cost: 0.000
arrive destination: True ,out of road:False   Total T: 818285 Episode Num: 2565 Episode T: 419 Reward: 420.281 Cost: 14.000
arrive destination: False ,out of road:True   Total T: 818443 Episode Num: 2566 Episode T: 158 Reward: 158.525 Cost: 1.000
arrive destination: False ,out of road:True   Total T: 818669 Episode Num: 2567 Episode T: 226 Reward: 246.180 Cost: 5.000
arrive destination: False ,out of road:True   Total T: 818896 Episode Num: 2568 Episode T: 227 Reward: 242.183 Cost: 5.000
arrive destination: True ,out of road:False   Total T: 819141 Episode Num: 2569 Episode T: 245 Reward: 263.983 Cost: 2.000
arrive destination: True ,out of road:False   Total T: 819317 Episode Num: 2570 Episode T: 176 Reward: 269.915 Cost: 0.000
arrive destination: True ,out of road:False   Total T: 819520 Episode Num: 2571 Episode T: 203 Reward: 236.077 Cost: 1.000
arrive destination: True ,out of road:False   Total T: 819935 Episode Num: 2572 Episode T: 415 Reward: 375.971 Cost: 11.000
---------------------------------------
Evaluation over 20 episodes: 0.600 Cost 1.900.             SafeRL used : use_lag
---------------------------------------
[34;1m
Time: 2026-06-30 01:02:56, Time spent from previous logger: 154.275 s[0m
[34;1mCustomLogger with fileds: ['total_steps', 'EpRet', 'EpCost', 'CostRate'][0m
[34;1mfieldvalues: [820000, 0.6, 1.9, 0.022617100752561892]
[0m
arrive destination: True ,out of road:False   Total T: 820440 Episode Num: 2573 Episode T: 505 Reward: 534.117 Cost: 0.000
arrive destination: True ,out of road:False   Total T: 820816 Episode Num: 2574 Episode T: 376 Reward: 413.998 Cost: 5.000
arrive destination: False ,out of road:True   Total T: 820931 Episode Num: 2575 Episode T: 115 Reward: 94.624 Cost: 3.000
arrive destination: True ,out of road:False   Total T: 821205 Episode Num: 2576 Episode T: 274 Reward: 269.696 Cost: 1.000
arrive destination: True ,out of road:False   Total T: 821444 Episode Num: 2577 Episode T: 239 Reward: 271.671 Cost: 0.000
arrive destination: False ,out of road:False   Total T: 822444 Episode Num: 2578 Episode T: 1000 Reward: 116.204 Cost: 1.000
arrive destination: True ,out of road:False   Total T: 822862 Episode Num: 2579 Episode T: 418 Reward: 473.698 Cost: 4.000
arrive destination: True ,out of road:False   Total T: 823182 Episode Num: 2580 Episode T: 320 Reward: 389.824 Cost: 0.000
arrive destination: True ,out of road:False   Total T: 823532 Episode Num: 2581 Episode T: 350 Reward: 390.742 Cost: 0.000
arrive destination: True ,out of road:False   Total T: 823973 Episode Num: 2582 Episode T: 441 Reward: 499.485 Cost: 7.000
arrive destination: True ,out of road:False   Total T: 824428 Episode Num: 2583 Episode T: 455 Reward: 473.071 Cost: 14.000
arrive destination: False ,out of road:False   Total T: 825428 Episode Num: 2584 Episode T: 1000 Reward: 125.911 Cost: 2.000
arrive destination: True ,out of road:False   Total T: 825716 Episode Num: 2585 Episode T: 288 Reward: 272.105 Cost: 0.000
arrive destination: True ,out of road:False   Total T: 826080 Episode Num: 2586 Episode T: 364 Reward: 336.325 Cost: 17.000
arrive destination: True ,out of road:False   Total T: 826338 Episode Num: 2587 Episode T: 258 Reward: 272.110 Cost: 4.000
arrive destination: True ,out of road:False   Total T: 826685 Episode Num: 2588 Episode T: 347 Reward: 300.606 Cost: 6.000
arrive destination: True ,out of road:False   Total T: 826918 Episode Num: 2589 Episode T: 233 Reward: 272.549 Cost: 1.000
arrive destination: False ,out of road:True   Total T: 827044 Episode Num: 2590 Episode T: 126 Reward: 143.153 Cost: 1.000
arrive destination: False ,out of road:True   Total T: 827272 Episode Num: 2591 Episode T: 228 Reward: 240.183 Cost: 4.000
arrive destination: False ,out of road:True   Total T: 827606 Episode Num: 2592 Episode T: 334 Reward: 354.243 Cost: 12.000
arrive destination: True ,out of road:False   Total T: 828055 Episode Num: 2593 Episode T: 449 Reward: 377.053 Cost: 14.000
arrive destination: False ,out of road:True   Total T: 828152 Episode Num: 2594 Episode T: 97 Reward: 92.137 Cost: 1.000
arrive destination: True ,out of road:False   Total T: 828590 Episode Num: 2595 Episode T: 438 Reward: 470.034 Cost: 6.000
arrive destination: True ,out of road:False   Total T: 828970 Episode Num: 2596 Episode T: 380 Reward: 413.177 Cost: 8.000
arrive destination: True ,out of road:False   Total T: 829173 Episode Num: 2597 Episode T: 203 Reward: 235.927 Cost: 2.000
arrive destination: True ,out of road:False   Total T: 829542 Episode Num: 2598 Episode T: 369 Reward: 409.266 Cost: 0.000
arrive destination: True ,out of road:False   Total T: 829722 Episode Num: 2599 Episode T: 180 Reward: 269.629 Cost: 0.000
---------------------------------------
Evaluation over 20 episodes: 0.600 Cost 3.450.             SafeRL used : use_lag
---------------------------------------
[34;1m
Time: 2026-06-30 01:05:26, Time spent from previous logger: 149.209 s[0m
[34;1mCustomLogger with fileds: ['total_steps', 'EpRet', 'EpCost', 'CostRate'][0m
[34;1mfieldvalues: [830000, 0.6, 3.45, 0.0224891837219081]
[0m
arrive destination: True ,out of road:False   Total T: 830284 Episode Num: 2600 Episode T: 562 Reward: 483.279 Cost: 9.000
arrive destination: True ,out of road:False   Total T: 830662 Episode Num: 2601 Episode T: 378 Reward: 409.082 Cost: 0.000
arrive destination: True ,out of road:False   Total T: 831037 Episode Num: 2602 Episode T: 375 Reward: 303.523 Cost: 3.000
arrive destination: True ,out of road:False   Total T: 831258 Episode Num: 2603 Episode T: 221 Reward: 235.622 Cost: 0.000
arrive destination: False ,out of road:True   Total T: 831392 Episode Num: 2604 Episode T: 134 Reward: 136.765 Cost: 1.000
arrive destination: True ,out of road:False   Total T: 831641 Episode Num: 2605 Episode T: 249 Reward: 263.705 Cost: 0.000
arrive destination: False ,out of road:True   Total T: 832095 Episode Num: 2606 Episode T: 454 Reward: 448.818 Cost: 4.000
arrive destination: True ,out of road:False   Total T: 832368 Episode Num: 2607 Episode T: 273 Reward: 268.399 Cost: 0.000
arrive destination: True ,out of road:False   Total T: 832693 Episode Num: 2608 Episode T: 325 Reward: 263.605 Cost: 1.000
arrive destination: True ,out of road:False   Total T: 833057 Episode Num: 2609 Episode T: 364 Reward: 395.595 Cost: 2.000
arrive destination: True ,out of road:False   Total T: 833305 Episode Num: 2610 Episode T: 248 Reward: 264.387 Cost: 1.000
arrive destination: False ,out of road:True   Total T: 833439 Episode Num: 2611 Episode T: 134 Reward: 77.632 Cost: 17.000
arrive destination: True ,out of road:False   Total T: 833670 Episode Num: 2612 Episode T: 231 Reward: 263.137 Cost: 0.000
arrive destination: False ,out of road:True   Total T: 833940 Episode Num: 2613 Episode T: 270 Reward: 297.906 Cost: 1.000
arrive destination: True ,out of road:False   Total T: 834208 Episode Num: 2614 Episode T: 268 Reward: 266.441 Cost: 5.000
arrive destination: False ,out of road:True   Total T: 834467 Episode Num: 2615 Episode T: 259 Reward: 290.161 Cost: 1.000
arrive destination: True ,out of road:False   Total T: 834763 Episode Num: 2616 Episode T: 296 Reward: 277.782 Cost: 1.000
arrive destination: True ,out of road:False   Total T: 835039 Episode Num: 2617 Episode T: 276 Reward: 265.761 Cost: 1.000
arrive destination: True ,out of road:False   Total T: 835302 Episode Num: 2618 Episode T: 263 Reward: 294.577 Cost: 19.000
arrive destination: True ,out of road:False   Total T: 835564 Episode Num: 2619 Episode T: 262 Reward: 263.777 Cost: 5.000
arrive destination: True ,out of road:False   Total T: 835764 Episode Num: 2620 Episode T: 200 Reward: 235.895 Cost: 0.000
arrive destination: True ,out of road:False   Total T: 836120 Episode Num: 2621 Episode T: 356 Reward: 396.235 Cost: 0.000
arrive destination: False ,out of road:True   Total T: 836251 Episode Num: 2622 Episode T: 131 Reward: 137.992 Cost: 1.000
arrive destination: True ,out of road:False   Total T: 836499 Episode Num: 2623 Episode T: 248 Reward: 272.986 Cost: 1.000
arrive destination: True ,out of road:False   Total T: 836734 Episode Num: 2624 Episode T: 235 Reward: 264.591 Cost: 0.000
arrive destination: True ,out of road:False   Total T: 837011 Episode Num: 2625 Episode T: 277 Reward: 264.219 Cost: 4.000
arrive destination: True ,out of road:False   Total T: 837329 Episode Num: 2626 Episode T: 318 Reward: 399.121 Cost: 6.000
arrive destination: False ,out of road:True   Total T: 837423 Episode Num: 2627 Episode T: 94 Reward: 79.955 Cost: 2.000
arrive destination: True ,out of road:False   Total T: 837687 Episode Num: 2628 Episode T: 264 Reward: 265.766 Cost: 9.000
arrive destination: True ,out of road:False   Total T: 837944 Episode Num: 2629 Episode T: 257 Reward: 269.041 Cost: 0.000
arrive destination: True ,out of road:False   Total T: 838170 Episode Num: 2630 Episode T: 226 Reward: 289.798 Cost: 2.000
arrive destination: True ,out of road:False   Total T: 838383 Episode Num: 2631 Episode T: 213 Reward: 235.543 Cost: 1.000
arrive destination: True ,out of road:False   Total T: 838593 Episode Num: 2632 Episode T: 210 Reward: 295.109 Cost: 0.000
arrive destination: True ,out of road:False   Total T: 838848 Episode Num: 2633 Episode T: 255 Reward: 289.318 Cost: 4.000
arrive destination: True ,out of road:False   Total T: 839211 Episode Num: 2634 Episode T: 363 Reward: 381.438 Cost: 5.000
arrive destination: True ,out of road:False   Total T: 839456 Episode Num: 2635 Episode T: 245 Reward: 272.177 Cost: 1.000
arrive destination: False ,out of road:True   Total T: 839741 Episode Num: 2636 Episode T: 285 Reward: 295.145 Cost: 2.000
---------------------------------------
Evaluation over 20 episodes: 0.600 Cost 4.650.             SafeRL used : use_lag
---------------------------------------
[34;1m
Time: 2026-06-30 01:07:50, Time spent from previous logger: 144.592 s[0m
[34;1mCustomLogger with fileds: ['total_steps', 'EpRet', 'EpCost', 'CostRate'][0m
[34;1mfieldvalues: [840000, 0.6, 4.65, 0.022342883741528263]
[0m
arrive destination: True ,out of road:False   Total T: 840368 Episode Num: 2637 Episode T: 627 Reward: 627.960 Cost: 1.000
arrive destination: True ,out of road:False   Total T: 840752 Episode Num: 2638 Episode T: 384 Reward: 420.115 Cost: 11.000
arrive destination: True ,out of road:False   Total T: 841000 Episode Num: 2639 Episode T: 248 Reward: 271.121 Cost: 2.000
arrive destination: True ,out of road:False   Total T: 841250 Episode Num: 2640 Episode T: 250 Reward: 264.229 Cost: 0.000
arrive destination: True ,out of road:False   Total T: 841461 Episode Num: 2641 Episode T: 211 Reward: 235.862 Cost: 0.000
arrive destination: True ,out of road:False   Total T: 841858 Episode Num: 2642 Episode T: 397 Reward: 382.087 Cost: 8.000
arrive destination: True ,out of road:False   Total T: 842094 Episode Num: 2643 Episode T: 236 Reward: 290.279 Cost: 3.000
arrive destination: True ,out of road:False   Total T: 842460 Episode Num: 2644 Episode T: 366 Reward: 371.432 Cost: 0.000
arrive destination: False ,out of road:True   Total T: 842662 Episode Num: 2645 Episode T: 202 Reward: 216.204 Cost: 4.000
arrive destination: False ,out of road:True   Total T: 842835 Episode Num: 2646 Episode T: 173 Reward: 168.239 Cost: 1.000
arrive destination: True ,out of road:False   Total T: 843324 Episode Num: 2647 Episode T: 489 Reward: 459.051 Cost: 9.000
arrive destination: False ,out of road:True   Total T: 843570 Episode Num: 2648 Episode T: 246 Reward: 251.087 Cost: 7.000
arrive destination: False ,out of road:False   Total T: 844570 Episode Num: 2649 Episode T: 1000 Reward: 201.426 Cost: 0.000
arrive destination: False ,out of road:True   Total T: 844667 Episode Num: 2650 Episode T: 97 Reward: 81.647 Cost: 3.000
arrive destination: False ,out of road:True   Total T: 844888 Episode Num: 2651 Episode T: 221 Reward: 249.849 Cost: 10.000
arrive destination: True ,out of road:False   Total T: 845325 Episode Num: 2652 Episode T: 437 Reward: 417.855 Cost: 22.000
arrive destination: False ,out of road:True   Total T: 845430 Episode Num: 2653 Episode T: 105 Reward: 88.904 Cost: 3.000
arrive destination: True ,out of road:False   Total T: 845803 Episode Num: 2654 Episode T: 373 Reward: 371.822 Cost: 0.000
arrive destination: True ,out of road:False   Total T: 846233 Episode Num: 2655 Episode T: 430 Reward: 462.641 Cost: 6.000
arrive destination: True ,out of road:False   Total T: 846606 Episode Num: 2656 Episode T: 373 Reward: 411.579 Cost: 0.000
arrive destination: True ,out of road:False   Total T: 846811 Episode Num: 2657 Episode T: 205 Reward: 236.247 Cost: 2.000
arrive destination: True ,out of road:False   Total T: 846989 Episode Num: 2658 Episode T: 178 Reward: 268.986 Cost: 0.000
arrive destination: False ,out of road:True   Total T: 847307 Episode Num: 2659 Episode T: 318 Reward: 256.924 Cost: 14.000
arrive destination: True ,out of road:False   Total T: 847526 Episode Num: 2660 Episode T: 219 Reward: 285.655 Cost: 0.000
arrive destination: True ,out of road:False   Total T: 847849 Episode Num: 2661 Episode T: 323 Reward: 390.191 Cost: 0.000
arrive destination: False ,out of road:True   Total T: 848056 Episode Num: 2662 Episode T: 207 Reward: 217.682 Cost: 5.000
arrive destination: False ,out of road:True   Total T: 848158 Episode Num: 2663 Episode T: 102 Reward: 90.224 Cost: 1.000
arrive destination: True ,out of road:False   Total T: 848510 Episode Num: 2664 Episode T: 352 Reward: 372.131 Cost: 1.000
arrive destination: True ,out of road:False   Total T: 848910 Episode Num: 2665 Episode T: 400 Reward: 471.208 Cost: 7.000
arrive destination: True ,out of road:False   Total T: 849157 Episode Num: 2666 Episode T: 247 Reward: 261.151 Cost: 0.000
arrive destination: True ,out of road:False   Total T: 849377 Episode Num: 2667 Episode T: 220 Reward: 295.678 Cost: 0.000
arrive destination: True ,out of road:False   Total T: 849779 Episode Num: 2668 Episode T: 402 Reward: 416.745 Cost: 14.000
---------------------------------------
Evaluation over 20 episodes: 0.550 Cost 5.700.             SafeRL used : use_lag
---------------------------------------
[34;1m
Time: 2026-06-30 01:10:22, Time spent from previous logger: 152.308 s[0m
[34;1mCustomLogger with fileds: ['total_steps', 'EpRet', 'EpCost', 'CostRate'][0m
[34;1mfieldvalues: [850000, 0.55, 5.7, 0.022237673220792023]
[0m
arrive destination: False ,out of road:True   Total T: 850255 Episode Num: 2669 Episode T: 476 Reward: 478.811 Cost: 7.000
arrive destination: False ,out of road:True   Total T: 850353 Episode Num: 2670 Episode T: 98 Reward: 66.364 Cost: 4.000
arrive destination: True ,out of road:False   Total T: 850723 Episode Num: 2671 Episode T: 370 Reward: 412.370 Cost: 0.000
arrive destination: False ,out of road:True   Total T: 850948 Episode Num: 2672 Episode T: 225 Reward: 252.484 Cost: 4.000
arrive destination: False ,out of road:True   Total T: 851563 Episode Num: 2673 Episode T: 615 Reward: 112.150 Cost: 3.000
arrive destination: True ,out of road:False   Total T: 851858 Episode Num: 2674 Episode T: 295 Reward: 269.746 Cost: 1.000
arrive destination: False ,out of road:True   Total T: 852193 Episode Num: 2675 Episode T: 335 Reward: 336.800 Cost: 4.000
arrive destination: True ,out of road:False   Total T: 852418 Episode Num: 2676 Episode T: 225 Reward: 290.090 Cost: 1.000
arrive destination: True ,out of road:False   Total T: 852622 Episode Num: 2677 Episode T: 204 Reward: 236.376 Cost: 0.000
arrive destination: True ,out of road:False   Total T: 852949 Episode Num: 2678 Episode T: 327 Reward: 388.115 Cost: 0.000
arrive destination: True ,out of road:False   Total T: 853379 Episode Num: 2679 Episode T: 430 Reward: 412.790 Cost: 16.000
arrive destination: True ,out of road:False   Total T: 853815 Episode Num: 2680 Episode T: 436 Reward: 474.643 Cost: 11.000
arrive destination: True ,out of road:False   Total T: 854229 Episode Num: 2681 Episode T: 414 Reward: 470.781 Cost: 30.000
arrive destination: False ,out of road:True   Total T: 854467 Episode Num: 2682 Episode T: 238 Reward: 294.626 Cost: 2.000
arrive destination: True ,out of road:False   Total T: 854840 Episode Num: 2683 Episode T: 373 Reward: 370.200 Cost: 1.000
arrive destination: True ,out of road:False   Total T: 855019 Episode Num: 2684 Episode T: 179 Reward: 269.512 Cost: 0.000
arrive destination: True ,out of road:False   Total T: 855448 Episode Num: 2685 Episode T: 429 Reward: 421.970 Cost: 17.000
arrive destination: False ,out of road:True   Total T: 855652 Episode Num: 2686 Episode T: 204 Reward: 201.895 Cost: 15.000
arrive destination: True ,out of road:False   Total T: 855831 Episode Num: 2687 Episode T: 179 Reward: 268.871 Cost: 0.000
arrive destination: True ,out of road:False   Total T: 856078 Episode Num: 2688 Episode T: 247 Reward: 263.659 Cost: 4.000
arrive destination: True ,out of road:False   Total T: 856488 Episode Num: 2689 Episode T: 410 Reward: 472.657 Cost: 5.000
arrive destination: False ,out of road:True   Total T: 856733 Episode Num: 2690 Episode T: 245 Reward: 254.895 Cost: 10.000
arrive destination: True ,out of road:False   Total T: 857057 Episode Num: 2691 Episode T: 324 Reward: 388.203 Cost: 0.000
arrive destination: True ,out of road:False   Total T: 857364 Episode Num: 2692 Episode T: 307 Reward: 363.360 Cost: 0.000
arrive destination: True ,out of road:False   Total T: 857667 Episode Num: 2693 Episode T: 303 Reward: 294.708 Cost: 14.000
arrive destination: True ,out of road:False   Total T: 858019 Episode Num: 2694 Episode T: 352 Reward: 382.208 Cost: 11.000
arrive destination: True ,out of road:False   Total T: 858389 Episode Num: 2695 Episode T: 370 Reward: 470.701 Cost: 12.000
arrive destination: False ,out of road:True   Total T: 858682 Episode Num: 2696 Episode T: 293 Reward: 355.902 Cost: 9.000
arrive destination: True ,out of road:False   Total T: 858879 Episode Num: 2697 Episode T: 197 Reward: 232.461 Cost: 7.000
arrive destination: False ,out of road:True   Total T: 859080 Episode Num: 2698 Episode T: 201 Reward: 194.985 Cost: 11.000
arrive destination: True ,out of road:False   Total T: 859335 Episode Num: 2699 Episode T: 255 Reward: 265.679 Cost: 13.000
arrive destination: True ,out of road:False   Total T: 859745 Episode Num: 2700 Episode T: 410 Reward: 469.504 Cost: 16.000
---------------------------------------
Evaluation over 20 episodes: 0.800 Cost 8.800.             SafeRL used : use_lag
---------------------------------------
[34;1m
Time: 2026-06-30 01:12:50, Time spent from previous logger: 147.806 s[0m
[34;1mCustomLogger with fileds: ['total_steps', 'EpRet', 'EpCost', 'CostRate'][0m
[34;1mfieldvalues: [860000, 0.8, 8.8, 0.022251188664172864]
[0m
arrive destination: True ,out of road:False   Total T: 860352 Episode Num: 2701 Episode T: 607 Reward: 676.466 Cost: 12.000
arrive destination: True ,out of road:False   Total T: 860603 Episode Num: 2702 Episode T: 251 Reward: 294.742 Cost: 28.000
arrive destination: True ,out of road:False   Total T: 860795 Episode Num: 2703 Episode T: 192 Reward: 233.301 Cost: 4.000
arrive destination: True ,out of road:True   Total T: 861060 Episode Num: 2704 Episode T: 265 Reward: 335.225 Cost: 6.000
arrive destination: True ,out of road:False   Total T: 861408 Episode Num: 2705 Episode T: 348 Reward: 413.355 Cost: 4.000
arrive destination: False ,out of road:True   Total T: 861794 Episode Num: 2706 Episode T: 386 Reward: 361.546 Cost: 26.000
arrive destination: False ,out of road:True   Total T: 861890 Episode Num: 2707 Episode T: 96 Reward: 77.083 Cost: 3.000
arrive destination: True ,out of road:False   Total T: 862217 Episode Num: 2708 Episode T: 327 Reward: 389.356 Cost: 0.000
arrive destination: True ,out of road:False   Total T: 862421 Episode Num: 2709 Episode T: 204 Reward: 234.397 Cost: 10.000
arrive destination: True ,out of road:False   Total T: 862655 Episode Num: 2710 Episode T: 234 Reward: 263.446 Cost: 0.000
arrive destination: False ,out of road:True   Total T: 862892 Episode Num: 2711 Episode T: 237 Reward: 244.817 Cost: 11.000
arrive destination: True ,out of road:False   Total T: 863279 Episode Num: 2712 Episode T: 387 Reward: 496.691 Cost: 21.000
arrive destination: True ,out of road:False   Total T: 863602 Episode Num: 2713 Episode T: 323 Reward: 387.143 Cost: 0.000
arrive destination: True ,out of road:False   Total T: 863781 Episode Num: 2714 Episode T: 179 Reward: 268.699 Cost: 0.000
arrive destination: True ,out of road:False   Total T: 864009 Episode Num: 2715 Episode T: 228 Reward: 272.273 Cost: 0.000
arrive destination: False ,out of road:True   Total T: 864202 Episode Num: 2716 Episode T: 193 Reward: 218.134 Cost: 9.000
arrive destination: False ,out of road:True   Total T: 864276 Episode Num: 2717 Episode T: 74 Reward: 48.150 Cost: 1.000
arrive destination: True ,out of road:False   Total T: 864508 Episode Num: 2718 Episode T: 232 Reward: 269.233 Cost: 15.000
arrive destination: False ,out of road:True   Total T: 864611 Episode Num: 2719 Episode T: 103 Reward: 87.975 Cost: 2.000
arrive destination: False ,out of road:True   Total T: 864890 Episode Num: 2720 Episode T: 279 Reward: 343.848 Cost: 4.000
arrive destination: True ,out of road:False   Total T: 865247 Episode Num: 2721 Episode T: 357 Reward: 378.338 Cost: 14.000
arrive destination: True ,out of road:False   Total T: 865523 Episode Num: 2722 Episode T: 276 Reward: 381.477 Cost: 1.000
arrive destination: False ,out of road:True   Total T: 865624 Episode Num: 2723 Episode T: 101 Reward: 87.925 Cost: 3.000
arrive destination: True ,out of road:False   Total T: 865871 Episode Num: 2724 Episode T: 247 Reward: 335.026 Cost: 5.000
arrive destination: True ,out of road:False   Total T: 866199 Episode Num: 2725 Episode T: 328 Reward: 366.380 Cost: 12.000
arrive destination: True ,out of road:False   Total T: 866435 Episode Num: 2726 Episode T: 236 Reward: 261.542 Cost: 0.000
arrive destination: True ,out of road:False   Total T: 866696 Episode Num: 2727 Episode T: 261 Reward: 294.043 Cost: 14.000
arrive destination: True ,out of road:False   Total T: 867020 Episode Num: 2728 Episode T: 324 Reward: 387.227 Cost: 0.000
arrive destination: True ,out of road:False   Total T: 867389 Episode Num: 2729 Episode T: 369 Reward: 421.845 Cost: 40.000
arrive destination: False ,out of road:True   Total T: 867614 Episode Num: 2730 Episode T: 225 Reward: 291.640 Cost: 8.000
arrive destination: False ,out of road:True   Total T: 867710 Episode Num: 2731 Episode T: 96 Reward: 71.428 Cost: 5.000
arrive destination: True ,out of road:False   Total T: 868072 Episode Num: 2732 Episode T: 362 Reward: 384.261 Cost: 10.000
arrive destination: True ,out of road:False   Total T: 868317 Episode Num: 2733 Episode T: 245 Reward: 335.452 Cost: 3.000
arrive destination: True ,out of road:False   Total T: 868533 Episode Num: 2734 Episode T: 216 Reward: 295.861 Cost: 14.000
arrive destination: True ,out of road:False   Total T: 868898 Episode Num: 2735 Episode T: 365 Reward: 377.368 Cost: 15.000
arrive destination: True ,out of road:False   Total T: 869174 Episode Num: 2736 Episode T: 276 Reward: 301.129 Cost: 5.000
arrive destination: True ,out of road:False   Total T: 869425 Episode Num: 2737 Episode T: 251 Reward: 267.922 Cost: 13.000
arrive destination: False ,out of road:True   Total T: 869642 Episode Num: 2738 Episode T: 217 Reward: 285.188 Cost: 3.000
arrive destination: True ,out of road:False   Total T: 869820 Episode Num: 2739 Episode T: 178 Reward: 268.570 Cost: 0.000
---------------------------------------
Evaluation over 20 episodes: 0.800 Cost 8.700.             SafeRL used : use_lag
---------------------------------------
[34;1m
Time: 2026-06-30 01:15:14, Time spent from previous logger: 143.540 s[0m
[34;1mCustomLogger with fileds: ['total_steps', 'EpRet', 'EpCost', 'CostRate'][0m
[34;1mfieldvalues: [870000, 0.8, 8.7, 0.02236324409568287]
[0m
arrive destination: True ,out of road:False   Total T: 870253 Episode Num: 2740 Episode T: 433 Reward: 466.190 Cost: 28.000
arrive destination: True ,out of road:False   Total T: 870606 Episode Num: 2741 Episode T: 353 Reward: 393.459 Cost: 0.000
arrive destination: False ,out of road:True   Total T: 870826 Episode Num: 2742 Episode T: 220 Reward: 241.511 Cost: 9.000
arrive destination: True ,out of road:False   Total T: 871009 Episode Num: 2743 Episode T: 183 Reward: 270.045 Cost: 0.000
arrive destination: True ,out of road:False   Total T: 871274 Episode Num: 2744 Episode T: 265 Reward: 335.799 Cost: 5.000
arrive destination: False ,out of road:True   Total T: 871461 Episode Num: 2745 Episode T: 187 Reward: 222.556 Cost: 11.000
arrive destination: True ,out of road:False   Total T: 871698 Episode Num: 2746 Episode T: 237 Reward: 260.985 Cost: 0.000
arrive destination: False ,out of road:True   Total T: 871853 Episode Num: 2747 Episode T: 155 Reward: 208.161 Cost: 1.000
arrive destination: True ,out of road:False   Total T: 872034 Episode Num: 2748 Episode T: 181 Reward: 269.766 Cost: 0.000
arrive destination: True ,out of road:False   Total T: 872303 Episode Num: 2749 Episode T: 269 Reward: 272.740 Cost: 12.000
arrive destination: True ,out of road:False   Total T: 872501 Episode Num: 2750 Episode T: 198 Reward: 235.793 Cost: 0.000
arrive destination: False ,out of road:False   Total T: 873501 Episode Num: 2751 Episode T: 1000 Reward: 283.468 Cost: 25.000
arrive destination: True ,out of road:False   Total T: 873895 Episode Num: 2752 Episode T: 394 Reward: 493.367 Cost: 22.000
arrive destination: True ,out of road:True   Total T: 874086 Episode Num: 2753 Episode T: 191 Reward: 283.897 Cost: 9.000
arrive destination: True ,out of road:False   Total T: 874293 Episode Num: 2754 Episode T: 207 Reward: 290.928 Cost: 3.000
arrive destination: True ,out of road:False   Total T: 874590 Episode Num: 2755 Episode T: 297 Reward: 370.353 Cost: 0.000
arrive destination: True ,out of road:False   Total T: 874791 Episode Num: 2756 Episode T: 201 Reward: 234.759 Cost: 5.000
arrive destination: True ,out of road:False   Total T: 875173 Episode Num: 2757 Episode T: 382 Reward: 475.152 Cost: 6.000
arrive destination: True ,out of road:False   Total T: 875576 Episode Num: 2758 Episode T: 403 Reward: 494.578 Cost: 26.000
arrive destination: True ,out of road:False   Total T: 875828 Episode Num: 2759 Episode T: 252 Reward: 289.099 Cost: 14.000
arrive destination: True ,out of road:False   Total T: 876152 Episode Num: 2760 Episode T: 324 Reward: 390.683 Cost: 0.000
arrive destination: True ,out of road:False   Total T: 876551 Episode Num: 2761 Episode T: 399 Reward: 474.894 Cost: 14.000
arrive destination: False ,out of road:True   Total T: 876843 Episode Num: 2762 Episode T: 292 Reward: 333.216 Cost: 16.000
arrive destination: True ,out of road:False   Total T: 877124 Episode Num: 2763 Episode T: 281 Reward: 381.890 Cost: 6.000
arrive destination: True ,out of road:False   Total T: 877360 Episode Num: 2764 Episode T: 236 Reward: 273.947 Cost: 3.000
arrive destination: True ,out of road:False   Total T: 877781 Episode Num: 2765 Episode T: 421 Reward: 458.319 Cost: 11.000
arrive destination: True ,out of road:False   Total T: 878085 Episode Num: 2766 Episode T: 304 Reward: 302.998 Cost: 5.000
arrive destination: True ,out of road:False   Total T: 878391 Episode Num: 2767 Episode T: 306 Reward: 368.735 Cost: 13.000
arrive destination: True ,out of road:False   Total T: 878695 Episode Num: 2768 Episode T: 304 Reward: 369.145 Cost: 3.000
arrive destination: True ,out of road:False   Total T: 879087 Episode Num: 2769 Episode T: 392 Reward: 477.184 Cost: 7.000
arrive destination: True ,out of road:False   Total T: 879323 Episode Num: 2770 Episode T: 236 Reward: 262.428 Cost: 0.000
---------------------------------------
Evaluation over 20 episodes: 0.700 Cost 3.150.             SafeRL used : use_lag
---------------------------------------
[34;1m
Time: 2026-06-30 01:17:33, Time spent from previous logger: 139.558 s[0m
[34;1mCustomLogger with fileds: ['total_steps', 'EpRet', 'EpCost', 'CostRate'][0m
[34;1mfieldvalues: [880000, 0.7, 3.15, 0.022415934563562005]
[0m
arrive destination: True ,out of road:False   Total T: 880182 Episode Num: 2771 Episode T: 859 Reward: 602.693 Cost: 21.000
arrive destination: False ,out of road:True   Total T: 880478 Episode Num: 2772 Episode T: 296 Reward: 336.328 Cost: 10.000
arrive destination: True ,out of road:False   Total T: 880693 Episode Num: 2773 Episode T: 215 Reward: 287.193 Cost: 0.000
arrive destination: True ,out of road:False   Total T: 880967 Episode Num: 2774 Episode T: 274 Reward: 275.455 Cost: 4.000
arrive destination: True ,out of road:False   Total T: 881147 Episode Num: 2775 Episode T: 180 Reward: 270.191 Cost: 0.000
arrive destination: True ,out of road:False   Total T: 881375 Episode Num: 2776 Episode T: 228 Reward: 295.895 Cost: 4.000
arrive destination: True ,out of road:False   Total T: 881731 Episode Num: 2777 Episode T: 356 Reward: 414.239 Cost: 17.000
arrive destination: True ,out of road:True   Total T: 881953 Episode Num: 2778 Episode T: 222 Reward: 365.520 Cost: 13.000
arrive destination: True ,out of road:False   Total T: 882365 Episode Num: 2779 Episode T: 412 Reward: 425.467 Cost: 12.000
arrive destination: False ,out of road:True   Total T: 882779 Episode Num: 2780 Episode T: 414 Reward: 459.292 Cost: 13.000
arrive destination: True ,out of road:False   Total T: 883055 Episode Num: 2781 Episode T: 276 Reward: 273.639 Cost: 11.000
arrive destination: False ,out of road:True   Total T: 883257 Episode Num: 2782 Episode T: 202 Reward: 220.897 Cost: 6.000
arrive destination: True ,out of road:False   Total T: 883517 Episode Num: 2783 Episode T: 260 Reward: 271.340 Cost: 10.000
arrive destination: True ,out of road:False   Total T: 883782 Episode Num: 2784 Episode T: 265 Reward: 266.268 Cost: 5.000
arrive destination: True ,out of road:False   Total T: 883989 Episode Num: 2785 Episode T: 207 Reward: 288.069 Cost: 0.000
arrive destination: True ,out of road:False   Total T: 884257 Episode Num: 2786 Episode T: 268 Reward: 267.129 Cost: 8.000
arrive destination: True ,out of road:False   Total T: 884652 Episode Num: 2787 Episode T: 395 Reward: 477.452 Cost: 11.000
arrive destination: True ,out of road:False   Total T: 885078 Episode Num: 2788 Episode T: 426 Reward: 456.292 Cost: 2.000
arrive destination: True ,out of road:False   Total T: 885470 Episode Num: 2789 Episode T: 392 Reward: 473.399 Cost: 10.000
arrive destination: True ,out of road:False   Total T: 885784 Episode Num: 2790 Episode T: 314 Reward: 395.145 Cost: 1.000
arrive destination: True ,out of road:False   Total T: 886243 Episode Num: 2791 Episode T: 459 Reward: 498.982 Cost: 15.000
arrive destination: False ,out of road:True   Total T: 886413 Episode Num: 2792 Episode T: 170 Reward: 220.919 Cost: 1.000
arrive destination: True ,out of road:False   Total T: 886684 Episode Num: 2793 Episode T: 271 Reward: 270.504 Cost: 6.000
arrive destination: True ,out of road:False   Total T: 887056 Episode Num: 2794 Episode T: 372 Reward: 413.549 Cost: 7.000
arrive destination: True ,out of road:False   Total T: 887280 Episode Num: 2795 Episode T: 224 Reward: 296.053 Cost: 3.000
arrive destination: False ,out of road:True   Total T: 887690 Episode Num: 2796 Episode T: 410 Reward: 355.826 Cost: 24.000
arrive destination: True ,out of road:False   Total T: 887915 Episode Num: 2797 Episode T: 225 Reward: 296.114 Cost: 2.000
arrive destination: True ,out of road:False   Total T: 888175 Episode Num: 2798 Episode T: 260 Reward: 272.376 Cost: 2.000
arrive destination: True ,out of road:False   Total T: 888411 Episode Num: 2799 Episode T: 236 Reward: 262.528 Cost: 0.000
arrive destination: True ,out of road:False   Total T: 888653 Episode Num: 2800 Episode T: 242 Reward: 264.560 Cost: 0.000
arrive destination: False ,out of road:True   Total T: 888753 Episode Num: 2801 Episode T: 100 Reward: 77.800 Cost: 4.000
arrive destination: False ,out of road:False   Total T: 889753 Episode Num: 2802 Episode T: 1000 Reward: 338.816 Cost: 35.000
---------------------------------------
Evaluation over 20 episodes: 0.650 Cost 5.450.             SafeRL used : use_lag
---------------------------------------
[34;1m
Time: 2026-06-30 01:20:06, Time spent from previous logger: 153.127 s[0m
[34;1mCustomLogger with fileds: ['total_steps', 'EpRet', 'EpCost', 'CostRate'][0m
[34;1mfieldvalues: [890000, 0.65, 5.45, 0.022429238684537847]
[0m
arrive destination: False ,out of road:True   Total T: 890170 Episode Num: 2803 Episode T: 417 Reward: 448.684 Cost: 1.000
arrive destination: True ,out of road:False   Total T: 890674 Episode Num: 2804 Episode T: 504 Reward: 496.732 Cost: 6.000
arrive destination: False ,out of road:True   Total T: 890825 Episode Num: 2805 Episode T: 151 Reward: 160.174 Cost: 5.000
arrive destination: True ,out of road:False   Total T: 891148 Episode Num: 2806 Episode T: 323 Reward: 294.169 Cost: 6.000
arrive destination: False ,out of road:True   Total T: 891308 Episode Num: 2807 Episode T: 160 Reward: 165.973 Cost: 5.000
arrive destination: True ,out of road:False   Total T: 891849 Episode Num: 2808 Episode T: 541 Reward: 418.876 Cost: 13.000
arrive destination: True ,out of road:False   Total T: 892300 Episode Num: 2809 Episode T: 451 Reward: 496.511 Cost: 1.000
arrive destination: True ,out of road:False   Total T: 892680 Episode Num: 2810 Episode T: 380 Reward: 411.797 Cost: 9.000
arrive destination: True ,out of road:False   Total T: 893116 Episode Num: 2811 Episode T: 436 Reward: 459.588 Cost: 2.000
arrive destination: True ,out of road:False   Total T: 893352 Episode Num: 2812 Episode T: 236 Reward: 273.061 Cost: 0.000
arrive destination: True ,out of road:False   Total T: 893576 Episode Num: 2813 Episode T: 224 Reward: 295.928 Cost: 0.000
arrive destination: True ,out of road:False   Total T: 893766 Episode Num: 2814 Episode T: 190 Reward: 269.807 Cost: 0.000
arrive destination: False ,out of road:True   Total T: 893967 Episode Num: 2815 Episode T: 201 Reward: 209.849 Cost: 4.000
arrive destination: True ,out of road:False   Total T: 894309 Episode Num: 2816 Episode T: 342 Reward: 305.768 Cost: 0.000
arrive destination: True ,out of road:False   Total T: 894738 Episode Num: 2817 Episode T: 429 Reward: 459.222 Cost: 3.000
arrive destination: True ,out of road:False   Total T: 895090 Episode Num: 2818 Episode T: 352 Reward: 392.387 Cost: 0.000
arrive destination: False ,out of road:True   Total T: 895188 Episode Num: 2819 Episode T: 98 Reward: 81.824 Cost: 3.000
arrive destination: False ,out of road:True   Total T: 895389 Episode Num: 2820 Episode T: 201 Reward: 218.857 Cost: 5.000
arrive destination: True ,out of road:False   Total T: 895712 Episode Num: 2821 Episode T: 323 Reward: 398.129 Cost: 14.000
arrive destination: True ,out of road:False   Total T: 895937 Episode Num: 2822 Episode T: 225 Reward: 290.281 Cost: 3.000
arrive destination: True ,out of road:False   Total T: 896274 Episode Num: 2823 Episode T: 337 Reward: 303.800 Cost: 7.000
arrive destination: True ,out of road:False   Total T: 896513 Episode Num: 2824 Episode T: 239 Reward: 264.433 Cost: 0.000
arrive destination: True ,out of road:False   Total T: 896858 Episode Num: 2825 Episode T: 345 Reward: 303.395 Cost: 5.000
arrive destination: True ,out of road:False   Total T: 897338 Episode Num: 2826 Episode T: 480 Reward: 457.140 Cost: 2.000
arrive destination: True ,out of road:False   Total T: 897771 Episode Num: 2827 Episode T: 433 Reward: 458.092 Cost: 3.000
arrive destination: False ,out of road:True   Total T: 897938 Episode Num: 2828 Episode T: 167 Reward: 221.249 Cost: 1.000
arrive destination: True ,out of road:False   Total T: 898256 Episode Num: 2829 Episode T: 318 Reward: 398.209 Cost: 6.000
arrive destination: True ,out of road:False   Total T: 898705 Episode Num: 2830 Episode T: 449 Reward: 475.078 Cost: 8.000
arrive destination: True ,out of road:False   Total T: 899055 Episode Num: 2831 Episode T: 350 Reward: 305.236 Cost: 0.000
arrive destination: True ,out of road:False   Total T: 899369 Episode Num: 2832 Episode T: 314 Reward: 299.603 Cost: 0.000
arrive destination: True ,out of road:False   Total T: 899710 Episode Num: 2833 Episode T: 341 Reward: 384.311 Cost: 0.000
arrive destination: True ,out of road:False   Total T: 899913 Episode Num: 2834 Episode T: 203 Reward: 288.355 Cost: 0.000
---------------------------------------
Evaluation over 20 episodes: 0.350 Cost 2.350.             SafeRL used : use_lag
---------------------------------------
[34;1m
Time: 2026-06-30 01:22:28, Time spent from previous logger: 141.510 s[0m
[34;1mCustomLogger with fileds: ['total_steps', 'EpRet', 'EpCost', 'CostRate'][0m
[34;1mfieldvalues: [900000, 0.35, 2.35, 0.02230446922718803]
[0m
arrive destination: False ,out of road:False   Total T: 900913 Episode Num: 2835 Episode T: 1000 Reward: 140.087 Cost: 1.000
arrive destination: True ,out of road:False   Total T: 901663 Episode Num: 2836 Episode T: 750 Reward: 273.354 Cost: 9.000
arrive destination: False ,out of road:True   Total T: 901899 Episode Num: 2837 Episode T: 236 Reward: 231.327 Cost: 1.000
arrive destination: True ,out of road:False   Total T: 902235 Episode Num: 2838 Episode T: 336 Reward: 389.452 Cost: 0.000
arrive destination: False ,out of road:True   Total T: 902568 Episode Num: 2839 Episode T: 333 Reward: 334.961 Cost: 3.000
arrive destination: True ,out of road:False   Total T: 902791 Episode Num: 2840 Episode T: 223 Reward: 295.480 Cost: 5.000
arrive destination: True ,out of road:False   Total T: 902995 Episode Num: 2841 Episode T: 204 Reward: 233.640 Cost: 1.000
arrive destination: True ,out of road:False   Total T: 903242 Episode Num: 2842 Episode T: 247 Reward: 335.735 Cost: 1.000
arrive destination: False ,out of road:True   Total T: 903466 Episode Num: 2843 Episode T: 224 Reward: 276.868 Cost: 1.000
arrive destination: False ,out of road:True   Total T: 903562 Episode Num: 2844 Episode T: 96 Reward: 70.769 Cost: 5.000
arrive destination: True ,out of road:False   Total T: 903774 Episode Num: 2845 Episode T: 212 Reward: 284.730 Cost: 0.000
arrive destination: True ,out of road:False   Total T: 903984 Episode Num: 2846 Episode T: 210 Reward: 295.735 Cost: 0.000
arrive destination: False ,out of road:True   Total T: 904289 Episode Num: 2847 Episode T: 305 Reward: 332.774 Cost: 4.000
arrive destination: False ,out of road:True   Total T: 904608 Episode Num: 2848 Episode T: 319 Reward: 231.392 Cost: 13.000
arrive destination: True ,out of road:False   Total T: 904932 Episode Num: 2849 Episode T: 324 Reward: 304.484 Cost: 1.000
arrive destination: True ,out of road:False   Total T: 905112 Episode Num: 2850 Episode T: 180 Reward: 268.814 Cost: 0.000
arrive destination: False ,out of road:True   Total T: 905507 Episode Num: 2851 Episode T: 395 Reward: 452.109 Cost: 3.000
arrive destination: True ,out of road:False   Total T: 905838 Episode Num: 2852 Episode T: 331 Reward: 390.936 Cost: 0.000
arrive destination: False ,out of road:False   Total T: 906838 Episode Num: 2853 Episode T: 1000 Reward: 206.236 Cost: 1.000
arrive destination: True ,out of road:False   Total T: 907020 Episode Num: 2854 Episode T: 182 Reward: 269.974 Cost: 4.000
arrive destination: True ,out of road:False   Total T: 907248 Episode Num: 2855 Episode T: 228 Reward: 268.229 Cost: 0.000
arrive destination: True ,out of road:False   Total T: 907423 Episode Num: 2856 Episode T: 175 Reward: 269.094 Cost: 0.000
arrive destination: True ,out of road:False   Total T: 907708 Episode Num: 2857 Episode T: 285 Reward: 398.787 Cost: 2.000
arrive destination: True ,out of road:False   Total T: 908086 Episode Num: 2858 Episode T: 378 Reward: 335.774 Cost: 2.000
arrive destination: True ,out of road:False   Total T: 908323 Episode Num: 2859 Episode T: 237 Reward: 233.374 Cost: 0.000
arrive destination: True ,out of road:False   Total T: 908564 Episode Num: 2860 Episode T: 241 Reward: 274.106 Cost: 0.000
arrive destination: False ,out of road:True   Total T: 908804 Episode Num: 2861 Episode T: 240 Reward: 233.520 Cost: 1.000
arrive destination: False ,out of road:True   Total T: 909449 Episode Num: 2862 Episode T: 645 Reward: 116.127 Cost: 4.000
arrive destination: True ,out of road:False   Total T: 909850 Episode Num: 2863 Episode T: 401 Reward: 474.383 Cost: 8.000
---------------------------------------
Evaluation over 20 episodes: 0.500 Cost 5.950.             SafeRL used : use_lag
---------------------------------------
[34;1m
Time: 2026-06-30 01:24:43, Time spent from previous logger: 134.917 s[0m
[34;1mCustomLogger with fileds: ['total_steps', 'EpRet', 'EpCost', 'CostRate'][0m
[34;1mfieldvalues: [910000, 0.5, 5.95, 0.022136288061855015]
[0m
arrive destination: True ,out of road:False   Total T: 910411 Episode Num: 2864 Episode T: 561 Reward: 632.281 Cost: 0.000
arrive destination: True ,out of road:False   Total T: 910691 Episode Num: 2865 Episode T: 280 Reward: 269.658 Cost: 0.000
arrive destination: True ,out of road:False   Total T: 911005 Episode Num: 2866 Episode T: 314 Reward: 303.320 Cost: 6.000
arrive destination: True ,out of road:False   Total T: 911446 Episode Num: 2867 Episode T: 441 Reward: 469.623 Cost: 14.000
arrive destination: True ,out of road:False   Total T: 911869 Episode Num: 2868 Episode T: 423 Reward: 467.925 Cost: 1.000
arrive destination: True ,out of road:False   Total T: 912050 Episode Num: 2869 Episode T: 181 Reward: 269.633 Cost: 1.000
arrive destination: True ,out of road:False   Total T: 912393 Episode Num: 2870 Episode T: 343 Reward: 414.389 Cost: 8.000
arrive destination: True ,out of road:False   Total T: 912770 Episode Num: 2871 Episode T: 377 Reward: 421.176 Cost: 4.000
arrive destination: True ,out of road:False   Total T: 913122 Episode Num: 2872 Episode T: 352 Reward: 394.877 Cost: 0.000
arrive destination: False ,out of road:True   Total T: 913400 Episode Num: 2873 Episode T: 278 Reward: 301.586 Cost: 1.000
arrive destination: True ,out of road:False   Total T: 913631 Episode Num: 2874 Episode T: 231 Reward: 272.595 Cost: 0.000
arrive destination: True ,out of road:False   Total T: 913958 Episode Num: 2875 Episode T: 327 Reward: 384.836 Cost: 0.000
arrive destination: True ,out of road:False   Total T: 914266 Episode Num: 2876 Episode T: 308 Reward: 301.716 Cost: 0.000
arrive destination: True ,out of road:False   Total T: 914643 Episode Num: 2877 Episode T: 377 Reward: 474.835 Cost: 8.000
arrive destination: False ,out of road:False   Total T: 915643 Episode Num: 2878 Episode T: 1000 Reward: 225.977 Cost: 1.000
arrive destination: False ,out of road:False   Total T: 916643 Episode Num: 2879 Episode T: 1000 Reward: 116.823 Cost: 1.000
arrive destination: True ,out of road:False   Total T: 916944 Episode Num: 2880 Episode T: 301 Reward: 367.730 Cost: 4.000
arrive destination: False ,out of road:False   Total T: 917944 Episode Num: 2881 Episode T: 1000 Reward: 162.076 Cost: 0.000
arrive destination: False ,out of road:True   Total T: 918804 Episode Num: 2882 Episode T: 860 Reward: 390.268 Cost: 1.000
arrive destination: True ,out of road:False   Total T: 918988 Episode Num: 2883 Episode T: 184 Reward: 270.193 Cost: 0.000
arrive destination: False ,out of road:True   Total T: 919248 Episode Num: 2884 Episode T: 260 Reward: 250.961 Cost: 4.000
arrive destination: True ,out of road:False   Total T: 919707 Episode Num: 2885 Episode T: 459 Reward: 497.268 Cost: 1.000
---------------------------------------
Evaluation over 20 episodes: 0.650 Cost 5.200.             SafeRL used : use_lag
---------------------------------------
[34;1m
Time: 2026-06-30 01:27:04, Time spent from previous logger: 140.985 s[0m
[34;1mCustomLogger with fileds: ['total_steps', 'EpRet', 'EpCost', 'CostRate'][0m
[34;1mfieldvalues: [920000, 0.65, 5.2, 0.02195545864723766]
[0m
arrive destination: False ,out of road:True   Total T: 920431 Episode Num: 2886 Episode T: 724 Reward: 722.606 Cost: 8.000
arrive destination: True ,out of road:False   Total T: 920700 Episode Num: 2887 Episode T: 269 Reward: 272.417 Cost: 8.000
arrive destination: True ,out of road:False   Total T: 921076 Episode Num: 2888 Episode T: 376 Reward: 474.942 Cost: 6.000
arrive destination: False ,out of road:False   Total T: 922076 Episode Num: 2889 Episode T: 1000 Reward: 330.248 Cost: 11.000
arrive destination: True ,out of road:False   Total T: 922420 Episode Num: 2890 Episode T: 344 Reward: 415.145 Cost: 11.000
arrive destination: False ,out of road:True   Total T: 922557 Episode Num: 2891 Episode T: 137 Reward: 141.139 Cost: 1.000
arrive destination: False ,out of road:True   Total T: 922783 Episode Num: 2892 Episode T: 226 Reward: 247.837 Cost: 1.000
arrive destination: False ,out of road:True   Total T: 923075 Episode Num: 2893 Episode T: 292 Reward: 334.814 Cost: 12.000
arrive destination: True ,out of road:False   Total T: 923261 Episode Num: 2894 Episode T: 186 Reward: 269.456 Cost: 0.000
arrive destination: True ,out of road:False   Total T: 923504 Episode Num: 2895 Episode T: 243 Reward: 260.562 Cost: 0.000
arrive destination: True ,out of road:False   Total T: 923738 Episode Num: 2896 Episode T: 234 Reward: 270.535 Cost: 0.000
arrive destination: True ,out of road:False   Total T: 924184 Episode Num: 2897 Episode T: 446 Reward: 456.299 Cost: 10.000
arrive destination: True ,out of road:False   Total T: 924434 Episode Num: 2898 Episode T: 250 Reward: 274.661 Cost: 0.000
arrive destination: False ,out of road:True   Total T: 924707 Episode Num: 2899 Episode T: 273 Reward: 348.275 Cost: 11.000
arrive destination: True ,out of road:False   Total T: 924929 Episode Num: 2900 Episode T: 222 Reward: 290.106 Cost: 0.000
arrive destination: False ,out of road:True   Total T: 925128 Episode Num: 2901 Episode T: 199 Reward: 217.177 Cost: 4.000
arrive destination: True ,out of road:False   Total T: 925339 Episode Num: 2902 Episode T: 211 Reward: 288.370 Cost: 0.000
arrive destination: False ,out of road:True   Total T: 925511 Episode Num: 2903 Episode T: 172 Reward: 203.596 Cost: 3.000
arrive destination: True ,out of road:False   Total T: 925721 Episode Num: 2904 Episode T: 210 Reward: 235.700 Cost: 0.000
arrive destination: True ,out of road:False   Total T: 925929 Episode Num: 2905 Episode T: 208 Reward: 295.180 Cost: 6.000
arrive destination: True ,out of road:False   Total T: 926157 Episode Num: 2906 Episode T: 228 Reward: 295.484 Cost: 4.000
arrive destination: False ,out of road:True   Total T: 926428 Episode Num: 2907 Episode T: 271 Reward: 292.002 Cost: 9.000
arrive destination: True ,out of road:False   Total T: 926730 Episode Num: 2908 Episode T: 302 Reward: 399.123 Cost: 7.000
arrive destination: True ,out of road:False   Total T: 927003 Episode Num: 2909 Episode T: 273 Reward: 271.149 Cost: 10.000
arrive destination: True ,out of road:False   Total T: 927208 Episode Num: 2910 Episode T: 205 Reward: 235.656 Cost: 12.000
arrive destination: False ,out of road:True   Total T: 927450 Episode Num: 2911 Episode T: 242 Reward: 234.307 Cost: 1.000
arrive destination: True ,out of road:False   Total T: 927825 Episode Num: 2912 Episode T: 375 Reward: 475.950 Cost: 5.000
arrive destination: True ,out of road:False   Total T: 928090 Episode Num: 2913 Episode T: 265 Reward: 269.817 Cost: 1.000
arrive destination: True ,out of road:False   Total T: 928412 Episode Num: 2914 Episode T: 322 Reward: 379.197 Cost: 8.000
arrive destination: True ,out of road:False   Total T: 928751 Episode Num: 2915 Episode T: 339 Reward: 381.897 Cost: 0.000
arrive destination: False ,out of road:True   Total T: 928985 Episode Num: 2916 Episode T: 234 Reward: 298.068 Cost: 2.000
arrive destination: False ,out of road:True   Total T: 929435 Episode Num: 2917 Episode T: 450 Reward: 363.448 Cost: 12.000
arrive destination: True ,out of road:False   Total T: 929669 Episode Num: 2918 Episode T: 234 Reward: 274.186 Cost: 0.000
arrive destination: True ,out of road:False   Total T: 929846 Episode Num: 2919 Episode T: 177 Reward: 269.213 Cost: 0.000
---------------------------------------
Evaluation over 20 episodes: 0.800 Cost 7.000.             SafeRL used : use_lag
---------------------------------------
[34;1m
Time: 2026-06-30 01:29:29, Time spent from previous logger: 144.701 s[0m
[34;1mCustomLogger with fileds: ['total_steps', 'EpRet', 'EpCost', 'CostRate'][0m
[34;1mfieldvalues: [930000, 0.8, 7.0, 0.021894647198545374]
[0m
arrive destination: False ,out of road:True   Total T: 930275 Episode Num: 2920 Episode T: 429 Reward: 566.181 Cost: 21.000
arrive destination: True ,out of road:False   Total T: 930449 Episode Num: 2921 Episode T: 174 Reward: 269.202 Cost: 0.000
arrive destination: True ,out of road:False   Total T: 930867 Episode Num: 2922 Episode T: 418 Reward: 477.327 Cost: 18.000
arrive destination: True ,out of road:False   Total T: 931102 Episode Num: 2923 Episode T: 235 Reward: 264.377 Cost: 0.000
arrive destination: True ,out of road:False   Total T: 931331 Episode Num: 2924 Episode T: 229 Reward: 271.876 Cost: 0.000
arrive destination: True ,out of road:False   Total T: 931608 Episode Num: 2925 Episode T: 277 Reward: 294.502 Cost: 17.000
arrive destination: True ,out of road:False   Total T: 931800 Episode Num: 2926 Episode T: 192 Reward: 233.865 Cost: 5.000
arrive destination: False ,out of road:True   Total T: 932095 Episode Num: 2927 Episode T: 295 Reward: 335.113 Cost: 4.000
arrive destination: True ,out of road:False   Total T: 932509 Episode Num: 2928 Episode T: 414 Reward: 476.377 Cost: 23.000
arrive destination: True ,out of road:False   Total T: 932734 Episode Num: 2929 Episode T: 225 Reward: 295.831 Cost: 5.000
arrive destination: True ,out of road:False   Total T: 933084 Episode Num: 2930 Episode T: 350 Reward: 413.069 Cost: 14.000
arrive destination: False ,out of road:True   Total T: 933326 Episode Num: 2931 Episode T: 242 Reward: 255.318 Cost: 12.000
arrive destination: True ,out of road:False   Total T: 933585 Episode Num: 2932 Episode T: 259 Reward: 269.247 Cost: 11.000
arrive destination: True ,out of road:False   Total T: 934067 Episode Num: 2933 Episode T: 482 Reward: 460.485 Cost: 20.000
arrive destination: True ,out of road:False   Total T: 934331 Episode Num: 2934 Episode T: 264 Reward: 269.705 Cost: 11.000
arrive destination: False ,out of road:True   Total T: 934368 Episode Num: 2935 Episode T: 37 Reward: 5.604 Cost: 1.000
arrive destination: True ,out of road:False   Total T: 934678 Episode Num: 2936 Episode T: 310 Reward: 366.682 Cost: 7.000
arrive destination: False ,out of road:True   Total T: 934801 Episode Num: 2937 Episode T: 123 Reward: 146.120 Cost: 1.000
arrive destination: True ,out of road:False   Total T: 935082 Episode Num: 2938 Episode T: 281 Reward: 300.838 Cost: 0.000
arrive destination: True ,out of road:False   Total T: 935299 Episode Num: 2939 Episode T: 217 Reward: 295.287 Cost: 7.000
arrive destination: False ,out of road:True   Total T: 935575 Episode Num: 2940 Episode T: 276 Reward: 355.087 Cost: 11.000
arrive destination: True ,out of road:False   Total T: 935982 Episode Num: 2941 Episode T: 407 Reward: 458.216 Cost: 1.000
arrive destination: True ,out of road:False   Total T: 936371 Episode Num: 2942 Episode T: 389 Reward: 398.229 Cost: 15.000
arrive destination: True ,out of road:False   Total T: 936602 Episode Num: 2943 Episode T: 231 Reward: 335.550 Cost: 2.000
arrive destination: True ,out of road:False   Total T: 936787 Episode Num: 2944 Episode T: 185 Reward: 268.885 Cost: 0.000
arrive destination: True ,out of road:False   Total T: 937041 Episode Num: 2945 Episode T: 254 Reward: 294.485 Cost: 20.000
arrive destination: True ,out of road:False   Total T: 937244 Episode Num: 2946 Episode T: 203 Reward: 233.521 Cost: 1.000
arrive destination: True ,out of road:False   Total T: 937502 Episode Num: 2947 Episode T: 258 Reward: 301.176 Cost: 0.000
arrive destination: True ,out of road:False   Total T: 937926 Episode Num: 2948 Episode T: 424 Reward: 474.184 Cost: 17.000
arrive destination: True ,out of road:False   Total T: 938262 Episode Num: 2949 Episode T: 336 Reward: 417.739 Cost: 9.000
arrive destination: False ,out of road:True   Total T: 938466 Episode Num: 2950 Episode T: 204 Reward: 223.101 Cost: 6.000
arrive destination: False ,out of road:True   Total T: 938573 Episode Num: 2951 Episode T: 107 Reward: 89.247 Cost: 3.000
arrive destination: True ,out of road:False   Total T: 938751 Episode Num: 2952 Episode T: 178 Reward: 269.608 Cost: 0.000
arrive destination: True ,out of road:False   Total T: 938933 Episode Num: 2953 Episode T: 182 Reward: 269.898 Cost: 5.000
arrive destination: True ,out of road:False   Total T: 939168 Episode Num: 2954 Episode T: 235 Reward: 274.343 Cost: 0.000
arrive destination: True ,out of road:False   Total T: 939565 Episode Num: 2955 Episode T: 397 Reward: 456.768 Cost: 7.000
arrive destination: True ,out of road:False   Total T: 939993 Episode Num: 2956 Episode T: 428 Reward: 460.627 Cost: 17.000
---------------------------------------
Evaluation over 20 episodes: 0.600 Cost 12.950.             SafeRL used : use_lag
---------------------------------------
[34;1m
Time: 2026-06-30 01:31:58, Time spent from previous logger: 149.310 s[0m
[34;1mCustomLogger with fileds: ['total_steps', 'EpRet', 'EpCost', 'CostRate'][0m
[34;1mfieldvalues: [940000, 0.6, 12.95, 0.021971299969468054]
[0m
arrive destination: True ,out of road:False   Total T: 940423 Episode Num: 2957 Episode T: 430 Reward: 459.655 Cost: 15.000
arrive destination: True ,out of road:True   Total T: 940820 Episode Num: 2958 Episode T: 397 Reward: 545.212 Cost: 28.000
arrive destination: True ,out of road:False   Total T: 941156 Episode Num: 2959 Episode T: 336 Reward: 424.034 Cost: 16.000
arrive destination: True ,out of road:False   Total T: 941395 Episode Num: 2960 Episode T: 239 Reward: 261.919 Cost: 0.000
arrive destination: True ,out of road:False   Total T: 941721 Episode Num: 2961 Episode T: 326 Reward: 382.120 Cost: 0.000
arrive destination: True ,out of road:False   Total T: 941966 Episode Num: 2962 Episode T: 245 Reward: 268.203 Cost: 4.000
arrive destination: True ,out of road:False   Total T: 942335 Episode Num: 2963 Episode T: 369 Reward: 473.741 Cost: 26.000
arrive destination: True ,out of road:False   Total T: 942566 Episode Num: 2964 Episode T: 231 Reward: 263.174 Cost: 0.000
arrive destination: True ,out of road:False   Total T: 942894 Episode Num: 2965 Episode T: 328 Reward: 389.794 Cost: 0.000
arrive destination: True ,out of road:False   Total T: 943113 Episode Num: 2966 Episode T: 219 Reward: 295.237 Cost: 7.000
arrive destination: False ,out of road:True   Total T: 943420 Episode Num: 2967 Episode T: 307 Reward: 335.547 Cost: 7.000
arrive destination: True ,out of road:False   Total T: 943710 Episode Num: 2968 Episode T: 290 Reward: 399.466 Cost: 6.000
arrive destination: False ,out of road:True   Total T: 943968 Episode Num: 2969 Episode T: 258 Reward: 291.276 Cost: 1.000
arrive destination: False ,out of road:True   Total T: 944166 Episode Num: 2970 Episode T: 198 Reward: 217.646 Cost: 4.000
arrive destination: True ,out of road:True   Total T: 944385 Episode Num: 2971 Episode T: 219 Reward: 355.265 Cost: 17.000
arrive destination: True ,out of road:False   Total T: 944604 Episode Num: 2972 Episode T: 219 Reward: 295.982 Cost: 6.000
arrive destination: True ,out of road:False   Total T: 944861 Episode Num: 2973 Episode T: 257 Reward: 294.349 Cost: 14.000
arrive destination: True ,out of road:False   Total T: 945194 Episode Num: 2974 Episode T: 333 Reward: 391.207 Cost: 0.000
arrive destination: True ,out of road:False   Total T: 945429 Episode Num: 2975 Episode T: 235 Reward: 263.203 Cost: 0.000
arrive destination: True ,out of road:False   Total T: 945747 Episode Num: 2976 Episode T: 318 Reward: 385.648 Cost: 0.000
arrive destination: True ,out of road:False   Total T: 946013 Episode Num: 2977 Episode T: 266 Reward: 271.511 Cost: 7.000
arrive destination: False ,out of road:True   Total T: 946307 Episode Num: 2978 Episode T: 294 Reward: 344.823 Cost: 4.000
arrive destination: False ,out of road:True   Total T: 946404 Episode Num: 2979 Episode T: 97 Reward: 79.434 Cost: 2.000
arrive destination: False ,out of road:True   Total T: 946835 Episode Num: 2980 Episode T: 431 Reward: 466.723 Cost: 22.000
arrive destination: True ,out of road:False   Total T: 947243 Episode Num: 2981 Episode T: 408 Reward: 493.848 Cost: 9.000
arrive destination: True ,out of road:False   Total T: 947500 Episode Num: 2982 Episode T: 257 Reward: 335.829 Cost: 1.000
arrive destination: True ,out of road:False   Total T: 947772 Episode Num: 2983 Episode T: 272 Reward: 301.411 Cost: 1.000
arrive destination: True ,out of road:False   Total T: 948007 Episode Num: 2984 Episode T: 235 Reward: 263.424 Cost: 2.000
arrive destination: True ,out of road:False   Total T: 948212 Episode Num: 2985 Episode T: 205 Reward: 235.687 Cost: 1.000
arrive destination: False ,out of road:True   Total T: 948393 Episode Num: 2986 Episode T: 181 Reward: 215.908 Cost: 4.000
arrive destination: True ,out of road:False   Total T: 948622 Episode Num: 2987 Episode T: 229 Reward: 273.726 Cost: 3.000
arrive destination: True ,out of road:False   Total T: 948954 Episode Num: 2988 Episode T: 332 Reward: 410.586 Cost: 14.000
arrive destination: True ,out of road:False   Total T: 949376 Episode Num: 2989 Episode T: 422 Reward: 456.789 Cost: 8.000
arrive destination: True ,out of road:False   Total T: 949599 Episode Num: 2990 Episode T: 223 Reward: 269.777 Cost: 3.000
arrive destination: False ,out of road:True   Total T: 949969 Episode Num: 2991 Episode T: 370 Reward: 326.104 Cost: 30.000
---------------------------------------
Evaluation over 20 episodes: 0.650 Cost 5.700.             SafeRL used : use_lag
---------------------------------------
[34;1m
Time: 2026-06-30 01:34:26, Time spent from previous logger: 148.463 s[0m
[34;1mCustomLogger with fileds: ['total_steps', 'EpRet', 'EpCost', 'CostRate'][0m
[34;1mfieldvalues: [950000, 0.65, 5.7, 0.022015812648223842]
[0m
arrive destination: True ,out of road:False   Total T: 950250 Episode Num: 2992 Episode T: 281 Reward: 267.505 Cost: 0.000
arrive destination: True ,out of road:False   Total T: 950558 Episode Num: 2993 Episode T: 308 Reward: 368.403 Cost: 0.000
arrive destination: True ,out of road:False   Total T: 951044 Episode Num: 2994 Episode T: 486 Reward: 399.167 Cost: 25.000
arrive destination: True ,out of road:False   Total T: 951275 Episode Num: 2995 Episode T: 231 Reward: 273.498 Cost: 0.000
arrive destination: False ,out of road:True   Total T: 951515 Episode Num: 2996 Episode T: 240 Reward: 254.215 Cost: 10.000
arrive destination: True ,out of road:False   Total T: 951907 Episode Num: 2997 Episode T: 392 Reward: 475.959 Cost: 7.000
arrive destination: True ,out of road:True   Total T: 952128 Episode Num: 2998 Episode T: 221 Reward: 355.578 Cost: 9.000
arrive destination: True ,out of road:False   Total T: 952393 Episode Num: 2999 Episode T: 265 Reward: 335.844 Cost: 1.000
arrive destination: True ,out of road:False   Total T: 952586 Episode Num: 3000 Episode T: 193 Reward: 236.098 Cost: 2.000
arrive destination: True ,out of road:False   Total T: 952788 Episode Num: 3001 Episode T: 202 Reward: 234.872 Cost: 0.000
arrive destination: True ,out of road:False   Total T: 952987 Episode Num: 3002 Episode T: 199 Reward: 235.918 Cost: 0.000
arrive destination: True ,out of road:False   Total T: 953382 Episode Num: 3003 Episode T: 395 Reward: 472.531 Cost: 2.000
arrive destination: True ,out of road:False   Total T: 953774 Episode Num: 3004 Episode T: 392 Reward: 495.656 Cost: 6.000
arrive destination: True ,out of road:False   Total T: 954086 Episode Num: 3005 Episode T: 312 Reward: 366.089 Cost: 2.000
arrive destination: True ,out of road:False   Total T: 954367 Episode Num: 3006 Episode T: 281 Reward: 294.679 Cost: 9.000
arrive destination: True ,out of road:False   Total T: 954623 Episode Num: 3007 Episode T: 256 Reward: 298.331 Cost: 0.000
arrive destination: True ,out of road:False   Total T: 954859 Episode Num: 3008 Episode T: 236 Reward: 258.528 Cost: 0.000
arrive destination: True ,out of road:False   Total T: 955237 Episode Num: 3009 Episode T: 378 Reward: 416.082 Cost: 10.000
arrive destination: True ,out of road:False   Total T: 955484 Episode Num: 3010 Episode T: 247 Reward: 259.308 Cost: 3.000
arrive destination: False ,out of road:True   Total T: 955737 Episode Num: 3011 Episode T: 253 Reward: 344.707 Cost: 3.000
arrive destination: True ,out of road:False   Total T: 956093 Episode Num: 3012 Episode T: 356 Reward: 416.637 Cost: 6.000
arrive destination: True ,out of road:False   Total T: 956326 Episode Num: 3013 Episode T: 233 Reward: 270.273 Cost: 4.000
arrive destination: False ,out of road:True   Total T: 956654 Episode Num: 3014 Episode T: 328 Reward: 393.268 Cost: 2.000
arrive destination: True ,out of road:False   Total T: 956940 Episode Num: 3015 Episode T: 286 Reward: 399.470 Cost: 0.000
arrive destination: True ,out of road:False   Total T: 957208 Episode Num: 3016 Episode T: 268 Reward: 336.281 Cost: 2.000
arrive destination: True ,out of road:False   Total T: 957562 Episode Num: 3017 Episode T: 354 Reward: 382.102 Cost: 0.000
arrive destination: True ,out of road:False   Total T: 957773 Episode Num: 3018 Episode T: 211 Reward: 287.636 Cost: 0.000
arrive destination: True ,out of road:False   Total T: 958042 Episode Num: 3019 Episode T: 269 Reward: 273.490 Cost: 8.000
arrive destination: True ,out of road:False   Total T: 958294 Episode Num: 3020 Episode T: 252 Reward: 336.171 Cost: 0.000
arrive destination: True ,out of road:False   Total T: 958505 Episode Num: 3021 Episode T: 211 Reward: 283.902 Cost: 0.000
arrive destination: True ,out of road:False   Total T: 958863 Episode Num: 3022 Episode T: 358 Reward: 384.637 Cost: 4.000
arrive destination: True ,out of road:False   Total T: 959045 Episode Num: 3023 Episode T: 182 Reward: 269.571 Cost: 2.000
arrive destination: True ,out of road:False   Total T: 959393 Episode Num: 3024 Episode T: 348 Reward: 380.891 Cost: 15.000
arrive destination: True ,out of road:False   Total T: 959720 Episode Num: 3025 Episode T: 327 Reward: 366.370 Cost: 2.000
arrive destination: True ,out of road:False   Total T: 959938 Episode Num: 3026 Episode T: 218 Reward: 296.088 Cost: 0.000
---------------------------------------
Evaluation over 20 episodes: 0.800 Cost 5.200.             SafeRL used : use_lag
---------------------------------------
[34;1m
Time: 2026-06-30 01:36:58, Time spent from previous logger: 151.842 s[0m
[34;1mCustomLogger with fileds: ['total_steps', 'EpRet', 'EpCost', 'CostRate'][0m
[34;1mfieldvalues: [960000, 0.8, 5.2, 0.021926064506317195]
[0m
arrive destination: True ,out of road:False   Total T: 960285 Episode Num: 3027 Episode T: 347 Reward: 334.777 Cost: 10.000
arrive destination: True ,out of road:False   Total T: 960532 Episode Num: 3028 Episode T: 247 Reward: 335.810 Cost: 1.000
arrive destination: True ,out of road:False   Total T: 960909 Episode Num: 3029 Episode T: 377 Reward: 380.233 Cost: 13.000
arrive destination: True ,out of road:False   Total T: 961233 Episode Num: 3030 Episode T: 324 Reward: 314.665 Cost: 12.000
arrive destination: True ,out of road:False   Total T: 961599 Episode Num: 3031 Episode T: 366 Reward: 412.657 Cost: 11.000
arrive destination: True ,out of road:False   Total T: 961962 Episode Num: 3032 Episode T: 363 Reward: 381.589 Cost: 11.000
arrive destination: True ,out of road:False   Total T: 962209 Episode Num: 3033 Episode T: 247 Reward: 271.756 Cost: 1.000
arrive destination: True ,out of road:False   Total T: 962484 Episode Num: 3034 Episode T: 275 Reward: 269.566 Cost: 4.000
arrive destination: True ,out of road:False   Total T: 962685 Episode Num: 3035 Episode T: 201 Reward: 232.536 Cost: 0.000
arrive destination: True ,out of road:False   Total T: 963010 Episode Num: 3036 Episode T: 325 Reward: 380.748 Cost: 11.000
arrive destination: False ,out of road:True   Total T: 963121 Episode Num: 3037 Episode T: 111 Reward: 105.373 Cost: 1.000
arrive destination: True ,out of road:False   Total T: 963318 Episode Num: 3038 Episode T: 197 Reward: 232.626 Cost: 0.000
arrive destination: False ,out of road:True   Total T: 963447 Episode Num: 3039 Episode T: 129 Reward: 138.146 Cost: 4.000
arrive destination: True ,out of road:False   Total T: 963700 Episode Num: 3040 Episode T: 253 Reward: 335.661 Cost: 5.000
arrive destination: True ,out of road:False   Total T: 963915 Episode Num: 3041 Episode T: 215 Reward: 283.507 Cost: 0.000
arrive destination: False ,out of road:True   Total T: 964147 Episode Num: 3042 Episode T: 232 Reward: 291.979 Cost: 4.000
arrive destination: True ,out of road:False   Total T: 964393 Episode Num: 3043 Episode T: 246 Reward: 270.918 Cost: 0.000
arrive destination: True ,out of road:False   Total T: 964629 Episode Num: 3044 Episode T: 236 Reward: 268.259 Cost: 0.000
arrive destination: True ,out of road:False   Total T: 964810 Episode Num: 3045 Episode T: 181 Reward: 269.879 Cost: 0.000
arrive destination: False ,out of road:True   Total T: 964958 Episode Num: 3046 Episode T: 148 Reward: 164.298 Cost: 1.000
arrive destination: True ,out of road:False   Total T: 965335 Episode Num: 3047 Episode T: 377 Reward: 400.395 Cost: 6.000
arrive destination: True ,out of road:False   Total T: 965576 Episode Num: 3048 Episode T: 241 Reward: 334.895 Cost: 1.000
arrive destination: True ,out of road:False   Total T: 966006 Episode Num: 3049 Episode T: 430 Reward: 499.010 Cost: 21.000
arrive destination: True ,out of road:False   Total T: 966246 Episode Num: 3050 Episode T: 240 Reward: 259.717 Cost: 0.000
arrive destination: False ,out of road:True   Total T: 966546 Episode Num: 3051 Episode T: 300 Reward: 365.583 Cost: 12.000
arrive destination: True ,out of road:False   Total T: 966885 Episode Num: 3052 Episode T: 339 Reward: 382.706 Cost: 0.000
arrive destination: False ,out of road:True   Total T: 967120 Episode Num: 3053 Episode T: 235 Reward: 266.363 Cost: 12.000
arrive destination: True ,out of road:False   Total T: 967400 Episode Num: 3054 Episode T: 280 Reward: 269.718 Cost: 2.000
arrive destination: True ,out of road:False   Total T: 967759 Episode Num: 3055 Episode T: 359 Reward: 393.342 Cost: 0.000
arrive destination: True ,out of road:False   Total T: 967999 Episode Num: 3056 Episode T: 240 Reward: 269.826 Cost: 0.000
arrive destination: True ,out of road:False   Total T: 968215 Episode Num: 3057 Episode T: 216 Reward: 295.776 Cost: 0.000
arrive destination: True ,out of road:False   Total T: 968432 Episode Num: 3058 Episode T: 217 Reward: 287.786 Cost: 0.000
arrive destination: True ,out of road:False   Total T: 968677 Episode Num: 3059 Episode T: 245 Reward: 261.497 Cost: 0.000
arrive destination: False ,out of road:True   Total T: 968745 Episode Num: 3060 Episode T: 68 Reward: 37.089 Cost: 1.000
arrive destination: False ,out of road:True   Total T: 968878 Episode Num: 3061 Episode T: 133 Reward: 141.074 Cost: 1.000
arrive destination: True ,out of road:False   Total T: 969239 Episode Num: 3062 Episode T: 361 Reward: 369.501 Cost: 0.000
arrive destination: True ,out of road:False   Total T: 969609 Episode Num: 3063 Episode T: 370 Reward: 373.748 Cost: 0.000
arrive destination: True ,out of road:False   Total T: 969848 Episode Num: 3064 Episode T: 239 Reward: 267.929 Cost: 0.000
---------------------------------------
Evaluation over 20 episodes: 0.650 Cost 3.800.             SafeRL used : use_lag
---------------------------------------
[34;1m
Time: 2026-06-30 01:39:25, Time spent from previous logger: 147.216 s[0m
[34;1mCustomLogger with fileds: ['total_steps', 'EpRet', 'EpCost', 'CostRate'][0m
[34;1mfieldvalues: [970000, 0.65, 3.8, 0.021849507061347487]
[0m
arrive destination: False ,out of road:True   Total T: 970108 Episode Num: 3065 Episode T: 260 Reward: 250.488 Cost: 2.000
arrive destination: True ,out of road:False   Total T: 970321 Episode Num: 3066 Episode T: 213 Reward: 284.092 Cost: 0.000
arrive destination: True ,out of road:False   Total T: 970722 Episode Num: 3067 Episode T: 401 Reward: 496.890 Cost: 16.000
arrive destination: True ,out of road:False   Total T: 970902 Episode Num: 3068 Episode T: 180 Reward: 269.168 Cost: 0.000
arrive destination: True ,out of road:False   Total T: 971286 Episode Num: 3069 Episode T: 384 Reward: 474.989 Cost: 1.000
arrive destination: True ,out of road:False   Total T: 971524 Episode Num: 3070 Episode T: 238 Reward: 334.989 Cost: 0.000
arrive destination: True ,out of road:False   Total T: 971743 Episode Num: 3071 Episode T: 219 Reward: 295.852 Cost: 0.000
arrive destination: True ,out of road:False   Total T: 972074 Episode Num: 3072 Episode T: 331 Reward: 366.054 Cost: 0.000
arrive destination: True ,out of road:False   Total T: 972291 Episode Num: 3073 Episode T: 217 Reward: 234.231 Cost: 0.000
arrive destination: True ,out of road:False   Total T: 972546 Episode Num: 3074 Episode T: 255 Reward: 258.959 Cost: 0.000
arrive destination: True ,out of road:False   Total T: 972854 Episode Num: 3075 Episode T: 308 Reward: 365.113 Cost: 3.000
arrive destination: False ,out of road:True   Total T: 973089 Episode Num: 3076 Episode T: 235 Reward: 221.157 Cost: 4.000
arrive destination: True ,out of road:False   Total T: 973480 Episode Num: 3077 Episode T: 391 Reward: 471.440 Cost: 4.000
arrive destination: True ,out of road:False   Total T: 973953 Episode Num: 3078 Episode T: 473 Reward: 457.295 Cost: 3.000
arrive destination: True ,out of road:False   Total T: 974350 Episode Num: 3079 Episode T: 397 Reward: 472.722 Cost: 2.000
arrive destination: True ,out of road:False   Total T: 974604 Episode Num: 3080 Episode T: 254 Reward: 336.222 Cost: 1.000
arrive destination: True ,out of road:False   Total T: 974956 Episode Num: 3081 Episode T: 352 Reward: 370.905 Cost: 0.000
arrive destination: True ,out of road:False   Total T: 975226 Episode Num: 3082 Episode T: 270 Reward: 294.150 Cost: 8.000
arrive destination: True ,out of road:False   Total T: 975556 Episode Num: 3083 Episode T: 330 Reward: 387.188 Cost: 0.000
arrive destination: True ,out of road:False   Total T: 975948 Episode Num: 3084 Episode T: 392 Reward: 460.168 Cost: 1.000
arrive destination: True ,out of road:False   Total T: 976316 Episode Num: 3085 Episode T: 368 Reward: 335.982 Cost: 9.000
arrive destination: False ,out of road:True   Total T: 976580 Episode Num: 3086 Episode T: 264 Reward: 342.090 Cost: 11.000
arrive destination: True ,out of road:False   Total T: 976843 Episode Num: 3087 Episode T: 263 Reward: 301.382 Cost: 0.000
arrive destination: True ,out of road:False   Total T: 977144 Episode Num: 3088 Episode T: 301 Reward: 370.927 Cost: 0.000
arrive destination: False ,out of road:True   Total T: 977283 Episode Num: 3089 Episode T: 139 Reward: 147.120 Cost: 1.000
arrive destination: True ,out of road:False   Total T: 977521 Episode Num: 3090 Episode T: 238 Reward: 261.346 Cost: 0.000
arrive destination: True ,out of road:False   Total T: 977917 Episode Num: 3091 Episode T: 396 Reward: 412.898 Cost: 3.000
arrive destination: True ,out of road:False   Total T: 978247 Episode Num: 3092 Episode T: 330 Reward: 386.657 Cost: 0.000
arrive destination: True ,out of road:False   Total T: 978451 Episode Num: 3093 Episode T: 204 Reward: 233.097 Cost: 1.000
arrive destination: False ,out of road:False   Total T: 979451 Episode Num: 3094 Episode T: 1000 Reward: 279.971 Cost: 1.000
arrive destination: True ,out of road:False   Total T: 979773 Episode Num: 3095 Episode T: 322 Reward: 397.211 Cost: 5.000
---------------------------------------
Evaluation over 20 episodes: 0.650 Cost 4.350.             SafeRL used : use_lag
---------------------------------------
[34;1m
Time: 2026-06-30 01:41:53, Time spent from previous logger: 148.014 s[0m
[34;1mCustomLogger with fileds: ['total_steps', 'EpRet', 'EpCost', 'CostRate'][0m
[34;1mfieldvalues: [980000, 0.65, 4.35, 0.021704103779697736]
[0m
arrive destination: True ,out of road:False   Total T: 980314 Episode Num: 3096 Episode T: 541 Reward: 620.887 Cost: 4.000
arrive destination: True ,out of road:False   Total T: 980780 Episode Num: 3097 Episode T: 466 Reward: 457.452 Cost: 7.000
arrive destination: True ,out of road:False   Total T: 981046 Episode Num: 3098 Episode T: 266 Reward: 335.745 Cost: 1.000
arrive destination: False ,out of road:True   Total T: 981284 Episode Num: 3099 Episode T: 238 Reward: 295.023 Cost: 2.000
arrive destination: True ,out of road:False   Total T: 981738 Episode Num: 3100 Episode T: 454 Reward: 457.239 Cost: 3.000
arrive destination: True ,out of road:False   Total T: 982011 Episode Num: 3101 Episode T: 273 Reward: 272.972 Cost: 0.000
arrive destination: False ,out of road:True   Total T: 982354 Episode Num: 3102 Episode T: 343 Reward: 351.924 Cost: 12.000
arrive destination: True ,out of road:False   Total T: 982788 Episode Num: 3103 Episode T: 434 Reward: 421.783 Cost: 9.000
arrive destination: True ,out of road:False   Total T: 983092 Episode Num: 3104 Episode T: 304 Reward: 335.883 Cost: 3.000
arrive destination: True ,out of road:False   Total T: 983395 Episode Num: 3105 Episode T: 303 Reward: 370.433 Cost: 0.000
arrive destination: True ,out of road:False   Total T: 983655 Episode Num: 3106 Episode T: 260 Reward: 267.559 Cost: 0.000
arrive destination: True ,out of road:False   Total T: 983939 Episode Num: 3107 Episode T: 284 Reward: 335.803 Cost: 5.000
arrive destination: True ,out of road:False   Total T: 984174 Episode Num: 3108 Episode T: 235 Reward: 260.485 Cost: 0.000
arrive destination: True ,out of road:False   Total T: 984548 Episode Num: 3109 Episode T: 374 Reward: 304.985 Cost: 11.000
arrive destination: True ,out of road:False   Total T: 984944 Episode Num: 3110 Episode T: 396 Reward: 380.580 Cost: 22.000
arrive destination: True ,out of road:False   Total T: 985285 Episode Num: 3111 Episode T: 341 Reward: 301.103 Cost: 7.000
arrive destination: True ,out of road:False   Total T: 985735 Episode Num: 3112 Episode T: 450 Reward: 414.943 Cost: 14.000
arrive destination: False ,out of road:True   Total T: 986102 Episode Num: 3113 Episode T: 367 Reward: 353.170 Cost: 10.000
arrive destination: True ,out of road:False   Total T: 986370 Episode Num: 3114 Episode T: 268 Reward: 264.169 Cost: 0.000
arrive destination: True ,out of road:False   Total T: 986579 Episode Num: 3115 Episode T: 209 Reward: 295.910 Cost: 4.000
arrive destination: True ,out of road:False   Total T: 986965 Episode Num: 3116 Episode T: 386 Reward: 367.118 Cost: 0.000
arrive destination: True ,out of road:False   Total T: 987253 Episode Num: 3117 Episode T: 288 Reward: 367.068 Cost: 0.000
arrive destination: True ,out of road:False   Total T: 987572 Episode Num: 3118 Episode T: 319 Reward: 335.227 Cost: 6.000
arrive destination: True ,out of road:False   Total T: 987838 Episode Num: 3119 Episode T: 266 Reward: 266.342 Cost: 0.000
arrive destination: False ,out of road:False   Total T: 988838 Episode Num: 3120 Episode T: 1000 Reward: 117.916 Cost: 6.000
arrive destination: False ,out of road:True   Total T: 989069 Episode Num: 3121 Episode T: 231 Reward: 228.940 Cost: 5.000
arrive destination: True ,out of road:False   Total T: 989420 Episode Num: 3122 Episode T: 351 Reward: 371.236 Cost: 1.000
arrive destination: True ,out of road:False   Total T: 989761 Episode Num: 3123 Episode T: 341 Reward: 367.956 Cost: 2.000
---------------------------------------
Evaluation over 20 episodes: 0.850 Cost 6.300.             SafeRL used : use_lag
---------------------------------------
[34;1m
Time: 2026-06-30 01:44:24, Time spent from previous logger: 150.137 s[0m
[34;1mCustomLogger with fileds: ['total_steps', 'EpRet', 'EpCost', 'CostRate'][0m
[34;1mfieldvalues: [990000, 0.85, 6.3, 0.021620223858811977]
[0m
arrive destination: False ,out of road:True   Total T: 990097 Episode Num: 3124 Episode T: 336 Reward: 317.531 Cost: 4.000
arrive destination: True ,out of road:False   Total T: 990334 Episode Num: 3125 Episode T: 237 Reward: 263.116 Cost: 0.000
arrive destination: True ,out of road:False   Total T: 990521 Episode Num: 3126 Episode T: 187 Reward: 269.731 Cost: 0.000
arrive destination: False ,out of road:True   Total T: 990762 Episode Num: 3127 Episode T: 241 Reward: 234.746 Cost: 1.000
arrive destination: False ,out of road:True   Total T: 990912 Episode Num: 3128 Episode T: 150 Reward: 126.890 Cost: 1.000
arrive destination: True ,out of road:False   Total T: 991123 Episode Num: 3129 Episode T: 211 Reward: 295.157 Cost: 0.000
arrive destination: True ,out of road:False   Total T: 991426 Episode Num: 3130 Episode T: 303 Reward: 379.008 Cost: 4.000
arrive destination: False ,out of road:True   Total T: 991772 Episode Num: 3131 Episode T: 346 Reward: 377.568 Cost: 2.000
arrive destination: True ,out of road:False   Total T: 991970 Episode Num: 3132 Episode T: 198 Reward: 233.522 Cost: 0.000
arrive destination: True ,out of road:False   Total T: 992471 Episode Num: 3133 Episode T: 501 Reward: 498.865 Cost: 11.000
arrive destination: True ,out of road:False   Total T: 992676 Episode Num: 3134 Episode T: 205 Reward: 286.414 Cost: 0.000
arrive destination: True ,out of road:False   Total T: 993018 Episode Num: 3135 Episode T: 342 Reward: 415.777 Cost: 21.000
arrive destination: True ,out of road:False   Total T: 993227 Episode Num: 3136 Episode T: 209 Reward: 286.387 Cost: 0.000
arrive destination: True ,out of road:False   Total T: 993635 Episode Num: 3137 Episode T: 408 Reward: 458.749 Cost: 1.000
arrive destination: True ,out of road:False   Total T: 993871 Episode Num: 3138 Episode T: 236 Reward: 271.972 Cost: 0.000
arrive destination: True ,out of road:False   Total T: 994224 Episode Num: 3139 Episode T: 353 Reward: 415.130 Cost: 12.000
arrive destination: False ,out of road:True   Total T: 994513 Episode Num: 3140 Episode T: 289 Reward: 306.173 Cost: 17.000
arrive destination: True ,out of road:False   Total T: 994822 Episode Num: 3141 Episode T: 309 Reward: 370.511 Cost: 0.000
arrive destination: False ,out of road:True   Total T: 994923 Episode Num: 3142 Episode T: 101 Reward: 88.855 Cost: 2.000
arrive destination: False ,out of road:True   Total T: 995019 Episode Num: 3143 Episode T: 96 Reward: 82.457 Cost: 2.000
arrive destination: True ,out of road:False   Total T: 995345 Episode Num: 3144 Episode T: 326 Reward: 304.126 Cost: 6.000
arrive destination: True ,out of road:False   Total T: 995721 Episode Num: 3145 Episode T: 376 Reward: 495.295 Cost: 13.000
arrive destination: False ,out of road:True   Total T: 996008 Episode Num: 3146 Episode T: 287 Reward: 256.278 Cost: 12.000
arrive destination: False ,out of road:True   Total T: 996345 Episode Num: 3147 Episode T: 337 Reward: 358.593 Cost: 17.000
arrive destination: True ,out of road:False   Total T: 996638 Episode Num: 3148 Episode T: 293 Reward: 398.554 Cost: 8.000
arrive destination: True ,out of road:False   Total T: 997036 Episode Num: 3149 Episode T: 398 Reward: 502.383 Cost: 14.000
arrive destination: True ,out of road:False   Total T: 997241 Episode Num: 3150 Episode T: 205 Reward: 232.657 Cost: 0.000
arrive destination: True ,out of road:False   Total T: 997577 Episode Num: 3151 Episode T: 336 Reward: 416.617 Cost: 11.000
arrive destination: True ,out of road:False   Total T: 997822 Episode Num: 3152 Episode T: 245 Reward: 269.492 Cost: 0.000
arrive destination: True ,out of road:False   Total T: 998025 Episode Num: 3153 Episode T: 203 Reward: 234.014 Cost: 1.000
arrive destination: True ,out of road:False   Total T: 998288 Episode Num: 3154 Episode T: 263 Reward: 300.784 Cost: 0.000
arrive destination: True ,out of road:False   Total T: 998549 Episode Num: 3155 Episode T: 261 Reward: 270.078 Cost: 3.000
arrive destination: True ,out of road:False   Total T: 998896 Episode Num: 3156 Episode T: 347 Reward: 383.957 Cost: 0.000
arrive destination: True ,out of road:False   Total T: 999086 Episode Num: 3157 Episode T: 190 Reward: 232.748 Cost: 1.000
arrive destination: False ,out of road:True   Total T: 999182 Episode Num: 3158 Episode T: 96 Reward: 84.110 Cost: 2.000
arrive destination: True ,out of road:False   Total T: 999478 Episode Num: 3159 Episode T: 296 Reward: 294.692 Cost: 15.000
arrive destination: True ,out of road:False   Total T: 999717 Episode Num: 3160 Episode T: 239 Reward: 260.779 Cost: 0.000
arrive destination: True ,out of road:False   Total T: 999957 Episode Num: 3161 Episode T: 240 Reward: 266.809 Cost: 0.000
---------------------------------------
Evaluation over 20 episodes: 0.750 Cost 6.800.             SafeRL used : use_lag
---------------------------------------
[34;1m
Time: 2026-06-30 01:46:52, Time spent from previous logger: 148.305 s[0m
[34;1mCustomLogger with fileds: ['total_steps', 'EpRet', 'EpCost', 'CostRate'][0m
[34;1mfieldvalues: [1000000, 0.75, 6.8, 0.021585021585021586]
[0m
