Running NociCIM train-shield QPSL: tag=nocicim_qpsl_trainshield_micro_guard_1m_20260701 seed=3 steps=1000000 profile=micro_guard
Successfully registered the following environments: ['MetaDrive-validation-v0', 'MetaDrive-10env-v0', 'MetaDrive-100envs-v0', 'MetaDrive-1000envs-v0', 'SafeMetaDrive-validation-v0', 'SafeMetaDrive-10env-v0', 'SafeMetaDrive-100envs-v0', 'SafeMetaDrive-1000envs-v0', 'MARLTollgate-v0', 'MARLBottleneck-v0', 'MARLRoundabout-v0', 'MARLIntersection-v0', 'MARLParkingLot-v0', 'MARLMetaDrive-v0'].
arrive destination: False ,out of road:False   Total T: 1000 Episode Num: 1 Episode T: 1000 Reward: 12.024 Cost: 0.000 ShieldInt: 2 ShieldDist: 0.238
arrive destination: False ,out of road:True   Total T: 1490 Episode Num: 2 Episode T: 490 Reward: -1.153 Cost: 1.000 ShieldInt: 1 ShieldDist: 0.149
arrive destination: False ,out of road:False   Total T: 2490 Episode Num: 3 Episode T: 1000 Reward: 9.552 Cost: 0.000 ShieldInt: 1 ShieldDist: 0.103
arrive destination: False ,out of road:False   Total T: 3490 Episode Num: 4 Episode T: 1000 Reward: 13.653 Cost: 0.000 ShieldInt: 2 ShieldDist: 0.258
arrive destination: False ,out of road:False   Total T: 4490 Episode Num: 5 Episode T: 1000 Reward: 10.353 Cost: 0.000 ShieldInt: 1 ShieldDist: 0.114
arrive destination: False ,out of road:False   Total T: 5490 Episode Num: 6 Episode T: 1000 Reward: 12.164 Cost: 0.000 ShieldInt: 1 ShieldDist: 0.143
arrive destination: False ,out of road:False   Total T: 6490 Episode Num: 7 Episode T: 1000 Reward: 10.262 Cost: 0.000 ShieldInt: 0 ShieldDist: 0.000
arrive destination: False ,out of road:False   Total T: 7490 Episode Num: 8 Episode T: 1000 Reward: 12.246 Cost: 0.000 ShieldInt: 0 ShieldDist: 0.000
arrive destination: False ,out of road:False   Total T: 8490 Episode Num: 9 Episode T: 1000 Reward: 12.253 Cost: 0.000 ShieldInt: 2 ShieldDist: 0.236
arrive destination: False ,out of road:False   Total T: 9490 Episode Num: 10 Episode T: 1000 Reward: 9.892 Cost: 0.000 ShieldInt: 1 ShieldDist: 0.104
---------------------------------------
Evaluation over 20 episodes: 0.000 Cost 0.000.             SafeRL used : use_qpsl
---------------------------------------
[34;1m
Time: 2026-07-01 23:43:24, Time spent from previous logger: 154.651 s[0m
[34;1mCustomLogger with fileds: ['total_steps', 'EpRet', 'EpCost', 'CostRate', 'MeanPain', 'TriggerRate', 'MeanRisk', 'MeanLongitudinalDelta', 'SteeringLimitRate'][0m
[34;1mfieldvalues: [10000, 0.0, 0.0, 0.00010001000100010001, 0.0, 0.0, 0.0, 0.0, 0.0]
[0m
arrive destination: False ,out of road:True   Total T: 10103 Episode Num: 11 Episode T: 613 Reward: 2.308 Cost: 1.000 ShieldInt: 2 ShieldDist: 0.278
arrive destination: False ,out of road:True   Total T: 10129 Episode Num: 12 Episode T: 26 Reward: -3.581 Cost: 1.000 ShieldInt: 13 ShieldDist: 1.858
arrive destination: False ,out of road:True   Total T: 10156 Episode Num: 13 Episode T: 27 Reward: -3.452 Cost: 1.000 ShieldInt: 16 ShieldDist: 2.303
arrive destination: False ,out of road:True   Total T: 10182 Episode Num: 14 Episode T: 26 Reward: -3.596 Cost: 1.000 ShieldInt: 13 ShieldDist: 1.875
arrive destination: False ,out of road:True   Total T: 10209 Episode Num: 15 Episode T: 27 Reward: -3.485 Cost: 1.000 ShieldInt: 19 ShieldDist: 2.662
arrive destination: False ,out of road:True   Total T: 10224 Episode Num: 16 Episode T: 15 Reward: -5.390 Cost: 1.000 ShieldInt: 6 ShieldDist: 0.893
arrive destination: False ,out of road:True   Total T: 10255 Episode Num: 17 Episode T: 31 Reward: -0.525 Cost: 1.000 ShieldInt: 7 ShieldDist: 0.988
arrive destination: False ,out of road:True   Total T: 10270 Episode Num: 18 Episode T: 15 Reward: -5.454 Cost: 1.000 ShieldInt: 6 ShieldDist: 0.738
arrive destination: False ,out of road:True   Total T: 10297 Episode Num: 19 Episode T: 27 Reward: -3.502 Cost: 1.000 ShieldInt: 14 ShieldDist: 2.016
arrive destination: False ,out of road:True   Total T: 10324 Episode Num: 20 Episode T: 27 Reward: -3.470 Cost: 1.000 ShieldInt: 13 ShieldDist: 1.877
arrive destination: False ,out of road:True   Total T: 10367 Episode Num: 21 Episode T: 43 Reward: -3.326 Cost: 1.000 ShieldInt: 1 ShieldDist: 0.110
arrive destination: False ,out of road:True   Total T: 10402 Episode Num: 22 Episode T: 35 Reward: 3.034 Cost: 1.000 ShieldInt: 0 ShieldDist: 0.000
arrive destination: False ,out of road:True   Total T: 10429 Episode Num: 23 Episode T: 27 Reward: -3.316 Cost: 1.000 ShieldInt: 2 ShieldDist: 0.255
arrive destination: False ,out of road:True   Total T: 10457 Episode Num: 24 Episode T: 28 Reward: -2.840 Cost: 1.000 ShieldInt: 2 ShieldDist: 0.250
arrive destination: False ,out of road:True   Total T: 10474 Episode Num: 25 Episode T: 17 Reward: -4.959 Cost: 1.000 ShieldInt: 0 ShieldDist: 0.000
arrive destination: False ,out of road:True   Total T: 10501 Episode Num: 26 Episode T: 27 Reward: -3.111 Cost: 1.000 ShieldInt: 1 ShieldDist: 0.150
arrive destination: False ,out of road:True   Total T: 10537 Episode Num: 27 Episode T: 36 Reward: -3.510 Cost: 1.000 ShieldInt: 0 ShieldDist: 0.000
arrive destination: False ,out of road:True   Total T: 10588 Episode Num: 28 Episode T: 51 Reward: -2.406 Cost: 1.000 ShieldInt: 0 ShieldDist: 0.000
arrive destination: False ,out of road:True   Total T: 10652 Episode Num: 29 Episode T: 64 Reward: 8.355 Cost: 1.000 ShieldInt: 0 ShieldDist: 0.000
arrive destination: False ,out of road:True   Total T: 10673 Episode Num: 30 Episode T: 21 Reward: -4.054 Cost: 1.000 ShieldInt: 0 ShieldDist: 0.000
arrive destination: False ,out of road:True   Total T: 10700 Episode Num: 31 Episode T: 27 Reward: -1.543 Cost: 1.000 ShieldInt: 0 ShieldDist: 0.000
arrive destination: False ,out of road:True   Total T: 10729 Episode Num: 32 Episode T: 29 Reward: -0.084 Cost: 1.000 ShieldInt: 0 ShieldDist: 0.000
arrive destination: False ,out of road:True   Total T: 10751 Episode Num: 33 Episode T: 22 Reward: -3.328 Cost: 1.000 ShieldInt: 0 ShieldDist: 0.000
arrive destination: False ,out of road:True   Total T: 10783 Episode Num: 34 Episode T: 32 Reward: 0.210 Cost: 1.000 ShieldInt: 0 ShieldDist: 0.000
arrive destination: False ,out of road:True   Total T: 10856 Episode Num: 35 Episode T: 73 Reward: 7.283 Cost: 1.000 ShieldInt: 0 ShieldDist: 0.000
arrive destination: False ,out of road:True   Total T: 10904 Episode Num: 36 Episode T: 48 Reward: 7.908 Cost: 1.000 ShieldInt: 0 ShieldDist: 0.000
arrive destination: False ,out of road:True   Total T: 10947 Episode Num: 37 Episode T: 43 Reward: 7.795 Cost: 1.000 ShieldInt: 0 ShieldDist: 0.000
arrive destination: False ,out of road:True   Total T: 10965 Episode Num: 38 Episode T: 18 Reward: -4.597 Cost: 1.000 ShieldInt: 0 ShieldDist: 0.000
arrive destination: False ,out of road:True   Total T: 10992 Episode Num: 39 Episode T: 27 Reward: -2.090 Cost: 1.000 ShieldInt: 0 ShieldDist: 0.000
arrive destination: False ,out of road:True   Total T: 11021 Episode Num: 40 Episode T: 29 Reward: -0.473 Cost: 1.000 ShieldInt: 0 ShieldDist: 0.000
arrive destination: False ,out of road:True   Total T: 11057 Episode Num: 41 Episode T: 36 Reward: 4.326 Cost: 1.000 ShieldInt: 0 ShieldDist: 0.000
arrive destination: False ,out of road:True   Total T: 11101 Episode Num: 42 Episode T: 44 Reward: 10.550 Cost: 1.000 ShieldInt: 0 ShieldDist: 0.000
arrive destination: False ,out of road:True   Total T: 11130 Episode Num: 43 Episode T: 29 Reward: -1.246 Cost: 1.000 ShieldInt: 0 ShieldDist: 0.000
arrive destination: False ,out of road:True   Total T: 11157 Episode Num: 44 Episode T: 27 Reward: -3.444 Cost: 1.000 ShieldInt: 9 ShieldDist: 1.246
arrive destination: False ,out of road:True   Total T: 11183 Episode Num: 45 Episode T: 26 Reward: -3.038 Cost: 1.000 ShieldInt: 3 ShieldDist: 0.450
arrive destination: False ,out of road:True   Total T: 11226 Episode Num: 46 Episode T: 43 Reward: 9.113 Cost: 1.000 ShieldInt: 0 ShieldDist: 0.000
arrive destination: False ,out of road:True   Total T: 11252 Episode Num: 47 Episode T: 26 Reward: -1.816 Cost: 1.000 ShieldInt: 0 ShieldDist: 0.000
arrive destination: False ,out of road:True   Total T: 11301 Episode Num: 48 Episode T: 49 Reward: 7.352 Cost: 1.000 ShieldInt: 0 ShieldDist: 0.000
arrive destination: False ,out of road:True   Total T: 11352 Episode Num: 49 Episode T: 51 Reward: 8.772 Cost: 1.000 ShieldInt: 0 ShieldDist: 0.000
arrive destination: False ,out of road:True   Total T: 11407 Episode Num: 50 Episode T: 55 Reward: 8.755 Cost: 1.000 ShieldInt: 0 ShieldDist: 0.000
arrive destination: False ,out of road:True   Total T: 11493 Episode Num: 51 Episode T: 86 Reward: 24.365 Cost: 1.000 ShieldInt: 0 ShieldDist: 0.000
arrive destination: False ,out of road:True   Total T: 11564 Episode Num: 52 Episode T: 71 Reward: 14.933 Cost: 1.000 ShieldInt: 0 ShieldDist: 0.000
arrive destination: False ,out of road:True   Total T: 11807 Episode Num: 53 Episode T: 243 Reward: 71.728 Cost: 1.000 ShieldInt: 0 ShieldDist: 0.000
arrive destination: False ,out of road:True   Total T: 11967 Episode Num: 54 Episode T: 160 Reward: 50.966 Cost: 1.000 ShieldInt: 0 ShieldDist: 0.000
arrive destination: False ,out of road:True   Total T: 12050 Episode Num: 55 Episode T: 83 Reward: 26.278 Cost: 1.000 ShieldInt: 0 ShieldDist: 0.000
arrive destination: False ,out of road:True   Total T: 12253 Episode Num: 56 Episode T: 203 Reward: 84.976 Cost: 1.000 ShieldInt: 1 ShieldDist: 0.150
arrive destination: False ,out of road:True   Total T: 12318 Episode Num: 57 Episode T: 65 Reward: 23.985 Cost: 1.000 ShieldInt: 0 ShieldDist: 0.000
arrive destination: False ,out of road:True   Total T: 12754 Episode Num: 58 Episode T: 436 Reward: 248.502 Cost: 1.000 ShieldInt: 0 ShieldDist: 0.000
arrive destination: False ,out of road:True   Total T: 12803 Episode Num: 59 Episode T: 49 Reward: 15.259 Cost: 1.000 ShieldInt: 0 ShieldDist: 0.000
arrive destination: False ,out of road:True   Total T: 12966 Episode Num: 60 Episode T: 163 Reward: 68.443 Cost: 1.000 ShieldInt: 0 ShieldDist: 0.000
arrive destination: False ,out of road:True   Total T: 13272 Episode Num: 61 Episode T: 306 Reward: 185.863 Cost: 1.000 ShieldInt: 0 ShieldDist: 0.000
arrive destination: False ,out of road:True   Total T: 13404 Episode Num: 62 Episode T: 132 Reward: 51.710 Cost: 1.000 ShieldInt: 0 ShieldDist: 0.000
arrive destination: False ,out of road:True   Total T: 13449 Episode Num: 63 Episode T: 45 Reward: 11.280 Cost: 1.000 ShieldInt: 0 ShieldDist: 0.000
arrive destination: False ,out of road:True   Total T: 13484 Episode Num: 64 Episode T: 35 Reward: 2.171 Cost: 1.000 ShieldInt: 0 ShieldDist: 0.000
arrive destination: False ,out of road:True   Total T: 13672 Episode Num: 65 Episode T: 188 Reward: 104.728 Cost: 1.000 ShieldInt: 0 ShieldDist: 0.000
arrive destination: False ,out of road:True   Total T: 13938 Episode Num: 66 Episode T: 266 Reward: 190.812 Cost: 1.000 ShieldInt: 0 ShieldDist: 0.000
arrive destination: False ,out of road:True   Total T: 13990 Episode Num: 67 Episode T: 52 Reward: 2.913 Cost: 1.000 ShieldInt: 2 ShieldDist: 0.300
arrive destination: False ,out of road:True   Total T: 14060 Episode Num: 68 Episode T: 70 Reward: 34.567 Cost: 1.000 ShieldInt: 0 ShieldDist: 0.000
arrive destination: False ,out of road:True   Total T: 14630 Episode Num: 69 Episode T: 570 Reward: 150.221 Cost: 13.000 ShieldInt: 216 ShieldDist: 421.667
arrive destination: False ,out of road:True   Total T: 14832 Episode Num: 70 Episode T: 202 Reward: 122.561 Cost: 10.000 ShieldInt: 1 ShieldDist: 0.150
arrive destination: False ,out of road:False   Total T: 15832 Episode Num: 71 Episode T: 1000 Reward: 242.309 Cost: 10.000 ShieldInt: 488 ShieldDist: 940.184
arrive destination: False ,out of road:True   Total T: 15958 Episode Num: 72 Episode T: 126 Reward: 70.450 Cost: 1.000 ShieldInt: 0 ShieldDist: 0.000
arrive destination: True ,out of road:False   Total T: 16696 Episode Num: 73 Episode T: 738 Reward: 416.291 Cost: 23.000 ShieldInt: 35 ShieldDist: 64.723
arrive destination: False ,out of road:True   Total T: 16920 Episode Num: 74 Episode T: 224 Reward: 199.496 Cost: 7.000 ShieldInt: 7 ShieldDist: 6.431
arrive destination: False ,out of road:False   Total T: 17920 Episode Num: 75 Episode T: 1000 Reward: 251.306 Cost: 23.000 ShieldInt: 40 ShieldDist: 75.000
arrive destination: True ,out of road:False   Total T: 18121 Episode Num: 76 Episode T: 201 Reward: 269.272 Cost: 1.000 ShieldInt: 0 ShieldDist: 0.000
arrive destination: False ,out of road:True   Total T: 18217 Episode Num: 77 Episode T: 96 Reward: 72.565 Cost: 1.000 ShieldInt: 0 ShieldDist: 0.000
arrive destination: False ,out of road:True   Total T: 18302 Episode Num: 78 Episode T: 85 Reward: 63.434 Cost: 1.000 ShieldInt: 0 ShieldDist: 0.000
arrive destination: True ,out of road:False   Total T: 18724 Episode Num: 79 Episode T: 422 Reward: 335.820 Cost: 33.000 ShieldInt: 4 ShieldDist: 4.407
arrive destination: True ,out of road:False   Total T: 19026 Episode Num: 80 Episode T: 302 Reward: 272.744 Cost: 16.000 ShieldInt: 4 ShieldDist: 2.275
arrive destination: False ,out of road:True   Total T: 19468 Episode Num: 81 Episode T: 442 Reward: 259.909 Cost: 43.000 ShieldInt: 29 ShieldDist: 54.664
arrive destination: True ,out of road:False   Total T: 19788 Episode Num: 82 Episode T: 320 Reward: 282.725 Cost: 3.000 ShieldInt: 0 ShieldDist: 0.000
---------------------------------------
Evaluation over 20 episodes: 0.200 Cost 6.200.             SafeRL used : use_qpsl
---------------------------------------
[34;1m
Time: 2026-07-01 23:48:05, Time spent from previous logger: 281.076 s[0m
[34;1mCustomLogger with fileds: ['total_steps', 'EpRet', 'EpCost', 'CostRate', 'MeanPain', 'TriggerRate', 'MeanRisk', 'MeanLongitudinalDelta', 'SteeringLimitRate'][0m
[34;1mfieldvalues: [20000, 0.2, 6.2, 0.012350617530876544, 0.0, 0.0, 0.0, 0.0, 0.0]
[0m
arrive destination: True ,out of road:False   Total T: 20274 Episode Num: 83 Episode T: 486 Reward: 506.443 Cost: 12.000 ShieldInt: 2 ShieldDist: 1.481
arrive destination: True ,out of road:False   Total T: 20465 Episode Num: 84 Episode T: 191 Reward: 270.079 Cost: 0.000 ShieldInt: 0 ShieldDist: 0.000
arrive destination: True ,out of road:False   Total T: 20682 Episode Num: 85 Episode T: 217 Reward: 269.539 Cost: 1.000 ShieldInt: 0 ShieldDist: 0.000
arrive destination: False ,out of road:True   Total T: 20751 Episode Num: 86 Episode T: 69 Reward: 29.895 Cost: 1.000 ShieldInt: 1 ShieldDist: 0.110
arrive destination: True ,out of road:False   Total T: 21006 Episode Num: 87 Episode T: 255 Reward: 234.476 Cost: 5.000 ShieldInt: 6 ShieldDist: 7.562
arrive destination: False ,out of road:True   Total T: 21120 Episode Num: 88 Episode T: 114 Reward: 83.727 Cost: 1.000 ShieldInt: 0 ShieldDist: 0.000
arrive destination: False ,out of road:True   Total T: 21237 Episode Num: 89 Episode T: 117 Reward: 74.631 Cost: 1.000 ShieldInt: 0 ShieldDist: 0.000
arrive destination: False ,out of road:True   Total T: 21473 Episode Num: 90 Episode T: 236 Reward: 211.743 Cost: 1.000 ShieldInt: 0 ShieldDist: 0.000
arrive destination: False ,out of road:True   Total T: 21574 Episode Num: 91 Episode T: 101 Reward: 88.223 Cost: 1.000 ShieldInt: 0 ShieldDist: 0.000
arrive destination: False ,out of road:True   Total T: 21680 Episode Num: 92 Episode T: 106 Reward: 68.688 Cost: 9.000 ShieldInt: 4 ShieldDist: 4.200
arrive destination: True ,out of road:False   Total T: 21873 Episode Num: 93 Episode T: 193 Reward: 269.382 Cost: 0.000 ShieldInt: 0 ShieldDist: 0.000
arrive destination: False ,out of road:True   Total T: 22144 Episode Num: 94 Episode T: 271 Reward: 227.070 Cost: 14.000 ShieldInt: 4 ShieldDist: 0.539
arrive destination: True ,out of road:False   Total T: 22590 Episode Num: 95 Episode T: 446 Reward: 376.074 Cost: 19.000 ShieldInt: 39 ShieldDist: 61.458
arrive destination: False ,out of road:True   Total T: 22878 Episode Num: 96 Episode T: 288 Reward: 241.673 Cost: 16.000 ShieldInt: 2 ShieldDist: 0.240
arrive destination: True ,out of road:False   Total T: 23132 Episode Num: 97 Episode T: 254 Reward: 274.067 Cost: 4.000 ShieldInt: 2 ShieldDist: 1.916
arrive destination: False ,out of road:True   Total T: 23272 Episode Num: 98 Episode T: 140 Reward: 155.556 Cost: 3.000 ShieldInt: 2 ShieldDist: 0.300
arrive destination: False ,out of road:True   Total T: 23404 Episode Num: 99 Episode T: 132 Reward: 133.681 Cost: 1.000 ShieldInt: 0 ShieldDist: 0.000
arrive destination: False ,out of road:True   Total T: 23582 Episode Num: 100 Episode T: 178 Reward: 160.553 Cost: 7.000 ShieldInt: 4 ShieldDist: 0.585
arrive destination: False ,out of road:True   Total T: 23766 Episode Num: 101 Episode T: 184 Reward: 160.407 Cost: 1.000 ShieldInt: 0 ShieldDist: 0.000
arrive destination: False ,out of road:True   Total T: 24200 Episode Num: 102 Episode T: 434 Reward: 301.296 Cost: 6.000 ShieldInt: 5 ShieldDist: 0.722
arrive destination: False ,out of road:True   Total T: 24417 Episode Num: 103 Episode T: 217 Reward: 202.438 Cost: 1.000 ShieldInt: 5 ShieldDist: 0.705
arrive destination: True ,out of road:False   Total T: 24753 Episode Num: 104 Episode T: 336 Reward: 272.428 Cost: 16.000 ShieldInt: 5 ShieldDist: 0.750
arrive destination: False ,out of road:False   Total T: 25753 Episode Num: 105 Episode T: 1000 Reward: 354.741 Cost: 49.000 ShieldInt: 39 ShieldDist: 34.839
arrive destination: True ,out of road:False   Total T: 26045 Episode Num: 106 Episode T: 292 Reward: 294.748 Cost: 3.000 ShieldInt: 4 ShieldDist: 0.779
arrive destination: True ,out of road:False   Total T: 26452 Episode Num: 107 Episode T: 407 Reward: 406.149 Cost: 10.000 ShieldInt: 21 ShieldDist: 23.934
arrive destination: True ,out of road:False   Total T: 26789 Episode Num: 108 Episode T: 337 Reward: 271.724 Cost: 34.000 ShieldInt: 5 ShieldDist: 0.750
arrive destination: False ,out of road:True   Total T: 27166 Episode Num: 109 Episode T: 377 Reward: 362.702 Cost: 1.000 ShieldInt: 1 ShieldDist: 0.150
arrive destination: True ,out of road:False   Total T: 27452 Episode Num: 110 Episode T: 286 Reward: 265.484 Cost: 1.000 ShieldInt: 2 ShieldDist: 0.270
arrive destination: True ,out of road:False   Total T: 28004 Episode Num: 111 Episode T: 552 Reward: 462.847 Cost: 6.000 ShieldInt: 8 ShieldDist: 1.166
arrive destination: True ,out of road:False   Total T: 28481 Episode Num: 112 Episode T: 477 Reward: 373.246 Cost: 46.000 ShieldInt: 25 ShieldDist: 30.552
arrive destination: True ,out of road:False   Total T: 28803 Episode Num: 113 Episode T: 322 Reward: 272.719 Cost: 12.000 ShieldInt: 11 ShieldDist: 13.784
arrive destination: False ,out of road:False   Total T: 29803 Episode Num: 114 Episode T: 1000 Reward: 69.807 Cost: 30.000 ShieldInt: 113 ShieldDist: 64.152
---------------------------------------
Evaluation over 20 episodes: 0.300 Cost 12.550.             SafeRL used : use_qpsl
---------------------------------------
[34;1m
Time: 2026-07-01 23:53:53, Time spent from previous logger: 347.646 s[0m
[34;1mCustomLogger with fileds: ['total_steps', 'EpRet', 'EpCost', 'CostRate', 'MeanPain', 'TriggerRate', 'MeanRisk', 'MeanLongitudinalDelta', 'SteeringLimitRate'][0m
[34;1mfieldvalues: [30000, 0.3, 12.55, 0.018733957798593288, 0.0, 0.0, 0.0, 0.0, 0.0]
[0m
arrive destination: True ,out of road:False   Total T: 30539 Episode Num: 115 Episode T: 736 Reward: 675.573 Cost: 55.000 ShieldInt: 12 ShieldDist: 7.529
arrive destination: False ,out of road:True   Total T: 31158 Episode Num: 116 Episode T: 619 Reward: 338.736 Cost: 59.000 ShieldInt: 52 ShieldDist: 17.275
arrive destination: True ,out of road:False   Total T: 31656 Episode Num: 117 Episode T: 498 Reward: 376.824 Cost: 28.000 ShieldInt: 15 ShieldDist: 4.165
arrive destination: False ,out of road:False   Total T: 32656 Episode Num: 118 Episode T: 1000 Reward: 342.642 Cost: 17.000 ShieldInt: 0 ShieldDist: 0.000
arrive destination: True ,out of road:False   Total T: 32909 Episode Num: 119 Episode T: 253 Reward: 235.773 Cost: 6.000 ShieldInt: 0 ShieldDist: 0.000
arrive destination: True ,out of road:False   Total T: 33166 Episode Num: 120 Episode T: 257 Reward: 295.567 Cost: 19.000 ShieldInt: 3 ShieldDist: 2.638
arrive destination: False ,out of road:True   Total T: 33522 Episode Num: 121 Episode T: 356 Reward: 359.942 Cost: 1.000 ShieldInt: 2 ShieldDist: 0.260
arrive destination: True ,out of road:False   Total T: 33956 Episode Num: 122 Episode T: 434 Reward: 267.320 Cost: 28.000 ShieldInt: 9 ShieldDist: 4.756
arrive destination: False ,out of road:True   Total T: 34482 Episode Num: 123 Episode T: 526 Reward: 59.537 Cost: 10.000 ShieldInt: 433 ShieldDist: 848.769
arrive destination: True ,out of road:False   Total T: 34713 Episode Num: 124 Episode T: 231 Reward: 270.128 Cost: 0.000 ShieldInt: 0 ShieldDist: 0.000
arrive destination: False ,out of road:True   Total T: 35127 Episode Num: 125 Episode T: 414 Reward: 359.539 Cost: 6.000 ShieldInt: 8 ShieldDist: 0.815
arrive destination: False ,out of road:True   Total T: 35227 Episode Num: 126 Episode T: 100 Reward: 82.569 Cost: 2.000 ShieldInt: 0 ShieldDist: 0.000
arrive destination: False ,out of road:True   Total T: 35386 Episode Num: 127 Episode T: 159 Reward: 129.209 Cost: 7.000 ShieldInt: 0 ShieldDist: 0.000
arrive destination: False ,out of road:True   Total T: 35575 Episode Num: 128 Episode T: 189 Reward: 186.380 Cost: 8.000 ShieldInt: 0 ShieldDist: 0.000
arrive destination: False ,out of road:True   Total T: 35893 Episode Num: 129 Episode T: 318 Reward: 257.226 Cost: 9.000 ShieldInt: 19 ShieldDist: 2.525
arrive destination: True ,out of road:False   Total T: 36198 Episode Num: 130 Episode T: 305 Reward: 280.573 Cost: 7.000 ShieldInt: 1 ShieldDist: 1.711
arrive destination: True ,out of road:False   Total T: 36389 Episode Num: 131 Episode T: 191 Reward: 270.168 Cost: 0.000 ShieldInt: 0 ShieldDist: 0.000
arrive destination: False ,out of road:True   Total T: 36602 Episode Num: 132 Episode T: 213 Reward: 218.033 Cost: 8.000 ShieldInt: 4 ShieldDist: 4.468
arrive destination: False ,out of road:True   Total T: 36695 Episode Num: 133 Episode T: 93 Reward: 80.787 Cost: 1.000 ShieldInt: 0 ShieldDist: 0.000
arrive destination: False ,out of road:True   Total T: 36806 Episode Num: 134 Episode T: 111 Reward: 85.103 Cost: 3.000 ShieldInt: 0 ShieldDist: 0.000
arrive destination: False ,out of road:True   Total T: 37096 Episode Num: 135 Episode T: 290 Reward: 186.752 Cost: 20.000 ShieldInt: 5 ShieldDist: 3.839
arrive destination: True ,out of road:False   Total T: 37378 Episode Num: 136 Episode T: 282 Reward: 271.473 Cost: 7.000 ShieldInt: 1 ShieldDist: 1.541
arrive destination: True ,out of road:False   Total T: 37681 Episode Num: 137 Episode T: 303 Reward: 268.921 Cost: 0.000 ShieldInt: 2 ShieldDist: 0.263
arrive destination: True ,out of road:False   Total T: 38017 Episode Num: 138 Episode T: 336 Reward: 288.938 Cost: 17.000 ShieldInt: 7 ShieldDist: 11.054
arrive destination: False ,out of road:True   Total T: 38257 Episode Num: 139 Episode T: 240 Reward: 198.597 Cost: 9.000 ShieldInt: 2 ShieldDist: 0.300
arrive destination: True ,out of road:False   Total T: 38505 Episode Num: 140 Episode T: 248 Reward: 245.884 Cost: 13.000 ShieldInt: 22 ShieldDist: 32.805
arrive destination: False ,out of road:True   Total T: 38641 Episode Num: 141 Episode T: 136 Reward: 144.808 Cost: 5.000 ShieldInt: 0 ShieldDist: 0.000
arrive destination: False ,out of road:True   Total T: 38738 Episode Num: 142 Episode T: 97 Reward: 77.818 Cost: 3.000 ShieldInt: 0 ShieldDist: 0.000
arrive destination: False ,out of road:True   Total T: 39068 Episode Num: 143 Episode T: 330 Reward: 220.416 Cost: 17.000 ShieldInt: 9 ShieldDist: 1.268
arrive destination: False ,out of road:True   Total T: 39191 Episode Num: 144 Episode T: 123 Reward: 130.580 Cost: 2.000 ShieldInt: 0 ShieldDist: 0.000
arrive destination: False ,out of road:True   Total T: 39290 Episode Num: 145 Episode T: 99 Reward: 79.362 Cost: 3.000 ShieldInt: 1 ShieldDist: 0.150
arrive destination: True ,out of road:False   Total T: 39768 Episode Num: 146 Episode T: 478 Reward: 336.231 Cost: 24.000 ShieldInt: 12 ShieldDist: 14.484
---------------------------------------
Evaluation over 20 episodes: 0.450 Cost 17.550.             SafeRL used : use_qpsl
---------------------------------------
[34;1m
Time: 2026-07-01 23:59:20, Time spent from previous logger: 326.688 s[0m
[34;1mCustomLogger with fileds: ['total_steps', 'EpRet', 'EpCost', 'CostRate', 'MeanPain', 'TriggerRate', 'MeanRisk', 'MeanLongitudinalDelta', 'SteeringLimitRate'][0m
[34;1mfieldvalues: [40000, 0.45, 17.55, 0.023900597514937873, 0.0, 0.0, 0.0, 0.0, 0.0]
[0m
arrive destination: True ,out of road:False   Total T: 40450 Episode Num: 147 Episode T: 682 Reward: 506.415 Cost: 20.000 ShieldInt: 23 ShieldDist: 11.815
arrive destination: True ,out of road:False   Total T: 40742 Episode Num: 148 Episode T: 292 Reward: 295.141 Cost: 13.000 ShieldInt: 19 ShieldDist: 29.507
arrive destination: True ,out of road:False   Total T: 41076 Episode Num: 149 Episode T: 334 Reward: 288.845 Cost: 1.000 ShieldInt: 1 ShieldDist: 0.150
arrive destination: False ,out of road:True   Total T: 41252 Episode Num: 150 Episode T: 176 Reward: 148.612 Cost: 6.000 ShieldInt: 2 ShieldDist: 0.300
arrive destination: True ,out of road:False   Total T: 41706 Episode Num: 151 Episode T: 454 Reward: 375.928 Cost: 7.000 ShieldInt: 12 ShieldDist: 1.668
arrive destination: True ,out of road:False   Total T: 42190 Episode Num: 152 Episode T: 484 Reward: 382.697 Cost: 23.000 ShieldInt: 6 ShieldDist: 7.801
arrive destination: True ,out of road:False   Total T: 42639 Episode Num: 153 Episode T: 449 Reward: 366.171 Cost: 26.000 ShieldInt: 32 ShieldDist: 51.606
arrive destination: True ,out of road:False   Total T: 43024 Episode Num: 154 Episode T: 385 Reward: 289.722 Cost: 5.000 ShieldInt: 0 ShieldDist: 0.000
arrive destination: False ,out of road:True   Total T: 43258 Episode Num: 155 Episode T: 234 Reward: 229.516 Cost: 1.000 ShieldInt: 1 ShieldDist: 0.150
arrive destination: True ,out of road:False   Total T: 43739 Episode Num: 156 Episode T: 481 Reward: 380.915 Cost: 24.000 ShieldInt: 38 ShieldDist: 60.581
arrive destination: True ,out of road:False   Total T: 44099 Episode Num: 157 Episode T: 360 Reward: 287.736 Cost: 18.000 ShieldInt: 13 ShieldDist: 20.431
arrive destination: False ,out of road:True   Total T: 44234 Episode Num: 158 Episode T: 135 Reward: 134.726 Cost: 7.000 ShieldInt: 0 ShieldDist: 0.000
arrive destination: True ,out of road:False   Total T: 44612 Episode Num: 159 Episode T: 378 Reward: 267.723 Cost: 13.000 ShieldInt: 2 ShieldDist: 1.468
arrive destination: False ,out of road:True   Total T: 44746 Episode Num: 160 Episode T: 134 Reward: 136.102 Cost: 7.000 ShieldInt: 0 ShieldDist: 0.000
arrive destination: False ,out of road:True   Total T: 45042 Episode Num: 161 Episode T: 296 Reward: 248.495 Cost: 9.000 ShieldInt: 8 ShieldDist: 6.565
arrive destination: False ,out of road:True   Total T: 45728 Episode Num: 162 Episode T: 686 Reward: 316.763 Cost: 34.000 ShieldInt: 13 ShieldDist: 1.877
arrive destination: False ,out of road:True   Total T: 46072 Episode Num: 163 Episode T: 344 Reward: 357.326 Cost: 1.000 ShieldInt: 1 ShieldDist: 0.150
arrive destination: True ,out of road:False   Total T: 46269 Episode Num: 164 Episode T: 197 Reward: 269.683 Cost: 0.000 ShieldInt: 1 ShieldDist: 0.150
arrive destination: True ,out of road:False   Total T: 46728 Episode Num: 165 Episode T: 459 Reward: 401.821 Cost: 0.000 ShieldInt: 0 ShieldDist: 0.000
arrive destination: False ,out of road:True   Total T: 46820 Episode Num: 166 Episode T: 92 Reward: 77.959 Cost: 2.000 ShieldInt: 0 ShieldDist: 0.000
arrive destination: False ,out of road:True   Total T: 47039 Episode Num: 167 Episode T: 219 Reward: 208.145 Cost: 1.000 ShieldInt: 3 ShieldDist: 0.436
arrive destination: False ,out of road:True   Total T: 47389 Episode Num: 168 Episode T: 350 Reward: 194.329 Cost: 26.000 ShieldInt: 18 ShieldDist: 4.273
arrive destination: False ,out of road:False   Total T: 48389 Episode Num: 169 Episode T: 1000 Reward: 115.588 Cost: 11.000 ShieldInt: 29 ShieldDist: 23.955
arrive destination: False ,out of road:False   Total T: 49389 Episode Num: 170 Episode T: 1000 Reward: 132.027 Cost: 19.000 ShieldInt: 16 ShieldDist: 28.389
arrive destination: True ,out of road:False   Total T: 49800 Episode Num: 171 Episode T: 411 Reward: 235.332 Cost: 13.000 ShieldInt: 4 ShieldDist: 7.498
---------------------------------------
Evaluation over 20 episodes: 0.200 Cost 10.500.             SafeRL used : use_qpsl
---------------------------------------
[34;1m
Time: 2026-07-02 00:04:56, Time spent from previous logger: 336.428 s[0m
[34;1mCustomLogger with fileds: ['total_steps', 'EpRet', 'EpCost', 'CostRate', 'MeanPain', 'TriggerRate', 'MeanRisk', 'MeanLongitudinalDelta', 'SteeringLimitRate'][0m
[34;1mfieldvalues: [50000, 0.2, 10.5, 0.0248204964099282, 0.0, 0.0, 0.0, 0.0, 0.0]
[0m
arrive destination: True ,out of road:False   Total T: 50289 Episode Num: 172 Episode T: 489 Reward: 445.379 Cost: 14.000 ShieldInt: 3 ShieldDist: 1.473
arrive destination: True ,out of road:False   Total T: 50542 Episode Num: 173 Episode T: 253 Reward: 295.986 Cost: 5.000 ShieldInt: 1 ShieldDist: 0.118
arrive destination: False ,out of road:True   Total T: 50785 Episode Num: 174 Episode T: 243 Reward: 228.477 Cost: 1.000 ShieldInt: 1 ShieldDist: 0.150
arrive destination: True ,out of road:False   Total T: 51477 Episode Num: 175 Episode T: 692 Reward: 493.308 Cost: 21.000 ShieldInt: 45 ShieldDist: 22.892
arrive destination: True ,out of road:False   Total T: 51655 Episode Num: 176 Episode T: 178 Reward: 269.634 Cost: 4.000 ShieldInt: 1 ShieldDist: 0.284
arrive destination: True ,out of road:False   Total T: 52026 Episode Num: 177 Episode T: 371 Reward: 401.161 Cost: 0.000 ShieldInt: 1 ShieldDist: 0.150
arrive destination: False ,out of road:False   Total T: 53026 Episode Num: 178 Episode T: 1000 Reward: 249.259 Cost: 17.000 ShieldInt: 6 ShieldDist: 5.461
arrive destination: True ,out of road:False   Total T: 53643 Episode Num: 179 Episode T: 617 Reward: 515.240 Cost: 43.000 ShieldInt: 41 ShieldDist: 36.657
arrive destination: False ,out of road:False   Total T: 54643 Episode Num: 180 Episode T: 1000 Reward: 368.610 Cost: 16.000 ShieldInt: 5 ShieldDist: 0.696
arrive destination: False ,out of road:True   Total T: 54779 Episode Num: 181 Episode T: 136 Reward: 111.186 Cost: 8.000 ShieldInt: 7 ShieldDist: 0.951
arrive destination: False ,out of road:True   Total T: 55116 Episode Num: 182 Episode T: 337 Reward: 199.318 Cost: 41.000 ShieldInt: 33 ShieldDist: 18.141
arrive destination: True ,out of road:False   Total T: 55365 Episode Num: 183 Episode T: 249 Reward: 233.943 Cost: 13.000 ShieldInt: 14 ShieldDist: 17.775
arrive destination: True ,out of road:False   Total T: 55644 Episode Num: 184 Episode T: 279 Reward: 272.747 Cost: 7.000 ShieldInt: 2 ShieldDist: 0.300
arrive destination: True ,out of road:False   Total T: 56186 Episode Num: 185 Episode T: 542 Reward: 371.185 Cost: 10.000 ShieldInt: 0 ShieldDist: 0.000
arrive destination: True ,out of road:False   Total T: 56383 Episode Num: 186 Episode T: 197 Reward: 268.810 Cost: 0.000 ShieldInt: 0 ShieldDist: 0.000
arrive destination: True ,out of road:False   Total T: 56631 Episode Num: 187 Episode T: 248 Reward: 235.137 Cost: 7.000 ShieldInt: 0 ShieldDist: 0.000
arrive destination: False ,out of road:False   Total T: 57631 Episode Num: 188 Episode T: 1000 Reward: 400.766 Cost: 62.000 ShieldInt: 209 ShieldDist: 48.735
arrive destination: False ,out of road:True   Total T: 57780 Episode Num: 189 Episode T: 149 Reward: 165.289 Cost: 6.000 ShieldInt: 1 ShieldDist: 0.150
arrive destination: False ,out of road:True   Total T: 57922 Episode Num: 190 Episode T: 142 Reward: 114.707 Cost: 1.000 ShieldInt: 1 ShieldDist: 0.104
arrive destination: False ,out of road:True   Total T: 58219 Episode Num: 191 Episode T: 297 Reward: 215.011 Cost: 6.000 ShieldInt: 26 ShieldDist: 16.397
arrive destination: True ,out of road:False   Total T: 58410 Episode Num: 192 Episode T: 191 Reward: 269.739 Cost: 4.000 ShieldInt: 2 ShieldDist: 0.979
arrive destination: False ,out of road:False   Total T: 59410 Episode Num: 193 Episode T: 1000 Reward: 71.872 Cost: 56.000 ShieldInt: 92 ShieldDist: 7.254
---------------------------------------
Evaluation over 20 episodes: 0.400 Cost 17.850.             SafeRL used : use_qpsl
---------------------------------------
[34;1m
Time: 2026-07-02 00:10:22, Time spent from previous logger: 326.105 s[0m
[34;1mCustomLogger with fileds: ['total_steps', 'EpRet', 'EpCost', 'CostRate', 'MeanPain', 'TriggerRate', 'MeanRisk', 'MeanLongitudinalDelta', 'SteeringLimitRate'][0m
[34;1mfieldvalues: [60000, 0.4, 17.85, 0.026483774729578826, 0.0, 0.0, 0.0, 0.0, 0.0]
[0m
arrive destination: False ,out of road:True   Total T: 60097 Episode Num: 194 Episode T: 687 Reward: 148.765 Cost: 14.000 ShieldInt: 1 ShieldDist: 0.898
arrive destination: False ,out of road:True   Total T: 60341 Episode Num: 195 Episode T: 244 Reward: 227.879 Cost: 1.000 ShieldInt: 0 ShieldDist: 0.000
arrive destination: True ,out of road:False   Total T: 60600 Episode Num: 196 Episode T: 259 Reward: 296.006 Cost: 6.000 ShieldInt: 1 ShieldDist: 0.150
arrive destination: False ,out of road:True   Total T: 60709 Episode Num: 197 Episode T: 109 Reward: 79.131 Cost: 2.000 ShieldInt: 0 ShieldDist: 0.000
arrive destination: False ,out of road:True   Total T: 60968 Episode Num: 198 Episode T: 259 Reward: 262.052 Cost: 16.000 ShieldInt: 13 ShieldDist: 19.571
arrive destination: True ,out of road:False   Total T: 61218 Episode Num: 199 Episode T: 250 Reward: 235.125 Cost: 16.000 ShieldInt: 3 ShieldDist: 3.720
arrive destination: True ,out of road:False   Total T: 61544 Episode Num: 200 Episode T: 326 Reward: 235.602 Cost: 6.000 ShieldInt: 1 ShieldDist: 0.145
arrive destination: True ,out of road:False   Total T: 62047 Episode Num: 201 Episode T: 503 Reward: 473.813 Cost: 21.000 ShieldInt: 20 ShieldDist: 22.672
arrive destination: False ,out of road:True   Total T: 62160 Episode Num: 202 Episode T: 113 Reward: 85.937 Cost: 2.000 ShieldInt: 1 ShieldDist: 0.150
arrive destination: False ,out of road:True   Total T: 62269 Episode Num: 203 Episode T: 109 Reward: 88.309 Cost: 1.000 ShieldInt: 0 ShieldDist: 0.000
arrive destination: False ,out of road:True   Total T: 62370 Episode Num: 204 Episode T: 101 Reward: 82.564 Cost: 2.000 ShieldInt: 0 ShieldDist: 0.000
arrive destination: True ,out of road:False   Total T: 62804 Episode Num: 205 Episode T: 434 Reward: 398.615 Cost: 33.000 ShieldInt: 15 ShieldDist: 20.295
arrive destination: False ,out of road:False   Total T: 63804 Episode Num: 206 Episode T: 1000 Reward: 70.861 Cost: 19.000 ShieldInt: 71 ShieldDist: 64.725
arrive destination: False ,out of road:True   Total T: 63974 Episode Num: 207 Episode T: 170 Reward: 135.336 Cost: 3.000 ShieldInt: 3 ShieldDist: 4.014
arrive destination: True ,out of road:False   Total T: 64160 Episode Num: 208 Episode T: 186 Reward: 269.161 Cost: 0.000 ShieldInt: 0 ShieldDist: 0.000
arrive destination: True ,out of road:False   Total T: 64610 Episode Num: 209 Episode T: 450 Reward: 381.203 Cost: 9.000 ShieldInt: 29 ShieldDist: 53.196
arrive destination: False ,out of road:True   Total T: 64856 Episode Num: 210 Episode T: 246 Reward: 139.389 Cost: 8.000 ShieldInt: 1 ShieldDist: 0.150
arrive destination: True ,out of road:False   Total T: 65109 Episode Num: 211 Episode T: 253 Reward: 275.290 Cost: 0.000 ShieldInt: 0 ShieldDist: 0.000
arrive destination: True ,out of road:False   Total T: 65618 Episode Num: 212 Episode T: 509 Reward: 397.953 Cost: 26.000 ShieldInt: 11 ShieldDist: 15.933
arrive destination: False ,out of road:True   Total T: 65708 Episode Num: 213 Episode T: 90 Reward: 67.528 Cost: 1.000 ShieldInt: 1 ShieldDist: 0.142
arrive destination: False ,out of road:True   Total T: 65830 Episode Num: 214 Episode T: 122 Reward: 85.776 Cost: 2.000 ShieldInt: 2 ShieldDist: 0.256
arrive destination: False ,out of road:True   Total T: 65962 Episode Num: 215 Episode T: 132 Reward: 134.190 Cost: 1.000 ShieldInt: 0 ShieldDist: 0.000
arrive destination: True ,out of road:False   Total T: 66910 Episode Num: 216 Episode T: 948 Reward: 464.346 Cost: 24.000 ShieldInt: 7 ShieldDist: 6.592
arrive destination: False ,out of road:False   Total T: 67910 Episode Num: 217 Episode T: 1000 Reward: 452.812 Cost: 24.000 ShieldInt: 41 ShieldDist: 67.149
arrive destination: False ,out of road:True   Total T: 68123 Episode Num: 218 Episode T: 213 Reward: 217.822 Cost: 11.000 ShieldInt: 0 ShieldDist: 0.000
arrive destination: True ,out of road:False   Total T: 68496 Episode Num: 219 Episode T: 373 Reward: 277.492 Cost: 20.000 ShieldInt: 6 ShieldDist: 0.867
arrive destination: False ,out of road:True   Total T: 68803 Episode Num: 220 Episode T: 307 Reward: 201.996 Cost: 5.000 ShieldInt: 3 ShieldDist: 1.506
arrive destination: True ,out of road:False   Total T: 69238 Episode Num: 221 Episode T: 435 Reward: 401.052 Cost: 0.000 ShieldInt: 0 ShieldDist: 0.000
arrive destination: True ,out of road:False   Total T: 69963 Episode Num: 222 Episode T: 725 Reward: 296.369 Cost: 2.000 ShieldInt: 4 ShieldDist: 0.551
---------------------------------------
Evaluation over 20 episodes: 0.400 Cost 12.750.             SafeRL used : use_qpsl
---------------------------------------
[34;1m
Time: 2026-07-02 00:15:36, Time spent from previous logger: 313.915 s[0m
[34;1mCustomLogger with fileds: ['total_steps', 'EpRet', 'EpCost', 'CostRate', 'MeanPain', 'TriggerRate', 'MeanRisk', 'MeanLongitudinalDelta', 'SteeringLimitRate'][0m
[34;1mfieldvalues: [70000, 0.4, 12.75, 0.026486092658466548, 0.0, 0.0, 0.0, 0.0, 0.0]
[0m
arrive destination: False ,out of road:False   Total T: 70963 Episode Num: 223 Episode T: 1000 Reward: 412.299 Cost: 15.000 ShieldInt: 24 ShieldDist: 19.924
arrive destination: True ,out of road:False   Total T: 71444 Episode Num: 224 Episode T: 481 Reward: 277.190 Cost: 34.000 ShieldInt: 46 ShieldDist: 40.835
arrive destination: True ,out of road:False   Total T: 71656 Episode Num: 225 Episode T: 212 Reward: 270.089 Cost: 0.000 ShieldInt: 1 ShieldDist: 0.150
arrive destination: False ,out of road:True   Total T: 71917 Episode Num: 226 Episode T: 261 Reward: 227.756 Cost: 8.000 ShieldInt: 3 ShieldDist: 1.701
arrive destination: True ,out of road:False   Total T: 72375 Episode Num: 227 Episode T: 458 Reward: 379.892 Cost: 10.000 ShieldInt: 17 ShieldDist: 28.028
arrive destination: False ,out of road:True   Total T: 72555 Episode Num: 228 Episode T: 180 Reward: 152.749 Cost: 7.000 ShieldInt: 2 ShieldDist: 0.288
arrive destination: False ,out of road:True   Total T: 72786 Episode Num: 229 Episode T: 231 Reward: 141.617 Cost: 20.000 ShieldInt: 9 ShieldDist: 9.031
arrive destination: False ,out of road:True   Total T: 72885 Episode Num: 230 Episode T: 99 Reward: 89.496 Cost: 3.000 ShieldInt: 1 ShieldDist: 0.321
arrive destination: False ,out of road:True   Total T: 72982 Episode Num: 231 Episode T: 97 Reward: 79.582 Cost: 3.000 ShieldInt: 0 ShieldDist: 0.000
arrive destination: False ,out of road:True   Total T: 73088 Episode Num: 232 Episode T: 106 Reward: 78.836 Cost: 1.000 ShieldInt: 0 ShieldDist: 0.000
arrive destination: False ,out of road:True   Total T: 73178 Episode Num: 233 Episode T: 90 Reward: 67.974 Cost: 1.000 ShieldInt: 0 ShieldDist: 0.000
arrive destination: False ,out of road:True   Total T: 73630 Episode Num: 234 Episode T: 452 Reward: 225.854 Cost: 49.000 ShieldInt: 36 ShieldDist: 29.371
arrive destination: False ,out of road:True   Total T: 73764 Episode Num: 235 Episode T: 134 Reward: 130.330 Cost: 1.000 ShieldInt: 0 ShieldDist: 0.000
arrive destination: True ,out of road:False   Total T: 74254 Episode Num: 236 Episode T: 490 Reward: 376.178 Cost: 15.000 ShieldInt: 13 ShieldDist: 14.412
arrive destination: True ,out of road:False   Total T: 74532 Episode Num: 237 Episode T: 278 Reward: 233.363 Cost: 4.000 ShieldInt: 2 ShieldDist: 0.287
arrive destination: False ,out of road:True   Total T: 74681 Episode Num: 238 Episode T: 149 Reward: 167.125 Cost: 2.000 ShieldInt: 0 ShieldDist: 0.000
arrive destination: True ,out of road:False   Total T: 75282 Episode Num: 239 Episode T: 601 Reward: 411.895 Cost: 20.000 ShieldInt: 20 ShieldDist: 13.468
arrive destination: True ,out of road:False   Total T: 75575 Episode Num: 240 Episode T: 293 Reward: 296.073 Cost: 9.000 ShieldInt: 2 ShieldDist: 2.642
arrive destination: True ,out of road:False   Total T: 76057 Episode Num: 241 Episode T: 482 Reward: 468.852 Cost: 11.000 ShieldInt: 0 ShieldDist: 0.000
arrive destination: True ,out of road:False   Total T: 76332 Episode Num: 242 Episode T: 275 Reward: 296.111 Cost: 11.000 ShieldInt: 13 ShieldDist: 24.993
arrive destination: False ,out of road:True   Total T: 76568 Episode Num: 243 Episode T: 236 Reward: 134.062 Cost: 5.000 ShieldInt: 18 ShieldDist: 8.000
arrive destination: False ,out of road:False   Total T: 77568 Episode Num: 244 Episode T: 1000 Reward: 454.342 Cost: 30.000 ShieldInt: 24 ShieldDist: 21.051
arrive destination: True ,out of road:False   Total T: 78169 Episode Num: 245 Episode T: 601 Reward: 411.895 Cost: 63.000 ShieldInt: 54 ShieldDist: 90.360
arrive destination: False ,out of road:False   Total T: 79169 Episode Num: 246 Episode T: 1000 Reward: 322.171 Cost: 56.000 ShieldInt: 19 ShieldDist: 22.238
arrive destination: False ,out of road:True   Total T: 79390 Episode Num: 247 Episode T: 221 Reward: 182.319 Cost: 8.000 ShieldInt: 5 ShieldDist: 3.390
arrive destination: True ,out of road:False   Total T: 79884 Episode Num: 248 Episode T: 494 Reward: 379.323 Cost: 42.000 ShieldInt: 28 ShieldDist: 42.578
---------------------------------------
Evaluation over 20 episodes: 0.350 Cost 13.550.             SafeRL used : use_qpsl
---------------------------------------
[34;1m
Time: 2026-07-02 00:21:04, Time spent from previous logger: 328.118 s[0m
[34;1mCustomLogger with fileds: ['total_steps', 'EpRet', 'EpCost', 'CostRate', 'MeanPain', 'TriggerRate', 'MeanRisk', 'MeanLongitudinalDelta', 'SteeringLimitRate'][0m
[34;1mfieldvalues: [80000, 0.35, 13.55, 0.028525356566957087, 0.0, 0.0, 0.0, 0.0, 0.0]
[0m
arrive destination: False ,out of road:True   Total T: 80126 Episode Num: 249 Episode T: 242 Reward: 246.568 Cost: 1.000 ShieldInt: 0 ShieldDist: 0.000
arrive destination: False ,out of road:True   Total T: 80267 Episode Num: 250 Episode T: 141 Reward: 116.753 Cost: 7.000 ShieldInt: 7 ShieldDist: 2.841
arrive destination: False ,out of road:True   Total T: 80722 Episode Num: 251 Episode T: 455 Reward: 391.023 Cost: 36.000 ShieldInt: 7 ShieldDist: 2.667
arrive destination: False ,out of road:True   Total T: 80954 Episode Num: 252 Episode T: 232 Reward: 183.483 Cost: 2.000 ShieldInt: 2 ShieldDist: 0.300
arrive destination: True ,out of road:False   Total T: 81491 Episode Num: 253 Episode T: 537 Reward: 464.058 Cost: 19.000 ShieldInt: 2 ShieldDist: 0.923
arrive destination: True ,out of road:False   Total T: 82002 Episode Num: 254 Episode T: 511 Reward: 381.795 Cost: 24.000 ShieldInt: 4 ShieldDist: 4.800
arrive destination: True ,out of road:False   Total T: 82490 Episode Num: 255 Episode T: 488 Reward: 472.918 Cost: 18.000 ShieldInt: 3 ShieldDist: 2.031
arrive destination: False ,out of road:True   Total T: 82886 Episode Num: 256 Episode T: 396 Reward: 380.720 Cost: 14.000 ShieldInt: 6 ShieldDist: 8.497
arrive destination: True ,out of road:False   Total T: 83232 Episode Num: 257 Episode T: 346 Reward: 268.359 Cost: 21.000 ShieldInt: 10 ShieldDist: 1.485
arrive destination: False ,out of road:False   Total T: 84232 Episode Num: 258 Episode T: 1000 Reward: 68.071 Cost: 19.000 ShieldInt: 0 ShieldDist: 0.000
arrive destination: False ,out of road:True   Total T: 84714 Episode Num: 259 Episode T: 482 Reward: 438.699 Cost: 19.000 ShieldInt: 4 ShieldDist: 0.600
arrive destination: True ,out of road:False   Total T: 85145 Episode Num: 260 Episode T: 431 Reward: 401.558 Cost: 0.000 ShieldInt: 1 ShieldDist: 0.150
arrive destination: True ,out of road:False   Total T: 85563 Episode Num: 261 Episode T: 418 Reward: 382.841 Cost: 17.000 ShieldInt: 7 ShieldDist: 9.374
arrive destination: True ,out of road:False   Total T: 85975 Episode Num: 262 Episode T: 412 Reward: 271.161 Cost: 9.000 ShieldInt: 5 ShieldDist: 2.211
arrive destination: False ,out of road:True   Total T: 86487 Episode Num: 263 Episode T: 512 Reward: 438.329 Cost: 23.000 ShieldInt: 7 ShieldDist: 8.253
arrive destination: True ,out of road:False   Total T: 86908 Episode Num: 264 Episode T: 421 Reward: 290.942 Cost: 16.000 ShieldInt: 17 ShieldDist: 11.358
arrive destination: True ,out of road:False   Total T: 87462 Episode Num: 265 Episode T: 554 Reward: 471.125 Cost: 31.000 ShieldInt: 27 ShieldDist: 43.647
arrive destination: False ,out of road:True   Total T: 87586 Episode Num: 266 Episode T: 124 Reward: 134.098 Cost: 1.000 ShieldInt: 0 ShieldDist: 0.000
arrive destination: True ,out of road:False   Total T: 87836 Episode Num: 267 Episode T: 250 Reward: 295.893 Cost: 14.000 ShieldInt: 3 ShieldDist: 5.599
arrive destination: True ,out of road:False   Total T: 88300 Episode Num: 268 Episode T: 464 Reward: 469.273 Cost: 23.000 ShieldInt: 7 ShieldDist: 7.651
arrive destination: False ,out of road:True   Total T: 89027 Episode Num: 269 Episode T: 727 Reward: 77.015 Cost: 64.000 ShieldInt: 67 ShieldDist: 37.867
arrive destination: True ,out of road:False   Total T: 89557 Episode Num: 270 Episode T: 530 Reward: 378.339 Cost: 35.000 ShieldInt: 14 ShieldDist: 18.392
---------------------------------------
Evaluation over 20 episodes: 0.600 Cost 23.600.             SafeRL used : use_qpsl
---------------------------------------
[34;1m
Time: 2026-07-02 00:26:44, Time spent from previous logger: 339.403 s[0m
[34;1mCustomLogger with fileds: ['total_steps', 'EpRet', 'EpCost', 'CostRate', 'MeanPain', 'TriggerRate', 'MeanRisk', 'MeanLongitudinalDelta', 'SteeringLimitRate'][0m
[34;1mfieldvalues: [90000, 0.6, 23.6, 0.030322559139545995, 0.0, 0.0, 0.0, 0.0, 0.0]
[0m
arrive destination: True ,out of road:False   Total T: 90523 Episode Num: 271 Episode T: 966 Reward: 848.421 Cost: 51.000 ShieldInt: 15 ShieldDist: 27.566
arrive destination: True ,out of road:False   Total T: 90950 Episode Num: 272 Episode T: 427 Reward: 269.906 Cost: 6.000 ShieldInt: 19 ShieldDist: 14.514
arrive destination: False ,out of road:True   Total T: 91383 Episode Num: 273 Episode T: 433 Reward: 244.446 Cost: 35.000 ShieldInt: 8 ShieldDist: 2.997
arrive destination: False ,out of road:True   Total T: 91516 Episode Num: 274 Episode T: 133 Reward: 134.224 Cost: 1.000 ShieldInt: 0 ShieldDist: 0.000
arrive destination: True ,out of road:False   Total T: 92165 Episode Num: 275 Episode T: 649 Reward: 409.723 Cost: 26.000 ShieldInt: 33 ShieldDist: 23.142
arrive destination: True ,out of road:False   Total T: 92684 Episode Num: 276 Episode T: 519 Reward: 378.691 Cost: 25.000 ShieldInt: 12 ShieldDist: 15.630
arrive destination: True ,out of road:False   Total T: 93274 Episode Num: 277 Episode T: 590 Reward: 466.445 Cost: 33.000 ShieldInt: 25 ShieldDist: 18.009
arrive destination: True ,out of road:False   Total T: 93689 Episode Num: 278 Episode T: 415 Reward: 233.387 Cost: 16.000 ShieldInt: 29 ShieldDist: 18.783
arrive destination: True ,out of road:False   Total T: 94239 Episode Num: 279 Episode T: 550 Reward: 368.497 Cost: 31.000 ShieldInt: 17 ShieldDist: 13.008
arrive destination: False ,out of road:True   Total T: 94341 Episode Num: 280 Episode T: 102 Reward: 89.017 Cost: 3.000 ShieldInt: 0 ShieldDist: 0.000
arrive destination: True ,out of road:False   Total T: 94911 Episode Num: 281 Episode T: 570 Reward: 382.631 Cost: 22.000 ShieldInt: 7 ShieldDist: 8.414
arrive destination: True ,out of road:False   Total T: 95297 Episode Num: 282 Episode T: 386 Reward: 404.313 Cost: 5.000 ShieldInt: 2 ShieldDist: 0.300
arrive destination: True ,out of road:False   Total T: 95896 Episode Num: 283 Episode T: 599 Reward: 400.555 Cost: 42.000 ShieldInt: 80 ShieldDist: 87.900
arrive destination: False ,out of road:True   Total T: 96111 Episode Num: 284 Episode T: 215 Reward: 186.580 Cost: 11.000 ShieldInt: 7 ShieldDist: 11.627
arrive destination: True ,out of road:False   Total T: 96686 Episode Num: 285 Episode T: 575 Reward: 398.957 Cost: 20.000 ShieldInt: 12 ShieldDist: 3.384
arrive destination: False ,out of road:False   Total T: 97686 Episode Num: 286 Episode T: 1000 Reward: 75.271 Cost: 17.000 ShieldInt: 36 ShieldDist: 66.603
arrive destination: True ,out of road:False   Total T: 98298 Episode Num: 287 Episode T: 612 Reward: 469.471 Cost: 11.000 ShieldInt: 5 ShieldDist: 4.399
arrive destination: True ,out of road:False   Total T: 98763 Episode Num: 288 Episode T: 465 Reward: 398.061 Cost: 30.000 ShieldInt: 4 ShieldDist: 4.354
arrive destination: False ,out of road:True   Total T: 98969 Episode Num: 289 Episode T: 206 Reward: 31.583 Cost: 23.000 ShieldInt: 1 ShieldDist: 1.639
arrive destination: False ,out of road:True   Total T: 99129 Episode Num: 290 Episode T: 160 Reward: 208.987 Cost: 1.000 ShieldInt: 0 ShieldDist: 0.000
arrive destination: True ,out of road:False   Total T: 99588 Episode Num: 291 Episode T: 459 Reward: 376.945 Cost: 52.000 ShieldInt: 4 ShieldDist: 2.415
arrive destination: False ,out of road:True   Total T: 99871 Episode Num: 292 Episode T: 283 Reward: 239.917 Cost: 24.000 ShieldInt: 7 ShieldDist: 2.832
---------------------------------------
Evaluation over 20 episodes: 0.500 Cost 26.950.             SafeRL used : use_qpsl
---------------------------------------
[34;1m
Time: 2026-07-02 00:32:49, Time spent from previous logger: 365.667 s[0m
[34;1mCustomLogger with fileds: ['total_steps', 'EpRet', 'EpCost', 'CostRate', 'MeanPain', 'TriggerRate', 'MeanRisk', 'MeanLongitudinalDelta', 'SteeringLimitRate'][0m
[34;1mfieldvalues: [100000, 0.5, 26.95, 0.03181031810318103, 0.0, 0.0, 0.0, 0.0, 0.0]
[0m
arrive destination: True ,out of road:False   Total T: 100633 Episode Num: 293 Episode T: 762 Reward: 591.465 Cost: 18.000 ShieldInt: 28 ShieldDist: 24.575
arrive destination: True ,out of road:False   Total T: 101185 Episode Num: 294 Episode T: 552 Reward: 465.990 Cost: 24.000 ShieldInt: 27 ShieldDist: 22.588
arrive destination: True ,out of road:False   Total T: 101835 Episode Num: 295 Episode T: 650 Reward: 462.300 Cost: 27.000 ShieldInt: 5 ShieldDist: 6.281
arrive destination: False ,out of road:True   Total T: 101967 Episode Num: 296 Episode T: 132 Reward: 133.255 Cost: 1.000 ShieldInt: 0 ShieldDist: 0.000
arrive destination: True ,out of road:False   Total T: 102403 Episode Num: 297 Episode T: 436 Reward: 368.311 Cost: 40.000 ShieldInt: 15 ShieldDist: 25.645
arrive destination: True ,out of road:False   Total T: 102587 Episode Num: 298 Episode T: 184 Reward: 269.671 Cost: 1.000 ShieldInt: 0 ShieldDist: 0.000
arrive destination: False ,out of road:True   Total T: 102693 Episode Num: 299 Episode T: 106 Reward: 93.540 Cost: 6.000 ShieldInt: 1 ShieldDist: 0.146
arrive destination: True ,out of road:False   Total T: 103328 Episode Num: 300 Episode T: 635 Reward: 497.218 Cost: 29.000 ShieldInt: 27 ShieldDist: 10.824
arrive destination: True ,out of road:False   Total T: 103861 Episode Num: 301 Episode T: 533 Reward: 413.495 Cost: 21.000 ShieldInt: 13 ShieldDist: 9.073
arrive destination: True ,out of road:False   Total T: 104235 Episode Num: 302 Episode T: 374 Reward: 398.966 Cost: 6.000 ShieldInt: 8 ShieldDist: 9.748
arrive destination: True ,out of road:False   Total T: 104798 Episode Num: 303 Episode T: 563 Reward: 406.735 Cost: 44.000 ShieldInt: 62 ShieldDist: 98.043
arrive destination: True ,out of road:False   Total T: 104988 Episode Num: 304 Episode T: 190 Reward: 269.490 Cost: 0.000 ShieldInt: 1 ShieldDist: 0.150
arrive destination: True ,out of road:False   Total T: 105310 Episode Num: 305 Episode T: 322 Reward: 268.466 Cost: 18.000 ShieldInt: 39 ShieldDist: 61.451
arrive destination: True ,out of road:False   Total T: 105617 Episode Num: 306 Episode T: 307 Reward: 268.755 Cost: 22.000 ShieldInt: 22 ShieldDist: 37.022
arrive destination: True ,out of road:False   Total T: 106113 Episode Num: 307 Episode T: 496 Reward: 380.611 Cost: 9.000 ShieldInt: 27 ShieldDist: 23.252
arrive destination: True ,out of road:False   Total T: 106678 Episode Num: 308 Episode T: 565 Reward: 296.125 Cost: 21.000 ShieldInt: 42 ShieldDist: 14.949
arrive destination: True ,out of road:False   Total T: 107033 Episode Num: 309 Episode T: 355 Reward: 291.984 Cost: 8.000 ShieldInt: 17 ShieldDist: 25.440
arrive destination: True ,out of road:False   Total T: 107353 Episode Num: 310 Episode T: 320 Reward: 267.609 Cost: 8.000 ShieldInt: 4 ShieldDist: 2.410
arrive destination: True ,out of road:False   Total T: 107726 Episode Num: 311 Episode T: 373 Reward: 402.227 Cost: 0.000 ShieldInt: 0 ShieldDist: 0.000
arrive destination: True ,out of road:False   Total T: 107963 Episode Num: 312 Episode T: 237 Reward: 281.561 Cost: 6.000 ShieldInt: 2 ShieldDist: 0.271
arrive destination: True ,out of road:False   Total T: 108306 Episode Num: 313 Episode T: 343 Reward: 295.984 Cost: 35.000 ShieldInt: 9 ShieldDist: 15.293
arrive destination: True ,out of road:False   Total T: 108590 Episode Num: 314 Episode T: 284 Reward: 295.425 Cost: 2.000 ShieldInt: 1 ShieldDist: 0.150
arrive destination: True ,out of road:False   Total T: 109081 Episode Num: 315 Episode T: 491 Reward: 271.690 Cost: 0.000 ShieldInt: 2 ShieldDist: 0.300
arrive destination: True ,out of road:False   Total T: 109427 Episode Num: 316 Episode T: 346 Reward: 266.665 Cost: 25.000 ShieldInt: 20 ShieldDist: 24.325
---------------------------------------
Evaluation over 20 episodes: 0.550 Cost 21.800.             SafeRL used : use_qpsl
---------------------------------------
[34;1m
Time: 2026-07-02 00:38:35, Time spent from previous logger: 345.472 s[0m
[34;1mCustomLogger with fileds: ['total_steps', 'EpRet', 'EpCost', 'CostRate', 'MeanPain', 'TriggerRate', 'MeanRisk', 'MeanLongitudinalDelta', 'SteeringLimitRate'][0m
[34;1mfieldvalues: [110000, 0.55, 21.8, 0.032954845044045854, 0.0, 0.0, 0.0, 0.0, 0.0]
[0m
arrive destination: True ,out of road:False   Total T: 110361 Episode Num: 317 Episode T: 934 Reward: 470.724 Cost: 78.000 ShieldInt: 8 ShieldDist: 7.569
arrive destination: False ,out of road:False   Total T: 111361 Episode Num: 318 Episode T: 1000 Reward: 129.766 Cost: 30.000 ShieldInt: 794 ShieldDist: 1481.461
arrive destination: True ,out of road:False   Total T: 111672 Episode Num: 319 Episode T: 311 Reward: 291.415 Cost: 19.000 ShieldInt: 0 ShieldDist: 0.000
arrive destination: True ,out of road:False   Total T: 112275 Episode Num: 320 Episode T: 603 Reward: 381.862 Cost: 42.000 ShieldInt: 23 ShieldDist: 36.228
arrive destination: True ,out of road:False   Total T: 112633 Episode Num: 321 Episode T: 358 Reward: 399.761 Cost: 0.000 ShieldInt: 0 ShieldDist: 0.000
arrive destination: True ,out of road:False   Total T: 112997 Episode Num: 322 Episode T: 364 Reward: 265.949 Cost: 33.000 ShieldInt: 33 ShieldDist: 50.378
arrive destination: True ,out of road:False   Total T: 113361 Episode Num: 323 Episode T: 364 Reward: 264.353 Cost: 39.000 ShieldInt: 62 ShieldDist: 115.678
arrive destination: False ,out of road:False   Total T: 114361 Episode Num: 324 Episode T: 1000 Reward: 74.208 Cost: 35.000 ShieldInt: 179 ShieldDist: 336.669
arrive destination: True ,out of road:False   Total T: 114563 Episode Num: 325 Episode T: 202 Reward: 269.901 Cost: 2.000 ShieldInt: 1 ShieldDist: 1.250
arrive destination: True ,out of road:False   Total T: 114861 Episode Num: 326 Episode T: 298 Reward: 294.670 Cost: 10.000 ShieldInt: 5 ShieldDist: 4.348
arrive destination: True ,out of road:False   Total T: 115451 Episode Num: 327 Episode T: 590 Reward: 414.765 Cost: 49.000 ShieldInt: 12 ShieldDist: 3.524
arrive destination: True ,out of road:False   Total T: 115967 Episode Num: 328 Episode T: 516 Reward: 497.206 Cost: 34.000 ShieldInt: 11 ShieldDist: 9.016
arrive destination: False ,out of road:False   Total T: 116967 Episode Num: 329 Episode T: 1000 Reward: 136.730 Cost: 6.000 ShieldInt: 10 ShieldDist: 11.248
arrive destination: True ,out of road:False   Total T: 117342 Episode Num: 330 Episode T: 375 Reward: 400.408 Cost: 11.000 ShieldInt: 1 ShieldDist: 0.150
arrive destination: True ,out of road:False   Total T: 117593 Episode Num: 331 Episode T: 251 Reward: 295.483 Cost: 12.000 ShieldInt: 0 ShieldDist: 0.000
arrive destination: True ,out of road:False   Total T: 117890 Episode Num: 332 Episode T: 297 Reward: 281.782 Cost: 4.000 ShieldInt: 4 ShieldDist: 0.547
arrive destination: True ,out of road:False   Total T: 118274 Episode Num: 333 Episode T: 384 Reward: 268.660 Cost: 18.000 ShieldInt: 17 ShieldDist: 19.781
arrive destination: True ,out of road:False   Total T: 118899 Episode Num: 334 Episode T: 625 Reward: 462.097 Cost: 51.000 ShieldInt: 38 ShieldDist: 64.023
arrive destination: True ,out of road:False   Total T: 119094 Episode Num: 335 Episode T: 195 Reward: 269.166 Cost: 0.000 ShieldInt: 0 ShieldDist: 0.000
arrive destination: True ,out of road:False   Total T: 119448 Episode Num: 336 Episode T: 354 Reward: 269.657 Cost: 6.000 ShieldInt: 3 ShieldDist: 5.061
arrive destination: True ,out of road:False   Total T: 119651 Episode Num: 337 Episode T: 203 Reward: 269.314 Cost: 1.000 ShieldInt: 1 ShieldDist: 0.150
---------------------------------------
Evaluation over 20 episodes: 0.600 Cost 21.400.             SafeRL used : use_qpsl
---------------------------------------
[34;1m
Time: 2026-07-02 00:44:15, Time spent from previous logger: 339.782 s[0m
[34;1mCustomLogger with fileds: ['total_steps', 'EpRet', 'EpCost', 'CostRate', 'MeanPain', 'TriggerRate', 'MeanRisk', 'MeanLongitudinalDelta', 'SteeringLimitRate'][0m
[34;1mfieldvalues: [120000, 0.6, 21.4, 0.033708614238451985, 0.0, 0.0, 0.0, 0.0, 0.0]
[0m
arrive destination: False ,out of road:True   Total T: 120133 Episode Num: 338 Episode T: 482 Reward: 444.807 Cost: 15.000 ShieldInt: 0 ShieldDist: 0.000
arrive destination: False ,out of road:True   Total T: 120276 Episode Num: 339 Episode T: 143 Reward: 131.313 Cost: 1.000 ShieldInt: 0 ShieldDist: 0.000
arrive destination: False ,out of road:True   Total T: 120638 Episode Num: 340 Episode T: 362 Reward: 246.641 Cost: 4.000 ShieldInt: 10 ShieldDist: 6.942
arrive destination: False ,out of road:True   Total T: 120936 Episode Num: 341 Episode T: 298 Reward: 317.232 Cost: 1.000 ShieldInt: 3 ShieldDist: 5.076
arrive destination: True ,out of road:False   Total T: 121219 Episode Num: 342 Episode T: 283 Reward: 296.209 Cost: 2.000 ShieldInt: 4 ShieldDist: 0.479
arrive destination: True ,out of road:False   Total T: 121796 Episode Num: 343 Episode T: 577 Reward: 407.791 Cost: 35.000 ShieldInt: 15 ShieldDist: 16.605
arrive destination: True ,out of road:False   Total T: 122215 Episode Num: 344 Episode T: 419 Reward: 336.300 Cost: 13.000 ShieldInt: 26 ShieldDist: 40.075
arrive destination: True ,out of road:False   Total T: 122511 Episode Num: 345 Episode T: 296 Reward: 281.122 Cost: 4.000 ShieldInt: 3 ShieldDist: 0.441
arrive destination: True ,out of road:False   Total T: 123024 Episode Num: 346 Episode T: 513 Reward: 465.077 Cost: 13.000 ShieldInt: 10 ShieldDist: 6.285
arrive destination: True ,out of road:False   Total T: 123277 Episode Num: 347 Episode T: 253 Reward: 233.153 Cost: 4.000 ShieldInt: 0 ShieldDist: 0.000
arrive destination: False ,out of road:True   Total T: 123405 Episode Num: 348 Episode T: 128 Reward: 131.160 Cost: 1.000 ShieldInt: 1 ShieldDist: 0.150
arrive destination: False ,out of road:True   Total T: 123557 Episode Num: 349 Episode T: 152 Reward: 118.975 Cost: 5.000 ShieldInt: 13 ShieldDist: 1.833
arrive destination: False ,out of road:True   Total T: 123712 Episode Num: 350 Episode T: 155 Reward: 160.237 Cost: 4.000 ShieldInt: 0 ShieldDist: 0.000
arrive destination: False ,out of road:True   Total T: 123854 Episode Num: 351 Episode T: 142 Reward: 130.868 Cost: 1.000 ShieldInt: 0 ShieldDist: 0.000
arrive destination: False ,out of road:True   Total T: 123957 Episode Num: 352 Episode T: 103 Reward: 88.194 Cost: 1.000 ShieldInt: 0 ShieldDist: 0.000
arrive destination: False ,out of road:False   Total T: 124957 Episode Num: 353 Episode T: 1000 Reward: 370.736 Cost: 50.000 ShieldInt: 558 ShieldDist: 1073.974
arrive destination: True ,out of road:False   Total T: 125433 Episode Num: 354 Episode T: 476 Reward: 269.973 Cost: 7.000 ShieldInt: 10 ShieldDist: 17.593
arrive destination: False ,out of road:False   Total T: 126433 Episode Num: 355 Episode T: 1000 Reward: 65.607 Cost: 6.000 ShieldInt: 877 ShieldDist: 1280.260
arrive destination: False ,out of road:True   Total T: 126721 Episode Num: 356 Episode T: 288 Reward: 199.157 Cost: 21.000 ShieldInt: 14 ShieldDist: 2.042
arrive destination: True ,out of road:False   Total T: 127223 Episode Num: 357 Episode T: 502 Reward: 368.448 Cost: 24.000 ShieldInt: 9 ShieldDist: 1.335
arrive destination: True ,out of road:False   Total T: 127443 Episode Num: 358 Episode T: 220 Reward: 235.554 Cost: 10.000 ShieldInt: 3 ShieldDist: 5.384
arrive destination: True ,out of road:False   Total T: 127706 Episode Num: 359 Episode T: 263 Reward: 295.763 Cost: 10.000 ShieldInt: 3 ShieldDist: 5.818
arrive destination: False ,out of road:True   Total T: 128043 Episode Num: 360 Episode T: 337 Reward: 304.571 Cost: 40.000 ShieldInt: 2 ShieldDist: 3.932
arrive destination: True ,out of road:False   Total T: 128608 Episode Num: 361 Episode T: 565 Reward: 493.672 Cost: 36.000 ShieldInt: 24 ShieldDist: 37.261
arrive destination: True ,out of road:False   Total T: 128931 Episode Num: 362 Episode T: 323 Reward: 282.001 Cost: 3.000 ShieldInt: 9 ShieldDist: 1.302
arrive destination: True ,out of road:False   Total T: 129127 Episode Num: 363 Episode T: 196 Reward: 270.057 Cost: 0.000 ShieldInt: 0 ShieldDist: 0.000
arrive destination: True ,out of road:False   Total T: 129432 Episode Num: 364 Episode T: 305 Reward: 266.674 Cost: 25.000 ShieldInt: 3 ShieldDist: 0.433
arrive destination: True ,out of road:False   Total T: 129717 Episode Num: 365 Episode T: 285 Reward: 280.736 Cost: 3.000 ShieldInt: 0 ShieldDist: 0.000
---------------------------------------
Evaluation over 20 episodes: 0.400 Cost 17.800.             SafeRL used : use_qpsl
---------------------------------------
[34;1m
Time: 2026-07-02 00:49:40, Time spent from previous logger: 325.006 s[0m
[34;1mCustomLogger with fileds: ['total_steps', 'EpRet', 'EpCost', 'CostRate', 'MeanPain', 'TriggerRate', 'MeanRisk', 'MeanLongitudinalDelta', 'SteeringLimitRate'][0m
[34;1mfieldvalues: [130000, 0.4, 17.8, 0.03371564396649205, 0.0, 0.0, 0.0, 0.0, 0.0]
[0m
arrive destination: False ,out of road:True   Total T: 130097 Episode Num: 366 Episode T: 380 Reward: 343.448 Cost: 15.000 ShieldInt: 0 ShieldDist: 0.000
arrive destination: False ,out of road:True   Total T: 130466 Episode Num: 367 Episode T: 369 Reward: 218.432 Cost: 17.000 ShieldInt: 10 ShieldDist: 1.450
arrive destination: False ,out of road:True   Total T: 130631 Episode Num: 368 Episode T: 165 Reward: 159.547 Cost: 1.000 ShieldInt: 0 ShieldDist: 0.000
arrive destination: False ,out of road:True   Total T: 131027 Episode Num: 369 Episode T: 396 Reward: 388.264 Cost: 11.000 ShieldInt: 1 ShieldDist: 2.000
arrive destination: True ,out of road:False   Total T: 131554 Episode Num: 370 Episode T: 527 Reward: 468.919 Cost: 52.000 ShieldInt: 3 ShieldDist: 0.417
arrive destination: False ,out of road:True   Total T: 131692 Episode Num: 371 Episode T: 138 Reward: 130.905 Cost: 1.000 ShieldInt: 1 ShieldDist: 0.128
arrive destination: True ,out of road:False   Total T: 132129 Episode Num: 372 Episode T: 437 Reward: 400.749 Cost: 27.000 ShieldInt: 18 ShieldDist: 27.459
arrive destination: True ,out of road:False   Total T: 132442 Episode Num: 373 Episode T: 313 Reward: 296.046 Cost: 12.000 ShieldInt: 11 ShieldDist: 13.086
arrive destination: True ,out of road:False   Total T: 132968 Episode Num: 374 Episode T: 526 Reward: 468.598 Cost: 29.000 ShieldInt: 10 ShieldDist: 8.614
arrive destination: True ,out of road:False   Total T: 133595 Episode Num: 375 Episode T: 627 Reward: 496.826 Cost: 62.000 ShieldInt: 7 ShieldDist: 6.564
arrive destination: False ,out of road:True   Total T: 134127 Episode Num: 376 Episode T: 532 Reward: 379.641 Cost: 15.000 ShieldInt: 49 ShieldDist: 86.713
arrive destination: True ,out of road:False   Total T: 134693 Episode Num: 377 Episode T: 566 Reward: 472.823 Cost: 12.000 ShieldInt: 16 ShieldDist: 23.568
arrive destination: True ,out of road:False   Total T: 135202 Episode Num: 378 Episode T: 509 Reward: 472.010 Cost: 35.000 ShieldInt: 33 ShieldDist: 43.370
arrive destination: True ,out of road:False   Total T: 135647 Episode Num: 379 Episode T: 445 Reward: 380.130 Cost: 8.000 ShieldInt: 6 ShieldDist: 3.145
arrive destination: False ,out of road:True   Total T: 136005 Episode Num: 380 Episode T: 358 Reward: 204.757 Cost: 21.000 ShieldInt: 22 ShieldDist: 40.656
arrive destination: False ,out of road:True   Total T: 136247 Episode Num: 381 Episode T: 242 Reward: 238.373 Cost: 3.000 ShieldInt: 1 ShieldDist: 0.150
arrive destination: True ,out of road:False   Total T: 136553 Episode Num: 382 Episode T: 306 Reward: 295.731 Cost: 22.000 ShieldInt: 5 ShieldDist: 4.979
arrive destination: True ,out of road:False   Total T: 136835 Episode Num: 383 Episode T: 282 Reward: 293.178 Cost: 0.000 ShieldInt: 1 ShieldDist: 0.150
arrive destination: True ,out of road:False   Total T: 137121 Episode Num: 384 Episode T: 286 Reward: 232.742 Cost: 17.000 ShieldInt: 15 ShieldDist: 25.860
arrive destination: True ,out of road:False   Total T: 137611 Episode Num: 385 Episode T: 490 Reward: 336.446 Cost: 7.000 ShieldInt: 150 ShieldDist: 255.608
arrive destination: False ,out of road:True   Total T: 137990 Episode Num: 386 Episode T: 379 Reward: 357.722 Cost: 30.000 ShieldInt: 23 ShieldDist: 28.793
arrive destination: True ,out of road:False   Total T: 138290 Episode Num: 387 Episode T: 300 Reward: 296.087 Cost: 15.000 ShieldInt: 7 ShieldDist: 9.671
arrive destination: True ,out of road:False   Total T: 138829 Episode Num: 388 Episode T: 539 Reward: 373.049 Cost: 39.000 ShieldInt: 81 ShieldDist: 144.479
arrive destination: False ,out of road:True   Total T: 138985 Episode Num: 389 Episode T: 156 Reward: 176.145 Cost: 1.000 ShieldInt: 0 ShieldDist: 0.000
arrive destination: True ,out of road:False   Total T: 139182 Episode Num: 390 Episode T: 197 Reward: 270.154 Cost: 1.000 ShieldInt: 1 ShieldDist: 0.142
arrive destination: True ,out of road:False   Total T: 139718 Episode Num: 391 Episode T: 536 Reward: 468.874 Cost: 9.000 ShieldInt: 15 ShieldDist: 12.573
---------------------------------------
Evaluation over 20 episodes: 0.550 Cost 21.200.             SafeRL used : use_qpsl
---------------------------------------
[34;1m
Time: 2026-07-02 00:55:03, Time spent from previous logger: 323.530 s[0m
[34;1mCustomLogger with fileds: ['total_steps', 'EpRet', 'EpCost', 'CostRate', 'MeanPain', 'TriggerRate', 'MeanRisk', 'MeanLongitudinalDelta', 'SteeringLimitRate'][0m
[34;1mfieldvalues: [140000, 0.55, 21.2, 0.034735962399731424, 0.0, 0.0, 0.0, 0.0, 0.0]
[0m
arrive destination: True ,out of road:False   Total T: 140585 Episode Num: 392 Episode T: 867 Reward: 743.191 Cost: 65.000 ShieldInt: 24 ShieldDist: 31.963
arrive destination: True ,out of road:False   Total T: 141108 Episode Num: 393 Episode T: 523 Reward: 496.691 Cost: 35.000 ShieldInt: 10 ShieldDist: 1.489
arrive destination: False ,out of road:True   Total T: 141707 Episode Num: 394 Episode T: 599 Reward: 358.319 Cost: 45.000 ShieldInt: 61 ShieldDist: 88.674
arrive destination: True ,out of road:False   Total T: 142219 Episode Num: 395 Episode T: 512 Reward: 469.211 Cost: 12.000 ShieldInt: 16 ShieldDist: 29.447
arrive destination: False ,out of road:True   Total T: 142463 Episode Num: 396 Episode T: 244 Reward: 237.956 Cost: 2.000 ShieldInt: 0 ShieldDist: 0.000
arrive destination: False ,out of road:True   Total T: 142601 Episode Num: 397 Episode T: 138 Reward: 133.219 Cost: 3.000 ShieldInt: 1 ShieldDist: 0.121
arrive destination: True ,out of road:False   Total T: 143384 Episode Num: 398 Episode T: 783 Reward: 235.755 Cost: 9.000 ShieldInt: 6 ShieldDist: 8.354
arrive destination: True ,out of road:False   Total T: 143728 Episode Num: 399 Episode T: 344 Reward: 269.073 Cost: 13.000 ShieldInt: 13 ShieldDist: 16.427
arrive destination: True ,out of road:False   Total T: 144014 Episode Num: 400 Episode T: 286 Reward: 296.043 Cost: 10.000 ShieldInt: 12 ShieldDist: 16.948
arrive destination: True ,out of road:False   Total T: 144277 Episode Num: 401 Episode T: 263 Reward: 242.564 Cost: 14.000 ShieldInt: 11 ShieldDist: 20.933
arrive destination: True ,out of road:False   Total T: 144817 Episode Num: 402 Episode T: 540 Reward: 462.958 Cost: 32.000 ShieldInt: 23 ShieldDist: 23.274
arrive destination: True ,out of road:False   Total T: 145125 Episode Num: 403 Episode T: 308 Reward: 294.461 Cost: 10.000 ShieldInt: 16 ShieldDist: 26.185
arrive destination: True ,out of road:False   Total T: 145737 Episode Num: 404 Episode T: 612 Reward: 421.685 Cost: 54.000 ShieldInt: 10 ShieldDist: 10.296
arrive destination: False ,out of road:True   Total T: 145890 Episode Num: 405 Episode T: 153 Reward: 168.715 Cost: 4.000 ShieldInt: 2 ShieldDist: 0.300
arrive destination: False ,out of road:True   Total T: 146051 Episode Num: 406 Episode T: 161 Reward: 121.436 Cost: 7.000 ShieldInt: 6 ShieldDist: 6.367
arrive destination: False ,out of road:True   Total T: 146172 Episode Num: 407 Episode T: 121 Reward: 110.085 Cost: 8.000 ShieldInt: 0 ShieldDist: 0.000
arrive destination: False ,out of road:True   Total T: 146512 Episode Num: 408 Episode T: 340 Reward: 276.838 Cost: 16.000 ShieldInt: 9 ShieldDist: 13.366
arrive destination: True ,out of road:False   Total T: 146993 Episode Num: 409 Episode T: 481 Reward: 367.697 Cost: 6.000 ShieldInt: 24 ShieldDist: 35.262
arrive destination: True ,out of road:False   Total T: 147737 Episode Num: 410 Episode T: 744 Reward: 418.159 Cost: 67.000 ShieldInt: 62 ShieldDist: 89.183
arrive destination: True ,out of road:False   Total T: 148230 Episode Num: 411 Episode T: 493 Reward: 465.993 Cost: 30.000 ShieldInt: 10 ShieldDist: 8.422
arrive destination: True ,out of road:False   Total T: 148490 Episode Num: 412 Episode T: 260 Reward: 235.636 Cost: 20.000 ShieldInt: 16 ShieldDist: 30.720
arrive destination: True ,out of road:False   Total T: 148893 Episode Num: 413 Episode T: 403 Reward: 401.267 Cost: 18.000 ShieldInt: 21 ShieldDist: 33.968
arrive destination: False ,out of road:True   Total T: 149299 Episode Num: 414 Episode T: 406 Reward: 247.006 Cost: 15.000 ShieldInt: 5 ShieldDist: 5.987
arrive destination: False ,out of road:True   Total T: 149543 Episode Num: 415 Episode T: 244 Reward: 241.395 Cost: 14.000 ShieldInt: 1 ShieldDist: 1.031
arrive destination: True ,out of road:False   Total T: 149967 Episode Num: 416 Episode T: 424 Reward: 335.648 Cost: 38.000 ShieldInt: 33 ShieldDist: 46.596
---------------------------------------
Evaluation over 20 episodes: 0.700 Cost 20.250.             SafeRL used : use_qpsl
---------------------------------------
[34;1m
Time: 2026-07-02 01:00:58, Time spent from previous logger: 354.674 s[0m
[34;1mCustomLogger with fileds: ['total_steps', 'EpRet', 'EpCost', 'CostRate', 'MeanPain', 'TriggerRate', 'MeanRisk', 'MeanLongitudinalDelta', 'SteeringLimitRate'][0m
[34;1mfieldvalues: [150000, 0.7, 20.25, 0.035860239068260455, 0.0, 0.0, 0.0, 0.0, 0.0]
[0m
arrive destination: True ,out of road:False   Total T: 150330 Episode Num: 417 Episode T: 363 Reward: 303.170 Cost: 20.000 ShieldInt: 20 ShieldDist: 27.072
arrive destination: True ,out of road:False   Total T: 150998 Episode Num: 418 Episode T: 668 Reward: 418.510 Cost: 37.000 ShieldInt: 35 ShieldDist: 22.290
arrive destination: False ,out of road:True   Total T: 151468 Episode Num: 419 Episode T: 470 Reward: 388.947 Cost: 40.000 ShieldInt: 13 ShieldDist: 22.087
arrive destination: False ,out of road:True   Total T: 151715 Episode Num: 420 Episode T: 247 Reward: 237.406 Cost: 3.000 ShieldInt: 9 ShieldDist: 3.837
arrive destination: True ,out of road:False   Total T: 152197 Episode Num: 421 Episode T: 482 Reward: 381.074 Cost: 24.000 ShieldInt: 27 ShieldDist: 33.028
arrive destination: True ,out of road:False   Total T: 152720 Episode Num: 422 Episode T: 523 Reward: 408.654 Cost: 19.000 ShieldInt: 24 ShieldDist: 30.872
arrive destination: True ,out of road:False   Total T: 153122 Episode Num: 423 Episode T: 402 Reward: 400.549 Cost: 15.000 ShieldInt: 27 ShieldDist: 42.558
arrive destination: True ,out of road:False   Total T: 153511 Episode Num: 424 Episode T: 389 Reward: 400.412 Cost: 9.000 ShieldInt: 5 ShieldDist: 6.102
arrive destination: True ,out of road:False   Total T: 153800 Episode Num: 425 Episode T: 289 Reward: 233.399 Cost: 20.000 ShieldInt: 9 ShieldDist: 16.776
arrive destination: True ,out of road:False   Total T: 154083 Episode Num: 426 Episode T: 283 Reward: 295.943 Cost: 11.000 ShieldInt: 8 ShieldDist: 7.128
arrive destination: True ,out of road:False   Total T: 154274 Episode Num: 427 Episode T: 191 Reward: 269.591 Cost: 4.000 ShieldInt: 3 ShieldDist: 0.414
arrive destination: True ,out of road:False   Total T: 154493 Episode Num: 428 Episode T: 219 Reward: 235.591 Cost: 1.000 ShieldInt: 0 ShieldDist: 0.000
arrive destination: True ,out of road:False   Total T: 154691 Episode Num: 429 Episode T: 198 Reward: 279.846 Cost: 6.000 ShieldInt: 1 ShieldDist: 0.150
arrive destination: True ,out of road:False   Total T: 155178 Episode Num: 430 Episode T: 487 Reward: 468.675 Cost: 31.000 ShieldInt: 10 ShieldDist: 16.760
arrive destination: True ,out of road:False   Total T: 155678 Episode Num: 431 Episode T: 500 Reward: 465.331 Cost: 20.000 ShieldInt: 19 ShieldDist: 23.888
arrive destination: True ,out of road:False   Total T: 155969 Episode Num: 432 Episode T: 291 Reward: 279.118 Cost: 2.000 ShieldInt: 3 ShieldDist: 4.365
arrive destination: True ,out of road:False   Total T: 156412 Episode Num: 433 Episode T: 443 Reward: 379.736 Cost: 6.000 ShieldInt: 12 ShieldDist: 1.700
arrive destination: True ,out of road:False   Total T: 156707 Episode Num: 434 Episode T: 295 Reward: 273.991 Cost: 3.000 ShieldInt: 3 ShieldDist: 0.438
arrive destination: False ,out of road:True   Total T: 156974 Episode Num: 435 Episode T: 267 Reward: 229.536 Cost: 8.000 ShieldInt: 30 ShieldDist: 51.163
arrive destination: False ,out of road:True   Total T: 157154 Episode Num: 436 Episode T: 180 Reward: 182.181 Cost: 6.000 ShieldInt: 5 ShieldDist: 9.812
arrive destination: True ,out of road:False   Total T: 157610 Episode Num: 437 Episode T: 456 Reward: 379.019 Cost: 10.000 ShieldInt: 27 ShieldDist: 36.652
arrive destination: True ,out of road:False   Total T: 157880 Episode Num: 438 Episode T: 270 Reward: 234.528 Cost: 4.000 ShieldInt: 3 ShieldDist: 4.468
arrive destination: False ,out of road:True   Total T: 158140 Episode Num: 439 Episode T: 260 Reward: 219.947 Cost: 7.000 ShieldInt: 7 ShieldDist: 6.476
arrive destination: False ,out of road:True   Total T: 158388 Episode Num: 440 Episode T: 248 Reward: 246.170 Cost: 15.000 ShieldInt: 3 ShieldDist: 5.621
arrive destination: False ,out of road:True   Total T: 158545 Episode Num: 441 Episode T: 157 Reward: 177.229 Cost: 2.000 ShieldInt: 3 ShieldDist: 0.414
arrive destination: False ,out of road:False   Total T: 159545 Episode Num: 442 Episode T: 1000 Reward: 201.039 Cost: 32.000 ShieldInt: 283 ShieldDist: 452.067
arrive destination: True ,out of road:False   Total T: 159894 Episode Num: 443 Episode T: 349 Reward: 273.227 Cost: 22.000 ShieldInt: 29 ShieldDist: 28.905
---------------------------------------
Evaluation over 20 episodes: 0.650 Cost 27.400.             SafeRL used : use_qpsl
---------------------------------------
[34;1m
Time: 2026-07-02 01:06:38, Time spent from previous logger: 340.377 s[0m
[34;1mCustomLogger with fileds: ['total_steps', 'EpRet', 'EpCost', 'CostRate', 'MeanPain', 'TriggerRate', 'MeanRisk', 'MeanLongitudinalDelta', 'SteeringLimitRate'][0m
[34;1mfieldvalues: [160000, 0.65, 27.4, 0.03597522484515528, 0.0, 0.0, 0.0, 0.0, 0.0]
[0m
arrive destination: True ,out of road:False   Total T: 160625 Episode Num: 444 Episode T: 731 Reward: 482.277 Cost: 78.000 ShieldInt: 163 ShieldDist: 257.927
arrive destination: True ,out of road:False   Total T: 160888 Episode Num: 445 Episode T: 263 Reward: 272.236 Cost: 2.000 ShieldInt: 0 ShieldDist: 0.000
arrive destination: False ,out of road:True   Total T: 161237 Episode Num: 446 Episode T: 349 Reward: 296.103 Cost: 22.000 ShieldInt: 12 ShieldDist: 23.710
arrive destination: False ,out of road:True   Total T: 161444 Episode Num: 447 Episode T: 207 Reward: 222.133 Cost: 13.000 ShieldInt: 0 ShieldDist: 0.000
arrive destination: True ,out of road:False   Total T: 161987 Episode Num: 448 Episode T: 543 Reward: 495.469 Cost: 48.000 ShieldInt: 14 ShieldDist: 17.300
arrive destination: False ,out of road:True   Total T: 162507 Episode Num: 449 Episode T: 520 Reward: 421.718 Cost: 29.000 ShieldInt: 29 ShieldDist: 32.848
arrive destination: True ,out of road:False   Total T: 162877 Episode Num: 450 Episode T: 370 Reward: 279.274 Cost: 26.000 ShieldInt: 26 ShieldDist: 18.031
arrive destination: True ,out of road:False   Total T: 163309 Episode Num: 451 Episode T: 432 Reward: 376.484 Cost: 44.000 ShieldInt: 41 ShieldDist: 67.223
arrive destination: True ,out of road:False   Total T: 163607 Episode Num: 452 Episode T: 298 Reward: 294.042 Cost: 9.000 ShieldInt: 7 ShieldDist: 9.961
arrive destination: True ,out of road:False   Total T: 163905 Episode Num: 453 Episode T: 298 Reward: 269.598 Cost: 13.000 ShieldInt: 1 ShieldDist: 0.150
arrive destination: True ,out of road:False   Total T: 164211 Episode Num: 454 Episode T: 306 Reward: 273.853 Cost: 10.000 ShieldInt: 18 ShieldDist: 26.303
arrive destination: False ,out of road:True   Total T: 164508 Episode Num: 455 Episode T: 297 Reward: 227.276 Cost: 17.000 ShieldInt: 1 ShieldDist: 2.000
arrive destination: False ,out of road:False   Total T: 165508 Episode Num: 456 Episode T: 1000 Reward: 127.801 Cost: 42.000 ShieldInt: 783 ShieldDist: 1481.634
arrive destination: True ,out of road:False   Total T: 165870 Episode Num: 457 Episode T: 362 Reward: 266.957 Cost: 11.000 ShieldInt: 12 ShieldDist: 21.481
arrive destination: True ,out of road:False   Total T: 166230 Episode Num: 458 Episode T: 360 Reward: 266.453 Cost: 17.000 ShieldInt: 19 ShieldDist: 33.972
arrive destination: True ,out of road:False   Total T: 166416 Episode Num: 459 Episode T: 186 Reward: 269.562 Cost: 5.000 ShieldInt: 0 ShieldDist: 0.000
arrive destination: True ,out of road:False   Total T: 166689 Episode Num: 460 Episode T: 273 Reward: 276.886 Cost: 2.000 ShieldInt: 2 ShieldDist: 0.300
arrive destination: True ,out of road:False   Total T: 167053 Episode Num: 461 Episode T: 364 Reward: 395.954 Cost: 1.000 ShieldInt: 0 ShieldDist: 0.000
arrive destination: True ,out of road:False   Total T: 167419 Episode Num: 462 Episode T: 366 Reward: 291.225 Cost: 26.000 ShieldInt: 11 ShieldDist: 13.879
arrive destination: False ,out of road:False   Total T: 168419 Episode Num: 463 Episode T: 1000 Reward: 310.869 Cost: 70.000 ShieldInt: 12 ShieldDist: 20.229
arrive destination: True ,out of road:False   Total T: 168619 Episode Num: 464 Episode T: 200 Reward: 269.389 Cost: 1.000 ShieldInt: 2 ShieldDist: 0.257
arrive destination: False ,out of road:True   Total T: 168719 Episode Num: 465 Episode T: 100 Reward: 90.698 Cost: 3.000 ShieldInt: 3 ShieldDist: 0.579
arrive destination: True ,out of road:False   Total T: 169282 Episode Num: 466 Episode T: 563 Reward: 496.975 Cost: 37.000 ShieldInt: 33 ShieldDist: 45.382
arrive destination: True ,out of road:False   Total T: 169763 Episode Num: 467 Episode T: 481 Reward: 474.563 Cost: 39.000 ShieldInt: 7 ShieldDist: 7.492
---------------------------------------
Evaluation over 20 episodes: 0.800 Cost 16.500.             SafeRL used : use_qpsl
---------------------------------------
[34;1m
Time: 2026-07-02 01:11:58, Time spent from previous logger: 319.621 s[0m
[34;1mCustomLogger with fileds: ['total_steps', 'EpRet', 'EpCost', 'CostRate', 'MeanPain', 'TriggerRate', 'MeanRisk', 'MeanLongitudinalDelta', 'SteeringLimitRate'][0m
[34;1mfieldvalues: [170000, 0.8, 16.5, 0.03727080747533809, 0.0, 0.0, 0.0, 0.0, 0.0]
[0m
arrive destination: False ,out of road:True   Total T: 170086 Episode Num: 468 Episode T: 323 Reward: 280.608 Cost: 16.000 ShieldInt: 0 ShieldDist: 0.000
arrive destination: True ,out of road:False   Total T: 170275 Episode Num: 469 Episode T: 189 Reward: 270.158 Cost: 1.000 ShieldInt: 0 ShieldDist: 0.000
arrive destination: True ,out of road:False   Total T: 170526 Episode Num: 470 Episode T: 251 Reward: 264.205 Cost: 0.000 ShieldInt: 1 ShieldDist: 0.150
arrive destination: True ,out of road:False   Total T: 170798 Episode Num: 471 Episode T: 272 Reward: 295.950 Cost: 9.000 ShieldInt: 10 ShieldDist: 14.205
arrive destination: True ,out of road:False   Total T: 171283 Episode Num: 472 Episode T: 485 Reward: 410.352 Cost: 11.000 ShieldInt: 26 ShieldDist: 28.694
arrive destination: False ,out of road:True   Total T: 171576 Episode Num: 473 Episode T: 293 Reward: 231.401 Cost: 27.000 ShieldInt: 11 ShieldDist: 7.043
arrive destination: False ,out of road:True   Total T: 171969 Episode Num: 474 Episode T: 393 Reward: 375.054 Cost: 31.000 ShieldInt: 12 ShieldDist: 19.726
arrive destination: True ,out of road:False   Total T: 172425 Episode Num: 475 Episode T: 456 Reward: 377.049 Cost: 37.000 ShieldInt: 42 ShieldDist: 64.077
arrive destination: True ,out of road:False   Total T: 172682 Episode Num: 476 Episode T: 257 Reward: 232.912 Cost: 10.000 ShieldInt: 5 ShieldDist: 5.257
arrive destination: True ,out of road:False   Total T: 173034 Episode Num: 477 Episode T: 352 Reward: 276.539 Cost: 21.000 ShieldInt: 12 ShieldDist: 16.241
arrive destination: True ,out of road:False   Total T: 173254 Episode Num: 478 Episode T: 220 Reward: 233.726 Cost: 10.000 ShieldInt: 2 ShieldDist: 3.873
arrive destination: True ,out of road:False   Total T: 173553 Episode Num: 479 Episode T: 299 Reward: 294.146 Cost: 17.000 ShieldInt: 1 ShieldDist: 0.150
arrive destination: False ,out of road:True   Total T: 173693 Episode Num: 480 Episode T: 140 Reward: 139.340 Cost: 6.000 ShieldInt: 12 ShieldDist: 15.649
arrive destination: False ,out of road:True   Total T: 173850 Episode Num: 481 Episode T: 157 Reward: 170.473 Cost: 2.000 ShieldInt: 0 ShieldDist: 0.000
arrive destination: True ,out of road:False   Total T: 174046 Episode Num: 482 Episode T: 196 Reward: 269.517 Cost: 1.000 ShieldInt: 0 ShieldDist: 0.000
arrive destination: False ,out of road:True   Total T: 174153 Episode Num: 483 Episode T: 107 Reward: 91.989 Cost: 5.000 ShieldInt: 0 ShieldDist: 0.000
arrive destination: True ,out of road:False   Total T: 174641 Episode Num: 484 Episode T: 488 Reward: 473.466 Cost: 15.000 ShieldInt: 7 ShieldDist: 8.941
arrive destination: True ,out of road:False   Total T: 174912 Episode Num: 485 Episode T: 271 Reward: 232.493 Cost: 10.000 ShieldInt: 10 ShieldDist: 12.287
arrive destination: True ,out of road:False   Total T: 175364 Episode Num: 486 Episode T: 452 Reward: 367.546 Cost: 22.000 ShieldInt: 26 ShieldDist: 36.583
arrive destination: True ,out of road:False   Total T: 175789 Episode Num: 487 Episode T: 425 Reward: 336.259 Cost: 30.000 ShieldInt: 18 ShieldDist: 24.423
arrive destination: True ,out of road:False   Total T: 176255 Episode Num: 488 Episode T: 466 Reward: 409.273 Cost: 31.000 ShieldInt: 12 ShieldDist: 13.594
arrive destination: True ,out of road:False   Total T: 176693 Episode Num: 489 Episode T: 438 Reward: 396.960 Cost: 36.000 ShieldInt: 28 ShieldDist: 42.786
arrive destination: True ,out of road:False   Total T: 177349 Episode Num: 490 Episode T: 656 Reward: 234.975 Cost: 10.000 ShieldInt: 15 ShieldDist: 21.817
arrive destination: True ,out of road:False   Total T: 177540 Episode Num: 491 Episode T: 191 Reward: 269.262 Cost: 0.000 ShieldInt: 0 ShieldDist: 0.000
arrive destination: True ,out of road:False   Total T: 177823 Episode Num: 492 Episode T: 283 Reward: 232.817 Cost: 14.000 ShieldInt: 14 ShieldDist: 22.291
arrive destination: False ,out of road:False   Total T: 178823 Episode Num: 493 Episode T: 1000 Reward: 315.821 Cost: 93.000 ShieldInt: 378 ShieldDist: 258.305
arrive destination: True ,out of road:False   Total T: 179284 Episode Num: 494 Episode T: 461 Reward: 383.514 Cost: 37.000 ShieldInt: 38 ShieldDist: 48.109
arrive destination: True ,out of road:False   Total T: 179745 Episode Num: 495 Episode T: 461 Reward: 336.183 Cost: 44.000 ShieldInt: 17 ShieldDist: 24.367
arrive destination: False ,out of road:True   Total T: 179974 Episode Num: 496 Episode T: 229 Reward: 147.005 Cost: 18.000 ShieldInt: 8 ShieldDist: 1.086
---------------------------------------
Evaluation over 20 episodes: 0.700 Cost 20.000.             SafeRL used : use_qpsl
---------------------------------------
[34;1m
Time: 2026-07-02 01:17:21, Time spent from previous logger: 323.286 s[0m
[34;1mCustomLogger with fileds: ['total_steps', 'EpRet', 'EpCost', 'CostRate', 'MeanPain', 'TriggerRate', 'MeanRisk', 'MeanLongitudinalDelta', 'SteeringLimitRate'][0m
[34;1mfieldvalues: [180000, 0.7, 20.0, 0.03825021250118056, 0.0, 0.0, 0.0, 0.0, 0.0]
[0m
arrive destination: True ,out of road:False   Total T: 180361 Episode Num: 497 Episode T: 387 Reward: 298.900 Cost: 17.000 ShieldInt: 24 ShieldDist: 23.131
arrive destination: True ,out of road:False   Total T: 180818 Episode Num: 498 Episode T: 457 Reward: 335.951 Cost: 19.000 ShieldInt: 24 ShieldDist: 36.571
arrive destination: True ,out of road:False   Total T: 181580 Episode Num: 499 Episode T: 762 Reward: 418.650 Cost: 69.000 ShieldInt: 39 ShieldDist: 49.436
arrive destination: True ,out of road:False   Total T: 182137 Episode Num: 500 Episode T: 557 Reward: 462.392 Cost: 39.000 ShieldInt: 16 ShieldDist: 21.681
arrive destination: True ,out of road:False   Total T: 182661 Episode Num: 501 Episode T: 524 Reward: 465.391 Cost: 25.000 ShieldInt: 9 ShieldDist: 12.062
arrive destination: True ,out of road:False   Total T: 182912 Episode Num: 502 Episode T: 251 Reward: 232.760 Cost: 5.000 ShieldInt: 4 ShieldDist: 2.255
arrive destination: True ,out of road:False   Total T: 183347 Episode Num: 503 Episode T: 435 Reward: 368.206 Cost: 39.000 ShieldInt: 22 ShieldDist: 38.625
arrive destination: True ,out of road:False   Total T: 183658 Episode Num: 504 Episode T: 311 Reward: 276.489 Cost: 7.000 ShieldInt: 3 ShieldDist: 0.450
arrive destination: True ,out of road:False   Total T: 184098 Episode Num: 505 Episode T: 440 Reward: 369.194 Cost: 20.000 ShieldInt: 14 ShieldDist: 23.871
arrive destination: True ,out of road:False   Total T: 184522 Episode Num: 506 Episode T: 424 Reward: 377.596 Cost: 4.000 ShieldInt: 13 ShieldDist: 15.541
arrive destination: True ,out of road:False   Total T: 184799 Episode Num: 507 Episode T: 277 Reward: 268.127 Cost: 12.000 ShieldInt: 10 ShieldDist: 13.151
arrive destination: True ,out of road:False   Total T: 185205 Episode Num: 508 Episode T: 406 Reward: 399.487 Cost: 10.000 ShieldInt: 21 ShieldDist: 40.115
arrive destination: True ,out of road:False   Total T: 185565 Episode Num: 509 Episode T: 360 Reward: 398.796 Cost: 35.000 ShieldInt: 9 ShieldDist: 13.177
arrive destination: True ,out of road:False   Total T: 185824 Episode Num: 510 Episode T: 259 Reward: 270.702 Cost: 2.000 ShieldInt: 0 ShieldDist: 0.000
arrive destination: True ,out of road:False   Total T: 186098 Episode Num: 511 Episode T: 274 Reward: 268.366 Cost: 11.000 ShieldInt: 15 ShieldDist: 27.759
arrive destination: True ,out of road:False   Total T: 186672 Episode Num: 512 Episode T: 574 Reward: 506.557 Cost: 35.000 ShieldInt: 25 ShieldDist: 33.020
arrive destination: False ,out of road:True   Total T: 187025 Episode Num: 513 Episode T: 353 Reward: 269.099 Cost: 12.000 ShieldInt: 7 ShieldDist: 6.462
arrive destination: False ,out of road:True   Total T: 187128 Episode Num: 514 Episode T: 103 Reward: 87.831 Cost: 2.000 ShieldInt: 0 ShieldDist: 0.000
arrive destination: True ,out of road:False   Total T: 187377 Episode Num: 515 Episode T: 249 Reward: 234.422 Cost: 1.000 ShieldInt: 0 ShieldDist: 0.000
arrive destination: False ,out of road:False   Total T: 188377 Episode Num: 516 Episode T: 1000 Reward: 219.813 Cost: 31.000 ShieldInt: 697 ShieldDist: 1270.860
arrive destination: False ,out of road:True   Total T: 188485 Episode Num: 517 Episode T: 108 Reward: 83.472 Cost: 3.000 ShieldInt: 0 ShieldDist: 0.000
arrive destination: False ,out of road:False   Total T: 189485 Episode Num: 518 Episode T: 1000 Reward: 65.910 Cost: 2.000 ShieldInt: 3 ShieldDist: 0.419
arrive destination: True ,out of road:False   Total T: 189810 Episode Num: 519 Episode T: 325 Reward: 399.267 Cost: 2.000 ShieldInt: 4 ShieldDist: 4.077
---------------------------------------
Evaluation over 20 episodes: 0.800 Cost 13.850.             SafeRL used : use_qpsl
---------------------------------------
[34;1m
Time: 2026-07-02 01:22:57, Time spent from previous logger: 335.556 s[0m
[34;1mCustomLogger with fileds: ['total_steps', 'EpRet', 'EpCost', 'CostRate', 'MeanPain', 'TriggerRate', 'MeanRisk', 'MeanLongitudinalDelta', 'SteeringLimitRate'][0m
[34;1mfieldvalues: [190000, 0.8, 13.85, 0.03838967573513545, 0.0, 0.0, 0.0, 0.0, 0.0]
[0m
arrive destination: True ,out of road:False   Total T: 190596 Episode Num: 520 Episode T: 786 Reward: 602.010 Cost: 43.000 ShieldInt: 43 ShieldDist: 61.069
arrive destination: True ,out of road:False   Total T: 191135 Episode Num: 521 Episode T: 539 Reward: 415.894 Cost: 16.000 ShieldInt: 18 ShieldDist: 13.420
arrive destination: False ,out of road:True   Total T: 191236 Episode Num: 522 Episode T: 101 Reward: 83.296 Cost: 6.000 ShieldInt: 6 ShieldDist: 2.859
arrive destination: True ,out of road:False   Total T: 191864 Episode Num: 523 Episode T: 628 Reward: 505.898 Cost: 48.000 ShieldInt: 46 ShieldDist: 61.437
arrive destination: True ,out of road:False   Total T: 192361 Episode Num: 524 Episode T: 497 Reward: 417.584 Cost: 34.000 ShieldInt: 16 ShieldDist: 10.828
arrive destination: True ,out of road:False   Total T: 192719 Episode Num: 525 Episode T: 358 Reward: 401.073 Cost: 1.000 ShieldInt: 1 ShieldDist: 0.149
arrive destination: True ,out of road:False   Total T: 192922 Episode Num: 526 Episode T: 203 Reward: 270.100 Cost: 1.000 ShieldInt: 1 ShieldDist: 0.150
arrive destination: True ,out of road:False   Total T: 193370 Episode Num: 527 Episode T: 448 Reward: 397.430 Cost: 28.000 ShieldInt: 19 ShieldDist: 24.288
arrive destination: True ,out of road:False   Total T: 193668 Episode Num: 528 Episode T: 298 Reward: 271.175 Cost: 15.000 ShieldInt: 3 ShieldDist: 1.659
arrive destination: False ,out of road:True   Total T: 193774 Episode Num: 529 Episode T: 106 Reward: 93.273 Cost: 5.000 ShieldInt: 2 ShieldDist: 0.294
arrive destination: True ,out of road:False   Total T: 194108 Episode Num: 530 Episode T: 334 Reward: 335.603 Cost: 14.000 ShieldInt: 23 ShieldDist: 29.847
arrive destination: False ,out of road:True   Total T: 194246 Episode Num: 531 Episode T: 138 Reward: 137.457 Cost: 1.000 ShieldInt: 0 ShieldDist: 0.000
arrive destination: True ,out of road:False   Total T: 194690 Episode Num: 532 Episode T: 444 Reward: 378.870 Cost: 6.000 ShieldInt: 5 ShieldDist: 2.413
arrive destination: True ,out of road:False   Total T: 195002 Episode Num: 533 Episode T: 312 Reward: 269.642 Cost: 10.000 ShieldInt: 14 ShieldDist: 13.498
arrive destination: False ,out of road:True   Total T: 195190 Episode Num: 534 Episode T: 188 Reward: 211.671 Cost: 7.000 ShieldInt: 7 ShieldDist: 10.900
arrive destination: False ,out of road:True   Total T: 195341 Episode Num: 535 Episode T: 151 Reward: 164.254 Cost: 1.000 ShieldInt: 3 ShieldDist: 0.403
arrive destination: False ,out of road:True   Total T: 195500 Episode Num: 536 Episode T: 159 Reward: 170.707 Cost: 1.000 ShieldInt: 0 ShieldDist: 0.000
arrive destination: True ,out of road:False   Total T: 196052 Episode Num: 537 Episode T: 552 Reward: 408.270 Cost: 21.000 ShieldInt: 43 ShieldDist: 75.197
arrive destination: True ,out of road:False   Total T: 196249 Episode Num: 538 Episode T: 197 Reward: 269.112 Cost: 1.000 ShieldInt: 0 ShieldDist: 0.000
arrive destination: True ,out of road:False   Total T: 196699 Episode Num: 539 Episode T: 450 Reward: 369.744 Cost: 9.000 ShieldInt: 22 ShieldDist: 29.459
arrive destination: True ,out of road:False   Total T: 196954 Episode Num: 540 Episode T: 255 Reward: 273.540 Cost: 10.000 ShieldInt: 3 ShieldDist: 2.066
arrive destination: True ,out of road:False   Total T: 197612 Episode Num: 541 Episode T: 658 Reward: 496.595 Cost: 78.000 ShieldInt: 29 ShieldDist: 24.520
arrive destination: False ,out of road:True   Total T: 197893 Episode Num: 542 Episode T: 281 Reward: 291.056 Cost: 14.000 ShieldInt: 4 ShieldDist: 3.661
arrive destination: True ,out of road:False   Total T: 198388 Episode Num: 543 Episode T: 495 Reward: 462.381 Cost: 12.000 ShieldInt: 5 ShieldDist: 1.301
arrive destination: False ,out of road:True   Total T: 198672 Episode Num: 544 Episode T: 284 Reward: 231.514 Cost: 10.000 ShieldInt: 17 ShieldDist: 9.398
arrive destination: True ,out of road:False   Total T: 199236 Episode Num: 545 Episode T: 564 Reward: 411.073 Cost: 25.000 ShieldInt: 56 ShieldDist: 84.460
arrive destination: True ,out of road:False   Total T: 199481 Episode Num: 546 Episode T: 245 Reward: 270.992 Cost: 13.000 ShieldInt: 1 ShieldDist: 0.150
---------------------------------------
Evaluation over 20 episodes: 0.500 Cost 15.300.             SafeRL used : use_qpsl
---------------------------------------
[34;1m
Time: 2026-07-02 01:28:56, Time spent from previous logger: 359.608 s[0m
[34;1mCustomLogger with fileds: ['total_steps', 'EpRet', 'EpCost', 'CostRate', 'MeanPain', 'TriggerRate', 'MeanRisk', 'MeanLongitudinalDelta', 'SteeringLimitRate'][0m
[34;1mfieldvalues: [200000, 0.5, 15.3, 0.03864519322596613, 0.0, 0.0, 0.0, 0.0, 0.0]
[0m
arrive destination: False ,out of road:False   Total T: 200481 Episode Num: 547 Episode T: 1000 Reward: 797.779 Cost: 40.000 ShieldInt: 25 ShieldDist: 25.290
arrive destination: False ,out of road:False   Total T: 201481 Episode Num: 548 Episode T: 1000 Reward: 63.253 Cost: 2.000 ShieldInt: 2 ShieldDist: 0.271
arrive destination: True ,out of road:False   Total T: 201843 Episode Num: 549 Episode T: 362 Reward: 399.827 Cost: 0.000 ShieldInt: 0 ShieldDist: 0.000
arrive destination: True ,out of road:False   Total T: 202412 Episode Num: 550 Episode T: 569 Reward: 495.422 Cost: 30.000 ShieldInt: 29 ShieldDist: 37.910
arrive destination: True ,out of road:False   Total T: 203028 Episode Num: 551 Episode T: 616 Reward: 373.819 Cost: 66.000 ShieldInt: 32 ShieldDist: 14.429
arrive destination: True ,out of road:False   Total T: 203376 Episode Num: 552 Episode T: 348 Reward: 268.420 Cost: 15.000 ShieldInt: 17 ShieldDist: 19.634
arrive destination: True ,out of road:False   Total T: 203636 Episode Num: 553 Episode T: 260 Reward: 232.629 Cost: 7.000 ShieldInt: 10 ShieldDist: 16.300
arrive destination: True ,out of road:False   Total T: 204134 Episode Num: 554 Episode T: 498 Reward: 410.304 Cost: 11.000 ShieldInt: 16 ShieldDist: 18.620
arrive destination: True ,out of road:False   Total T: 204787 Episode Num: 555 Episode T: 653 Reward: 466.462 Cost: 31.000 ShieldInt: 43 ShieldDist: 44.061
arrive destination: True ,out of road:False   Total T: 205006 Episode Num: 556 Episode T: 219 Reward: 232.572 Cost: 7.000 ShieldInt: 4 ShieldDist: 7.836
arrive destination: False ,out of road:True   Total T: 205101 Episode Num: 557 Episode T: 95 Reward: 81.212 Cost: 2.000 ShieldInt: 0 ShieldDist: 0.000
arrive destination: True ,out of road:False   Total T: 205583 Episode Num: 558 Episode T: 482 Reward: 382.290 Cost: 16.000 ShieldInt: 30 ShieldDist: 29.397
arrive destination: False ,out of road:True   Total T: 205686 Episode Num: 559 Episode T: 103 Reward: 77.576 Cost: 5.000 ShieldInt: 1 ShieldDist: 1.490
arrive destination: True ,out of road:False   Total T: 206345 Episode Num: 560 Episode T: 659 Reward: 508.686 Cost: 36.000 ShieldInt: 31 ShieldDist: 35.356
arrive destination: True ,out of road:False   Total T: 206736 Episode Num: 561 Episode T: 391 Reward: 397.519 Cost: 4.000 ShieldInt: 10 ShieldDist: 8.340
arrive destination: True ,out of road:False   Total T: 206939 Episode Num: 562 Episode T: 203 Reward: 269.382 Cost: 1.000 ShieldInt: 0 ShieldDist: 0.000
arrive destination: True ,out of road:False   Total T: 207502 Episode Num: 563 Episode T: 563 Reward: 471.185 Cost: 19.000 ShieldInt: 63 ShieldDist: 73.715
arrive destination: True ,out of road:False   Total T: 207942 Episode Num: 564 Episode T: 440 Reward: 378.186 Cost: 10.000 ShieldInt: 13 ShieldDist: 14.611
arrive destination: True ,out of road:False   Total T: 208654 Episode Num: 565 Episode T: 712 Reward: 423.496 Cost: 54.000 ShieldInt: 123 ShieldDist: 202.494
arrive destination: False ,out of road:False   Total T: 209654 Episode Num: 566 Episode T: 1000 Reward: 132.168 Cost: 16.000 ShieldInt: 10 ShieldDist: 1.473
arrive destination: False ,out of road:True   Total T: 209873 Episode Num: 567 Episode T: 219 Reward: 198.455 Cost: 6.000 ShieldInt: 2 ShieldDist: 0.835
---------------------------------------
Evaluation over 20 episodes: 0.850 Cost 18.550.             SafeRL used : use_qpsl
---------------------------------------
[34;1m
Time: 2026-07-02 01:34:55, Time spent from previous logger: 359.102 s[0m
[34;1mCustomLogger with fileds: ['total_steps', 'EpRet', 'EpCost', 'CostRate', 'MeanPain', 'TriggerRate', 'MeanRisk', 'MeanLongitudinalDelta', 'SteeringLimitRate'][0m
[34;1mfieldvalues: [210000, 0.85, 18.55, 0.0385525645360216, 0.0, 0.0, 0.0, 0.0, 0.0]
[0m
arrive destination: False ,out of road:True   Total T: 210505 Episode Num: 568 Episode T: 632 Reward: 553.595 Cost: 26.000 ShieldInt: 16 ShieldDist: 9.854
arrive destination: True ,out of road:False   Total T: 210799 Episode Num: 569 Episode T: 294 Reward: 294.395 Cost: 14.000 ShieldInt: 3 ShieldDist: 0.450
arrive destination: False ,out of road:True   Total T: 210906 Episode Num: 570 Episode T: 107 Reward: 89.318 Cost: 2.000 ShieldInt: 0 ShieldDist: 0.000
arrive destination: True ,out of road:False   Total T: 211261 Episode Num: 571 Episode T: 355 Reward: 286.347 Cost: 17.000 ShieldInt: 4 ShieldDist: 2.419
arrive destination: True ,out of road:False   Total T: 211469 Episode Num: 572 Episode T: 208 Reward: 269.449 Cost: 2.000 ShieldInt: 0 ShieldDist: 0.000
arrive destination: True ,out of road:False   Total T: 212114 Episode Num: 573 Episode T: 645 Reward: 273.421 Cost: 16.000 ShieldInt: 5 ShieldDist: 0.748
arrive destination: False ,out of road:True   Total T: 212406 Episode Num: 574 Episode T: 292 Reward: 244.244 Cost: 14.000 ShieldInt: 24 ShieldDist: 32.690
arrive destination: False ,out of road:True   Total T: 212713 Episode Num: 575 Episode T: 307 Reward: 206.767 Cost: 25.000 ShieldInt: 16 ShieldDist: 17.831
arrive destination: True ,out of road:False   Total T: 212909 Episode Num: 576 Episode T: 196 Reward: 269.272 Cost: 2.000 ShieldInt: 1 ShieldDist: 0.150
arrive destination: True ,out of road:False   Total T: 213280 Episode Num: 577 Episode T: 371 Reward: 268.413 Cost: 8.000 ShieldInt: 6 ShieldDist: 0.828
arrive destination: True ,out of road:False   Total T: 213765 Episode Num: 578 Episode T: 485 Reward: 471.845 Cost: 13.000 ShieldInt: 14 ShieldDist: 16.509
arrive destination: True ,out of road:False   Total T: 214033 Episode Num: 579 Episode T: 268 Reward: 295.846 Cost: 17.000 ShieldInt: 17 ShieldDist: 20.215
arrive destination: False ,out of road:True   Total T: 214136 Episode Num: 580 Episode T: 103 Reward: 84.500 Cost: 6.000 ShieldInt: 6 ShieldDist: 7.367
arrive destination: True ,out of road:False   Total T: 214609 Episode Num: 581 Episode T: 473 Reward: 471.442 Cost: 13.000 ShieldInt: 11 ShieldDist: 14.763
arrive destination: False ,out of road:True   Total T: 214932 Episode Num: 582 Episode T: 323 Reward: 253.521 Cost: 20.000 ShieldInt: 7 ShieldDist: 0.930
arrive destination: False ,out of road:True   Total T: 215033 Episode Num: 583 Episode T: 101 Reward: 92.026 Cost: 1.000 ShieldInt: 1 ShieldDist: 0.426
arrive destination: True ,out of road:False   Total T: 215397 Episode Num: 584 Episode T: 364 Reward: 275.999 Cost: 14.000 ShieldInt: 20 ShieldDist: 2.866
arrive destination: False ,out of road:True   Total T: 215702 Episode Num: 585 Episode T: 305 Reward: 195.141 Cost: 7.000 ShieldInt: 3 ShieldDist: 0.429
arrive destination: True ,out of road:False   Total T: 215965 Episode Num: 586 Episode T: 263 Reward: 272.930 Cost: 3.000 ShieldInt: 2 ShieldDist: 2.113
arrive destination: False ,out of road:True   Total T: 216170 Episode Num: 587 Episode T: 205 Reward: 85.303 Cost: 3.000 ShieldInt: 0 ShieldDist: 0.000
arrive destination: True ,out of road:False   Total T: 216842 Episode Num: 588 Episode T: 672 Reward: 422.434 Cost: 31.000 ShieldInt: 22 ShieldDist: 3.129
arrive destination: False ,out of road:True   Total T: 216949 Episode Num: 589 Episode T: 107 Reward: 93.149 Cost: 3.000 ShieldInt: 2 ShieldDist: 2.071
arrive destination: False ,out of road:True   Total T: 217082 Episode Num: 590 Episode T: 133 Reward: 127.506 Cost: 4.000 ShieldInt: 0 ShieldDist: 0.000
arrive destination: False ,out of road:True   Total T: 217292 Episode Num: 591 Episode T: 210 Reward: 199.843 Cost: 1.000 ShieldInt: 0 ShieldDist: 0.000
arrive destination: True ,out of road:False   Total T: 217752 Episode Num: 592 Episode T: 460 Reward: 397.737 Cost: 23.000 ShieldInt: 9 ShieldDist: 4.379
arrive destination: True ,out of road:False   Total T: 218029 Episode Num: 593 Episode T: 277 Reward: 233.017 Cost: 8.000 ShieldInt: 15 ShieldDist: 13.694
arrive destination: True ,out of road:False   Total T: 218491 Episode Num: 594 Episode T: 462 Reward: 378.702 Cost: 10.000 ShieldInt: 21 ShieldDist: 37.520
arrive destination: True ,out of road:False   Total T: 218766 Episode Num: 595 Episode T: 275 Reward: 268.821 Cost: 4.000 ShieldInt: 1 ShieldDist: 0.150
arrive destination: True ,out of road:False   Total T: 218968 Episode Num: 596 Episode T: 202 Reward: 269.757 Cost: 0.000 ShieldInt: 3 ShieldDist: 0.450
arrive destination: False ,out of road:True   Total T: 219364 Episode Num: 597 Episode T: 396 Reward: 361.685 Cost: 12.000 ShieldInt: 9 ShieldDist: 10.247
arrive destination: True ,out of road:False   Total T: 219669 Episode Num: 598 Episode T: 305 Reward: 274.854 Cost: 6.000 ShieldInt: 11 ShieldDist: 9.073
---------------------------------------
Evaluation over 20 episodes: 0.900 Cost 15.300.             SafeRL used : use_qpsl
---------------------------------------
[34;1m
Time: 2026-07-02 01:40:44, Time spent from previous logger: 348.644 s[0m
[34;1mCustomLogger with fileds: ['total_steps', 'EpRet', 'EpCost', 'CostRate', 'MeanPain', 'TriggerRate', 'MeanRisk', 'MeanLongitudinalDelta', 'SteeringLimitRate'][0m
[34;1mfieldvalues: [220000, 0.9, 15.3, 0.038291083141287006, 0.0, 0.0, 0.0, 0.0, 0.0]
[0m
arrive destination: True ,out of road:False   Total T: 220195 Episode Num: 599 Episode T: 526 Reward: 609.486 Cost: 9.000 ShieldInt: 0 ShieldDist: 0.000
arrive destination: False ,out of road:True   Total T: 220410 Episode Num: 600 Episode T: 215 Reward: 209.820 Cost: 5.000 ShieldInt: 4 ShieldDist: 4.568
arrive destination: True ,out of road:False   Total T: 220997 Episode Num: 601 Episode T: 587 Reward: 497.605 Cost: 18.000 ShieldInt: 35 ShieldDist: 37.048
arrive destination: True ,out of road:False   Total T: 221346 Episode Num: 602 Episode T: 349 Reward: 393.730 Cost: 0.000 ShieldInt: 2 ShieldDist: 0.300
arrive destination: True ,out of road:False   Total T: 221882 Episode Num: 603 Episode T: 536 Reward: 419.175 Cost: 29.000 ShieldInt: 39 ShieldDist: 48.751
arrive destination: True ,out of road:False   Total T: 222136 Episode Num: 604 Episode T: 254 Reward: 232.991 Cost: 7.000 ShieldInt: 8 ShieldDist: 5.331
arrive destination: True ,out of road:False   Total T: 222709 Episode Num: 605 Episode T: 573 Reward: 471.284 Cost: 10.000 ShieldInt: 68 ShieldDist: 104.676
arrive destination: True ,out of road:False   Total T: 223336 Episode Num: 606 Episode T: 627 Reward: 422.200 Cost: 26.000 ShieldInt: 40 ShieldDist: 39.713
arrive destination: True ,out of road:False   Total T: 223696 Episode Num: 607 Episode T: 360 Reward: 288.737 Cost: 25.000 ShieldInt: 20 ShieldDist: 17.818
arrive destination: True ,out of road:False   Total T: 223973 Episode Num: 608 Episode T: 277 Reward: 295.850 Cost: 3.000 ShieldInt: 9 ShieldDist: 9.146
arrive destination: False ,out of road:True   Total T: 224094 Episode Num: 609 Episode T: 121 Reward: 88.495 Cost: 1.000 ShieldInt: 0 ShieldDist: 0.000
arrive destination: False ,out of road:True   Total T: 224298 Episode Num: 610 Episode T: 204 Reward: 203.899 Cost: 1.000 ShieldInt: 1 ShieldDist: 0.150
arrive destination: True ,out of road:False   Total T: 224570 Episode Num: 611 Episode T: 272 Reward: 295.737 Cost: 5.000 ShieldInt: 8 ShieldDist: 5.696
arrive destination: True ,out of road:False   Total T: 224906 Episode Num: 612 Episode T: 336 Reward: 294.341 Cost: 9.000 ShieldInt: 3 ShieldDist: 2.295
arrive destination: True ,out of road:False   Total T: 225334 Episode Num: 613 Episode T: 428 Reward: 335.244 Cost: 20.000 ShieldInt: 14 ShieldDist: 10.403
arrive destination: False ,out of road:True   Total T: 225572 Episode Num: 614 Episode T: 238 Reward: 250.034 Cost: 8.000 ShieldInt: 2 ShieldDist: 0.300
arrive destination: True ,out of road:False   Total T: 225995 Episode Num: 615 Episode T: 423 Reward: 371.176 Cost: 16.000 ShieldInt: 11 ShieldDist: 11.336
arrive destination: True ,out of road:False   Total T: 226348 Episode Num: 616 Episode T: 353 Reward: 400.030 Cost: 3.000 ShieldInt: 10 ShieldDist: 8.150
arrive destination: True ,out of road:False   Total T: 226841 Episode Num: 617 Episode T: 493 Reward: 468.861 Cost: 14.000 ShieldInt: 14 ShieldDist: 13.354
arrive destination: True ,out of road:False   Total T: 227288 Episode Num: 618 Episode T: 447 Reward: 468.765 Cost: 7.000 ShieldInt: 6 ShieldDist: 4.245
arrive destination: True ,out of road:False   Total T: 227725 Episode Num: 619 Episode T: 437 Reward: 384.119 Cost: 3.000 ShieldInt: 4 ShieldDist: 0.600
arrive destination: False ,out of road:False   Total T: 228725 Episode Num: 620 Episode T: 1000 Reward: 64.867 Cost: 37.000 ShieldInt: 138 ShieldDist: 147.596
arrive destination: True ,out of road:False   Total T: 229317 Episode Num: 621 Episode T: 592 Reward: 233.333 Cost: 23.000 ShieldInt: 5 ShieldDist: 5.875
arrive destination: True ,out of road:False   Total T: 229850 Episode Num: 622 Episode T: 533 Reward: 412.963 Cost: 28.000 ShieldInt: 14 ShieldDist: 9.513
---------------------------------------
Evaluation over 20 episodes: 0.750 Cost 13.950.             SafeRL used : use_qpsl
---------------------------------------
[34;1m
Time: 2026-07-02 01:46:14, Time spent from previous logger: 329.925 s[0m
[34;1mCustomLogger with fileds: ['total_steps', 'EpRet', 'EpCost', 'CostRate', 'MeanPain', 'TriggerRate', 'MeanRisk', 'MeanLongitudinalDelta', 'SteeringLimitRate'][0m
[34;1mfieldvalues: [230000, 0.75, 13.95, 0.03794364323323145, 0.0, 0.0, 0.0, 0.0, 0.0]
[0m
arrive destination: True ,out of road:False   Total T: 230351 Episode Num: 623 Episode T: 501 Reward: 453.052 Cost: 9.000 ShieldInt: 11 ShieldDist: 8.118
arrive destination: True ,out of road:False   Total T: 230876 Episode Num: 624 Episode T: 525 Reward: 473.300 Cost: 7.000 ShieldInt: 10 ShieldDist: 5.129
arrive destination: False ,out of road:True   Total T: 231160 Episode Num: 625 Episode T: 284 Reward: 244.646 Cost: 7.000 ShieldInt: 10 ShieldDist: 9.604
arrive destination: True ,out of road:False   Total T: 231654 Episode Num: 626 Episode T: 494 Reward: 398.045 Cost: 13.000 ShieldInt: 27 ShieldDist: 37.311
arrive destination: True ,out of road:False   Total T: 232141 Episode Num: 627 Episode T: 487 Reward: 336.178 Cost: 24.000 ShieldInt: 4 ShieldDist: 0.566
arrive destination: False ,out of road:True   Total T: 232362 Episode Num: 628 Episode T: 221 Reward: 206.574 Cost: 11.000 ShieldInt: 9 ShieldDist: 9.108
arrive destination: True ,out of road:False   Total T: 232690 Episode Num: 629 Episode T: 328 Reward: 395.208 Cost: 0.000 ShieldInt: 1 ShieldDist: 0.150
arrive destination: False ,out of road:True   Total T: 232941 Episode Num: 630 Episode T: 251 Reward: 198.032 Cost: 3.000 ShieldInt: 5 ShieldDist: 1.772
arrive destination: True ,out of road:False   Total T: 233475 Episode Num: 631 Episode T: 534 Reward: 463.322 Cost: 21.000 ShieldInt: 13 ShieldDist: 9.888
arrive destination: True ,out of road:False   Total T: 233780 Episode Num: 632 Episode T: 305 Reward: 276.182 Cost: 8.000 ShieldInt: 4 ShieldDist: 0.557
arrive destination: True ,out of road:False   Total T: 234396 Episode Num: 633 Episode T: 616 Reward: 496.119 Cost: 28.000 ShieldInt: 25 ShieldDist: 25.018
arrive destination: False ,out of road:True   Total T: 234501 Episode Num: 634 Episode T: 105 Reward: 72.420 Cost: 5.000 ShieldInt: 1 ShieldDist: 0.150
arrive destination: True ,out of road:False   Total T: 234993 Episode Num: 635 Episode T: 492 Reward: 398.363 Cost: 22.000 ShieldInt: 20 ShieldDist: 21.894
arrive destination: False ,out of road:False   Total T: 235993 Episode Num: 636 Episode T: 1000 Reward: 77.840 Cost: 42.000 ShieldInt: 55 ShieldDist: 38.811
arrive destination: True ,out of road:False   Total T: 236322 Episode Num: 637 Episode T: 329 Reward: 287.091 Cost: 5.000 ShieldInt: 10 ShieldDist: 1.348
arrive destination: False ,out of road:True   Total T: 236430 Episode Num: 638 Episode T: 108 Reward: 72.427 Cost: 6.000 ShieldInt: 2 ShieldDist: 0.185
arrive destination: True ,out of road:False   Total T: 236878 Episode Num: 639 Episode T: 448 Reward: 370.904 Cost: 4.000 ShieldInt: 6 ShieldDist: 4.692
arrive destination: False ,out of road:True   Total T: 236984 Episode Num: 640 Episode T: 106 Reward: 73.903 Cost: 4.000 ShieldInt: 3 ShieldDist: 3.762
arrive destination: False ,out of road:False   Total T: 237984 Episode Num: 641 Episode T: 1000 Reward: 367.757 Cost: 14.000 ShieldInt: 608 ShieldDist: 1129.731
arrive destination: True ,out of road:False   Total T: 238596 Episode Num: 642 Episode T: 612 Reward: 498.454 Cost: 17.000 ShieldInt: 43 ShieldDist: 45.298
arrive destination: True ,out of road:False   Total T: 239099 Episode Num: 643 Episode T: 503 Reward: 412.465 Cost: 19.000 ShieldInt: 27 ShieldDist: 34.524
arrive destination: True ,out of road:False   Total T: 239757 Episode Num: 644 Episode T: 658 Reward: 433.552 Cost: 41.000 ShieldInt: 60 ShieldDist: 89.487
---------------------------------------
Evaluation over 20 episodes: 0.850 Cost 16.150.             SafeRL used : use_qpsl
---------------------------------------
[34;1m
Time: 2026-07-02 01:51:45, Time spent from previous logger: 331.562 s[0m
[34;1mCustomLogger with fileds: ['total_steps', 'EpRet', 'EpCost', 'CostRate', 'MeanPain', 'TriggerRate', 'MeanRisk', 'MeanLongitudinalDelta', 'SteeringLimitRate'][0m
[34;1mfieldvalues: [240000, 0.85, 16.15, 0.03769182371593215, 0.0, 0.0, 0.0, 0.0, 0.0]
[0m
arrive destination: True ,out of road:False   Total T: 240280 Episode Num: 645 Episode T: 523 Reward: 476.781 Cost: 9.000 ShieldInt: 4 ShieldDist: 0.583
arrive destination: False ,out of road:True   Total T: 240664 Episode Num: 646 Episode T: 384 Reward: 370.536 Cost: 12.000 ShieldInt: 5 ShieldDist: 0.706
arrive destination: True ,out of road:False   Total T: 240881 Episode Num: 647 Episode T: 217 Reward: 233.333 Cost: 8.000 ShieldInt: 5 ShieldDist: 4.296
arrive destination: True ,out of road:False   Total T: 241305 Episode Num: 648 Episode T: 424 Reward: 379.536 Cost: 16.000 ShieldInt: 18 ShieldDist: 14.196
arrive destination: True ,out of road:False   Total T: 241787 Episode Num: 649 Episode T: 482 Reward: 336.339 Cost: 18.000 ShieldInt: 21 ShieldDist: 11.053
arrive destination: False ,out of road:True   Total T: 241925 Episode Num: 650 Episode T: 138 Reward: 133.991 Cost: 1.000 ShieldInt: 1 ShieldDist: 0.134
arrive destination: True ,out of road:False   Total T: 242412 Episode Num: 651 Episode T: 487 Reward: 416.443 Cost: 15.000 ShieldInt: 12 ShieldDist: 8.316
arrive destination: True ,out of road:False   Total T: 242827 Episode Num: 652 Episode T: 415 Reward: 377.770 Cost: 20.000 ShieldInt: 22 ShieldDist: 35.317
arrive destination: True ,out of road:False   Total T: 243326 Episode Num: 653 Episode T: 499 Reward: 410.782 Cost: 19.000 ShieldInt: 16 ShieldDist: 13.337
arrive destination: False ,out of road:True   Total T: 243629 Episode Num: 654 Episode T: 303 Reward: 187.323 Cost: 10.000 ShieldInt: 5 ShieldDist: 6.532
arrive destination: True ,out of road:False   Total T: 243916 Episode Num: 655 Episode T: 287 Reward: 296.112 Cost: 18.000 ShieldInt: 20 ShieldDist: 21.275
arrive destination: True ,out of road:False   Total T: 244119 Episode Num: 656 Episode T: 203 Reward: 270.194 Cost: 1.000 ShieldInt: 0 ShieldDist: 0.000
arrive destination: True ,out of road:False   Total T: 244778 Episode Num: 657 Episode T: 659 Reward: 511.394 Cost: 28.000 ShieldInt: 48 ShieldDist: 55.480
arrive destination: True ,out of road:False   Total T: 245059 Episode Num: 658 Episode T: 281 Reward: 275.508 Cost: 0.000 ShieldInt: 4 ShieldDist: 0.578
arrive destination: True ,out of road:False   Total T: 245525 Episode Num: 659 Episode T: 466 Reward: 415.644 Cost: 7.000 ShieldInt: 11 ShieldDist: 4.939
arrive destination: True ,out of road:False   Total T: 245748 Episode Num: 660 Episode T: 223 Reward: 232.155 Cost: 2.000 ShieldInt: 2 ShieldDist: 0.298
arrive destination: True ,out of road:False   Total T: 246061 Episode Num: 661 Episode T: 313 Reward: 268.555 Cost: 4.000 ShieldInt: 3 ShieldDist: 0.409
arrive destination: False ,out of road:True   Total T: 246214 Episode Num: 662 Episode T: 153 Reward: 168.553 Cost: 4.000 ShieldInt: 1 ShieldDist: 0.150
arrive destination: True ,out of road:False   Total T: 246543 Episode Num: 663 Episode T: 329 Reward: 270.198 Cost: 3.000 ShieldInt: 17 ShieldDist: 15.166
arrive destination: True ,out of road:False   Total T: 246826 Episode Num: 664 Episode T: 283 Reward: 274.388 Cost: 3.000 ShieldInt: 2 ShieldDist: 0.300
arrive destination: True ,out of road:False   Total T: 247206 Episode Num: 665 Episode T: 380 Reward: 401.552 Cost: 6.000 ShieldInt: 11 ShieldDist: 13.355
arrive destination: False ,out of road:False   Total T: 248206 Episode Num: 666 Episode T: 1000 Reward: 67.910 Cost: 14.000 ShieldInt: 1 ShieldDist: 0.150
arrive destination: True ,out of road:False   Total T: 248602 Episode Num: 667 Episode T: 396 Reward: 370.785 Cost: 18.000 ShieldInt: 8 ShieldDist: 9.495
arrive destination: True ,out of road:False   Total T: 249165 Episode Num: 668 Episode T: 563 Reward: 465.514 Cost: 15.000 ShieldInt: 14 ShieldDist: 9.188
arrive destination: True ,out of road:False   Total T: 249716 Episode Num: 669 Episode T: 551 Reward: 507.617 Cost: 20.000 ShieldInt: 32 ShieldDist: 21.043
arrive destination: False ,out of road:True   Total T: 249898 Episode Num: 670 Episode T: 182 Reward: 134.809 Cost: 8.000 ShieldInt: 2 ShieldDist: 2.031
---------------------------------------
Evaluation over 20 episodes: 0.800 Cost 16.800.             SafeRL used : use_qpsl
---------------------------------------
[34;1m
Time: 2026-07-02 01:57:18, Time spent from previous logger: 332.929 s[0m
[34;1mCustomLogger with fileds: ['total_steps', 'EpRet', 'EpCost', 'CostRate', 'MeanPain', 'TriggerRate', 'MeanRisk', 'MeanLongitudinalDelta', 'SteeringLimitRate'][0m
[34;1mfieldvalues: [250000, 0.8, 16.8, 0.037264149056596224, 0.0, 0.0, 0.0, 0.0, 0.0]
[0m
arrive destination: True ,out of road:False   Total T: 250492 Episode Num: 671 Episode T: 594 Reward: 382.944 Cost: 44.000 ShieldInt: 54 ShieldDist: 54.520
arrive destination: True ,out of road:False   Total T: 250742 Episode Num: 672 Episode T: 250 Reward: 273.847 Cost: 4.000 ShieldInt: 1 ShieldDist: 0.150
arrive destination: True ,out of road:False   Total T: 251276 Episode Num: 673 Episode T: 534 Reward: 385.413 Cost: 12.000 ShieldInt: 24 ShieldDist: 16.721
arrive destination: True ,out of road:False   Total T: 251760 Episode Num: 674 Episode T: 484 Reward: 382.451 Cost: 13.000 ShieldInt: 18 ShieldDist: 14.419
arrive destination: True ,out of road:False   Total T: 252180 Episode Num: 675 Episode T: 420 Reward: 380.004 Cost: 13.000 ShieldInt: 7 ShieldDist: 2.086
arrive destination: False ,out of road:False   Total T: 253180 Episode Num: 676 Episode T: 1000 Reward: 306.662 Cost: 16.000 ShieldInt: 488 ShieldDist: 818.905
arrive destination: True ,out of road:False   Total T: 253576 Episode Num: 677 Episode T: 396 Reward: 294.504 Cost: 16.000 ShieldInt: 8 ShieldDist: 3.833
arrive destination: True ,out of road:False   Total T: 253768 Episode Num: 678 Episode T: 192 Reward: 269.380 Cost: 5.000 ShieldInt: 2 ShieldDist: 2.050
arrive destination: False ,out of road:True   Total T: 254252 Episode Num: 679 Episode T: 484 Reward: 378.671 Cost: 10.000 ShieldInt: 14 ShieldDist: 5.238
arrive destination: True ,out of road:False   Total T: 254725 Episode Num: 680 Episode T: 473 Reward: 383.005 Cost: 11.000 ShieldInt: 12 ShieldDist: 10.370
arrive destination: True ,out of road:False   Total T: 255196 Episode Num: 681 Episode T: 471 Reward: 381.110 Cost: 13.000 ShieldInt: 37 ShieldDist: 31.543
arrive destination: True ,out of road:False   Total T: 255487 Episode Num: 682 Episode T: 291 Reward: 270.201 Cost: 1.000 ShieldInt: 7 ShieldDist: 2.980
arrive destination: False ,out of road:True   Total T: 255972 Episode Num: 683 Episode T: 485 Reward: 401.822 Cost: 14.000 ShieldInt: 13 ShieldDist: 15.176
arrive destination: True ,out of road:False   Total T: 256431 Episode Num: 684 Episode T: 459 Reward: 378.786 Cost: 20.000 ShieldInt: 8 ShieldDist: 6.719
arrive destination: True ,out of road:False   Total T: 256915 Episode Num: 685 Episode T: 484 Reward: 385.665 Cost: 9.000 ShieldInt: 3 ShieldDist: 0.450
arrive destination: True ,out of road:False   Total T: 257388 Episode Num: 686 Episode T: 473 Reward: 382.270 Cost: 7.000 ShieldInt: 15 ShieldDist: 18.056
arrive destination: True ,out of road:False   Total T: 257679 Episode Num: 687 Episode T: 291 Reward: 296.096 Cost: 22.000 ShieldInt: 19 ShieldDist: 12.097
arrive destination: False ,out of road:False   Total T: 258679 Episode Num: 688 Episode T: 1000 Reward: 133.518 Cost: 9.000 ShieldInt: 1 ShieldDist: 0.150
arrive destination: False ,out of road:True   Total T: 259068 Episode Num: 689 Episode T: 389 Reward: 383.076 Cost: 3.000 ShieldInt: 7 ShieldDist: 3.258
arrive destination: False ,out of road:True   Total T: 259360 Episode Num: 690 Episode T: 292 Reward: 224.241 Cost: 12.000 ShieldInt: 5 ShieldDist: 0.705
arrive destination: True ,out of road:False   Total T: 259612 Episode Num: 691 Episode T: 252 Reward: 295.902 Cost: 8.000 ShieldInt: 5 ShieldDist: 0.701
arrive destination: True ,out of road:False   Total T: 259880 Episode Num: 692 Episode T: 268 Reward: 265.152 Cost: 0.000 ShieldInt: 3 ShieldDist: 0.413
---------------------------------------
Evaluation over 20 episodes: 0.850 Cost 18.050.             SafeRL used : use_qpsl
---------------------------------------
[34;1m
Time: 2026-07-02 02:03:13, Time spent from previous logger: 354.920 s[0m
[34;1mCustomLogger with fileds: ['total_steps', 'EpRet', 'EpCost', 'CostRate', 'MeanPain', 'TriggerRate', 'MeanRisk', 'MeanLongitudinalDelta', 'SteeringLimitRate'][0m
[34;1mfieldvalues: [260000, 0.85, 18.05, 0.03683860322539702, 0.0, 0.0, 0.0, 0.0, 0.0]
[0m
arrive destination: True ,out of road:False   Total T: 260287 Episode Num: 693 Episode T: 407 Reward: 399.349 Cost: 0.000 ShieldInt: 5 ShieldDist: 0.750
arrive destination: False ,out of road:False   Total T: 261287 Episode Num: 694 Episode T: 1000 Reward: 106.907 Cost: 16.000 ShieldInt: 24 ShieldDist: 3.401
arrive destination: True ,out of road:False   Total T: 261957 Episode Num: 695 Episode T: 670 Reward: 378.913 Cost: 47.000 ShieldInt: 136 ShieldDist: 199.508
arrive destination: False ,out of road:True   Total T: 262230 Episode Num: 696 Episode T: 273 Reward: 256.413 Cost: 3.000 ShieldInt: 3 ShieldDist: 1.566
arrive destination: True ,out of road:False   Total T: 262648 Episode Num: 697 Episode T: 418 Reward: 294.675 Cost: 35.000 ShieldInt: 26 ShieldDist: 22.222
arrive destination: True ,out of road:False   Total T: 262980 Episode Num: 698 Episode T: 332 Reward: 283.496 Cost: 3.000 ShieldInt: 5 ShieldDist: 0.706
arrive destination: True ,out of road:False   Total T: 263325 Episode Num: 699 Episode T: 345 Reward: 267.505 Cost: 9.000 ShieldInt: 5 ShieldDist: 0.709
arrive destination: True ,out of road:False   Total T: 263597 Episode Num: 700 Episode T: 272 Reward: 233.314 Cost: 0.000 ShieldInt: 3 ShieldDist: 0.450
arrive destination: True ,out of road:False   Total T: 263983 Episode Num: 701 Episode T: 386 Reward: 402.724 Cost: 1.000 ShieldInt: 4 ShieldDist: 0.600
arrive destination: False ,out of road:True   Total T: 264534 Episode Num: 702 Episode T: 551 Reward: 372.732 Cost: 30.000 ShieldInt: 31 ShieldDist: 18.545
arrive destination: True ,out of road:False   Total T: 264980 Episode Num: 703 Episode T: 446 Reward: 380.804 Cost: 19.000 ShieldInt: 22 ShieldDist: 4.913
arrive destination: True ,out of road:False   Total T: 265486 Episode Num: 704 Episode T: 506 Reward: 471.250 Cost: 2.000 ShieldInt: 11 ShieldDist: 9.792
arrive destination: False ,out of road:True   Total T: 265768 Episode Num: 705 Episode T: 282 Reward: 211.339 Cost: 5.000 ShieldInt: 7 ShieldDist: 2.900
arrive destination: True ,out of road:False   Total T: 266221 Episode Num: 706 Episode T: 453 Reward: 370.587 Cost: 14.000 ShieldInt: 13 ShieldDist: 10.972
arrive destination: False ,out of road:True   Total T: 266558 Episode Num: 707 Episode T: 337 Reward: 240.677 Cost: 22.000 ShieldInt: 8 ShieldDist: 2.897
arrive destination: False ,out of road:False   Total T: 267558 Episode Num: 708 Episode T: 1000 Reward: 159.512 Cost: 31.000 ShieldInt: 16 ShieldDist: 7.426
arrive destination: True ,out of road:False   Total T: 268041 Episode Num: 709 Episode T: 483 Reward: 383.462 Cost: 11.000 ShieldInt: 27 ShieldDist: 33.495
arrive destination: True ,out of road:False   Total T: 268250 Episode Num: 710 Episode T: 209 Reward: 269.300 Cost: 2.000 ShieldInt: 0 ShieldDist: 0.000
arrive destination: True ,out of road:False   Total T: 268618 Episode Num: 711 Episode T: 368 Reward: 265.988 Cost: 7.000 ShieldInt: 13 ShieldDist: 5.570
arrive destination: True ,out of road:False   Total T: 269065 Episode Num: 712 Episode T: 447 Reward: 369.202 Cost: 16.000 ShieldInt: 13 ShieldDist: 7.213
arrive destination: True ,out of road:False   Total T: 269261 Episode Num: 713 Episode T: 196 Reward: 269.431 Cost: 6.000 ShieldInt: 0 ShieldDist: 0.000
arrive destination: False ,out of road:True   Total T: 269648 Episode Num: 714 Episode T: 387 Reward: 277.658 Cost: 15.000 ShieldInt: 6 ShieldDist: 0.820
---------------------------------------
Evaluation over 20 episodes: 0.750 Cost 11.700.             SafeRL used : use_qpsl
---------------------------------------
[34;1m
Time: 2026-07-02 02:08:47, Time spent from previous logger: 333.871 s[0m
[34;1mCustomLogger with fileds: ['total_steps', 'EpRet', 'EpCost', 'CostRate', 'MeanPain', 'TriggerRate', 'MeanRisk', 'MeanLongitudinalDelta', 'SteeringLimitRate'][0m
[34;1mfieldvalues: [270000, 0.75, 11.7, 0.036618654143163495, 0.0, 0.0, 0.0, 0.0, 0.0]
[0m
arrive destination: False ,out of road:False   Total T: 270648 Episode Num: 715 Episode T: 1000 Reward: 559.855 Cost: 36.000 ShieldInt: 4 ShieldDist: 3.652
arrive destination: True ,out of road:False   Total T: 271080 Episode Num: 716 Episode T: 432 Reward: 379.905 Cost: 19.000 ShieldInt: 9 ShieldDist: 7.791
arrive destination: False ,out of road:True   Total T: 271373 Episode Num: 717 Episode T: 293 Reward: 272.184 Cost: 3.000 ShieldInt: 10 ShieldDist: 16.084
arrive destination: True ,out of road:False   Total T: 271811 Episode Num: 718 Episode T: 438 Reward: 380.844 Cost: 28.000 ShieldInt: 9 ShieldDist: 1.285
arrive destination: False ,out of road:True   Total T: 271911 Episode Num: 719 Episode T: 100 Reward: 77.317 Cost: 4.000 ShieldInt: 0 ShieldDist: 0.000
arrive destination: True ,out of road:False   Total T: 272107 Episode Num: 720 Episode T: 196 Reward: 270.114 Cost: 3.000 ShieldInt: 1 ShieldDist: 0.150
arrive destination: True ,out of road:False   Total T: 272633 Episode Num: 721 Episode T: 526 Reward: 414.829 Cost: 14.000 ShieldInt: 26 ShieldDist: 11.378
arrive destination: True ,out of road:False   Total T: 273100 Episode Num: 722 Episode T: 467 Reward: 380.254 Cost: 12.000 ShieldInt: 5 ShieldDist: 0.712
arrive destination: True ,out of road:False   Total T: 273352 Episode Num: 723 Episode T: 252 Reward: 296.008 Cost: 10.000 ShieldInt: 2 ShieldDist: 0.257
arrive destination: True ,out of road:False   Total T: 274022 Episode Num: 724 Episode T: 670 Reward: 464.047 Cost: 46.000 ShieldInt: 27 ShieldDist: 28.450
arrive destination: True ,out of road:False   Total T: 274279 Episode Num: 725 Episode T: 257 Reward: 295.612 Cost: 12.000 ShieldInt: 4 ShieldDist: 0.600
arrive destination: True ,out of road:False   Total T: 274552 Episode Num: 726 Episode T: 273 Reward: 233.819 Cost: 9.000 ShieldInt: 18 ShieldDist: 21.479
arrive destination: False ,out of road:True   Total T: 274727 Episode Num: 727 Episode T: 175 Reward: 209.648 Cost: 6.000 ShieldInt: 3 ShieldDist: 0.315
arrive destination: True ,out of road:False   Total T: 275089 Episode Num: 728 Episode T: 362 Reward: 272.427 Cost: 14.000 ShieldInt: 22 ShieldDist: 24.032
arrive destination: True ,out of road:False   Total T: 275592 Episode Num: 729 Episode T: 503 Reward: 470.646 Cost: 5.000 ShieldInt: 13 ShieldDist: 9.974
arrive destination: True ,out of road:False   Total T: 275891 Episode Num: 730 Episode T: 299 Reward: 275.646 Cost: 2.000 ShieldInt: 16 ShieldDist: 7.726
arrive destination: False ,out of road:True   Total T: 276090 Episode Num: 731 Episode T: 199 Reward: 159.976 Cost: 9.000 ShieldInt: 1 ShieldDist: 1.659
arrive destination: False ,out of road:True   Total T: 276308 Episode Num: 732 Episode T: 218 Reward: 199.330 Cost: 11.000 ShieldInt: 4 ShieldDist: 5.911
arrive destination: False ,out of road:True   Total T: 276408 Episode Num: 733 Episode T: 100 Reward: 76.729 Cost: 8.000 ShieldInt: 3 ShieldDist: 4.221
arrive destination: False ,out of road:True   Total T: 276506 Episode Num: 734 Episode T: 98 Reward: 82.757 Cost: 1.000 ShieldInt: 2 ShieldDist: 0.267
arrive destination: True ,out of road:False   Total T: 277057 Episode Num: 735 Episode T: 551 Reward: 496.165 Cost: 18.000 ShieldInt: 19 ShieldDist: 18.701
arrive destination: True ,out of road:False   Total T: 277720 Episode Num: 736 Episode T: 663 Reward: 497.876 Cost: 26.000 ShieldInt: 34 ShieldDist: 20.928
arrive destination: True ,out of road:False   Total T: 278087 Episode Num: 737 Episode T: 367 Reward: 400.126 Cost: 0.000 ShieldInt: 4 ShieldDist: 0.528
arrive destination: True ,out of road:False   Total T: 278532 Episode Num: 738 Episode T: 445 Reward: 400.126 Cost: 10.000 ShieldInt: 14 ShieldDist: 8.995
arrive destination: False ,out of road:True   Total T: 279045 Episode Num: 739 Episode T: 513 Reward: 305.977 Cost: 31.000 ShieldInt: 10 ShieldDist: 1.451
arrive destination: False ,out of road:True   Total T: 279393 Episode Num: 740 Episode T: 348 Reward: 320.820 Cost: 15.000 ShieldInt: 6 ShieldDist: 2.697
arrive destination: True ,out of road:False   Total T: 279835 Episode Num: 741 Episode T: 442 Reward: 383.748 Cost: 8.000 ShieldInt: 19 ShieldDist: 22.096
---------------------------------------
Evaluation over 20 episodes: 0.800 Cost 15.850.             SafeRL used : use_qpsl
---------------------------------------
[34;1m
Time: 2026-07-02 02:14:34, Time spent from previous logger: 347.292 s[0m
[34;1mCustomLogger with fileds: ['total_steps', 'EpRet', 'EpCost', 'CostRate', 'MeanPain', 'TriggerRate', 'MeanRisk', 'MeanLongitudinalDelta', 'SteeringLimitRate'][0m
[34;1mfieldvalues: [280000, 0.8, 15.85, 0.03657155918413994, 0.0, 0.0, 0.0, 0.0, 0.0]
[0m
arrive destination: True ,out of road:False   Total T: 280267 Episode Num: 742 Episode T: 432 Reward: 360.379 Cost: 14.000 ShieldInt: 12 ShieldDist: 12.971
arrive destination: True ,out of road:False   Total T: 280720 Episode Num: 743 Episode T: 453 Reward: 472.384 Cost: 7.000 ShieldInt: 2 ShieldDist: 0.239
arrive destination: True ,out of road:False   Total T: 280978 Episode Num: 744 Episode T: 258 Reward: 270.742 Cost: 0.000 ShieldInt: 1 ShieldDist: 0.106
arrive destination: False ,out of road:True   Total T: 281213 Episode Num: 745 Episode T: 235 Reward: 224.244 Cost: 2.000 ShieldInt: 3 ShieldDist: 0.450
arrive destination: False ,out of road:True   Total T: 281343 Episode Num: 746 Episode T: 130 Reward: 122.196 Cost: 2.000 ShieldInt: 0 ShieldDist: 0.000
arrive destination: False ,out of road:False   Total T: 282343 Episode Num: 747 Episode T: 1000 Reward: 481.521 Cost: 58.000 ShieldInt: 464 ShieldDist: 779.284
arrive destination: False ,out of road:True   Total T: 282444 Episode Num: 748 Episode T: 101 Reward: 91.403 Cost: 6.000 ShieldInt: 4 ShieldDist: 1.197
arrive destination: True ,out of road:False   Total T: 282899 Episode Num: 749 Episode T: 455 Reward: 379.422 Cost: 17.000 ShieldInt: 17 ShieldDist: 15.427
arrive destination: True ,out of road:False   Total T: 283608 Episode Num: 750 Episode T: 709 Reward: 496.945 Cost: 39.000 ShieldInt: 49 ShieldDist: 26.411
arrive destination: False ,out of road:True   Total T: 283863 Episode Num: 751 Episode T: 255 Reward: 169.246 Cost: 3.000 ShieldInt: 10 ShieldDist: 9.666
arrive destination: False ,out of road:False   Total T: 284863 Episode Num: 752 Episode T: 1000 Reward: 480.487 Cost: 22.000 ShieldInt: 32 ShieldDist: 22.986
arrive destination: True ,out of road:False   Total T: 285211 Episode Num: 753 Episode T: 348 Reward: 266.362 Cost: 3.000 ShieldInt: 6 ShieldDist: 0.820
arrive destination: True ,out of road:False   Total T: 285516 Episode Num: 754 Episode T: 305 Reward: 274.797 Cost: 1.000 ShieldInt: 4 ShieldDist: 0.566
arrive destination: True ,out of road:False   Total T: 285737 Episode Num: 755 Episode T: 221 Reward: 295.439 Cost: 2.000 ShieldInt: 4 ShieldDist: 0.555
arrive destination: True ,out of road:False   Total T: 286109 Episode Num: 756 Episode T: 372 Reward: 294.808 Cost: 16.000 ShieldInt: 21 ShieldDist: 12.946
arrive destination: True ,out of road:False   Total T: 286441 Episode Num: 757 Episode T: 332 Reward: 269.835 Cost: 8.000 ShieldInt: 3 ShieldDist: 0.450
arrive destination: True ,out of road:False   Total T: 286843 Episode Num: 758 Episode T: 402 Reward: 372.567 Cost: 10.000 ShieldInt: 20 ShieldDist: 26.054
arrive destination: True ,out of road:False   Total T: 287133 Episode Num: 759 Episode T: 290 Reward: 277.603 Cost: 0.000 ShieldInt: 4 ShieldDist: 0.600
arrive destination: False ,out of road:True   Total T: 287540 Episode Num: 760 Episode T: 407 Reward: 318.743 Cost: 43.000 ShieldInt: 30 ShieldDist: 31.581
arrive destination: True ,out of road:False   Total T: 287906 Episode Num: 761 Episode T: 366 Reward: 398.844 Cost: 0.000 ShieldInt: 5 ShieldDist: 0.644
arrive destination: False ,out of road:True   Total T: 288131 Episode Num: 762 Episode T: 225 Reward: 217.748 Cost: 13.000 ShieldInt: 5 ShieldDist: 4.545
arrive destination: True ,out of road:False   Total T: 288540 Episode Num: 763 Episode T: 409 Reward: 272.283 Cost: 8.000 ShieldInt: 6 ShieldDist: 0.843
arrive destination: True ,out of road:False   Total T: 289081 Episode Num: 764 Episode T: 541 Reward: 420.637 Cost: 23.000 ShieldInt: 20 ShieldDist: 11.716
arrive destination: True ,out of road:False   Total T: 289542 Episode Num: 765 Episode T: 461 Reward: 376.590 Cost: 20.000 ShieldInt: 34 ShieldDist: 48.634
---------------------------------------
Evaluation over 20 episodes: 0.750 Cost 12.100.             SafeRL used : use_qpsl
---------------------------------------
[34;1m
Time: 2026-07-02 02:20:08, Time spent from previous logger: 333.828 s[0m
[34;1mCustomLogger with fileds: ['total_steps', 'EpRet', 'EpCost', 'CostRate', 'MeanPain', 'TriggerRate', 'MeanRisk', 'MeanLongitudinalDelta', 'SteeringLimitRate'][0m
[34;1mfieldvalues: [290000, 0.75, 12.1, 0.03646909127272853, 0.0, 0.0, 0.0, 0.0, 0.0]
[0m
arrive destination: False ,out of road:False   Total T: 290542 Episode Num: 766 Episode T: 1000 Reward: 484.385 Cost: 59.000 ShieldInt: 44 ShieldDist: 17.571
arrive destination: True ,out of road:False   Total T: 290815 Episode Num: 767 Episode T: 273 Reward: 270.844 Cost: 2.000 ShieldInt: 8 ShieldDist: 1.132
arrive destination: False ,out of road:True   Total T: 290915 Episode Num: 768 Episode T: 100 Reward: 84.478 Cost: 2.000 ShieldInt: 0 ShieldDist: 0.000
arrive destination: True ,out of road:False   Total T: 291411 Episode Num: 769 Episode T: 496 Reward: 412.448 Cost: 14.000 ShieldInt: 13 ShieldDist: 3.549
arrive destination: True ,out of road:False   Total T: 291944 Episode Num: 770 Episode T: 533 Reward: 496.347 Cost: 21.000 ShieldInt: 31 ShieldDist: 37.820
arrive destination: True ,out of road:False   Total T: 292446 Episode Num: 771 Episode T: 502 Reward: 474.931 Cost: 18.000 ShieldInt: 19 ShieldDist: 21.749
arrive destination: True ,out of road:False   Total T: 292702 Episode Num: 772 Episode T: 256 Reward: 234.090 Cost: 2.000 ShieldInt: 7 ShieldDist: 4.783
arrive destination: True ,out of road:False   Total T: 292912 Episode Num: 773 Episode T: 210 Reward: 270.086 Cost: 4.000 ShieldInt: 3 ShieldDist: 3.945
arrive destination: True ,out of road:False   Total T: 293409 Episode Num: 774 Episode T: 497 Reward: 475.157 Cost: 3.000 ShieldInt: 18 ShieldDist: 19.947
arrive destination: False ,out of road:True   Total T: 293516 Episode Num: 775 Episode T: 107 Reward: 93.552 Cost: 2.000 ShieldInt: 1 ShieldDist: 0.153
arrive destination: True ,out of road:False   Total T: 294012 Episode Num: 776 Episode T: 496 Reward: 373.236 Cost: 19.000 ShieldInt: 30 ShieldDist: 34.576
arrive destination: True ,out of road:False   Total T: 294385 Episode Num: 777 Episode T: 373 Reward: 399.815 Cost: 9.000 ShieldInt: 19 ShieldDist: 17.816
arrive destination: True ,out of road:False   Total T: 294710 Episode Num: 778 Episode T: 325 Reward: 287.414 Cost: 5.000 ShieldInt: 12 ShieldDist: 1.654
arrive destination: True ,out of road:False   Total T: 295163 Episode Num: 779 Episode T: 453 Reward: 384.169 Cost: 5.000 ShieldInt: 24 ShieldDist: 15.741
arrive destination: True ,out of road:False   Total T: 295614 Episode Num: 780 Episode T: 451 Reward: 369.173 Cost: 7.000 ShieldInt: 20 ShieldDist: 24.267
arrive destination: True ,out of road:False   Total T: 295907 Episode Num: 781 Episode T: 293 Reward: 274.597 Cost: 4.000 ShieldInt: 13 ShieldDist: 16.273
arrive destination: True ,out of road:False   Total T: 296116 Episode Num: 782 Episode T: 209 Reward: 269.944 Cost: 0.000 ShieldInt: 0 ShieldDist: 0.000
arrive destination: False ,out of road:True   Total T: 296219 Episode Num: 783 Episode T: 103 Reward: 89.309 Cost: 1.000 ShieldInt: 6 ShieldDist: 0.844
arrive destination: True ,out of road:False   Total T: 296574 Episode Num: 784 Episode T: 355 Reward: 267.791 Cost: 15.000 ShieldInt: 14 ShieldDist: 13.250
arrive destination: False ,out of road:False   Total T: 297574 Episode Num: 785 Episode T: 1000 Reward: 226.667 Cost: 15.000 ShieldInt: 680 ShieldDist: 1250.817
arrive destination: True ,out of road:False   Total T: 297794 Episode Num: 786 Episode T: 220 Reward: 232.756 Cost: 2.000 ShieldInt: 4 ShieldDist: 0.597
arrive destination: True ,out of road:False   Total T: 298171 Episode Num: 787 Episode T: 377 Reward: 406.821 Cost: 0.000 ShieldInt: 3 ShieldDist: 0.450
arrive destination: False ,out of road:True   Total T: 298506 Episode Num: 788 Episode T: 335 Reward: 339.586 Cost: 1.000 ShieldInt: 3 ShieldDist: 0.415
arrive destination: True ,out of road:False   Total T: 298731 Episode Num: 789 Episode T: 225 Reward: 232.843 Cost: 4.000 ShieldInt: 5 ShieldDist: 0.710
arrive destination: True ,out of road:False   Total T: 299617 Episode Num: 790 Episode T: 886 Reward: 336.447 Cost: 34.000 ShieldInt: 428 ShieldDist: 702.399
---------------------------------------
Evaluation over 20 episodes: 0.700 Cost 19.150.             SafeRL used : use_qpsl
---------------------------------------
[34;1m
Time: 2026-07-02 02:25:34, Time spent from previous logger: 325.719 s[0m
[34;1mCustomLogger with fileds: ['total_steps', 'EpRet', 'EpCost', 'CostRate', 'MeanPain', 'TriggerRate', 'MeanRisk', 'MeanLongitudinalDelta', 'SteeringLimitRate'][0m
[34;1mfieldvalues: [300000, 0.7, 19.15, 0.03601678672262241, 0.0, 0.0, 0.0, 0.0, 0.0]
[0m
arrive destination: True ,out of road:False   Total T: 300523 Episode Num: 791 Episode T: 906 Reward: 670.312 Cost: 25.000 ShieldInt: 21 ShieldDist: 18.902
arrive destination: True ,out of road:False   Total T: 300959 Episode Num: 792 Episode T: 436 Reward: 335.911 Cost: 26.000 ShieldInt: 21 ShieldDist: 19.585
arrive destination: True ,out of road:False   Total T: 301553 Episode Num: 793 Episode T: 594 Reward: 463.716 Cost: 24.000 ShieldInt: 15 ShieldDist: 4.042
arrive destination: False ,out of road:True   Total T: 301763 Episode Num: 794 Episode T: 210 Reward: 202.814 Cost: 1.000 ShieldInt: 1 ShieldDist: 0.150
arrive destination: True ,out of road:False   Total T: 302757 Episode Num: 795 Episode T: 994 Reward: 422.131 Cost: 64.000 ShieldInt: 109 ShieldDist: 154.020
arrive destination: True ,out of road:False   Total T: 302990 Episode Num: 796 Episode T: 233 Reward: 233.144 Cost: 10.000 ShieldInt: 9 ShieldDist: 5.626
arrive destination: True ,out of road:False   Total T: 303440 Episode Num: 797 Episode T: 450 Reward: 400.143 Cost: 13.000 ShieldInt: 12 ShieldDist: 18.033
arrive destination: True ,out of road:False   Total T: 303982 Episode Num: 798 Episode T: 542 Reward: 412.451 Cost: 32.000 ShieldInt: 42 ShieldDist: 52.393
arrive destination: False ,out of road:True   Total T: 304094 Episode Num: 799 Episode T: 112 Reward: 86.295 Cost: 1.000 ShieldInt: 4 ShieldDist: 0.508
arrive destination: True ,out of road:False   Total T: 304682 Episode Num: 800 Episode T: 588 Reward: 498.384 Cost: 19.000 ShieldInt: 33 ShieldDist: 16.494
arrive destination: True ,out of road:False   Total T: 305023 Episode Num: 801 Episode T: 341 Reward: 272.126 Cost: 4.000 ShieldInt: 16 ShieldDist: 2.311
arrive destination: True ,out of road:False   Total T: 305862 Episode Num: 802 Episode T: 839 Reward: 336.480 Cost: 32.000 ShieldInt: 423 ShieldDist: 723.105
arrive destination: True ,out of road:False   Total T: 306452 Episode Num: 803 Episode T: 590 Reward: 336.387 Cost: 42.000 ShieldInt: 40 ShieldDist: 5.579
arrive destination: False ,out of road:True   Total T: 306738 Episode Num: 804 Episode T: 286 Reward: 184.689 Cost: 16.000 ShieldInt: 19 ShieldDist: 26.450
arrive destination: True ,out of road:False   Total T: 307019 Episode Num: 805 Episode T: 281 Reward: 276.063 Cost: 0.000 ShieldInt: 2 ShieldDist: 2.090
arrive destination: True ,out of road:False   Total T: 307311 Episode Num: 806 Episode T: 292 Reward: 231.057 Cost: 6.000 ShieldInt: 15 ShieldDist: 16.073
arrive destination: True ,out of road:False   Total T: 307908 Episode Num: 807 Episode T: 597 Reward: 416.539 Cost: 21.000 ShieldInt: 30 ShieldDist: 22.685
arrive destination: True ,out of road:False   Total T: 308390 Episode Num: 808 Episode T: 482 Reward: 385.237 Cost: 12.000 ShieldInt: 33 ShieldDist: 24.832
arrive destination: True ,out of road:False   Total T: 308816 Episode Num: 809 Episode T: 426 Reward: 379.919 Cost: 21.000 ShieldInt: 16 ShieldDist: 20.969
arrive destination: True ,out of road:False   Total T: 309092 Episode Num: 810 Episode T: 276 Reward: 266.833 Cost: 9.000 ShieldInt: 6 ShieldDist: 2.658
arrive destination: True ,out of road:False   Total T: 309561 Episode Num: 811 Episode T: 469 Reward: 382.007 Cost: 14.000 ShieldInt: 13 ShieldDist: 12.144
arrive destination: True ,out of road:False   Total T: 309929 Episode Num: 812 Episode T: 368 Reward: 397.726 Cost: 0.000 ShieldInt: 5 ShieldDist: 0.705
---------------------------------------
Evaluation over 20 episodes: 0.650 Cost 12.350.             SafeRL used : use_qpsl
---------------------------------------
[34;1m
Time: 2026-07-02 02:31:10, Time spent from previous logger: 336.308 s[0m
[34;1mCustomLogger with fileds: ['total_steps', 'EpRet', 'EpCost', 'CostRate', 'MeanPain', 'TriggerRate', 'MeanRisk', 'MeanLongitudinalDelta', 'SteeringLimitRate'][0m
[34;1mfieldvalues: [310000, 0.65, 12.35, 0.036093664818273606, 0.0, 0.0, 0.0, 0.0, 0.0]
[0m
arrive destination: True ,out of road:False   Total T: 310326 Episode Num: 813 Episode T: 397 Reward: 334.343 Cost: 10.000 ShieldInt: 22 ShieldDist: 32.086
arrive destination: True ,out of road:False   Total T: 310792 Episode Num: 814 Episode T: 466 Reward: 383.892 Cost: 18.000 ShieldInt: 17 ShieldDist: 18.393
arrive destination: False ,out of road:True   Total T: 311020 Episode Num: 815 Episode T: 228 Reward: 227.341 Cost: 1.000 ShieldInt: 3 ShieldDist: 0.450
arrive destination: True ,out of road:False   Total T: 311772 Episode Num: 816 Episode T: 752 Reward: 336.491 Cost: 19.000 ShieldInt: 14 ShieldDist: 19.323
arrive destination: True ,out of road:False   Total T: 312143 Episode Num: 817 Episode T: 371 Reward: 370.412 Cost: 11.000 ShieldInt: 9 ShieldDist: 1.271
arrive destination: True ,out of road:False   Total T: 312663 Episode Num: 818 Episode T: 520 Reward: 466.039 Cost: 10.000 ShieldInt: 17 ShieldDist: 9.606
arrive destination: False ,out of road:True   Total T: 312773 Episode Num: 819 Episode T: 110 Reward: 86.242 Cost: 3.000 ShieldInt: 1 ShieldDist: 0.150
arrive destination: True ,out of road:False   Total T: 313048 Episode Num: 820 Episode T: 275 Reward: 295.420 Cost: 2.000 ShieldInt: 16 ShieldDist: 28.207
arrive destination: True ,out of road:False   Total T: 313517 Episode Num: 821 Episode T: 469 Reward: 372.370 Cost: 19.000 ShieldInt: 18 ShieldDist: 16.818
arrive destination: False ,out of road:True   Total T: 313625 Episode Num: 822 Episode T: 108 Reward: 86.063 Cost: 4.000 ShieldInt: 1 ShieldDist: 0.111
arrive destination: False ,out of road:True   Total T: 313988 Episode Num: 823 Episode T: 363 Reward: 275.537 Cost: 13.000 ShieldInt: 10 ShieldDist: 10.549
arrive destination: True ,out of road:False   Total T: 314212 Episode Num: 824 Episode T: 224 Reward: 295.977 Cost: 10.000 ShieldInt: 5 ShieldDist: 6.889
arrive destination: True ,out of road:False   Total T: 314479 Episode Num: 825 Episode T: 267 Reward: 295.974 Cost: 11.000 ShieldInt: 10 ShieldDist: 9.933
arrive destination: True ,out of road:False   Total T: 314901 Episode Num: 826 Episode T: 422 Reward: 383.873 Cost: 3.000 ShieldInt: 24 ShieldDist: 30.795
arrive destination: True ,out of road:False   Total T: 315168 Episode Num: 827 Episode T: 267 Reward: 295.590 Cost: 8.000 ShieldInt: 6 ShieldDist: 9.895
arrive destination: True ,out of road:False   Total T: 315699 Episode Num: 828 Episode T: 531 Reward: 417.487 Cost: 13.000 ShieldInt: 7 ShieldDist: 0.919
arrive destination: True ,out of road:False   Total T: 316209 Episode Num: 829 Episode T: 510 Reward: 385.079 Cost: 16.000 ShieldInt: 37 ShieldDist: 40.046
arrive destination: True ,out of road:False   Total T: 316496 Episode Num: 830 Episode T: 287 Reward: 272.933 Cost: 3.000 ShieldInt: 16 ShieldDist: 22.327
arrive destination: True ,out of road:False   Total T: 316793 Episode Num: 831 Episode T: 297 Reward: 273.545 Cost: 3.000 ShieldInt: 3 ShieldDist: 0.450
arrive destination: True ,out of road:False   Total T: 317309 Episode Num: 832 Episode T: 516 Reward: 475.907 Cost: 6.000 ShieldInt: 18 ShieldDist: 21.922
arrive destination: True ,out of road:False   Total T: 317800 Episode Num: 833 Episode T: 491 Reward: 473.647 Cost: 6.000 ShieldInt: 12 ShieldDist: 13.442
arrive destination: False ,out of road:True   Total T: 318063 Episode Num: 834 Episode T: 263 Reward: 218.749 Cost: 6.000 ShieldInt: 5 ShieldDist: 0.750
arrive destination: True ,out of road:False   Total T: 318340 Episode Num: 835 Episode T: 277 Reward: 295.570 Cost: 4.000 ShieldInt: 10 ShieldDist: 17.689
arrive destination: True ,out of road:False   Total T: 318808 Episode Num: 836 Episode T: 468 Reward: 380.074 Cost: 15.000 ShieldInt: 19 ShieldDist: 26.748
arrive destination: True ,out of road:False   Total T: 319282 Episode Num: 837 Episode T: 474 Reward: 379.747 Cost: 19.000 ShieldInt: 12 ShieldDist: 8.604
arrive destination: True ,out of road:False   Total T: 319735 Episode Num: 838 Episode T: 453 Reward: 372.719 Cost: 10.000 ShieldInt: 26 ShieldDist: 24.795
---------------------------------------
Evaluation over 20 episodes: 0.650 Cost 12.950.             SafeRL used : use_qpsl
---------------------------------------
[34;1m
Time: 2026-07-02 02:36:40, Time spent from previous logger: 329.681 s[0m
[34;1mCustomLogger with fileds: ['total_steps', 'EpRet', 'EpCost', 'CostRate', 'MeanPain', 'TriggerRate', 'MeanRisk', 'MeanLongitudinalDelta', 'SteeringLimitRate'][0m
[34;1mfieldvalues: [320000, 0.65, 12.95, 0.035740736689802155, 0.0, 0.0, 0.0, 0.0, 0.0]
[0m
arrive destination: True ,out of road:False   Total T: 320554 Episode Num: 839 Episode T: 819 Reward: 601.185 Cost: 47.000 ShieldInt: 41 ShieldDist: 25.400
arrive destination: True ,out of road:False   Total T: 321022 Episode Num: 840 Episode T: 468 Reward: 379.607 Cost: 16.000 ShieldInt: 25 ShieldDist: 26.126
arrive destination: True ,out of road:False   Total T: 321366 Episode Num: 841 Episode T: 344 Reward: 269.566 Cost: 9.000 ShieldInt: 4 ShieldDist: 0.517
arrive destination: True ,out of road:False   Total T: 321796 Episode Num: 842 Episode T: 430 Reward: 386.029 Cost: 6.000 ShieldInt: 12 ShieldDist: 6.961
arrive destination: True ,out of road:False   Total T: 321995 Episode Num: 843 Episode T: 199 Reward: 269.997 Cost: 3.000 ShieldInt: 3 ShieldDist: 1.808
arrive destination: True ,out of road:False   Total T: 322273 Episode Num: 844 Episode T: 278 Reward: 335.949 Cost: 1.000 ShieldInt: 3 ShieldDist: 0.412
arrive destination: True ,out of road:False   Total T: 322585 Episode Num: 845 Episode T: 312 Reward: 284.540 Cost: 8.000 ShieldInt: 8 ShieldDist: 9.484
arrive destination: True ,out of road:False   Total T: 323024 Episode Num: 846 Episode T: 439 Reward: 268.939 Cost: 8.000 ShieldInt: 8 ShieldDist: 6.296
arrive destination: True ,out of road:False   Total T: 323373 Episode Num: 847 Episode T: 349 Reward: 270.370 Cost: 5.000 ShieldInt: 7 ShieldDist: 5.641
arrive destination: True ,out of road:False   Total T: 323763 Episode Num: 848 Episode T: 390 Reward: 401.477 Cost: 0.000 ShieldInt: 7 ShieldDist: 1.038
arrive destination: False ,out of road:True   Total T: 324173 Episode Num: 849 Episode T: 410 Reward: 357.110 Cost: 7.000 ShieldInt: 16 ShieldDist: 5.208
arrive destination: True ,out of road:False   Total T: 324494 Episode Num: 850 Episode T: 321 Reward: 265.808 Cost: 14.000 ShieldInt: 4 ShieldDist: 0.600
arrive destination: True ,out of road:False   Total T: 324758 Episode Num: 851 Episode T: 264 Reward: 271.768 Cost: 4.000 ShieldInt: 5 ShieldDist: 0.657
arrive destination: True ,out of road:False   Total T: 325029 Episode Num: 852 Episode T: 271 Reward: 267.681 Cost: 0.000 ShieldInt: 6 ShieldDist: 0.866
arrive destination: False ,out of road:True   Total T: 325427 Episode Num: 853 Episode T: 398 Reward: 275.202 Cost: 16.000 ShieldInt: 12 ShieldDist: 3.047
arrive destination: True ,out of road:False   Total T: 325710 Episode Num: 854 Episode T: 283 Reward: 275.504 Cost: 0.000 ShieldInt: 5 ShieldDist: 0.729
arrive destination: True ,out of road:False   Total T: 326031 Episode Num: 855 Episode T: 321 Reward: 271.340 Cost: 4.000 ShieldInt: 11 ShieldDist: 1.577
arrive destination: True ,out of road:False   Total T: 326505 Episode Num: 856 Episode T: 474 Reward: 380.895 Cost: 14.000 ShieldInt: 18 ShieldDist: 20.108
arrive destination: False ,out of road:True   Total T: 326658 Episode Num: 857 Episode T: 153 Reward: 53.787 Cost: 5.000 ShieldInt: 20 ShieldDist: 8.294
arrive destination: False ,out of road:False   Total T: 327658 Episode Num: 858 Episode T: 1000 Reward: 373.825 Cost: 48.000 ShieldInt: 518 ShieldDist: 966.220
arrive destination: False ,out of road:True   Total T: 328052 Episode Num: 859 Episode T: 394 Reward: 340.186 Cost: 13.000 ShieldInt: 6 ShieldDist: 0.822
arrive destination: True ,out of road:False   Total T: 328274 Episode Num: 860 Episode T: 222 Reward: 269.918 Cost: 4.000 ShieldInt: 2 ShieldDist: 0.300
arrive destination: True ,out of road:False   Total T: 328870 Episode Num: 861 Episode T: 596 Reward: 501.073 Cost: 25.000 ShieldInt: 27 ShieldDist: 24.553
arrive destination: True ,out of road:False   Total T: 329124 Episode Num: 862 Episode T: 254 Reward: 273.913 Cost: 2.000 ShieldInt: 0 ShieldDist: 0.000
arrive destination: True ,out of road:False   Total T: 329743 Episode Num: 863 Episode T: 619 Reward: 500.120 Cost: 37.000 ShieldInt: 44 ShieldDist: 49.246
---------------------------------------
Evaluation over 20 episodes: 0.750 Cost 14.750.             SafeRL used : use_qpsl
---------------------------------------
[34;1m
Time: 2026-07-02 02:42:27, Time spent from previous logger: 347.104 s[0m
[34;1mCustomLogger with fileds: ['total_steps', 'EpRet', 'EpCost', 'CostRate', 'MeanPain', 'TriggerRate', 'MeanRisk', 'MeanLongitudinalDelta', 'SteeringLimitRate'][0m
[34;1mfieldvalues: [330000, 0.75, 14.75, 0.03555768350813184, 0.0, 0.0, 0.0, 0.0, 0.0]
[0m
arrive destination: True ,out of road:False   Total T: 330699 Episode Num: 864 Episode T: 956 Reward: 666.837 Cost: 41.000 ShieldInt: 39 ShieldDist: 23.623
arrive destination: True ,out of road:False   Total T: 330962 Episode Num: 865 Episode T: 263 Reward: 232.718 Cost: 6.000 ShieldInt: 18 ShieldDist: 18.680
arrive destination: True ,out of road:False   Total T: 331473 Episode Num: 866 Episode T: 511 Reward: 422.917 Cost: 20.000 ShieldInt: 19 ShieldDist: 2.692
arrive destination: True ,out of road:False   Total T: 332058 Episode Num: 867 Episode T: 585 Reward: 464.667 Cost: 17.000 ShieldInt: 25 ShieldDist: 11.097
arrive destination: True ,out of road:False   Total T: 332283 Episode Num: 868 Episode T: 225 Reward: 296.048 Cost: 1.000 ShieldInt: 1 ShieldDist: 0.126
arrive destination: True ,out of road:False   Total T: 332484 Episode Num: 869 Episode T: 201 Reward: 269.606 Cost: 0.000 ShieldInt: 2 ShieldDist: 0.252
arrive destination: True ,out of road:False   Total T: 332962 Episode Num: 870 Episode T: 478 Reward: 380.482 Cost: 10.000 ShieldInt: 16 ShieldDist: 17.649
arrive destination: True ,out of road:False   Total T: 333402 Episode Num: 871 Episode T: 440 Reward: 399.761 Cost: 11.000 ShieldInt: 20 ShieldDist: 24.279
arrive destination: True ,out of road:False   Total T: 334336 Episode Num: 872 Episode T: 934 Reward: 426.915 Cost: 42.000 ShieldInt: 76 ShieldDist: 46.841
arrive destination: False ,out of road:True   Total T: 334524 Episode Num: 873 Episode T: 188 Reward: 194.047 Cost: 1.000 ShieldInt: 4 ShieldDist: 0.595
arrive destination: True ,out of road:False   Total T: 334811 Episode Num: 874 Episode T: 287 Reward: 284.409 Cost: 11.000 ShieldInt: 4 ShieldDist: 0.600
arrive destination: True ,out of road:False   Total T: 335384 Episode Num: 875 Episode T: 573 Reward: 464.636 Cost: 24.000 ShieldInt: 25 ShieldDist: 25.255
arrive destination: True ,out of road:False   Total T: 335750 Episode Num: 876 Episode T: 366 Reward: 294.709 Cost: 12.000 ShieldInt: 4 ShieldDist: 0.561
arrive destination: True ,out of road:False   Total T: 336019 Episode Num: 877 Episode T: 269 Reward: 295.887 Cost: 7.000 ShieldInt: 8 ShieldDist: 9.978
arrive destination: True ,out of road:False   Total T: 336384 Episode Num: 878 Episode T: 365 Reward: 405.129 Cost: 0.000 ShieldInt: 8 ShieldDist: 1.161
arrive destination: False ,out of road:True   Total T: 336675 Episode Num: 879 Episode T: 291 Reward: 230.114 Cost: 4.000 ShieldInt: 3 ShieldDist: 0.418
arrive destination: True ,out of road:False   Total T: 337309 Episode Num: 880 Episode T: 634 Reward: 497.111 Cost: 16.000 ShieldInt: 26 ShieldDist: 26.081
arrive destination: True ,out of road:False   Total T: 337961 Episode Num: 881 Episode T: 652 Reward: 511.262 Cost: 27.000 ShieldInt: 33 ShieldDist: 16.668
arrive destination: True ,out of road:False   Total T: 338595 Episode Num: 882 Episode T: 634 Reward: 500.946 Cost: 23.000 ShieldInt: 46 ShieldDist: 45.978
arrive destination: True ,out of road:False   Total T: 339000 Episode Num: 883 Episode T: 405 Reward: 336.212 Cost: 4.000 ShieldInt: 15 ShieldDist: 2.210
arrive destination: True ,out of road:False   Total T: 339356 Episode Num: 884 Episode T: 356 Reward: 395.345 Cost: 0.000 ShieldInt: 9 ShieldDist: 1.349
arrive destination: True ,out of road:False   Total T: 339555 Episode Num: 885 Episode T: 199 Reward: 270.182 Cost: 0.000 ShieldInt: 3 ShieldDist: 0.450
arrive destination: True ,out of road:False   Total T: 339980 Episode Num: 886 Episode T: 425 Reward: 387.122 Cost: 5.000 ShieldInt: 18 ShieldDist: 14.237
---------------------------------------
Evaluation over 20 episodes: 0.550 Cost 9.600.             SafeRL used : use_qpsl
---------------------------------------
[34;1m
Time: 2026-07-02 02:48:28, Time spent from previous logger: 361.105 s[0m
[34;1mCustomLogger with fileds: ['total_steps', 'EpRet', 'EpCost', 'CostRate', 'MeanPain', 'TriggerRate', 'MeanRisk', 'MeanLongitudinalDelta', 'SteeringLimitRate'][0m
[34;1mfieldvalues: [340000, 0.55, 9.6, 0.035323633304803835, 0.0, 0.0, 0.0, 0.0, 0.0]
[0m
arrive destination: True ,out of road:False   Total T: 340418 Episode Num: 887 Episode T: 438 Reward: 338.352 Cost: 13.000 ShieldInt: 18 ShieldDist: 13.827
arrive destination: False ,out of road:True   Total T: 340628 Episode Num: 888 Episode T: 210 Reward: 267.637 Cost: 9.000 ShieldInt: 2 ShieldDist: 0.229
arrive destination: False ,out of road:True   Total T: 340973 Episode Num: 889 Episode T: 345 Reward: 351.184 Cost: 3.000 ShieldInt: 4 ShieldDist: 0.600
arrive destination: True ,out of road:False   Total T: 341418 Episode Num: 890 Episode T: 445 Reward: 384.019 Cost: 12.000 ShieldInt: 24 ShieldDist: 28.117
arrive destination: True ,out of road:False   Total T: 341757 Episode Num: 891 Episode T: 339 Reward: 270.259 Cost: 28.000 ShieldInt: 36 ShieldDist: 7.906
arrive destination: True ,out of road:False   Total T: 342100 Episode Num: 892 Episode T: 343 Reward: 275.456 Cost: 13.000 ShieldInt: 17 ShieldDist: 13.695
arrive destination: False ,out of road:False   Total T: 343100 Episode Num: 893 Episode T: 1000 Reward: 278.139 Cost: 56.000 ShieldInt: 666 ShieldDist: 1123.841
arrive destination: True ,out of road:False   Total T: 343459 Episode Num: 894 Episode T: 359 Reward: 266.563 Cost: 14.000 ShieldInt: 27 ShieldDist: 36.906
arrive destination: True ,out of road:False   Total T: 343916 Episode Num: 895 Episode T: 457 Reward: 474.217 Cost: 6.000 ShieldInt: 1 ShieldDist: 0.150
arrive destination: False ,out of road:True   Total T: 344387 Episode Num: 896 Episode T: 471 Reward: 321.347 Cost: 30.000 ShieldInt: 23 ShieldDist: 22.030
arrive destination: False ,out of road:False   Total T: 345387 Episode Num: 897 Episode T: 1000 Reward: 372.285 Cost: 53.000 ShieldInt: 583 ShieldDist: 1082.413
arrive destination: True ,out of road:False   Total T: 345879 Episode Num: 898 Episode T: 492 Reward: 375.892 Cost: 17.000 ShieldInt: 43 ShieldDist: 41.448
arrive destination: False ,out of road:True   Total T: 346018 Episode Num: 899 Episode T: 139 Reward: 134.081 Cost: 1.000 ShieldInt: 10 ShieldDist: 1.446
arrive destination: False ,out of road:True   Total T: 346247 Episode Num: 900 Episode T: 229 Reward: 170.349 Cost: 8.000 ShieldInt: 14 ShieldDist: 10.617
arrive destination: False ,out of road:False   Total T: 347247 Episode Num: 901 Episode T: 1000 Reward: 481.540 Cost: 24.000 ShieldInt: 471 ShieldDist: 706.052
arrive destination: True ,out of road:False   Total T: 347618 Episode Num: 902 Episode T: 371 Reward: 400.014 Cost: 0.000 ShieldInt: 9 ShieldDist: 1.281
arrive destination: True ,out of road:False   Total T: 347944 Episode Num: 903 Episode T: 326 Reward: 286.857 Cost: 2.000 ShieldInt: 5 ShieldDist: 0.644
arrive destination: True ,out of road:False   Total T: 348502 Episode Num: 904 Episode T: 558 Reward: 465.365 Cost: 15.000 ShieldInt: 30 ShieldDist: 26.642
arrive destination: True ,out of road:False   Total T: 348987 Episode Num: 905 Episode T: 485 Reward: 473.998 Cost: 4.000 ShieldInt: 4 ShieldDist: 0.600
arrive destination: True ,out of road:False   Total T: 349187 Episode Num: 906 Episode T: 200 Reward: 270.180 Cost: 2.000 ShieldInt: 3 ShieldDist: 3.760
arrive destination: True ,out of road:False   Total T: 349461 Episode Num: 907 Episode T: 274 Reward: 296.037 Cost: 3.000 ShieldInt: 7 ShieldDist: 12.220
arrive destination: True ,out of road:False   Total T: 349865 Episode Num: 908 Episode T: 404 Reward: 367.913 Cost: 7.000 ShieldInt: 17 ShieldDist: 2.410
arrive destination: False ,out of road:True   Total T: 349963 Episode Num: 909 Episode T: 98 Reward: 82.280 Cost: 2.000 ShieldInt: 0 ShieldDist: 0.000
---------------------------------------
Evaluation over 20 episodes: 0.950 Cost 15.350.             SafeRL used : use_qpsl
---------------------------------------
[34;1m
Time: 2026-07-02 02:54:13, Time spent from previous logger: 344.519 s[0m
[34;1mCustomLogger with fileds: ['total_steps', 'EpRet', 'EpCost', 'CostRate', 'MeanPain', 'TriggerRate', 'MeanRisk', 'MeanLongitudinalDelta', 'SteeringLimitRate'][0m
[34;1mfieldvalues: [350000, 0.95, 15.35, 0.0352343863839611, 0.0, 0.0, 0.0, 0.0, 0.0]
[0m
arrive destination: False ,out of road:False   Total T: 350963 Episode Num: 910 Episode T: 1000 Reward: 137.405 Cost: 10.000 ShieldInt: 15 ShieldDist: 21.288
arrive destination: True ,out of road:False   Total T: 351547 Episode Num: 911 Episode T: 584 Reward: 415.290 Cost: 19.000 ShieldInt: 11 ShieldDist: 1.644
arrive destination: True ,out of road:False   Total T: 351961 Episode Num: 912 Episode T: 414 Reward: 382.748 Cost: 18.000 ShieldInt: 8 ShieldDist: 2.447
arrive destination: False ,out of road:True   Total T: 352065 Episode Num: 913 Episode T: 104 Reward: 84.162 Cost: 2.000 ShieldInt: 0 ShieldDist: 0.000
arrive destination: True ,out of road:False   Total T: 352401 Episode Num: 914 Episode T: 336 Reward: 335.668 Cost: 4.000 ShieldInt: 8 ShieldDist: 1.086
arrive destination: True ,out of road:False   Total T: 352709 Episode Num: 915 Episode T: 308 Reward: 289.048 Cost: 4.000 ShieldInt: 10 ShieldDist: 1.407
arrive destination: True ,out of road:False   Total T: 352996 Episode Num: 916 Episode T: 287 Reward: 233.348 Cost: 15.000 ShieldInt: 27 ShieldDist: 24.142
arrive destination: True ,out of road:False   Total T: 353591 Episode Num: 917 Episode T: 595 Reward: 498.806 Cost: 20.000 ShieldInt: 24 ShieldDist: 26.562
arrive destination: True ,out of road:False   Total T: 354117 Episode Num: 918 Episode T: 526 Reward: 431.342 Cost: 23.000 ShieldInt: 8 ShieldDist: 4.900
arrive destination: False ,out of road:True   Total T: 354342 Episode Num: 919 Episode T: 225 Reward: 260.515 Cost: 15.000 ShieldInt: 15 ShieldDist: 18.894
arrive destination: True ,out of road:False   Total T: 354786 Episode Num: 920 Episode T: 444 Reward: 372.991 Cost: 10.000 ShieldInt: 28 ShieldDist: 35.132
arrive destination: True ,out of road:False   Total T: 355065 Episode Num: 921 Episode T: 279 Reward: 295.510 Cost: 9.000 ShieldInt: 21 ShieldDist: 32.485
arrive destination: True ,out of road:False   Total T: 355349 Episode Num: 922 Episode T: 284 Reward: 233.837 Cost: 12.000 ShieldInt: 17 ShieldDist: 2.419
arrive destination: False ,out of road:True   Total T: 355460 Episode Num: 923 Episode T: 111 Reward: 82.848 Cost: 2.000 ShieldInt: 1 ShieldDist: 0.110
arrive destination: True ,out of road:False   Total T: 355665 Episode Num: 924 Episode T: 205 Reward: 270.050 Cost: 0.000 ShieldInt: 0 ShieldDist: 0.000
arrive destination: True ,out of road:False   Total T: 355952 Episode Num: 925 Episode T: 287 Reward: 275.636 Cost: 1.000 ShieldInt: 3 ShieldDist: 0.450
arrive destination: False ,out of road:True   Total T: 356119 Episode Num: 926 Episode T: 167 Reward: 183.778 Cost: 1.000 ShieldInt: 6 ShieldDist: 2.623
arrive destination: False ,out of road:True   Total T: 356502 Episode Num: 927 Episode T: 383 Reward: 327.446 Cost: 10.000 ShieldInt: 16 ShieldDist: 15.009
arrive destination: True ,out of road:False   Total T: 356843 Episode Num: 928 Episode T: 341 Reward: 266.140 Cost: 8.000 ShieldInt: 6 ShieldDist: 3.056
arrive destination: True ,out of road:False   Total T: 357184 Episode Num: 929 Episode T: 341 Reward: 232.881 Cost: 24.000 ShieldInt: 19 ShieldDist: 9.575
arrive destination: True ,out of road:False   Total T: 357550 Episode Num: 930 Episode T: 366 Reward: 400.559 Cost: 0.000 ShieldInt: 11 ShieldDist: 1.572
arrive destination: True ,out of road:False   Total T: 357920 Episode Num: 931 Episode T: 370 Reward: 294.597 Cost: 12.000 ShieldInt: 8 ShieldDist: 4.601
arrive destination: False ,out of road:True   Total T: 358026 Episode Num: 932 Episode T: 106 Reward: 88.178 Cost: 2.000 ShieldInt: 0 ShieldDist: 0.000
arrive destination: False ,out of road:True   Total T: 358272 Episode Num: 933 Episode T: 246 Reward: 227.364 Cost: 1.000 ShieldInt: 4 ShieldDist: 0.517
arrive destination: True ,out of road:False   Total T: 358698 Episode Num: 934 Episode T: 426 Reward: 402.665 Cost: 16.000 ShieldInt: 12 ShieldDist: 13.730
arrive destination: False ,out of road:True   Total T: 358809 Episode Num: 935 Episode T: 111 Reward: 76.181 Cost: 6.000 ShieldInt: 2 ShieldDist: 1.869
arrive destination: True ,out of road:False   Total T: 359012 Episode Num: 936 Episode T: 203 Reward: 269.558 Cost: 0.000 ShieldInt: 0 ShieldDist: 0.000
arrive destination: True ,out of road:False   Total T: 359210 Episode Num: 937 Episode T: 198 Reward: 232.081 Cost: 0.000 ShieldInt: 3 ShieldDist: 0.438
arrive destination: True ,out of road:False   Total T: 359464 Episode Num: 938 Episode T: 254 Reward: 275.886 Cost: 0.000 ShieldInt: 6 ShieldDist: 0.810
arrive destination: True ,out of road:False   Total T: 359962 Episode Num: 939 Episode T: 498 Reward: 413.905 Cost: 15.000 ShieldInt: 17 ShieldDist: 4.380
---------------------------------------
Evaluation over 20 episodes: 0.700 Cost 16.150.             SafeRL used : use_qpsl
---------------------------------------
[34;1m
Time: 2026-07-02 02:59:50, Time spent from previous logger: 337.268 s[0m
[34;1mCustomLogger with fileds: ['total_steps', 'EpRet', 'EpCost', 'CostRate', 'MeanPain', 'TriggerRate', 'MeanRisk', 'MeanLongitudinalDelta', 'SteeringLimitRate'][0m
[34;1mfieldvalues: [360000, 0.7, 16.15, 0.03497509715304765, 0.0, 0.0, 0.0, 0.0, 0.0]
[0m
arrive destination: True ,out of road:False   Total T: 360275 Episode Num: 940 Episode T: 313 Reward: 305.649 Cost: 5.000 ShieldInt: 11 ShieldDist: 10.821
arrive destination: False ,out of road:False   Total T: 361275 Episode Num: 941 Episode T: 1000 Reward: 374.712 Cost: 31.000 ShieldInt: 550 ShieldDist: 973.624
arrive destination: True ,out of road:False   Total T: 361738 Episode Num: 942 Episode T: 463 Reward: 336.324 Cost: 16.000 ShieldInt: 22 ShieldDist: 3.234
arrive destination: False ,out of road:True   Total T: 361876 Episode Num: 943 Episode T: 138 Reward: 135.489 Cost: 1.000 ShieldInt: 1 ShieldDist: 0.150
arrive destination: True ,out of road:False   Total T: 362284 Episode Num: 944 Episode T: 408 Reward: 286.289 Cost: 8.000 ShieldInt: 28 ShieldDist: 40.612
arrive destination: True ,out of road:False   Total T: 362700 Episode Num: 945 Episode T: 416 Reward: 336.232 Cost: 11.000 ShieldInt: 17 ShieldDist: 25.548
arrive destination: False ,out of road:True   Total T: 363030 Episode Num: 946 Episode T: 330 Reward: 312.061 Cost: 15.000 ShieldInt: 9 ShieldDist: 3.253
arrive destination: True ,out of road:False   Total T: 363392 Episode Num: 947 Episode T: 362 Reward: 404.376 Cost: 0.000 ShieldInt: 4 ShieldDist: 0.563
arrive destination: False ,out of road:True   Total T: 363497 Episode Num: 948 Episode T: 105 Reward: 89.717 Cost: 3.000 ShieldInt: 0 ShieldDist: 0.000
arrive destination: False ,out of road:True   Total T: 363636 Episode Num: 949 Episode T: 139 Reward: 54.907 Cost: 9.000 ShieldInt: 15 ShieldDist: 6.249
arrive destination: True ,out of road:False   Total T: 363906 Episode Num: 950 Episode T: 270 Reward: 232.603 Cost: 9.000 ShieldInt: 16 ShieldDist: 12.998
arrive destination: True ,out of road:False   Total T: 364271 Episode Num: 951 Episode T: 365 Reward: 294.447 Cost: 11.000 ShieldInt: 16 ShieldDist: 16.495
arrive destination: True ,out of road:False   Total T: 364824 Episode Num: 952 Episode T: 553 Reward: 418.577 Cost: 12.000 ShieldInt: 18 ShieldDist: 2.528
arrive destination: True ,out of road:False   Total T: 365053 Episode Num: 953 Episode T: 229 Reward: 295.901 Cost: 0.000 ShieldInt: 3 ShieldDist: 0.450
arrive destination: True ,out of road:False   Total T: 365415 Episode Num: 954 Episode T: 362 Reward: 396.317 Cost: 0.000 ShieldInt: 3 ShieldDist: 0.414
arrive destination: True ,out of road:False   Total T: 365865 Episode Num: 955 Episode T: 450 Reward: 402.859 Cost: 12.000 ShieldInt: 20 ShieldDist: 29.953
arrive destination: True ,out of road:False   Total T: 366157 Episode Num: 956 Episode T: 292 Reward: 274.942 Cost: 5.000 ShieldInt: 11 ShieldDist: 7.821
arrive destination: True ,out of road:False   Total T: 366551 Episode Num: 957 Episode T: 394 Reward: 380.347 Cost: 11.000 ShieldInt: 6 ShieldDist: 0.900
arrive destination: True ,out of road:False   Total T: 366862 Episode Num: 958 Episode T: 311 Reward: 288.928 Cost: 2.000 ShieldInt: 6 ShieldDist: 2.580
arrive destination: True ,out of road:False   Total T: 367115 Episode Num: 959 Episode T: 253 Reward: 274.685 Cost: 0.000 ShieldInt: 2 ShieldDist: 0.281
arrive destination: False ,out of road:True   Total T: 367220 Episode Num: 960 Episode T: 105 Reward: 75.420 Cost: 2.000 ShieldInt: 2 ShieldDist: 0.270
arrive destination: False ,out of road:True   Total T: 367663 Episode Num: 961 Episode T: 443 Reward: 398.922 Cost: 21.000 ShieldInt: 14 ShieldDist: 8.103
arrive destination: True ,out of road:False   Total T: 367951 Episode Num: 962 Episode T: 288 Reward: 336.073 Cost: 1.000 ShieldInt: 2 ShieldDist: 0.300
arrive destination: True ,out of road:False   Total T: 368560 Episode Num: 963 Episode T: 609 Reward: 465.766 Cost: 48.000 ShieldInt: 38 ShieldDist: 38.815
arrive destination: True ,out of road:False   Total T: 368781 Episode Num: 964 Episode T: 221 Reward: 295.646 Cost: 2.000 ShieldInt: 2 ShieldDist: 0.300
arrive destination: True ,out of road:False   Total T: 369249 Episode Num: 965 Episode T: 468 Reward: 422.195 Cost: 13.000 ShieldInt: 24 ShieldDist: 16.853
arrive destination: True ,out of road:False   Total T: 369589 Episode Num: 966 Episode T: 340 Reward: 286.862 Cost: 18.000 ShieldInt: 11 ShieldDist: 1.598
---------------------------------------
Evaluation over 20 episodes: 0.800 Cost 16.100.             SafeRL used : use_qpsl
---------------------------------------
[34;1m
Time: 2026-07-02 03:05:23, Time spent from previous logger: 332.954 s[0m
[34;1mCustomLogger with fileds: ['total_steps', 'EpRet', 'EpCost', 'CostRate', 'MeanPain', 'TriggerRate', 'MeanRisk', 'MeanLongitudinalDelta', 'SteeringLimitRate'][0m
[34;1mfieldvalues: [370000, 0.8, 16.1, 0.03478928321427896, 0.0, 0.0, 0.0, 0.0, 0.0]
[0m
arrive destination: True ,out of road:False   Total T: 370471 Episode Num: 967 Episode T: 882 Reward: 743.655 Cost: 38.000 ShieldInt: 21 ShieldDist: 21.797
arrive destination: True ,out of road:False   Total T: 370744 Episode Num: 968 Episode T: 273 Reward: 268.557 Cost: 1.000 ShieldInt: 6 ShieldDist: 0.900
arrive destination: False ,out of road:True   Total T: 371127 Episode Num: 969 Episode T: 383 Reward: 334.699 Cost: 12.000 ShieldInt: 28 ShieldDist: 35.371
arrive destination: True ,out of road:False   Total T: 371845 Episode Num: 970 Episode T: 718 Reward: 428.613 Cost: 35.000 ShieldInt: 34 ShieldDist: 13.704
arrive destination: False ,out of road:True   Total T: 372138 Episode Num: 971 Episode T: 293 Reward: 223.267 Cost: 4.000 ShieldInt: 3 ShieldDist: 0.372
arrive destination: True ,out of road:False   Total T: 372773 Episode Num: 972 Episode T: 635 Reward: 464.324 Cost: 36.000 ShieldInt: 29 ShieldDist: 24.151
arrive destination: True ,out of road:False   Total T: 373043 Episode Num: 973 Episode T: 270 Reward: 267.521 Cost: 0.000 ShieldInt: 5 ShieldDist: 0.729
arrive destination: True ,out of road:False   Total T: 373405 Episode Num: 974 Episode T: 362 Reward: 400.607 Cost: 0.000 ShieldInt: 7 ShieldDist: 0.970
arrive destination: False ,out of road:True   Total T: 373543 Episode Num: 975 Episode T: 138 Reward: 134.287 Cost: 1.000 ShieldInt: 12 ShieldDist: 1.719
arrive destination: True ,out of road:False   Total T: 373741 Episode Num: 976 Episode T: 198 Reward: 269.219 Cost: 0.000 ShieldInt: 1 ShieldDist: 0.150
arrive destination: False ,out of road:True   Total T: 374150 Episode Num: 977 Episode T: 409 Reward: 336.517 Cost: 37.000 ShieldInt: 30 ShieldDist: 17.196
arrive destination: True ,out of road:False   Total T: 374612 Episode Num: 978 Episode T: 462 Reward: 277.369 Cost: 35.000 ShieldInt: 43 ShieldDist: 10.827
arrive destination: True ,out of road:False   Total T: 375121 Episode Num: 979 Episode T: 509 Reward: 422.690 Cost: 22.000 ShieldInt: 21 ShieldDist: 19.148
arrive destination: True ,out of road:False   Total T: 375706 Episode Num: 980 Episode T: 585 Reward: 496.713 Cost: 16.000 ShieldInt: 21 ShieldDist: 25.644
arrive destination: True ,out of road:False   Total T: 375999 Episode Num: 981 Episode T: 293 Reward: 283.673 Cost: 1.000 ShieldInt: 9 ShieldDist: 1.304
arrive destination: False ,out of road:False   Total T: 376999 Episode Num: 982 Episode T: 1000 Reward: 59.243 Cost: 4.000 ShieldInt: 902 ShieldDist: 1763.569
arrive destination: True ,out of road:False   Total T: 377685 Episode Num: 983 Episode T: 686 Reward: 465.789 Cost: 29.000 ShieldInt: 41 ShieldDist: 25.330
arrive destination: True ,out of road:False   Total T: 377887 Episode Num: 984 Episode T: 202 Reward: 269.262 Cost: 1.000 ShieldInt: 3 ShieldDist: 0.450
arrive destination: False ,out of road:False   Total T: 378887 Episode Num: 985 Episode T: 1000 Reward: 76.729 Cost: 5.000 ShieldInt: 573 ShieldDist: 702.270
arrive destination: True ,out of road:False   Total T: 379105 Episode Num: 986 Episode T: 218 Reward: 233.376 Cost: 3.000 ShieldInt: 3 ShieldDist: 0.415
arrive destination: True ,out of road:False   Total T: 379646 Episode Num: 987 Episode T: 541 Reward: 416.609 Cost: 25.000 ShieldInt: 17 ShieldDist: 7.220
---------------------------------------
Evaluation over 20 episodes: 0.850 Cost 13.800.             SafeRL used : use_qpsl
---------------------------------------
[34;1m
Time: 2026-07-02 03:10:58, Time spent from previous logger: 335.428 s[0m
[34;1mCustomLogger with fileds: ['total_steps', 'EpRet', 'EpCost', 'CostRate', 'MeanPain', 'TriggerRate', 'MeanRisk', 'MeanLongitudinalDelta', 'SteeringLimitRate'][0m
[34;1mfieldvalues: [380000, 0.85, 13.8, 0.03466061752794086, 0.0, 0.0, 0.0, 0.0, 0.0]
[0m
arrive destination: True ,out of road:False   Total T: 380368 Episode Num: 988 Episode T: 722 Reward: 628.770 Cost: 18.000 ShieldInt: 13 ShieldDist: 17.243
arrive destination: True ,out of road:False   Total T: 380592 Episode Num: 989 Episode T: 224 Reward: 235.058 Cost: 2.000 ShieldInt: 11 ShieldDist: 8.060
arrive destination: True ,out of road:False   Total T: 381031 Episode Num: 990 Episode T: 439 Reward: 382.825 Cost: 15.000 ShieldInt: 12 ShieldDist: 6.809
arrive destination: False ,out of road:True   Total T: 381359 Episode Num: 991 Episode T: 328 Reward: 302.771 Cost: 16.000 ShieldInt: 23 ShieldDist: 29.431
arrive destination: True ,out of road:False   Total T: 381685 Episode Num: 992 Episode T: 326 Reward: 271.474 Cost: 8.000 ShieldInt: 6 ShieldDist: 10.877
arrive destination: True ,out of road:False   Total T: 382104 Episode Num: 993 Episode T: 419 Reward: 381.173 Cost: 12.000 ShieldInt: 18 ShieldDist: 13.502
arrive destination: True ,out of road:False   Total T: 382739 Episode Num: 994 Episode T: 635 Reward: 501.057 Cost: 18.000 ShieldInt: 36 ShieldDist: 25.946
arrive destination: True ,out of road:False   Total T: 383217 Episode Num: 995 Episode T: 478 Reward: 382.309 Cost: 26.000 ShieldInt: 32 ShieldDist: 46.327
arrive destination: False ,out of road:False   Total T: 384217 Episode Num: 996 Episode T: 1000 Reward: 67.865 Cost: 25.000 ShieldInt: 894 ShieldDist: 1738.745
arrive destination: False ,out of road:True   Total T: 384610 Episode Num: 997 Episode T: 393 Reward: 321.132 Cost: 17.000 ShieldInt: 20 ShieldDist: 21.152
arrive destination: False ,out of road:True   Total T: 385097 Episode Num: 998 Episode T: 487 Reward: 358.021 Cost: 20.000 ShieldInt: 32 ShieldDist: 42.836
arrive destination: True ,out of road:False   Total T: 385471 Episode Num: 999 Episode T: 374 Reward: 401.218 Cost: 0.000 ShieldInt: 3 ShieldDist: 0.431
arrive destination: True ,out of road:False   Total T: 385789 Episode Num: 1000 Episode T: 318 Reward: 274.292 Cost: 12.000 ShieldInt: 7 ShieldDist: 1.003
arrive destination: True ,out of road:False   Total T: 386062 Episode Num: 1001 Episode T: 273 Reward: 295.702 Cost: 7.000 ShieldInt: 4 ShieldDist: 0.600
arrive destination: True ,out of road:False   Total T: 386331 Episode Num: 1002 Episode T: 269 Reward: 232.687 Cost: 9.000 ShieldInt: 17 ShieldDist: 12.855
arrive destination: True ,out of road:False   Total T: 386904 Episode Num: 1003 Episode T: 573 Reward: 419.636 Cost: 16.000 ShieldInt: 17 ShieldDist: 12.300
arrive destination: True ,out of road:False   Total T: 387396 Episode Num: 1004 Episode T: 492 Reward: 444.652 Cost: 26.000 ShieldInt: 42 ShieldDist: 41.131
arrive destination: True ,out of road:False   Total T: 387745 Episode Num: 1005 Episode T: 349 Reward: 266.062 Cost: 11.000 ShieldInt: 13 ShieldDist: 18.311
arrive destination: True ,out of road:False   Total T: 388031 Episode Num: 1006 Episode T: 286 Reward: 280.589 Cost: 3.000 ShieldInt: 4 ShieldDist: 0.596
arrive destination: True ,out of road:False   Total T: 388299 Episode Num: 1007 Episode T: 268 Reward: 295.443 Cost: 7.000 ShieldInt: 5 ShieldDist: 7.464
arrive destination: True ,out of road:False   Total T: 388766 Episode Num: 1008 Episode T: 467 Reward: 403.556 Cost: 12.000 ShieldInt: 14 ShieldDist: 3.928
arrive destination: True ,out of road:False   Total T: 389319 Episode Num: 1009 Episode T: 553 Reward: 465.692 Cost: 9.000 ShieldInt: 23 ShieldDist: 12.973
arrive destination: True ,out of road:False   Total T: 389910 Episode Num: 1010 Episode T: 591 Reward: 464.809 Cost: 18.000 ShieldInt: 25 ShieldDist: 20.694
---------------------------------------
Evaluation over 20 episodes: 0.900 Cost 22.450.             SafeRL used : use_qpsl
---------------------------------------
[34;1m
Time: 2026-07-02 03:16:35, Time spent from previous logger: 336.820 s[0m
[34;1mCustomLogger with fileds: ['total_steps', 'EpRet', 'EpCost', 'CostRate', 'MeanPain', 'TriggerRate', 'MeanRisk', 'MeanLongitudinalDelta', 'SteeringLimitRate'][0m
[34;1mfieldvalues: [390000, 0.9, 22.45, 0.03453598598970767, 0.0, 0.0, 0.0, 0.0, 0.0]
[0m
arrive destination: True ,out of road:False   Total T: 390489 Episode Num: 1011 Episode T: 579 Reward: 450.365 Cost: 12.000 ShieldInt: 15 ShieldDist: 17.784
arrive destination: True ,out of road:False   Total T: 390831 Episode Num: 1012 Episode T: 342 Reward: 284.670 Cost: 7.000 ShieldInt: 19 ShieldDist: 22.218
arrive destination: False ,out of road:True   Total T: 390934 Episode Num: 1013 Episode T: 103 Reward: 90.729 Cost: 1.000 ShieldInt: 1 ShieldDist: 0.150
arrive destination: True ,out of road:False   Total T: 391458 Episode Num: 1014 Episode T: 524 Reward: 289.889 Cost: 26.000 ShieldInt: 98 ShieldDist: 158.308
arrive destination: True ,out of road:False   Total T: 392011 Episode Num: 1015 Episode T: 553 Reward: 466.267 Cost: 19.000 ShieldInt: 25 ShieldDist: 25.011
arrive destination: False ,out of road:True   Total T: 392140 Episode Num: 1016 Episode T: 129 Reward: 138.560 Cost: 3.000 ShieldInt: 1 ShieldDist: 0.150
arrive destination: True ,out of road:False   Total T: 392607 Episode Num: 1017 Episode T: 467 Reward: 382.157 Cost: 15.000 ShieldInt: 21 ShieldDist: 18.248
arrive destination: False ,out of road:True   Total T: 392713 Episode Num: 1018 Episode T: 106 Reward: 85.659 Cost: 8.000 ShieldInt: 4 ShieldDist: 6.816
arrive destination: True ,out of road:False   Total T: 392994 Episode Num: 1019 Episode T: 281 Reward: 335.507 Cost: 2.000 ShieldInt: 0 ShieldDist: 0.000
arrive destination: False ,out of road:False   Total T: 393994 Episode Num: 1020 Episode T: 1000 Reward: 70.619 Cost: 27.000 ShieldInt: 401 ShieldDist: 667.258
arrive destination: True ,out of road:False   Total T: 394238 Episode Num: 1021 Episode T: 244 Reward: 233.615 Cost: 11.000 ShieldInt: 14 ShieldDist: 3.836
arrive destination: True ,out of road:False   Total T: 394483 Episode Num: 1022 Episode T: 245 Reward: 273.944 Cost: 0.000 ShieldInt: 1 ShieldDist: 0.147
arrive destination: True ,out of road:False   Total T: 394914 Episode Num: 1023 Episode T: 431 Reward: 376.824 Cost: 10.000 ShieldInt: 8 ShieldDist: 4.139
arrive destination: False ,out of road:True   Total T: 395156 Episode Num: 1024 Episode T: 242 Reward: 213.227 Cost: 9.000 ShieldInt: 4 ShieldDist: 0.519
arrive destination: True ,out of road:False   Total T: 395645 Episode Num: 1025 Episode T: 489 Reward: 376.058 Cost: 13.000 ShieldInt: 21 ShieldDist: 17.791
arrive destination: True ,out of road:False   Total T: 395943 Episode Num: 1026 Episode T: 298 Reward: 276.421 Cost: 3.000 ShieldInt: 11 ShieldDist: 11.476
arrive destination: False ,out of road:True   Total T: 396128 Episode Num: 1027 Episode T: 185 Reward: 198.551 Cost: 3.000 ShieldInt: 4 ShieldDist: 0.563
arrive destination: True ,out of road:False   Total T: 396526 Episode Num: 1028 Episode T: 398 Reward: 410.302 Cost: 0.000 ShieldInt: 5 ShieldDist: 0.726
arrive destination: False ,out of road:True   Total T: 396730 Episode Num: 1029 Episode T: 204 Reward: 173.779 Cost: 10.000 ShieldInt: 9 ShieldDist: 8.023
arrive destination: False ,out of road:True   Total T: 396818 Episode Num: 1030 Episode T: 88 Reward: 62.210 Cost: 1.000 ShieldInt: 1 ShieldDist: 0.101
arrive destination: True ,out of road:False   Total T: 397339 Episode Num: 1031 Episode T: 521 Reward: 385.646 Cost: 19.000 ShieldInt: 22 ShieldDist: 7.356
arrive destination: True ,out of road:False   Total T: 397663 Episode Num: 1032 Episode T: 324 Reward: 285.198 Cost: 18.000 ShieldInt: 6 ShieldDist: 0.863
arrive destination: False ,out of road:True   Total T: 398636 Episode Num: 1033 Episode T: 973 Reward: 58.946 Cost: 32.000 ShieldInt: 629 ShieldDist: 1190.365
arrive destination: True ,out of road:False   Total T: 399169 Episode Num: 1034 Episode T: 533 Reward: 424.396 Cost: 18.000 ShieldInt: 15 ShieldDist: 3.872
arrive destination: True ,out of road:False   Total T: 399658 Episode Num: 1035 Episode T: 489 Reward: 469.707 Cost: 1.000 ShieldInt: 3 ShieldDist: 0.382
arrive destination: False ,out of road:True   Total T: 399905 Episode Num: 1036 Episode T: 247 Reward: 229.875 Cost: 1.000 ShieldInt: 6 ShieldDist: 0.831
---------------------------------------
Evaluation over 20 episodes: 0.750 Cost 23.000.             SafeRL used : use_qpsl
---------------------------------------
[34;1m
Time: 2026-07-02 03:22:04, Time spent from previous logger: 329.109 s[0m
[34;1mCustomLogger with fileds: ['total_steps', 'EpRet', 'EpCost', 'CostRate', 'MeanPain', 'TriggerRate', 'MeanRisk', 'MeanLongitudinalDelta', 'SteeringLimitRate'][0m
[34;1mfieldvalues: [400000, 0.75, 23.0, 0.034345085862714654, 0.0, 0.0, 0.0, 0.0, 0.0]
[0m
arrive destination: True ,out of road:False   Total T: 400392 Episode Num: 1037 Episode T: 487 Reward: 421.055 Cost: 14.000 ShieldInt: 29 ShieldDist: 35.935
arrive destination: True ,out of road:False   Total T: 400906 Episode Num: 1038 Episode T: 514 Reward: 472.291 Cost: 9.000 ShieldInt: 12 ShieldDist: 17.769
arrive destination: True ,out of road:False   Total T: 401165 Episode Num: 1039 Episode T: 259 Reward: 296.095 Cost: 2.000 ShieldInt: 12 ShieldDist: 14.477
arrive destination: True ,out of road:False   Total T: 401442 Episode Num: 1040 Episode T: 277 Reward: 269.697 Cost: 0.000 ShieldInt: 5 ShieldDist: 0.687
arrive destination: False ,out of road:True   Total T: 401785 Episode Num: 1041 Episode T: 343 Reward: 258.731 Cost: 21.000 ShieldInt: 25 ShieldDist: 16.580
arrive destination: True ,out of road:False   Total T: 402053 Episode Num: 1042 Episode T: 268 Reward: 276.346 Cost: 5.000 ShieldInt: 6 ShieldDist: 0.822
arrive destination: True ,out of road:False   Total T: 402287 Episode Num: 1043 Episode T: 234 Reward: 232.970 Cost: 10.000 ShieldInt: 3 ShieldDist: 1.126
arrive destination: False ,out of road:True   Total T: 402463 Episode Num: 1044 Episode T: 176 Reward: 222.468 Cost: 1.000 ShieldInt: 1 ShieldDist: 0.150
arrive destination: True ,out of road:False   Total T: 402937 Episode Num: 1045 Episode T: 474 Reward: 386.522 Cost: 15.000 ShieldInt: 18 ShieldDist: 17.627
arrive destination: True ,out of road:False   Total T: 403139 Episode Num: 1046 Episode T: 202 Reward: 268.814 Cost: 1.000 ShieldInt: 0 ShieldDist: 0.000
arrive destination: True ,out of road:False   Total T: 403694 Episode Num: 1047 Episode T: 555 Reward: 507.537 Cost: 9.000 ShieldInt: 22 ShieldDist: 18.141
arrive destination: False ,out of road:True   Total T: 403930 Episode Num: 1048 Episode T: 236 Reward: 226.438 Cost: 1.000 ShieldInt: 7 ShieldDist: 1.025
arrive destination: True ,out of road:False   Total T: 404417 Episode Num: 1049 Episode T: 487 Reward: 468.978 Cost: 4.000 ShieldInt: 3 ShieldDist: 0.394
arrive destination: True ,out of road:False   Total T: 404696 Episode Num: 1050 Episode T: 279 Reward: 336.249 Cost: 1.000 ShieldInt: 8 ShieldDist: 1.085
arrive destination: True ,out of road:False   Total T: 405113 Episode Num: 1051 Episode T: 417 Reward: 373.378 Cost: 9.000 ShieldInt: 23 ShieldDist: 21.678
arrive destination: True ,out of road:False   Total T: 405688 Episode Num: 1052 Episode T: 575 Reward: 426.944 Cost: 21.000 ShieldInt: 39 ShieldDist: 32.792
arrive destination: False ,out of road:True   Total T: 405939 Episode Num: 1053 Episode T: 251 Reward: 220.764 Cost: 11.000 ShieldInt: 6 ShieldDist: 2.650
arrive destination: False ,out of road:True   Total T: 406035 Episode Num: 1054 Episode T: 96 Reward: 71.269 Cost: 4.000 ShieldInt: 1 ShieldDist: 0.262
arrive destination: True ,out of road:False   Total T: 406313 Episode Num: 1055 Episode T: 278 Reward: 276.209 Cost: 0.000 ShieldInt: 7 ShieldDist: 2.712
arrive destination: True ,out of road:False   Total T: 406650 Episode Num: 1056 Episode T: 337 Reward: 289.824 Cost: 5.000 ShieldInt: 1 ShieldDist: 0.150
arrive destination: True ,out of road:False   Total T: 407113 Episode Num: 1057 Episode T: 463 Reward: 383.351 Cost: 13.000 ShieldInt: 25 ShieldDist: 28.377
arrive destination: True ,out of road:False   Total T: 407692 Episode Num: 1058 Episode T: 579 Reward: 500.698 Cost: 14.000 ShieldInt: 13 ShieldDist: 10.537
arrive destination: True ,out of road:False   Total T: 408174 Episode Num: 1059 Episode T: 482 Reward: 336.157 Cost: 23.000 ShieldInt: 10 ShieldDist: 7.985
arrive destination: True ,out of road:False   Total T: 408626 Episode Num: 1060 Episode T: 452 Reward: 371.941 Cost: 10.000 ShieldInt: 26 ShieldDist: 20.217
arrive destination: True ,out of road:False   Total T: 408834 Episode Num: 1061 Episode T: 208 Reward: 269.755 Cost: 3.000 ShieldInt: 1 ShieldDist: 0.150
arrive destination: True ,out of road:False   Total T: 409415 Episode Num: 1062 Episode T: 581 Reward: 500.967 Cost: 16.000 ShieldInt: 30 ShieldDist: 30.082
arrive destination: True ,out of road:False   Total T: 409694 Episode Num: 1063 Episode T: 279 Reward: 335.871 Cost: 1.000 ShieldInt: 5 ShieldDist: 0.695
---------------------------------------
Evaluation over 20 episodes: 0.750 Cost 16.550.             SafeRL used : use_qpsl
---------------------------------------
[34;1m
Time: 2026-07-02 03:27:34, Time spent from previous logger: 329.596 s[0m
[34;1mCustomLogger with fileds: ['total_steps', 'EpRet', 'EpCost', 'CostRate', 'MeanPain', 'TriggerRate', 'MeanRisk', 'MeanLongitudinalDelta', 'SteeringLimitRate'][0m
[34;1mfieldvalues: [410000, 0.75, 16.55, 0.034068375776526286, 0.0, 0.0, 0.0, 0.0, 0.0]
[0m
arrive destination: True ,out of road:False   Total T: 410483 Episode Num: 1064 Episode T: 789 Reward: 705.014 Cost: 26.000 ShieldInt: 37 ShieldDist: 29.879
arrive destination: True ,out of road:False   Total T: 411072 Episode Num: 1065 Episode T: 589 Reward: 500.300 Cost: 29.000 ShieldInt: 51 ShieldDist: 44.220
arrive destination: True ,out of road:False   Total T: 411581 Episode Num: 1066 Episode T: 509 Reward: 402.096 Cost: 25.000 ShieldInt: 14 ShieldDist: 16.236
arrive destination: True ,out of road:False   Total T: 412071 Episode Num: 1067 Episode T: 490 Reward: 473.391 Cost: 9.000 ShieldInt: 15 ShieldDist: 14.972
arrive destination: False ,out of road:True   Total T: 412441 Episode Num: 1068 Episode T: 370 Reward: 345.035 Cost: 7.000 ShieldInt: 10 ShieldDist: 2.956
arrive destination: True ,out of road:False   Total T: 412809 Episode Num: 1069 Episode T: 368 Reward: 401.869 Cost: 0.000 ShieldInt: 7 ShieldDist: 0.959
arrive destination: False ,out of road:True   Total T: 412899 Episode Num: 1070 Episode T: 90 Reward: 64.967 Cost: 1.000 ShieldInt: 5 ShieldDist: 0.687
arrive destination: False ,out of road:True   Total T: 413001 Episode Num: 1071 Episode T: 102 Reward: 85.569 Cost: 1.000 ShieldInt: 2 ShieldDist: 0.294
arrive destination: False ,out of road:True   Total T: 413108 Episode Num: 1072 Episode T: 107 Reward: 73.944 Cost: 8.000 ShieldInt: 1 ShieldDist: 0.122
arrive destination: True ,out of road:False   Total T: 413569 Episode Num: 1073 Episode T: 461 Reward: 480.076 Cost: 8.000 ShieldInt: 10 ShieldDist: 5.177
arrive destination: True ,out of road:False   Total T: 414100 Episode Num: 1074 Episode T: 531 Reward: 386.684 Cost: 15.000 ShieldInt: 13 ShieldDist: 19.270
arrive destination: True ,out of road:False   Total T: 414556 Episode Num: 1075 Episode T: 456 Reward: 385.006 Cost: 13.000 ShieldInt: 20 ShieldDist: 19.843
arrive destination: True ,out of road:False   Total T: 414818 Episode Num: 1076 Episode T: 262 Reward: 233.423 Cost: 11.000 ShieldInt: 27 ShieldDist: 17.475
arrive destination: True ,out of road:False   Total T: 415319 Episode Num: 1077 Episode T: 501 Reward: 375.539 Cost: 18.000 ShieldInt: 32 ShieldDist: 31.798
arrive destination: True ,out of road:False   Total T: 415800 Episode Num: 1078 Episode T: 481 Reward: 473.726 Cost: 4.000 ShieldInt: 3 ShieldDist: 0.424
arrive destination: True ,out of road:False   Total T: 416200 Episode Num: 1079 Episode T: 400 Reward: 402.870 Cost: 11.000 ShieldInt: 16 ShieldDist: 15.893
arrive destination: False ,out of road:True   Total T: 416804 Episode Num: 1080 Episode T: 604 Reward: 323.000 Cost: 55.000 ShieldInt: 74 ShieldDist: 50.814
arrive destination: True ,out of road:False   Total T: 417331 Episode Num: 1081 Episode T: 527 Reward: 426.098 Cost: 14.000 ShieldInt: 12 ShieldDist: 5.371
arrive destination: True ,out of road:False   Total T: 417868 Episode Num: 1082 Episode T: 537 Reward: 401.987 Cost: 3.000 ShieldInt: 17 ShieldDist: 19.084
arrive destination: True ,out of road:False   Total T: 418448 Episode Num: 1083 Episode T: 580 Reward: 467.430 Cost: 27.000 ShieldInt: 21 ShieldDist: 16.819
arrive destination: False ,out of road:True   Total T: 418646 Episode Num: 1084 Episode T: 198 Reward: 209.089 Cost: 1.000 ShieldInt: 0 ShieldDist: 0.000
arrive destination: True ,out of road:False   Total T: 419138 Episode Num: 1085 Episode T: 492 Reward: 372.614 Cost: 20.000 ShieldInt: 21 ShieldDist: 18.365
arrive destination: False ,out of road:True   Total T: 419278 Episode Num: 1086 Episode T: 140 Reward: 133.433 Cost: 1.000 ShieldInt: 13 ShieldDist: 1.918
arrive destination: True ,out of road:False   Total T: 419655 Episode Num: 1087 Episode T: 377 Reward: 405.836 Cost: 0.000 ShieldInt: 4 ShieldDist: 0.563
---------------------------------------
Evaluation over 20 episodes: 0.600 Cost 12.150.             SafeRL used : use_qpsl
---------------------------------------
[34;1m
Time: 2026-07-02 03:32:43, Time spent from previous logger: 308.996 s[0m
[34;1mCustomLogger with fileds: ['total_steps', 'EpRet', 'EpCost', 'CostRate', 'MeanPain', 'TriggerRate', 'MeanRisk', 'MeanLongitudinalDelta', 'SteeringLimitRate'][0m
[34;1mfieldvalues: [420000, 0.6, 12.15, 0.033992938078424, 0.0, 0.0, 0.0, 0.0, 0.0]
[0m
arrive destination: False ,out of road:False   Total T: 420655 Episode Num: 1088 Episode T: 1000 Reward: 377.397 Cost: 15.000 ShieldInt: 446 ShieldDist: 488.590
arrive destination: True ,out of road:False   Total T: 421333 Episode Num: 1089 Episode T: 678 Reward: 427.912 Cost: 28.000 ShieldInt: 40 ShieldDist: 34.568
arrive destination: True ,out of road:False   Total T: 421917 Episode Num: 1090 Episode T: 584 Reward: 467.396 Cost: 18.000 ShieldInt: 25 ShieldDist: 15.254
arrive destination: True ,out of road:False   Total T: 422468 Episode Num: 1091 Episode T: 551 Reward: 417.056 Cost: 13.000 ShieldInt: 14 ShieldDist: 1.965
arrive destination: True ,out of road:False   Total T: 422965 Episode Num: 1092 Episode T: 497 Reward: 468.131 Cost: 18.000 ShieldInt: 29 ShieldDist: 24.511
arrive destination: True ,out of road:False   Total T: 423343 Episode Num: 1093 Episode T: 378 Reward: 264.121 Cost: 12.000 ShieldInt: 34 ShieldDist: 41.288
arrive destination: True ,out of road:False   Total T: 423601 Episode Num: 1094 Episode T: 258 Reward: 275.627 Cost: 3.000 ShieldInt: 9 ShieldDist: 1.315
arrive destination: True ,out of road:False   Total T: 424094 Episode Num: 1095 Episode T: 493 Reward: 385.908 Cost: 21.000 ShieldInt: 19 ShieldDist: 14.204
arrive destination: True ,out of road:False   Total T: 424410 Episode Num: 1096 Episode T: 316 Reward: 266.259 Cost: 8.000 ShieldInt: 7 ShieldDist: 9.419
arrive destination: True ,out of road:False   Total T: 424699 Episode Num: 1097 Episode T: 289 Reward: 336.173 Cost: 1.000 ShieldInt: 6 ShieldDist: 0.877
arrive destination: False ,out of road:True   Total T: 424835 Episode Num: 1098 Episode T: 136 Reward: 134.420 Cost: 1.000 ShieldInt: 3 ShieldDist: 0.450
arrive destination: True ,out of road:False   Total T: 425120 Episode Num: 1099 Episode T: 285 Reward: 275.727 Cost: 9.000 ShieldInt: 18 ShieldDist: 17.332
arrive destination: True ,out of road:False   Total T: 425431 Episode Num: 1100 Episode T: 311 Reward: 269.678 Cost: 16.000 ShieldInt: 7 ShieldDist: 5.971
arrive destination: True ,out of road:False   Total T: 426263 Episode Num: 1101 Episode T: 832 Reward: 233.545 Cost: 10.000 ShieldInt: 532 ShieldDist: 1005.608
arrive destination: True ,out of road:False   Total T: 426759 Episode Num: 1102 Episode T: 496 Reward: 387.206 Cost: 17.000 ShieldInt: 28 ShieldDist: 40.069
arrive destination: True ,out of road:False   Total T: 426996 Episode Num: 1103 Episode T: 237 Reward: 287.912 Cost: 0.000 ShieldInt: 0 ShieldDist: 0.000
arrive destination: True ,out of road:False   Total T: 427446 Episode Num: 1104 Episode T: 450 Reward: 386.653 Cost: 13.000 ShieldInt: 8 ShieldDist: 5.802
arrive destination: True ,out of road:False   Total T: 428111 Episode Num: 1105 Episode T: 665 Reward: 468.952 Cost: 33.000 ShieldInt: 75 ShieldDist: 92.960
arrive destination: False ,out of road:False   Total T: 429111 Episode Num: 1106 Episode T: 1000 Reward: 483.238 Cost: 32.000 ShieldInt: 368 ShieldDist: 363.992
arrive destination: True ,out of road:False   Total T: 429392 Episode Num: 1107 Episode T: 281 Reward: 275.386 Cost: 5.000 ShieldInt: 15 ShieldDist: 15.746
arrive destination: True ,out of road:False   Total T: 429849 Episode Num: 1108 Episode T: 457 Reward: 380.560 Cost: 9.000 ShieldInt: 16 ShieldDist: 13.852
---------------------------------------
Evaluation over 20 episodes: 0.900 Cost 11.300.             SafeRL used : use_qpsl
---------------------------------------
[34;1m
Time: 2026-07-02 03:38:01, Time spent from previous logger: 318.270 s[0m
[34;1mCustomLogger with fileds: ['total_steps', 'EpRet', 'EpCost', 'CostRate', 'MeanPain', 'TriggerRate', 'MeanRisk', 'MeanLongitudinalDelta', 'SteeringLimitRate'][0m
[34;1mfieldvalues: [430000, 0.9, 11.3, 0.0338396135804967, 0.0, 0.0, 0.0, 0.0, 0.0]
[0m
arrive destination: False ,out of road:True   Total T: 430359 Episode Num: 1109 Episode T: 510 Reward: 427.394 Cost: 11.000 ShieldInt: 32 ShieldDist: 28.542
arrive destination: True ,out of road:False   Total T: 430919 Episode Num: 1110 Episode T: 560 Reward: 496.140 Cost: 11.000 ShieldInt: 22 ShieldDist: 7.529
arrive destination: True ,out of road:False   Total T: 431759 Episode Num: 1111 Episode T: 840 Reward: 409.541 Cost: 38.000 ShieldInt: 68 ShieldDist: 32.628
arrive destination: True ,out of road:False   Total T: 432099 Episode Num: 1112 Episode T: 340 Reward: 267.029 Cost: 9.000 ShieldInt: 13 ShieldDist: 1.931
arrive destination: True ,out of road:False   Total T: 432473 Episode Num: 1113 Episode T: 374 Reward: 268.340 Cost: 9.000 ShieldInt: 8 ShieldDist: 4.793
arrive destination: True ,out of road:False   Total T: 432817 Episode Num: 1114 Episode T: 344 Reward: 294.540 Cost: 11.000 ShieldInt: 13 ShieldDist: 3.687
arrive destination: False ,out of road:True   Total T: 433083 Episode Num: 1115 Episode T: 266 Reward: 258.178 Cost: 6.000 ShieldInt: 6 ShieldDist: 0.900
arrive destination: True ,out of road:False   Total T: 433549 Episode Num: 1116 Episode T: 466 Reward: 387.259 Cost: 18.000 ShieldInt: 10 ShieldDist: 1.465
arrive destination: True ,out of road:False   Total T: 433756 Episode Num: 1117 Episode T: 207 Reward: 232.902 Cost: 5.000 ShieldInt: 6 ShieldDist: 0.894
arrive destination: True ,out of road:False   Total T: 434211 Episode Num: 1118 Episode T: 455 Reward: 471.148 Cost: 11.000 ShieldInt: 5 ShieldDist: 0.706
arrive destination: True ,out of road:False   Total T: 434511 Episode Num: 1119 Episode T: 300 Reward: 232.923 Cost: 14.000 ShieldInt: 20 ShieldDist: 11.579
arrive destination: True ,out of road:False   Total T: 434847 Episode Num: 1120 Episode T: 336 Reward: 400.406 Cost: 0.000 ShieldInt: 5 ShieldDist: 0.702
arrive destination: True ,out of road:False   Total T: 435185 Episode Num: 1121 Episode T: 338 Reward: 401.352 Cost: 1.000 ShieldInt: 5 ShieldDist: 0.660
arrive destination: True ,out of road:False   Total T: 435861 Episode Num: 1122 Episode T: 676 Reward: 501.490 Cost: 25.000 ShieldInt: 18 ShieldDist: 24.243
arrive destination: True ,out of road:False   Total T: 436368 Episode Num: 1123 Episode T: 507 Reward: 400.796 Cost: 10.000 ShieldInt: 15 ShieldDist: 15.213
arrive destination: False ,out of road:True   Total T: 436659 Episode Num: 1124 Episode T: 291 Reward: 319.661 Cost: 2.000 ShieldInt: 4 ShieldDist: 0.583
arrive destination: True ,out of road:False   Total T: 437077 Episode Num: 1125 Episode T: 418 Reward: 383.862 Cost: 13.000 ShieldInt: 5 ShieldDist: 0.664
arrive destination: True ,out of road:False   Total T: 437317 Episode Num: 1126 Episode T: 240 Reward: 287.976 Cost: 1.000 ShieldInt: 3 ShieldDist: 0.423
arrive destination: True ,out of road:False   Total T: 437754 Episode Num: 1127 Episode T: 437 Reward: 388.012 Cost: 22.000 ShieldInt: 27 ShieldDist: 27.243
arrive destination: True ,out of road:False   Total T: 438194 Episode Num: 1128 Episode T: 440 Reward: 401.782 Cost: 8.000 ShieldInt: 14 ShieldDist: 18.502
arrive destination: True ,out of road:False   Total T: 438438 Episode Num: 1129 Episode T: 244 Reward: 295.473 Cost: 12.000 ShieldInt: 9 ShieldDist: 7.567
arrive destination: False ,out of road:False   Total T: 439438 Episode Num: 1130 Episode T: 1000 Reward: 383.435 Cost: 52.000 ShieldInt: 440 ShieldDist: 805.952
arrive destination: True ,out of road:False   Total T: 439808 Episode Num: 1131 Episode T: 370 Reward: 289.286 Cost: 20.000 ShieldInt: 16 ShieldDist: 14.943
---------------------------------------
Evaluation over 20 episodes: 0.550 Cost 15.650.             SafeRL used : use_qpsl
---------------------------------------
[34;1m
Time: 2026-07-02 03:43:34, Time spent from previous logger: 333.043 s[0m
[34;1mCustomLogger with fileds: ['total_steps', 'EpRet', 'EpCost', 'CostRate', 'MeanPain', 'TriggerRate', 'MeanRisk', 'MeanLongitudinalDelta', 'SteeringLimitRate'][0m
[34;1mfieldvalues: [440000, 0.55, 15.65, 0.0337750767615381, 0.0, 0.0, 0.0, 0.0, 0.0]
[0m
arrive destination: True ,out of road:False   Total T: 440212 Episode Num: 1132 Episode T: 404 Reward: 408.939 Cost: 6.000 ShieldInt: 12 ShieldDist: 1.699
arrive destination: True ,out of road:False   Total T: 440738 Episode Num: 1133 Episode T: 526 Reward: 414.363 Cost: 13.000 ShieldInt: 19 ShieldDist: 16.051
arrive destination: False ,out of road:True   Total T: 441165 Episode Num: 1134 Episode T: 427 Reward: 280.828 Cost: 15.000 ShieldInt: 19 ShieldDist: 18.840
arrive destination: True ,out of road:False   Total T: 441725 Episode Num: 1135 Episode T: 560 Reward: 402.151 Cost: 26.000 ShieldInt: 17 ShieldDist: 12.258
arrive destination: True ,out of road:False   Total T: 442062 Episode Num: 1136 Episode T: 337 Reward: 294.163 Cost: 8.000 ShieldInt: 16 ShieldDist: 4.131
arrive destination: True ,out of road:False   Total T: 442276 Episode Num: 1137 Episode T: 214 Reward: 233.512 Cost: 5.000 ShieldInt: 13 ShieldDist: 5.510
arrive destination: False ,out of road:False   Total T: 443276 Episode Num: 1138 Episode T: 1000 Reward: 376.124 Cost: 33.000 ShieldInt: 550 ShieldDist: 1016.680
arrive destination: True ,out of road:False   Total T: 443579 Episode Num: 1139 Episode T: 303 Reward: 294.070 Cost: 6.000 ShieldInt: 4 ShieldDist: 0.556
arrive destination: True ,out of road:False   Total T: 443815 Episode Num: 1140 Episode T: 236 Reward: 296.046 Cost: 2.000 ShieldInt: 5 ShieldDist: 6.099
arrive destination: True ,out of road:False   Total T: 444468 Episode Num: 1141 Episode T: 653 Reward: 465.585 Cost: 38.000 ShieldInt: 55 ShieldDist: 35.000
arrive destination: True ,out of road:False   Total T: 444955 Episode Num: 1142 Episode T: 487 Reward: 335.795 Cost: 12.000 ShieldInt: 17 ShieldDist: 7.498
arrive destination: False ,out of road:True   Total T: 445093 Episode Num: 1143 Episode T: 138 Reward: 134.181 Cost: 1.000 ShieldInt: 11 ShieldDist: 1.554
arrive destination: True ,out of road:False   Total T: 445537 Episode Num: 1144 Episode T: 444 Reward: 384.922 Cost: 14.000 ShieldInt: 35 ShieldDist: 45.943
arrive destination: True ,out of road:False   Total T: 446185 Episode Num: 1145 Episode T: 648 Reward: 401.668 Cost: 53.000 ShieldInt: 105 ShieldDist: 126.793
arrive destination: True ,out of road:False   Total T: 446689 Episode Num: 1146 Episode T: 504 Reward: 468.768 Cost: 11.000 ShieldInt: 19 ShieldDist: 28.665
arrive destination: True ,out of road:False   Total T: 446894 Episode Num: 1147 Episode T: 205 Reward: 269.681 Cost: 2.000 ShieldInt: 5 ShieldDist: 3.028
arrive destination: True ,out of road:False   Total T: 447575 Episode Num: 1148 Episode T: 681 Reward: 420.676 Cost: 25.000 ShieldInt: 40 ShieldDist: 25.117
arrive destination: False ,out of road:True   Total T: 447762 Episode Num: 1149 Episode T: 187 Reward: 198.769 Cost: 2.000 ShieldInt: 15 ShieldDist: 2.124
arrive destination: True ,out of road:False   Total T: 447966 Episode Num: 1150 Episode T: 204 Reward: 233.022 Cost: 6.000 ShieldInt: 8 ShieldDist: 1.085
arrive destination: True ,out of road:False   Total T: 448277 Episode Num: 1151 Episode T: 311 Reward: 269.924 Cost: 7.000 ShieldInt: 17 ShieldDist: 2.395
arrive destination: True ,out of road:False   Total T: 448650 Episode Num: 1152 Episode T: 373 Reward: 294.639 Cost: 18.000 ShieldInt: 17 ShieldDist: 4.229
arrive destination: True ,out of road:False   Total T: 449121 Episode Num: 1153 Episode T: 471 Reward: 385.705 Cost: 8.000 ShieldInt: 8 ShieldDist: 6.147
arrive destination: True ,out of road:False   Total T: 449344 Episode Num: 1154 Episode T: 223 Reward: 234.613 Cost: 8.000 ShieldInt: 9 ShieldDist: 4.819
arrive destination: True ,out of road:False   Total T: 449648 Episode Num: 1155 Episode T: 304 Reward: 291.792 Cost: 12.000 ShieldInt: 13 ShieldDist: 9.647
---------------------------------------
Evaluation over 20 episodes: 0.800 Cost 16.550.             SafeRL used : use_qpsl
---------------------------------------
[34;1m
Time: 2026-07-02 03:47:14, Time spent from previous logger: 219.439 s[0m
[34;1mCustomLogger with fileds: ['total_steps', 'EpRet', 'EpCost', 'CostRate', 'MeanPain', 'TriggerRate', 'MeanRisk', 'MeanLongitudinalDelta', 'SteeringLimitRate'][0m
[34;1mfieldvalues: [450000, 0.8, 16.55, 0.03375563056806793, 0.0, 0.0, 0.0, 0.0, 0.0]
[0m
arrive destination: False ,out of road:False   Total T: 450648 Episode Num: 1156 Episode T: 1000 Reward: 758.159 Cost: 23.000 ShieldInt: 22 ShieldDist: 13.846
arrive destination: True ,out of road:False   Total T: 450876 Episode Num: 1157 Episode T: 228 Reward: 295.591 Cost: 2.000 ShieldInt: 4 ShieldDist: 7.076
arrive destination: False ,out of road:True   Total T: 450994 Episode Num: 1158 Episode T: 118 Reward: 105.184 Cost: 1.000 ShieldInt: 0 ShieldDist: 0.000
arrive destination: False ,out of road:True   Total T: 451206 Episode Num: 1159 Episode T: 212 Reward: 203.261 Cost: 5.000 ShieldInt: 12 ShieldDist: 8.728
arrive destination: True ,out of road:False   Total T: 451474 Episode Num: 1160 Episode T: 268 Reward: 270.566 Cost: 0.000 ShieldInt: 3 ShieldDist: 0.422
arrive destination: True ,out of road:False   Total T: 451686 Episode Num: 1161 Episode T: 212 Reward: 232.163 Cost: 3.000 ShieldInt: 8 ShieldDist: 1.165
arrive destination: True ,out of road:False   Total T: 451943 Episode Num: 1162 Episode T: 257 Reward: 296.108 Cost: 4.000 ShieldInt: 3 ShieldDist: 0.450
arrive destination: True ,out of road:False   Total T: 452248 Episode Num: 1163 Episode T: 305 Reward: 269.627 Cost: 7.000 ShieldInt: 6 ShieldDist: 0.820
arrive destination: True ,out of road:False   Total T: 452610 Episode Num: 1164 Episode T: 362 Reward: 266.931 Cost: 11.000 ShieldInt: 26 ShieldDist: 27.584
arrive destination: True ,out of road:False   Total T: 453113 Episode Num: 1165 Episode T: 503 Reward: 470.643 Cost: 15.000 ShieldInt: 24 ShieldDist: 26.608
arrive destination: True ,out of road:False   Total T: 453360 Episode Num: 1166 Episode T: 247 Reward: 325.478 Cost: 18.000 ShieldInt: 8 ShieldDist: 4.664
arrive destination: True ,out of road:False   Total T: 453622 Episode Num: 1167 Episode T: 262 Reward: 274.766 Cost: 4.000 ShieldInt: 4 ShieldDist: 0.507
arrive destination: False ,out of road:True   Total T: 453973 Episode Num: 1168 Episode T: 351 Reward: 326.007 Cost: 7.000 ShieldInt: 4 ShieldDist: 0.588
arrive destination: False ,out of road:True   Total T: 454085 Episode Num: 1169 Episode T: 112 Reward: 84.306 Cost: 2.000 ShieldInt: 1 ShieldDist: 0.110
arrive destination: True ,out of road:False   Total T: 454358 Episode Num: 1170 Episode T: 273 Reward: 335.129 Cost: 1.000 ShieldInt: 2 ShieldDist: 0.284
arrive destination: False ,out of road:True   Total T: 454582 Episode Num: 1171 Episode T: 224 Reward: 200.790 Cost: 4.000 ShieldInt: 4 ShieldDist: 0.533
arrive destination: True ,out of road:False   Total T: 455090 Episode Num: 1172 Episode T: 508 Reward: 414.510 Cost: 18.000 ShieldInt: 26 ShieldDist: 10.591
arrive destination: True ,out of road:False   Total T: 455307 Episode Num: 1173 Episode T: 217 Reward: 269.784 Cost: 4.000 ShieldInt: 2 ShieldDist: 0.300
arrive destination: False ,out of road:True   Total T: 455657 Episode Num: 1174 Episode T: 350 Reward: 253.694 Cost: 12.000 ShieldInt: 23 ShieldDist: 3.270
arrive destination: True ,out of road:False   Total T: 456149 Episode Num: 1175 Episode T: 492 Reward: 469.312 Cost: 6.000 ShieldInt: 11 ShieldDist: 14.597
arrive destination: True ,out of road:False   Total T: 456394 Episode Num: 1176 Episode T: 245 Reward: 296.105 Cost: 8.000 ShieldInt: 8 ShieldDist: 2.843
arrive destination: True ,out of road:False   Total T: 456917 Episode Num: 1177 Episode T: 523 Reward: 288.360 Cost: 34.000 ShieldInt: 98 ShieldDist: 95.280
arrive destination: True ,out of road:False   Total T: 457127 Episode Num: 1178 Episode T: 210 Reward: 269.670 Cost: 1.000 ShieldInt: 6 ShieldDist: 0.848
arrive destination: True ,out of road:False   Total T: 457556 Episode Num: 1179 Episode T: 429 Reward: 387.079 Cost: 3.000 ShieldInt: 7 ShieldDist: 1.017
arrive destination: True ,out of road:False   Total T: 457917 Episode Num: 1180 Episode T: 361 Reward: 294.591 Cost: 10.000 ShieldInt: 14 ShieldDist: 3.210
arrive destination: True ,out of road:False   Total T: 458282 Episode Num: 1181 Episode T: 365 Reward: 380.026 Cost: 8.000 ShieldInt: 9 ShieldDist: 6.240
arrive destination: True ,out of road:False   Total T: 458580 Episode Num: 1182 Episode T: 298 Reward: 294.178 Cost: 11.000 ShieldInt: 7 ShieldDist: 4.403
arrive destination: True ,out of road:False   Total T: 458904 Episode Num: 1183 Episode T: 324 Reward: 265.909 Cost: 3.000 ShieldInt: 16 ShieldDist: 2.201
arrive destination: True ,out of road:False   Total T: 459392 Episode Num: 1184 Episode T: 488 Reward: 470.829 Cost: 5.000 ShieldInt: 16 ShieldDist: 15.182
arrive destination: True ,out of road:False   Total T: 459679 Episode Num: 1185 Episode T: 287 Reward: 287.336 Cost: 7.000 ShieldInt: 11 ShieldDist: 1.418
---------------------------------------
Evaluation over 20 episodes: 0.800 Cost 13.600.             SafeRL used : use_qpsl
---------------------------------------
[34;1m
Time: 2026-07-02 03:49:51, Time spent from previous logger: 157.627 s[0m
[34;1mCustomLogger with fileds: ['total_steps', 'EpRet', 'EpCost', 'CostRate', 'MeanPain', 'TriggerRate', 'MeanRisk', 'MeanLongitudinalDelta', 'SteeringLimitRate'][0m
[34;1mfieldvalues: [460000, 0.8, 13.6, 0.033537029428324844, 0.0, 0.0, 0.0, 0.0, 0.0]
[0m
arrive destination: False ,out of road:True   Total T: 460099 Episode Num: 1186 Episode T: 420 Reward: 410.391 Cost: 3.000 ShieldInt: 1 ShieldDist: 0.150
arrive destination: True ,out of road:False   Total T: 460739 Episode Num: 1187 Episode T: 640 Reward: 499.274 Cost: 25.000 ShieldInt: 36 ShieldDist: 32.901
arrive destination: True ,out of road:False   Total T: 461012 Episode Num: 1188 Episode T: 273 Reward: 268.912 Cost: 0.000 ShieldInt: 2 ShieldDist: 0.252
arrive destination: False ,out of road:True   Total T: 461301 Episode Num: 1189 Episode T: 289 Reward: 307.981 Cost: 1.000 ShieldInt: 12 ShieldDist: 1.691
arrive destination: True ,out of road:False   Total T: 461515 Episode Num: 1190 Episode T: 214 Reward: 269.610 Cost: 2.000 ShieldInt: 4 ShieldDist: 1.396
arrive destination: True ,out of road:False   Total T: 461780 Episode Num: 1191 Episode T: 265 Reward: 274.306 Cost: 3.000 ShieldInt: 6 ShieldDist: 0.852
arrive destination: True ,out of road:False   Total T: 462040 Episode Num: 1192 Episode T: 260 Reward: 276.028 Cost: 1.000 ShieldInt: 5 ShieldDist: 0.750
arrive destination: True ,out of road:False   Total T: 462309 Episode Num: 1193 Episode T: 269 Reward: 295.821 Cost: 6.000 ShieldInt: 11 ShieldDist: 12.132
arrive destination: True ,out of road:False   Total T: 462921 Episode Num: 1194 Episode T: 612 Reward: 411.005 Cost: 25.000 ShieldInt: 69 ShieldDist: 101.060
arrive destination: True ,out of road:False   Total T: 463263 Episode Num: 1195 Episode T: 342 Reward: 266.678 Cost: 8.000 ShieldInt: 8 ShieldDist: 1.121
arrive destination: True ,out of road:False   Total T: 463586 Episode Num: 1196 Episode T: 323 Reward: 268.696 Cost: 9.000 ShieldInt: 14 ShieldDist: 2.039
arrive destination: True ,out of road:False   Total T: 463829 Episode Num: 1197 Episode T: 243 Reward: 273.169 Cost: 0.000 ShieldInt: 3 ShieldDist: 0.448
arrive destination: True ,out of road:False   Total T: 464429 Episode Num: 1198 Episode T: 600 Reward: 335.934 Cost: 49.000 ShieldInt: 63 ShieldDist: 20.723
arrive destination: False ,out of road:True   Total T: 464464 Episode Num: 1199 Episode T: 35 Reward: 0.117 Cost: 1.000 ShieldInt: 0 ShieldDist: 0.000
arrive destination: True ,out of road:False   Total T: 464995 Episode Num: 1200 Episode T: 531 Reward: 386.308 Cost: 15.000 ShieldInt: 16 ShieldDist: 16.750
arrive destination: True ,out of road:False   Total T: 465605 Episode Num: 1201 Episode T: 610 Reward: 417.889 Cost: 31.000 ShieldInt: 29 ShieldDist: 4.156
arrive destination: True ,out of road:False   Total T: 466070 Episode Num: 1202 Episode T: 465 Reward: 472.197 Cost: 2.000 ShieldInt: 7 ShieldDist: 8.327
arrive destination: True ,out of road:False   Total T: 466558 Episode Num: 1203 Episode T: 488 Reward: 469.532 Cost: 3.000 ShieldInt: 7 ShieldDist: 0.960
arrive destination: True ,out of road:False   Total T: 467006 Episode Num: 1204 Episode T: 448 Reward: 402.260 Cost: 10.000 ShieldInt: 5 ShieldDist: 0.702
arrive destination: True ,out of road:False   Total T: 467350 Episode Num: 1205 Episode T: 344 Reward: 268.244 Cost: 5.000 ShieldInt: 8 ShieldDist: 4.075
arrive destination: False ,out of road:True   Total T: 467489 Episode Num: 1206 Episode T: 139 Reward: 134.283 Cost: 1.000 ShieldInt: 9 ShieldDist: 1.321
arrive destination: True ,out of road:False   Total T: 467977 Episode Num: 1207 Episode T: 488 Reward: 378.699 Cost: 15.000 ShieldInt: 21 ShieldDist: 17.817
arrive destination: True ,out of road:False   Total T: 468189 Episode Num: 1208 Episode T: 212 Reward: 270.035 Cost: 5.000 ShieldInt: 2 ShieldDist: 0.275
arrive destination: True ,out of road:False   Total T: 469075 Episode Num: 1209 Episode T: 886 Reward: 403.253 Cost: 81.000 ShieldInt: 181 ShieldDist: 218.031
arrive destination: True ,out of road:False   Total T: 469337 Episode Num: 1210 Episode T: 262 Reward: 295.924 Cost: 5.000 ShieldInt: 2 ShieldDist: 0.256
arrive destination: False ,out of road:True   Total T: 469579 Episode Num: 1211 Episode T: 242 Reward: 254.967 Cost: 3.000 ShieldInt: 6 ShieldDist: 0.837
arrive destination: True ,out of road:False   Total T: 469854 Episode Num: 1212 Episode T: 275 Reward: 295.532 Cost: 17.000 ShieldInt: 20 ShieldDist: 27.764
---------------------------------------
Evaluation over 20 episodes: 0.550 Cost 16.650.             SafeRL used : use_qpsl
---------------------------------------
[34;1m
Time: 2026-07-02 03:52:27, Time spent from previous logger: 156.151 s[0m
[34;1mCustomLogger with fileds: ['total_steps', 'EpRet', 'EpCost', 'CostRate', 'MeanPain', 'TriggerRate', 'MeanRisk', 'MeanLongitudinalDelta', 'SteeringLimitRate'][0m
[34;1mfieldvalues: [470000, 0.55, 16.65, 0.03352347558186294, 0.0, 0.0, 0.0, 0.0, 0.0]
[0m
arrive destination: True ,out of road:False   Total T: 470556 Episode Num: 1213 Episode T: 702 Reward: 617.168 Cost: 21.000 ShieldInt: 46 ShieldDist: 37.258
arrive destination: True ,out of road:False   Total T: 470868 Episode Num: 1214 Episode T: 312 Reward: 271.667 Cost: 7.000 ShieldInt: 12 ShieldDist: 1.766
arrive destination: True ,out of road:False   Total T: 471391 Episode Num: 1215 Episode T: 523 Reward: 413.172 Cost: 5.000 ShieldInt: 19 ShieldDist: 11.901
arrive destination: True ,out of road:False   Total T: 471752 Episode Num: 1216 Episode T: 361 Reward: 288.834 Cost: 21.000 ShieldInt: 8 ShieldDist: 1.152
arrive destination: False ,out of road:False   Total T: 472752 Episode Num: 1217 Episode T: 1000 Reward: 279.159 Cost: 8.000 ShieldInt: 648 ShieldDist: 1092.930
arrive destination: True ,out of road:False   Total T: 473029 Episode Num: 1218 Episode T: 277 Reward: 270.901 Cost: 8.000 ShieldInt: 6 ShieldDist: 0.900
arrive destination: False ,out of road:True   Total T: 473175 Episode Num: 1219 Episode T: 146 Reward: 133.979 Cost: 1.000 ShieldInt: 15 ShieldDist: 2.183
arrive destination: False ,out of road:True   Total T: 473430 Episode Num: 1220 Episode T: 255 Reward: 249.546 Cost: 4.000 ShieldInt: 6 ShieldDist: 0.803
arrive destination: True ,out of road:False   Total T: 473900 Episode Num: 1221 Episode T: 470 Reward: 467.952 Cost: 4.000 ShieldInt: 2 ShieldDist: 3.291
arrive destination: True ,out of road:False   Total T: 474411 Episode Num: 1222 Episode T: 511 Reward: 469.945 Cost: 9.000 ShieldInt: 15 ShieldDist: 14.571
arrive destination: True ,out of road:False   Total T: 474736 Episode Num: 1223 Episode T: 325 Reward: 274.749 Cost: 3.000 ShieldInt: 25 ShieldDist: 8.447
arrive destination: True ,out of road:False   Total T: 475374 Episode Num: 1224 Episode T: 638 Reward: 500.108 Cost: 44.000 ShieldInt: 23 ShieldDist: 9.740
arrive destination: True ,out of road:False   Total T: 475730 Episode Num: 1225 Episode T: 356 Reward: 268.224 Cost: 3.000 ShieldInt: 10 ShieldDist: 12.067
arrive destination: True ,out of road:False   Total T: 475963 Episode Num: 1226 Episode T: 233 Reward: 271.244 Cost: 1.000 ShieldInt: 3 ShieldDist: 0.419
arrive destination: True ,out of road:False   Total T: 476377 Episode Num: 1227 Episode T: 414 Reward: 388.705 Cost: 17.000 ShieldInt: 14 ShieldDist: 5.416
arrive destination: False ,out of road:False   Total T: 477377 Episode Num: 1228 Episode T: 1000 Reward: 67.275 Cost: 22.000 ShieldInt: 28 ShieldDist: 4.011
arrive destination: True ,out of road:False   Total T: 477671 Episode Num: 1229 Episode T: 294 Reward: 276.013 Cost: 1.000 ShieldInt: 10 ShieldDist: 1.382
arrive destination: False ,out of road:True   Total T: 477852 Episode Num: 1230 Episode T: 181 Reward: 142.569 Cost: 6.000 ShieldInt: 5 ShieldDist: 0.750
arrive destination: True ,out of road:False   Total T: 478388 Episode Num: 1231 Episode T: 536 Reward: 410.916 Cost: 9.000 ShieldInt: 23 ShieldDist: 17.559
arrive destination: True ,out of road:False   Total T: 478618 Episode Num: 1232 Episode T: 230 Reward: 269.753 Cost: 3.000 ShieldInt: 3 ShieldDist: 0.450
arrive destination: True ,out of road:False   Total T: 479028 Episode Num: 1233 Episode T: 410 Reward: 382.671 Cost: 18.000 ShieldInt: 19 ShieldDist: 2.799
arrive destination: False ,out of road:True   Total T: 479262 Episode Num: 1234 Episode T: 234 Reward: 223.388 Cost: 8.000 ShieldInt: 3 ShieldDist: 4.775
arrive destination: True ,out of road:False   Total T: 479533 Episode Num: 1235 Episode T: 271 Reward: 269.997 Cost: 0.000 ShieldInt: 7 ShieldDist: 0.960
arrive destination: False ,out of road:True   Total T: 479986 Episode Num: 1236 Episode T: 453 Reward: 359.755 Cost: 17.000 ShieldInt: 20 ShieldDist: 4.043
---------------------------------------
Evaluation over 20 episodes: 0.850 Cost 18.900.             SafeRL used : use_qpsl
---------------------------------------
[34;1m
Time: 2026-07-02 03:55:07, Time spent from previous logger: 159.170 s[0m
[34;1mCustomLogger with fileds: ['total_steps', 'EpRet', 'EpCost', 'CostRate', 'MeanPain', 'TriggerRate', 'MeanRisk', 'MeanLongitudinalDelta', 'SteeringLimitRate'][0m
[34;1mfieldvalues: [480000, 0.85, 18.9, 0.03331881941420711, 0.0, 0.0, 0.0, 0.0, 0.0]
[0m
arrive destination: False ,out of road:True   Total T: 480546 Episode Num: 1237 Episode T: 560 Reward: 363.457 Cost: 23.000 ShieldInt: 35 ShieldDist: 26.240
arrive destination: True ,out of road:False   Total T: 480910 Episode Num: 1238 Episode T: 364 Reward: 294.325 Cost: 17.000 ShieldInt: 11 ShieldDist: 3.315
arrive destination: False ,out of road:True   Total T: 481280 Episode Num: 1239 Episode T: 370 Reward: 347.347 Cost: 6.000 ShieldInt: 25 ShieldDist: 31.121
arrive destination: True ,out of road:False   Total T: 481514 Episode Num: 1240 Episode T: 234 Reward: 289.449 Cost: 1.000 ShieldInt: 1 ShieldDist: 0.141
arrive destination: True ,out of road:False   Total T: 481905 Episode Num: 1241 Episode T: 391 Reward: 375.451 Cost: 9.000 ShieldInt: 28 ShieldDist: 27.458
arrive destination: True ,out of road:False   Total T: 482280 Episode Num: 1242 Episode T: 375 Reward: 405.212 Cost: 0.000 ShieldInt: 11 ShieldDist: 1.589
arrive destination: True ,out of road:False   Total T: 482650 Episode Num: 1243 Episode T: 370 Reward: 401.885 Cost: 0.000 ShieldInt: 7 ShieldDist: 0.943
arrive destination: False ,out of road:True   Total T: 483091 Episode Num: 1244 Episode T: 441 Reward: 369.849 Cost: 22.000 ShieldInt: 19 ShieldDist: 16.840
arrive destination: True ,out of road:False   Total T: 483377 Episode Num: 1245 Episode T: 286 Reward: 335.417 Cost: 4.000 ShieldInt: 3 ShieldDist: 1.810
arrive destination: True ,out of road:False   Total T: 483734 Episode Num: 1246 Episode T: 357 Reward: 270.624 Cost: 19.000 ShieldInt: 26 ShieldDist: 29.663
arrive destination: True ,out of road:False   Total T: 484100 Episode Num: 1247 Episode T: 366 Reward: 407.236 Cost: 0.000 ShieldInt: 8 ShieldDist: 1.057
arrive destination: True ,out of road:False   Total T: 484568 Episode Num: 1248 Episode T: 468 Reward: 383.167 Cost: 17.000 ShieldInt: 17 ShieldDist: 3.319
arrive destination: True ,out of road:False   Total T: 484997 Episode Num: 1249 Episode T: 429 Reward: 385.003 Cost: 9.000 ShieldInt: 22 ShieldDist: 25.732
arrive destination: False ,out of road:False   Total T: 485997 Episode Num: 1250 Episode T: 1000 Reward: 64.362 Cost: 19.000 ShieldInt: 894 ShieldDist: 1638.429
arrive destination: True ,out of road:False   Total T: 486306 Episode Num: 1251 Episode T: 309 Reward: 267.592 Cost: 2.000 ShieldInt: 8 ShieldDist: 1.164
arrive destination: True ,out of road:False   Total T: 486766 Episode Num: 1252 Episode T: 460 Reward: 387.089 Cost: 13.000 ShieldInt: 25 ShieldDist: 25.352
arrive destination: True ,out of road:False   Total T: 487286 Episode Num: 1253 Episode T: 520 Reward: 500.078 Cost: 8.000 ShieldInt: 22 ShieldDist: 21.757
arrive destination: True ,out of road:False   Total T: 487508 Episode Num: 1254 Episode T: 222 Reward: 296.163 Cost: 0.000 ShieldInt: 4 ShieldDist: 0.599
arrive destination: True ,out of road:False   Total T: 487720 Episode Num: 1255 Episode T: 212 Reward: 270.116 Cost: 2.000 ShieldInt: 1 ShieldDist: 1.779
arrive destination: True ,out of road:False   Total T: 488094 Episode Num: 1256 Episode T: 374 Reward: 399.498 Cost: 6.000 ShieldInt: 9 ShieldDist: 1.320
arrive destination: True ,out of road:False   Total T: 488311 Episode Num: 1257 Episode T: 217 Reward: 270.020 Cost: 3.000 ShieldInt: 5 ShieldDist: 0.722
arrive destination: True ,out of road:False   Total T: 488820 Episode Num: 1258 Episode T: 509 Reward: 412.661 Cost: 11.000 ShieldInt: 24 ShieldDist: 17.922
arrive destination: True ,out of road:False   Total T: 489079 Episode Num: 1259 Episode T: 259 Reward: 232.780 Cost: 4.000 ShieldInt: 11 ShieldDist: 13.743
arrive destination: False ,out of road:True   Total T: 489398 Episode Num: 1260 Episode T: 319 Reward: 327.554 Cost: 15.000 ShieldInt: 6 ShieldDist: 2.750
arrive destination: True ,out of road:False   Total T: 489630 Episode Num: 1261 Episode T: 232 Reward: 296.171 Cost: 8.000 ShieldInt: 9 ShieldDist: 9.264
arrive destination: True ,out of road:False   Total T: 489898 Episode Num: 1262 Episode T: 268 Reward: 335.599 Cost: 1.000 ShieldInt: 5 ShieldDist: 0.738
---------------------------------------
Evaluation over 20 episodes: 0.700 Cost 12.650.             SafeRL used : use_qpsl
---------------------------------------
[34;1m
Time: 2026-07-02 03:57:48, Time spent from previous logger: 161.543 s[0m
[34;1mCustomLogger with fileds: ['total_steps', 'EpRet', 'EpCost', 'CostRate', 'MeanPain', 'TriggerRate', 'MeanRisk', 'MeanLongitudinalDelta', 'SteeringLimitRate'][0m
[34;1mfieldvalues: [490000, 0.7, 12.65, 0.03308578180771798, 0.0, 0.0, 0.0, 0.0, 0.0]
[0m
arrive destination: True ,out of road:False   Total T: 490260 Episode Num: 1263 Episode T: 362 Reward: 426.723 Cost: 1.000 ShieldInt: 2 ShieldDist: 0.300
arrive destination: True ,out of road:False   Total T: 490557 Episode Num: 1264 Episode T: 297 Reward: 269.341 Cost: 4.000 ShieldInt: 13 ShieldDist: 8.377
arrive destination: True ,out of road:False   Total T: 491153 Episode Num: 1265 Episode T: 596 Reward: 476.235 Cost: 8.000 ShieldInt: 22 ShieldDist: 16.317
arrive destination: True ,out of road:False   Total T: 491406 Episode Num: 1266 Episode T: 253 Reward: 274.673 Cost: 2.000 ShieldInt: 0 ShieldDist: 0.000
arrive destination: True ,out of road:False   Total T: 491944 Episode Num: 1267 Episode T: 538 Reward: 401.055 Cost: 53.000 ShieldInt: 31 ShieldDist: 31.196
arrive destination: True ,out of road:False   Total T: 492332 Episode Num: 1268 Episode T: 388 Reward: 401.415 Cost: 13.000 ShieldInt: 22 ShieldDist: 23.881
arrive destination: True ,out of road:False   Total T: 492545 Episode Num: 1269 Episode T: 213 Reward: 232.803 Cost: 6.000 ShieldInt: 6 ShieldDist: 0.900
arrive destination: True ,out of road:False   Total T: 492817 Episode Num: 1270 Episode T: 272 Reward: 268.161 Cost: 1.000 ShieldInt: 7 ShieldDist: 1.043
arrive destination: True ,out of road:False   Total T: 493204 Episode Num: 1271 Episode T: 387 Reward: 402.059 Cost: 6.000 ShieldInt: 15 ShieldDist: 13.890
arrive destination: True ,out of road:False   Total T: 493539 Episode Num: 1272 Episode T: 335 Reward: 267.204 Cost: 7.000 ShieldInt: 14 ShieldDist: 9.001
arrive destination: True ,out of road:False   Total T: 494063 Episode Num: 1273 Episode T: 524 Reward: 425.046 Cost: 13.000 ShieldInt: 24 ShieldDist: 11.167
arrive destination: True ,out of road:False   Total T: 494352 Episode Num: 1274 Episode T: 289 Reward: 275.324 Cost: 3.000 ShieldInt: 6 ShieldDist: 0.808
arrive destination: True ,out of road:False   Total T: 494617 Episode Num: 1275 Episode T: 265 Reward: 336.264 Cost: 1.000 ShieldInt: 11 ShieldDist: 1.543
arrive destination: True ,out of road:False   Total T: 495089 Episode Num: 1276 Episode T: 472 Reward: 386.373 Cost: 19.000 ShieldInt: 9 ShieldDist: 1.306
arrive destination: True ,out of road:False   Total T: 495550 Episode Num: 1277 Episode T: 461 Reward: 469.917 Cost: 13.000 ShieldInt: 6 ShieldDist: 0.896
arrive destination: True ,out of road:False   Total T: 495888 Episode Num: 1278 Episode T: 338 Reward: 286.761 Cost: 13.000 ShieldInt: 5 ShieldDist: 2.600
arrive destination: True ,out of road:False   Total T: 496118 Episode Num: 1279 Episode T: 230 Reward: 273.098 Cost: 0.000 ShieldInt: 2 ShieldDist: 0.264
arrive destination: False ,out of road:True   Total T: 496246 Episode Num: 1280 Episode T: 128 Reward: 124.753 Cost: 2.000 ShieldInt: 0 ShieldDist: 0.000
arrive destination: False ,out of road:True   Total T: 496358 Episode Num: 1281 Episode T: 112 Reward: 74.951 Cost: 5.000 ShieldInt: 5 ShieldDist: 0.598
arrive destination: True ,out of road:False   Total T: 496844 Episode Num: 1282 Episode T: 486 Reward: 384.140 Cost: 17.000 ShieldInt: 28 ShieldDist: 24.454
arrive destination: True ,out of road:False   Total T: 497211 Episode Num: 1283 Episode T: 367 Reward: 285.979 Cost: 10.000 ShieldInt: 24 ShieldDist: 30.889
arrive destination: True ,out of road:False   Total T: 497660 Episode Num: 1284 Episode T: 449 Reward: 471.596 Cost: 10.000 ShieldInt: 8 ShieldDist: 1.065
arrive destination: False ,out of road:False   Total T: 498660 Episode Num: 1285 Episode T: 1000 Reward: 482.539 Cost: 59.000 ShieldInt: 411 ShieldDist: 530.534
arrive destination: True ,out of road:False   Total T: 498857 Episode Num: 1286 Episode T: 197 Reward: 269.559 Cost: 0.000 ShieldInt: 2 ShieldDist: 0.300
arrive destination: True ,out of road:False   Total T: 499355 Episode Num: 1287 Episode T: 498 Reward: 422.377 Cost: 20.000 ShieldInt: 34 ShieldDist: 13.774
arrive destination: True ,out of road:False   Total T: 499864 Episode Num: 1288 Episode T: 509 Reward: 414.146 Cost: 10.000 ShieldInt: 32 ShieldDist: 33.227
---------------------------------------
Evaluation over 20 episodes: 1.000 Cost 10.850.             SafeRL used : use_qpsl
---------------------------------------
[34;1m
Time: 2026-07-02 04:00:27, Time spent from previous logger: 158.637 s[0m
[34;1mCustomLogger with fileds: ['total_steps', 'EpRet', 'EpCost', 'CostRate', 'MeanPain', 'TriggerRate', 'MeanRisk', 'MeanLongitudinalDelta', 'SteeringLimitRate'][0m
[34;1mfieldvalues: [500000, 1.0, 10.85, 0.033016066032132065, 0.0, 0.0, 0.0, 0.0, 0.0]
[0m
arrive destination: False ,out of road:True   Total T: 500103 Episode Num: 1289 Episode T: 239 Reward: 219.441 Cost: 5.000 ShieldInt: 4 ShieldDist: 2.450
arrive destination: False ,out of road:True   Total T: 500192 Episode Num: 1290 Episode T: 89 Reward: 67.161 Cost: 1.000 ShieldInt: 1 ShieldDist: 0.150
arrive destination: True ,out of road:False   Total T: 500644 Episode Num: 1291 Episode T: 452 Reward: 471.442 Cost: 2.000 ShieldInt: 4 ShieldDist: 0.572
arrive destination: True ,out of road:False   Total T: 501139 Episode Num: 1292 Episode T: 495 Reward: 413.009 Cost: 10.000 ShieldInt: 23 ShieldDist: 20.125
arrive destination: False ,out of road:True   Total T: 501196 Episode Num: 1293 Episode T: 57 Reward: 22.466 Cost: 1.000 ShieldInt: 0 ShieldDist: 0.000
arrive destination: True ,out of road:False   Total T: 501467 Episode Num: 1294 Episode T: 271 Reward: 273.008 Cost: 0.000 ShieldInt: 7 ShieldDist: 1.021
arrive destination: True ,out of road:False   Total T: 501674 Episode Num: 1295 Episode T: 207 Reward: 232.903 Cost: 0.000 ShieldInt: 14 ShieldDist: 2.059
arrive destination: True ,out of road:False   Total T: 502107 Episode Num: 1296 Episode T: 433 Reward: 401.000 Cost: 24.000 ShieldInt: 27 ShieldDist: 13.807
arrive destination: True ,out of road:False   Total T: 502351 Episode Num: 1297 Episode T: 244 Reward: 288.424 Cost: 4.000 ShieldInt: 7 ShieldDist: 1.923
arrive destination: False ,out of road:True   Total T: 502458 Episode Num: 1298 Episode T: 107 Reward: 75.581 Cost: 4.000 ShieldInt: 3 ShieldDist: 0.419
arrive destination: True ,out of road:False   Total T: 502774 Episode Num: 1299 Episode T: 316 Reward: 266.290 Cost: 7.000 ShieldInt: 3 ShieldDist: 0.450
arrive destination: True ,out of road:False   Total T: 503026 Episode Num: 1300 Episode T: 252 Reward: 305.855 Cost: 8.000 ShieldInt: 13 ShieldDist: 11.525
arrive destination: True ,out of road:False   Total T: 503308 Episode Num: 1301 Episode T: 282 Reward: 273.121 Cost: 0.000 ShieldInt: 11 ShieldDist: 1.614
arrive destination: True ,out of road:False   Total T: 503563 Episode Num: 1302 Episode T: 255 Reward: 287.338 Cost: 9.000 ShieldInt: 5 ShieldDist: 6.198
arrive destination: True ,out of road:False   Total T: 503833 Episode Num: 1303 Episode T: 270 Reward: 273.161 Cost: 1.000 ShieldInt: 10 ShieldDist: 1.376
arrive destination: True ,out of road:False   Total T: 504233 Episode Num: 1304 Episode T: 400 Reward: 373.869 Cost: 4.000 ShieldInt: 11 ShieldDist: 1.578
arrive destination: False ,out of road:False   Total T: 505233 Episode Num: 1305 Episode T: 1000 Reward: 71.010 Cost: 26.000 ShieldInt: 86 ShieldDist: 85.792
arrive destination: True ,out of road:False   Total T: 505818 Episode Num: 1306 Episode T: 585 Reward: 423.094 Cost: 30.000 ShieldInt: 39 ShieldDist: 27.104
arrive destination: True ,out of road:False   Total T: 506256 Episode Num: 1307 Episode T: 438 Reward: 424.314 Cost: 8.000 ShieldInt: 41 ShieldDist: 28.223
arrive destination: True ,out of road:False   Total T: 506742 Episode Num: 1308 Episode T: 486 Reward: 471.074 Cost: 13.000 ShieldInt: 26 ShieldDist: 27.099
arrive destination: True ,out of road:False   Total T: 507113 Episode Num: 1309 Episode T: 371 Reward: 381.292 Cost: 9.000 ShieldInt: 13 ShieldDist: 11.874
arrive destination: True ,out of road:False   Total T: 507407 Episode Num: 1310 Episode T: 294 Reward: 286.342 Cost: 5.000 ShieldInt: 5 ShieldDist: 2.145
arrive destination: False ,out of road:True   Total T: 507824 Episode Num: 1311 Episode T: 417 Reward: 253.043 Cost: 21.000 ShieldInt: 18 ShieldDist: 4.994
arrive destination: False ,out of road:True   Total T: 508104 Episode Num: 1312 Episode T: 280 Reward: 278.866 Cost: 13.000 ShieldInt: 6 ShieldDist: 0.801
arrive destination: True ,out of road:False   Total T: 508428 Episode Num: 1313 Episode T: 324 Reward: 268.821 Cost: 7.000 ShieldInt: 7 ShieldDist: 1.050
arrive destination: True ,out of road:False   Total T: 508953 Episode Num: 1314 Episode T: 525 Reward: 412.705 Cost: 12.000 ShieldInt: 25 ShieldDist: 22.388
arrive destination: False ,out of road:False   Total T: 509953 Episode Num: 1315 Episode T: 1000 Reward: 370.491 Cost: 57.000 ShieldInt: 575 ShieldDist: 1086.016
---------------------------------------
Evaluation over 20 episodes: 0.850 Cost 12.200.             SafeRL used : use_qpsl
---------------------------------------
[34;1m
Time: 2026-07-02 04:03:03, Time spent from previous logger: 156.152 s[0m
[34;1mCustomLogger with fileds: ['total_steps', 'EpRet', 'EpCost', 'CostRate', 'MeanPain', 'TriggerRate', 'MeanRisk', 'MeanLongitudinalDelta', 'SteeringLimitRate'][0m
[34;1mfieldvalues: [510000, 0.85, 12.2, 0.03291967239151449, 0.0, 0.0, 0.0, 0.0, 0.0]
[0m
arrive destination: True ,out of road:False   Total T: 510248 Episode Num: 1316 Episode T: 295 Reward: 353.369 Cost: 1.000 ShieldInt: 5 ShieldDist: 0.704
arrive destination: False ,out of road:True   Total T: 510387 Episode Num: 1317 Episode T: 139 Reward: 134.591 Cost: 1.000 ShieldInt: 8 ShieldDist: 1.130
arrive destination: True ,out of road:False   Total T: 510823 Episode Num: 1318 Episode T: 436 Reward: 401.662 Cost: 10.000 ShieldInt: 20 ShieldDist: 18.763
arrive destination: True ,out of road:False   Total T: 511315 Episode Num: 1319 Episode T: 492 Reward: 414.555 Cost: 14.000 ShieldInt: 20 ShieldDist: 8.324
arrive destination: False ,out of road:True   Total T: 511748 Episode Num: 1320 Episode T: 433 Reward: 406.384 Cost: 24.000 ShieldInt: 28 ShieldDist: 32.619
arrive destination: True ,out of road:False   Total T: 512104 Episode Num: 1321 Episode T: 356 Reward: 269.978 Cost: 8.000 ShieldInt: 3 ShieldDist: 0.436
arrive destination: True ,out of road:False   Total T: 512646 Episode Num: 1322 Episode T: 542 Reward: 418.914 Cost: 42.000 ShieldInt: 31 ShieldDist: 9.865
arrive destination: True ,out of road:False   Total T: 512884 Episode Num: 1323 Episode T: 238 Reward: 296.025 Cost: 4.000 ShieldInt: 9 ShieldDist: 4.821
arrive destination: False ,out of road:True   Total T: 512923 Episode Num: 1324 Episode T: 39 Reward: 3.360 Cost: 1.000 ShieldInt: 4 ShieldDist: 0.586
arrive destination: True ,out of road:False   Total T: 513171 Episode Num: 1325 Episode T: 248 Reward: 295.654 Cost: 5.000 ShieldInt: 9 ShieldDist: 1.343
arrive destination: True ,out of road:False   Total T: 513672 Episode Num: 1326 Episode T: 501 Reward: 416.703 Cost: 19.000 ShieldInt: 27 ShieldDist: 17.312
arrive destination: True ,out of road:False   Total T: 514059 Episode Num: 1327 Episode T: 387 Reward: 383.030 Cost: 16.000 ShieldInt: 8 ShieldDist: 3.005
arrive destination: False ,out of road:True   Total T: 514187 Episode Num: 1328 Episode T: 128 Reward: 126.376 Cost: 2.000 ShieldInt: 3 ShieldDist: 0.404
arrive destination: True ,out of road:False   Total T: 514739 Episode Num: 1329 Episode T: 552 Reward: 417.719 Cost: 23.000 ShieldInt: 36 ShieldDist: 19.444
arrive destination: False ,out of road:True   Total T: 514877 Episode Num: 1330 Episode T: 138 Reward: 134.300 Cost: 1.000 ShieldInt: 6 ShieldDist: 0.828
arrive destination: True ,out of road:False   Total T: 515194 Episode Num: 1331 Episode T: 317 Reward: 271.200 Cost: 10.000 ShieldInt: 3 ShieldDist: 0.441
arrive destination: True ,out of road:False   Total T: 515423 Episode Num: 1332 Episode T: 229 Reward: 235.012 Cost: 10.000 ShieldInt: 4 ShieldDist: 0.600
arrive destination: True ,out of road:False   Total T: 515951 Episode Num: 1333 Episode T: 528 Reward: 405.670 Cost: 14.000 ShieldInt: 22 ShieldDist: 4.970
arrive destination: False ,out of road:True   Total T: 516056 Episode Num: 1334 Episode T: 105 Reward: 74.816 Cost: 5.000 ShieldInt: 1 ShieldDist: 0.150
arrive destination: True ,out of road:False   Total T: 516269 Episode Num: 1335 Episode T: 213 Reward: 269.993 Cost: 4.000 ShieldInt: 1 ShieldDist: 0.150
arrive destination: True ,out of road:False   Total T: 516533 Episode Num: 1336 Episode T: 264 Reward: 295.818 Cost: 6.000 ShieldInt: 6 ShieldDist: 0.824
arrive destination: False ,out of road:False   Total T: 517533 Episode Num: 1337 Episode T: 1000 Reward: 483.389 Cost: 43.000 ShieldInt: 436 ShieldDist: 727.899
arrive destination: False ,out of road:True   Total T: 517838 Episode Num: 1338 Episode T: 305 Reward: 353.813 Cost: 3.000 ShieldInt: 5 ShieldDist: 2.571
arrive destination: False ,out of road:True   Total T: 517883 Episode Num: 1339 Episode T: 45 Reward: 7.225 Cost: 1.000 ShieldInt: 2 ShieldDist: 0.289
arrive destination: True ,out of road:False   Total T: 518246 Episode Num: 1340 Episode T: 363 Reward: 397.077 Cost: 1.000 ShieldInt: 8 ShieldDist: 1.169
arrive destination: True ,out of road:False   Total T: 518680 Episode Num: 1341 Episode T: 434 Reward: 383.377 Cost: 14.000 ShieldInt: 11 ShieldDist: 1.560
arrive destination: False ,out of road:True   Total T: 518812 Episode Num: 1342 Episode T: 132 Reward: 101.884 Cost: 1.000 ShieldInt: 0 ShieldDist: 0.000
arrive destination: True ,out of road:False   Total T: 519110 Episode Num: 1343 Episode T: 298 Reward: 270.249 Cost: 4.000 ShieldInt: 13 ShieldDist: 3.522
arrive destination: False ,out of road:True   Total T: 519461 Episode Num: 1344 Episode T: 351 Reward: 322.266 Cost: 14.000 ShieldInt: 19 ShieldDist: 3.863
arrive destination: False ,out of road:True   Total T: 519911 Episode Num: 1345 Episode T: 450 Reward: 319.780 Cost: 14.000 ShieldInt: 23 ShieldDist: 21.652
---------------------------------------
Evaluation over 20 episodes: 0.750 Cost 14.500.             SafeRL used : use_qpsl
---------------------------------------
[34;1m
Time: 2026-07-02 04:05:44, Time spent from previous logger: 161.458 s[0m
[34;1mCustomLogger with fileds: ['total_steps', 'EpRet', 'EpCost', 'CostRate', 'MeanPain', 'TriggerRate', 'MeanRisk', 'MeanLongitudinalDelta', 'SteeringLimitRate'][0m
[34;1mfieldvalues: [520000, 0.75, 14.5, 0.03289237094686721, 0.0, 0.0, 0.0, 0.0, 0.0]
[0m
arrive destination: True ,out of road:False   Total T: 520251 Episode Num: 1346 Episode T: 340 Reward: 405.758 Cost: 1.000 ShieldInt: 4 ShieldDist: 0.561
arrive destination: True ,out of road:False   Total T: 520502 Episode Num: 1347 Episode T: 251 Reward: 232.871 Cost: 2.000 ShieldInt: 12 ShieldDist: 1.684
arrive destination: True ,out of road:False   Total T: 520933 Episode Num: 1348 Episode T: 431 Reward: 472.918 Cost: 9.000 ShieldInt: 9 ShieldDist: 3.134
arrive destination: False ,out of road:True   Total T: 521082 Episode Num: 1349 Episode T: 149 Reward: 102.318 Cost: 9.000 ShieldInt: 14 ShieldDist: 8.760
arrive destination: False ,out of road:True   Total T: 521236 Episode Num: 1350 Episode T: 154 Reward: 161.945 Cost: 4.000 ShieldInt: 7 ShieldDist: 0.977
arrive destination: True ,out of road:True   Total T: 521521 Episode Num: 1351 Episode T: 285 Reward: 274.178 Cost: 6.000 ShieldInt: 7 ShieldDist: 1.026
arrive destination: False ,out of road:True   Total T: 521872 Episode Num: 1352 Episode T: 351 Reward: 328.980 Cost: 19.000 ShieldInt: 10 ShieldDist: 3.285
arrive destination: False ,out of road:True   Total T: 522108 Episode Num: 1353 Episode T: 236 Reward: 228.289 Cost: 5.000 ShieldInt: 4 ShieldDist: 0.595
arrive destination: True ,out of road:False   Total T: 522568 Episode Num: 1354 Episode T: 460 Reward: 388.235 Cost: 10.000 ShieldInt: 29 ShieldDist: 21.301
arrive destination: False ,out of road:True   Total T: 523032 Episode Num: 1355 Episode T: 464 Reward: 296.186 Cost: 20.000 ShieldInt: 15 ShieldDist: 3.983
arrive destination: False ,out of road:True   Total T: 523233 Episode Num: 1356 Episode T: 201 Reward: 164.274 Cost: 1.000 ShieldInt: 2 ShieldDist: 0.287
arrive destination: True ,out of road:False   Total T: 523449 Episode Num: 1357 Episode T: 216 Reward: 270.015 Cost: 3.000 ShieldInt: 2 ShieldDist: 1.482
arrive destination: True ,out of road:False   Total T: 523932 Episode Num: 1358 Episode T: 483 Reward: 473.860 Cost: 10.000 ShieldInt: 20 ShieldDist: 26.131
arrive destination: False ,out of road:True   Total T: 524218 Episode Num: 1359 Episode T: 286 Reward: 202.694 Cost: 23.000 ShieldInt: 22 ShieldDist: 19.700
arrive destination: True ,out of road:False   Total T: 524657 Episode Num: 1360 Episode T: 439 Reward: 400.286 Cost: 5.000 ShieldInt: 14 ShieldDist: 10.999
arrive destination: True ,out of road:False   Total T: 524905 Episode Num: 1361 Episode T: 248 Reward: 274.981 Cost: 0.000 ShieldInt: 9 ShieldDist: 1.274
arrive destination: True ,out of road:False   Total T: 525274 Episode Num: 1362 Episode T: 369 Reward: 400.607 Cost: 3.000 ShieldInt: 14 ShieldDist: 1.951
arrive destination: False ,out of road:True   Total T: 525378 Episode Num: 1363 Episode T: 104 Reward: 63.964 Cost: 5.000 ShieldInt: 5 ShieldDist: 1.169
arrive destination: True ,out of road:False   Total T: 525580 Episode Num: 1364 Episode T: 202 Reward: 233.377 Cost: 0.000 ShieldInt: 10 ShieldDist: 1.448
arrive destination: True ,out of road:False   Total T: 525797 Episode Num: 1365 Episode T: 217 Reward: 269.977 Cost: 8.000 ShieldInt: 0 ShieldDist: 0.000
arrive destination: True ,out of road:False   Total T: 526206 Episode Num: 1366 Episode T: 409 Reward: 378.614 Cost: 23.000 ShieldInt: 16 ShieldDist: 13.801
arrive destination: True ,out of road:False   Total T: 526846 Episode Num: 1367 Episode T: 640 Reward: 411.434 Cost: 30.000 ShieldInt: 38 ShieldDist: 15.841
arrive destination: True ,out of road:False   Total T: 527209 Episode Num: 1368 Episode T: 363 Reward: 401.123 Cost: 13.000 ShieldInt: 8 ShieldDist: 8.478
arrive destination: True ,out of road:False   Total T: 527579 Episode Num: 1369 Episode T: 370 Reward: 397.054 Cost: 0.000 ShieldInt: 13 ShieldDist: 1.920
arrive destination: True ,out of road:False   Total T: 527788 Episode Num: 1370 Episode T: 209 Reward: 232.803 Cost: 1.000 ShieldInt: 8 ShieldDist: 1.114
arrive destination: True ,out of road:False   Total T: 527986 Episode Num: 1371 Episode T: 198 Reward: 233.482 Cost: 0.000 ShieldInt: 8 ShieldDist: 1.154
arrive destination: True ,out of road:False   Total T: 528435 Episode Num: 1372 Episode T: 449 Reward: 376.089 Cost: 13.000 ShieldInt: 40 ShieldDist: 38.892
arrive destination: False ,out of road:True   Total T: 528558 Episode Num: 1373 Episode T: 123 Reward: 97.168 Cost: 3.000 ShieldInt: 3 ShieldDist: 0.450
arrive destination: True ,out of road:False   Total T: 528814 Episode Num: 1374 Episode T: 256 Reward: 335.773 Cost: 1.000 ShieldInt: 7 ShieldDist: 1.021
arrive destination: True ,out of road:False   Total T: 529071 Episode Num: 1375 Episode T: 257 Reward: 295.488 Cost: 5.000 ShieldInt: 12 ShieldDist: 8.821
arrive destination: True ,out of road:False   Total T: 529327 Episode Num: 1376 Episode T: 256 Reward: 296.111 Cost: 10.000 ShieldInt: 12 ShieldDist: 19.749
arrive destination: False ,out of road:True   Total T: 529362 Episode Num: 1377 Episode T: 35 Reward: 2.719 Cost: 1.000 ShieldInt: 0 ShieldDist: 0.000
arrive destination: False ,out of road:True   Total T: 529418 Episode Num: 1378 Episode T: 56 Reward: 22.403 Cost: 1.000 ShieldInt: 0 ShieldDist: 0.000
arrive destination: True ,out of road:False   Total T: 529968 Episode Num: 1379 Episode T: 550 Reward: 425.952 Cost: 11.000 ShieldInt: 39 ShieldDist: 25.474
---------------------------------------
Evaluation over 20 episodes: 0.600 Cost 13.400.             SafeRL used : use_qpsl
---------------------------------------
[34;1m
Time: 2026-07-02 04:08:22, Time spent from previous logger: 158.018 s[0m
[34;1mCustomLogger with fileds: ['total_steps', 'EpRet', 'EpCost', 'CostRate', 'MeanPain', 'TriggerRate', 'MeanRisk', 'MeanLongitudinalDelta', 'SteeringLimitRate'][0m
[34;1mfieldvalues: [530000, 0.6, 13.4, 0.03275289198658866, 0.0, 0.0, 0.0, 0.0, 0.0]
[0m
arrive destination: True ,out of road:False   Total T: 530304 Episode Num: 1380 Episode T: 336 Reward: 276.965 Cost: 4.000 ShieldInt: 5 ShieldDist: 0.674
arrive destination: True ,out of road:False   Total T: 530554 Episode Num: 1381 Episode T: 250 Reward: 335.594 Cost: 1.000 ShieldInt: 3 ShieldDist: 2.300
arrive destination: True ,out of road:False   Total T: 530796 Episode Num: 1382 Episode T: 242 Reward: 295.821 Cost: 5.000 ShieldInt: 1 ShieldDist: 1.974
arrive destination: True ,out of road:False   Total T: 531027 Episode Num: 1383 Episode T: 231 Reward: 272.275 Cost: 0.000 ShieldInt: 2 ShieldDist: 0.263
arrive destination: True ,out of road:False   Total T: 531449 Episode Num: 1384 Episode T: 422 Reward: 406.406 Cost: 14.000 ShieldInt: 15 ShieldDist: 12.905
arrive destination: False ,out of road:True   Total T: 531489 Episode Num: 1385 Episode T: 40 Reward: 4.661 Cost: 1.000 ShieldInt: 0 ShieldDist: 0.000
arrive destination: True ,out of road:False   Total T: 532050 Episode Num: 1386 Episode T: 561 Reward: 425.235 Cost: 36.000 ShieldInt: 42 ShieldDist: 26.640
arrive destination: True ,out of road:False   Total T: 532524 Episode Num: 1387 Episode T: 474 Reward: 374.398 Cost: 11.000 ShieldInt: 52 ShieldDist: 61.111
arrive destination: False ,out of road:True   Total T: 532560 Episode Num: 1388 Episode T: 36 Reward: 3.532 Cost: 1.000 ShieldInt: 0 ShieldDist: 0.000
arrive destination: True ,out of road:False   Total T: 532921 Episode Num: 1389 Episode T: 361 Reward: 397.221 Cost: 0.000 ShieldInt: 7 ShieldDist: 1.050
arrive destination: True ,out of road:False   Total T: 533170 Episode Num: 1390 Episode T: 249 Reward: 270.126 Cost: 6.000 ShieldInt: 7 ShieldDist: 8.291
arrive destination: True ,out of road:False   Total T: 533422 Episode Num: 1391 Episode T: 252 Reward: 271.866 Cost: 3.000 ShieldInt: 5 ShieldDist: 0.662
arrive destination: True ,out of road:False   Total T: 533645 Episode Num: 1392 Episode T: 223 Reward: 269.925 Cost: 3.000 ShieldInt: 3 ShieldDist: 2.514
arrive destination: True ,out of road:False   Total T: 533845 Episode Num: 1393 Episode T: 200 Reward: 234.708 Cost: 0.000 ShieldInt: 8 ShieldDist: 1.142
arrive destination: True ,out of road:False   Total T: 534208 Episode Num: 1394 Episode T: 363 Reward: 395.744 Cost: 0.000 ShieldInt: 11 ShieldDist: 1.483
arrive destination: True ,out of road:False   Total T: 534729 Episode Num: 1395 Episode T: 521 Reward: 468.990 Cost: 16.000 ShieldInt: 44 ShieldDist: 55.093
arrive destination: True ,out of road:False   Total T: 535049 Episode Num: 1396 Episode T: 320 Reward: 269.780 Cost: 3.000 ShieldInt: 5 ShieldDist: 0.703
arrive destination: True ,out of road:False   Total T: 535471 Episode Num: 1397 Episode T: 422 Reward: 469.505 Cost: 3.000 ShieldInt: 10 ShieldDist: 9.615
arrive destination: True ,out of road:False   Total T: 535861 Episode Num: 1398 Episode T: 390 Reward: 373.418 Cost: 8.000 ShieldInt: 22 ShieldDist: 15.946
arrive destination: False ,out of road:True   Total T: 535967 Episode Num: 1399 Episode T: 106 Reward: 82.481 Cost: 2.000 ShieldInt: 4 ShieldDist: 0.582
arrive destination: True ,out of road:False   Total T: 536397 Episode Num: 1400 Episode T: 430 Reward: 470.172 Cost: 1.000 ShieldInt: 4 ShieldDist: 0.531
arrive destination: True ,out of road:False   Total T: 536787 Episode Num: 1401 Episode T: 390 Reward: 394.604 Cost: 0.000 ShieldInt: 7 ShieldDist: 0.990
arrive destination: False ,out of road:True   Total T: 536821 Episode Num: 1402 Episode T: 34 Reward: 0.411 Cost: 1.000 ShieldInt: 0 ShieldDist: 0.000
arrive destination: True ,out of road:False   Total T: 537319 Episode Num: 1403 Episode T: 498 Reward: 411.321 Cost: 7.000 ShieldInt: 22 ShieldDist: 15.517
arrive destination: True ,out of road:False   Total T: 537577 Episode Num: 1404 Episode T: 258 Reward: 274.024 Cost: 1.000 ShieldInt: 2 ShieldDist: 0.300
arrive destination: True ,out of road:False   Total T: 538051 Episode Num: 1405 Episode T: 474 Reward: 419.890 Cost: 20.000 ShieldInt: 14 ShieldDist: 7.422
arrive destination: True ,out of road:False   Total T: 538410 Episode Num: 1406 Episode T: 359 Reward: 393.991 Cost: 0.000 ShieldInt: 9 ShieldDist: 1.238
arrive destination: False ,out of road:False   Total T: 539410 Episode Num: 1407 Episode T: 1000 Reward: 380.307 Cost: 38.000 ShieldInt: 478 ShieldDist: 812.840
arrive destination: True ,out of road:False   Total T: 539725 Episode Num: 1408 Episode T: 315 Reward: 288.636 Cost: 7.000 ShieldInt: 22 ShieldDist: 15.667
---------------------------------------
Evaluation over 20 episodes: 0.800 Cost 15.250.             SafeRL used : use_qpsl
---------------------------------------
[34;1m
Time: 2026-07-02 04:11:01, Time spent from previous logger: 158.080 s[0m
[34;1mCustomLogger with fileds: ['total_steps', 'EpRet', 'EpCost', 'CostRate', 'MeanPain', 'TriggerRate', 'MeanRisk', 'MeanLongitudinalDelta', 'SteeringLimitRate'][0m
[34;1mfieldvalues: [540000, 0.8, 15.25, 0.032520430593389986, 0.0, 0.0, 0.0, 0.0, 0.0]
[0m
arrive destination: False ,out of road:True   Total T: 540222 Episode Num: 1409 Episode T: 497 Reward: 447.255 Cost: 16.000 ShieldInt: 0 ShieldDist: 0.000
arrive destination: True ,out of road:False   Total T: 540443 Episode Num: 1410 Episode T: 221 Reward: 295.499 Cost: 7.000 ShieldInt: 1 ShieldDist: 0.150
arrive destination: True ,out of road:False   Total T: 540985 Episode Num: 1411 Episode T: 542 Reward: 422.611 Cost: 12.000 ShieldInt: 36 ShieldDist: 19.220
arrive destination: True ,out of road:False   Total T: 541445 Episode Num: 1412 Episode T: 460 Reward: 401.629 Cost: 13.000 ShieldInt: 22 ShieldDist: 28.614
arrive destination: False ,out of road:True   Total T: 541477 Episode Num: 1413 Episode T: 32 Reward: 0.639 Cost: 1.000 ShieldInt: 0 ShieldDist: 0.000
arrive destination: True ,out of road:False   Total T: 541716 Episode Num: 1414 Episode T: 239 Reward: 269.815 Cost: 3.000 ShieldInt: 3 ShieldDist: 0.443
arrive destination: False ,out of road:True   Total T: 541749 Episode Num: 1415 Episode T: 33 Reward: 1.640 Cost: 1.000 ShieldInt: 0 ShieldDist: 0.000
arrive destination: True ,out of road:False   Total T: 542233 Episode Num: 1416 Episode T: 484 Reward: 463.372 Cost: 3.000 ShieldInt: 14 ShieldDist: 17.488
arrive destination: False ,out of road:True   Total T: 542296 Episode Num: 1417 Episode T: 63 Reward: 31.243 Cost: 1.000 ShieldInt: 2 ShieldDist: 0.300
arrive destination: True ,out of road:False   Total T: 542798 Episode Num: 1418 Episode T: 502 Reward: 414.844 Cost: 15.000 ShieldInt: 17 ShieldDist: 15.254
arrive destination: False ,out of road:True   Total T: 543032 Episode Num: 1419 Episode T: 234 Reward: 243.208 Cost: 7.000 ShieldInt: 12 ShieldDist: 7.754
arrive destination: True ,out of road:False   Total T: 543519 Episode Num: 1420 Episode T: 487 Reward: 473.580 Cost: 9.000 ShieldInt: 14 ShieldDist: 12.241
arrive destination: True ,out of road:False   Total T: 543852 Episode Num: 1421 Episode T: 333 Reward: 264.292 Cost: 11.000 ShieldInt: 13 ShieldDist: 12.266
arrive destination: True ,out of road:False   Total T: 544251 Episode Num: 1422 Episode T: 399 Reward: 372.947 Cost: 6.000 ShieldInt: 19 ShieldDist: 15.540
arrive destination: True ,out of road:False   Total T: 544564 Episode Num: 1423 Episode T: 313 Reward: 295.364 Cost: 26.000 ShieldInt: 19 ShieldDist: 29.630
arrive destination: False ,out of road:True   Total T: 544985 Episode Num: 1424 Episode T: 421 Reward: 376.713 Cost: 15.000 ShieldInt: 19 ShieldDist: 15.472
arrive destination: False ,out of road:True   Total T: 545084 Episode Num: 1425 Episode T: 99 Reward: 76.925 Cost: 4.000 ShieldInt: 0 ShieldDist: 0.000
arrive destination: False ,out of road:True   Total T: 545145 Episode Num: 1426 Episode T: 61 Reward: 26.832 Cost: 1.000 ShieldInt: 1 ShieldDist: 0.150
arrive destination: False ,out of road:True   Total T: 545247 Episode Num: 1427 Episode T: 102 Reward: 76.659 Cost: 4.000 ShieldInt: 5 ShieldDist: 0.729
arrive destination: False ,out of road:True   Total T: 545389 Episode Num: 1428 Episode T: 142 Reward: 133.735 Cost: 1.000 ShieldInt: 7 ShieldDist: 1.050
arrive destination: False ,out of road:True   Total T: 545529 Episode Num: 1429 Episode T: 140 Reward: 133.388 Cost: 1.000 ShieldInt: 6 ShieldDist: 0.790
arrive destination: True ,out of road:False   Total T: 545880 Episode Num: 1430 Episode T: 351 Reward: 270.756 Cost: 13.000 ShieldInt: 15 ShieldDist: 20.842
arrive destination: False ,out of road:True   Total T: 546018 Episode Num: 1431 Episode T: 138 Reward: 133.200 Cost: 1.000 ShieldInt: 9 ShieldDist: 1.281
arrive destination: True ,out of road:False   Total T: 546513 Episode Num: 1432 Episode T: 495 Reward: 466.520 Cost: 8.000 ShieldInt: 22 ShieldDist: 15.240
arrive destination: True ,out of road:False   Total T: 547029 Episode Num: 1433 Episode T: 516 Reward: 401.533 Cost: 16.000 ShieldInt: 33 ShieldDist: 35.781
arrive destination: False ,out of road:True   Total T: 547056 Episode Num: 1434 Episode T: 27 Reward: -1.076 Cost: 1.000 ShieldInt: 0 ShieldDist: 0.000
arrive destination: True ,out of road:False   Total T: 547316 Episode Num: 1435 Episode T: 260 Reward: 272.397 Cost: 0.000 ShieldInt: 5 ShieldDist: 0.747
arrive destination: True ,out of road:False   Total T: 547560 Episode Num: 1436 Episode T: 244 Reward: 270.407 Cost: 1.000 ShieldInt: 0 ShieldDist: 0.000
arrive destination: True ,out of road:False   Total T: 547828 Episode Num: 1437 Episode T: 268 Reward: 295.982 Cost: 8.000 ShieldInt: 20 ShieldDist: 18.618
arrive destination: True ,out of road:False   Total T: 548313 Episode Num: 1438 Episode T: 485 Reward: 370.135 Cost: 28.000 ShieldInt: 40 ShieldDist: 54.965
arrive destination: True ,out of road:False   Total T: 548736 Episode Num: 1439 Episode T: 423 Reward: 387.282 Cost: 12.000 ShieldInt: 20 ShieldDist: 28.152
arrive destination: False ,out of road:True   Total T: 548993 Episode Num: 1440 Episode T: 257 Reward: 195.609 Cost: 5.000 ShieldInt: 1 ShieldDist: 0.150
arrive destination: True ,out of road:False   Total T: 549487 Episode Num: 1441 Episode T: 494 Reward: 335.809 Cost: 32.000 ShieldInt: 16 ShieldDist: 16.664
arrive destination: True ,out of road:False   Total T: 549960 Episode Num: 1442 Episode T: 473 Reward: 471.164 Cost: 31.000 ShieldInt: 20 ShieldDist: 16.608
---------------------------------------
Evaluation over 20 episodes: 0.600 Cost 10.900.             SafeRL used : use_qpsl
---------------------------------------
[34;1m
Time: 2026-07-02 04:13:35, Time spent from previous logger: 154.539 s[0m
[34;1mCustomLogger with fileds: ['total_steps', 'EpRet', 'EpCost', 'CostRate', 'MeanPain', 'TriggerRate', 'MeanRisk', 'MeanLongitudinalDelta', 'SteeringLimitRate'][0m
[34;1mfieldvalues: [550000, 0.6, 10.9, 0.03248005905465283, 0.0, 0.0, 0.0, 0.0, 0.0]
[0m
arrive destination: True ,out of road:False   Total T: 550620 Episode Num: 1443 Episode T: 660 Reward: 437.438 Cost: 37.000 ShieldInt: 79 ShieldDist: 104.895
arrive destination: False ,out of road:True   Total T: 550646 Episode Num: 1444 Episode T: 26 Reward: -2.107 Cost: 1.000 ShieldInt: 0 ShieldDist: 0.000
arrive destination: True ,out of road:False   Total T: 551009 Episode Num: 1445 Episode T: 363 Reward: 393.070 Cost: 2.000 ShieldInt: 4 ShieldDist: 0.564
arrive destination: True ,out of road:False   Total T: 551296 Episode Num: 1446 Episode T: 287 Reward: 335.697 Cost: 2.000 ShieldInt: 3 ShieldDist: 0.423
arrive destination: True ,out of road:False   Total T: 551662 Episode Num: 1447 Episode T: 366 Reward: 401.264 Cost: 0.000 ShieldInt: 11 ShieldDist: 1.504
arrive destination: True ,out of road:False   Total T: 551990 Episode Num: 1448 Episode T: 328 Reward: 288.716 Cost: 19.000 ShieldInt: 40 ShieldDist: 17.771
arrive destination: True ,out of road:False   Total T: 552663 Episode Num: 1449 Episode T: 673 Reward: 380.189 Cost: 36.000 ShieldInt: 30 ShieldDist: 18.920
arrive destination: True ,out of road:False   Total T: 552873 Episode Num: 1450 Episode T: 210 Reward: 269.603 Cost: 1.000 ShieldInt: 1 ShieldDist: 0.150
arrive destination: False ,out of road:True   Total T: 553260 Episode Num: 1451 Episode T: 387 Reward: 303.147 Cost: 17.000 ShieldInt: 20 ShieldDist: 30.776
arrive destination: True ,out of road:False   Total T: 553480 Episode Num: 1452 Episode T: 220 Reward: 233.290 Cost: 2.000 ShieldInt: 4 ShieldDist: 0.588
arrive destination: True ,out of road:False   Total T: 554198 Episode Num: 1453 Episode T: 718 Reward: 425.288 Cost: 41.000 ShieldInt: 58 ShieldDist: 52.183
arrive destination: True ,out of road:False   Total T: 554561 Episode Num: 1454 Episode T: 363 Reward: 396.503 Cost: 2.000 ShieldInt: 8 ShieldDist: 1.188
arrive destination: True ,out of road:False   Total T: 555010 Episode Num: 1455 Episode T: 449 Reward: 369.704 Cost: 15.000 ShieldInt: 45 ShieldDist: 47.991
arrive destination: True ,out of road:False   Total T: 555231 Episode Num: 1456 Episode T: 221 Reward: 295.981 Cost: 0.000 ShieldInt: 3 ShieldDist: 0.404
arrive destination: True ,out of road:False   Total T: 555447 Episode Num: 1457 Episode T: 216 Reward: 269.546 Cost: 2.000 ShieldInt: 4 ShieldDist: 0.564
arrive destination: True ,out of road:False   Total T: 555651 Episode Num: 1458 Episode T: 204 Reward: 233.079 Cost: 2.000 ShieldInt: 2 ShieldDist: 0.300
arrive destination: True ,out of road:False   Total T: 555874 Episode Num: 1459 Episode T: 223 Reward: 296.172 Cost: 3.000 ShieldInt: 3 ShieldDist: 0.411
arrive destination: True ,out of road:False   Total T: 556239 Episode Num: 1460 Episode T: 365 Reward: 396.815 Cost: 4.000 ShieldInt: 4 ShieldDist: 0.600
arrive destination: True ,out of road:False   Total T: 556663 Episode Num: 1461 Episode T: 424 Reward: 472.720 Cost: 0.000 ShieldInt: 0 ShieldDist: 0.000
arrive destination: True ,out of road:False   Total T: 556861 Episode Num: 1462 Episode T: 198 Reward: 233.383 Cost: 0.000 ShieldInt: 9 ShieldDist: 1.302
arrive destination: True ,out of road:False   Total T: 557115 Episode Num: 1463 Episode T: 254 Reward: 335.535 Cost: 1.000 ShieldInt: 6 ShieldDist: 2.708
arrive destination: True ,out of road:False   Total T: 557723 Episode Num: 1464 Episode T: 608 Reward: 469.706 Cost: 23.000 ShieldInt: 53 ShieldDist: 42.332
arrive destination: True ,out of road:False   Total T: 557939 Episode Num: 1465 Episode T: 216 Reward: 269.748 Cost: 5.000 ShieldInt: 2 ShieldDist: 0.300
arrive destination: False ,out of road:True   Total T: 558362 Episode Num: 1466 Episode T: 423 Reward: 368.142 Cost: 15.000 ShieldInt: 19 ShieldDist: 11.185
arrive destination: True ,out of road:False   Total T: 558590 Episode Num: 1467 Episode T: 228 Reward: 287.827 Cost: 2.000 ShieldInt: 4 ShieldDist: 0.565
arrive destination: True ,out of road:False   Total T: 559040 Episode Num: 1468 Episode T: 450 Reward: 375.983 Cost: 4.000 ShieldInt: 16 ShieldDist: 6.069
arrive destination: False ,out of road:True   Total T: 559189 Episode Num: 1469 Episode T: 149 Reward: 142.378 Cost: 11.000 ShieldInt: 4 ShieldDist: 4.323
arrive destination: True ,out of road:False   Total T: 559579 Episode Num: 1470 Episode T: 390 Reward: 395.382 Cost: 5.000 ShieldInt: 15 ShieldDist: 3.816
arrive destination: True ,out of road:False   Total T: 559953 Episode Num: 1471 Episode T: 374 Reward: 404.565 Cost: 0.000 ShieldInt: 6 ShieldDist: 0.862
---------------------------------------
Evaluation over 20 episodes: 0.850 Cost 14.950.             SafeRL used : use_qpsl
---------------------------------------
[34;1m
Time: 2026-07-02 04:16:15, Time spent from previous logger: 159.936 s[0m
[34;1mCustomLogger with fileds: ['total_steps', 'EpRet', 'EpCost', 'CostRate', 'MeanPain', 'TriggerRate', 'MeanRisk', 'MeanLongitudinalDelta', 'SteeringLimitRate'][0m
[34;1mfieldvalues: [560000, 0.85, 14.95, 0.0323500577679603, 0.0, 0.0, 0.0, 0.0, 0.0]
[0m
arrive destination: True ,out of road:False   Total T: 560430 Episode Num: 1472 Episode T: 477 Reward: 491.105 Cost: 12.000 ShieldInt: 9 ShieldDist: 6.702
arrive destination: False ,out of road:True   Total T: 560566 Episode Num: 1473 Episode T: 136 Reward: 133.115 Cost: 1.000 ShieldInt: 3 ShieldDist: 0.450
arrive destination: True ,out of road:False   Total T: 561039 Episode Num: 1474 Episode T: 473 Reward: 460.073 Cost: 10.000 ShieldInt: 17 ShieldDist: 19.297
arrive destination: True ,out of road:False   Total T: 561337 Episode Num: 1475 Episode T: 298 Reward: 275.586 Cost: 11.000 ShieldInt: 18 ShieldDist: 2.516
arrive destination: True ,out of road:False   Total T: 561867 Episode Num: 1476 Episode T: 530 Reward: 498.078 Cost: 21.000 ShieldInt: 31 ShieldDist: 21.178
arrive destination: True ,out of road:False   Total T: 562283 Episode Num: 1477 Episode T: 416 Reward: 384.984 Cost: 8.000 ShieldInt: 7 ShieldDist: 1.017
arrive destination: True ,out of road:False   Total T: 562732 Episode Num: 1478 Episode T: 449 Reward: 470.884 Cost: 6.000 ShieldInt: 5 ShieldDist: 2.466
arrive destination: False ,out of road:True   Total T: 563257 Episode Num: 1479 Episode T: 525 Reward: 371.202 Cost: 31.000 ShieldInt: 17 ShieldDist: 7.913
arrive destination: True ,out of road:False   Total T: 563706 Episode Num: 1480 Episode T: 449 Reward: 475.017 Cost: 11.000 ShieldInt: 7 ShieldDist: 0.934
arrive destination: True ,out of road:False   Total T: 563963 Episode Num: 1481 Episode T: 257 Reward: 288.872 Cost: 7.000 ShieldInt: 4 ShieldDist: 0.553
arrive destination: False ,out of road:True   Total T: 564078 Episode Num: 1482 Episode T: 115 Reward: 76.606 Cost: 9.000 ShieldInt: 14 ShieldDist: 5.686
arrive destination: True ,out of road:False   Total T: 564343 Episode Num: 1483 Episode T: 265 Reward: 271.016 Cost: 2.000 ShieldInt: 7 ShieldDist: 1.020
arrive destination: True ,out of road:False   Total T: 564758 Episode Num: 1484 Episode T: 415 Reward: 382.044 Cost: 13.000 ShieldInt: 21 ShieldDist: 12.744
arrive destination: True ,out of road:False   Total T: 565075 Episode Num: 1485 Episode T: 317 Reward: 294.471 Cost: 7.000 ShieldInt: 22 ShieldDist: 20.826
arrive destination: True ,out of road:False   Total T: 565332 Episode Num: 1486 Episode T: 257 Reward: 268.381 Cost: 0.000 ShieldInt: 3 ShieldDist: 0.411
arrive destination: False ,out of road:True   Total T: 565951 Episode Num: 1487 Episode T: 619 Reward: 450.509 Cost: 27.000 ShieldInt: 45 ShieldDist: 44.252
arrive destination: True ,out of road:False   Total T: 566182 Episode Num: 1488 Episode T: 231 Reward: 270.003 Cost: 6.000 ShieldInt: 4 ShieldDist: 2.382
arrive destination: True ,out of road:False   Total T: 566431 Episode Num: 1489 Episode T: 249 Reward: 270.964 Cost: 0.000 ShieldInt: 6 ShieldDist: 0.852
arrive destination: True ,out of road:False   Total T: 566872 Episode Num: 1490 Episode T: 441 Reward: 382.091 Cost: 19.000 ShieldInt: 27 ShieldDist: 29.806
arrive destination: True ,out of road:False   Total T: 567140 Episode Num: 1491 Episode T: 268 Reward: 269.053 Cost: 0.000 ShieldInt: 11 ShieldDist: 1.528
arrive destination: True ,out of road:False   Total T: 567349 Episode Num: 1492 Episode T: 209 Reward: 269.806 Cost: 1.000 ShieldInt: 3 ShieldDist: 0.450
arrive destination: True ,out of road:False   Total T: 567671 Episode Num: 1493 Episode T: 322 Reward: 265.799 Cost: 6.000 ShieldInt: 24 ShieldDist: 18.329
arrive destination: True ,out of road:False   Total T: 568475 Episode Num: 1494 Episode T: 804 Reward: 465.848 Cost: 15.000 ShieldInt: 295 ShieldDist: 557.479
arrive destination: True ,out of road:False   Total T: 568708 Episode Num: 1495 Episode T: 233 Reward: 268.316 Cost: 0.000 ShieldInt: 0 ShieldDist: 0.000
arrive destination: False ,out of road:True   Total T: 569311 Episode Num: 1496 Episode T: 603 Reward: 432.861 Cost: 29.000 ShieldInt: 25 ShieldDist: 29.953
arrive destination: True ,out of road:False   Total T: 569752 Episode Num: 1497 Episode T: 441 Reward: 368.808 Cost: 11.000 ShieldInt: 18 ShieldDist: 11.712
---------------------------------------
Evaluation over 20 episodes: 0.700 Cost 14.900.             SafeRL used : use_qpsl
---------------------------------------
[34;1m
Time: 2026-07-02 04:18:56, Time spent from previous logger: 161.053 s[0m
[34;1mCustomLogger with fileds: ['total_steps', 'EpRet', 'EpCost', 'CostRate', 'MeanPain', 'TriggerRate', 'MeanRisk', 'MeanLongitudinalDelta', 'SteeringLimitRate'][0m
[34;1mfieldvalues: [570000, 0.7, 14.9, 0.03226146010782475, 0.0, 0.0, 0.0, 0.0, 0.0]
[0m
arrive destination: True ,out of road:False   Total T: 570413 Episode Num: 1498 Episode T: 661 Reward: 597.003 Cost: 34.000 ShieldInt: 20 ShieldDist: 9.941
arrive destination: True ,out of road:False   Total T: 570729 Episode Num: 1499 Episode T: 316 Reward: 267.025 Cost: 13.000 ShieldInt: 18 ShieldDist: 19.315
arrive destination: True ,out of road:False   Total T: 570989 Episode Num: 1500 Episode T: 260 Reward: 271.240 Cost: 0.000 ShieldInt: 2 ShieldDist: 0.290
arrive destination: True ,out of road:False   Total T: 571207 Episode Num: 1501 Episode T: 218 Reward: 269.813 Cost: 2.000 ShieldInt: 2 ShieldDist: 0.197
arrive destination: True ,out of road:False   Total T: 571470 Episode Num: 1502 Episode T: 263 Reward: 288.173 Cost: 3.000 ShieldInt: 6 ShieldDist: 0.853
arrive destination: True ,out of road:False   Total T: 572079 Episode Num: 1503 Episode T: 609 Reward: 499.363 Cost: 11.000 ShieldInt: 53 ShieldDist: 56.145
arrive destination: True ,out of road:False   Total T: 572449 Episode Num: 1504 Episode T: 370 Reward: 397.737 Cost: 1.000 ShieldInt: 13 ShieldDist: 14.486
arrive destination: True ,out of road:False   Total T: 572702 Episode Num: 1505 Episode T: 253 Reward: 296.027 Cost: 7.000 ShieldInt: 1 ShieldDist: 1.978
arrive destination: True ,out of road:False   Total T: 573292 Episode Num: 1506 Episode T: 590 Reward: 464.503 Cost: 25.000 ShieldInt: 56 ShieldDist: 60.459
arrive destination: True ,out of road:False   Total T: 573585 Episode Num: 1507 Episode T: 293 Reward: 277.962 Cost: 1.000 ShieldInt: 6 ShieldDist: 0.876
arrive destination: True ,out of road:False   Total T: 573785 Episode Num: 1508 Episode T: 200 Reward: 234.193 Cost: 0.000 ShieldInt: 5 ShieldDist: 0.722
arrive destination: True ,out of road:False   Total T: 574027 Episode Num: 1509 Episode T: 242 Reward: 271.327 Cost: 0.000 ShieldInt: 1 ShieldDist: 0.150
arrive destination: True ,out of road:False   Total T: 574256 Episode Num: 1510 Episode T: 229 Reward: 289.519 Cost: 1.000 ShieldInt: 6 ShieldDist: 0.896
arrive destination: True ,out of road:False   Total T: 574779 Episode Num: 1511 Episode T: 523 Reward: 423.855 Cost: 28.000 ShieldInt: 38 ShieldDist: 30.342
arrive destination: False ,out of road:True   Total T: 574888 Episode Num: 1512 Episode T: 109 Reward: 93.826 Cost: 9.000 ShieldInt: 0 ShieldDist: 0.000
arrive destination: True ,out of road:False   Total T: 575158 Episode Num: 1513 Episode T: 270 Reward: 270.437 Cost: 0.000 ShieldInt: 7 ShieldDist: 0.975
arrive destination: True ,out of road:False   Total T: 575517 Episode Num: 1514 Episode T: 359 Reward: 395.859 Cost: 2.000 ShieldInt: 7 ShieldDist: 1.001
arrive destination: True ,out of road:False   Total T: 575768 Episode Num: 1515 Episode T: 251 Reward: 295.795 Cost: 16.000 ShieldInt: 5 ShieldDist: 0.709
arrive destination: True ,out of road:False   Total T: 576256 Episode Num: 1516 Episode T: 488 Reward: 473.401 Cost: 9.000 ShieldInt: 16 ShieldDist: 15.627
arrive destination: True ,out of road:False   Total T: 576499 Episode Num: 1517 Episode T: 243 Reward: 289.569 Cost: 4.000 ShieldInt: 11 ShieldDist: 2.044
arrive destination: True ,out of road:False   Total T: 576733 Episode Num: 1518 Episode T: 234 Reward: 276.626 Cost: 6.000 ShieldInt: 8 ShieldDist: 1.041
arrive destination: False ,out of road:True   Total T: 577003 Episode Num: 1519 Episode T: 270 Reward: 267.081 Cost: 11.000 ShieldInt: 10 ShieldDist: 1.480
arrive destination: True ,out of road:False   Total T: 577226 Episode Num: 1520 Episode T: 223 Reward: 269.682 Cost: 8.000 ShieldInt: 2 ShieldDist: 0.236
arrive destination: True ,out of road:False   Total T: 577523 Episode Num: 1521 Episode T: 297 Reward: 269.823 Cost: 3.000 ShieldInt: 5 ShieldDist: 0.675
arrive destination: True ,out of road:False   Total T: 577779 Episode Num: 1522 Episode T: 256 Reward: 267.780 Cost: 0.000 ShieldInt: 4 ShieldDist: 0.600
arrive destination: True ,out of road:False   Total T: 578018 Episode Num: 1523 Episode T: 239 Reward: 289.087 Cost: 1.000 ShieldInt: 1 ShieldDist: 0.150
arrive destination: True ,out of road:False   Total T: 578469 Episode Num: 1524 Episode T: 451 Reward: 399.020 Cost: 13.000 ShieldInt: 31 ShieldDist: 42.138
arrive destination: False ,out of road:True   Total T: 578649 Episode Num: 1525 Episode T: 180 Reward: 221.521 Cost: 1.000 ShieldInt: 0 ShieldDist: 0.000
arrive destination: True ,out of road:False   Total T: 578897 Episode Num: 1526 Episode T: 248 Reward: 289.286 Cost: 1.000 ShieldInt: 1 ShieldDist: 0.150
arrive destination: True ,out of road:False   Total T: 579135 Episode Num: 1527 Episode T: 238 Reward: 280.241 Cost: 3.000 ShieldInt: 4 ShieldDist: 0.489
---------------------------------------
Evaluation over 20 episodes: 0.900 Cost 17.100.             SafeRL used : use_qpsl
---------------------------------------
[34;1m
Time: 2026-07-02 04:21:31, Time spent from previous logger: 154.910 s[0m
[34;1mCustomLogger with fileds: ['total_steps', 'EpRet', 'EpCost', 'CostRate', 'MeanPain', 'TriggerRate', 'MeanRisk', 'MeanLongitudinalDelta', 'SteeringLimitRate'][0m
[34;1mfieldvalues: [580000, 0.9, 17.1, 0.032124193317574684, 0.0, 0.0, 0.0, 0.0, 0.0]
[0m
arrive destination: False ,out of road:False   Total T: 580135 Episode Num: 1528 Episode T: 1000 Reward: 209.051 Cost: 40.000 ShieldInt: 3 ShieldDist: 0.378
arrive destination: True ,out of road:False   Total T: 580700 Episode Num: 1529 Episode T: 565 Reward: 414.823 Cost: 20.000 ShieldInt: 31 ShieldDist: 24.063
arrive destination: True ,out of road:False   Total T: 581182 Episode Num: 1530 Episode T: 482 Reward: 412.779 Cost: 18.000 ShieldInt: 22 ShieldDist: 21.243
arrive destination: True ,out of road:False   Total T: 581707 Episode Num: 1531 Episode T: 525 Reward: 403.000 Cost: 34.000 ShieldInt: 37 ShieldDist: 28.116
arrive destination: True ,out of road:False   Total T: 582224 Episode Num: 1532 Episode T: 517 Reward: 418.766 Cost: 29.000 ShieldInt: 43 ShieldDist: 63.248
arrive destination: True ,out of road:False   Total T: 582471 Episode Num: 1533 Episode T: 247 Reward: 288.118 Cost: 2.000 ShieldInt: 1 ShieldDist: 0.124
arrive destination: True ,out of road:False   Total T: 582725 Episode Num: 1534 Episode T: 254 Reward: 269.689 Cost: 0.000 ShieldInt: 0 ShieldDist: 0.000
arrive destination: True ,out of road:False   Total T: 582982 Episode Num: 1535 Episode T: 257 Reward: 268.860 Cost: 0.000 ShieldInt: 2 ShieldDist: 0.300
arrive destination: True ,out of road:False   Total T: 583613 Episode Num: 1536 Episode T: 631 Reward: 421.158 Cost: 17.000 ShieldInt: 49 ShieldDist: 49.763
arrive destination: False ,out of road:True   Total T: 584030 Episode Num: 1537 Episode T: 417 Reward: 77.091 Cost: 68.000 ShieldInt: 97 ShieldDist: 126.691
arrive destination: True ,out of road:False   Total T: 584308 Episode Num: 1538 Episode T: 278 Reward: 294.598 Cost: 14.000 ShieldInt: 8 ShieldDist: 6.199
arrive destination: True ,out of road:False   Total T: 584819 Episode Num: 1539 Episode T: 511 Reward: 423.848 Cost: 24.000 ShieldInt: 82 ShieldDist: 93.097
arrive destination: True ,out of road:False   Total T: 585095 Episode Num: 1540 Episode T: 276 Reward: 278.596 Cost: 1.000 ShieldInt: 6 ShieldDist: 0.820
arrive destination: True ,out of road:False   Total T: 585609 Episode Num: 1541 Episode T: 514 Reward: 464.279 Cost: 23.000 ShieldInt: 38 ShieldDist: 54.867
arrive destination: False ,out of road:True   Total T: 585716 Episode Num: 1542 Episode T: 107 Reward: 74.603 Cost: 6.000 ShieldInt: 13 ShieldDist: 3.167
arrive destination: True ,out of road:False   Total T: 586216 Episode Num: 1543 Episode T: 500 Reward: 466.668 Cost: 7.000 ShieldInt: 30 ShieldDist: 20.453
arrive destination: True ,out of road:False   Total T: 586752 Episode Num: 1544 Episode T: 536 Reward: 295.654 Cost: 37.000 ShieldInt: 91 ShieldDist: 72.187
arrive destination: True ,out of road:False   Total T: 587198 Episode Num: 1545 Episode T: 446 Reward: 467.013 Cost: 6.000 ShieldInt: 9 ShieldDist: 6.631
arrive destination: True ,out of road:False   Total T: 587775 Episode Num: 1546 Episode T: 577 Reward: 498.717 Cost: 17.000 ShieldInt: 12 ShieldDist: 5.284
arrive destination: False ,out of road:True   Total T: 588473 Episode Num: 1547 Episode T: 698 Reward: 55.758 Cost: 11.000 ShieldInt: 588 ShieldDist: 1118.788
arrive destination: True ,out of road:False   Total T: 588768 Episode Num: 1548 Episode T: 295 Reward: 267.761 Cost: 3.000 ShieldInt: 4 ShieldDist: 0.537
arrive destination: False ,out of road:True   Total T: 588893 Episode Num: 1549 Episode T: 125 Reward: 98.942 Cost: 1.000 ShieldInt: 12 ShieldDist: 1.759
arrive destination: True ,out of road:False   Total T: 589172 Episode Num: 1550 Episode T: 279 Reward: 295.450 Cost: 5.000 ShieldInt: 1 ShieldDist: 0.150
arrive destination: True ,out of road:False   Total T: 589620 Episode Num: 1551 Episode T: 448 Reward: 472.141 Cost: 3.000 ShieldInt: 3 ShieldDist: 0.408
arrive destination: True ,out of road:False   Total T: 589802 Episode Num: 1552 Episode T: 182 Reward: 232.763 Cost: 5.000 ShieldInt: 5 ShieldDist: 0.731
arrive destination: False ,out of road:True   Total T: 589925 Episode Num: 1553 Episode T: 123 Reward: 126.010 Cost: 2.000 ShieldInt: 1 ShieldDist: 0.150
---------------------------------------
Evaluation over 20 episodes: 0.900 Cost 11.550.             SafeRL used : use_qpsl
---------------------------------------
[34;1m
Time: 2026-07-02 04:24:09, Time spent from previous logger: 158.324 s[0m
[34;1mCustomLogger with fileds: ['total_steps', 'EpRet', 'EpCost', 'CostRate', 'MeanPain', 'TriggerRate', 'MeanRisk', 'MeanLongitudinalDelta', 'SteeringLimitRate'][0m
[34;1mfieldvalues: [590000, 0.9, 11.55, 0.03217802064071295, 0.0, 0.0, 0.0, 0.0, 0.0]
[0m
arrive destination: True ,out of road:False   Total T: 590262 Episode Num: 1554 Episode T: 337 Reward: 321.634 Cost: 0.000 ShieldInt: 3 ShieldDist: 0.432
arrive destination: True ,out of road:False   Total T: 590694 Episode Num: 1555 Episode T: 432 Reward: 372.654 Cost: 4.000 ShieldInt: 23 ShieldDist: 23.643
arrive destination: True ,out of road:False   Total T: 591210 Episode Num: 1556 Episode T: 516 Reward: 365.769 Cost: 31.000 ShieldInt: 44 ShieldDist: 44.029
arrive destination: True ,out of road:False   Total T: 591871 Episode Num: 1557 Episode T: 661 Reward: 479.475 Cost: 34.000 ShieldInt: 57 ShieldDist: 61.188
arrive destination: True ,out of road:False   Total T: 592292 Episode Num: 1558 Episode T: 421 Reward: 389.790 Cost: 10.000 ShieldInt: 20 ShieldDist: 24.729
arrive destination: True ,out of road:False   Total T: 592899 Episode Num: 1559 Episode T: 607 Reward: 416.968 Cost: 26.000 ShieldInt: 22 ShieldDist: 12.852
arrive destination: False ,out of road:True   Total T: 593122 Episode Num: 1560 Episode T: 223 Reward: 235.607 Cost: 11.000 ShieldInt: 19 ShieldDist: 17.290
arrive destination: True ,out of road:False   Total T: 593320 Episode Num: 1561 Episode T: 198 Reward: 269.395 Cost: 0.000 ShieldInt: 2 ShieldDist: 0.280
arrive destination: False ,out of road:True   Total T: 593520 Episode Num: 1562 Episode T: 200 Reward: 189.683 Cost: 2.000 ShieldInt: 6 ShieldDist: 0.877
arrive destination: False ,out of road:True   Total T: 593662 Episode Num: 1563 Episode T: 142 Reward: 151.423 Cost: 1.000 ShieldInt: 2 ShieldDist: 0.269
arrive destination: True ,out of road:False   Total T: 594110 Episode Num: 1564 Episode T: 448 Reward: 473.165 Cost: 13.000 ShieldInt: 4 ShieldDist: 0.590
arrive destination: True ,out of road:False   Total T: 594359 Episode Num: 1565 Episode T: 249 Reward: 335.775 Cost: 1.000 ShieldInt: 6 ShieldDist: 0.896
arrive destination: True ,out of road:False   Total T: 594560 Episode Num: 1566 Episode T: 201 Reward: 233.181 Cost: 5.000 ShieldInt: 10 ShieldDist: 1.450
arrive destination: True ,out of road:False   Total T: 595066 Episode Num: 1567 Episode T: 506 Reward: 423.763 Cost: 29.000 ShieldInt: 19 ShieldDist: 13.999
arrive destination: True ,out of road:False   Total T: 595278 Episode Num: 1568 Episode T: 212 Reward: 269.603 Cost: 4.000 ShieldInt: 3 ShieldDist: 0.427
arrive destination: True ,out of road:False   Total T: 595749 Episode Num: 1569 Episode T: 471 Reward: 270.368 Cost: 23.000 ShieldInt: 21 ShieldDist: 11.130
arrive destination: True ,out of road:False   Total T: 596200 Episode Num: 1570 Episode T: 451 Reward: 412.366 Cost: 11.000 ShieldInt: 20 ShieldDist: 11.527
arrive destination: True ,out of road:False   Total T: 596435 Episode Num: 1571 Episode T: 235 Reward: 270.169 Cost: 4.000 ShieldInt: 8 ShieldDist: 2.980
arrive destination: False ,out of road:True   Total T: 596574 Episode Num: 1572 Episode T: 139 Reward: 148.659 Cost: 1.000 ShieldInt: 4 ShieldDist: 0.559
arrive destination: True ,out of road:False   Total T: 596998 Episode Num: 1573 Episode T: 424 Reward: 383.827 Cost: 28.000 ShieldInt: 13 ShieldDist: 7.518
arrive destination: True ,out of road:False   Total T: 597509 Episode Num: 1574 Episode T: 511 Reward: 476.423 Cost: 16.000 ShieldInt: 36 ShieldDist: 43.984
arrive destination: False ,out of road:True   Total T: 597721 Episode Num: 1575 Episode T: 212 Reward: 244.835 Cost: 6.000 ShieldInt: 2 ShieldDist: 0.252
arrive destination: True ,out of road:False   Total T: 597929 Episode Num: 1576 Episode T: 208 Reward: 270.170 Cost: 1.000 ShieldInt: 2 ShieldDist: 0.300
arrive destination: True ,out of road:False   Total T: 598136 Episode Num: 1577 Episode T: 207 Reward: 233.439 Cost: 0.000 ShieldInt: 6 ShieldDist: 0.862
arrive destination: True ,out of road:False   Total T: 598497 Episode Num: 1578 Episode T: 361 Reward: 277.126 Cost: 20.000 ShieldInt: 19 ShieldDist: 2.746
arrive destination: True ,out of road:False   Total T: 599163 Episode Num: 1579 Episode T: 666 Reward: 418.036 Cost: 16.000 ShieldInt: 171 ShieldDist: 295.461
arrive destination: True ,out of road:False   Total T: 599523 Episode Num: 1580 Episode T: 360 Reward: 400.176 Cost: 4.000 ShieldInt: 14 ShieldDist: 2.024
arrive destination: True ,out of road:False   Total T: 599765 Episode Num: 1581 Episode T: 242 Reward: 269.944 Cost: 5.000 ShieldInt: 10 ShieldDist: 4.778
arrive destination: True ,out of road:False   Total T: 599987 Episode Num: 1582 Episode T: 222 Reward: 269.812 Cost: 5.000 ShieldInt: 1 ShieldDist: 0.150
---------------------------------------
Evaluation over 20 episodes: 0.700 Cost 10.150.             SafeRL used : use_qpsl
---------------------------------------
[34;1m
Time: 2026-07-02 04:26:42, Time spent from previous logger: 152.444 s[0m
[34;1mCustomLogger with fileds: ['total_steps', 'EpRet', 'EpCost', 'CostRate', 'MeanPain', 'TriggerRate', 'MeanRisk', 'MeanLongitudinalDelta', 'SteeringLimitRate'][0m
[34;1mfieldvalues: [600000, 0.7, 10.15, 0.03216005360008933, 0.0, 0.0, 0.0, 0.0, 0.0]
[0m
arrive destination: True ,out of road:True   Total T: 600271 Episode Num: 1583 Episode T: 284 Reward: 348.722 Cost: 15.000 ShieldInt: 21 ShieldDist: 7.998
arrive destination: True ,out of road:False   Total T: 600738 Episode Num: 1584 Episode T: 467 Reward: 478.290 Cost: 10.000 ShieldInt: 7 ShieldDist: 1.027
arrive destination: True ,out of road:False   Total T: 601049 Episode Num: 1585 Episode T: 311 Reward: 264.791 Cost: 3.000 ShieldInt: 17 ShieldDist: 11.569
arrive destination: True ,out of road:False   Total T: 601421 Episode Num: 1586 Episode T: 372 Reward: 404.320 Cost: 7.000 ShieldInt: 13 ShieldDist: 13.709
arrive destination: False ,out of road:True   Total T: 601515 Episode Num: 1587 Episode T: 94 Reward: 70.656 Cost: 1.000 ShieldInt: 0 ShieldDist: 0.000
arrive destination: True ,out of road:False   Total T: 602135 Episode Num: 1588 Episode T: 620 Reward: 419.903 Cost: 33.000 ShieldInt: 31 ShieldDist: 16.066
arrive destination: True ,out of road:False   Total T: 602498 Episode Num: 1589 Episode T: 363 Reward: 277.183 Cost: 20.000 ShieldInt: 14 ShieldDist: 1.978
arrive destination: False ,out of road:True   Total T: 602964 Episode Num: 1590 Episode T: 466 Reward: 354.211 Cost: 14.000 ShieldInt: 15 ShieldDist: 3.768
arrive destination: True ,out of road:False   Total T: 603275 Episode Num: 1591 Episode T: 311 Reward: 270.222 Cost: 13.000 ShieldInt: 22 ShieldDist: 5.077
arrive destination: False ,out of road:True   Total T: 603597 Episode Num: 1592 Episode T: 322 Reward: 276.958 Cost: 9.000 ShieldInt: 20 ShieldDist: 24.965
arrive destination: True ,out of road:False   Total T: 604209 Episode Num: 1593 Episode T: 612 Reward: 497.466 Cost: 21.000 ShieldInt: 41 ShieldDist: 53.485
arrive destination: True ,out of road:False   Total T: 604418 Episode Num: 1594 Episode T: 209 Reward: 232.901 Cost: 0.000 ShieldInt: 10 ShieldDist: 1.454
arrive destination: True ,out of road:False   Total T: 604869 Episode Num: 1595 Episode T: 451 Reward: 380.509 Cost: 8.000 ShieldInt: 26 ShieldDist: 26.909
arrive destination: True ,out of road:False   Total T: 605518 Episode Num: 1596 Episode T: 649 Reward: 465.872 Cost: 23.000 ShieldInt: 12 ShieldDist: 12.550
arrive destination: True ,out of road:False   Total T: 605777 Episode Num: 1597 Episode T: 259 Reward: 271.167 Cost: 3.000 ShieldInt: 6 ShieldDist: 0.811
arrive destination: True ,out of road:False   Total T: 606322 Episode Num: 1598 Episode T: 545 Reward: 414.743 Cost: 26.000 ShieldInt: 22 ShieldDist: 20.904
arrive destination: True ,out of road:False   Total T: 606878 Episode Num: 1599 Episode T: 556 Reward: 499.997 Cost: 21.000 ShieldInt: 52 ShieldDist: 59.653
arrive destination: True ,out of road:False   Total T: 607286 Episode Num: 1600 Episode T: 408 Reward: 294.348 Cost: 23.000 ShieldInt: 14 ShieldDist: 3.919
arrive destination: False ,out of road:True   Total T: 607390 Episode Num: 1601 Episode T: 104 Reward: 79.648 Cost: 2.000 ShieldInt: 8 ShieldDist: 1.118
arrive destination: True ,out of road:False   Total T: 607601 Episode Num: 1602 Episode T: 211 Reward: 232.602 Cost: 9.000 ShieldInt: 7 ShieldDist: 4.555
arrive destination: True ,out of road:False   Total T: 607872 Episode Num: 1603 Episode T: 271 Reward: 270.053 Cost: 0.000 ShieldInt: 3 ShieldDist: 0.450
arrive destination: True ,out of road:False   Total T: 608212 Episode Num: 1604 Episode T: 340 Reward: 268.659 Cost: 13.000 ShieldInt: 24 ShieldDist: 25.332
arrive destination: True ,out of road:False   Total T: 608403 Episode Num: 1605 Episode T: 191 Reward: 233.059 Cost: 9.000 ShieldInt: 6 ShieldDist: 0.855
arrive destination: True ,out of road:False   Total T: 608668 Episode Num: 1606 Episode T: 265 Reward: 335.169 Cost: 3.000 ShieldInt: 2 ShieldDist: 0.252
arrive destination: False ,out of road:True   Total T: 609033 Episode Num: 1607 Episode T: 365 Reward: 291.129 Cost: 11.000 ShieldInt: 20 ShieldDist: 24.702
arrive destination: True ,out of road:True   Total T: 609334 Episode Num: 1608 Episode T: 301 Reward: 294.238 Cost: 16.000 ShieldInt: 10 ShieldDist: 7.026
arrive destination: True ,out of road:False   Total T: 609556 Episode Num: 1609 Episode T: 222 Reward: 269.621 Cost: 2.000 ShieldInt: 5 ShieldDist: 0.750
arrive destination: True ,out of road:False   Total T: 609756 Episode Num: 1610 Episode T: 200 Reward: 233.901 Cost: 0.000 ShieldInt: 13 ShieldDist: 1.868
arrive destination: False ,out of road:True   Total T: 609984 Episode Num: 1611 Episode T: 228 Reward: 235.994 Cost: 5.000 ShieldInt: 12 ShieldDist: 6.250
---------------------------------------
Evaluation over 20 episodes: 0.750 Cost 10.550.             SafeRL used : use_qpsl
---------------------------------------
[34;1m
Time: 2026-07-02 04:29:15, Time spent from previous logger: 153.422 s[0m
[34;1mCustomLogger with fileds: ['total_steps', 'EpRet', 'EpCost', 'CostRate', 'MeanPain', 'TriggerRate', 'MeanRisk', 'MeanLongitudinalDelta', 'SteeringLimitRate'][0m
[34;1mfieldvalues: [610000, 0.75, 10.55, 0.032157429766278306, 0.0, 0.0, 0.0, 0.0, 0.0]
[0m
arrive destination: True ,out of road:False   Total T: 610498 Episode Num: 1612 Episode T: 514 Reward: 416.124 Cost: 13.000 ShieldInt: 32 ShieldDist: 33.894
arrive destination: False ,out of road:True   Total T: 610634 Episode Num: 1613 Episode T: 136 Reward: 134.037 Cost: 1.000 ShieldInt: 3 ShieldDist: 0.407
arrive destination: True ,out of road:False   Total T: 610991 Episode Num: 1614 Episode T: 357 Reward: 269.955 Cost: 29.000 ShieldInt: 11 ShieldDist: 3.393
arrive destination: True ,out of road:False   Total T: 611296 Episode Num: 1615 Episode T: 305 Reward: 294.771 Cost: 14.000 ShieldInt: 4 ShieldDist: 0.551
arrive destination: True ,out of road:False   Total T: 611527 Episode Num: 1616 Episode T: 231 Reward: 275.626 Cost: 0.000 ShieldInt: 2 ShieldDist: 0.300
arrive destination: True ,out of road:False   Total T: 611841 Episode Num: 1617 Episode T: 314 Reward: 270.485 Cost: 7.000 ShieldInt: 18 ShieldDist: 13.182
arrive destination: True ,out of road:False   Total T: 612311 Episode Num: 1618 Episode T: 470 Reward: 460.124 Cost: 16.000 ShieldInt: 4 ShieldDist: 4.288
arrive destination: True ,out of road:False   Total T: 612768 Episode Num: 1619 Episode T: 457 Reward: 380.189 Cost: 28.000 ShieldInt: 14 ShieldDist: 10.324
arrive destination: True ,out of road:False   Total T: 613061 Episode Num: 1620 Episode T: 293 Reward: 290.476 Cost: 6.000 ShieldInt: 15 ShieldDist: 17.148
arrive destination: True ,out of road:False   Total T: 613432 Episode Num: 1621 Episode T: 371 Reward: 383.644 Cost: 13.000 ShieldInt: 11 ShieldDist: 8.330
arrive destination: True ,out of road:False   Total T: 613884 Episode Num: 1622 Episode T: 452 Reward: 473.143 Cost: 9.000 ShieldInt: 10 ShieldDist: 8.547
arrive destination: True ,out of road:False   Total T: 614159 Episode Num: 1623 Episode T: 275 Reward: 294.249 Cost: 9.000 ShieldInt: 5 ShieldDist: 0.723
arrive destination: True ,out of road:False   Total T: 614415 Episode Num: 1624 Episode T: 256 Reward: 270.284 Cost: 4.000 ShieldInt: 5 ShieldDist: 2.352
arrive destination: True ,out of road:False   Total T: 615004 Episode Num: 1625 Episode T: 589 Reward: 492.480 Cost: 15.000 ShieldInt: 35 ShieldDist: 40.093
arrive destination: True ,out of road:False   Total T: 615518 Episode Num: 1626 Episode T: 514 Reward: 418.510 Cost: 15.000 ShieldInt: 26 ShieldDist: 14.588
arrive destination: True ,out of road:False   Total T: 615779 Episode Num: 1627 Episode T: 261 Reward: 287.962 Cost: 4.000 ShieldInt: 7 ShieldDist: 0.973
arrive destination: True ,out of road:False   Total T: 616008 Episode Num: 1628 Episode T: 229 Reward: 270.040 Cost: 9.000 ShieldInt: 6 ShieldDist: 0.853
arrive destination: True ,out of road:False   Total T: 616436 Episode Num: 1629 Episode T: 428 Reward: 373.260 Cost: 9.000 ShieldInt: 17 ShieldDist: 5.438
arrive destination: True ,out of road:False   Total T: 616662 Episode Num: 1630 Episode T: 226 Reward: 287.914 Cost: 0.000 ShieldInt: 3 ShieldDist: 0.411
arrive destination: True ,out of road:False   Total T: 616898 Episode Num: 1631 Episode T: 236 Reward: 296.116 Cost: 8.000 ShieldInt: 5 ShieldDist: 4.406
arrive destination: True ,out of road:False   Total T: 617188 Episode Num: 1632 Episode T: 290 Reward: 266.469 Cost: 4.000 ShieldInt: 5 ShieldDist: 0.750
arrive destination: True ,out of road:False   Total T: 617424 Episode Num: 1633 Episode T: 236 Reward: 290.234 Cost: 1.000 ShieldInt: 4 ShieldDist: 0.600
arrive destination: False ,out of road:True   Total T: 617737 Episode Num: 1634 Episode T: 313 Reward: 277.712 Cost: 13.000 ShieldInt: 19 ShieldDist: 16.353
arrive destination: True ,out of road:False   Total T: 618156 Episode Num: 1635 Episode T: 419 Reward: 469.533 Cost: 7.000 ShieldInt: 16 ShieldDist: 12.788
arrive destination: False ,out of road:True   Total T: 618536 Episode Num: 1636 Episode T: 380 Reward: 316.216 Cost: 15.000 ShieldInt: 19 ShieldDist: 2.777
arrive destination: True ,out of road:False   Total T: 618992 Episode Num: 1637 Episode T: 456 Reward: 415.095 Cost: 6.000 ShieldInt: 25 ShieldDist: 14.841
arrive destination: True ,out of road:False   Total T: 619330 Episode Num: 1638 Episode T: 338 Reward: 275.989 Cost: 33.000 ShieldInt: 9 ShieldDist: 1.210
arrive destination: True ,out of road:False   Total T: 619695 Episode Num: 1639 Episode T: 365 Reward: 400.803 Cost: 5.000 ShieldInt: 13 ShieldDist: 1.912
arrive destination: True ,out of road:False   Total T: 619955 Episode Num: 1640 Episode T: 260 Reward: 295.923 Cost: 9.000 ShieldInt: 3 ShieldDist: 0.418
---------------------------------------
Evaluation over 20 episodes: 0.800 Cost 13.300.             SafeRL used : use_qpsl
---------------------------------------
[34;1m
Time: 2026-07-02 04:31:51, Time spent from previous logger: 155.489 s[0m
[34;1mCustomLogger with fileds: ['total_steps', 'EpRet', 'EpCost', 'CostRate', 'MeanPain', 'TriggerRate', 'MeanRisk', 'MeanLongitudinalDelta', 'SteeringLimitRate'][0m
[34;1mfieldvalues: [620000, 0.8, 13.3, 0.03212585826751334, 0.0, 0.0, 0.0, 0.0, 0.0]
[0m
arrive destination: True ,out of road:False   Total T: 620253 Episode Num: 1641 Episode T: 298 Reward: 286.042 Cost: 1.000 ShieldInt: 3 ShieldDist: 2.241
arrive destination: True ,out of road:False   Total T: 620800 Episode Num: 1642 Episode T: 547 Reward: 499.476 Cost: 14.000 ShieldInt: 26 ShieldDist: 31.700
arrive destination: True ,out of road:False   Total T: 621055 Episode Num: 1643 Episode T: 255 Reward: 275.188 Cost: 3.000 ShieldInt: 8 ShieldDist: 0.988
arrive destination: True ,out of road:False   Total T: 621458 Episode Num: 1644 Episode T: 403 Reward: 402.828 Cost: 13.000 ShieldInt: 8 ShieldDist: 5.047
arrive destination: True ,out of road:False   Total T: 621682 Episode Num: 1645 Episode T: 224 Reward: 288.086 Cost: 0.000 ShieldInt: 2 ShieldDist: 0.300
arrive destination: False ,out of road:True   Total T: 622001 Episode Num: 1646 Episode T: 319 Reward: 336.988 Cost: 3.000 ShieldInt: 10 ShieldDist: 3.224
arrive destination: True ,out of road:False   Total T: 622214 Episode Num: 1647 Episode T: 213 Reward: 295.047 Cost: 0.000 ShieldInt: 5 ShieldDist: 2.308
arrive destination: False ,out of road:True   Total T: 622322 Episode Num: 1648 Episode T: 108 Reward: 78.383 Cost: 3.000 ShieldInt: 4 ShieldDist: 0.600
arrive destination: True ,out of road:False   Total T: 622699 Episode Num: 1649 Episode T: 377 Reward: 383.748 Cost: 14.000 ShieldInt: 8 ShieldDist: 1.046
arrive destination: True ,out of road:False   Total T: 623166 Episode Num: 1650 Episode T: 467 Reward: 444.139 Cost: 27.000 ShieldInt: 30 ShieldDist: 12.764
arrive destination: True ,out of road:False   Total T: 623494 Episode Num: 1651 Episode T: 328 Reward: 399.303 Cost: 0.000 ShieldInt: 0 ShieldDist: 0.000
arrive destination: True ,out of road:True   Total T: 623730 Episode Num: 1652 Episode T: 236 Reward: 335.501 Cost: 2.000 ShieldInt: 3 ShieldDist: 0.430
arrive destination: False ,out of road:True   Total T: 623870 Episode Num: 1653 Episode T: 140 Reward: 145.127 Cost: 1.000 ShieldInt: 3 ShieldDist: 0.450
arrive destination: True ,out of road:False   Total T: 624353 Episode Num: 1654 Episode T: 483 Reward: 415.318 Cost: 13.000 ShieldInt: 19 ShieldDist: 11.250
arrive destination: True ,out of road:False   Total T: 624673 Episode Num: 1655 Episode T: 320 Reward: 294.487 Cost: 4.000 ShieldInt: 14 ShieldDist: 12.793
arrive destination: True ,out of road:False   Total T: 625030 Episode Num: 1656 Episode T: 357 Reward: 399.827 Cost: 0.000 ShieldInt: 11 ShieldDist: 1.606
arrive destination: True ,out of road:False   Total T: 625273 Episode Num: 1657 Episode T: 243 Reward: 269.887 Cost: 1.000 ShieldInt: 0 ShieldDist: 0.000
arrive destination: True ,out of road:False   Total T: 625523 Episode Num: 1658 Episode T: 250 Reward: 335.911 Cost: 0.000 ShieldInt: 6 ShieldDist: 2.734
arrive destination: True ,out of road:False   Total T: 626134 Episode Num: 1659 Episode T: 611 Reward: 471.673 Cost: 27.000 ShieldInt: 23 ShieldDist: 24.109
arrive destination: False ,out of road:True   Total T: 626316 Episode Num: 1660 Episode T: 182 Reward: 204.168 Cost: 1.000 ShieldInt: 5 ShieldDist: 0.750
arrive destination: True ,out of road:False   Total T: 626520 Episode Num: 1661 Episode T: 204 Reward: 269.425 Cost: 1.000 ShieldInt: 2 ShieldDist: 0.300
arrive destination: False ,out of road:True   Total T: 626737 Episode Num: 1662 Episode T: 217 Reward: 196.859 Cost: 6.000 ShieldInt: 7 ShieldDist: 0.966
arrive destination: True ,out of road:False   Total T: 626973 Episode Num: 1663 Episode T: 236 Reward: 288.667 Cost: 1.000 ShieldInt: 4 ShieldDist: 0.546
arrive destination: True ,out of road:False   Total T: 627262 Episode Num: 1664 Episode T: 289 Reward: 264.742 Cost: 0.000 ShieldInt: 1 ShieldDist: 0.150
arrive destination: True ,out of road:False   Total T: 627521 Episode Num: 1665 Episode T: 259 Reward: 293.913 Cost: 10.000 ShieldInt: 6 ShieldDist: 2.154
arrive destination: False ,out of road:True   Total T: 627614 Episode Num: 1666 Episode T: 93 Reward: 77.414 Cost: 1.000 ShieldInt: 0 ShieldDist: 0.000
arrive destination: True ,out of road:False   Total T: 627884 Episode Num: 1667 Episode T: 270 Reward: 269.425 Cost: 12.000 ShieldInt: 8 ShieldDist: 1.043
arrive destination: False ,out of road:False   Total T: 628884 Episode Num: 1668 Episode T: 1000 Reward: 280.484 Cost: 12.000 ShieldInt: 54 ShieldDist: 7.838
arrive destination: False ,out of road:True   Total T: 629310 Episode Num: 1669 Episode T: 426 Reward: 363.973 Cost: 9.000 ShieldInt: 18 ShieldDist: 19.565
arrive destination: True ,out of road:False   Total T: 629763 Episode Num: 1670 Episode T: 453 Reward: 388.471 Cost: 10.000 ShieldInt: 13 ShieldDist: 14.380
---------------------------------------
Evaluation over 20 episodes: 0.750 Cost 14.000.             SafeRL used : use_qpsl
---------------------------------------
[34;1m
Time: 2026-07-02 04:34:33, Time spent from previous logger: 162.853 s[0m
[34;1mCustomLogger with fileds: ['total_steps', 'EpRet', 'EpCost', 'CostRate', 'MeanPain', 'TriggerRate', 'MeanRisk', 'MeanLongitudinalDelta', 'SteeringLimitRate'][0m
[34;1mfieldvalues: [630000, 0.75, 14.0, 0.03193497132535131, 0.0, 0.0, 0.0, 0.0, 0.0]
[0m
arrive destination: True ,out of road:False   Total T: 630267 Episode Num: 1671 Episode T: 504 Reward: 542.231 Cost: 20.000 ShieldInt: 3 ShieldDist: 0.449
arrive destination: True ,out of road:False   Total T: 630640 Episode Num: 1672 Episode T: 373 Reward: 404.387 Cost: 8.000 ShieldInt: 16 ShieldDist: 10.919
arrive destination: False ,out of road:True   Total T: 630873 Episode Num: 1673 Episode T: 233 Reward: 315.861 Cost: 2.000 ShieldInt: 3 ShieldDist: 0.450
arrive destination: True ,out of road:False   Total T: 631328 Episode Num: 1674 Episode T: 455 Reward: 294.578 Cost: 18.000 ShieldInt: 22 ShieldDist: 6.839
arrive destination: False ,out of road:True   Total T: 631612 Episode Num: 1675 Episode T: 284 Reward: 253.832 Cost: 5.000 ShieldInt: 3 ShieldDist: 0.450
arrive destination: False ,out of road:True   Total T: 631928 Episode Num: 1676 Episode T: 316 Reward: 332.301 Cost: 12.000 ShieldInt: 8 ShieldDist: 1.157
arrive destination: True ,out of road:False   Total T: 632359 Episode Num: 1677 Episode T: 431 Reward: 401.350 Cost: 30.000 ShieldInt: 15 ShieldDist: 12.222
arrive destination: True ,out of road:False   Total T: 632758 Episode Num: 1678 Episode T: 399 Reward: 377.174 Cost: 8.000 ShieldInt: 10 ShieldDist: 2.679
arrive destination: True ,out of road:False   Total T: 633181 Episode Num: 1679 Episode T: 423 Reward: 390.307 Cost: 12.000 ShieldInt: 6 ShieldDist: 0.900
arrive destination: True ,out of road:False   Total T: 633427 Episode Num: 1680 Episode T: 246 Reward: 269.722 Cost: 0.000 ShieldInt: 1 ShieldDist: 0.150
arrive destination: True ,out of road:False   Total T: 633845 Episode Num: 1681 Episode T: 418 Reward: 475.177 Cost: 4.000 ShieldInt: 3 ShieldDist: 0.384
arrive destination: False ,out of road:True   Total T: 634299 Episode Num: 1682 Episode T: 454 Reward: 355.347 Cost: 20.000 ShieldInt: 24 ShieldDist: 19.480
arrive destination: True ,out of road:False   Total T: 634516 Episode Num: 1683 Episode T: 217 Reward: 269.566 Cost: 3.000 ShieldInt: 1 ShieldDist: 0.149
arrive destination: True ,out of road:False   Total T: 634941 Episode Num: 1684 Episode T: 425 Reward: 403.002 Cost: 15.000 ShieldInt: 34 ShieldDist: 42.988
arrive destination: False ,out of road:True   Total T: 635292 Episode Num: 1685 Episode T: 351 Reward: 329.042 Cost: 14.000 ShieldInt: 17 ShieldDist: 16.989
arrive destination: True ,out of road:False   Total T: 635793 Episode Num: 1686 Episode T: 501 Reward: 498.204 Cost: 12.000 ShieldInt: 15 ShieldDist: 2.137
arrive destination: True ,out of road:False   Total T: 636165 Episode Num: 1687 Episode T: 372 Reward: 402.811 Cost: 0.000 ShieldInt: 6 ShieldDist: 0.860
arrive destination: True ,out of road:False   Total T: 636384 Episode Num: 1688 Episode T: 219 Reward: 269.930 Cost: 8.000 ShieldInt: 8 ShieldDist: 2.216
arrive destination: True ,out of road:False   Total T: 636897 Episode Num: 1689 Episode T: 513 Reward: 402.687 Cost: 36.000 ShieldInt: 40 ShieldDist: 42.805
arrive destination: True ,out of road:False   Total T: 637353 Episode Num: 1690 Episode T: 456 Reward: 371.512 Cost: 23.000 ShieldInt: 17 ShieldDist: 24.764
arrive destination: False ,out of road:True   Total T: 637541 Episode Num: 1691 Episode T: 188 Reward: 198.928 Cost: 2.000 ShieldInt: 1 ShieldDist: 0.100
arrive destination: True ,out of road:False   Total T: 637758 Episode Num: 1692 Episode T: 217 Reward: 269.878 Cost: 3.000 ShieldInt: 4 ShieldDist: 0.591
arrive destination: True ,out of road:False   Total T: 638460 Episode Num: 1693 Episode T: 702 Reward: 295.875 Cost: 54.000 ShieldInt: 228 ShieldDist: 383.693
arrive destination: True ,out of road:False   Total T: 638722 Episode Num: 1694 Episode T: 262 Reward: 295.907 Cost: 2.000 ShieldInt: 5 ShieldDist: 0.736
arrive destination: True ,out of road:False   Total T: 638951 Episode Num: 1695 Episode T: 229 Reward: 275.414 Cost: 2.000 ShieldInt: 11 ShieldDist: 6.666
arrive destination: False ,out of road:True   Total T: 639207 Episode Num: 1696 Episode T: 256 Reward: 185.736 Cost: 13.000 ShieldInt: 12 ShieldDist: 15.085
arrive destination: False ,out of road:True   Total T: 639348 Episode Num: 1697 Episode T: 141 Reward: 133.375 Cost: 1.000 ShieldInt: 8 ShieldDist: 1.164
arrive destination: True ,out of road:False   Total T: 639782 Episode Num: 1698 Episode T: 434 Reward: 336.292 Cost: 13.000 ShieldInt: 44 ShieldDist: 65.255
---------------------------------------
Evaluation over 20 episodes: 0.800 Cost 8.650.             SafeRL used : use_qpsl
---------------------------------------
[34;1m
Time: 2026-07-02 04:37:12, Time spent from previous logger: 158.987 s[0m
[34;1mCustomLogger with fileds: ['total_steps', 'EpRet', 'EpCost', 'CostRate', 'MeanPain', 'TriggerRate', 'MeanRisk', 'MeanLongitudinalDelta', 'SteeringLimitRate'][0m
[34;1mfieldvalues: [640000, 0.8, 8.65, 0.03195629993171864, 0.0, 0.0, 0.0, 0.0, 0.0]
[0m
arrive destination: True ,out of road:False   Total T: 640366 Episode Num: 1699 Episode T: 584 Reward: 637.487 Cost: 12.000 ShieldInt: 12 ShieldDist: 5.387
arrive destination: True ,out of road:False   Total T: 640604 Episode Num: 1700 Episode T: 238 Reward: 287.703 Cost: 0.000 ShieldInt: 7 ShieldDist: 4.605
arrive destination: False ,out of road:True   Total T: 640795 Episode Num: 1701 Episode T: 191 Reward: 180.480 Cost: 5.000 ShieldInt: 5 ShieldDist: 0.686
arrive destination: True ,out of road:False   Total T: 641398 Episode Num: 1702 Episode T: 603 Reward: 465.558 Cost: 19.000 ShieldInt: 24 ShieldDist: 13.987
arrive destination: True ,out of road:False   Total T: 641997 Episode Num: 1703 Episode T: 599 Reward: 464.978 Cost: 26.000 ShieldInt: 22 ShieldDist: 27.305
arrive destination: False ,out of road:True   Total T: 642164 Episode Num: 1704 Episode T: 167 Reward: 160.276 Cost: 6.000 ShieldInt: 10 ShieldDist: 8.692
arrive destination: True ,out of road:False   Total T: 642590 Episode Num: 1705 Episode T: 426 Reward: 402.050 Cost: 11.000 ShieldInt: 27 ShieldDist: 33.551
arrive destination: True ,out of road:False   Total T: 642850 Episode Num: 1706 Episode T: 260 Reward: 335.904 Cost: 3.000 ShieldInt: 11 ShieldDist: 6.813
arrive destination: True ,out of road:False   Total T: 643228 Episode Num: 1707 Episode T: 378 Reward: 389.024 Cost: 6.000 ShieldInt: 10 ShieldDist: 1.455
arrive destination: True ,out of road:False   Total T: 643673 Episode Num: 1708 Episode T: 445 Reward: 386.969 Cost: 18.000 ShieldInt: 7 ShieldDist: 7.155
arrive destination: False ,out of road:True   Total T: 643785 Episode Num: 1709 Episode T: 112 Reward: 89.721 Cost: 4.000 ShieldInt: 6 ShieldDist: 0.861
arrive destination: True ,out of road:False   Total T: 644082 Episode Num: 1710 Episode T: 297 Reward: 264.000 Cost: 9.000 ShieldInt: 22 ShieldDist: 29.100
arrive destination: False ,out of road:True   Total T: 644215 Episode Num: 1711 Episode T: 133 Reward: 133.636 Cost: 1.000 ShieldInt: 9 ShieldDist: 1.335
arrive destination: False ,out of road:True   Total T: 644367 Episode Num: 1712 Episode T: 152 Reward: 153.101 Cost: 10.000 ShieldInt: 4 ShieldDist: 0.599
arrive destination: True ,out of road:False   Total T: 644589 Episode Num: 1713 Episode T: 222 Reward: 270.109 Cost: 8.000 ShieldInt: 6 ShieldDist: 0.801
arrive destination: True ,out of road:False   Total T: 644829 Episode Num: 1714 Episode T: 240 Reward: 270.374 Cost: 3.000 ShieldInt: 5 ShieldDist: 0.678
arrive destination: False ,out of road:True   Total T: 645245 Episode Num: 1715 Episode T: 416 Reward: 381.525 Cost: 10.000 ShieldInt: 21 ShieldDist: 38.546
arrive destination: False ,out of road:True   Total T: 645655 Episode Num: 1716 Episode T: 410 Reward: 347.884 Cost: 20.000 ShieldInt: 33 ShieldDist: 34.682
arrive destination: True ,out of road:False   Total T: 645946 Episode Num: 1717 Episode T: 291 Reward: 265.547 Cost: 2.000 ShieldInt: 7 ShieldDist: 1.046
arrive destination: False ,out of road:True   Total T: 646116 Episode Num: 1718 Episode T: 170 Reward: 158.814 Cost: 11.000 ShieldInt: 4 ShieldDist: 3.037
arrive destination: False ,out of road:True   Total T: 646411 Episode Num: 1719 Episode T: 295 Reward: 325.308 Cost: 1.000 ShieldInt: 10 ShieldDist: 1.465
arrive destination: True ,out of road:False   Total T: 646752 Episode Num: 1720 Episode T: 341 Reward: 294.469 Cost: 13.000 ShieldInt: 15 ShieldDist: 4.028
arrive destination: True ,out of road:False   Total T: 647658 Episode Num: 1721 Episode T: 906 Reward: 429.116 Cost: 53.000 ShieldInt: 46 ShieldDist: 6.495
arrive destination: True ,out of road:False   Total T: 648246 Episode Num: 1722 Episode T: 588 Reward: 422.556 Cost: 22.000 ShieldInt: 37 ShieldDist: 32.283
arrive destination: True ,out of road:False   Total T: 648652 Episode Num: 1723 Episode T: 406 Reward: 383.462 Cost: 18.000 ShieldInt: 13 ShieldDist: 1.786
arrive destination: True ,out of road:False   Total T: 649078 Episode Num: 1724 Episode T: 426 Reward: 476.143 Cost: 5.000 ShieldInt: 8 ShieldDist: 1.106
arrive destination: False ,out of road:True   Total T: 649482 Episode Num: 1725 Episode T: 404 Reward: 334.409 Cost: 29.000 ShieldInt: 39 ShieldDist: 33.821
arrive destination: False ,out of road:True   Total T: 649571 Episode Num: 1726 Episode T: 89 Reward: 76.188 Cost: 1.000 ShieldInt: 0 ShieldDist: 0.000
---------------------------------------
Evaluation over 20 episodes: 0.750 Cost 13.250.             SafeRL used : use_qpsl
---------------------------------------
[34;1m
Time: 2026-07-02 04:39:58, Time spent from previous logger: 165.674 s[0m
[34;1mCustomLogger with fileds: ['total_steps', 'EpRet', 'EpCost', 'CostRate', 'MeanPain', 'TriggerRate', 'MeanRisk', 'MeanLongitudinalDelta', 'SteeringLimitRate'][0m
[34;1mfieldvalues: [650000, 0.75, 13.25, 0.031992356911318326, 0.0, 0.0, 0.0, 0.0, 0.0]
[0m
arrive destination: True ,out of road:False   Total T: 650252 Episode Num: 1727 Episode T: 681 Reward: 642.521 Cost: 25.000 ShieldInt: 5 ShieldDist: 0.649
arrive destination: True ,out of road:False   Total T: 650660 Episode Num: 1728 Episode T: 408 Reward: 376.199 Cost: 9.000 ShieldInt: 18 ShieldDist: 10.911
arrive destination: True ,out of road:False   Total T: 650899 Episode Num: 1729 Episode T: 239 Reward: 295.644 Cost: 5.000 ShieldInt: 0 ShieldDist: 0.000
arrive destination: True ,out of road:False   Total T: 651194 Episode Num: 1730 Episode T: 295 Reward: 294.611 Cost: 11.000 ShieldInt: 14 ShieldDist: 7.602
arrive destination: True ,out of road:False   Total T: 651600 Episode Num: 1731 Episode T: 406 Reward: 401.914 Cost: 16.000 ShieldInt: 29 ShieldDist: 39.051
arrive destination: False ,out of road:True   Total T: 651805 Episode Num: 1732 Episode T: 205 Reward: 237.764 Cost: 8.000 ShieldInt: 0 ShieldDist: 0.000
arrive destination: True ,out of road:False   Total T: 652178 Episode Num: 1733 Episode T: 373 Reward: 381.089 Cost: 8.000 ShieldInt: 22 ShieldDist: 32.674
arrive destination: True ,out of road:False   Total T: 652378 Episode Num: 1734 Episode T: 200 Reward: 232.719 Cost: 0.000 ShieldInt: 5 ShieldDist: 0.682
arrive destination: True ,out of road:False   Total T: 652954 Episode Num: 1735 Episode T: 576 Reward: 421.505 Cost: 37.000 ShieldInt: 58 ShieldDist: 60.136
arrive destination: True ,out of road:False   Total T: 653443 Episode Num: 1736 Episode T: 489 Reward: 419.027 Cost: 9.000 ShieldInt: 25 ShieldDist: 15.465
arrive destination: True ,out of road:False   Total T: 653703 Episode Num: 1737 Episode T: 260 Reward: 269.901 Cost: 0.000 ShieldInt: 5 ShieldDist: 0.682
arrive destination: False ,out of road:True   Total T: 653791 Episode Num: 1738 Episode T: 88 Reward: 69.933 Cost: 1.000 ShieldInt: 1 ShieldDist: 0.150
arrive destination: True ,out of road:False   Total T: 654596 Episode Num: 1739 Episode T: 805 Reward: 387.401 Cost: 65.000 ShieldInt: 108 ShieldDist: 86.223
arrive destination: True ,out of road:False   Total T: 655083 Episode Num: 1740 Episode T: 487 Reward: 418.786 Cost: 14.000 ShieldInt: 12 ShieldDist: 2.237
arrive destination: True ,out of road:False   Total T: 655487 Episode Num: 1741 Episode T: 404 Reward: 384.499 Cost: 11.000 ShieldInt: 23 ShieldDist: 7.816
arrive destination: False ,out of road:True   Total T: 655549 Episode Num: 1742 Episode T: 62 Reward: 29.994 Cost: 1.000 ShieldInt: 2 ShieldDist: 0.273
arrive destination: True ,out of road:False   Total T: 655796 Episode Num: 1743 Episode T: 247 Reward: 268.955 Cost: 0.000 ShieldInt: 2 ShieldDist: 2.105
arrive destination: True ,out of road:False   Total T: 656152 Episode Num: 1744 Episode T: 356 Reward: 398.690 Cost: 3.000 ShieldInt: 2 ShieldDist: 0.300
arrive destination: True ,out of road:False   Total T: 656448 Episode Num: 1745 Episode T: 296 Reward: 294.448 Cost: 15.000 ShieldInt: 8 ShieldDist: 1.217
arrive destination: True ,out of road:False   Total T: 656963 Episode Num: 1746 Episode T: 515 Reward: 425.075 Cost: 19.000 ShieldInt: 14 ShieldDist: 9.913
arrive destination: True ,out of road:False   Total T: 657190 Episode Num: 1747 Episode T: 227 Reward: 286.923 Cost: 0.000 ShieldInt: 6 ShieldDist: 0.883
arrive destination: True ,out of road:False   Total T: 657480 Episode Num: 1748 Episode T: 290 Reward: 266.492 Cost: 1.000 ShieldInt: 6 ShieldDist: 0.900
arrive destination: True ,out of road:False   Total T: 657804 Episode Num: 1749 Episode T: 324 Reward: 261.449 Cost: 10.000 ShieldInt: 11 ShieldDist: 6.910
arrive destination: True ,out of road:False   Total T: 658209 Episode Num: 1750 Episode T: 405 Reward: 402.194 Cost: 26.000 ShieldInt: 7 ShieldDist: 6.536
arrive destination: True ,out of road:False   Total T: 658728 Episode Num: 1751 Episode T: 519 Reward: 500.532 Cost: 21.000 ShieldInt: 33 ShieldDist: 35.160
arrive destination: True ,out of road:False   Total T: 658977 Episode Num: 1752 Episode T: 249 Reward: 268.833 Cost: 0.000 ShieldInt: 0 ShieldDist: 0.000
arrive destination: True ,out of road:False   Total T: 659234 Episode Num: 1753 Episode T: 257 Reward: 270.136 Cost: 0.000 ShieldInt: 10 ShieldDist: 1.427
arrive destination: True ,out of road:False   Total T: 659635 Episode Num: 1754 Episode T: 401 Reward: 379.597 Cost: 12.000 ShieldInt: 16 ShieldDist: 21.225
arrive destination: False ,out of road:True   Total T: 659867 Episode Num: 1755 Episode T: 232 Reward: 232.769 Cost: 8.000 ShieldInt: 4 ShieldDist: 0.525
---------------------------------------
Evaluation over 20 episodes: 0.650 Cost 8.500.             SafeRL used : use_qpsl
---------------------------------------
[34;1m
Time: 2026-07-02 04:42:32, Time spent from previous logger: 153.547 s[0m
[34;1mCustomLogger with fileds: ['total_steps', 'EpRet', 'EpCost', 'CostRate', 'MeanPain', 'TriggerRate', 'MeanRisk', 'MeanLongitudinalDelta', 'SteeringLimitRate'][0m
[34;1mfieldvalues: [660000, 0.65, 8.5, 0.032000048484921946, 0.0, 0.0, 0.0, 0.0, 0.0]
[0m
arrive destination: False ,out of road:True   Total T: 660287 Episode Num: 1756 Episode T: 420 Reward: 363.458 Cost: 15.000 ShieldInt: 11 ShieldDist: 10.504
arrive destination: True ,out of road:False   Total T: 660544 Episode Num: 1757 Episode T: 257 Reward: 270.754 Cost: 1.000 ShieldInt: 6 ShieldDist: 0.834
arrive destination: True ,out of road:False   Total T: 660783 Episode Num: 1758 Episode T: 239 Reward: 270.103 Cost: 2.000 ShieldInt: 3 ShieldDist: 0.450
arrive destination: True ,out of road:False   Total T: 661027 Episode Num: 1759 Episode T: 244 Reward: 276.409 Cost: 0.000 ShieldInt: 11 ShieldDist: 1.574
arrive destination: True ,out of road:False   Total T: 661274 Episode Num: 1760 Episode T: 247 Reward: 295.516 Cost: 10.000 ShieldInt: 4 ShieldDist: 0.534
arrive destination: True ,out of road:False   Total T: 661509 Episode Num: 1761 Episode T: 235 Reward: 233.389 Cost: 7.000 ShieldInt: 9 ShieldDist: 1.252
arrive destination: True ,out of road:False   Total T: 662047 Episode Num: 1762 Episode T: 538 Reward: 467.159 Cost: 23.000 ShieldInt: 18 ShieldDist: 18.857
arrive destination: True ,out of road:False   Total T: 662428 Episode Num: 1763 Episode T: 381 Reward: 390.739 Cost: 10.000 ShieldInt: 23 ShieldDist: 20.871
arrive destination: True ,out of road:False   Total T: 662868 Episode Num: 1764 Episode T: 440 Reward: 381.271 Cost: 21.000 ShieldInt: 38 ShieldDist: 30.271
arrive destination: True ,out of road:False   Total T: 663287 Episode Num: 1765 Episode T: 419 Reward: 374.570 Cost: 21.000 ShieldInt: 16 ShieldDist: 6.025
arrive destination: True ,out of road:False   Total T: 663592 Episode Num: 1766 Episode T: 305 Reward: 268.615 Cost: 22.000 ShieldInt: 27 ShieldDist: 30.908
arrive destination: True ,out of road:False   Total T: 663943 Episode Num: 1767 Episode T: 351 Reward: 382.968 Cost: 11.000 ShieldInt: 12 ShieldDist: 6.223
arrive destination: False ,out of road:True   Total T: 664096 Episode Num: 1768 Episode T: 153 Reward: 170.587 Cost: 10.000 ShieldInt: 11 ShieldDist: 1.548
arrive destination: True ,out of road:False   Total T: 664773 Episode Num: 1769 Episode T: 677 Reward: 500.553 Cost: 32.000 ShieldInt: 31 ShieldDist: 29.105
arrive destination: True ,out of road:False   Total T: 665237 Episode Num: 1770 Episode T: 464 Reward: 460.568 Cost: 10.000 ShieldInt: 7 ShieldDist: 3.057
arrive destination: True ,out of road:False   Total T: 665508 Episode Num: 1771 Episode T: 271 Reward: 271.174 Cost: 2.000 ShieldInt: 8 ShieldDist: 1.085
arrive destination: True ,out of road:False   Total T: 665869 Episode Num: 1772 Episode T: 361 Reward: 397.186 Cost: 0.000 ShieldInt: 6 ShieldDist: 0.832
arrive destination: True ,out of road:False   Total T: 666383 Episode Num: 1773 Episode T: 514 Reward: 423.967 Cost: 25.000 ShieldInt: 58 ShieldDist: 58.236
arrive destination: False ,out of road:True   Total T: 666496 Episode Num: 1774 Episode T: 113 Reward: 90.932 Cost: 1.000 ShieldInt: 3 ShieldDist: 0.450
arrive destination: True ,out of road:False   Total T: 666751 Episode Num: 1775 Episode T: 255 Reward: 270.765 Cost: 2.000 ShieldInt: 1 ShieldDist: 0.150
arrive destination: False ,out of road:True   Total T: 667010 Episode Num: 1776 Episode T: 259 Reward: 217.501 Cost: 15.000 ShieldInt: 15 ShieldDist: 8.504
arrive destination: True ,out of road:False   Total T: 667209 Episode Num: 1777 Episode T: 199 Reward: 232.723 Cost: 0.000 ShieldInt: 4 ShieldDist: 0.545
arrive destination: True ,out of road:False   Total T: 667446 Episode Num: 1778 Episode T: 237 Reward: 272.692 Cost: 4.000 ShieldInt: 11 ShieldDist: 1.480
arrive destination: True ,out of road:False   Total T: 667742 Episode Num: 1779 Episode T: 296 Reward: 294.707 Cost: 11.000 ShieldInt: 8 ShieldDist: 4.760
arrive destination: True ,out of road:False   Total T: 667976 Episode Num: 1780 Episode T: 234 Reward: 274.518 Cost: 0.000 ShieldInt: 10 ShieldDist: 1.447
arrive destination: False ,out of road:True   Total T: 668667 Episode Num: 1781 Episode T: 691 Reward: 378.117 Cost: 42.000 ShieldInt: 60 ShieldDist: 67.765
arrive destination: False ,out of road:True   Total T: 668799 Episode Num: 1782 Episode T: 132 Reward: 137.392 Cost: 1.000 ShieldInt: 7 ShieldDist: 1.039
arrive destination: True ,out of road:False   Total T: 669056 Episode Num: 1783 Episode T: 257 Reward: 233.332 Cost: 12.000 ShieldInt: 25 ShieldDist: 25.191
arrive destination: True ,out of road:False   Total T: 669485 Episode Num: 1784 Episode T: 429 Reward: 402.310 Cost: 8.000 ShieldInt: 27 ShieldDist: 33.292
arrive destination: True ,out of road:False   Total T: 669745 Episode Num: 1785 Episode T: 260 Reward: 270.553 Cost: 0.000 ShieldInt: 7 ShieldDist: 0.982
---------------------------------------
Evaluation over 20 episodes: 0.850 Cost 13.750.             SafeRL used : use_qpsl
---------------------------------------
[34;1m
Time: 2026-07-02 04:45:12, Time spent from previous logger: 160.455 s[0m
[34;1mCustomLogger with fileds: ['total_steps', 'EpRet', 'EpCost', 'CostRate', 'MeanPain', 'TriggerRate', 'MeanRisk', 'MeanLongitudinalDelta', 'SteeringLimitRate'][0m
[34;1mfieldvalues: [670000, 0.85, 13.75, 0.03200303284034752, 0.0, 0.0, 0.0, 0.0, 0.0]
[0m
arrive destination: True ,out of road:False   Total T: 670236 Episode Num: 1786 Episode T: 491 Reward: 498.277 Cost: 16.000 ShieldInt: 2 ShieldDist: 0.300
arrive destination: True ,out of road:False   Total T: 670445 Episode Num: 1787 Episode T: 209 Reward: 270.033 Cost: 7.000 ShieldInt: 6 ShieldDist: 0.869
arrive destination: True ,out of road:False   Total T: 670806 Episode Num: 1788 Episode T: 361 Reward: 402.389 Cost: 0.000 ShieldInt: 6 ShieldDist: 0.900
arrive destination: True ,out of road:False   Total T: 671049 Episode Num: 1789 Episode T: 243 Reward: 295.993 Cost: 3.000 ShieldInt: 2 ShieldDist: 0.291
arrive destination: True ,out of road:True   Total T: 671352 Episode Num: 1790 Episode T: 303 Reward: 269.048 Cost: 1.000 ShieldInt: 5 ShieldDist: 0.700
arrive destination: True ,out of road:False   Total T: 671737 Episode Num: 1791 Episode T: 385 Reward: 382.613 Cost: 10.000 ShieldInt: 9 ShieldDist: 8.738
arrive destination: True ,out of road:False   Total T: 672235 Episode Num: 1792 Episode T: 498 Reward: 499.004 Cost: 17.000 ShieldInt: 25 ShieldDist: 28.879
arrive destination: True ,out of road:False   Total T: 672442 Episode Num: 1793 Episode T: 207 Reward: 233.255 Cost: 3.000 ShieldInt: 3 ShieldDist: 0.332
arrive destination: True ,out of road:False   Total T: 672732 Episode Num: 1794 Episode T: 290 Reward: 267.930 Cost: 2.000 ShieldInt: 5 ShieldDist: 0.750
arrive destination: False ,out of road:True   Total T: 673010 Episode Num: 1795 Episode T: 278 Reward: 66.367 Cost: 13.000 ShieldInt: 15 ShieldDist: 2.039
arrive destination: True ,out of road:False   Total T: 673481 Episode Num: 1796 Episode T: 471 Reward: 420.153 Cost: 10.000 ShieldInt: 32 ShieldDist: 28.458
arrive destination: False ,out of road:True   Total T: 673642 Episode Num: 1797 Episode T: 161 Reward: 200.165 Cost: 1.000 ShieldInt: 2 ShieldDist: 0.262
arrive destination: True ,out of road:False   Total T: 674168 Episode Num: 1798 Episode T: 526 Reward: 415.705 Cost: 13.000 ShieldInt: 38 ShieldDist: 40.838
arrive destination: True ,out of road:False   Total T: 674423 Episode Num: 1799 Episode T: 255 Reward: 270.577 Cost: 0.000 ShieldInt: 4 ShieldDist: 0.600
arrive destination: True ,out of road:False   Total T: 674844 Episode Num: 1800 Episode T: 421 Reward: 389.081 Cost: 13.000 ShieldInt: 17 ShieldDist: 20.845
arrive destination: True ,out of road:False   Total T: 675160 Episode Num: 1801 Episode T: 316 Reward: 264.012 Cost: 11.000 ShieldInt: 28 ShieldDist: 46.833
arrive destination: True ,out of road:False   Total T: 675388 Episode Num: 1802 Episode T: 228 Reward: 269.834 Cost: 4.000 ShieldInt: 7 ShieldDist: 5.758
arrive destination: True ,out of road:False   Total T: 675615 Episode Num: 1803 Episode T: 227 Reward: 289.075 Cost: 0.000 ShieldInt: 1 ShieldDist: 0.150
arrive destination: True ,out of road:False   Total T: 675852 Episode Num: 1804 Episode T: 237 Reward: 295.794 Cost: 8.000 ShieldInt: 8 ShieldDist: 1.119
arrive destination: True ,out of road:False   Total T: 676408 Episode Num: 1805 Episode T: 556 Reward: 423.884 Cost: 28.000 ShieldInt: 49 ShieldDist: 42.474
arrive destination: False ,out of road:True   Total T: 676536 Episode Num: 1806 Episode T: 128 Reward: 137.719 Cost: 5.000 ShieldInt: 1 ShieldDist: 0.114
arrive destination: False ,out of road:True   Total T: 676918 Episode Num: 1807 Episode T: 382 Reward: 364.206 Cost: 13.000 ShieldInt: 13 ShieldDist: 5.871
arrive destination: True ,out of road:False   Total T: 677116 Episode Num: 1808 Episode T: 198 Reward: 233.287 Cost: 0.000 ShieldInt: 1 ShieldDist: 0.121
arrive destination: True ,out of road:False   Total T: 677479 Episode Num: 1809 Episode T: 363 Reward: 402.090 Cost: 0.000 ShieldInt: 9 ShieldDist: 1.328
arrive destination: False ,out of road:True   Total T: 677651 Episode Num: 1810 Episode T: 172 Reward: 154.564 Cost: 9.000 ShieldInt: 9 ShieldDist: 4.616
arrive destination: True ,out of road:False   Total T: 678053 Episode Num: 1811 Episode T: 402 Reward: 383.871 Cost: 17.000 ShieldInt: 16 ShieldDist: 19.309
arrive destination: True ,out of road:False   Total T: 678550 Episode Num: 1812 Episode T: 497 Reward: 420.017 Cost: 15.000 ShieldInt: 20 ShieldDist: 18.702
arrive destination: True ,out of road:False   Total T: 678922 Episode Num: 1813 Episode T: 372 Reward: 401.078 Cost: 5.000 ShieldInt: 15 ShieldDist: 14.915
arrive destination: True ,out of road:False   Total T: 679366 Episode Num: 1814 Episode T: 444 Reward: 388.188 Cost: 7.000 ShieldInt: 28 ShieldDist: 37.462
arrive destination: True ,out of road:False   Total T: 679580 Episode Num: 1815 Episode T: 214 Reward: 269.987 Cost: 8.000 ShieldInt: 6 ShieldDist: 4.548
---------------------------------------
Evaluation over 20 episodes: 0.850 Cost 15.950.             SafeRL used : use_qpsl
---------------------------------------
[34;1m
Time: 2026-07-02 04:48:01, Time spent from previous logger: 168.653 s[0m
[34;1mCustomLogger with fileds: ['total_steps', 'EpRet', 'EpCost', 'CostRate', 'MeanPain', 'TriggerRate', 'MeanRisk', 'MeanLongitudinalDelta', 'SteeringLimitRate'][0m
[34;1mfieldvalues: [680000, 0.85, 15.95, 0.03187357628467101, 0.0, 0.0, 0.0, 0.0, 0.0]
[0m
arrive destination: True ,out of road:False   Total T: 680263 Episode Num: 1816 Episode T: 683 Reward: 729.728 Cost: 10.000 ShieldInt: 9 ShieldDist: 7.729
arrive destination: True ,out of road:False   Total T: 680528 Episode Num: 1817 Episode T: 265 Reward: 263.780 Cost: 7.000 ShieldInt: 4 ShieldDist: 0.600
arrive destination: True ,out of road:False   Total T: 680954 Episode Num: 1818 Episode T: 426 Reward: 401.578 Cost: 13.000 ShieldInt: 27 ShieldDist: 27.798
arrive destination: True ,out of road:False   Total T: 681299 Episode Num: 1819 Episode T: 345 Reward: 383.008 Cost: 11.000 ShieldInt: 6 ShieldDist: 2.713
arrive destination: True ,out of road:False   Total T: 681533 Episode Num: 1820 Episode T: 234 Reward: 283.933 Cost: 2.000 ShieldInt: 10 ShieldDist: 1.408
arrive destination: True ,out of road:False   Total T: 681755 Episode Num: 1821 Episode T: 222 Reward: 270.197 Cost: 5.000 ShieldInt: 7 ShieldDist: 2.836
arrive destination: True ,out of road:False   Total T: 682157 Episode Num: 1822 Episode T: 402 Reward: 381.803 Cost: 14.000 ShieldInt: 17 ShieldDist: 21.396
arrive destination: True ,out of road:False   Total T: 682398 Episode Num: 1823 Episode T: 241 Reward: 269.236 Cost: 5.000 ShieldInt: 4 ShieldDist: 0.600
arrive destination: True ,out of road:False   Total T: 682626 Episode Num: 1824 Episode T: 228 Reward: 272.178 Cost: 0.000 ShieldInt: 1 ShieldDist: 0.150
arrive destination: True ,out of road:False   Total T: 683165 Episode Num: 1825 Episode T: 539 Reward: 469.624 Cost: 30.000 ShieldInt: 26 ShieldDist: 13.493
arrive destination: True ,out of road:False   Total T: 683393 Episode Num: 1826 Episode T: 228 Reward: 233.011 Cost: 12.000 ShieldInt: 8 ShieldDist: 1.170
arrive destination: False ,out of road:True   Total T: 683641 Episode Num: 1827 Episode T: 248 Reward: 250.867 Cost: 7.000 ShieldInt: 3 ShieldDist: 0.450
arrive destination: True ,out of road:False   Total T: 683847 Episode Num: 1828 Episode T: 206 Reward: 232.308 Cost: 6.000 ShieldInt: 8 ShieldDist: 7.621
arrive destination: True ,out of road:False   Total T: 684336 Episode Num: 1829 Episode T: 489 Reward: 410.710 Cost: 11.000 ShieldInt: 27 ShieldDist: 16.199
arrive destination: True ,out of road:False   Total T: 684605 Episode Num: 1830 Episode T: 269 Reward: 277.508 Cost: 2.000 ShieldInt: 11 ShieldDist: 5.955
arrive destination: True ,out of road:False   Total T: 685081 Episode Num: 1831 Episode T: 476 Reward: 421.096 Cost: 9.000 ShieldInt: 17 ShieldDist: 17.439
arrive destination: True ,out of road:False   Total T: 685341 Episode Num: 1832 Episode T: 260 Reward: 271.596 Cost: 4.000 ShieldInt: 6 ShieldDist: 0.884
arrive destination: True ,out of road:False   Total T: 685583 Episode Num: 1833 Episode T: 242 Reward: 287.908 Cost: 1.000 ShieldInt: 4 ShieldDist: 0.571
arrive destination: False ,out of road:True   Total T: 685710 Episode Num: 1834 Episode T: 127 Reward: 138.369 Cost: 4.000 ShieldInt: 3 ShieldDist: 0.445
arrive destination: True ,out of road:False   Total T: 686168 Episode Num: 1835 Episode T: 458 Reward: 475.240 Cost: 12.000 ShieldInt: 15 ShieldDist: 10.437
arrive destination: False ,out of road:True   Total T: 686454 Episode Num: 1836 Episode T: 286 Reward: 226.157 Cost: 20.000 ShieldInt: 16 ShieldDist: 11.277
arrive destination: True ,out of road:False   Total T: 686795 Episode Num: 1837 Episode T: 341 Reward: 382.136 Cost: 11.000 ShieldInt: 15 ShieldDist: 12.984
arrive destination: False ,out of road:True   Total T: 687190 Episode Num: 1838 Episode T: 395 Reward: 357.895 Cost: 13.000 ShieldInt: 29 ShieldDist: 31.682
arrive destination: True ,out of road:False   Total T: 687480 Episode Num: 1839 Episode T: 290 Reward: 262.533 Cost: 11.000 ShieldInt: 12 ShieldDist: 13.811
arrive destination: True ,out of road:False   Total T: 687875 Episode Num: 1840 Episode T: 395 Reward: 380.627 Cost: 15.000 ShieldInt: 20 ShieldDist: 11.398
arrive destination: True ,out of road:False   Total T: 688186 Episode Num: 1841 Episode T: 311 Reward: 400.978 Cost: 0.000 ShieldInt: 4 ShieldDist: 0.551
arrive destination: True ,out of road:False   Total T: 688546 Episode Num: 1842 Episode T: 360 Reward: 401.207 Cost: 0.000 ShieldInt: 5 ShieldDist: 0.718
arrive destination: False ,out of road:True   Total T: 688682 Episode Num: 1843 Episode T: 136 Reward: 134.358 Cost: 1.000 ShieldInt: 4 ShieldDist: 0.537
arrive destination: True ,out of road:False   Total T: 688917 Episode Num: 1844 Episode T: 235 Reward: 286.916 Cost: 0.000 ShieldInt: 11 ShieldDist: 1.551
arrive destination: True ,out of road:False   Total T: 689156 Episode Num: 1845 Episode T: 239 Reward: 271.474 Cost: 0.000 ShieldInt: 1 ShieldDist: 0.115
arrive destination: True ,out of road:False   Total T: 689561 Episode Num: 1846 Episode T: 405 Reward: 382.925 Cost: 12.000 ShieldInt: 21 ShieldDist: 31.132
arrive destination: True ,out of road:False   Total T: 689850 Episode Num: 1847 Episode T: 289 Reward: 294.349 Cost: 17.000 ShieldInt: 11 ShieldDist: 5.127
---------------------------------------
Evaluation over 20 episodes: 0.650 Cost 7.700.             SafeRL used : use_qpsl
---------------------------------------
[34;1m
Time: 2026-07-02 04:50:34, Time spent from previous logger: 153.459 s[0m
[34;1mCustomLogger with fileds: ['total_steps', 'EpRet', 'EpCost', 'CostRate', 'MeanPain', 'TriggerRate', 'MeanRisk', 'MeanLongitudinalDelta', 'SteeringLimitRate'][0m
[34;1mfieldvalues: [690000, 0.65, 7.7, 0.03178265475747066, 0.0, 0.0, 0.0, 0.0, 0.0]
[0m
arrive destination: True ,out of road:False   Total T: 690259 Episode Num: 1848 Episode T: 409 Reward: 452.415 Cost: 4.000 ShieldInt: 13 ShieldDist: 17.362
arrive destination: True ,out of road:False   Total T: 690652 Episode Num: 1849 Episode T: 393 Reward: 377.599 Cost: 7.000 ShieldInt: 13 ShieldDist: 6.768
arrive destination: False ,out of road:False   Total T: 691652 Episode Num: 1850 Episode T: 1000 Reward: 393.574 Cost: 31.000 ShieldInt: 340 ShieldDist: 501.894
arrive destination: True ,out of road:False   Total T: 691896 Episode Num: 1851 Episode T: 244 Reward: 295.730 Cost: 13.000 ShieldInt: 6 ShieldDist: 5.121
arrive destination: True ,out of road:False   Total T: 692338 Episode Num: 1852 Episode T: 442 Reward: 475.095 Cost: 9.000 ShieldInt: 9 ShieldDist: 3.054
arrive destination: True ,out of road:False   Total T: 692616 Episode Num: 1853 Episode T: 278 Reward: 335.276 Cost: 5.000 ShieldInt: 6 ShieldDist: 2.720
arrive destination: True ,out of road:False   Total T: 692877 Episode Num: 1854 Episode T: 261 Reward: 271.346 Cost: 1.000 ShieldInt: 3 ShieldDist: 0.450
arrive destination: True ,out of road:False   Total T: 693137 Episode Num: 1855 Episode T: 260 Reward: 269.905 Cost: 0.000 ShieldInt: 2 ShieldDist: 0.297
arrive destination: True ,out of road:False   Total T: 693993 Episode Num: 1856 Episode T: 856 Reward: 294.785 Cost: 36.000 ShieldInt: 439 ShieldDist: 699.575
arrive destination: True ,out of road:False   Total T: 694207 Episode Num: 1857 Episode T: 214 Reward: 269.627 Cost: 5.000 ShieldInt: 7 ShieldDist: 1.050
arrive destination: False ,out of road:True   Total T: 694417 Episode Num: 1858 Episode T: 210 Reward: 156.127 Cost: 3.000 ShieldInt: 1 ShieldDist: 0.150
arrive destination: True ,out of road:False   Total T: 694699 Episode Num: 1859 Episode T: 282 Reward: 335.928 Cost: 4.000 ShieldInt: 5 ShieldDist: 0.750
arrive destination: False ,out of road:True   Total T: 694904 Episode Num: 1860 Episode T: 205 Reward: 193.654 Cost: 10.000 ShieldInt: 13 ShieldDist: 6.984
arrive destination: True ,out of road:False   Total T: 695143 Episode Num: 1861 Episode T: 239 Reward: 270.328 Cost: 0.000 ShieldInt: 0 ShieldDist: 0.000
arrive destination: False ,out of road:True   Total T: 695564 Episode Num: 1862 Episode T: 421 Reward: 372.119 Cost: 14.000 ShieldInt: 13 ShieldDist: 3.650
arrive destination: False ,out of road:True   Total T: 695673 Episode Num: 1863 Episode T: 109 Reward: 101.252 Cost: 1.000 ShieldInt: 0 ShieldDist: 0.000
arrive destination: False ,out of road:True   Total T: 695873 Episode Num: 1864 Episode T: 200 Reward: 224.832 Cost: 7.000 ShieldInt: 8 ShieldDist: 1.158
arrive destination: False ,out of road:True   Total T: 695960 Episode Num: 1865 Episode T: 87 Reward: 69.534 Cost: 1.000 ShieldInt: 2 ShieldDist: 0.300
arrive destination: True ,out of road:False   Total T: 696537 Episode Num: 1866 Episode T: 577 Reward: 423.630 Cost: 32.000 ShieldInt: 64 ShieldDist: 89.985
arrive destination: False ,out of road:True   Total T: 696962 Episode Num: 1867 Episode T: 425 Reward: 337.926 Cost: 19.000 ShieldInt: 30 ShieldDist: 35.440
arrive destination: True ,out of road:False   Total T: 697217 Episode Num: 1868 Episode T: 255 Reward: 271.397 Cost: 1.000 ShieldInt: 6 ShieldDist: 0.758
arrive destination: False ,out of road:True   Total T: 697655 Episode Num: 1869 Episode T: 438 Reward: 340.146 Cost: 19.000 ShieldInt: 44 ShieldDist: 45.359
arrive destination: False ,out of road:True   Total T: 697757 Episode Num: 1870 Episode T: 102 Reward: 84.863 Cost: 1.000 ShieldInt: 3 ShieldDist: 0.450
arrive destination: False ,out of road:True   Total T: 697778 Episode Num: 1871 Episode T: 21 Reward: -3.723 Cost: 1.000 ShieldInt: 2 ShieldDist: 0.300
arrive destination: False ,out of road:True   Total T: 697957 Episode Num: 1872 Episode T: 179 Reward: 192.911 Cost: 5.000 ShieldInt: 9 ShieldDist: 1.293
arrive destination: True ,out of road:False   Total T: 698385 Episode Num: 1873 Episode T: 428 Reward: 388.808 Cost: 20.000 ShieldInt: 22 ShieldDist: 27.165
arrive destination: True ,out of road:False   Total T: 698828 Episode Num: 1874 Episode T: 443 Reward: 375.077 Cost: 12.000 ShieldInt: 19 ShieldDist: 3.591
arrive destination: True ,out of road:False   Total T: 699377 Episode Num: 1875 Episode T: 549 Reward: 497.073 Cost: 17.000 ShieldInt: 33 ShieldDist: 31.490
arrive destination: True ,out of road:False   Total T: 699827 Episode Num: 1876 Episode T: 450 Reward: 387.814 Cost: 23.000 ShieldInt: 36 ShieldDist: 45.655
---------------------------------------
Evaluation over 20 episodes: 0.900 Cost 15.300.             SafeRL used : use_qpsl
---------------------------------------
[34;1m
Time: 2026-07-02 04:53:15, Time spent from previous logger: 161.172 s[0m
[34;1mCustomLogger with fileds: ['total_steps', 'EpRet', 'EpCost', 'CostRate', 'MeanPain', 'TriggerRate', 'MeanRisk', 'MeanLongitudinalDelta', 'SteeringLimitRate'][0m
[34;1mfieldvalues: [700000, 0.9, 15.3, 0.031758616798024, 0.0, 0.0, 0.0, 0.0, 0.0]
[0m
arrive destination: True ,out of road:False   Total T: 700435 Episode Num: 1877 Episode T: 608 Reward: 585.711 Cost: 6.000 ShieldInt: 15 ShieldDist: 8.666
arrive destination: True ,out of road:False   Total T: 700923 Episode Num: 1878 Episode T: 488 Reward: 415.537 Cost: 11.000 ShieldInt: 10 ShieldDist: 3.228
arrive destination: True ,out of road:False   Total T: 701298 Episode Num: 1879 Episode T: 375 Reward: 383.848 Cost: 19.000 ShieldInt: 15 ShieldDist: 11.092
arrive destination: True ,out of road:False   Total T: 701716 Episode Num: 1880 Episode T: 418 Reward: 376.420 Cost: 14.000 ShieldInt: 26 ShieldDist: 29.883
arrive destination: False ,out of road:True   Total T: 701864 Episode Num: 1881 Episode T: 148 Reward: 158.355 Cost: 7.000 ShieldInt: 7 ShieldDist: 0.960
arrive destination: True ,out of road:False   Total T: 702433 Episode Num: 1882 Episode T: 569 Reward: 423.122 Cost: 31.000 ShieldInt: 72 ShieldDist: 112.300
arrive destination: True ,out of road:False   Total T: 702672 Episode Num: 1883 Episode T: 239 Reward: 295.477 Cost: 10.000 ShieldInt: 5 ShieldDist: 0.750
arrive destination: False ,out of road:True   Total T: 702809 Episode Num: 1884 Episode T: 137 Reward: 140.666 Cost: 6.000 ShieldInt: 3 ShieldDist: 0.406
arrive destination: True ,out of road:False   Total T: 703414 Episode Num: 1885 Episode T: 605 Reward: 499.187 Cost: 38.000 ShieldInt: 54 ShieldDist: 78.312
arrive destination: True ,out of road:False   Total T: 703844 Episode Num: 1886 Episode T: 430 Reward: 415.500 Cost: 7.000 ShieldInt: 17 ShieldDist: 23.360
arrive destination: True ,out of road:False   Total T: 704059 Episode Num: 1887 Episode T: 215 Reward: 269.789 Cost: 6.000 ShieldInt: 7 ShieldDist: 0.991
arrive destination: True ,out of road:False   Total T: 704415 Episode Num: 1888 Episode T: 356 Reward: 382.399 Cost: 17.000 ShieldInt: 9 ShieldDist: 8.567
arrive destination: True ,out of road:False   Total T: 704684 Episode Num: 1889 Episode T: 269 Reward: 294.297 Cost: 9.000 ShieldInt: 2 ShieldDist: 0.300
arrive destination: True ,out of road:False   Total T: 704895 Episode Num: 1890 Episode T: 211 Reward: 269.796 Cost: 1.000 ShieldInt: 6 ShieldDist: 0.900
arrive destination: True ,out of road:False   Total T: 705353 Episode Num: 1891 Episode T: 458 Reward: 415.568 Cost: 10.000 ShieldInt: 22 ShieldDist: 17.453
arrive destination: True ,out of road:False   Total T: 705723 Episode Num: 1892 Episode T: 370 Reward: 402.346 Cost: 3.000 ShieldInt: 16 ShieldDist: 20.252
arrive destination: True ,out of road:False   Total T: 705951 Episode Num: 1893 Episode T: 228 Reward: 270.082 Cost: 8.000 ShieldInt: 5 ShieldDist: 2.289
arrive destination: True ,out of road:False   Total T: 706547 Episode Num: 1894 Episode T: 596 Reward: 472.501 Cost: 30.000 ShieldInt: 25 ShieldDist: 32.722
arrive destination: False ,out of road:True   Total T: 706684 Episode Num: 1895 Episode T: 137 Reward: 134.570 Cost: 1.000 ShieldInt: 0 ShieldDist: 0.000
arrive destination: False ,out of road:True   Total T: 706954 Episode Num: 1896 Episode T: 270 Reward: 231.490 Cost: 10.000 ShieldInt: 11 ShieldDist: 8.927
arrive destination: True ,out of road:False   Total T: 707311 Episode Num: 1897 Episode T: 357 Reward: 401.118 Cost: 0.000 ShieldInt: 7 ShieldDist: 0.963
arrive destination: True ,out of road:False   Total T: 707685 Episode Num: 1898 Episode T: 374 Reward: 390.706 Cost: 23.000 ShieldInt: 9 ShieldDist: 8.197
arrive destination: True ,out of road:False   Total T: 707881 Episode Num: 1899 Episode T: 196 Reward: 233.967 Cost: 4.000 ShieldInt: 5 ShieldDist: 0.711
arrive destination: True ,out of road:False   Total T: 708240 Episode Num: 1900 Episode T: 359 Reward: 401.918 Cost: 0.000 ShieldInt: 8 ShieldDist: 1.157
arrive destination: True ,out of road:False   Total T: 708548 Episode Num: 1901 Episode T: 308 Reward: 277.868 Cost: 11.000 ShieldInt: 10 ShieldDist: 1.454
arrive destination: True ,out of road:False   Total T: 708786 Episode Num: 1902 Episode T: 238 Reward: 285.453 Cost: 0.000 ShieldInt: 7 ShieldDist: 1.028
arrive destination: True ,out of road:False   Total T: 709076 Episode Num: 1903 Episode T: 290 Reward: 270.576 Cost: 10.000 ShieldInt: 21 ShieldDist: 24.936
arrive destination: False ,out of road:True   Total T: 709605 Episode Num: 1904 Episode T: 529 Reward: 391.707 Cost: 27.000 ShieldInt: 6 ShieldDist: 0.778
arrive destination: True ,out of road:False   Total T: 709843 Episode Num: 1905 Episode T: 238 Reward: 276.068 Cost: 0.000 ShieldInt: 10 ShieldDist: 1.445
arrive destination: False ,out of road:True   Total T: 709944 Episode Num: 1906 Episode T: 101 Reward: 79.765 Cost: 3.000 ShieldInt: 0 ShieldDist: 0.000
---------------------------------------
Evaluation over 20 episodes: 0.700 Cost 12.750.             SafeRL used : use_qpsl
---------------------------------------
[34;1m
Time: 2026-07-02 04:55:56, Time spent from previous logger: 160.321 s[0m
[34;1mCustomLogger with fileds: ['total_steps', 'EpRet', 'EpCost', 'CostRate', 'MeanPain', 'TriggerRate', 'MeanRisk', 'MeanLongitudinalDelta', 'SteeringLimitRate'][0m
[34;1mfieldvalues: [710000, 0.7, 12.75, 0.03176483347159644, 0.0, 0.0, 0.0, 0.0, 0.0]
[0m
arrive destination: False ,out of road:True   Total T: 710102 Episode Num: 1907 Episode T: 158 Reward: 107.505 Cost: 4.000 ShieldInt: 0 ShieldDist: 0.000
arrive destination: True ,out of road:False   Total T: 710497 Episode Num: 1908 Episode T: 395 Reward: 384.372 Cost: 15.000 ShieldInt: 9 ShieldDist: 4.880
arrive destination: False ,out of road:True   Total T: 710901 Episode Num: 1909 Episode T: 404 Reward: 360.563 Cost: 14.000 ShieldInt: 26 ShieldDist: 21.606
arrive destination: True ,out of road:False   Total T: 711330 Episode Num: 1910 Episode T: 429 Reward: 389.873 Cost: 10.000 ShieldInt: 25 ShieldDist: 29.407
arrive destination: False ,out of road:True   Total T: 711509 Episode Num: 1911 Episode T: 179 Reward: 177.560 Cost: 3.000 ShieldInt: 0 ShieldDist: 0.000
arrive destination: True ,out of road:False   Total T: 712058 Episode Num: 1912 Episode T: 549 Reward: 387.143 Cost: 8.000 ShieldInt: 48 ShieldDist: 42.684
arrive destination: True ,out of road:False   Total T: 712331 Episode Num: 1913 Episode T: 273 Reward: 270.383 Cost: 3.000 ShieldInt: 8 ShieldDist: 1.087
arrive destination: False ,out of road:True   Total T: 712656 Episode Num: 1914 Episode T: 325 Reward: 340.596 Cost: 7.000 ShieldInt: 6 ShieldDist: 1.994
arrive destination: True ,out of road:False   Total T: 713082 Episode Num: 1915 Episode T: 426 Reward: 475.450 Cost: 3.000 ShieldInt: 11 ShieldDist: 1.635
arrive destination: True ,out of road:False   Total T: 713590 Episode Num: 1916 Episode T: 508 Reward: 279.274 Cost: 21.000 ShieldInt: 12 ShieldDist: 4.299
arrive destination: False ,out of road:True   Total T: 713656 Episode Num: 1917 Episode T: 66 Reward: 36.545 Cost: 1.000 ShieldInt: 1 ShieldDist: 0.137
arrive destination: False ,out of road:True   Total T: 713757 Episode Num: 1918 Episode T: 101 Reward: 77.638 Cost: 4.000 ShieldInt: 2 ShieldDist: 0.300
arrive destination: False ,out of road:True   Total T: 713849 Episode Num: 1919 Episode T: 92 Reward: 71.530 Cost: 6.000 ShieldInt: 2 ShieldDist: 0.300
arrive destination: True ,out of road:False   Total T: 714108 Episode Num: 1920 Episode T: 259 Reward: 269.942 Cost: 1.000 ShieldInt: 10 ShieldDist: 10.163
arrive destination: True ,out of road:False   Total T: 714556 Episode Num: 1921 Episode T: 448 Reward: 475.622 Cost: 5.000 ShieldInt: 11 ShieldDist: 1.543
arrive destination: True ,out of road:False   Total T: 714894 Episode Num: 1922 Episode T: 338 Reward: 266.760 Cost: 19.000 ShieldInt: 20 ShieldDist: 22.857
arrive destination: True ,out of road:False   Total T: 715298 Episode Num: 1923 Episode T: 404 Reward: 336.332 Cost: 19.000 ShieldInt: 29 ShieldDist: 26.179
arrive destination: True ,out of road:False   Total T: 715498 Episode Num: 1924 Episode T: 200 Reward: 270.044 Cost: 1.000 ShieldInt: 3 ShieldDist: 0.437
arrive destination: False ,out of road:False   Total T: 716498 Episode Num: 1925 Episode T: 1000 Reward: 278.004 Cost: 36.000 ShieldInt: 687 ShieldDist: 1221.248
arrive destination: True ,out of road:False   Total T: 716935 Episode Num: 1926 Episode T: 437 Reward: 264.619 Cost: 28.000 ShieldInt: 100 ShieldDist: 56.385
arrive destination: True ,out of road:False   Total T: 717393 Episode Num: 1927 Episode T: 458 Reward: 424.436 Cost: 19.000 ShieldInt: 23 ShieldDist: 21.946
arrive destination: True ,out of road:False   Total T: 717791 Episode Num: 1928 Episode T: 398 Reward: 383.033 Cost: 8.000 ShieldInt: 14 ShieldDist: 15.658
arrive destination: True ,out of road:False   Total T: 718038 Episode Num: 1929 Episode T: 247 Reward: 270.196 Cost: 2.000 ShieldInt: 3 ShieldDist: 0.424
arrive destination: False ,out of road:True   Total T: 718391 Episode Num: 1930 Episode T: 353 Reward: 337.082 Cost: 8.000 ShieldInt: 18 ShieldDist: 16.526
arrive destination: True ,out of road:False   Total T: 718933 Episode Num: 1931 Episode T: 542 Reward: 471.413 Cost: 24.000 ShieldInt: 26 ShieldDist: 20.089
arrive destination: False ,out of road:True   Total T: 719349 Episode Num: 1932 Episode T: 416 Reward: 355.768 Cost: 36.000 ShieldInt: 25 ShieldDist: 30.893
arrive destination: True ,out of road:False   Total T: 719750 Episode Num: 1933 Episode T: 401 Reward: 402.028 Cost: 17.000 ShieldInt: 38 ShieldDist: 53.668
---------------------------------------
Evaluation over 20 episodes: 1.000 Cost 13.350.             SafeRL used : use_qpsl
---------------------------------------
[34;1m
Time: 2026-07-02 04:58:33, Time spent from previous logger: 156.836 s[0m
[34;1mCustomLogger with fileds: ['total_steps', 'EpRet', 'EpCost', 'CostRate', 'MeanPain', 'TriggerRate', 'MeanRisk', 'MeanLongitudinalDelta', 'SteeringLimitRate'][0m
[34;1mfieldvalues: [720000, 1.0, 13.35, 0.03177782191364155, 0.0, 0.0, 0.0, 0.0, 0.0]
[0m
arrive destination: True ,out of road:False   Total T: 720246 Episode Num: 1934 Episode T: 496 Reward: 548.302 Cost: 5.000 ShieldInt: 0 ShieldDist: 0.000
arrive destination: True ,out of road:False   Total T: 720490 Episode Num: 1935 Episode T: 244 Reward: 269.771 Cost: 5.000 ShieldInt: 1 ShieldDist: 0.150
arrive destination: True ,out of road:False   Total T: 720795 Episode Num: 1936 Episode T: 305 Reward: 295.623 Cost: 19.000 ShieldInt: 13 ShieldDist: 20.877
arrive destination: True ,out of road:False   Total T: 721052 Episode Num: 1937 Episode T: 257 Reward: 295.712 Cost: 7.000 ShieldInt: 2 ShieldDist: 0.271
arrive destination: False ,out of road:True   Total T: 721452 Episode Num: 1938 Episode T: 400 Reward: 322.710 Cost: 13.000 ShieldInt: 36 ShieldDist: 45.755
arrive destination: False ,out of road:True   Total T: 721795 Episode Num: 1939 Episode T: 343 Reward: 340.998 Cost: 10.000 ShieldInt: 6 ShieldDist: 0.847
arrive destination: True ,out of road:False   Total T: 722234 Episode Num: 1940 Episode T: 439 Reward: 402.573 Cost: 15.000 ShieldInt: 23 ShieldDist: 17.223
arrive destination: True ,out of road:False   Total T: 722430 Episode Num: 1941 Episode T: 196 Reward: 232.441 Cost: 4.000 ShieldInt: 4 ShieldDist: 0.566
arrive destination: True ,out of road:False   Total T: 722826 Episode Num: 1942 Episode T: 396 Reward: 387.597 Cost: 10.000 ShieldInt: 34 ShieldDist: 34.742
arrive destination: True ,out of road:False   Total T: 723182 Episode Num: 1943 Episode T: 356 Reward: 383.351 Cost: 12.000 ShieldInt: 9 ShieldDist: 4.336
arrive destination: True ,out of road:False   Total T: 723426 Episode Num: 1944 Episode T: 244 Reward: 274.239 Cost: 0.000 ShieldInt: 6 ShieldDist: 0.853
arrive destination: False ,out of road:True   Total T: 723765 Episode Num: 1945 Episode T: 339 Reward: 337.743 Cost: 6.000 ShieldInt: 15 ShieldDist: 21.403
arrive destination: True ,out of road:False   Total T: 723961 Episode Num: 1946 Episode T: 196 Reward: 270.097 Cost: 0.000 ShieldInt: 7 ShieldDist: 1.041
arrive destination: True ,out of road:False   Total T: 724250 Episode Num: 1947 Episode T: 289 Reward: 266.242 Cost: 6.000 ShieldInt: 16 ShieldDist: 11.228
arrive destination: True ,out of road:False   Total T: 724605 Episode Num: 1948 Episode T: 355 Reward: 269.719 Cost: 16.000 ShieldInt: 28 ShieldDist: 3.990
arrive destination: True ,out of road:False   Total T: 724848 Episode Num: 1949 Episode T: 243 Reward: 336.240 Cost: 1.000 ShieldInt: 5 ShieldDist: 0.750
arrive destination: True ,out of road:False   Total T: 725086 Episode Num: 1950 Episode T: 238 Reward: 274.820 Cost: 1.000 ShieldInt: 10 ShieldDist: 1.421
arrive destination: True ,out of road:False   Total T: 725346 Episode Num: 1951 Episode T: 260 Reward: 274.599 Cost: 1.000 ShieldInt: 10 ShieldDist: 1.439
arrive destination: True ,out of road:False   Total T: 725725 Episode Num: 1952 Episode T: 379 Reward: 379.503 Cost: 6.000 ShieldInt: 17 ShieldDist: 17.784
arrive destination: True ,out of road:False   Total T: 726152 Episode Num: 1953 Episode T: 427 Reward: 472.057 Cost: 7.000 ShieldInt: 10 ShieldDist: 12.307
arrive destination: True ,out of road:False   Total T: 726416 Episode Num: 1954 Episode T: 264 Reward: 296.028 Cost: 4.000 ShieldInt: 18 ShieldDist: 27.113
arrive destination: True ,out of road:False   Total T: 726611 Episode Num: 1955 Episode T: 195 Reward: 233.112 Cost: 0.000 ShieldInt: 3 ShieldDist: 0.428
arrive destination: True ,out of road:False   Total T: 727179 Episode Num: 1956 Episode T: 568 Reward: 468.999 Cost: 20.000 ShieldInt: 16 ShieldDist: 3.918
arrive destination: True ,out of road:False   Total T: 727571 Episode Num: 1957 Episode T: 392 Reward: 377.371 Cost: 8.000 ShieldInt: 17 ShieldDist: 15.188
arrive destination: False ,out of road:True   Total T: 727734 Episode Num: 1958 Episode T: 163 Reward: 180.057 Cost: 1.000 ShieldInt: 8 ShieldDist: 1.185
arrive destination: True ,out of road:False   Total T: 728022 Episode Num: 1959 Episode T: 288 Reward: 273.396 Cost: 11.000 ShieldInt: 16 ShieldDist: 2.262
arrive destination: False ,out of road:True   Total T: 728201 Episode Num: 1960 Episode T: 179 Reward: 175.575 Cost: 1.000 ShieldInt: 0 ShieldDist: 0.000
arrive destination: True ,out of road:False   Total T: 728449 Episode Num: 1961 Episode T: 248 Reward: 269.284 Cost: 0.000 ShieldInt: 2 ShieldDist: 0.285
arrive destination: False ,out of road:True   Total T: 728818 Episode Num: 1962 Episode T: 369 Reward: 345.203 Cost: 13.000 ShieldInt: 16 ShieldDist: 17.747
arrive destination: True ,out of road:False   Total T: 729240 Episode Num: 1963 Episode T: 422 Reward: 420.509 Cost: 11.000 ShieldInt: 26 ShieldDist: 18.488
arrive destination: True ,out of road:False   Total T: 729692 Episode Num: 1964 Episode T: 452 Reward: 389.566 Cost: 32.000 ShieldInt: 29 ShieldDist: 33.878
arrive destination: True ,out of road:False   Total T: 729916 Episode Num: 1965 Episode T: 224 Reward: 288.467 Cost: 0.000 ShieldInt: 0 ShieldDist: 0.000
---------------------------------------
Evaluation over 20 episodes: 0.750 Cost 10.200.             SafeRL used : use_qpsl
---------------------------------------
[34;1m
Time: 2026-07-02 05:01:15, Time spent from previous logger: 162.188 s[0m
[34;1mCustomLogger with fileds: ['total_steps', 'EpRet', 'EpCost', 'CostRate', 'MeanPain', 'TriggerRate', 'MeanRisk', 'MeanLongitudinalDelta', 'SteeringLimitRate'][0m
[34;1mfieldvalues: [730000, 0.75, 10.2, 0.03167127626202228, 0.0, 0.0, 0.0, 0.0, 0.0]
[0m
arrive destination: True ,out of road:False   Total T: 730297 Episode Num: 1966 Episode T: 381 Reward: 354.479 Cost: 7.000 ShieldInt: 10 ShieldDist: 8.236
arrive destination: True ,out of road:False   Total T: 730650 Episode Num: 1967 Episode T: 353 Reward: 400.655 Cost: 0.000 ShieldInt: 10 ShieldDist: 1.412
arrive destination: True ,out of road:False   Total T: 730889 Episode Num: 1968 Episode T: 239 Reward: 272.893 Cost: 0.000 ShieldInt: 4 ShieldDist: 0.597
arrive destination: True ,out of road:False   Total T: 731152 Episode Num: 1969 Episode T: 263 Reward: 270.830 Cost: 0.000 ShieldInt: 3 ShieldDist: 0.439
arrive destination: True ,out of road:False   Total T: 731504 Episode Num: 1970 Episode T: 352 Reward: 400.329 Cost: 0.000 ShieldInt: 8 ShieldDist: 1.117
arrive destination: True ,out of road:False   Total T: 731902 Episode Num: 1971 Episode T: 398 Reward: 383.898 Cost: 9.000 ShieldInt: 12 ShieldDist: 8.745
arrive destination: True ,out of road:False   Total T: 732426 Episode Num: 1972 Episode T: 524 Reward: 418.704 Cost: 19.000 ShieldInt: 18 ShieldDist: 13.881
arrive destination: False ,out of road:True   Total T: 732562 Episode Num: 1973 Episode T: 136 Reward: 130.602 Cost: 8.000 ShieldInt: 6 ShieldDist: 0.842
arrive destination: False ,out of road:True   Total T: 732711 Episode Num: 1974 Episode T: 149 Reward: 153.062 Cost: 2.000 ShieldInt: 5 ShieldDist: 0.730
arrive destination: False ,out of road:True   Total T: 733017 Episode Num: 1975 Episode T: 306 Reward: 243.607 Cost: 20.000 ShieldInt: 21 ShieldDist: 31.369
arrive destination: False ,out of road:True   Total T: 733164 Episode Num: 1976 Episode T: 147 Reward: 140.228 Cost: 1.000 ShieldInt: 5 ShieldDist: 0.701
arrive destination: True ,out of road:False   Total T: 733676 Episode Num: 1977 Episode T: 512 Reward: 418.884 Cost: 19.000 ShieldInt: 34 ShieldDist: 39.740
arrive destination: False ,out of road:True   Total T: 733773 Episode Num: 1978 Episode T: 97 Reward: 71.205 Cost: 5.000 ShieldInt: 2 ShieldDist: 2.109
arrive destination: True ,out of road:False   Total T: 734040 Episode Num: 1979 Episode T: 267 Reward: 265.386 Cost: 14.000 ShieldInt: 7 ShieldDist: 4.062
arrive destination: True ,out of road:False   Total T: 734295 Episode Num: 1980 Episode T: 255 Reward: 266.906 Cost: 0.000 ShieldInt: 4 ShieldDist: 0.577
arrive destination: True ,out of road:False   Total T: 734548 Episode Num: 1981 Episode T: 253 Reward: 269.239 Cost: 0.000 ShieldInt: 3 ShieldDist: 0.450
arrive destination: False ,out of road:True   Total T: 734678 Episode Num: 1982 Episode T: 130 Reward: 126.630 Cost: 5.000 ShieldInt: 0 ShieldDist: 0.000
arrive destination: True ,out of road:False   Total T: 734921 Episode Num: 1983 Episode T: 243 Reward: 276.743 Cost: 0.000 ShieldInt: 6 ShieldDist: 0.830
arrive destination: True ,out of road:False   Total T: 735368 Episode Num: 1984 Episode T: 447 Reward: 388.759 Cost: 16.000 ShieldInt: 26 ShieldDist: 28.996
arrive destination: True ,out of road:False   Total T: 735753 Episode Num: 1985 Episode T: 385 Reward: 382.997 Cost: 23.000 ShieldInt: 11 ShieldDist: 6.899
arrive destination: True ,out of road:False   Total T: 736012 Episode Num: 1986 Episode T: 259 Reward: 335.310 Cost: 3.000 ShieldInt: 9 ShieldDist: 10.134
arrive destination: True ,out of road:False   Total T: 736396 Episode Num: 1987 Episode T: 384 Reward: 376.772 Cost: 13.000 ShieldInt: 17 ShieldDist: 17.561
arrive destination: True ,out of road:False   Total T: 736755 Episode Num: 1988 Episode T: 359 Reward: 404.310 Cost: 0.000 ShieldInt: 5 ShieldDist: 0.750
arrive destination: False ,out of road:True   Total T: 736832 Episode Num: 1989 Episode T: 77 Reward: 52.134 Cost: 1.000 ShieldInt: 3 ShieldDist: 0.450
arrive destination: True ,out of road:False   Total T: 737144 Episode Num: 1990 Episode T: 312 Reward: 400.847 Cost: 1.000 ShieldInt: 10 ShieldDist: 8.556
arrive destination: False ,out of road:True   Total T: 737361 Episode Num: 1991 Episode T: 217 Reward: 189.393 Cost: 4.000 ShieldInt: 5 ShieldDist: 0.704
arrive destination: True ,out of road:False   Total T: 737622 Episode Num: 1992 Episode T: 261 Reward: 270.887 Cost: 0.000 ShieldInt: 4 ShieldDist: 0.581
arrive destination: True ,out of road:False   Total T: 737876 Episode Num: 1993 Episode T: 254 Reward: 233.538 Cost: 19.000 ShieldInt: 17 ShieldDist: 16.402
arrive destination: True ,out of road:False   Total T: 738194 Episode Num: 1994 Episode T: 318 Reward: 294.581 Cost: 12.000 ShieldInt: 9 ShieldDist: 1.346
arrive destination: True ,out of road:False   Total T: 738612 Episode Num: 1995 Episode T: 418 Reward: 476.485 Cost: 3.000 ShieldInt: 12 ShieldDist: 7.061
arrive destination: True ,out of road:False   Total T: 739189 Episode Num: 1996 Episode T: 577 Reward: 502.642 Cost: 22.000 ShieldInt: 29 ShieldDist: 29.400
arrive destination: False ,out of road:True   Total T: 739327 Episode Num: 1997 Episode T: 138 Reward: 164.117 Cost: 2.000 ShieldInt: 4 ShieldDist: 0.550
arrive destination: True ,out of road:False   Total T: 739854 Episode Num: 1998 Episode T: 527 Reward: 401.909 Cost: 23.000 ShieldInt: 142 ShieldDist: 206.749
---------------------------------------
Evaluation over 20 episodes: 0.900 Cost 12.050.             SafeRL used : use_qpsl
---------------------------------------
[34;1m
Time: 2026-07-02 05:04:04, Time spent from previous logger: 169.475 s[0m
[34;1mCustomLogger with fileds: ['total_steps', 'EpRet', 'EpCost', 'CostRate', 'MeanPain', 'TriggerRate', 'MeanRisk', 'MeanLongitudinalDelta', 'SteeringLimitRate'][0m
[34;1mfieldvalues: [740000, 0.9, 12.05, 0.03158247511145285, 0.0, 0.0, 0.0, 0.0, 0.0]
[0m
arrive destination: True ,out of road:False   Total T: 740219 Episode Num: 1999 Episode T: 365 Reward: 404.184 Cost: 9.000 ShieldInt: 17 ShieldDist: 10.098
arrive destination: True ,out of road:False   Total T: 740510 Episode Num: 2000 Episode T: 291 Reward: 335.959 Cost: 6.000 ShieldInt: 11 ShieldDist: 9.067
arrive destination: False ,out of road:True   Total T: 740679 Episode Num: 2001 Episode T: 169 Reward: 184.067 Cost: 1.000 ShieldInt: 4 ShieldDist: 0.599
arrive destination: False ,out of road:True   Total T: 741214 Episode Num: 2002 Episode T: 535 Reward: 448.847 Cost: 15.000 ShieldInt: 20 ShieldDist: 16.362
arrive destination: True ,out of road:False   Total T: 741670 Episode Num: 2003 Episode T: 456 Reward: 417.346 Cost: 9.000 ShieldInt: 17 ShieldDist: 5.615
arrive destination: False ,out of road:True   Total T: 741894 Episode Num: 2004 Episode T: 224 Reward: 313.031 Cost: 1.000 ShieldInt: 3 ShieldDist: 0.415
arrive destination: False ,out of road:True   Total T: 742505 Episode Num: 2005 Episode T: 611 Reward: 229.078 Cost: 59.000 ShieldInt: 106 ShieldDist: 104.474
arrive destination: True ,out of road:False   Total T: 742863 Episode Num: 2006 Episode T: 358 Reward: 401.047 Cost: 0.000 ShieldInt: 8 ShieldDist: 1.132
arrive destination: True ,out of road:False   Total T: 743269 Episode Num: 2007 Episode T: 406 Reward: 421.156 Cost: 17.000 ShieldInt: 12 ShieldDist: 3.495
arrive destination: True ,out of road:False   Total T: 743556 Episode Num: 2008 Episode T: 287 Reward: 267.466 Cost: 5.000 ShieldInt: 13 ShieldDist: 1.812
arrive destination: False ,out of road:True   Total T: 743819 Episode Num: 2009 Episode T: 263 Reward: 265.703 Cost: 6.000 ShieldInt: 9 ShieldDist: 13.950
arrive destination: True ,out of road:False   Total T: 744092 Episode Num: 2010 Episode T: 273 Reward: 265.769 Cost: 8.000 ShieldInt: 9 ShieldDist: 3.143
arrive destination: True ,out of road:False   Total T: 744418 Episode Num: 2011 Episode T: 326 Reward: 395.101 Cost: 0.000 ShieldInt: 4 ShieldDist: 0.580
arrive destination: True ,out of road:False   Total T: 744869 Episode Num: 2012 Episode T: 451 Reward: 371.305 Cost: 32.000 ShieldInt: 52 ShieldDist: 72.222
arrive destination: True ,out of road:False   Total T: 745078 Episode Num: 2013 Episode T: 209 Reward: 270.037 Cost: 5.000 ShieldInt: 3 ShieldDist: 2.300
arrive destination: False ,out of road:True   Total T: 745171 Episode Num: 2014 Episode T: 93 Reward: 69.072 Cost: 4.000 ShieldInt: 1 ShieldDist: 2.000
arrive destination: True ,out of road:False   Total T: 745571 Episode Num: 2015 Episode T: 400 Reward: 424.668 Cost: 19.000 ShieldInt: 20 ShieldDist: 15.208
arrive destination: False ,out of road:True   Total T: 745670 Episode Num: 2016 Episode T: 99 Reward: 77.496 Cost: 4.000 ShieldInt: 0 ShieldDist: 0.000
arrive destination: True ,out of road:False   Total T: 746024 Episode Num: 2017 Episode T: 354 Reward: 383.203 Cost: 8.000 ShieldInt: 11 ShieldDist: 5.202
arrive destination: True ,out of road:False   Total T: 746468 Episode Num: 2018 Episode T: 444 Reward: 477.201 Cost: 8.000 ShieldInt: 10 ShieldDist: 12.161
arrive destination: True ,out of road:False   Total T: 746988 Episode Num: 2019 Episode T: 520 Reward: 414.747 Cost: 30.000 ShieldInt: 33 ShieldDist: 27.505
arrive destination: False ,out of road:True   Total T: 747075 Episode Num: 2020 Episode T: 87 Reward: 70.690 Cost: 1.000 ShieldInt: 2 ShieldDist: 0.261
arrive destination: True ,out of road:False   Total T: 747592 Episode Num: 2021 Episode T: 517 Reward: 424.906 Cost: 32.000 ShieldInt: 31 ShieldDist: 37.366
arrive destination: True ,out of road:False   Total T: 747813 Episode Num: 2022 Episode T: 221 Reward: 271.942 Cost: 3.000 ShieldInt: 14 ShieldDist: 9.970
arrive destination: True ,out of road:False   Total T: 748040 Episode Num: 2023 Episode T: 227 Reward: 283.690 Cost: 0.000 ShieldInt: 4 ShieldDist: 0.600
arrive destination: True ,out of road:False   Total T: 748329 Episode Num: 2024 Episode T: 289 Reward: 269.456 Cost: 16.000 ShieldInt: 15 ShieldDist: 7.366
arrive destination: True ,out of road:False   Total T: 748691 Episode Num: 2025 Episode T: 362 Reward: 403.310 Cost: 0.000 ShieldInt: 4 ShieldDist: 0.517
arrive destination: False ,out of road:True   Total T: 748911 Episode Num: 2026 Episode T: 220 Reward: 243.034 Cost: 7.000 ShieldInt: 12 ShieldDist: 10.138
arrive destination: True ,out of road:False   Total T: 749191 Episode Num: 2027 Episode T: 280 Reward: 267.133 Cost: 16.000 ShieldInt: 19 ShieldDist: 21.698
arrive destination: True ,out of road:False   Total T: 749599 Episode Num: 2028 Episode T: 408 Reward: 374.656 Cost: 16.000 ShieldInt: 31 ShieldDist: 32.844
---------------------------------------
Evaluation over 20 episodes: 0.650 Cost 16.150.             SafeRL used : use_qpsl
---------------------------------------
[34;1m
Time: 2026-07-02 05:06:58, Time spent from previous logger: 173.358 s[0m
[34;1mCustomLogger with fileds: ['total_steps', 'EpRet', 'EpCost', 'CostRate', 'MeanPain', 'TriggerRate', 'MeanRisk', 'MeanLongitudinalDelta', 'SteeringLimitRate'][0m
[34;1mfieldvalues: [750000, 0.65, 16.15, 0.03163337551116735, 0.0, 0.0, 0.0, 0.0, 0.0]
[0m
arrive destination: True ,out of road:False   Total T: 750445 Episode Num: 2029 Episode T: 846 Reward: 737.116 Cost: 50.000 ShieldInt: 63 ShieldDist: 76.828
arrive destination: False ,out of road:True   Total T: 750554 Episode Num: 2030 Episode T: 109 Reward: 77.695 Cost: 3.000 ShieldInt: 2 ShieldDist: 0.151
arrive destination: False ,out of road:True   Total T: 750644 Episode Num: 2031 Episode T: 90 Reward: 69.936 Cost: 1.000 ShieldInt: 0 ShieldDist: 0.000
arrive destination: False ,out of road:True   Total T: 751000 Episode Num: 2032 Episode T: 356 Reward: 333.875 Cost: 22.000 ShieldInt: 14 ShieldDist: 5.288
arrive destination: True ,out of road:False   Total T: 751446 Episode Num: 2033 Episode T: 446 Reward: 483.979 Cost: 10.000 ShieldInt: 8 ShieldDist: 6.599
arrive destination: True ,out of road:False   Total T: 751694 Episode Num: 2034 Episode T: 248 Reward: 336.272 Cost: 3.000 ShieldInt: 4 ShieldDist: 4.202
arrive destination: True ,out of road:False   Total T: 752207 Episode Num: 2035 Episode T: 513 Reward: 426.309 Cost: 33.000 ShieldInt: 30 ShieldDist: 20.284
arrive destination: True ,out of road:False   Total T: 752576 Episode Num: 2036 Episode T: 369 Reward: 394.944 Cost: 13.000 ShieldInt: 16 ShieldDist: 19.907
arrive destination: True ,out of road:False   Total T: 753001 Episode Num: 2037 Episode T: 425 Reward: 477.768 Cost: 4.000 ShieldInt: 8 ShieldDist: 6.492
arrive destination: True ,out of road:False   Total T: 753384 Episode Num: 2038 Episode T: 383 Reward: 368.936 Cost: 13.000 ShieldInt: 12 ShieldDist: 12.377
arrive destination: True ,out of road:False   Total T: 753787 Episode Num: 2039 Episode T: 403 Reward: 401.279 Cost: 13.000 ShieldInt: 30 ShieldDist: 39.511
arrive destination: False ,out of road:True   Total T: 753921 Episode Num: 2040 Episode T: 134 Reward: 134.267 Cost: 1.000 ShieldInt: 0 ShieldDist: 0.000
arrive destination: True ,out of road:False   Total T: 754258 Episode Num: 2041 Episode T: 337 Reward: 335.698 Cost: 11.000 ShieldInt: 9 ShieldDist: 6.385
arrive destination: True ,out of road:False   Total T: 754548 Episode Num: 2042 Episode T: 290 Reward: 268.145 Cost: 6.000 ShieldInt: 6 ShieldDist: 0.882
arrive destination: True ,out of road:False   Total T: 755019 Episode Num: 2043 Episode T: 471 Reward: 466.182 Cost: 12.000 ShieldInt: 21 ShieldDist: 23.067
arrive destination: True ,out of road:False   Total T: 755433 Episode Num: 2044 Episode T: 414 Reward: 381.802 Cost: 15.000 ShieldInt: 23 ShieldDist: 19.443
arrive destination: True ,out of road:False   Total T: 755791 Episode Num: 2045 Episode T: 358 Reward: 401.546 Cost: 0.000 ShieldInt: 12 ShieldDist: 1.728
arrive destination: True ,out of road:False   Total T: 756016 Episode Num: 2046 Episode T: 225 Reward: 292.341 Cost: 5.000 ShieldInt: 9 ShieldDist: 6.697
arrive destination: False ,out of road:True   Total T: 756214 Episode Num: 2047 Episode T: 198 Reward: 181.786 Cost: 12.000 ShieldInt: 8 ShieldDist: 6.694
arrive destination: True ,out of road:False   Total T: 756487 Episode Num: 2048 Episode T: 273 Reward: 271.476 Cost: 1.000 ShieldInt: 3 ShieldDist: 0.403
arrive destination: True ,out of road:False   Total T: 757020 Episode Num: 2049 Episode T: 533 Reward: 416.515 Cost: 14.000 ShieldInt: 38 ShieldDist: 41.576
arrive destination: True ,out of road:False   Total T: 757546 Episode Num: 2050 Episode T: 526 Reward: 414.638 Cost: 30.000 ShieldInt: 40 ShieldDist: 48.152
arrive destination: True ,out of road:False   Total T: 758054 Episode Num: 2051 Episode T: 508 Reward: 417.614 Cost: 18.000 ShieldInt: 35 ShieldDist: 37.175
arrive destination: True ,out of road:False   Total T: 758306 Episode Num: 2052 Episode T: 252 Reward: 295.781 Cost: 5.000 ShieldInt: 3 ShieldDist: 0.435
arrive destination: True ,out of road:False   Total T: 758723 Episode Num: 2053 Episode T: 417 Reward: 401.466 Cost: 23.000 ShieldInt: 38 ShieldDist: 53.532
arrive destination: False ,out of road:True   Total T: 758817 Episode Num: 2054 Episode T: 94 Reward: 76.956 Cost: 1.000 ShieldInt: 2 ShieldDist: 0.295
arrive destination: True ,out of road:False   Total T: 759172 Episode Num: 2055 Episode T: 355 Reward: 398.722 Cost: 0.000 ShieldInt: 9 ShieldDist: 1.323
arrive destination: False ,out of road:True   Total T: 759629 Episode Num: 2056 Episode T: 457 Reward: 416.376 Cost: 29.000 ShieldInt: 23 ShieldDist: 21.378
---------------------------------------
Evaluation over 20 episodes: 0.900 Cost 16.150.             SafeRL used : use_qpsl
---------------------------------------
[34;1m
Time: 2026-07-02 05:09:50, Time spent from previous logger: 172.673 s[0m
[34;1mCustomLogger with fileds: ['total_steps', 'EpRet', 'EpCost', 'CostRate', 'MeanPain', 'TriggerRate', 'MeanRisk', 'MeanLongitudinalDelta', 'SteeringLimitRate'][0m
[34;1mfieldvalues: [760000, 0.9, 16.15, 0.031692146963351264, 0.0, 0.0, 0.0, 0.0, 0.0]
[0m
arrive destination: True ,out of road:False   Total T: 760458 Episode Num: 2057 Episode T: 829 Reward: 801.120 Cost: 36.000 ShieldInt: 16 ShieldDist: 13.186
arrive destination: True ,out of road:False   Total T: 760706 Episode Num: 2058 Episode T: 248 Reward: 269.766 Cost: 1.000 ShieldInt: 6 ShieldDist: 0.852
arrive destination: True ,out of road:False   Total T: 760948 Episode Num: 2059 Episode T: 242 Reward: 271.342 Cost: 7.000 ShieldInt: 11 ShieldDist: 8.471
arrive destination: False ,out of road:True   Total T: 761321 Episode Num: 2060 Episode T: 373 Reward: 296.104 Cost: 28.000 ShieldInt: 32 ShieldDist: 37.106
arrive destination: True ,out of road:False   Total T: 761559 Episode Num: 2061 Episode T: 238 Reward: 295.679 Cost: 3.000 ShieldInt: 5 ShieldDist: 0.694
arrive destination: False ,out of road:True   Total T: 761765 Episode Num: 2062 Episode T: 206 Reward: 176.943 Cost: 13.000 ShieldInt: 3 ShieldDist: 5.960
arrive destination: True ,out of road:False   Total T: 762029 Episode Num: 2063 Episode T: 264 Reward: 336.223 Cost: 6.000 ShieldInt: 1 ShieldDist: 0.242
arrive destination: True ,out of road:False   Total T: 762268 Episode Num: 2064 Episode T: 239 Reward: 295.675 Cost: 3.000 ShieldInt: 0 ShieldDist: 0.000
arrive destination: True ,out of road:False   Total T: 762475 Episode Num: 2065 Episode T: 207 Reward: 269.661 Cost: 0.000 ShieldInt: 3 ShieldDist: 2.230
arrive destination: True ,out of road:False   Total T: 762690 Episode Num: 2066 Episode T: 215 Reward: 233.205 Cost: 10.000 ShieldInt: 7 ShieldDist: 0.876
arrive destination: True ,out of road:False   Total T: 763228 Episode Num: 2067 Episode T: 538 Reward: 500.382 Cost: 24.000 ShieldInt: 29 ShieldDist: 16.108
arrive destination: True ,out of road:False   Total T: 763451 Episode Num: 2068 Episode T: 223 Reward: 316.147 Cost: 5.000 ShieldInt: 4 ShieldDist: 6.103
arrive destination: True ,out of road:False   Total T: 763670 Episode Num: 2069 Episode T: 219 Reward: 269.903 Cost: 1.000 ShieldInt: 3 ShieldDist: 0.404
arrive destination: True ,out of road:False   Total T: 764125 Episode Num: 2070 Episode T: 455 Reward: 373.509 Cost: 23.000 ShieldInt: 26 ShieldDist: 28.976
arrive destination: True ,out of road:False   Total T: 764349 Episode Num: 2071 Episode T: 224 Reward: 287.436 Cost: 0.000 ShieldInt: 5 ShieldDist: 0.719
arrive destination: True ,out of road:False   Total T: 764585 Episode Num: 2072 Episode T: 236 Reward: 271.804 Cost: 1.000 ShieldInt: 13 ShieldDist: 7.927
arrive destination: True ,out of road:False   Total T: 764829 Episode Num: 2073 Episode T: 244 Reward: 288.453 Cost: 2.000 ShieldInt: 7 ShieldDist: 1.007
arrive destination: True ,out of road:False   Total T: 765332 Episode Num: 2074 Episode T: 503 Reward: 475.591 Cost: 11.000 ShieldInt: 38 ShieldDist: 52.650
arrive destination: True ,out of road:False   Total T: 765850 Episode Num: 2075 Episode T: 518 Reward: 520.903 Cost: 27.000 ShieldInt: 31 ShieldDist: 19.242
arrive destination: False ,out of road:True   Total T: 766151 Episode Num: 2076 Episode T: 301 Reward: 276.377 Cost: 17.000 ShieldInt: 19 ShieldDist: 21.882
arrive destination: True ,out of road:False   Total T: 766389 Episode Num: 2077 Episode T: 238 Reward: 269.737 Cost: 5.000 ShieldInt: 2 ShieldDist: 0.780
arrive destination: True ,out of road:False   Total T: 766678 Episode Num: 2078 Episode T: 289 Reward: 266.554 Cost: 15.000 ShieldInt: 17 ShieldDist: 13.893
arrive destination: True ,out of road:False   Total T: 766931 Episode Num: 2079 Episode T: 253 Reward: 295.473 Cost: 8.000 ShieldInt: 0 ShieldDist: 0.000
arrive destination: True ,out of road:False   Total T: 767247 Episode Num: 2080 Episode T: 316 Reward: 265.344 Cost: 13.000 ShieldInt: 24 ShieldDist: 37.585
arrive destination: True ,out of road:False   Total T: 767676 Episode Num: 2081 Episode T: 429 Reward: 391.099 Cost: 13.000 ShieldInt: 39 ShieldDist: 46.297
arrive destination: True ,out of road:False   Total T: 767905 Episode Num: 2082 Episode T: 229 Reward: 288.802 Cost: 0.000 ShieldInt: 11 ShieldDist: 1.554
arrive destination: True ,out of road:False   Total T: 768150 Episode Num: 2083 Episode T: 245 Reward: 274.627 Cost: 0.000 ShieldInt: 9 ShieldDist: 1.291
arrive destination: False ,out of road:True   Total T: 768238 Episode Num: 2084 Episode T: 88 Reward: 71.077 Cost: 1.000 ShieldInt: 3 ShieldDist: 0.450
arrive destination: True ,out of road:False   Total T: 768551 Episode Num: 2085 Episode T: 313 Reward: 402.142 Cost: 0.000 ShieldInt: 7 ShieldDist: 0.849
arrive destination: True ,out of road:False   Total T: 768930 Episode Num: 2086 Episode T: 379 Reward: 372.668 Cost: 10.000 ShieldInt: 28 ShieldDist: 23.442
arrive destination: True ,out of road:False   Total T: 769216 Episode Num: 2087 Episode T: 286 Reward: 294.205 Cost: 11.000 ShieldInt: 7 ShieldDist: 1.024
arrive destination: False ,out of road:True   Total T: 769621 Episode Num: 2088 Episode T: 405 Reward: 356.763 Cost: 11.000 ShieldInt: 21 ShieldDist: 19.533
---------------------------------------
Evaluation over 20 episodes: 0.850 Cost 16.150.             SafeRL used : use_qpsl
---------------------------------------
[34;1m
Time: 2026-07-02 05:12:39, Time spent from previous logger: 168.470 s[0m
[34;1mCustomLogger with fileds: ['total_steps', 'EpRet', 'EpCost', 'CostRate', 'MeanPain', 'TriggerRate', 'MeanRisk', 'MeanLongitudinalDelta', 'SteeringLimitRate'][0m
[34;1mfieldvalues: [770000, 0.85, 16.15, 0.03164809304947149, 0.0, 0.0, 0.0, 0.0, 0.0]
[0m
arrive destination: False ,out of road:True   Total T: 770096 Episode Num: 2089 Episode T: 475 Reward: 439.084 Cost: 12.000 ShieldInt: 1 ShieldDist: 0.150
arrive destination: False ,out of road:True   Total T: 770235 Episode Num: 2090 Episode T: 139 Reward: 134.114 Cost: 1.000 ShieldInt: 2 ShieldDist: 0.286
arrive destination: False ,out of road:True   Total T: 770325 Episode Num: 2091 Episode T: 90 Reward: 75.572 Cost: 1.000 ShieldInt: 3 ShieldDist: 0.450
arrive destination: False ,out of road:True   Total T: 770550 Episode Num: 2092 Episode T: 225 Reward: 235.180 Cost: 11.000 ShieldInt: 3 ShieldDist: 1.836
arrive destination: True ,out of road:False   Total T: 771273 Episode Num: 2093 Episode T: 723 Reward: 425.946 Cost: 55.000 ShieldInt: 171 ShieldDist: 280.213
arrive destination: True ,out of road:False   Total T: 771776 Episode Num: 2094 Episode T: 503 Reward: 420.203 Cost: 9.000 ShieldInt: 37 ShieldDist: 42.917
arrive destination: True ,out of road:False   Total T: 772216 Episode Num: 2095 Episode T: 440 Reward: 470.990 Cost: 11.000 ShieldInt: 19 ShieldDist: 26.840
arrive destination: True ,out of road:False   Total T: 772659 Episode Num: 2096 Episode T: 443 Reward: 376.299 Cost: 25.000 ShieldInt: 16 ShieldDist: 12.484
arrive destination: True ,out of road:False   Total T: 773035 Episode Num: 2097 Episode T: 376 Reward: 380.021 Cost: 10.000 ShieldInt: 10 ShieldDist: 1.395
arrive destination: True ,out of road:False   Total T: 773304 Episode Num: 2098 Episode T: 269 Reward: 294.233 Cost: 12.000 ShieldInt: 7 ShieldDist: 4.423
arrive destination: True ,out of road:False   Total T: 773747 Episode Num: 2099 Episode T: 443 Reward: 475.503 Cost: 7.000 ShieldInt: 11 ShieldDist: 13.019
arrive destination: True ,out of road:False   Total T: 774138 Episode Num: 2100 Episode T: 391 Reward: 374.705 Cost: 17.000 ShieldInt: 20 ShieldDist: 4.342
arrive destination: True ,out of road:False   Total T: 774669 Episode Num: 2101 Episode T: 531 Reward: 424.258 Cost: 40.000 ShieldInt: 72 ShieldDist: 108.726
arrive destination: True ,out of road:False   Total T: 775206 Episode Num: 2102 Episode T: 537 Reward: 387.262 Cost: 24.000 ShieldInt: 44 ShieldDist: 58.723
arrive destination: True ,out of road:False   Total T: 775589 Episode Num: 2103 Episode T: 383 Reward: 404.044 Cost: 6.000 ShieldInt: 6 ShieldDist: 0.805
arrive destination: True ,out of road:False   Total T: 775864 Episode Num: 2104 Episode T: 275 Reward: 335.617 Cost: 5.000 ShieldInt: 3 ShieldDist: 0.424
arrive destination: True ,out of road:False   Total T: 776239 Episode Num: 2105 Episode T: 375 Reward: 294.812 Cost: 29.000 ShieldInt: 69 ShieldDist: 87.150
arrive destination: True ,out of road:False   Total T: 776658 Episode Num: 2106 Episode T: 419 Reward: 377.365 Cost: 8.000 ShieldInt: 46 ShieldDist: 52.362
arrive destination: False ,out of road:True   Total T: 776746 Episode Num: 2107 Episode T: 88 Reward: 70.456 Cost: 1.000 ShieldInt: 1 ShieldDist: 0.150
arrive destination: True ,out of road:False   Total T: 777106 Episode Num: 2108 Episode T: 360 Reward: 401.763 Cost: 0.000 ShieldInt: 6 ShieldDist: 0.878
arrive destination: True ,out of road:False   Total T: 777341 Episode Num: 2109 Episode T: 235 Reward: 268.709 Cost: 1.000 ShieldInt: 4 ShieldDist: 2.379
arrive destination: True ,out of road:False   Total T: 777928 Episode Num: 2110 Episode T: 587 Reward: 500.636 Cost: 26.000 ShieldInt: 43 ShieldDist: 47.224
arrive destination: True ,out of road:False   Total T: 778362 Episode Num: 2111 Episode T: 434 Reward: 390.284 Cost: 15.000 ShieldInt: 36 ShieldDist: 47.047
arrive destination: True ,out of road:False   Total T: 778599 Episode Num: 2112 Episode T: 237 Reward: 232.521 Cost: 11.000 ShieldInt: 8 ShieldDist: 8.338
arrive destination: False ,out of road:True   Total T: 778933 Episode Num: 2113 Episode T: 334 Reward: 240.932 Cost: 25.000 ShieldInt: 36 ShieldDist: 53.325
arrive destination: True ,out of road:False   Total T: 779269 Episode Num: 2114 Episode T: 336 Reward: 266.844 Cost: 18.000 ShieldInt: 24 ShieldDist: 22.019
arrive destination: True ,out of road:False   Total T: 779686 Episode Num: 2115 Episode T: 417 Reward: 385.013 Cost: 13.000 ShieldInt: 13 ShieldDist: 6.670
---------------------------------------
Evaluation over 20 episodes: 0.750 Cost 18.200.             SafeRL used : use_qpsl
---------------------------------------
[34;1m
Time: 2026-07-02 05:15:38, Time spent from previous logger: 179.499 s[0m
[34;1mCustomLogger with fileds: ['total_steps', 'EpRet', 'EpCost', 'CostRate', 'MeanPain', 'TriggerRate', 'MeanRisk', 'MeanLongitudinalDelta', 'SteeringLimitRate'][0m
[34;1mfieldvalues: [780000, 0.75, 18.2, 0.031735938122997596, 0.0, 0.0, 0.0, 0.0, 0.0]
[0m
arrive destination: True ,out of road:False   Total T: 780264 Episode Num: 2116 Episode T: 578 Reward: 599.322 Cost: 0.000 ShieldInt: 2 ShieldDist: 0.294
arrive destination: True ,out of road:False   Total T: 780657 Episode Num: 2117 Episode T: 393 Reward: 377.815 Cost: 6.000 ShieldInt: 36 ShieldDist: 34.089
arrive destination: False ,out of road:True   Total T: 780876 Episode Num: 2118 Episode T: 219 Reward: 67.505 Cost: 26.000 ShieldInt: 33 ShieldDist: 5.691
arrive destination: True ,out of road:False   Total T: 781450 Episode Num: 2119 Episode T: 574 Reward: 469.655 Cost: 36.000 ShieldInt: 43 ShieldDist: 44.835
arrive destination: True ,out of road:False   Total T: 781710 Episode Num: 2120 Episode T: 260 Reward: 335.624 Cost: 2.000 ShieldInt: 1 ShieldDist: 0.142
arrive destination: False ,out of road:True   Total T: 781801 Episode Num: 2121 Episode T: 91 Reward: 74.390 Cost: 1.000 ShieldInt: 2 ShieldDist: 0.300
arrive destination: True ,out of road:False   Total T: 782112 Episode Num: 2122 Episode T: 311 Reward: 401.644 Cost: 3.000 ShieldInt: 5 ShieldDist: 2.566
arrive destination: True ,out of road:False   Total T: 782348 Episode Num: 2123 Episode T: 236 Reward: 282.537 Cost: 0.000 ShieldInt: 4 ShieldDist: 0.576
arrive destination: True ,out of road:False   Total T: 782615 Episode Num: 2124 Episode T: 267 Reward: 294.030 Cost: 15.000 ShieldInt: 10 ShieldDist: 5.553
arrive destination: True ,out of road:False   Total T: 782949 Episode Num: 2125 Episode T: 334 Reward: 401.963 Cost: 2.000 ShieldInt: 9 ShieldDist: 1.320
arrive destination: True ,out of road:False   Total T: 783240 Episode Num: 2126 Episode T: 291 Reward: 267.868 Cost: 9.000 ShieldInt: 15 ShieldDist: 19.104
arrive destination: True ,out of road:False   Total T: 783659 Episode Num: 2127 Episode T: 419 Reward: 417.697 Cost: 13.000 ShieldInt: 12 ShieldDist: 11.338
arrive destination: True ,out of road:False   Total T: 783890 Episode Num: 2128 Episode T: 231 Reward: 295.902 Cost: 0.000 ShieldInt: 3 ShieldDist: 1.914
arrive destination: False ,out of road:True   Total T: 784181 Episode Num: 2129 Episode T: 291 Reward: 285.984 Cost: 15.000 ShieldInt: 12 ShieldDist: 5.438
arrive destination: True ,out of road:False   Total T: 784380 Episode Num: 2130 Episode T: 199 Reward: 269.329 Cost: 0.000 ShieldInt: 6 ShieldDist: 0.883
arrive destination: False ,out of road:True   Total T: 784761 Episode Num: 2131 Episode T: 381 Reward: 383.125 Cost: 36.000 ShieldInt: 16 ShieldDist: 15.228
arrive destination: True ,out of road:False   Total T: 785191 Episode Num: 2132 Episode T: 430 Reward: 377.550 Cost: 10.000 ShieldInt: 31 ShieldDist: 34.095
arrive destination: False ,out of road:True   Total T: 785462 Episode Num: 2133 Episode T: 271 Reward: 239.459 Cost: 23.000 ShieldInt: 3 ShieldDist: 4.027
arrive destination: True ,out of road:False   Total T: 786008 Episode Num: 2134 Episode T: 546 Reward: 501.270 Cost: 35.000 ShieldInt: 16 ShieldDist: 4.183
arrive destination: True ,out of road:False   Total T: 786258 Episode Num: 2135 Episode T: 250 Reward: 270.292 Cost: 1.000 ShieldInt: 1 ShieldDist: 0.150
arrive destination: False ,out of road:True   Total T: 786291 Episode Num: 2136 Episode T: 33 Reward: 2.494 Cost: 1.000 ShieldInt: 0 ShieldDist: 0.000
arrive destination: True ,out of road:False   Total T: 786749 Episode Num: 2137 Episode T: 458 Reward: 470.226 Cost: 11.000 ShieldInt: 32 ShieldDist: 33.115
arrive destination: True ,out of road:False   Total T: 787222 Episode Num: 2138 Episode T: 473 Reward: 467.338 Cost: 18.000 ShieldInt: 30 ShieldDist: 38.129
arrive destination: True ,out of road:False   Total T: 787447 Episode Num: 2139 Episode T: 225 Reward: 268.445 Cost: 1.000 ShieldInt: 0 ShieldDist: 0.000
arrive destination: False ,out of road:True   Total T: 787664 Episode Num: 2140 Episode T: 217 Reward: 165.089 Cost: 22.000 ShieldInt: 13 ShieldDist: 7.227
arrive destination: True ,out of road:False   Total T: 788129 Episode Num: 2141 Episode T: 465 Reward: 389.621 Cost: 16.000 ShieldInt: 45 ShieldDist: 44.138
arrive destination: True ,out of road:False   Total T: 788415 Episode Num: 2142 Episode T: 286 Reward: 294.383 Cost: 18.000 ShieldInt: 8 ShieldDist: 3.777
arrive destination: True ,out of road:False   Total T: 788909 Episode Num: 2143 Episode T: 494 Reward: 388.912 Cost: 23.000 ShieldInt: 56 ShieldDist: 71.749
arrive destination: True ,out of road:False   Total T: 789314 Episode Num: 2144 Episode T: 405 Reward: 373.523 Cost: 17.000 ShieldInt: 24 ShieldDist: 28.251
arrive destination: True ,out of road:False   Total T: 789741 Episode Num: 2145 Episode T: 427 Reward: 417.988 Cost: 9.000 ShieldInt: 23 ShieldDist: 25.014
arrive destination: True ,out of road:False   Total T: 789989 Episode Num: 2146 Episode T: 248 Reward: 270.762 Cost: 1.000 ShieldInt: 7 ShieldDist: 1.027
---------------------------------------
Evaluation over 20 episodes: 0.950 Cost 12.650.             SafeRL used : use_qpsl
---------------------------------------
[34;1m
Time: 2026-07-02 05:18:31, Time spent from previous logger: 172.685 s[0m
[34;1mCustomLogger with fileds: ['total_steps', 'EpRet', 'EpCost', 'CostRate', 'MeanPain', 'TriggerRate', 'MeanRisk', 'MeanLongitudinalDelta', 'SteeringLimitRate'][0m
[34;1mfieldvalues: [790000, 0.95, 12.65, 0.03180257190198975, 0.0, 0.0, 0.0, 0.0, 0.0]
[0m
arrive destination: True ,out of road:False   Total T: 790230 Episode Num: 2147 Episode T: 241 Reward: 285.279 Cost: 0.000 ShieldInt: 6 ShieldDist: 0.900
arrive destination: False ,out of road:True   Total T: 791024 Episode Num: 2148 Episode T: 794 Reward: 56.638 Cost: 14.000 ShieldInt: 8 ShieldDist: 1.158
arrive destination: True ,out of road:False   Total T: 791389 Episode Num: 2149 Episode T: 365 Reward: 401.427 Cost: 0.000 ShieldInt: 13 ShieldDist: 1.816
arrive destination: True ,out of road:False   Total T: 791903 Episode Num: 2150 Episode T: 514 Reward: 520.698 Cost: 16.000 ShieldInt: 28 ShieldDist: 24.956
arrive destination: True ,out of road:False   Total T: 792426 Episode Num: 2151 Episode T: 523 Reward: 383.769 Cost: 32.000 ShieldInt: 61 ShieldDist: 53.710
arrive destination: False ,out of road:True   Total T: 792722 Episode Num: 2152 Episode T: 296 Reward: 309.034 Cost: 9.000 ShieldInt: 9 ShieldDist: 3.906
arrive destination: True ,out of road:False   Total T: 792931 Episode Num: 2153 Episode T: 209 Reward: 270.085 Cost: 2.000 ShieldInt: 5 ShieldDist: 2.467
arrive destination: True ,out of road:False   Total T: 793218 Episode Num: 2154 Episode T: 287 Reward: 294.452 Cost: 5.000 ShieldInt: 22 ShieldDist: 28.403
arrive destination: True ,out of road:False   Total T: 793456 Episode Num: 2155 Episode T: 238 Reward: 282.896 Cost: 0.000 ShieldInt: 5 ShieldDist: 0.730
arrive destination: True ,out of road:False   Total T: 793670 Episode Num: 2156 Episode T: 214 Reward: 305.644 Cost: 4.000 ShieldInt: 3 ShieldDist: 3.251
arrive destination: True ,out of road:False   Total T: 793876 Episode Num: 2157 Episode T: 206 Reward: 232.754 Cost: 1.000 ShieldInt: 4 ShieldDist: 0.600
arrive destination: True ,out of road:False   Total T: 794161 Episode Num: 2158 Episode T: 285 Reward: 294.551 Cost: 11.000 ShieldInt: 3 ShieldDist: 0.450
arrive destination: True ,out of road:False   Total T: 794484 Episode Num: 2159 Episode T: 323 Reward: 294.555 Cost: 16.000 ShieldInt: 28 ShieldDist: 29.314
arrive destination: True ,out of road:False   Total T: 794819 Episode Num: 2160 Episode T: 335 Reward: 336.228 Cost: 20.000 ShieldInt: 15 ShieldDist: 19.410
arrive destination: True ,out of road:False   Total T: 795021 Episode Num: 2161 Episode T: 202 Reward: 231.252 Cost: 0.000 ShieldInt: 3 ShieldDist: 0.450
arrive destination: True ,out of road:False   Total T: 795553 Episode Num: 2162 Episode T: 532 Reward: 418.131 Cost: 19.000 ShieldInt: 40 ShieldDist: 43.006
arrive destination: False ,out of road:True   Total T: 795907 Episode Num: 2163 Episode T: 354 Reward: 345.781 Cost: 15.000 ShieldInt: 31 ShieldDist: 31.205
arrive destination: False ,out of road:True   Total T: 795969 Episode Num: 2164 Episode T: 62 Reward: 30.166 Cost: 1.000 ShieldInt: 0 ShieldDist: 0.000
arrive destination: False ,out of road:True   Total T: 796131 Episode Num: 2165 Episode T: 162 Reward: 169.233 Cost: 3.000 ShieldInt: 9 ShieldDist: 6.739
arrive destination: True ,out of road:False   Total T: 796540 Episode Num: 2166 Episode T: 409 Reward: 381.988 Cost: 35.000 ShieldInt: 52 ShieldDist: 80.002
arrive destination: False ,out of road:True   Total T: 796966 Episode Num: 2167 Episode T: 426 Reward: 365.632 Cost: 6.000 ShieldInt: 31 ShieldDist: 4.501
arrive destination: True ,out of road:False   Total T: 797185 Episode Num: 2168 Episode T: 219 Reward: 269.456 Cost: 4.000 ShieldInt: 7 ShieldDist: 1.049
arrive destination: True ,out of road:False   Total T: 797906 Episode Num: 2169 Episode T: 721 Reward: 390.602 Cost: 23.000 ShieldInt: 184 ShieldDist: 320.401
arrive destination: True ,out of road:False   Total T: 798485 Episode Num: 2170 Episode T: 579 Reward: 501.633 Cost: 19.000 ShieldInt: 43 ShieldDist: 42.780
arrive destination: False ,out of road:True   Total T: 798585 Episode Num: 2171 Episode T: 100 Reward: 77.042 Cost: 4.000 ShieldInt: 3 ShieldDist: 0.408
arrive destination: True ,out of road:False   Total T: 798985 Episode Num: 2172 Episode T: 400 Reward: 382.430 Cost: 29.000 ShieldInt: 16 ShieldDist: 5.656
arrive destination: True ,out of road:False   Total T: 799234 Episode Num: 2173 Episode T: 249 Reward: 232.876 Cost: 15.000 ShieldInt: 20 ShieldDist: 23.681
arrive destination: True ,out of road:False   Total T: 799910 Episode Num: 2174 Episode T: 676 Reward: 428.944 Cost: 33.000 ShieldInt: 53 ShieldDist: 41.607
---------------------------------------
Evaluation over 20 episodes: 0.850 Cost 12.100.             SafeRL used : use_qpsl
---------------------------------------
[34;1m
Time: 2026-07-02 05:21:29, Time spent from previous logger: 177.952 s[0m
[34;1mCustomLogger with fileds: ['total_steps', 'EpRet', 'EpCost', 'CostRate', 'MeanPain', 'TriggerRate', 'MeanRisk', 'MeanLongitudinalDelta', 'SteeringLimitRate'][0m
[34;1mfieldvalues: [800000, 0.85, 12.1, 0.031825039781299726, 0.0, 0.0, 0.0, 0.0, 0.0]
[0m
arrive destination: True ,out of road:False   Total T: 800256 Episode Num: 2175 Episode T: 346 Reward: 378.247 Cost: 4.000 ShieldInt: 8 ShieldDist: 9.835
arrive destination: True ,out of road:False   Total T: 800469 Episode Num: 2176 Episode T: 213 Reward: 269.716 Cost: 2.000 ShieldInt: 1 ShieldDist: 0.150
arrive destination: True ,out of road:False   Total T: 800909 Episode Num: 2177 Episode T: 440 Reward: 375.746 Cost: 24.000 ShieldInt: 76 ShieldDist: 113.684
arrive destination: True ,out of road:False   Total T: 801146 Episode Num: 2178 Episode T: 237 Reward: 274.395 Cost: 2.000 ShieldInt: 7 ShieldDist: 0.985
arrive destination: False ,out of road:True   Total T: 801597 Episode Num: 2179 Episode T: 451 Reward: 417.256 Cost: 23.000 ShieldInt: 32 ShieldDist: 46.624
arrive destination: True ,out of road:False   Total T: 802151 Episode Num: 2180 Episode T: 554 Reward: 498.432 Cost: 20.000 ShieldInt: 45 ShieldDist: 61.391
arrive destination: False ,out of road:True   Total T: 802319 Episode Num: 2181 Episode T: 168 Reward: 125.607 Cost: 13.000 ShieldInt: 15 ShieldDist: 16.234
arrive destination: True ,out of road:False   Total T: 802558 Episode Num: 2182 Episode T: 239 Reward: 295.593 Cost: 6.000 ShieldInt: 3 ShieldDist: 0.427
arrive destination: True ,out of road:False   Total T: 802798 Episode Num: 2183 Episode T: 240 Reward: 283.670 Cost: 1.000 ShieldInt: 4 ShieldDist: 0.583
arrive destination: True ,out of road:False   Total T: 802989 Episode Num: 2184 Episode T: 191 Reward: 252.288 Cost: 7.000 ShieldInt: 7 ShieldDist: 3.862
arrive destination: True ,out of road:False   Total T: 803427 Episode Num: 2185 Episode T: 438 Reward: 473.368 Cost: 8.000 ShieldInt: 2 ShieldDist: 0.300
arrive destination: True ,out of road:False   Total T: 803673 Episode Num: 2186 Episode T: 246 Reward: 268.850 Cost: 0.000 ShieldInt: 3 ShieldDist: 0.418
arrive destination: True ,out of road:False   Total T: 804202 Episode Num: 2187 Episode T: 529 Reward: 499.091 Cost: 30.000 ShieldInt: 32 ShieldDist: 36.995
arrive destination: True ,out of road:False   Total T: 804736 Episode Num: 2188 Episode T: 534 Reward: 403.244 Cost: 37.000 ShieldInt: 27 ShieldDist: 19.796
arrive destination: True ,out of road:False   Total T: 804998 Episode Num: 2189 Episode T: 262 Reward: 295.428 Cost: 4.000 ShieldInt: 16 ShieldDist: 23.751
arrive destination: True ,out of road:False   Total T: 805275 Episode Num: 2190 Episode T: 277 Reward: 335.678 Cost: 7.000 ShieldInt: 10 ShieldDist: 5.526
arrive destination: True ,out of road:False   Total T: 805513 Episode Num: 2191 Episode T: 238 Reward: 286.335 Cost: 0.000 ShieldInt: 8 ShieldDist: 1.149
arrive destination: False ,out of road:True   Total T: 805652 Episode Num: 2192 Episode T: 139 Reward: 136.210 Cost: 1.000 ShieldInt: 2 ShieldDist: 0.299
arrive destination: True ,out of road:False   Total T: 806105 Episode Num: 2193 Episode T: 453 Reward: 474.168 Cost: 9.000 ShieldInt: 5 ShieldDist: 0.750
arrive destination: True ,out of road:False   Total T: 806361 Episode Num: 2194 Episode T: 256 Reward: 270.303 Cost: 0.000 ShieldInt: 3 ShieldDist: 0.450
arrive destination: True ,out of road:False   Total T: 806776 Episode Num: 2195 Episode T: 415 Reward: 374.567 Cost: 14.000 ShieldInt: 30 ShieldDist: 21.489
arrive destination: True ,out of road:False   Total T: 807008 Episode Num: 2196 Episode T: 232 Reward: 286.750 Cost: 0.000 ShieldInt: 5 ShieldDist: 0.718
arrive destination: True ,out of road:False   Total T: 807456 Episode Num: 2197 Episode T: 448 Reward: 474.934 Cost: 8.000 ShieldInt: 10 ShieldDist: 1.442
arrive destination: False ,out of road:True   Total T: 807677 Episode Num: 2198 Episode T: 221 Reward: 239.989 Cost: 3.000 ShieldInt: 9 ShieldDist: 2.628
arrive destination: True ,out of road:False   Total T: 807909 Episode Num: 2199 Episode T: 232 Reward: 287.233 Cost: 0.000 ShieldInt: 9 ShieldDist: 1.268
arrive destination: False ,out of road:True   Total T: 808246 Episode Num: 2200 Episode T: 337 Reward: 352.190 Cost: 7.000 ShieldInt: 6 ShieldDist: 0.861
arrive destination: True ,out of road:False   Total T: 808473 Episode Num: 2201 Episode T: 227 Reward: 268.246 Cost: 0.000 ShieldInt: 1 ShieldDist: 0.150
arrive destination: True ,out of road:False   Total T: 808697 Episode Num: 2202 Episode T: 224 Reward: 283.998 Cost: 0.000 ShieldInt: 5 ShieldDist: 0.728
arrive destination: False ,out of road:True   Total T: 808913 Episode Num: 2203 Episode T: 216 Reward: 250.545 Cost: 4.000 ShieldInt: 6 ShieldDist: 10.208
arrive destination: True ,out of road:False   Total T: 809270 Episode Num: 2204 Episode T: 357 Reward: 395.139 Cost: 0.000 ShieldInt: 3 ShieldDist: 0.447
arrive destination: False ,out of road:True   Total T: 809500 Episode Num: 2205 Episode T: 230 Reward: 231.347 Cost: 15.000 ShieldInt: 9 ShieldDist: 4.602
arrive destination: False ,out of road:True   Total T: 809684 Episode Num: 2206 Episode T: 184 Reward: 177.182 Cost: 8.000 ShieldInt: 7 ShieldDist: 2.869
arrive destination: True ,out of road:False   Total T: 809979 Episode Num: 2207 Episode T: 295 Reward: 266.683 Cost: 2.000 ShieldInt: 6 ShieldDist: 0.853
---------------------------------------
Evaluation over 20 episodes: 0.750 Cost 13.400.             SafeRL used : use_qpsl
---------------------------------------
[34;1m
Time: 2026-07-02 05:24:32, Time spent from previous logger: 182.714 s[0m
[34;1mCustomLogger with fileds: ['total_steps', 'EpRet', 'EpCost', 'CostRate', 'MeanPain', 'TriggerRate', 'MeanRisk', 'MeanLongitudinalDelta', 'SteeringLimitRate'][0m
[34;1mfieldvalues: [810000, 0.75, 13.4, 0.03175189105171735, 0.0, 0.0, 0.0, 0.0, 0.0]
[0m
arrive destination: True ,out of road:False   Total T: 810367 Episode Num: 2208 Episode T: 388 Reward: 387.500 Cost: 14.000 ShieldInt: 20 ShieldDist: 26.523
arrive destination: True ,out of road:False   Total T: 810782 Episode Num: 2209 Episode T: 415 Reward: 384.893 Cost: 25.000 ShieldInt: 26 ShieldDist: 37.782
arrive destination: True ,out of road:False   Total T: 811090 Episode Num: 2210 Episode T: 308 Reward: 400.780 Cost: 0.000 ShieldInt: 4 ShieldDist: 0.535
arrive destination: True ,out of road:False   Total T: 811317 Episode Num: 2211 Episode T: 227 Reward: 282.334 Cost: 4.000 ShieldInt: 17 ShieldDist: 11.267
arrive destination: True ,out of road:False   Total T: 811713 Episode Num: 2212 Episode T: 396 Reward: 379.375 Cost: 7.000 ShieldInt: 15 ShieldDist: 17.375
arrive destination: True ,out of road:False   Total T: 811951 Episode Num: 2213 Episode T: 238 Reward: 283.542 Cost: 0.000 ShieldInt: 1 ShieldDist: 0.106
arrive destination: False ,out of road:True   Total T: 812045 Episode Num: 2214 Episode T: 94 Reward: 70.010 Cost: 5.000 ShieldInt: 2 ShieldDist: 2.093
arrive destination: True ,out of road:False   Total T: 812268 Episode Num: 2215 Episode T: 223 Reward: 286.648 Cost: 0.000 ShieldInt: 7 ShieldDist: 0.974
arrive destination: True ,out of road:False   Total T: 812698 Episode Num: 2216 Episode T: 430 Reward: 383.250 Cost: 20.000 ShieldInt: 21 ShieldDist: 21.180
arrive destination: True ,out of road:False   Total T: 812929 Episode Num: 2217 Episode T: 231 Reward: 334.844 Cost: 0.000 ShieldInt: 3 ShieldDist: 0.445
arrive destination: True ,out of road:False   Total T: 813552 Episode Num: 2218 Episode T: 623 Reward: 502.758 Cost: 33.000 ShieldInt: 46 ShieldDist: 49.154
arrive destination: True ,out of road:False   Total T: 813786 Episode Num: 2219 Episode T: 234 Reward: 270.559 Cost: 2.000 ShieldInt: 12 ShieldDist: 1.672
arrive destination: True ,out of road:False   Total T: 814075 Episode Num: 2220 Episode T: 289 Reward: 265.912 Cost: 7.000 ShieldInt: 22 ShieldDist: 21.884
arrive destination: False ,out of road:True   Total T: 814270 Episode Num: 2221 Episode T: 195 Reward: 207.969 Cost: 1.000 ShieldInt: 1 ShieldDist: 0.150
arrive destination: True ,out of road:False   Total T: 814515 Episode Num: 2222 Episode T: 245 Reward: 277.090 Cost: 0.000 ShieldInt: 9 ShieldDist: 1.282
arrive destination: True ,out of road:False   Total T: 814763 Episode Num: 2223 Episode T: 248 Reward: 335.874 Cost: 6.000 ShieldInt: 7 ShieldDist: 3.147
arrive destination: True ,out of road:False   Total T: 815191 Episode Num: 2224 Episode T: 428 Reward: 476.953 Cost: 2.000 ShieldInt: 4 ShieldDist: 0.569
arrive destination: True ,out of road:False   Total T: 815642 Episode Num: 2225 Episode T: 451 Reward: 418.324 Cost: 8.000 ShieldInt: 19 ShieldDist: 20.367
arrive destination: False ,out of road:True   Total T: 816045 Episode Num: 2226 Episode T: 403 Reward: 362.319 Cost: 11.000 ShieldInt: 23 ShieldDist: 23.328
arrive destination: True ,out of road:False   Total T: 816491 Episode Num: 2227 Episode T: 446 Reward: 474.706 Cost: 3.000 ShieldInt: 4 ShieldDist: 0.600
arrive destination: True ,out of road:False   Total T: 816786 Episode Num: 2228 Episode T: 295 Reward: 294.052 Cost: 15.000 ShieldInt: 10 ShieldDist: 1.443
arrive destination: True ,out of road:False   Total T: 817012 Episode Num: 2229 Episode T: 226 Reward: 283.213 Cost: 0.000 ShieldInt: 5 ShieldDist: 0.742
arrive destination: False ,out of road:True   Total T: 817065 Episode Num: 2230 Episode T: 53 Reward: 19.034 Cost: 1.000 ShieldInt: 0 ShieldDist: 0.000
arrive destination: True ,out of road:False   Total T: 817313 Episode Num: 2231 Episode T: 248 Reward: 232.358 Cost: 16.000 ShieldInt: 20 ShieldDist: 21.741
arrive destination: True ,out of road:False   Total T: 817521 Episode Num: 2232 Episode T: 208 Reward: 269.366 Cost: 1.000 ShieldInt: 2 ShieldDist: 0.300
arrive destination: True ,out of road:False   Total T: 817755 Episode Num: 2233 Episode T: 234 Reward: 283.721 Cost: 0.000 ShieldInt: 2 ShieldDist: 0.300
arrive destination: True ,out of road:False   Total T: 817994 Episode Num: 2234 Episode T: 239 Reward: 336.281 Cost: 3.000 ShieldInt: 5 ShieldDist: 3.074
arrive destination: True ,out of road:False   Total T: 818231 Episode Num: 2235 Episode T: 237 Reward: 295.207 Cost: 4.000 ShieldInt: 5 ShieldDist: 2.442
arrive destination: True ,out of road:False   Total T: 818474 Episode Num: 2236 Episode T: 243 Reward: 335.674 Cost: 0.000 ShieldInt: 3 ShieldDist: 0.404
arrive destination: True ,out of road:False   Total T: 818679 Episode Num: 2237 Episode T: 205 Reward: 232.682 Cost: 0.000 ShieldInt: 6 ShieldDist: 0.842
arrive destination: True ,out of road:False   Total T: 818923 Episode Num: 2238 Episode T: 244 Reward: 267.944 Cost: 0.000 ShieldInt: 1 ShieldDist: 0.150
arrive destination: False ,out of road:True   Total T: 819226 Episode Num: 2239 Episode T: 303 Reward: 310.450 Cost: 11.000 ShieldInt: 19 ShieldDist: 25.939
arrive destination: True ,out of road:False   Total T: 819444 Episode Num: 2240 Episode T: 218 Reward: 283.388 Cost: 0.000 ShieldInt: 1 ShieldDist: 0.150
arrive destination: False ,out of road:True   Total T: 819783 Episode Num: 2241 Episode T: 339 Reward: 349.368 Cost: 1.000 ShieldInt: 11 ShieldDist: 1.585
---------------------------------------
Evaluation over 20 episodes: 0.950 Cost 12.300.             SafeRL used : use_qpsl
---------------------------------------
[34;1m
Time: 2026-07-02 05:27:33, Time spent from previous logger: 181.087 s[0m
[34;1mCustomLogger with fileds: ['total_steps', 'EpRet', 'EpCost', 'CostRate', 'MeanPain', 'TriggerRate', 'MeanRisk', 'MeanLongitudinalDelta', 'SteeringLimitRate'][0m
[34;1mfieldvalues: [820000, 0.95, 12.3, 0.03162686783764371, 0.0, 0.0, 0.0, 0.0, 0.0]
[0m
arrive destination: True ,out of road:False   Total T: 820426 Episode Num: 2242 Episode T: 643 Reward: 474.717 Cost: 43.000 ShieldInt: 41 ShieldDist: 49.715
arrive destination: True ,out of road:False   Total T: 820950 Episode Num: 2243 Episode T: 524 Reward: 418.496 Cost: 20.000 ShieldInt: 37 ShieldDist: 33.224
arrive destination: True ,out of road:False   Total T: 821373 Episode Num: 2244 Episode T: 423 Reward: 402.077 Cost: 19.000 ShieldInt: 31 ShieldDist: 47.843
arrive destination: True ,out of road:False   Total T: 821611 Episode Num: 2245 Episode T: 238 Reward: 271.425 Cost: 0.000 ShieldInt: 12 ShieldDist: 1.710
arrive destination: True ,out of road:False   Total T: 822176 Episode Num: 2246 Episode T: 565 Reward: 501.723 Cost: 25.000 ShieldInt: 39 ShieldDist: 42.531
arrive destination: False ,out of road:True   Total T: 822441 Episode Num: 2247 Episode T: 265 Reward: 252.405 Cost: 7.000 ShieldInt: 15 ShieldDist: 18.466
arrive destination: True ,out of road:False   Total T: 822977 Episode Num: 2248 Episode T: 536 Reward: 413.372 Cost: 41.000 ShieldInt: 13 ShieldDist: 5.560
arrive destination: True ,out of road:False   Total T: 823343 Episode Num: 2249 Episode T: 366 Reward: 379.018 Cost: 5.000 ShieldInt: 14 ShieldDist: 14.429
arrive destination: True ,out of road:False   Total T: 823549 Episode Num: 2250 Episode T: 206 Reward: 269.716 Cost: 1.000 ShieldInt: 5 ShieldDist: 0.693
arrive destination: True ,out of road:False   Total T: 823813 Episode Num: 2251 Episode T: 264 Reward: 269.084 Cost: 0.000 ShieldInt: 1 ShieldDist: 0.139
arrive destination: True ,out of road:False   Total T: 824126 Episode Num: 2252 Episode T: 313 Reward: 267.606 Cost: 10.000 ShieldInt: 16 ShieldDist: 16.387
arrive destination: True ,out of road:False   Total T: 824355 Episode Num: 2253 Episode T: 229 Reward: 283.856 Cost: 0.000 ShieldInt: 6 ShieldDist: 0.823
arrive destination: False ,out of road:True   Total T: 824526 Episode Num: 2254 Episode T: 171 Reward: 141.787 Cost: 9.000 ShieldInt: 6 ShieldDist: 0.891
arrive destination: False ,out of road:True   Total T: 824839 Episode Num: 2255 Episode T: 313 Reward: 330.157 Cost: 6.000 ShieldInt: 14 ShieldDist: 17.271
arrive destination: True ,out of road:False   Total T: 825173 Episode Num: 2256 Episode T: 334 Reward: 295.715 Cost: 40.000 ShieldInt: 53 ShieldDist: 87.822
arrive destination: False ,out of road:True   Total T: 825346 Episode Num: 2257 Episode T: 173 Reward: 179.787 Cost: 1.000 ShieldInt: 4 ShieldDist: 0.600
arrive destination: True ,out of road:False   Total T: 825806 Episode Num: 2258 Episode T: 460 Reward: 381.153 Cost: 34.000 ShieldInt: 70 ShieldDist: 111.877
arrive destination: True ,out of road:False   Total T: 826265 Episode Num: 2259 Episode T: 459 Reward: 382.123 Cost: 20.000 ShieldInt: 19 ShieldDist: 22.345
arrive destination: True ,out of road:False   Total T: 826465 Episode Num: 2260 Episode T: 200 Reward: 230.362 Cost: 0.000 ShieldInt: 6 ShieldDist: 0.798
arrive destination: True ,out of road:False   Total T: 826863 Episode Num: 2261 Episode T: 398 Reward: 383.581 Cost: 21.000 ShieldInt: 17 ShieldDist: 24.505
arrive destination: False ,out of road:True   Total T: 826961 Episode Num: 2262 Episode T: 98 Reward: 71.904 Cost: 6.000 ShieldInt: 6 ShieldDist: 3.289
arrive destination: False ,out of road:True   Total T: 827067 Episode Num: 2263 Episode T: 106 Reward: 95.679 Cost: 1.000 ShieldInt: 4 ShieldDist: 0.588
arrive destination: True ,out of road:False   Total T: 827647 Episode Num: 2264 Episode T: 580 Reward: 383.523 Cost: 45.000 ShieldInt: 30 ShieldDist: 18.186
arrive destination: True ,out of road:False   Total T: 827873 Episode Num: 2265 Episode T: 226 Reward: 284.445 Cost: 0.000 ShieldInt: 5 ShieldDist: 0.729
arrive destination: True ,out of road:False   Total T: 828350 Episode Num: 2266 Episode T: 477 Reward: 420.034 Cost: 11.000 ShieldInt: 21 ShieldDist: 8.970
arrive destination: True ,out of road:False   Total T: 828613 Episode Num: 2267 Episode T: 263 Reward: 266.213 Cost: 11.000 ShieldInt: 7 ShieldDist: 8.615
arrive destination: True ,out of road:False   Total T: 829051 Episode Num: 2268 Episode T: 438 Reward: 474.775 Cost: 9.000 ShieldInt: 6 ShieldDist: 6.383
arrive destination: True ,out of road:False   Total T: 829457 Episode Num: 2269 Episode T: 406 Reward: 404.074 Cost: 18.000 ShieldInt: 16 ShieldDist: 12.636
arrive destination: True ,out of road:False   Total T: 829952 Episode Num: 2270 Episode T: 495 Reward: 391.248 Cost: 33.000 ShieldInt: 50 ShieldDist: 66.217
---------------------------------------
Evaluation over 20 episodes: 0.700 Cost 12.100.             SafeRL used : use_qpsl
---------------------------------------
[34;1m
Time: 2026-07-02 05:30:30, Time spent from previous logger: 177.157 s[0m
[34;1mCustomLogger with fileds: ['total_steps', 'EpRet', 'EpCost', 'CostRate', 'MeanPain', 'TriggerRate', 'MeanRisk', 'MeanLongitudinalDelta', 'SteeringLimitRate'][0m
[34;1mfieldvalues: [830000, 0.7, 12.1, 0.03175305030487988, 0.0, 0.0, 0.0, 0.0, 0.0]
[0m
arrive destination: True ,out of road:False   Total T: 830405 Episode Num: 2271 Episode T: 453 Reward: 398.137 Cost: 14.000 ShieldInt: 18 ShieldDist: 8.089
arrive destination: False ,out of road:True   Total T: 830545 Episode Num: 2272 Episode T: 140 Reward: 134.630 Cost: 1.000 ShieldInt: 4 ShieldDist: 0.535
arrive destination: True ,out of road:False   Total T: 830800 Episode Num: 2273 Episode T: 255 Reward: 232.878 Cost: 16.000 ShieldInt: 7 ShieldDist: 1.002
arrive destination: True ,out of road:False   Total T: 831189 Episode Num: 2274 Episode T: 389 Reward: 376.964 Cost: 9.000 ShieldInt: 29 ShieldDist: 40.061
arrive destination: True ,out of road:False   Total T: 831771 Episode Num: 2275 Episode T: 582 Reward: 478.909 Cost: 38.000 ShieldInt: 26 ShieldDist: 19.079
arrive destination: True ,out of road:False   Total T: 832062 Episode Num: 2276 Episode T: 291 Reward: 399.498 Cost: 8.000 ShieldInt: 6 ShieldDist: 2.409
arrive destination: True ,out of road:False   Total T: 832561 Episode Num: 2277 Episode T: 499 Reward: 468.125 Cost: 23.000 ShieldInt: 13 ShieldDist: 9.231
arrive destination: True ,out of road:False   Total T: 832788 Episode Num: 2278 Episode T: 227 Reward: 271.624 Cost: 0.000 ShieldInt: 13 ShieldDist: 1.918
arrive destination: True ,out of road:False   Total T: 833170 Episode Num: 2279 Episode T: 382 Reward: 380.705 Cost: 24.000 ShieldInt: 22 ShieldDist: 22.876
arrive destination: True ,out of road:False   Total T: 833546 Episode Num: 2280 Episode T: 376 Reward: 383.500 Cost: 18.000 ShieldInt: 19 ShieldDist: 24.381
arrive destination: True ,out of road:False   Total T: 833978 Episode Num: 2281 Episode T: 432 Reward: 413.309 Cost: 8.000 ShieldInt: 15 ShieldDist: 2.006
arrive destination: True ,out of road:False   Total T: 834210 Episode Num: 2282 Episode T: 232 Reward: 284.007 Cost: 0.000 ShieldInt: 3 ShieldDist: 0.425
arrive destination: True ,out of road:False   Total T: 834465 Episode Num: 2283 Episode T: 255 Reward: 269.939 Cost: 1.000 ShieldInt: 2 ShieldDist: 2.150
arrive destination: True ,out of road:False   Total T: 834907 Episode Num: 2284 Episode T: 442 Reward: 383.653 Cost: 20.000 ShieldInt: 24 ShieldDist: 9.504
arrive destination: True ,out of road:False   Total T: 835149 Episode Num: 2285 Episode T: 242 Reward: 232.888 Cost: 13.000 ShieldInt: 20 ShieldDist: 28.770
arrive destination: True ,out of road:False   Total T: 835595 Episode Num: 2286 Episode T: 446 Reward: 473.983 Cost: 6.000 ShieldInt: 11 ShieldDist: 12.305
arrive destination: True ,out of road:False   Total T: 836122 Episode Num: 2287 Episode T: 527 Reward: 499.563 Cost: 21.000 ShieldInt: 17 ShieldDist: 19.245
arrive destination: True ,out of road:False   Total T: 836318 Episode Num: 2288 Episode T: 196 Reward: 269.145 Cost: 0.000 ShieldInt: 0 ShieldDist: 0.000
arrive destination: False ,out of road:True   Total T: 836465 Episode Num: 2289 Episode T: 147 Reward: 156.027 Cost: 8.000 ShieldInt: 4 ShieldDist: 2.450
arrive destination: True ,out of road:False   Total T: 836729 Episode Num: 2290 Episode T: 264 Reward: 267.195 Cost: 10.000 ShieldInt: 9 ShieldDist: 5.737
arrive destination: True ,out of road:False   Total T: 837195 Episode Num: 2291 Episode T: 466 Reward: 422.000 Cost: 9.000 ShieldInt: 18 ShieldDist: 8.991
arrive destination: True ,out of road:False   Total T: 837446 Episode Num: 2292 Episode T: 251 Reward: 295.861 Cost: 8.000 ShieldInt: 10 ShieldDist: 1.474
arrive destination: False ,out of road:True   Total T: 837541 Episode Num: 2293 Episode T: 95 Reward: 68.641 Cost: 5.000 ShieldInt: 3 ShieldDist: 2.198
arrive destination: True ,out of road:False   Total T: 837780 Episode Num: 2294 Episode T: 239 Reward: 232.103 Cost: 7.000 ShieldInt: 5 ShieldDist: 0.750
arrive destination: True ,out of road:False   Total T: 838042 Episode Num: 2295 Episode T: 262 Reward: 272.028 Cost: 0.000 ShieldInt: 2 ShieldDist: 0.278
arrive destination: False ,out of road:True   Total T: 838354 Episode Num: 2296 Episode T: 312 Reward: 292.900 Cost: 14.000 ShieldInt: 14 ShieldDist: 13.740
arrive destination: True ,out of road:False   Total T: 838553 Episode Num: 2297 Episode T: 199 Reward: 269.065 Cost: 0.000 ShieldInt: 2 ShieldDist: 0.300
arrive destination: False ,out of road:True   Total T: 838643 Episode Num: 2298 Episode T: 90 Reward: 75.477 Cost: 1.000 ShieldInt: 4 ShieldDist: 0.554
arrive destination: True ,out of road:False   Total T: 838924 Episode Num: 2299 Episode T: 281 Reward: 294.255 Cost: 17.000 ShieldInt: 6 ShieldDist: 0.900
arrive destination: True ,out of road:False   Total T: 839240 Episode Num: 2300 Episode T: 316 Reward: 270.137 Cost: 20.000 ShieldInt: 17 ShieldDist: 2.393
arrive destination: True ,out of road:False   Total T: 839475 Episode Num: 2301 Episode T: 235 Reward: 274.237 Cost: 0.000 ShieldInt: 5 ShieldDist: 0.714
---------------------------------------
Evaluation over 20 episodes: 0.600 Cost 14.350.             SafeRL used : use_qpsl
---------------------------------------
[34;1m
Time: 2026-07-02 05:33:33, Time spent from previous logger: 183.496 s[0m
[34;1mCustomLogger with fileds: ['total_steps', 'EpRet', 'EpCost', 'CostRate', 'MeanPain', 'TriggerRate', 'MeanRisk', 'MeanLongitudinalDelta', 'SteeringLimitRate'][0m
[34;1mfieldvalues: [840000, 0.6, 14.35, 0.031794085469149365, 0.0, 0.0, 0.0, 0.0, 0.0]
[0m
arrive destination: True ,out of road:False   Total T: 840250 Episode Num: 2302 Episode T: 775 Reward: 723.752 Cost: 34.000 ShieldInt: 0 ShieldDist: 0.000
arrive destination: False ,out of road:True   Total T: 840424 Episode Num: 2303 Episode T: 174 Reward: 184.282 Cost: 1.000 ShieldInt: 2 ShieldDist: 0.300
arrive destination: False ,out of road:True   Total T: 840582 Episode Num: 2304 Episode T: 158 Reward: 170.152 Cost: 3.000 ShieldInt: 9 ShieldDist: 3.024
arrive destination: True ,out of road:False   Total T: 840991 Episode Num: 2305 Episode T: 409 Reward: 402.238 Cost: 16.000 ShieldInt: 34 ShieldDist: 42.114
arrive destination: True ,out of road:False   Total T: 841313 Episode Num: 2306 Episode T: 322 Reward: 294.074 Cost: 13.000 ShieldInt: 10 ShieldDist: 1.445
arrive destination: True ,out of road:False   Total T: 841576 Episode Num: 2307 Episode T: 263 Reward: 295.570 Cost: 1.000 ShieldInt: 10 ShieldDist: 15.805
arrive destination: True ,out of road:False   Total T: 842033 Episode Num: 2308 Episode T: 457 Reward: 423.626 Cost: 21.000 ShieldInt: 26 ShieldDist: 28.553
arrive destination: True ,out of road:False   Total T: 842283 Episode Num: 2309 Episode T: 250 Reward: 271.443 Cost: 1.000 ShieldInt: 2 ShieldDist: 1.810
arrive destination: False ,out of road:True   Total T: 842655 Episode Num: 2310 Episode T: 372 Reward: 367.712 Cost: 15.000 ShieldInt: 31 ShieldDist: 43.002
arrive destination: True ,out of road:False   Total T: 843033 Episode Num: 2311 Episode T: 378 Reward: 377.913 Cost: 7.000 ShieldInt: 22 ShieldDist: 23.002
arrive destination: True ,out of road:False   Total T: 843293 Episode Num: 2312 Episode T: 260 Reward: 336.224 Cost: 2.000 ShieldInt: 7 ShieldDist: 4.367
arrive destination: False ,out of road:True   Total T: 843457 Episode Num: 2313 Episode T: 164 Reward: 146.831 Cost: 8.000 ShieldInt: 3 ShieldDist: 2.179
arrive destination: True ,out of road:False   Total T: 844040 Episode Num: 2314 Episode T: 583 Reward: 419.518 Cost: 40.000 ShieldInt: 20 ShieldDist: 12.648
arrive destination: True ,out of road:False   Total T: 844275 Episode Num: 2315 Episode T: 235 Reward: 268.078 Cost: 0.000 ShieldInt: 2 ShieldDist: 0.270
arrive destination: True ,out of road:False   Total T: 844523 Episode Num: 2316 Episode T: 248 Reward: 296.130 Cost: 5.000 ShieldInt: 4 ShieldDist: 4.300
arrive destination: True ,out of road:False   Total T: 844838 Episode Num: 2317 Episode T: 315 Reward: 294.788 Cost: 15.000 ShieldInt: 30 ShieldDist: 23.690
arrive destination: True ,out of road:False   Total T: 845110 Episode Num: 2318 Episode T: 272 Reward: 270.088 Cost: 10.000 ShieldInt: 12 ShieldDist: 7.179
arrive destination: True ,out of road:False   Total T: 845308 Episode Num: 2319 Episode T: 198 Reward: 232.874 Cost: 0.000 ShieldInt: 5 ShieldDist: 0.701
arrive destination: True ,out of road:False   Total T: 845699 Episode Num: 2320 Episode T: 391 Reward: 425.479 Cost: 20.000 ShieldInt: 19 ShieldDist: 8.411
arrive destination: True ,out of road:False   Total T: 845989 Episode Num: 2321 Episode T: 290 Reward: 264.729 Cost: 16.000 ShieldInt: 15 ShieldDist: 19.614
arrive destination: True ,out of road:False   Total T: 846278 Episode Num: 2322 Episode T: 289 Reward: 269.559 Cost: 6.000 ShieldInt: 10 ShieldDist: 13.441
arrive destination: False ,out of road:True   Total T: 846812 Episode Num: 2323 Episode T: 534 Reward: 453.995 Cost: 33.000 ShieldInt: 31 ShieldDist: 27.428
arrive destination: True ,out of road:False   Total T: 847074 Episode Num: 2324 Episode T: 262 Reward: 336.055 Cost: 6.000 ShieldInt: 10 ShieldDist: 5.532
arrive destination: True ,out of road:False   Total T: 847301 Episode Num: 2325 Episode T: 227 Reward: 284.504 Cost: 0.000 ShieldInt: 6 ShieldDist: 0.793
arrive destination: True ,out of road:False   Total T: 847740 Episode Num: 2326 Episode T: 439 Reward: 473.823 Cost: 9.000 ShieldInt: 5 ShieldDist: 0.694
arrive destination: True ,out of road:False   Total T: 847977 Episode Num: 2327 Episode T: 237 Reward: 295.771 Cost: 4.000 ShieldInt: 3 ShieldDist: 0.409
arrive destination: False ,out of road:True   Total T: 848324 Episode Num: 2328 Episode T: 347 Reward: 331.676 Cost: 19.000 ShieldInt: 16 ShieldDist: 14.527
arrive destination: True ,out of road:False   Total T: 848698 Episode Num: 2329 Episode T: 374 Reward: 377.672 Cost: 5.000 ShieldInt: 14 ShieldDist: 9.220
arrive destination: True ,out of road:False   Total T: 849145 Episode Num: 2330 Episode T: 447 Reward: 474.454 Cost: 15.000 ShieldInt: 16 ShieldDist: 22.374
arrive destination: True ,out of road:False   Total T: 849622 Episode Num: 2331 Episode T: 477 Reward: 471.459 Cost: 17.000 ShieldInt: 17 ShieldDist: 11.650
---------------------------------------
Evaluation over 20 episodes: 0.900 Cost 14.600.             SafeRL used : use_qpsl
---------------------------------------
[34;1m
Time: 2026-07-02 05:36:35, Time spent from previous logger: 181.487 s[0m
[34;1mCustomLogger with fileds: ['total_steps', 'EpRet', 'EpCost', 'CostRate', 'MeanPain', 'TriggerRate', 'MeanRisk', 'MeanLongitudinalDelta', 'SteeringLimitRate'][0m
[34;1mfieldvalues: [850000, 0.9, 14.6, 0.0317870962201132, 0.0, 0.0, 0.0, 0.0, 0.0]
[0m
arrive destination: True ,out of road:False   Total T: 850207 Episode Num: 2332 Episode T: 585 Reward: 675.692 Cost: 3.000 ShieldInt: 2 ShieldDist: 0.300
arrive destination: True ,out of road:False   Total T: 850407 Episode Num: 2333 Episode T: 200 Reward: 232.865 Cost: 0.000 ShieldInt: 9 ShieldDist: 1.262
arrive destination: True ,out of road:False   Total T: 850677 Episode Num: 2334 Episode T: 270 Reward: 335.732 Cost: 3.000 ShieldInt: 3 ShieldDist: 0.450
arrive destination: True ,out of road:False   Total T: 851052 Episode Num: 2335 Episode T: 375 Reward: 402.683 Cost: 11.000 ShieldInt: 30 ShieldDist: 30.732
arrive destination: True ,out of road:False   Total T: 851251 Episode Num: 2336 Episode T: 199 Reward: 230.700 Cost: 0.000 ShieldInt: 2 ShieldDist: 0.300
arrive destination: True ,out of road:False   Total T: 851484 Episode Num: 2337 Episode T: 233 Reward: 268.132 Cost: 3.000 ShieldInt: 4 ShieldDist: 0.544
arrive destination: False ,out of road:True   Total T: 851932 Episode Num: 2338 Episode T: 448 Reward: 433.181 Cost: 23.000 ShieldInt: 36 ShieldDist: 42.726
arrive destination: True ,out of road:False   Total T: 852344 Episode Num: 2339 Episode T: 412 Reward: 378.718 Cost: 6.000 ShieldInt: 15 ShieldDist: 14.412
arrive destination: True ,out of road:False   Total T: 852685 Episode Num: 2340 Episode T: 341 Reward: 335.716 Cost: 18.000 ShieldInt: 4 ShieldDist: 0.591
arrive destination: True ,out of road:False   Total T: 852927 Episode Num: 2341 Episode T: 242 Reward: 271.775 Cost: 1.000 ShieldInt: 10 ShieldDist: 14.682
arrive destination: True ,out of road:False   Total T: 853129 Episode Num: 2342 Episode T: 202 Reward: 270.004 Cost: 0.000 ShieldInt: 2 ShieldDist: 0.300
arrive destination: True ,out of road:False   Total T: 853516 Episode Num: 2343 Episode T: 387 Reward: 402.346 Cost: 17.000 ShieldInt: 21 ShieldDist: 28.854
arrive destination: True ,out of road:False   Total T: 853758 Episode Num: 2344 Episode T: 242 Reward: 232.481 Cost: 5.000 ShieldInt: 12 ShieldDist: 19.499
arrive destination: True ,out of road:False   Total T: 853990 Episode Num: 2345 Episode T: 232 Reward: 268.587 Cost: 0.000 ShieldInt: 3 ShieldDist: 0.415
arrive destination: True ,out of road:False   Total T: 854228 Episode Num: 2346 Episode T: 238 Reward: 272.448 Cost: 0.000 ShieldInt: 1 ShieldDist: 0.150
arrive destination: False ,out of road:True   Total T: 854325 Episode Num: 2347 Episode T: 97 Reward: 78.893 Cost: 2.000 ShieldInt: 2 ShieldDist: 0.300
arrive destination: True ,out of road:False   Total T: 854715 Episode Num: 2348 Episode T: 390 Reward: 381.819 Cost: 14.000 ShieldInt: 23 ShieldDist: 30.080
arrive destination: True ,out of road:False   Total T: 855159 Episode Num: 2349 Episode T: 444 Reward: 476.580 Cost: 14.000 ShieldInt: 9 ShieldDist: 11.241
arrive destination: True ,out of road:False   Total T: 855409 Episode Num: 2350 Episode T: 250 Reward: 272.611 Cost: 0.000 ShieldInt: 1 ShieldDist: 0.150
arrive destination: True ,out of road:False   Total T: 855734 Episode Num: 2351 Episode T: 325 Reward: 395.381 Cost: 0.000 ShieldInt: 1 ShieldDist: 0.115
arrive destination: True ,out of road:False   Total T: 855976 Episode Num: 2352 Episode T: 242 Reward: 232.818 Cost: 14.000 ShieldInt: 13 ShieldDist: 10.605
arrive destination: False ,out of road:True   Total T: 856071 Episode Num: 2353 Episode T: 95 Reward: 72.245 Cost: 6.000 ShieldInt: 6 ShieldDist: 1.650
arrive destination: False ,out of road:True   Total T: 856166 Episode Num: 2354 Episode T: 95 Reward: 71.538 Cost: 4.000 ShieldInt: 5 ShieldDist: 2.561
arrive destination: True ,out of road:False   Total T: 856454 Episode Num: 2355 Episode T: 288 Reward: 266.244 Cost: 4.000 ShieldInt: 11 ShieldDist: 16.747
arrive destination: True ,out of road:False   Total T: 856687 Episode Num: 2356 Episode T: 233 Reward: 271.484 Cost: 2.000 ShieldInt: 6 ShieldDist: 6.288
arrive destination: True ,out of road:False   Total T: 856957 Episode Num: 2357 Episode T: 270 Reward: 335.607 Cost: 1.000 ShieldInt: 1 ShieldDist: 0.150
arrive destination: True ,out of road:False   Total T: 857375 Episode Num: 2358 Episode T: 418 Reward: 424.988 Cost: 21.000 ShieldInt: 27 ShieldDist: 19.707
arrive destination: True ,out of road:False   Total T: 857599 Episode Num: 2359 Episode T: 224 Reward: 285.548 Cost: 0.000 ShieldInt: 7 ShieldDist: 1.042
arrive destination: True ,out of road:False   Total T: 857846 Episode Num: 2360 Episode T: 247 Reward: 296.049 Cost: 10.000 ShieldInt: 3 ShieldDist: 0.431
arrive destination: True ,out of road:False   Total T: 858089 Episode Num: 2361 Episode T: 243 Reward: 272.302 Cost: 3.000 ShieldInt: 9 ShieldDist: 5.063
arrive destination: True ,out of road:False   Total T: 858468 Episode Num: 2362 Episode T: 379 Reward: 377.538 Cost: 11.000 ShieldInt: 35 ShieldDist: 32.881
arrive destination: False ,out of road:True   Total T: 858823 Episode Num: 2363 Episode T: 355 Reward: 334.626 Cost: 14.000 ShieldInt: 25 ShieldDist: 31.290
arrive destination: True ,out of road:False   Total T: 859060 Episode Num: 2364 Episode T: 237 Reward: 270.005 Cost: 1.000 ShieldInt: 3 ShieldDist: 0.426
arrive destination: True ,out of road:False   Total T: 859309 Episode Num: 2365 Episode T: 249 Reward: 231.547 Cost: 14.000 ShieldInt: 25 ShieldDist: 24.703
arrive destination: True ,out of road:False   Total T: 859674 Episode Num: 2366 Episode T: 365 Reward: 383.329 Cost: 15.000 ShieldInt: 12 ShieldDist: 20.273
arrive destination: False ,out of road:True   Total T: 859814 Episode Num: 2367 Episode T: 140 Reward: 132.986 Cost: 1.000 ShieldInt: 5 ShieldDist: 0.736
---------------------------------------
Evaluation over 20 episodes: 0.950 Cost 5.850.             SafeRL used : use_qpsl
---------------------------------------
[34;1m
Time: 2026-07-02 05:39:27, Time spent from previous logger: 172.294 s[0m
[34;1mCustomLogger with fileds: ['total_steps', 'EpRet', 'EpCost', 'CostRate', 'MeanPain', 'TriggerRate', 'MeanRisk', 'MeanLongitudinalDelta', 'SteeringLimitRate'][0m
[34;1mfieldvalues: [860000, 0.95, 5.85, 0.03169422290025919, 0.0, 0.0, 0.0, 0.0, 0.0]
[0m
arrive destination: False ,out of road:True   Total T: 860368 Episode Num: 2368 Episode T: 554 Reward: 562.178 Cost: 14.000 ShieldInt: 16 ShieldDist: 6.242
arrive destination: True ,out of road:False   Total T: 860624 Episode Num: 2369 Episode T: 256 Reward: 295.845 Cost: 5.000 ShieldInt: 6 ShieldDist: 9.214
arrive destination: True ,out of road:False   Total T: 860969 Episode Num: 2370 Episode T: 345 Reward: 395.019 Cost: 0.000 ShieldInt: 2 ShieldDist: 0.274
arrive destination: True ,out of road:False   Total T: 861300 Episode Num: 2371 Episode T: 331 Reward: 294.615 Cost: 20.000 ShieldInt: 16 ShieldDist: 10.903
arrive destination: True ,out of road:False   Total T: 861750 Episode Num: 2372 Episode T: 450 Reward: 470.783 Cost: 14.000 ShieldInt: 13 ShieldDist: 1.915
arrive destination: True ,out of road:False   Total T: 862208 Episode Num: 2373 Episode T: 458 Reward: 423.815 Cost: 28.000 ShieldInt: 35 ShieldDist: 38.982
arrive destination: True ,out of road:False   Total T: 862596 Episode Num: 2374 Episode T: 388 Reward: 383.193 Cost: 14.000 ShieldInt: 8 ShieldDist: 8.448
arrive destination: True ,out of road:False   Total T: 862851 Episode Num: 2375 Episode T: 255 Reward: 269.399 Cost: 0.000 ShieldInt: 2 ShieldDist: 0.289
arrive destination: True ,out of road:False   Total T: 863106 Episode Num: 2376 Episode T: 255 Reward: 295.297 Cost: 12.000 ShieldInt: 6 ShieldDist: 0.726
arrive destination: True ,out of road:False   Total T: 863370 Episode Num: 2377 Episode T: 264 Reward: 335.972 Cost: 2.000 ShieldInt: 5 ShieldDist: 2.484
arrive destination: True ,out of road:False   Total T: 863603 Episode Num: 2378 Episode T: 233 Reward: 289.066 Cost: 2.000 ShieldInt: 3 ShieldDist: 0.445
arrive destination: True ,out of road:False   Total T: 863861 Episode Num: 2379 Episode T: 258 Reward: 271.045 Cost: 0.000 ShieldInt: 0 ShieldDist: 0.000
arrive destination: True ,out of road:False   Total T: 864091 Episode Num: 2380 Episode T: 230 Reward: 268.491 Cost: 0.000 ShieldInt: 3 ShieldDist: 0.439
arrive destination: True ,out of road:False   Total T: 864360 Episode Num: 2381 Episode T: 269 Reward: 265.677 Cost: 8.000 ShieldInt: 6 ShieldDist: 0.865
arrive destination: True ,out of road:False   Total T: 864686 Episode Num: 2382 Episode T: 326 Reward: 294.202 Cost: 18.000 ShieldInt: 22 ShieldDist: 26.198
arrive destination: False ,out of road:True   Total T: 865068 Episode Num: 2383 Episode T: 382 Reward: 330.056 Cost: 27.000 ShieldInt: 26 ShieldDist: 25.400
arrive destination: True ,out of road:False   Total T: 865298 Episode Num: 2384 Episode T: 230 Reward: 296.089 Cost: 6.000 ShieldInt: 7 ShieldDist: 1.012
arrive destination: True ,out of road:False   Total T: 865499 Episode Num: 2385 Episode T: 201 Reward: 269.159 Cost: 1.000 ShieldInt: 2 ShieldDist: 0.300
arrive destination: True ,out of road:False   Total T: 865784 Episode Num: 2386 Episode T: 285 Reward: 268.111 Cost: 6.000 ShieldInt: 16 ShieldDist: 15.523
arrive destination: True ,out of road:False   Total T: 866052 Episode Num: 2387 Episode T: 268 Reward: 269.902 Cost: 3.000 ShieldInt: 14 ShieldDist: 4.741
arrive destination: True ,out of road:False   Total T: 866348 Episode Num: 2388 Episode T: 296 Reward: 270.271 Cost: 23.000 ShieldInt: 28 ShieldDist: 41.904
arrive destination: True ,out of road:False   Total T: 866620 Episode Num: 2389 Episode T: 272 Reward: 268.136 Cost: 13.000 ShieldInt: 14 ShieldDist: 14.218
arrive destination: False ,out of road:True   Total T: 866726 Episode Num: 2390 Episode T: 106 Reward: 96.043 Cost: 1.000 ShieldInt: 3 ShieldDist: 0.447
arrive destination: True ,out of road:False   Total T: 866992 Episode Num: 2391 Episode T: 266 Reward: 268.338 Cost: 15.000 ShieldInt: 2 ShieldDist: 1.871
arrive destination: False ,out of road:True   Total T: 867331 Episode Num: 2392 Episode T: 339 Reward: 366.202 Cost: 12.000 ShieldInt: 20 ShieldDist: 19.300
arrive destination: False ,out of road:True   Total T: 867425 Episode Num: 2393 Episode T: 94 Reward: 78.632 Cost: 1.000 ShieldInt: 2 ShieldDist: 0.263
arrive destination: True ,out of road:False   Total T: 867682 Episode Num: 2394 Episode T: 257 Reward: 232.776 Cost: 13.000 ShieldInt: 26 ShieldDist: 32.954
arrive destination: True ,out of road:False   Total T: 868116 Episode Num: 2395 Episode T: 434 Reward: 474.537 Cost: 4.000 ShieldInt: 14 ShieldDist: 1.985
arrive destination: True ,out of road:False   Total T: 868563 Episode Num: 2396 Episode T: 447 Reward: 472.660 Cost: 10.000 ShieldInt: 10 ShieldDist: 8.783
arrive destination: True ,out of road:False   Total T: 868789 Episode Num: 2397 Episode T: 226 Reward: 270.394 Cost: 2.000 ShieldInt: 8 ShieldDist: 1.109
arrive destination: True ,out of road:False   Total T: 869225 Episode Num: 2398 Episode T: 436 Reward: 382.825 Cost: 21.000 ShieldInt: 32 ShieldDist: 45.931
arrive destination: True ,out of road:False   Total T: 869531 Episode Num: 2399 Episode T: 306 Reward: 264.162 Cost: 4.000 ShieldInt: 2 ShieldDist: 0.300
arrive destination: False ,out of road:True   Total T: 869714 Episode Num: 2400 Episode T: 183 Reward: 230.621 Cost: 2.000 ShieldInt: 4 ShieldDist: 0.551
arrive destination: True ,out of road:False   Total T: 869946 Episode Num: 2401 Episode T: 232 Reward: 267.440 Cost: 9.000 ShieldInt: 2 ShieldDist: 0.278
---------------------------------------
Evaluation over 20 episodes: 0.800 Cost 8.850.             SafeRL used : use_qpsl
---------------------------------------
[34;1m
Time: 2026-07-02 05:42:17, Time spent from previous logger: 170.076 s[0m
[34;1mCustomLogger with fileds: ['total_steps', 'EpRet', 'EpCost', 'CostRate', 'MeanPain', 'TriggerRate', 'MeanRisk', 'MeanLongitudinalDelta', 'SteeringLimitRate'][0m
[34;1mfieldvalues: [870000, 0.8, 8.85, 0.031686243317521054, 0.0, 0.0, 0.0, 0.0, 0.0]
[0m
arrive destination: True ,out of road:False   Total T: 870363 Episode Num: 2402 Episode T: 417 Reward: 429.920 Cost: 0.000 ShieldInt: 5 ShieldDist: 0.743
arrive destination: True ,out of road:False   Total T: 870965 Episode Num: 2403 Episode T: 602 Reward: 426.082 Cost: 45.000 ShieldInt: 108 ShieldDist: 173.011
arrive destination: True ,out of road:False   Total T: 871324 Episode Num: 2404 Episode T: 359 Reward: 400.450 Cost: 10.000 ShieldInt: 11 ShieldDist: 12.826
arrive destination: True ,out of road:False   Total T: 871575 Episode Num: 2405 Episode T: 251 Reward: 270.483 Cost: 0.000 ShieldInt: 4 ShieldDist: 2.186
arrive destination: True ,out of road:False   Total T: 871805 Episode Num: 2406 Episode T: 230 Reward: 295.284 Cost: 4.000 ShieldInt: 5 ShieldDist: 0.646
arrive destination: False ,out of road:True   Total T: 872073 Episode Num: 2407 Episode T: 268 Reward: 210.627 Cost: 22.000 ShieldInt: 7 ShieldDist: 4.821
arrive destination: True ,out of road:False   Total T: 872315 Episode Num: 2408 Episode T: 242 Reward: 295.301 Cost: 5.000 ShieldInt: 8 ShieldDist: 10.941
arrive destination: False ,out of road:True   Total T: 872482 Episode Num: 2409 Episode T: 167 Reward: 69.182 Cost: 7.000 ShieldInt: 20 ShieldDist: 2.904
arrive destination: False ,out of road:True   Total T: 872646 Episode Num: 2410 Episode T: 164 Reward: 165.163 Cost: 10.000 ShieldInt: 8 ShieldDist: 9.511
arrive destination: True ,out of road:False   Total T: 873641 Episode Num: 2411 Episode T: 995 Reward: 335.967 Cost: 30.000 ShieldInt: 669 ShieldDist: 1113.676
arrive destination: True ,out of road:False   Total T: 873880 Episode Num: 2412 Episode T: 239 Reward: 269.703 Cost: 6.000 ShieldInt: 4 ShieldDist: 0.512
arrive destination: True ,out of road:False   Total T: 874362 Episode Num: 2413 Episode T: 482 Reward: 469.673 Cost: 15.000 ShieldInt: 48 ShieldDist: 77.929
arrive destination: True ,out of road:False   Total T: 874655 Episode Num: 2414 Episode T: 293 Reward: 270.254 Cost: 7.000 ShieldInt: 9 ShieldDist: 13.674
arrive destination: True ,out of road:False   Total T: 874882 Episode Num: 2415 Episode T: 227 Reward: 268.757 Cost: 2.000 ShieldInt: 4 ShieldDist: 0.555
arrive destination: True ,out of road:False   Total T: 875113 Episode Num: 2416 Episode T: 231 Reward: 279.163 Cost: 2.000 ShieldInt: 7 ShieldDist: 1.034
arrive destination: True ,out of road:False   Total T: 875379 Episode Num: 2417 Episode T: 266 Reward: 267.794 Cost: 8.000 ShieldInt: 4 ShieldDist: 0.513
arrive destination: True ,out of road:False   Total T: 875817 Episode Num: 2418 Episode T: 438 Reward: 382.552 Cost: 20.000 ShieldInt: 16 ShieldDist: 8.820
arrive destination: True ,out of road:False   Total T: 876088 Episode Num: 2419 Episode T: 271 Reward: 265.286 Cost: 15.000 ShieldInt: 17 ShieldDist: 17.034
arrive destination: True ,out of road:False   Total T: 876327 Episode Num: 2420 Episode T: 239 Reward: 270.104 Cost: 0.000 ShieldInt: 3 ShieldDist: 0.421
arrive destination: True ,out of road:False   Total T: 876726 Episode Num: 2421 Episode T: 399 Reward: 382.337 Cost: 15.000 ShieldInt: 25 ShieldDist: 31.144
arrive destination: True ,out of road:False   Total T: 877174 Episode Num: 2422 Episode T: 448 Reward: 412.355 Cost: 9.000 ShieldInt: 30 ShieldDist: 23.004
arrive destination: True ,out of road:False   Total T: 877438 Episode Num: 2423 Episode T: 264 Reward: 267.650 Cost: 16.000 ShieldInt: 6 ShieldDist: 5.783
arrive destination: True ,out of road:False   Total T: 878007 Episode Num: 2424 Episode T: 569 Reward: 500.217 Cost: 37.000 ShieldInt: 23 ShieldDist: 21.735
arrive destination: True ,out of road:False   Total T: 878482 Episode Num: 2425 Episode T: 475 Reward: 467.545 Cost: 15.000 ShieldInt: 27 ShieldDist: 38.273
arrive destination: True ,out of road:False   Total T: 878724 Episode Num: 2426 Episode T: 242 Reward: 284.547 Cost: 1.000 ShieldInt: 7 ShieldDist: 1.014
arrive destination: False ,out of road:True   Total T: 878897 Episode Num: 2427 Episode T: 173 Reward: 198.044 Cost: 8.000 ShieldInt: 9 ShieldDist: 3.116
arrive destination: False ,out of road:True   Total T: 879213 Episode Num: 2428 Episode T: 316 Reward: 300.695 Cost: 15.000 ShieldInt: 28 ShieldDist: 29.735
arrive destination: True ,out of road:False   Total T: 879440 Episode Num: 2429 Episode T: 227 Reward: 285.098 Cost: 0.000 ShieldInt: 1 ShieldDist: 0.146
arrive destination: True ,out of road:False   Total T: 879728 Episode Num: 2430 Episode T: 288 Reward: 268.882 Cost: 7.000 ShieldInt: 12 ShieldDist: 10.322
---------------------------------------
Evaluation over 20 episodes: 1.000 Cost 18.350.             SafeRL used : use_qpsl
---------------------------------------
[34;1m
Time: 2026-07-02 05:45:21, Time spent from previous logger: 183.946 s[0m
[34;1mCustomLogger with fileds: ['total_steps', 'EpRet', 'EpCost', 'CostRate', 'MeanPain', 'TriggerRate', 'MeanRisk', 'MeanLongitudinalDelta', 'SteeringLimitRate'][0m
[34;1mfieldvalues: [880000, 1.0, 18.35, 0.03170230875262358, 0.0, 0.0, 0.0, 0.0, 0.0]
[0m
arrive destination: True ,out of road:False   Total T: 880453 Episode Num: 2431 Episode T: 725 Reward: 767.656 Cost: 10.000 ShieldInt: 17 ShieldDist: 10.485
arrive destination: True ,out of road:False   Total T: 880706 Episode Num: 2432 Episode T: 253 Reward: 296.042 Cost: 8.000 ShieldInt: 10 ShieldDist: 1.432
arrive destination: True ,out of road:False   Total T: 880901 Episode Num: 2433 Episode T: 195 Reward: 269.393 Cost: 1.000 ShieldInt: 3 ShieldDist: 0.406
arrive destination: True ,out of road:False   Total T: 881336 Episode Num: 2434 Episode T: 435 Reward: 424.090 Cost: 23.000 ShieldInt: 24 ShieldDist: 8.657
arrive destination: True ,out of road:False   Total T: 881544 Episode Num: 2435 Episode T: 208 Reward: 232.907 Cost: 5.000 ShieldInt: 6 ShieldDist: 0.784
arrive destination: False ,out of road:True   Total T: 881924 Episode Num: 2436 Episode T: 380 Reward: 324.198 Cost: 24.000 ShieldInt: 37 ShieldDist: 37.039
arrive destination: False ,out of road:True   Total T: 882367 Episode Num: 2437 Episode T: 443 Reward: 425.254 Cost: 35.000 ShieldInt: 16 ShieldDist: 9.243
arrive destination: True ,out of road:False   Total T: 882712 Episode Num: 2438 Episode T: 345 Reward: 335.897 Cost: 11.000 ShieldInt: 10 ShieldDist: 10.108
arrive destination: True ,out of road:False   Total T: 883080 Episode Num: 2439 Episode T: 368 Reward: 400.232 Cost: 0.000 ShieldInt: 12 ShieldDist: 1.800
arrive destination: False ,out of road:True   Total T: 883293 Episode Num: 2440 Episode T: 213 Reward: 227.293 Cost: 7.000 ShieldInt: 6 ShieldDist: 5.923
arrive destination: False ,out of road:True   Total T: 883527 Episode Num: 2441 Episode T: 234 Reward: 229.221 Cost: 19.000 ShieldInt: 4 ShieldDist: 2.233
arrive destination: True ,out of road:False   Total T: 883788 Episode Num: 2442 Episode T: 261 Reward: 273.499 Cost: 1.000 ShieldInt: 3 ShieldDist: 0.357
arrive destination: True ,out of road:False   Total T: 884061 Episode Num: 2443 Episode T: 273 Reward: 268.840 Cost: 7.000 ShieldInt: 16 ShieldDist: 25.157
arrive destination: True ,out of road:False   Total T: 884297 Episode Num: 2444 Episode T: 236 Reward: 283.016 Cost: 0.000 ShieldInt: 4 ShieldDist: 0.600
arrive destination: True ,out of road:False   Total T: 884506 Episode Num: 2445 Episode T: 209 Reward: 269.799 Cost: 1.000 ShieldInt: 6 ShieldDist: 0.844
arrive destination: True ,out of road:False   Total T: 884878 Episode Num: 2446 Episode T: 372 Reward: 384.065 Cost: 16.000 ShieldInt: 6 ShieldDist: 6.186
arrive destination: True ,out of road:False   Total T: 885336 Episode Num: 2447 Episode T: 458 Reward: 412.237 Cost: 15.000 ShieldInt: 16 ShieldDist: 12.439
arrive destination: True ,out of road:False   Total T: 885776 Episode Num: 2448 Episode T: 440 Reward: 472.297 Cost: 11.000 ShieldInt: 5 ShieldDist: 2.554
arrive destination: True ,out of road:False   Total T: 886261 Episode Num: 2449 Episode T: 485 Reward: 472.611 Cost: 12.000 ShieldInt: 18 ShieldDist: 16.790
arrive destination: False ,out of road:True   Total T: 886558 Episode Num: 2450 Episode T: 297 Reward: 307.559 Cost: 9.000 ShieldInt: 7 ShieldDist: 7.737
arrive destination: False ,out of road:True   Total T: 886852 Episode Num: 2451 Episode T: 294 Reward: 241.848 Cost: 15.000 ShieldInt: 20 ShieldDist: 32.490
arrive destination: True ,out of road:False   Total T: 887286 Episode Num: 2452 Episode T: 434 Reward: 413.727 Cost: 8.000 ShieldInt: 18 ShieldDist: 8.584
arrive destination: True ,out of road:False   Total T: 887519 Episode Num: 2453 Episode T: 233 Reward: 269.831 Cost: 0.000 ShieldInt: 5 ShieldDist: 0.737
arrive destination: True ,out of road:False   Total T: 887938 Episode Num: 2454 Episode T: 419 Reward: 384.484 Cost: 13.000 ShieldInt: 14 ShieldDist: 1.990
arrive destination: True ,out of road:False   Total T: 888421 Episode Num: 2455 Episode T: 483 Reward: 465.718 Cost: 11.000 ShieldInt: 24 ShieldDist: 39.788
arrive destination: True ,out of road:False   Total T: 888629 Episode Num: 2456 Episode T: 208 Reward: 269.162 Cost: 0.000 ShieldInt: 1 ShieldDist: 0.111
arrive destination: True ,out of road:False   Total T: 889013 Episode Num: 2457 Episode T: 384 Reward: 374.502 Cost: 7.000 ShieldInt: 26 ShieldDist: 37.903
arrive destination: False ,out of road:True   Total T: 889167 Episode Num: 2458 Episode T: 154 Reward: 176.127 Cost: 3.000 ShieldInt: 1 ShieldDist: 0.130
arrive destination: True ,out of road:False   Total T: 889676 Episode Num: 2459 Episode T: 509 Reward: 413.217 Cost: 43.000 ShieldInt: 76 ShieldDist: 90.681
---------------------------------------
Evaluation over 20 episodes: 0.750 Cost 11.750.             SafeRL used : use_qpsl
---------------------------------------
[34;1m
Time: 2026-07-02 05:48:26, Time spent from previous logger: 184.710 s[0m
[34;1mCustomLogger with fileds: ['total_steps', 'EpRet', 'EpCost', 'CostRate', 'MeanPain', 'TriggerRate', 'MeanRisk', 'MeanLongitudinalDelta', 'SteeringLimitRate'][0m
[34;1mfieldvalues: [890000, 0.75, 11.75, 0.03172250755337928, 0.0, 0.0, 0.0, 0.0, 0.0]
[0m
arrive destination: True ,out of road:False   Total T: 890253 Episode Num: 2460 Episode T: 577 Reward: 668.095 Cost: 21.000 ShieldInt: 4 ShieldDist: 0.498
arrive destination: True ,out of road:False   Total T: 890638 Episode Num: 2461 Episode T: 385 Reward: 382.394 Cost: 13.000 ShieldInt: 16 ShieldDist: 22.597
arrive destination: True ,out of road:False   Total T: 891004 Episode Num: 2462 Episode T: 366 Reward: 399.753 Cost: 0.000 ShieldInt: 9 ShieldDist: 1.240
arrive destination: True ,out of road:False   Total T: 891576 Episode Num: 2463 Episode T: 572 Reward: 403.962 Cost: 38.000 ShieldInt: 82 ShieldDist: 74.633
arrive destination: True ,out of road:False   Total T: 892007 Episode Num: 2464 Episode T: 431 Reward: 484.419 Cost: 8.000 ShieldInt: 4 ShieldDist: 0.534
arrive destination: False ,out of road:True   Total T: 892144 Episode Num: 2465 Episode T: 137 Reward: 146.954 Cost: 1.000 ShieldInt: 6 ShieldDist: 0.842
arrive destination: False ,out of road:True   Total T: 892321 Episode Num: 2466 Episode T: 177 Reward: 184.374 Cost: 1.000 ShieldInt: 5 ShieldDist: 0.683
arrive destination: True ,out of road:False   Total T: 892555 Episode Num: 2467 Episode T: 234 Reward: 283.003 Cost: 0.000 ShieldInt: 6 ShieldDist: 0.876
arrive destination: True ,out of road:False   Total T: 892991 Episode Num: 2468 Episode T: 436 Reward: 424.843 Cost: 15.000 ShieldInt: 23 ShieldDist: 18.812
arrive destination: False ,out of road:True   Total T: 893195 Episode Num: 2469 Episode T: 204 Reward: 228.303 Cost: 1.000 ShieldInt: 9 ShieldDist: 1.269
arrive destination: True ,out of road:False   Total T: 893461 Episode Num: 2470 Episode T: 266 Reward: 295.748 Cost: 8.000 ShieldInt: 9 ShieldDist: 6.553
arrive destination: True ,out of road:False   Total T: 893786 Episode Num: 2471 Episode T: 325 Reward: 395.481 Cost: 0.000 ShieldInt: 3 ShieldDist: 0.439
arrive destination: True ,out of road:False   Total T: 894215 Episode Num: 2472 Episode T: 429 Reward: 474.281 Cost: 4.000 ShieldInt: 19 ShieldDist: 17.388
arrive destination: True ,out of road:False   Total T: 894648 Episode Num: 2473 Episode T: 433 Reward: 482.395 Cost: 13.000 ShieldInt: 8 ShieldDist: 4.691
arrive destination: True ,out of road:False   Total T: 894870 Episode Num: 2474 Episode T: 222 Reward: 267.965 Cost: 1.000 ShieldInt: 4 ShieldDist: 0.556
arrive destination: True ,out of road:False   Total T: 895107 Episode Num: 2475 Episode T: 237 Reward: 272.412 Cost: 0.000 ShieldInt: 5 ShieldDist: 0.696
arrive destination: True ,out of road:False   Total T: 895463 Episode Num: 2476 Episode T: 356 Reward: 384.536 Cost: 11.000 ShieldInt: 18 ShieldDist: 23.539
arrive destination: True ,out of road:False   Total T: 895775 Episode Num: 2477 Episode T: 312 Reward: 400.995 Cost: 4.000 ShieldInt: 7 ShieldDist: 2.900
arrive destination: True ,out of road:False   Total T: 895990 Episode Num: 2478 Episode T: 215 Reward: 269.995 Cost: 0.000 ShieldInt: 2 ShieldDist: 0.300
arrive destination: False ,out of road:True   Total T: 896223 Episode Num: 2479 Episode T: 233 Reward: 225.051 Cost: 5.000 ShieldInt: 1 ShieldDist: 0.135
arrive destination: True ,out of road:False   Total T: 896634 Episode Num: 2480 Episode T: 411 Reward: 390.557 Cost: 24.000 ShieldInt: 33 ShieldDist: 21.982
arrive destination: True ,out of road:False   Total T: 896991 Episode Num: 2481 Episode T: 357 Reward: 377.122 Cost: 12.000 ShieldInt: 22 ShieldDist: 12.256
arrive destination: True ,out of road:False   Total T: 897342 Episode Num: 2482 Episode T: 351 Reward: 382.917 Cost: 13.000 ShieldInt: 6 ShieldDist: 0.893
arrive destination: False ,out of road:True   Total T: 897506 Episode Num: 2483 Episode T: 164 Reward: 162.986 Cost: 7.000 ShieldInt: 6 ShieldDist: 0.854
arrive destination: True ,out of road:False   Total T: 897729 Episode Num: 2484 Episode T: 223 Reward: 325.304 Cost: 9.000 ShieldInt: 11 ShieldDist: 10.886
arrive destination: True ,out of road:False   Total T: 898091 Episode Num: 2485 Episode T: 362 Reward: 400.253 Cost: 0.000 ShieldInt: 11 ShieldDist: 1.514
arrive destination: True ,out of road:False   Total T: 898398 Episode Num: 2486 Episode T: 307 Reward: 294.059 Cost: 10.000 ShieldInt: 8 ShieldDist: 1.059
arrive destination: True ,out of road:False   Total T: 898596 Episode Num: 2487 Episode T: 198 Reward: 270.011 Cost: 1.000 ShieldInt: 2 ShieldDist: 0.300
arrive destination: True ,out of road:False   Total T: 898797 Episode Num: 2488 Episode T: 201 Reward: 230.903 Cost: 3.000 ShieldInt: 3 ShieldDist: 2.159
arrive destination: True ,out of road:False   Total T: 899055 Episode Num: 2489 Episode T: 258 Reward: 271.086 Cost: 0.000 ShieldInt: 2 ShieldDist: 0.300
arrive destination: True ,out of road:False   Total T: 899518 Episode Num: 2490 Episode T: 463 Reward: 411.021 Cost: 13.000 ShieldInt: 43 ShieldDist: 45.524
arrive destination: True ,out of road:False   Total T: 899850 Episode Num: 2491 Episode T: 332 Reward: 398.837 Cost: 8.000 ShieldInt: 7 ShieldDist: 1.004
---------------------------------------
Evaluation over 20 episodes: 0.850 Cost 12.150.             SafeRL used : use_qpsl
---------------------------------------
[34;1m
Time: 2026-07-02 05:51:26, Time spent from previous logger: 180.537 s[0m
[34;1mCustomLogger with fileds: ['total_steps', 'EpRet', 'EpCost', 'CostRate', 'MeanPain', 'TriggerRate', 'MeanRisk', 'MeanLongitudinalDelta', 'SteeringLimitRate'][0m
[34;1mfieldvalues: [900000, 0.85, 12.15, 0.03162670180744645, 0.0, 0.0, 0.0, 0.0, 0.0]
[0m
arrive destination: True ,out of road:False   Total T: 900185 Episode Num: 2492 Episode T: 335 Reward: 351.251 Cost: 7.000 ShieldInt: 4 ShieldDist: 0.547
arrive destination: True ,out of road:False   Total T: 900442 Episode Num: 2493 Episode T: 257 Reward: 296.164 Cost: 8.000 ShieldInt: 5 ShieldDist: 0.682
arrive destination: True ,out of road:False   Total T: 900849 Episode Num: 2494 Episode T: 407 Reward: 385.093 Cost: 23.000 ShieldInt: 20 ShieldDist: 17.336
arrive destination: True ,out of road:False   Total T: 901190 Episode Num: 2495 Episode T: 341 Reward: 385.094 Cost: 2.000 ShieldInt: 14 ShieldDist: 3.866
arrive destination: True ,out of road:False   Total T: 901437 Episode Num: 2496 Episode T: 247 Reward: 269.894 Cost: 0.000 ShieldInt: 8 ShieldDist: 1.120
arrive destination: True ,out of road:False   Total T: 901690 Episode Num: 2497 Episode T: 253 Reward: 271.378 Cost: 1.000 ShieldInt: 2 ShieldDist: 0.270
arrive destination: True ,out of road:False   Total T: 902046 Episode Num: 2498 Episode T: 356 Reward: 394.876 Cost: 0.000 ShieldInt: 9 ShieldDist: 1.311
arrive destination: True ,out of road:False   Total T: 902403 Episode Num: 2499 Episode T: 357 Reward: 400.293 Cost: 14.000 ShieldInt: 22 ShieldDist: 23.495
arrive destination: True ,out of road:False   Total T: 902738 Episode Num: 2500 Episode T: 335 Reward: 383.729 Cost: 10.000 ShieldInt: 13 ShieldDist: 9.062
arrive destination: True ,out of road:False   Total T: 903275 Episode Num: 2501 Episode T: 537 Reward: 500.553 Cost: 35.000 ShieldInt: 34 ShieldDist: 46.900
arrive destination: False ,out of road:True   Total T: 903359 Episode Num: 2502 Episode T: 84 Reward: 65.656 Cost: 1.000 ShieldInt: 1 ShieldDist: 0.150
arrive destination: True ,out of road:False   Total T: 903556 Episode Num: 2503 Episode T: 197 Reward: 270.147 Cost: 2.000 ShieldInt: 4 ShieldDist: 0.600
arrive destination: True ,out of road:False   Total T: 904014 Episode Num: 2504 Episode T: 458 Reward: 500.547 Cost: 13.000 ShieldInt: 30 ShieldDist: 17.584
arrive destination: False ,out of road:True   Total T: 904283 Episode Num: 2505 Episode T: 269 Reward: 230.194 Cost: 36.000 ShieldInt: 26 ShieldDist: 23.695
arrive destination: False ,out of road:True   Total T: 904350 Episode Num: 2506 Episode T: 67 Reward: 34.492 Cost: 1.000 ShieldInt: 0 ShieldDist: 0.000
arrive destination: True ,out of road:False   Total T: 904726 Episode Num: 2507 Episode T: 376 Reward: 376.790 Cost: 8.000 ShieldInt: 19 ShieldDist: 15.201
arrive destination: True ,out of road:False   Total T: 904958 Episode Num: 2508 Episode T: 232 Reward: 282.716 Cost: 0.000 ShieldInt: 0 ShieldDist: 0.000
arrive destination: True ,out of road:False   Total T: 905195 Episode Num: 2509 Episode T: 237 Reward: 271.441 Cost: 0.000 ShieldInt: 7 ShieldDist: 1.028
arrive destination: True ,out of road:False   Total T: 905434 Episode Num: 2510 Episode T: 239 Reward: 270.198 Cost: 0.000 ShieldInt: 2 ShieldDist: 0.297
arrive destination: False ,out of road:True   Total T: 905614 Episode Num: 2511 Episode T: 180 Reward: 185.282 Cost: 1.000 ShieldInt: 4 ShieldDist: 0.553
arrive destination: True ,out of road:False   Total T: 905836 Episode Num: 2512 Episode T: 222 Reward: 295.714 Cost: 4.000 ShieldInt: 3 ShieldDist: 0.447
arrive destination: True ,out of road:False   Total T: 906148 Episode Num: 2513 Episode T: 312 Reward: 401.201 Cost: 2.000 ShieldInt: 2 ShieldDist: 0.300
arrive destination: True ,out of road:False   Total T: 906388 Episode Num: 2514 Episode T: 240 Reward: 272.159 Cost: 0.000 ShieldInt: 5 ShieldDist: 0.750
arrive destination: True ,out of road:False   Total T: 906751 Episode Num: 2515 Episode T: 363 Reward: 397.253 Cost: 0.000 ShieldInt: 9 ShieldDist: 1.200
arrive destination: True ,out of road:False   Total T: 906995 Episode Num: 2516 Episode T: 244 Reward: 271.335 Cost: 0.000 ShieldInt: 1 ShieldDist: 0.115
arrive destination: True ,out of road:False   Total T: 907437 Episode Num: 2517 Episode T: 442 Reward: 471.750 Cost: 17.000 ShieldInt: 12 ShieldDist: 5.381
arrive destination: True ,out of road:False   Total T: 907804 Episode Num: 2518 Episode T: 367 Reward: 399.742 Cost: 0.000 ShieldInt: 10 ShieldDist: 1.343
arrive destination: False ,out of road:True   Total T: 908236 Episode Num: 2519 Episode T: 432 Reward: 314.283 Cost: 23.000 ShieldInt: 13 ShieldDist: 1.845
arrive destination: True ,out of road:False   Total T: 908433 Episode Num: 2520 Episode T: 197 Reward: 232.675 Cost: 0.000 ShieldInt: 10 ShieldDist: 1.458
arrive destination: True ,out of road:False   Total T: 908874 Episode Num: 2521 Episode T: 441 Reward: 470.894 Cost: 9.000 ShieldInt: 13 ShieldDist: 1.776
arrive destination: True ,out of road:False   Total T: 909238 Episode Num: 2522 Episode T: 364 Reward: 381.405 Cost: 20.000 ShieldInt: 14 ShieldDist: 10.088
arrive destination: True ,out of road:False   Total T: 909500 Episode Num: 2523 Episode T: 262 Reward: 295.366 Cost: 11.000 ShieldInt: 24 ShieldDist: 27.957
arrive destination: False ,out of road:True   Total T: 909854 Episode Num: 2524 Episode T: 354 Reward: 287.431 Cost: 22.000 ShieldInt: 25 ShieldDist: 14.154
---------------------------------------
Evaluation over 20 episodes: 0.850 Cost 8.950.             SafeRL used : use_qpsl
---------------------------------------
[34;1m
Time: 2026-07-02 05:54:26, Time spent from previous logger: 179.962 s[0m
[34;1mCustomLogger with fileds: ['total_steps', 'EpRet', 'EpCost', 'CostRate', 'MeanPain', 'TriggerRate', 'MeanRisk', 'MeanLongitudinalDelta', 'SteeringLimitRate'][0m
[34;1mfieldvalues: [910000, 0.85, 8.95, 0.03156816655842479, 0.0, 0.0, 0.0, 0.0, 0.0]
[0m
arrive destination: False ,out of road:True   Total T: 910129 Episode Num: 2525 Episode T: 275 Reward: 315.482 Cost: 1.000 ShieldInt: 3 ShieldDist: 0.403
arrive destination: True ,out of road:False   Total T: 910360 Episode Num: 2526 Episode T: 231 Reward: 295.901 Cost: 7.000 ShieldInt: 6 ShieldDist: 0.857
arrive destination: True ,out of road:False   Total T: 910722 Episode Num: 2527 Episode T: 362 Reward: 397.397 Cost: 0.000 ShieldInt: 5 ShieldDist: 0.650
arrive destination: False ,out of road:True   Total T: 910956 Episode Num: 2528 Episode T: 234 Reward: 310.423 Cost: 2.000 ShieldInt: 6 ShieldDist: 4.408
arrive destination: False ,out of road:True   Total T: 911117 Episode Num: 2529 Episode T: 161 Reward: 172.400 Cost: 8.000 ShieldInt: 16 ShieldDist: 10.216
arrive destination: False ,out of road:True   Total T: 911268 Episode Num: 2530 Episode T: 151 Reward: 137.690 Cost: 4.000 ShieldInt: 4 ShieldDist: 0.514
arrive destination: True ,out of road:False   Total T: 911762 Episode Num: 2531 Episode T: 494 Reward: 469.688 Cost: 16.000 ShieldInt: 33 ShieldDist: 35.545
arrive destination: False ,out of road:True   Total T: 912122 Episode Num: 2532 Episode T: 360 Reward: 334.287 Cost: 21.000 ShieldInt: 20 ShieldDist: 8.616
arrive destination: False ,out of road:True   Total T: 912225 Episode Num: 2533 Episode T: 103 Reward: 96.335 Cost: 1.000 ShieldInt: 0 ShieldDist: 0.000
arrive destination: True ,out of road:False   Total T: 912406 Episode Num: 2534 Episode T: 181 Reward: 232.674 Cost: 1.000 ShieldInt: 4 ShieldDist: 0.553
arrive destination: True ,out of road:False   Total T: 912897 Episode Num: 2535 Episode T: 491 Reward: 500.696 Cost: 10.000 ShieldInt: 26 ShieldDist: 26.532
arrive destination: True ,out of road:False   Total T: 913287 Episode Num: 2536 Episode T: 390 Reward: 387.020 Cost: 10.000 ShieldInt: 20 ShieldDist: 28.386
arrive destination: True ,out of road:False   Total T: 913573 Episode Num: 2537 Episode T: 286 Reward: 294.624 Cost: 10.000 ShieldInt: 7 ShieldDist: 1.442
arrive destination: True ,out of road:False   Total T: 914008 Episode Num: 2538 Episode T: 435 Reward: 418.653 Cost: 15.000 ShieldInt: 30 ShieldDist: 20.543
arrive destination: True ,out of road:False   Total T: 914254 Episode Num: 2539 Episode T: 246 Reward: 296.052 Cost: 2.000 ShieldInt: 2 ShieldDist: 0.300
arrive destination: True ,out of road:False   Total T: 914483 Episode Num: 2540 Episode T: 229 Reward: 279.707 Cost: 4.000 ShieldInt: 4 ShieldDist: 2.233
arrive destination: True ,out of road:False   Total T: 914714 Episode Num: 2541 Episode T: 231 Reward: 269.323 Cost: 0.000 ShieldInt: 3 ShieldDist: 0.430
arrive destination: True ,out of road:False   Total T: 914908 Episode Num: 2542 Episode T: 194 Reward: 269.669 Cost: 0.000 ShieldInt: 3 ShieldDist: 0.450
arrive destination: False ,out of road:True   Total T: 915014 Episode Num: 2543 Episode T: 106 Reward: 99.181 Cost: 1.000 ShieldInt: 0 ShieldDist: 0.000
arrive destination: True ,out of road:False   Total T: 915499 Episode Num: 2544 Episode T: 485 Reward: 471.629 Cost: 10.000 ShieldInt: 39 ShieldDist: 48.492
arrive destination: True ,out of road:False   Total T: 915728 Episode Num: 2545 Episode T: 229 Reward: 273.507 Cost: 0.000 ShieldInt: 1 ShieldDist: 0.150
arrive destination: True ,out of road:False   Total T: 915930 Episode Num: 2546 Episode T: 202 Reward: 230.988 Cost: 3.000 ShieldInt: 10 ShieldDist: 1.477
arrive destination: True ,out of road:False   Total T: 916173 Episode Num: 2547 Episode T: 243 Reward: 270.063 Cost: 0.000 ShieldInt: 3 ShieldDist: 0.364
arrive destination: True ,out of road:False   Total T: 916584 Episode Num: 2548 Episode T: 411 Reward: 424.910 Cost: 13.000 ShieldInt: 18 ShieldDist: 2.633
arrive destination: True ,out of road:False   Total T: 917047 Episode Num: 2549 Episode T: 463 Reward: 471.969 Cost: 28.000 ShieldInt: 13 ShieldDist: 16.473
arrive destination: True ,out of road:False   Total T: 917522 Episode Num: 2550 Episode T: 475 Reward: 410.412 Cost: 25.000 ShieldInt: 12 ShieldDist: 1.737
arrive destination: True ,out of road:False   Total T: 917782 Episode Num: 2551 Episode T: 260 Reward: 294.115 Cost: 7.000 ShieldInt: 2 ShieldDist: 0.300
arrive destination: True ,out of road:False   Total T: 918198 Episode Num: 2552 Episode T: 416 Reward: 385.950 Cost: 9.000 ShieldInt: 15 ShieldDist: 14.383
arrive destination: True ,out of road:False   Total T: 918450 Episode Num: 2553 Episode T: 252 Reward: 232.756 Cost: 15.000 ShieldInt: 14 ShieldDist: 14.054
arrive destination: True ,out of road:False   Total T: 918880 Episode Num: 2554 Episode T: 430 Reward: 378.941 Cost: 22.000 ShieldInt: 63 ShieldDist: 61.487
arrive destination: False ,out of road:True   Total T: 919117 Episode Num: 2555 Episode T: 237 Reward: 225.317 Cost: 11.000 ShieldInt: 7 ShieldDist: 3.951
arrive destination: False ,out of road:True   Total T: 919549 Episode Num: 2556 Episode T: 432 Reward: 453.801 Cost: 8.000 ShieldInt: 6 ShieldDist: 0.853
arrive destination: True ,out of road:False   Total T: 919769 Episode Num: 2557 Episode T: 220 Reward: 230.585 Cost: 8.000 ShieldInt: 19 ShieldDist: 16.870
arrive destination: True ,out of road:False   Total T: 919998 Episode Num: 2558 Episode T: 229 Reward: 264.798 Cost: 0.000 ShieldInt: 1 ShieldDist: 0.150
---------------------------------------
Evaluation over 20 episodes: 0.900 Cost 9.250.             SafeRL used : use_qpsl
---------------------------------------
[34;1m
Time: 2026-07-02 05:57:24, Time spent from previous logger: 177.791 s[0m
[34;1mCustomLogger with fileds: ['total_steps', 'EpRet', 'EpCost', 'CostRate', 'MeanPain', 'TriggerRate', 'MeanRisk', 'MeanLongitudinalDelta', 'SteeringLimitRate'][0m
[34;1mfieldvalues: [920000, 0.9, 9.25, 0.03152068643552874, 0.0, 0.0, 0.0, 0.0, 0.0]
[0m
arrive destination: True ,out of road:False   Total T: 920237 Episode Num: 2559 Episode T: 239 Reward: 283.778 Cost: 0.000 ShieldInt: 3 ShieldDist: 0.450
arrive destination: False ,out of road:True   Total T: 920345 Episode Num: 2560 Episode T: 108 Reward: 101.522 Cost: 1.000 ShieldInt: 0 ShieldDist: 0.000
arrive destination: True ,out of road:False   Total T: 920577 Episode Num: 2561 Episode T: 232 Reward: 335.727 Cost: 0.000 ShieldInt: 4 ShieldDist: 0.557
arrive destination: True ,out of road:False   Total T: 921021 Episode Num: 2562 Episode T: 444 Reward: 470.977 Cost: 15.000 ShieldInt: 10 ShieldDist: 5.108
arrive destination: True ,out of road:False   Total T: 921546 Episode Num: 2563 Episode T: 525 Reward: 501.339 Cost: 38.000 ShieldInt: 44 ShieldDist: 40.866
arrive destination: True ,out of road:False   Total T: 921746 Episode Num: 2564 Episode T: 200 Reward: 270.097 Cost: 1.000 ShieldInt: 1 ShieldDist: 0.150
arrive destination: True ,out of road:False   Total T: 922124 Episode Num: 2565 Episode T: 378 Reward: 380.363 Cost: 7.000 ShieldInt: 17 ShieldDist: 26.417
arrive destination: True ,out of road:False   Total T: 922328 Episode Num: 2566 Episode T: 204 Reward: 232.843 Cost: 3.000 ShieldInt: 8 ShieldDist: 13.094
arrive destination: True ,out of road:False   Total T: 922553 Episode Num: 2567 Episode T: 225 Reward: 264.326 Cost: 0.000 ShieldInt: 0 ShieldDist: 0.000
arrive destination: True ,out of road:False   Total T: 922815 Episode Num: 2568 Episode T: 262 Reward: 295.519 Cost: 6.000 ShieldInt: 13 ShieldDist: 16.206
arrive destination: True ,out of road:False   Total T: 923234 Episode Num: 2569 Episode T: 419 Reward: 377.563 Cost: 18.000 ShieldInt: 59 ShieldDist: 91.806
arrive destination: True ,out of road:False   Total T: 923494 Episode Num: 2570 Episode T: 260 Reward: 270.953 Cost: 0.000 ShieldInt: 7 ShieldDist: 1.002
arrive destination: False ,out of road:True   Total T: 923803 Episode Num: 2571 Episode T: 309 Reward: 336.532 Cost: 14.000 ShieldInt: 13 ShieldDist: 9.138
arrive destination: False ,out of road:True   Total T: 924041 Episode Num: 2572 Episode T: 238 Reward: 200.145 Cost: 18.000 ShieldInt: 24 ShieldDist: 14.844
arrive destination: True ,out of road:False   Total T: 924282 Episode Num: 2573 Episode T: 241 Reward: 335.809 Cost: 0.000 ShieldInt: 2 ShieldDist: 0.272
arrive destination: True ,out of road:False   Total T: 924555 Episode Num: 2574 Episode T: 273 Reward: 266.991 Cost: 5.000 ShieldInt: 10 ShieldDist: 8.467
arrive destination: False ,out of road:True   Total T: 924756 Episode Num: 2575 Episode T: 201 Reward: 197.230 Cost: 8.000 ShieldInt: 5 ShieldDist: 0.711
arrive destination: True ,out of road:False   Total T: 925164 Episode Num: 2576 Episode T: 408 Reward: 382.733 Cost: 18.000 ShieldInt: 15 ShieldDist: 7.667
arrive destination: True ,out of road:False   Total T: 925483 Episode Num: 2577 Episode T: 319 Reward: 388.602 Cost: 0.000 ShieldInt: 3 ShieldDist: 0.450
arrive destination: True ,out of road:False   Total T: 925715 Episode Num: 2578 Episode T: 232 Reward: 271.994 Cost: 0.000 ShieldInt: 6 ShieldDist: 0.900
arrive destination: True ,out of road:False   Total T: 926128 Episode Num: 2579 Episode T: 413 Reward: 388.062 Cost: 16.000 ShieldInt: 30 ShieldDist: 34.043
arrive destination: True ,out of road:False   Total T: 926379 Episode Num: 2580 Episode T: 251 Reward: 283.106 Cost: 4.000 ShieldInt: 5 ShieldDist: 0.746
arrive destination: True ,out of road:False   Total T: 926609 Episode Num: 2581 Episode T: 230 Reward: 283.352 Cost: 0.000 ShieldInt: 2 ShieldDist: 0.223
arrive destination: True ,out of road:False   Total T: 926802 Episode Num: 2582 Episode T: 193 Reward: 268.967 Cost: 0.000 ShieldInt: 0 ShieldDist: 0.000
arrive destination: True ,out of road:False   Total T: 927430 Episode Num: 2583 Episode T: 628 Reward: 426.370 Cost: 42.000 ShieldInt: 90 ShieldDist: 120.106
arrive destination: False ,out of road:True   Total T: 927645 Episode Num: 2584 Episode T: 215 Reward: 231.846 Cost: 3.000 ShieldInt: 6 ShieldDist: 2.480
arrive destination: True ,out of road:False   Total T: 927894 Episode Num: 2585 Episode T: 249 Reward: 270.352 Cost: 0.000 ShieldInt: 1 ShieldDist: 0.150
arrive destination: True ,out of road:False   Total T: 928127 Episode Num: 2586 Episode T: 233 Reward: 271.840 Cost: 2.000 ShieldInt: 2 ShieldDist: 0.300
arrive destination: True ,out of road:False   Total T: 928634 Episode Num: 2587 Episode T: 507 Reward: 418.134 Cost: 33.000 ShieldInt: 61 ShieldDist: 61.533
arrive destination: True ,out of road:False   Total T: 928867 Episode Num: 2588 Episode T: 233 Reward: 274.757 Cost: 0.000 ShieldInt: 5 ShieldDist: 0.707
arrive destination: False ,out of road:True   Total T: 929084 Episode Num: 2589 Episode T: 217 Reward: 228.238 Cost: 16.000 ShieldInt: 9 ShieldDist: 1.308
arrive destination: False ,out of road:True   Total T: 929231 Episode Num: 2590 Episode T: 147 Reward: 135.604 Cost: 8.000 ShieldInt: 8 ShieldDist: 1.106
arrive destination: True ,out of road:False   Total T: 929564 Episode Num: 2591 Episode T: 333 Reward: 335.694 Cost: 9.000 ShieldInt: 12 ShieldDist: 9.389
---------------------------------------
Evaluation over 20 episodes: 1.000 Cost 11.400.             SafeRL used : use_qpsl
---------------------------------------
[34;1m
Time: 2026-07-02 06:00:24, Time spent from previous logger: 180.358 s[0m
[34;1mCustomLogger with fileds: ['total_steps', 'EpRet', 'EpCost', 'CostRate', 'MeanPain', 'TriggerRate', 'MeanRisk', 'MeanLongitudinalDelta', 'SteeringLimitRate'][0m
[34;1mfieldvalues: [930000, 1.0, 11.4, 0.031516162920605294, 0.0, 0.0, 0.0, 0.0, 0.0]
[0m
arrive destination: True ,out of road:False   Total T: 930417 Episode Num: 2592 Episode T: 853 Reward: 683.066 Cost: 37.000 ShieldInt: 12 ShieldDist: 6.710
arrive destination: True ,out of road:False   Total T: 930920 Episode Num: 2593 Episode T: 503 Reward: 472.073 Cost: 10.000 ShieldInt: 27 ShieldDist: 45.741
arrive destination: False ,out of road:True   Total T: 931232 Episode Num: 2594 Episode T: 312 Reward: 290.918 Cost: 26.000 ShieldInt: 31 ShieldDist: 49.113
arrive destination: True ,out of road:False   Total T: 931464 Episode Num: 2595 Episode T: 232 Reward: 269.779 Cost: 0.000 ShieldInt: 2 ShieldDist: 0.263
arrive destination: True ,out of road:False   Total T: 931736 Episode Num: 2596 Episode T: 272 Reward: 294.036 Cost: 7.000 ShieldInt: 11 ShieldDist: 1.521
arrive destination: False ,out of road:True   Total T: 931823 Episode Num: 2597 Episode T: 87 Reward: 67.986 Cost: 1.000 ShieldInt: 1 ShieldDist: 0.150
arrive destination: True ,out of road:False   Total T: 932284 Episode Num: 2598 Episode T: 461 Reward: 419.969 Cost: 17.000 ShieldInt: 20 ShieldDist: 13.172
arrive destination: True ,out of road:False   Total T: 932659 Episode Num: 2599 Episode T: 375 Reward: 403.692 Cost: 10.000 ShieldInt: 22 ShieldDist: 35.384
arrive destination: True ,out of road:False   Total T: 932990 Episode Num: 2600 Episode T: 331 Reward: 401.519 Cost: 7.000 ShieldInt: 7 ShieldDist: 1.021
arrive destination: True ,out of road:False   Total T: 933246 Episode Num: 2601 Episode T: 256 Reward: 335.422 Cost: 1.000 ShieldInt: 3 ShieldDist: 0.430
arrive destination: True ,out of road:False   Total T: 933475 Episode Num: 2602 Episode T: 229 Reward: 284.179 Cost: 0.000 ShieldInt: 3 ShieldDist: 0.428
arrive destination: True ,out of road:False   Total T: 933674 Episode Num: 2603 Episode T: 199 Reward: 230.384 Cost: 0.000 ShieldInt: 4 ShieldDist: 0.600
arrive destination: True ,out of road:False   Total T: 934191 Episode Num: 2604 Episode T: 517 Reward: 470.575 Cost: 7.000 ShieldInt: 30 ShieldDist: 22.461
arrive destination: True ,out of road:False   Total T: 934465 Episode Num: 2605 Episode T: 274 Reward: 294.596 Cost: 6.000 ShieldInt: 6 ShieldDist: 3.628
arrive destination: True ,out of road:False   Total T: 934695 Episode Num: 2606 Episode T: 230 Reward: 284.510 Cost: 0.000 ShieldInt: 13 ShieldDist: 1.950
arrive destination: True ,out of road:False   Total T: 934930 Episode Num: 2607 Episode T: 235 Reward: 268.678 Cost: 0.000 ShieldInt: 1 ShieldDist: 0.115
arrive destination: True ,out of road:False   Total T: 935178 Episode Num: 2608 Episode T: 248 Reward: 295.392 Cost: 7.000 ShieldInt: 11 ShieldDist: 1.567
arrive destination: False ,out of road:True   Total T: 935343 Episode Num: 2609 Episode T: 165 Reward: 218.556 Cost: 1.000 ShieldInt: 4 ShieldDist: 0.528
arrive destination: True ,out of road:False   Total T: 935574 Episode Num: 2610 Episode T: 231 Reward: 271.770 Cost: 3.000 ShieldInt: 7 ShieldDist: 0.980
arrive destination: True ,out of road:False   Total T: 935823 Episode Num: 2611 Episode T: 249 Reward: 270.110 Cost: 0.000 ShieldInt: 4 ShieldDist: 0.583
arrive destination: True ,out of road:False   Total T: 936248 Episode Num: 2612 Episode T: 425 Reward: 419.921 Cost: 9.000 ShieldInt: 18 ShieldDist: 8.765
arrive destination: True ,out of road:False   Total T: 936778 Episode Num: 2613 Episode T: 530 Reward: 499.422 Cost: 31.000 ShieldInt: 49 ShieldDist: 67.952
arrive destination: True ,out of road:False   Total T: 937013 Episode Num: 2614 Episode T: 235 Reward: 269.125 Cost: 2.000 ShieldInt: 4 ShieldDist: 7.717
arrive destination: True ,out of road:False   Total T: 937245 Episode Num: 2615 Episode T: 232 Reward: 273.220 Cost: 3.000 ShieldInt: 4 ShieldDist: 0.558
arrive destination: False ,out of road:True   Total T: 937299 Episode Num: 2616 Episode T: 54 Reward: 19.945 Cost: 1.000 ShieldInt: 1 ShieldDist: 0.130
arrive destination: True ,out of road:False   Total T: 937626 Episode Num: 2617 Episode T: 327 Reward: 402.769 Cost: 7.000 ShieldInt: 11 ShieldDist: 6.333
arrive destination: True ,out of road:False   Total T: 937826 Episode Num: 2618 Episode T: 200 Reward: 269.680 Cost: 1.000 ShieldInt: 1 ShieldDist: 0.150
arrive destination: False ,out of road:True   Total T: 938172 Episode Num: 2619 Episode T: 346 Reward: 372.072 Cost: 7.000 ShieldInt: 16 ShieldDist: 12.917
arrive destination: True ,out of road:False   Total T: 938478 Episode Num: 2620 Episode T: 306 Reward: 266.054 Cost: 15.000 ShieldInt: 23 ShieldDist: 24.140
arrive destination: False ,out of road:True   Total T: 938564 Episode Num: 2621 Episode T: 86 Reward: 67.620 Cost: 1.000 ShieldInt: 0 ShieldDist: 0.000
arrive destination: True ,out of road:False   Total T: 938761 Episode Num: 2622 Episode T: 197 Reward: 232.925 Cost: 0.000 ShieldInt: 5 ShieldDist: 0.718
arrive destination: True ,out of road:False   Total T: 938997 Episode Num: 2623 Episode T: 236 Reward: 272.384 Cost: 0.000 ShieldInt: 9 ShieldDist: 1.324
arrive destination: True ,out of road:False   Total T: 939340 Episode Num: 2624 Episode T: 343 Reward: 402.342 Cost: 9.000 ShieldInt: 23 ShieldDist: 23.041
arrive destination: True ,out of road:False   Total T: 939574 Episode Num: 2625 Episode T: 234 Reward: 273.890 Cost: 2.000 ShieldInt: 3 ShieldDist: 0.446
arrive destination: True ,out of road:False   Total T: 939962 Episode Num: 2626 Episode T: 388 Reward: 393.961 Cost: 7.000 ShieldInt: 37 ShieldDist: 32.149
---------------------------------------
Evaluation over 20 episodes: 0.700 Cost 10.750.             SafeRL used : use_qpsl
---------------------------------------
[34;1m
Time: 2026-07-02 06:03:27, Time spent from previous logger: 182.501 s[0m
[34;1mCustomLogger with fileds: ['total_steps', 'EpRet', 'EpCost', 'CostRate', 'MeanPain', 'TriggerRate', 'MeanRisk', 'MeanLongitudinalDelta', 'SteeringLimitRate'][0m
[34;1mfieldvalues: [940000, 0.7, 10.75, 0.03140322489704776, 0.0, 0.0, 0.0, 0.0, 0.0]
[0m
arrive destination: False ,out of road:True   Total T: 940235 Episode Num: 2627 Episode T: 273 Reward: 260.868 Cost: 4.000 ShieldInt: 8 ShieldDist: 1.106
arrive destination: True ,out of road:False   Total T: 940446 Episode Num: 2628 Episode T: 211 Reward: 270.204 Cost: 1.000 ShieldInt: 2 ShieldDist: 0.300
arrive destination: False ,out of road:True   Total T: 940546 Episode Num: 2629 Episode T: 100 Reward: 78.148 Cost: 6.000 ShieldInt: 3 ShieldDist: 2.300
arrive destination: True ,out of road:False   Total T: 940913 Episode Num: 2630 Episode T: 367 Reward: 398.958 Cost: 0.000 ShieldInt: 8 ShieldDist: 1.173
arrive destination: True ,out of road:False   Total T: 941152 Episode Num: 2631 Episode T: 239 Reward: 269.314 Cost: 0.000 ShieldInt: 0 ShieldDist: 0.000
arrive destination: True ,out of road:False   Total T: 941529 Episode Num: 2632 Episode T: 377 Reward: 373.378 Cost: 31.000 ShieldInt: 31 ShieldDist: 39.370
arrive destination: True ,out of road:False   Total T: 941898 Episode Num: 2633 Episode T: 369 Reward: 399.182 Cost: 0.000 ShieldInt: 13 ShieldDist: 1.833
arrive destination: True ,out of road:False   Total T: 942087 Episode Num: 2634 Episode T: 189 Reward: 232.197 Cost: 0.000 ShieldInt: 3 ShieldDist: 0.449
arrive destination: True ,out of road:False   Total T: 942429 Episode Num: 2635 Episode T: 342 Reward: 382.929 Cost: 8.000 ShieldInt: 11 ShieldDist: 7.407
arrive destination: True ,out of road:False   Total T: 942754 Episode Num: 2636 Episode T: 325 Reward: 391.397 Cost: 0.000 ShieldInt: 3 ShieldDist: 0.405
arrive destination: True ,out of road:False   Total T: 943194 Episode Num: 2637 Episode T: 440 Reward: 378.823 Cost: 5.000 ShieldInt: 67 ShieldDist: 103.051
arrive destination: True ,out of road:False   Total T: 943484 Episode Num: 2638 Episode T: 290 Reward: 266.444 Cost: 12.000 ShieldInt: 11 ShieldDist: 18.451
arrive destination: False ,out of road:True   Total T: 943822 Episode Num: 2639 Episode T: 338 Reward: 310.416 Cost: 12.000 ShieldInt: 16 ShieldDist: 14.153
arrive destination: False ,out of road:True   Total T: 943968 Episode Num: 2640 Episode T: 146 Reward: 164.520 Cost: 1.000 ShieldInt: 6 ShieldDist: 0.797
arrive destination: True ,out of road:False   Total T: 944164 Episode Num: 2641 Episode T: 196 Reward: 232.521 Cost: 4.000 ShieldInt: 8 ShieldDist: 5.673
arrive destination: True ,out of road:False   Total T: 944587 Episode Num: 2642 Episode T: 423 Reward: 402.576 Cost: 20.000 ShieldInt: 37 ShieldDist: 47.719
arrive destination: True ,out of road:False   Total T: 944923 Episode Num: 2643 Episode T: 336 Reward: 382.885 Cost: 10.000 ShieldInt: 23 ShieldDist: 21.082
arrive destination: True ,out of road:False   Total T: 945395 Episode Num: 2644 Episode T: 472 Reward: 466.923 Cost: 7.000 ShieldInt: 22 ShieldDist: 11.114
arrive destination: True ,out of road:False   Total T: 945691 Episode Num: 2645 Episode T: 296 Reward: 294.066 Cost: 11.000 ShieldInt: 10 ShieldDist: 9.900
arrive destination: False ,out of road:True   Total T: 945930 Episode Num: 2646 Episode T: 239 Reward: 252.733 Cost: 1.000 ShieldInt: 6 ShieldDist: 0.877
arrive destination: False ,out of road:True   Total T: 946463 Episode Num: 2647 Episode T: 533 Reward: 455.745 Cost: 25.000 ShieldInt: 21 ShieldDist: 23.261
arrive destination: True ,out of road:False   Total T: 946860 Episode Num: 2648 Episode T: 397 Reward: 467.562 Cost: 9.000 ShieldInt: 13 ShieldDist: 15.906
arrive destination: True ,out of road:False   Total T: 947292 Episode Num: 2649 Episode T: 432 Reward: 382.223 Cost: 28.000 ShieldInt: 28 ShieldDist: 16.318
arrive destination: True ,out of road:False   Total T: 947541 Episode Num: 2650 Episode T: 249 Reward: 272.448 Cost: 4.000 ShieldInt: 21 ShieldDist: 13.360
arrive destination: False ,out of road:True   Total T: 947618 Episode Num: 2651 Episode T: 77 Reward: 54.477 Cost: 1.000 ShieldInt: 2 ShieldDist: 0.269
arrive destination: True ,out of road:False   Total T: 948053 Episode Num: 2652 Episode T: 435 Reward: 393.542 Cost: 27.000 ShieldInt: 30 ShieldDist: 39.353
arrive destination: True ,out of road:False   Total T: 948273 Episode Num: 2653 Episode T: 220 Reward: 294.912 Cost: 1.000 ShieldInt: 6 ShieldDist: 2.725
arrive destination: True ,out of road:False   Total T: 948522 Episode Num: 2654 Episode T: 249 Reward: 270.609 Cost: 1.000 ShieldInt: 2 ShieldDist: 0.276
arrive destination: True ,out of road:False   Total T: 948969 Episode Num: 2655 Episode T: 447 Reward: 470.734 Cost: 15.000 ShieldInt: 7 ShieldDist: 11.001
arrive destination: True ,out of road:False   Total T: 949213 Episode Num: 2656 Episode T: 244 Reward: 287.169 Cost: 0.000 ShieldInt: 10 ShieldDist: 1.472
arrive destination: False ,out of road:True   Total T: 949373 Episode Num: 2657 Episode T: 160 Reward: 157.137 Cost: 5.000 ShieldInt: 13 ShieldDist: 6.521
arrive destination: True ,out of road:False   Total T: 949808 Episode Num: 2658 Episode T: 435 Reward: 468.112 Cost: 15.000 ShieldInt: 6 ShieldDist: 0.855
---------------------------------------
Evaluation over 20 episodes: 0.950 Cost 12.100.             SafeRL used : use_qpsl
---------------------------------------
[34;1m
Time: 2026-07-02 06:06:28, Time spent from previous logger: 180.589 s[0m
[34;1mCustomLogger with fileds: ['total_steps', 'EpRet', 'EpCost', 'CostRate', 'MeanPain', 'TriggerRate', 'MeanRisk', 'MeanLongitudinalDelta', 'SteeringLimitRate'][0m
[34;1mfieldvalues: [950000, 0.95, 12.1, 0.03135161194906521, 0.0, 0.0, 0.0, 0.0, 0.0]
[0m
arrive destination: True ,out of road:False   Total T: 950347 Episode Num: 2659 Episode T: 539 Reward: 575.439 Cost: 17.000 ShieldInt: 18 ShieldDist: 15.416
arrive destination: True ,out of road:False   Total T: 950610 Episode Num: 2660 Episode T: 263 Reward: 335.760 Cost: 2.000 ShieldInt: 12 ShieldDist: 13.923
arrive destination: True ,out of road:False   Total T: 950863 Episode Num: 2661 Episode T: 253 Reward: 272.062 Cost: 0.000 ShieldInt: 5 ShieldDist: 0.634
arrive destination: True ,out of road:False   Total T: 951312 Episode Num: 2662 Episode T: 449 Reward: 474.510 Cost: 14.000 ShieldInt: 18 ShieldDist: 14.217
arrive destination: True ,out of road:False   Total T: 951663 Episode Num: 2663 Episode T: 351 Reward: 380.962 Cost: 11.000 ShieldInt: 20 ShieldDist: 18.284
arrive destination: False ,out of road:True   Total T: 951955 Episode Num: 2664 Episode T: 292 Reward: 353.943 Cost: 5.000 ShieldInt: 15 ShieldDist: 2.150
arrive destination: True ,out of road:False   Total T: 952348 Episode Num: 2665 Episode T: 393 Reward: 384.028 Cost: 20.000 ShieldInt: 28 ShieldDist: 25.463
arrive destination: True ,out of road:False   Total T: 952571 Episode Num: 2666 Episode T: 223 Reward: 295.885 Cost: 5.000 ShieldInt: 13 ShieldDist: 4.924
arrive destination: False ,out of road:True   Total T: 952673 Episode Num: 2667 Episode T: 102 Reward: 89.779 Cost: 5.000 ShieldInt: 2 ShieldDist: 1.260
arrive destination: False ,out of road:True   Total T: 953050 Episode Num: 2668 Episode T: 377 Reward: 343.544 Cost: 9.000 ShieldInt: 31 ShieldDist: 20.011
arrive destination: True ,out of road:False   Total T: 953447 Episode Num: 2669 Episode T: 397 Reward: 382.425 Cost: 14.000 ShieldInt: 22 ShieldDist: 31.606
arrive destination: True ,out of road:False   Total T: 953954 Episode Num: 2670 Episode T: 507 Reward: 499.421 Cost: 10.000 ShieldInt: 32 ShieldDist: 31.577
arrive destination: True ,out of road:False   Total T: 954381 Episode Num: 2671 Episode T: 427 Reward: 400.467 Cost: 60.000 ShieldInt: 28 ShieldDist: 18.183
arrive destination: True ,out of road:False   Total T: 954578 Episode Num: 2672 Episode T: 197 Reward: 270.110 Cost: 0.000 ShieldInt: 4 ShieldDist: 0.496
arrive destination: True ,out of road:False   Total T: 954950 Episode Num: 2673 Episode T: 372 Reward: 400.902 Cost: 0.000 ShieldInt: 7 ShieldDist: 0.971
arrive destination: False ,out of road:True   Total T: 955257 Episode Num: 2674 Episode T: 307 Reward: 325.594 Cost: 25.000 ShieldInt: 7 ShieldDist: 8.544
arrive destination: True ,out of road:False   Total T: 955457 Episode Num: 2675 Episode T: 200 Reward: 232.455 Cost: 4.000 ShieldInt: 7 ShieldDist: 0.945
arrive destination: True ,out of road:False   Total T: 955759 Episode Num: 2676 Episode T: 302 Reward: 400.626 Cost: 2.000 ShieldInt: 5 ShieldDist: 0.725
arrive destination: True ,out of road:False   Total T: 955997 Episode Num: 2677 Episode T: 238 Reward: 283.780 Cost: 0.000 ShieldInt: 11 ShieldDist: 3.161
arrive destination: True ,out of road:False   Total T: 956232 Episode Num: 2678 Episode T: 235 Reward: 274.683 Cost: 0.000 ShieldInt: 4 ShieldDist: 0.600
arrive destination: False ,out of road:True   Total T: 957200 Episode Num: 2679 Episode T: 968 Reward: 337.494 Cost: 114.000 ShieldInt: 448 ShieldDist: 803.261
arrive destination: True ,out of road:False   Total T: 957585 Episode Num: 2680 Episode T: 385 Reward: 387.387 Cost: 14.000 ShieldInt: 37 ShieldDist: 44.763
arrive destination: True ,out of road:False   Total T: 958274 Episode Num: 2681 Episode T: 689 Reward: 500.759 Cost: 26.000 ShieldInt: 61 ShieldDist: 85.031
arrive destination: True ,out of road:False   Total T: 958640 Episode Num: 2682 Episode T: 366 Reward: 414.768 Cost: 6.000 ShieldInt: 10 ShieldDist: 5.062
arrive destination: True ,out of road:False   Total T: 958892 Episode Num: 2683 Episode T: 252 Reward: 336.275 Cost: 0.000 ShieldInt: 9 ShieldDist: 1.290
arrive destination: True ,out of road:False   Total T: 959115 Episode Num: 2684 Episode T: 223 Reward: 282.766 Cost: 0.000 ShieldInt: 9 ShieldDist: 1.322
arrive destination: True ,out of road:False   Total T: 959376 Episode Num: 2685 Episode T: 261 Reward: 295.770 Cost: 6.000 ShieldInt: 14 ShieldDist: 14.397
arrive destination: False ,out of road:True   Total T: 959433 Episode Num: 2686 Episode T: 57 Reward: 24.865 Cost: 1.000 ShieldInt: 1 ShieldDist: 0.149
arrive destination: True ,out of road:False   Total T: 959934 Episode Num: 2687 Episode T: 501 Reward: 469.292 Cost: 17.000 ShieldInt: 11 ShieldDist: 14.500
---------------------------------------
Evaluation over 20 episodes: 0.800 Cost 11.100.             SafeRL used : use_qpsl
---------------------------------------
[34;1m
Time: 2026-07-02 06:09:34, Time spent from previous logger: 186.829 s[0m
[34;1mCustomLogger with fileds: ['total_steps', 'EpRet', 'EpCost', 'CostRate', 'MeanPain', 'TriggerRate', 'MeanRisk', 'MeanLongitudinalDelta', 'SteeringLimitRate'][0m
[34;1mfieldvalues: [960000, 0.8, 11.1, 0.031427116069912574, 0.0, 0.0, 0.0, 0.0, 0.0]
[0m
arrive destination: True ,out of road:False   Total T: 960453 Episode Num: 2688 Episode T: 519 Reward: 509.803 Cost: 13.000 ShieldInt: 30 ShieldDist: 22.193
arrive destination: True ,out of road:False   Total T: 960808 Episode Num: 2689 Episode T: 355 Reward: 376.205 Cost: 4.000 ShieldInt: 18 ShieldDist: 12.481
arrive destination: True ,out of road:False   Total T: 961279 Episode Num: 2690 Episode T: 471 Reward: 411.154 Cost: 20.000 ShieldInt: 31 ShieldDist: 31.179
arrive destination: True ,out of road:False   Total T: 961548 Episode Num: 2691 Episode T: 269 Reward: 267.023 Cost: 9.000 ShieldInt: 11 ShieldDist: 12.401
arrive destination: True ,out of road:False   Total T: 961775 Episode Num: 2692 Episode T: 227 Reward: 269.198 Cost: 3.000 ShieldInt: 6 ShieldDist: 0.853
arrive destination: True ,out of road:False   Total T: 962168 Episode Num: 2693 Episode T: 393 Reward: 383.591 Cost: 31.000 ShieldInt: 16 ShieldDist: 6.867
arrive destination: True ,out of road:False   Total T: 962473 Episode Num: 2694 Episode T: 305 Reward: 269.791 Cost: 15.000 ShieldInt: 17 ShieldDist: 21.321
arrive destination: True ,out of road:False   Total T: 962779 Episode Num: 2695 Episode T: 306 Reward: 267.492 Cost: 10.000 ShieldInt: 19 ShieldDist: 19.275
arrive destination: True ,out of road:False   Total T: 962962 Episode Num: 2696 Episode T: 183 Reward: 232.943 Cost: 0.000 ShieldInt: 2 ShieldDist: 0.235
arrive destination: True ,out of road:False   Total T: 963231 Episode Num: 2697 Episode T: 269 Reward: 269.414 Cost: 10.000 ShieldInt: 7 ShieldDist: 8.198
arrive destination: True ,out of road:False   Total T: 963501 Episode Num: 2698 Episode T: 270 Reward: 269.131 Cost: 12.000 ShieldInt: 7 ShieldDist: 9.302
arrive destination: True ,out of road:False   Total T: 963858 Episode Num: 2699 Episode T: 357 Reward: 377.133 Cost: 10.000 ShieldInt: 20 ShieldDist: 22.536
arrive destination: True ,out of road:False   Total T: 964114 Episode Num: 2700 Episode T: 256 Reward: 273.434 Cost: 2.000 ShieldInt: 7 ShieldDist: 1.050
arrive destination: True ,out of road:False   Total T: 964314 Episode Num: 2701 Episode T: 200 Reward: 269.228 Cost: 0.000 ShieldInt: 2 ShieldDist: 0.257
arrive destination: True ,out of road:False   Total T: 964537 Episode Num: 2702 Episode T: 223 Reward: 296.075 Cost: 4.000 ShieldInt: 4 ShieldDist: 0.584
arrive destination: True ,out of road:False   Total T: 964906 Episode Num: 2703 Episode T: 369 Reward: 386.623 Cost: 17.000 ShieldInt: 18 ShieldDist: 2.457
arrive destination: True ,out of road:False   Total T: 965219 Episode Num: 2704 Episode T: 313 Reward: 294.141 Cost: 10.000 ShieldInt: 14 ShieldDist: 16.242
arrive destination: True ,out of road:False   Total T: 965659 Episode Num: 2705 Episode T: 440 Reward: 420.137 Cost: 30.000 ShieldInt: 27 ShieldDist: 20.960
arrive destination: True ,out of road:False   Total T: 966044 Episode Num: 2706 Episode T: 385 Reward: 383.522 Cost: 23.000 ShieldInt: 28 ShieldDist: 28.624
arrive destination: False ,out of road:True   Total T: 966109 Episode Num: 2707 Episode T: 65 Reward: 36.157 Cost: 1.000 ShieldInt: 5 ShieldDist: 0.704
arrive destination: True ,out of road:False   Total T: 966375 Episode Num: 2708 Episode T: 266 Reward: 269.432 Cost: 6.000 ShieldInt: 10 ShieldDist: 12.816
arrive destination: True ,out of road:False   Total T: 966674 Episode Num: 2709 Episode T: 299 Reward: 268.512 Cost: 10.000 ShieldInt: 11 ShieldDist: 17.714
arrive destination: False ,out of road:True   Total T: 967141 Episode Num: 2710 Episode T: 467 Reward: 434.589 Cost: 29.000 ShieldInt: 22 ShieldDist: 37.841
arrive destination: True ,out of road:False   Total T: 967499 Episode Num: 2711 Episode T: 358 Reward: 376.474 Cost: 8.000 ShieldInt: 14 ShieldDist: 10.484
arrive destination: True ,out of road:False   Total T: 967924 Episode Num: 2712 Episode T: 425 Reward: 402.862 Cost: 31.000 ShieldInt: 29 ShieldDist: 25.062
arrive destination: False ,out of road:True   Total T: 968251 Episode Num: 2713 Episode T: 327 Reward: 362.328 Cost: 6.000 ShieldInt: 27 ShieldDist: 25.003
arrive destination: True ,out of road:False   Total T: 968472 Episode Num: 2714 Episode T: 221 Reward: 305.703 Cost: 7.000 ShieldInt: 6 ShieldDist: 0.812
arrive destination: True ,out of road:False   Total T: 968700 Episode Num: 2715 Episode T: 228 Reward: 267.590 Cost: 2.000 ShieldInt: 5 ShieldDist: 0.750
arrive destination: False ,out of road:True   Total T: 968894 Episode Num: 2716 Episode T: 194 Reward: 218.402 Cost: 2.000 ShieldInt: 7 ShieldDist: 2.858
arrive destination: True ,out of road:False   Total T: 969125 Episode Num: 2717 Episode T: 231 Reward: 283.776 Cost: 0.000 ShieldInt: 2 ShieldDist: 2.150
arrive destination: True ,out of road:False   Total T: 969448 Episode Num: 2718 Episode T: 323 Reward: 390.818 Cost: 0.000 ShieldInt: 7 ShieldDist: 0.983
arrive destination: True ,out of road:False   Total T: 969845 Episode Num: 2719 Episode T: 397 Reward: 403.859 Cost: 13.000 ShieldInt: 32 ShieldDist: 44.332
---------------------------------------
Evaluation over 20 episodes: 0.850 Cost 14.150.             SafeRL used : use_qpsl
---------------------------------------
[34;1m
Time: 2026-07-02 06:12:39, Time spent from previous logger: 184.758 s[0m
[34;1mCustomLogger with fileds: ['total_steps', 'EpRet', 'EpCost', 'CostRate', 'MeanPain', 'TriggerRate', 'MeanRisk', 'MeanLongitudinalDelta', 'SteeringLimitRate'][0m
[34;1mfieldvalues: [970000, 0.85, 14.15, 0.03145157881606064, 0.0, 0.0, 0.0, 0.0, 0.0]
[0m
arrive destination: True ,out of road:False   Total T: 970565 Episode Num: 2720 Episode T: 720 Reward: 580.735 Cost: 16.000 ShieldInt: 85 ShieldDist: 117.432
arrive destination: True ,out of road:False   Total T: 971126 Episode Num: 2721 Episode T: 561 Reward: 501.101 Cost: 24.000 ShieldInt: 30 ShieldDist: 36.312
arrive destination: True ,out of road:False   Total T: 971444 Episode Num: 2722 Episode T: 318 Reward: 267.986 Cost: 20.000 ShieldInt: 18 ShieldDist: 25.533
arrive destination: True ,out of road:False   Total T: 971681 Episode Num: 2723 Episode T: 237 Reward: 270.341 Cost: 0.000 ShieldInt: 4 ShieldDist: 0.556
arrive destination: True ,out of road:False   Total T: 972010 Episode Num: 2724 Episode T: 329 Reward: 389.834 Cost: 0.000 ShieldInt: 3 ShieldDist: 0.429
arrive destination: True ,out of road:False   Total T: 972238 Episode Num: 2725 Episode T: 228 Reward: 305.752 Cost: 7.000 ShieldInt: 10 ShieldDist: 9.414
arrive destination: True ,out of road:False   Total T: 972476 Episode Num: 2726 Episode T: 238 Reward: 274.551 Cost: 0.000 ShieldInt: 2 ShieldDist: 0.300
arrive destination: True ,out of road:False   Total T: 972710 Episode Num: 2727 Episode T: 234 Reward: 295.563 Cost: 9.000 ShieldInt: 4 ShieldDist: 0.600
arrive destination: True ,out of road:False   Total T: 972956 Episode Num: 2728 Episode T: 246 Reward: 335.814 Cost: 3.000 ShieldInt: 7 ShieldDist: 4.680
arrive destination: True ,out of road:False   Total T: 973215 Episode Num: 2729 Episode T: 259 Reward: 295.944 Cost: 8.000 ShieldInt: 14 ShieldDist: 11.475
arrive destination: True ,out of road:False   Total T: 973418 Episode Num: 2730 Episode T: 203 Reward: 232.735 Cost: 6.000 ShieldInt: 5 ShieldDist: 2.527
arrive destination: True ,out of road:False   Total T: 974062 Episode Num: 2731 Episode T: 644 Reward: 424.062 Cost: 42.000 ShieldInt: 31 ShieldDist: 26.987
arrive destination: True ,out of road:False   Total T: 974256 Episode Num: 2732 Episode T: 194 Reward: 269.028 Cost: 2.000 ShieldInt: 3 ShieldDist: 0.416
arrive destination: True ,out of road:False   Total T: 974678 Episode Num: 2733 Episode T: 422 Reward: 269.626 Cost: 31.000 ShieldInt: 15 ShieldDist: 9.362
arrive destination: True ,out of road:False   Total T: 975174 Episode Num: 2734 Episode T: 496 Reward: 424.879 Cost: 26.000 ShieldInt: 43 ShieldDist: 57.175
arrive destination: False ,out of road:True   Total T: 975381 Episode Num: 2735 Episode T: 207 Reward: 218.954 Cost: 9.000 ShieldInt: 13 ShieldDist: 9.039
arrive destination: True ,out of road:False   Total T: 975726 Episode Num: 2736 Episode T: 345 Reward: 381.507 Cost: 5.000 ShieldInt: 13 ShieldDist: 1.932
arrive destination: True ,out of road:False   Total T: 975923 Episode Num: 2737 Episode T: 197 Reward: 269.266 Cost: 3.000 ShieldInt: 8 ShieldDist: 2.967
arrive destination: True ,out of road:False   Total T: 976154 Episode Num: 2738 Episode T: 231 Reward: 272.024 Cost: 2.000 ShieldInt: 12 ShieldDist: 8.495
arrive destination: True ,out of road:False   Total T: 976385 Episode Num: 2739 Episode T: 231 Reward: 285.954 Cost: 0.000 ShieldInt: 7 ShieldDist: 0.979
arrive destination: True ,out of road:False   Total T: 976646 Episode Num: 2740 Episode T: 261 Reward: 295.804 Cost: 4.000 ShieldInt: 17 ShieldDist: 20.312
arrive destination: False ,out of road:True   Total T: 976804 Episode Num: 2741 Episode T: 158 Reward: 149.698 Cost: 5.000 ShieldInt: 4 ShieldDist: 6.920
arrive destination: True ,out of road:False   Total T: 977119 Episode Num: 2742 Episode T: 315 Reward: 401.353 Cost: 2.000 ShieldInt: 8 ShieldDist: 1.138
arrive destination: True ,out of road:False   Total T: 977381 Episode Num: 2743 Episode T: 262 Reward: 267.441 Cost: 15.000 ShieldInt: 16 ShieldDist: 11.121
arrive destination: True ,out of road:False   Total T: 977638 Episode Num: 2744 Episode T: 257 Reward: 267.872 Cost: 16.000 ShieldInt: 16 ShieldDist: 17.168
arrive destination: True ,out of road:False   Total T: 977907 Episode Num: 2745 Episode T: 269 Reward: 263.973 Cost: 3.000 ShieldInt: 12 ShieldDist: 14.186
arrive destination: True ,out of road:False   Total T: 978129 Episode Num: 2746 Episode T: 222 Reward: 283.421 Cost: 0.000 ShieldInt: 4 ShieldDist: 0.600
arrive destination: True ,out of road:False   Total T: 978479 Episode Num: 2747 Episode T: 350 Reward: 373.275 Cost: 6.000 ShieldInt: 20 ShieldDist: 24.149
arrive destination: True ,out of road:False   Total T: 978712 Episode Num: 2748 Episode T: 233 Reward: 270.340 Cost: 1.000 ShieldInt: 6 ShieldDist: 3.442
arrive destination: True ,out of road:False   Total T: 978908 Episode Num: 2749 Episode T: 196 Reward: 232.441 Cost: 2.000 ShieldInt: 5 ShieldDist: 0.719
arrive destination: True ,out of road:False   Total T: 979364 Episode Num: 2750 Episode T: 456 Reward: 468.519 Cost: 14.000 ShieldInt: 17 ShieldDist: 16.389
arrive destination: True ,out of road:False   Total T: 979681 Episode Num: 2751 Episode T: 317 Reward: 263.731 Cost: 31.000 ShieldInt: 52 ShieldDist: 79.967
arrive destination: True ,out of road:False   Total T: 979928 Episode Num: 2752 Episode T: 247 Reward: 335.896 Cost: 1.000 ShieldInt: 3 ShieldDist: 0.450
---------------------------------------
Evaluation over 20 episodes: 0.800 Cost 15.400.             SafeRL used : use_qpsl
---------------------------------------
[34;1m
Time: 2026-07-02 06:15:47, Time spent from previous logger: 187.852 s[0m
[34;1mCustomLogger with fileds: ['total_steps', 'EpRet', 'EpCost', 'CostRate', 'MeanPain', 'TriggerRate', 'MeanRisk', 'MeanLongitudinalDelta', 'SteeringLimitRate'][0m
[34;1mfieldvalues: [980000, 0.8, 15.4, 0.03145003209186948, 0.0, 0.0, 0.0, 0.0, 0.0]
[0m
arrive destination: True ,out of road:False   Total T: 980454 Episode Num: 2753 Episode T: 526 Reward: 472.231 Cost: 14.000 ShieldInt: 19 ShieldDist: 23.567
arrive destination: True ,out of road:False   Total T: 980825 Episode Num: 2754 Episode T: 371 Reward: 398.854 Cost: 0.000 ShieldInt: 21 ShieldDist: 2.999
arrive destination: True ,out of road:False   Total T: 981054 Episode Num: 2755 Episode T: 229 Reward: 271.478 Cost: 2.000 ShieldInt: 5 ShieldDist: 3.460
arrive destination: True ,out of road:False   Total T: 981272 Episode Num: 2756 Episode T: 218 Reward: 272.317 Cost: 0.000 ShieldInt: 3 ShieldDist: 0.408
arrive destination: True ,out of road:False   Total T: 981508 Episode Num: 2757 Episode T: 236 Reward: 272.741 Cost: 0.000 ShieldInt: 5 ShieldDist: 0.716
arrive destination: True ,out of road:False   Total T: 981735 Episode Num: 2758 Episode T: 227 Reward: 282.738 Cost: 0.000 ShieldInt: 1 ShieldDist: 0.150
arrive destination: True ,out of road:False   Total T: 982135 Episode Num: 2759 Episode T: 400 Reward: 425.258 Cost: 28.000 ShieldInt: 36 ShieldDist: 40.556
arrive destination: True ,out of road:False   Total T: 982439 Episode Num: 2760 Episode T: 304 Reward: 266.784 Cost: 21.000 ShieldInt: 16 ShieldDist: 17.148
arrive destination: False ,out of road:True   Total T: 982767 Episode Num: 2761 Episode T: 328 Reward: 334.554 Cost: 12.000 ShieldInt: 18 ShieldDist: 2.485
arrive destination: True ,out of road:False   Total T: 983125 Episode Num: 2762 Episode T: 358 Reward: 382.289 Cost: 10.000 ShieldInt: 9 ShieldDist: 7.579
arrive destination: True ,out of road:False   Total T: 983341 Episode Num: 2763 Episode T: 216 Reward: 283.422 Cost: 0.000 ShieldInt: 3 ShieldDist: 0.450
arrive destination: False ,out of road:True   Total T: 983517 Episode Num: 2764 Episode T: 176 Reward: 180.132 Cost: 8.000 ShieldInt: 8 ShieldDist: 1.112
arrive destination: True ,out of road:False   Total T: 983905 Episode Num: 2765 Episode T: 388 Reward: 381.074 Cost: 13.000 ShieldInt: 28 ShieldDist: 35.647
arrive destination: True ,out of road:False   Total T: 984152 Episode Num: 2766 Episode T: 247 Reward: 270.080 Cost: 0.000 ShieldInt: 4 ShieldDist: 0.594
arrive destination: True ,out of road:False   Total T: 984518 Episode Num: 2767 Episode T: 366 Reward: 404.294 Cost: 7.000 ShieldInt: 13 ShieldDist: 10.607
arrive destination: True ,out of road:False   Total T: 984757 Episode Num: 2768 Episode T: 239 Reward: 274.643 Cost: 0.000 ShieldInt: 15 ShieldDist: 2.094
arrive destination: True ,out of road:False   Total T: 985002 Episode Num: 2769 Episode T: 245 Reward: 273.317 Cost: 2.000 ShieldInt: 8 ShieldDist: 2.555
arrive destination: True ,out of road:False   Total T: 985335 Episode Num: 2770 Episode T: 333 Reward: 335.801 Cost: 11.000 ShieldInt: 3 ShieldDist: 0.450
arrive destination: False ,out of road:True   Total T: 985389 Episode Num: 2771 Episode T: 54 Reward: 20.710 Cost: 1.000 ShieldInt: 4 ShieldDist: 0.559
arrive destination: True ,out of road:False   Total T: 985860 Episode Num: 2772 Episode T: 471 Reward: 469.966 Cost: 16.000 ShieldInt: 27 ShieldDist: 27.048
arrive destination: False ,out of road:True   Total T: 986163 Episode Num: 2773 Episode T: 303 Reward: 325.066 Cost: 11.000 ShieldInt: 18 ShieldDist: 16.334
arrive destination: True ,out of road:False   Total T: 986519 Episode Num: 2774 Episode T: 356 Reward: 402.047 Cost: 17.000 ShieldInt: 21 ShieldDist: 10.675
arrive destination: False ,out of road:True   Total T: 986845 Episode Num: 2775 Episode T: 326 Reward: 291.957 Cost: 12.000 ShieldInt: 19 ShieldDist: 12.332
arrive destination: True ,out of road:False   Total T: 987232 Episode Num: 2776 Episode T: 387 Reward: 336.108 Cost: 14.000 ShieldInt: 22 ShieldDist: 18.349
arrive destination: True ,out of road:False   Total T: 987608 Episode Num: 2777 Episode T: 376 Reward: 389.849 Cost: 7.000 ShieldInt: 21 ShieldDist: 3.083
arrive destination: True ,out of road:False   Total T: 988036 Episode Num: 2778 Episode T: 428 Reward: 466.524 Cost: 6.000 ShieldInt: 23 ShieldDist: 26.028
arrive destination: True ,out of road:False   Total T: 988325 Episode Num: 2779 Episode T: 289 Reward: 267.442 Cost: 8.000 ShieldInt: 18 ShieldDist: 19.949
arrive destination: True ,out of road:False   Total T: 988575 Episode Num: 2780 Episode T: 250 Reward: 335.227 Cost: 1.000 ShieldInt: 6 ShieldDist: 0.751
arrive destination: True ,out of road:False   Total T: 989174 Episode Num: 2781 Episode T: 599 Reward: 500.736 Cost: 36.000 ShieldInt: 29 ShieldDist: 33.279
arrive destination: True ,out of road:False   Total T: 989624 Episode Num: 2782 Episode T: 450 Reward: 384.876 Cost: 17.000 ShieldInt: 26 ShieldDist: 27.864
arrive destination: True ,out of road:False   Total T: 989942 Episode Num: 2783 Episode T: 318 Reward: 388.870 Cost: 0.000 ShieldInt: 3 ShieldDist: 0.399
---------------------------------------
Evaluation over 20 episodes: 0.800 Cost 24.350.             SafeRL used : use_qpsl
---------------------------------------
[34;1m
Time: 2026-07-02 06:19:05, Time spent from previous logger: 198.123 s[0m
[34;1mCustomLogger with fileds: ['total_steps', 'EpRet', 'EpCost', 'CostRate', 'MeanPain', 'TriggerRate', 'MeanRisk', 'MeanLongitudinalDelta', 'SteeringLimitRate'][0m
[34;1mfieldvalues: [990000, 0.8, 24.35, 0.03140912263547741, 0.0, 0.0, 0.0, 0.0, 0.0]
[0m
arrive destination: True ,out of road:False   Total T: 990434 Episode Num: 2784 Episode T: 492 Reward: 497.956 Cost: 14.000 ShieldInt: 23 ShieldDist: 16.931
arrive destination: True ,out of road:False   Total T: 990795 Episode Num: 2785 Episode T: 361 Reward: 403.456 Cost: 4.000 ShieldInt: 25 ShieldDist: 31.796
arrive destination: False ,out of road:True   Total T: 990931 Episode Num: 2786 Episode T: 136 Reward: 163.099 Cost: 1.000 ShieldInt: 5 ShieldDist: 0.681
arrive destination: True ,out of road:False   Total T: 991251 Episode Num: 2787 Episode T: 320 Reward: 272.070 Cost: 19.000 ShieldInt: 23 ShieldDist: 31.951
arrive destination: True ,out of road:False   Total T: 991766 Episode Num: 2788 Episode T: 515 Reward: 501.364 Cost: 37.000 ShieldInt: 23 ShieldDist: 22.596
arrive destination: True ,out of road:False   Total T: 992114 Episode Num: 2789 Episode T: 348 Reward: 376.758 Cost: 12.000 ShieldInt: 20 ShieldDist: 22.640
arrive destination: False ,out of road:True   Total T: 992213 Episode Num: 2790 Episode T: 99 Reward: 77.656 Cost: 4.000 ShieldInt: 1 ShieldDist: 0.150
arrive destination: True ,out of road:False   Total T: 992640 Episode Num: 2791 Episode T: 427 Reward: 384.474 Cost: 17.000 ShieldInt: 36 ShieldDist: 47.037
arrive destination: True ,out of road:False   Total T: 993033 Episode Num: 2792 Episode T: 393 Reward: 388.959 Cost: 15.000 ShieldInt: 23 ShieldDist: 8.283
arrive destination: True ,out of road:False   Total T: 993413 Episode Num: 2793 Episode T: 380 Reward: 419.873 Cost: 3.000 ShieldInt: 10 ShieldDist: 1.355
arrive destination: True ,out of road:False   Total T: 993649 Episode Num: 2794 Episode T: 236 Reward: 273.436 Cost: 0.000 ShieldInt: 6 ShieldDist: 0.854
arrive destination: True ,out of road:False   Total T: 994066 Episode Num: 2795 Episode T: 417 Reward: 378.962 Cost: 14.000 ShieldInt: 48 ShieldDist: 57.568
arrive destination: True ,out of road:False   Total T: 994449 Episode Num: 2796 Episode T: 383 Reward: 413.594 Cost: 3.000 ShieldInt: 24 ShieldDist: 22.352
arrive destination: True ,out of road:False   Total T: 994713 Episode Num: 2797 Episode T: 264 Reward: 295.379 Cost: 5.000 ShieldInt: 17 ShieldDist: 21.673
arrive destination: True ,out of road:False   Total T: 994943 Episode Num: 2798 Episode T: 230 Reward: 269.739 Cost: 2.000 ShieldInt: 8 ShieldDist: 1.064
arrive destination: True ,out of road:False   Total T: 995324 Episode Num: 2799 Episode T: 381 Reward: 387.077 Cost: 3.000 ShieldInt: 23 ShieldDist: 3.228
arrive destination: True ,out of road:False   Total T: 995580 Episode Num: 2800 Episode T: 256 Reward: 272.099 Cost: 0.000 ShieldInt: 8 ShieldDist: 1.123
arrive destination: True ,out of road:False   Total T: 996100 Episode Num: 2801 Episode T: 520 Reward: 384.869 Cost: 31.000 ShieldInt: 16 ShieldDist: 8.633
arrive destination: False ,out of road:True   Total T: 996315 Episode Num: 2802 Episode T: 215 Reward: 238.213 Cost: 3.000 ShieldInt: 10 ShieldDist: 4.403
arrive destination: False ,out of road:True   Total T: 996413 Episode Num: 2803 Episode T: 98 Reward: 77.138 Cost: 3.000 ShieldInt: 4 ShieldDist: 0.564
arrive destination: True ,out of road:False   Total T: 996778 Episode Num: 2804 Episode T: 365 Reward: 390.915 Cost: 22.000 ShieldInt: 29 ShieldDist: 20.868
arrive destination: False ,out of road:True   Total T: 996876 Episode Num: 2805 Episode T: 98 Reward: 83.571 Cost: 1.000 ShieldInt: 4 ShieldDist: 0.554
arrive destination: True ,out of road:False   Total T: 997510 Episode Num: 2806 Episode T: 634 Reward: 424.794 Cost: 40.000 ShieldInt: 41 ShieldDist: 28.414
arrive destination: True ,out of road:False   Total T: 997931 Episode Num: 2807 Episode T: 421 Reward: 470.832 Cost: 13.000 ShieldInt: 14 ShieldDist: 5.423
arrive destination: True ,out of road:False   Total T: 998180 Episode Num: 2808 Episode T: 249 Reward: 295.699 Cost: 6.000 ShieldInt: 17 ShieldDist: 19.628
arrive destination: True ,out of road:False   Total T: 998431 Episode Num: 2809 Episode T: 251 Reward: 242.567 Cost: 13.000 ShieldInt: 19 ShieldDist: 23.847
arrive destination: True ,out of road:False   Total T: 998668 Episode Num: 2810 Episode T: 237 Reward: 270.216 Cost: 0.000 ShieldInt: 6 ShieldDist: 0.890
arrive destination: True ,out of road:False   Total T: 999087 Episode Num: 2811 Episode T: 419 Reward: 418.107 Cost: 13.000 ShieldInt: 16 ShieldDist: 9.627
arrive destination: False ,out of road:True   Total T: 999786 Episode Num: 2812 Episode T: 699 Reward: 310.763 Cost: 101.000 ShieldInt: 65 ShieldDist: 14.733
---------------------------------------
Evaluation over 20 episodes: 0.950 Cost 14.950.             SafeRL used : use_qpsl
---------------------------------------
[34;1m
Time: 2026-07-02 06:22:16, Time spent from previous logger: 190.903 s[0m
[34;1mCustomLogger with fileds: ['total_steps', 'EpRet', 'EpCost', 'CostRate', 'MeanPain', 'TriggerRate', 'MeanRisk', 'MeanLongitudinalDelta', 'SteeringLimitRate'][0m
[34;1mfieldvalues: [1000000, 0.95, 14.95, 0.031497031497031494, 0.0, 0.0, 0.0, 0.0, 0.0]
[0m
Successfully registered the following environments: ['MetaDrive-validation-v0', 'MetaDrive-10env-v0', 'MetaDrive-100envs-v0', 'MetaDrive-1000envs-v0', 'SafeMetaDrive-validation-v0', 'SafeMetaDrive-10env-v0', 'SafeMetaDrive-100envs-v0', 'SafeMetaDrive-1000envs-v0', 'MARLTollgate-v0', 'MARLBottleneck-v0', 'MARLRoundabout-v0', 'MARLIntersection-v0', 'MARLParkingLot-v0', 'MARLMetaDrive-v0'].
