Running full paper-style training: tag=paper_1m_20260629 algo=qpsl seed=0 task=15
Successfully registered the following environments: ['MetaDrive-validation-v0', 'MetaDrive-10env-v0', 'MetaDrive-100envs-v0', 'MetaDrive-1000envs-v0', 'SafeMetaDrive-validation-v0', 'SafeMetaDrive-10env-v0', 'SafeMetaDrive-100envs-v0', 'SafeMetaDrive-1000envs-v0', 'MARLTollgate-v0', 'MARLBottleneck-v0', 'MARLRoundabout-v0', 'MARLIntersection-v0', 'MARLParkingLot-v0', 'MARLMetaDrive-v0'].
arrive destination: False ,out of road:False   Total T: 1000 Episode Num: 1 Episode T: 1000 Reward: 10.267 Cost: 0.000
arrive destination: False ,out of road:False   Total T: 2000 Episode Num: 2 Episode T: 1000 Reward: 11.639 Cost: 0.000
arrive destination: False ,out of road:False   Total T: 3000 Episode Num: 3 Episode T: 1000 Reward: 10.703 Cost: 0.000
arrive destination: False ,out of road:False   Total T: 4000 Episode Num: 4 Episode T: 1000 Reward: 11.215 Cost: 0.000
arrive destination: False ,out of road:False   Total T: 5000 Episode Num: 5 Episode T: 1000 Reward: 11.925 Cost: 0.000
arrive destination: False ,out of road:False   Total T: 6000 Episode Num: 6 Episode T: 1000 Reward: 13.100 Cost: 0.000
arrive destination: False ,out of road:False   Total T: 7000 Episode Num: 7 Episode T: 1000 Reward: 12.042 Cost: 0.000
arrive destination: False ,out of road:False   Total T: 8000 Episode Num: 8 Episode T: 1000 Reward: 11.209 Cost: 0.000
arrive destination: False ,out of road:False   Total T: 9000 Episode Num: 9 Episode T: 1000 Reward: 12.715 Cost: 0.000
arrive destination: False ,out of road:False   Total T: 10000 Episode Num: 10 Episode T: 1000 Reward: 9.893 Cost: 0.000
---------------------------------------
Evaluation over 20 episodes: 0.000 Cost 1.000.             SafeRL used : use_qpsl
---------------------------------------
[34;1m
Time: 2026-06-29 21:47:18, Time spent from previous logger: 41.540 s[0m
[34;1mCustomLogger with fileds: ['total_steps', 'EpRet', 'EpCost', 'CostRate'][0m
[34;1mfieldvalues: [10000, 0.0, 1.0, 0.0]
[0m
arrive destination: False ,out of road:True   Total T: 10031 Episode Num: 11 Episode T: 31 Reward: -0.871 Cost: 1.000
arrive destination: False ,out of road:True   Total T: 10063 Episode Num: 12 Episode T: 32 Reward: -3.120 Cost: 1.000
arrive destination: False ,out of road:True   Total T: 10096 Episode Num: 13 Episode T: 33 Reward: -2.407 Cost: 1.000
arrive destination: False ,out of road:True   Total T: 10122 Episode Num: 14 Episode T: 26 Reward: -3.382 Cost: 1.000
arrive destination: False ,out of road:True   Total T: 10137 Episode Num: 15 Episode T: 15 Reward: -5.374 Cost: 1.000
arrive destination: False ,out of road:True   Total T: 10152 Episode Num: 16 Episode T: 15 Reward: -5.458 Cost: 1.000
arrive destination: False ,out of road:True   Total T: 10187 Episode Num: 17 Episode T: 35 Reward: -1.144 Cost: 1.000
arrive destination: False ,out of road:True   Total T: 10220 Episode Num: 18 Episode T: 33 Reward: -3.257 Cost: 1.000
arrive destination: False ,out of road:True   Total T: 10245 Episode Num: 19 Episode T: 25 Reward: -3.545 Cost: 1.000
arrive destination: False ,out of road:True   Total T: 10260 Episode Num: 20 Episode T: 15 Reward: -5.394 Cost: 1.000
arrive destination: False ,out of road:True   Total T: 10286 Episode Num: 21 Episode T: 26 Reward: -3.512 Cost: 1.000
arrive destination: False ,out of road:True   Total T: 10312 Episode Num: 22 Episode T: 26 Reward: -3.446 Cost: 1.000
arrive destination: False ,out of road:True   Total T: 10327 Episode Num: 23 Episode T: 15 Reward: -5.363 Cost: 1.000
arrive destination: False ,out of road:True   Total T: 10359 Episode Num: 24 Episode T: 32 Reward: -3.296 Cost: 1.000
arrive destination: False ,out of road:True   Total T: 10374 Episode Num: 25 Episode T: 15 Reward: -5.377 Cost: 1.000
arrive destination: False ,out of road:True   Total T: 10499 Episode Num: 26 Episode T: 125 Reward: -0.009 Cost: 1.000
arrive destination: False ,out of road:True   Total T: 10667 Episode Num: 27 Episode T: 168 Reward: 16.289 Cost: 1.000
arrive destination: False ,out of road:True   Total T: 10683 Episode Num: 28 Episode T: 16 Reward: -5.233 Cost: 1.000
arrive destination: False ,out of road:True   Total T: 10771 Episode Num: 29 Episode T: 88 Reward: 5.315 Cost: 1.000
arrive destination: False ,out of road:True   Total T: 10834 Episode Num: 30 Episode T: 63 Reward: 3.363 Cost: 1.000
arrive destination: False ,out of road:True   Total T: 10888 Episode Num: 31 Episode T: 54 Reward: 4.277 Cost: 1.000
arrive destination: False ,out of road:True   Total T: 10943 Episode Num: 32 Episode T: 55 Reward: 10.019 Cost: 1.000
arrive destination: False ,out of road:True   Total T: 11002 Episode Num: 33 Episode T: 59 Reward: 6.935 Cost: 1.000
arrive destination: False ,out of road:True   Total T: 11067 Episode Num: 34 Episode T: 65 Reward: 5.760 Cost: 1.000
arrive destination: False ,out of road:True   Total T: 11114 Episode Num: 35 Episode T: 47 Reward: 4.816 Cost: 1.000
arrive destination: False ,out of road:True   Total T: 11160 Episode Num: 36 Episode T: 46 Reward: 7.147 Cost: 1.000
arrive destination: False ,out of road:True   Total T: 11201 Episode Num: 37 Episode T: 41 Reward: 3.719 Cost: 1.000
arrive destination: False ,out of road:True   Total T: 11254 Episode Num: 38 Episode T: 53 Reward: 10.491 Cost: 1.000
arrive destination: False ,out of road:True   Total T: 11277 Episode Num: 39 Episode T: 23 Reward: -3.318 Cost: 1.000
arrive destination: False ,out of road:True   Total T: 11331 Episode Num: 40 Episode T: 54 Reward: 10.921 Cost: 1.000
arrive destination: False ,out of road:True   Total T: 11381 Episode Num: 41 Episode T: 50 Reward: 2.948 Cost: 1.000
arrive destination: False ,out of road:True   Total T: 11417 Episode Num: 42 Episode T: 36 Reward: 1.125 Cost: 1.000
arrive destination: False ,out of road:True   Total T: 11475 Episode Num: 43 Episode T: 58 Reward: 8.531 Cost: 1.000
arrive destination: False ,out of road:True   Total T: 11495 Episode Num: 44 Episode T: 20 Reward: -4.073 Cost: 1.000
arrive destination: False ,out of road:True   Total T: 11563 Episode Num: 45 Episode T: 68 Reward: 18.323 Cost: 1.000
arrive destination: False ,out of road:True   Total T: 11616 Episode Num: 46 Episode T: 53 Reward: 11.801 Cost: 1.000
arrive destination: False ,out of road:True   Total T: 11661 Episode Num: 47 Episode T: 45 Reward: 4.362 Cost: 1.000
arrive destination: False ,out of road:True   Total T: 11724 Episode Num: 48 Episode T: 63 Reward: 14.326 Cost: 1.000
arrive destination: False ,out of road:True   Total T: 11936 Episode Num: 49 Episode T: 212 Reward: 76.886 Cost: 1.000
arrive destination: False ,out of road:True   Total T: 12011 Episode Num: 50 Episode T: 75 Reward: 24.132 Cost: 1.000
arrive destination: False ,out of road:True   Total T: 12149 Episode Num: 51 Episode T: 138 Reward: 54.240 Cost: 1.000
arrive destination: False ,out of road:True   Total T: 12256 Episode Num: 52 Episode T: 107 Reward: 46.266 Cost: 1.000
arrive destination: False ,out of road:True   Total T: 12358 Episode Num: 53 Episode T: 102 Reward: 37.104 Cost: 1.000
arrive destination: False ,out of road:True   Total T: 12404 Episode Num: 54 Episode T: 46 Reward: 6.641 Cost: 1.000
arrive destination: False ,out of road:True   Total T: 12532 Episode Num: 55 Episode T: 128 Reward: 56.796 Cost: 1.000
arrive destination: False ,out of road:True   Total T: 12678 Episode Num: 56 Episode T: 146 Reward: 58.289 Cost: 1.000
arrive destination: True ,out of road:False   Total T: 13153 Episode Num: 57 Episode T: 475 Reward: 275.558 Cost: 0.000
arrive destination: True ,out of road:False   Total T: 13510 Episode Num: 58 Episode T: 357 Reward: 279.030 Cost: 2.000
arrive destination: True ,out of road:False   Total T: 14056 Episode Num: 59 Episode T: 546 Reward: 399.051 Cost: 5.000
arrive destination: True ,out of road:False   Total T: 14474 Episode Num: 60 Episode T: 418 Reward: 369.172 Cost: 42.000
arrive destination: True ,out of road:False   Total T: 14753 Episode Num: 61 Episode T: 279 Reward: 235.507 Cost: 2.000
arrive destination: False ,out of road:False   Total T: 15753 Episode Num: 62 Episode T: 1000 Reward: 75.834 Cost: 9.000
arrive destination: False ,out of road:True   Total T: 15848 Episode Num: 63 Episode T: 95 Reward: 53.135 Cost: 1.000
arrive destination: False ,out of road:True   Total T: 15985 Episode Num: 64 Episode T: 137 Reward: 123.041 Cost: 1.000
arrive destination: False ,out of road:True   Total T: 16167 Episode Num: 65 Episode T: 182 Reward: 132.272 Cost: 5.000
arrive destination: False ,out of road:True   Total T: 16335 Episode Num: 66 Episode T: 168 Reward: 159.654 Cost: 3.000
arrive destination: False ,out of road:True   Total T: 16420 Episode Num: 67 Episode T: 85 Reward: 58.244 Cost: 1.000
arrive destination: False ,out of road:True   Total T: 16501 Episode Num: 68 Episode T: 81 Reward: 37.370 Cost: 1.000
arrive destination: False ,out of road:True   Total T: 16578 Episode Num: 69 Episode T: 77 Reward: 34.813 Cost: 1.000
arrive destination: False ,out of road:True   Total T: 16733 Episode Num: 70 Episode T: 155 Reward: 131.481 Cost: 1.000
arrive destination: False ,out of road:True   Total T: 16877 Episode Num: 71 Episode T: 144 Reward: 140.969 Cost: 1.000
arrive destination: False ,out of road:True   Total T: 16942 Episode Num: 72 Episode T: 65 Reward: 32.086 Cost: 1.000
arrive destination: False ,out of road:True   Total T: 17022 Episode Num: 73 Episode T: 80 Reward: 45.015 Cost: 1.000
arrive destination: False ,out of road:True   Total T: 17135 Episode Num: 74 Episode T: 113 Reward: 93.627 Cost: 1.000
arrive destination: False ,out of road:True   Total T: 17271 Episode Num: 75 Episode T: 136 Reward: 131.287 Cost: 1.000
arrive destination: False ,out of road:True   Total T: 17476 Episode Num: 76 Episode T: 205 Reward: 138.681 Cost: 4.000
arrive destination: False ,out of road:True   Total T: 17677 Episode Num: 77 Episode T: 201 Reward: 133.170 Cost: 8.000
arrive destination: True ,out of road:False   Total T: 17953 Episode Num: 78 Episode T: 276 Reward: 284.206 Cost: 5.000
arrive destination: False ,out of road:True   Total T: 18082 Episode Num: 79 Episode T: 129 Reward: 122.082 Cost: 1.000
arrive destination: False ,out of road:True   Total T: 18217 Episode Num: 80 Episode T: 135 Reward: 132.011 Cost: 3.000
arrive destination: False ,out of road:True   Total T: 18359 Episode Num: 81 Episode T: 142 Reward: 115.617 Cost: 16.000
arrive destination: False ,out of road:True   Total T: 18460 Episode Num: 82 Episode T: 101 Reward: 78.658 Cost: 4.000
arrive destination: False ,out of road:True   Total T: 18560 Episode Num: 83 Episode T: 100 Reward: 86.988 Cost: 2.000
arrive destination: False ,out of road:True   Total T: 18626 Episode Num: 84 Episode T: 66 Reward: 34.607 Cost: 1.000
arrive destination: True ,out of road:False   Total T: 19056 Episode Num: 85 Episode T: 430 Reward: 408.105 Cost: 26.000
arrive destination: True ,out of road:False   Total T: 19263 Episode Num: 86 Episode T: 207 Reward: 269.526 Cost: 5.000
arrive destination: True ,out of road:False   Total T: 19733 Episode Num: 87 Episode T: 470 Reward: 378.126 Cost: 40.000
arrive destination: True ,out of road:False   Total T: 19987 Episode Num: 88 Episode T: 254 Reward: 233.351 Cost: 18.000
---------------------------------------
Evaluation over 20 episodes: 0.400 Cost 10.700.             SafeRL used : use_qpsl
---------------------------------------
[34;1m
Time: 2026-06-29 21:49:28, Time spent from previous logger: 130.505 s[0m
[34;1mCustomLogger with fileds: ['total_steps', 'EpRet', 'EpCost', 'CostRate'][0m
[34;1mfieldvalues: [20000, 0.4, 10.7, 0.012900645032251613]
[0m
arrive destination: True ,out of road:False   Total T: 20490 Episode Num: 89 Episode T: 503 Reward: 472.709 Cost: 26.000
arrive destination: False ,out of road:True   Total T: 20578 Episode Num: 90 Episode T: 88 Reward: 62.081 Cost: 1.000
arrive destination: False ,out of road:True   Total T: 21318 Episode Num: 91 Episode T: 740 Reward: 379.309 Cost: 31.000
arrive destination: False ,out of road:False   Total T: 22318 Episode Num: 92 Episode T: 1000 Reward: 319.958 Cost: 28.000
arrive destination: False ,out of road:True   Total T: 22466 Episode Num: 93 Episode T: 148 Reward: 153.732 Cost: 5.000
arrive destination: False ,out of road:True   Total T: 22933 Episode Num: 94 Episode T: 467 Reward: 238.294 Cost: 42.000
arrive destination: True ,out of road:False   Total T: 23189 Episode Num: 95 Episode T: 256 Reward: 233.110 Cost: 34.000
arrive destination: True ,out of road:False   Total T: 23462 Episode Num: 96 Episode T: 273 Reward: 287.490 Cost: 4.000
arrive destination: False ,out of road:True   Total T: 23593 Episode Num: 97 Episode T: 131 Reward: 130.663 Cost: 1.000
arrive destination: True ,out of road:False   Total T: 23881 Episode Num: 98 Episode T: 288 Reward: 295.260 Cost: 9.000
arrive destination: True ,out of road:False   Total T: 24135 Episode Num: 99 Episode T: 254 Reward: 305.264 Cost: 14.000
arrive destination: True ,out of road:False   Total T: 24346 Episode Num: 100 Episode T: 211 Reward: 269.436 Cost: 3.000
arrive destination: True ,out of road:False   Total T: 24632 Episode Num: 101 Episode T: 286 Reward: 233.420 Cost: 9.000
arrive destination: False ,out of road:True   Total T: 24941 Episode Num: 102 Episode T: 309 Reward: 211.386 Cost: 15.000
arrive destination: False ,out of road:True   Total T: 25060 Episode Num: 103 Episode T: 119 Reward: 129.005 Cost: 4.000
arrive destination: False ,out of road:True   Total T: 25228 Episode Num: 104 Episode T: 168 Reward: 124.200 Cost: 7.000
arrive destination: True ,out of road:False   Total T: 25480 Episode Num: 105 Episode T: 252 Reward: 234.592 Cost: 10.000
arrive destination: False ,out of road:True   Total T: 25703 Episode Num: 106 Episode T: 223 Reward: 165.110 Cost: 1.000
arrive destination: False ,out of road:True   Total T: 25795 Episode Num: 107 Episode T: 92 Reward: 64.170 Cost: 1.000
arrive destination: False ,out of road:True   Total T: 25878 Episode Num: 108 Episode T: 83 Reward: 57.092 Cost: 1.000
arrive destination: False ,out of road:True   Total T: 26003 Episode Num: 109 Episode T: 125 Reward: 131.721 Cost: 3.000
arrive destination: True ,out of road:False   Total T: 26255 Episode Num: 110 Episode T: 252 Reward: 234.426 Cost: 5.000
arrive destination: False ,out of road:True   Total T: 26442 Episode Num: 111 Episode T: 187 Reward: 234.144 Cost: 1.000
arrive destination: False ,out of road:True   Total T: 26734 Episode Num: 112 Episode T: 292 Reward: 246.190 Cost: 18.000
arrive destination: False ,out of road:True   Total T: 26868 Episode Num: 113 Episode T: 134 Reward: 134.024 Cost: 1.000
arrive destination: True ,out of road:False   Total T: 27495 Episode Num: 114 Episode T: 627 Reward: 495.724 Cost: 19.000
arrive destination: True ,out of road:False   Total T: 27722 Episode Num: 115 Episode T: 227 Reward: 245.899 Cost: 0.000
arrive destination: False ,out of road:True   Total T: 27818 Episode Num: 116 Episode T: 96 Reward: 77.571 Cost: 2.000
arrive destination: True ,out of road:False   Total T: 28070 Episode Num: 117 Episode T: 252 Reward: 271.704 Cost: 9.000
arrive destination: True ,out of road:False   Total T: 28420 Episode Num: 118 Episode T: 350 Reward: 402.630 Cost: 0.000
arrive destination: True ,out of road:False   Total T: 28825 Episode Num: 119 Episode T: 405 Reward: 356.791 Cost: 11.000
arrive destination: False ,out of road:True   Total T: 28907 Episode Num: 120 Episode T: 82 Reward: 58.803 Cost: 1.000
arrive destination: True ,out of road:False   Total T: 29303 Episode Num: 121 Episode T: 396 Reward: 335.998 Cost: 26.000
---------------------------------------
Evaluation over 20 episodes: 0.550 Cost 16.200.             SafeRL used : use_qpsl
---------------------------------------
[34;1m
Time: 2026-06-29 21:51:53, Time spent from previous logger: 145.204 s[0m
[34;1mCustomLogger with fileds: ['total_steps', 'EpRet', 'EpCost', 'CostRate'][0m
[34;1mfieldvalues: [30000, 0.55, 16.2, 0.020967365578852627]
[0m
arrive destination: True ,out of road:False   Total T: 30237 Episode Num: 122 Episode T: 934 Reward: 500.872 Cost: 29.000
arrive destination: True ,out of road:False   Total T: 30593 Episode Num: 123 Episode T: 356 Reward: 279.466 Cost: 9.000
arrive destination: False ,out of road:True   Total T: 30936 Episode Num: 124 Episode T: 343 Reward: 354.072 Cost: 7.000
arrive destination: False ,out of road:True   Total T: 31039 Episode Num: 125 Episode T: 103 Reward: 89.435 Cost: 2.000
arrive destination: True ,out of road:False   Total T: 31255 Episode Num: 126 Episode T: 216 Reward: 244.886 Cost: 0.000
arrive destination: True ,out of road:False   Total T: 31715 Episode Num: 127 Episode T: 460 Reward: 406.774 Cost: 15.000
arrive destination: True ,out of road:False   Total T: 31980 Episode Num: 128 Episode T: 265 Reward: 268.320 Cost: 12.000
arrive destination: True ,out of road:False   Total T: 32440 Episode Num: 129 Episode T: 460 Reward: 472.005 Cost: 40.000
arrive destination: True ,out of road:False   Total T: 32695 Episode Num: 130 Episode T: 255 Reward: 232.935 Cost: 19.000
arrive destination: True ,out of road:False   Total T: 32946 Episode Num: 131 Episode T: 251 Reward: 269.165 Cost: 5.000
arrive destination: True ,out of road:False   Total T: 33393 Episode Num: 132 Episode T: 447 Reward: 378.885 Cost: 7.000
arrive destination: False ,out of road:True   Total T: 33615 Episode Num: 133 Episode T: 222 Reward: 128.027 Cost: 14.000
arrive destination: True ,out of road:False   Total T: 33797 Episode Num: 134 Episode T: 182 Reward: 268.710 Cost: 5.000
arrive destination: False ,out of road:True   Total T: 34102 Episode Num: 135 Episode T: 305 Reward: 203.114 Cost: 15.000
arrive destination: True ,out of road:False   Total T: 34482 Episode Num: 136 Episode T: 380 Reward: 404.335 Cost: 1.000
arrive destination: True ,out of road:False   Total T: 34982 Episode Num: 137 Episode T: 500 Reward: 471.467 Cost: 29.000
arrive destination: True ,out of road:False   Total T: 35222 Episode Num: 138 Episode T: 240 Reward: 267.729 Cost: 3.000
arrive destination: False ,out of road:True   Total T: 35323 Episode Num: 139 Episode T: 101 Reward: 73.798 Cost: 4.000
arrive destination: True ,out of road:False   Total T: 35575 Episode Num: 140 Episode T: 252 Reward: 295.298 Cost: 15.000
arrive destination: True ,out of road:False   Total T: 35755 Episode Num: 141 Episode T: 180 Reward: 269.010 Cost: 0.000
arrive destination: False ,out of road:True   Total T: 35856 Episode Num: 142 Episode T: 101 Reward: 77.522 Cost: 5.000
arrive destination: True ,out of road:False   Total T: 36142 Episode Num: 143 Episode T: 286 Reward: 267.502 Cost: 10.000
arrive destination: True ,out of road:False   Total T: 36518 Episode Num: 144 Episode T: 376 Reward: 336.230 Cost: 5.000
arrive destination: True ,out of road:False   Total T: 36815 Episode Num: 145 Episode T: 297 Reward: 268.566 Cost: 6.000
arrive destination: False ,out of road:True   Total T: 36922 Episode Num: 146 Episode T: 107 Reward: 81.868 Cost: 2.000
arrive destination: False ,out of road:True   Total T: 37259 Episode Num: 147 Episode T: 337 Reward: 244.203 Cost: 15.000
arrive destination: False ,out of road:True   Total T: 37391 Episode Num: 148 Episode T: 132 Reward: 79.987 Cost: 1.000
arrive destination: True ,out of road:False   Total T: 37706 Episode Num: 149 Episode T: 315 Reward: 277.321 Cost: 4.000
arrive destination: True ,out of road:False   Total T: 38000 Episode Num: 150 Episode T: 294 Reward: 294.554 Cost: 16.000
arrive destination: False ,out of road:True   Total T: 38291 Episode Num: 151 Episode T: 291 Reward: 221.672 Cost: 9.000
arrive destination: True ,out of road:False   Total T: 38677 Episode Num: 152 Episode T: 386 Reward: 400.871 Cost: 0.000
arrive destination: True ,out of road:True   Total T: 39106 Episode Num: 153 Episode T: 429 Reward: 415.458 Cost: 17.000
arrive destination: True ,out of road:False   Total T: 39414 Episode Num: 154 Episode T: 308 Reward: 296.131 Cost: 10.000
arrive destination: False ,out of road:True   Total T: 39516 Episode Num: 155 Episode T: 102 Reward: 74.461 Cost: 1.000
arrive destination: True ,out of road:False   Total T: 39942 Episode Num: 156 Episode T: 426 Reward: 367.022 Cost: 12.000
---------------------------------------
Evaluation over 20 episodes: 0.300 Cost 12.900.             SafeRL used : use_qpsl
---------------------------------------
[34;1m
Time: 2026-06-29 21:54:14, Time spent from previous logger: 140.519 s[0m
[34;1mCustomLogger with fileds: ['total_steps', 'EpRet', 'EpCost', 'CostRate'][0m
[34;1mfieldvalues: [40000, 0.3, 12.9, 0.02360059001475037]
[0m
arrive destination: True ,out of road:False   Total T: 40365 Episode Num: 157 Episode T: 423 Reward: 433.500 Cost: 0.000
arrive destination: False ,out of road:True   Total T: 40460 Episode Num: 158 Episode T: 95 Reward: 83.597 Cost: 2.000
arrive destination: False ,out of road:True   Total T: 40563 Episode Num: 159 Episode T: 103 Reward: 75.060 Cost: 4.000
arrive destination: True ,out of road:False   Total T: 40789 Episode Num: 160 Episode T: 226 Reward: 243.336 Cost: 0.000
arrive destination: False ,out of road:True   Total T: 41090 Episode Num: 161 Episode T: 301 Reward: 194.317 Cost: 10.000
arrive destination: False ,out of road:True   Total T: 41259 Episode Num: 162 Episode T: 169 Reward: 206.216 Cost: 1.000
arrive destination: False ,out of road:True   Total T: 41551 Episode Num: 163 Episode T: 292 Reward: 238.597 Cost: 6.000
arrive destination: False ,out of road:True   Total T: 41750 Episode Num: 164 Episode T: 199 Reward: 129.564 Cost: 2.000
arrive destination: False ,out of road:True   Total T: 41849 Episode Num: 165 Episode T: 99 Reward: 60.465 Cost: 5.000
arrive destination: False ,out of road:True   Total T: 41986 Episode Num: 166 Episode T: 137 Reward: 133.188 Cost: 1.000
arrive destination: True ,out of road:False   Total T: 42191 Episode Num: 167 Episode T: 205 Reward: 269.348 Cost: 0.000
arrive destination: True ,out of road:False   Total T: 42753 Episode Num: 168 Episode T: 562 Reward: 405.245 Cost: 35.000
arrive destination: True ,out of road:False   Total T: 43441 Episode Num: 169 Episode T: 688 Reward: 266.453 Cost: 11.000
arrive destination: False ,out of road:True   Total T: 43764 Episode Num: 170 Episode T: 323 Reward: 214.302 Cost: 9.000
arrive destination: True ,out of road:False   Total T: 44096 Episode Num: 171 Episode T: 332 Reward: 267.325 Cost: 13.000
arrive destination: True ,out of road:False   Total T: 44375 Episode Num: 172 Episode T: 279 Reward: 277.507 Cost: 8.000
arrive destination: True ,out of road:False   Total T: 44885 Episode Num: 173 Episode T: 510 Reward: 473.722 Cost: 60.000
arrive destination: False ,out of road:True   Total T: 45193 Episode Num: 174 Episode T: 308 Reward: 275.861 Cost: 18.000
arrive destination: True ,out of road:False   Total T: 45567 Episode Num: 175 Episode T: 374 Reward: 402.571 Cost: 0.000
arrive destination: True ,out of road:False   Total T: 45937 Episode Num: 176 Episode T: 370 Reward: 336.080 Cost: 14.000
arrive destination: False ,out of road:True   Total T: 46112 Episode Num: 177 Episode T: 175 Reward: 202.011 Cost: 9.000
arrive destination: True ,out of road:False   Total T: 46380 Episode Num: 178 Episode T: 268 Reward: 285.947 Cost: 27.000
arrive destination: True ,out of road:False   Total T: 46608 Episode Num: 179 Episode T: 228 Reward: 244.970 Cost: 0.000
arrive destination: False ,out of road:True   Total T: 46750 Episode Num: 180 Episode T: 142 Reward: 144.041 Cost: 4.000
arrive destination: False ,out of road:True   Total T: 46948 Episode Num: 181 Episode T: 198 Reward: 217.809 Cost: 4.000
arrive destination: False ,out of road:True   Total T: 47046 Episode Num: 182 Episode T: 98 Reward: 69.320 Cost: 3.000
arrive destination: True ,out of road:False   Total T: 47319 Episode Num: 183 Episode T: 273 Reward: 232.806 Cost: 3.000
arrive destination: False ,out of road:True   Total T: 47681 Episode Num: 184 Episode T: 362 Reward: 207.602 Cost: 19.000
arrive destination: True ,out of road:False   Total T: 48077 Episode Num: 185 Episode T: 396 Reward: 401.407 Cost: 3.000
arrive destination: True ,out of road:False   Total T: 48329 Episode Num: 186 Episode T: 252 Reward: 295.917 Cost: 9.000
arrive destination: True ,out of road:False   Total T: 48655 Episode Num: 187 Episode T: 326 Reward: 269.152 Cost: 13.000
arrive destination: True ,out of road:False   Total T: 48943 Episode Num: 188 Episode T: 288 Reward: 295.852 Cost: 9.000
arrive destination: True ,out of road:False   Total T: 49467 Episode Num: 189 Episode T: 524 Reward: 368.585 Cost: 29.000
arrive destination: True ,out of road:False   Total T: 49770 Episode Num: 190 Episode T: 303 Reward: 294.276 Cost: 4.000
---------------------------------------
Evaluation over 20 episodes: 0.650 Cost 14.200.             SafeRL used : use_qpsl
---------------------------------------
[34;1m
Time: 2026-06-29 21:56:33, Time spent from previous logger: 138.953 s[0m
[34;1mCustomLogger with fileds: ['total_steps', 'EpRet', 'EpCost', 'CostRate'][0m
[34;1mfieldvalues: [50000, 0.65, 14.2, 0.025740514810296204]
[0m
arrive destination: True ,out of road:False   Total T: 50199 Episode Num: 191 Episode T: 429 Reward: 520.281 Cost: 8.000
arrive destination: True ,out of road:False   Total T: 50487 Episode Num: 192 Episode T: 288 Reward: 295.977 Cost: 12.000
arrive destination: True ,out of road:False   Total T: 50818 Episode Num: 193 Episode T: 331 Reward: 296.086 Cost: 9.000
arrive destination: False ,out of road:True   Total T: 51102 Episode Num: 194 Episode T: 284 Reward: 219.737 Cost: 11.000
arrive destination: False ,out of road:True   Total T: 51277 Episode Num: 195 Episode T: 175 Reward: 186.841 Cost: 3.000
arrive destination: False ,out of road:False   Total T: 52277 Episode Num: 196 Episode T: 1000 Reward: 297.597 Cost: 12.000
arrive destination: True ,out of road:False   Total T: 52470 Episode Num: 197 Episode T: 193 Reward: 268.450 Cost: 0.000
arrive destination: True ,out of road:False   Total T: 53040 Episode Num: 198 Episode T: 570 Reward: 376.539 Cost: 8.000
arrive destination: True ,out of road:False   Total T: 53587 Episode Num: 199 Episode T: 547 Reward: 420.343 Cost: 50.000
arrive destination: False ,out of road:True   Total T: 53786 Episode Num: 200 Episode T: 199 Reward: 217.565 Cost: 5.000
arrive destination: True ,out of road:False   Total T: 54203 Episode Num: 201 Episode T: 417 Reward: 296.118 Cost: 9.000
arrive destination: True ,out of road:False   Total T: 54654 Episode Num: 202 Episode T: 451 Reward: 396.895 Cost: 7.000
arrive destination: True ,out of road:False   Total T: 54962 Episode Num: 203 Episode T: 308 Reward: 272.318 Cost: 9.000
arrive destination: True ,out of road:False   Total T: 55390 Episode Num: 204 Episode T: 428 Reward: 407.628 Cost: 0.000
arrive destination: True ,out of road:False   Total T: 55894 Episode Num: 205 Episode T: 504 Reward: 336.364 Cost: 2.000
arrive destination: False ,out of road:False   Total T: 56894 Episode Num: 206 Episode T: 1000 Reward: 243.685 Cost: 7.000
arrive destination: True ,out of road:False   Total T: 57149 Episode Num: 207 Episode T: 255 Reward: 295.900 Cost: 18.000
arrive destination: True ,out of road:False   Total T: 57783 Episode Num: 208 Episode T: 634 Reward: 475.250 Cost: 21.000
arrive destination: False ,out of road:False   Total T: 58783 Episode Num: 209 Episode T: 1000 Reward: 316.504 Cost: 45.000
arrive destination: True ,out of road:False   Total T: 59690 Episode Num: 210 Episode T: 907 Reward: 359.883 Cost: 15.000
---------------------------------------
Evaluation over 20 episodes: 0.300 Cost 11.200.             SafeRL used : use_qpsl
---------------------------------------
[34;1m
Time: 2026-06-29 21:58:57, Time spent from previous logger: 144.118 s[0m
[34;1mCustomLogger with fileds: ['total_steps', 'EpRet', 'EpCost', 'CostRate'][0m
[34;1mfieldvalues: [60000, 0.3, 11.2, 0.025500425007083452]
[0m
arrive destination: False ,out of road:False   Total T: 60690 Episode Num: 211 Episode T: 1000 Reward: 215.300 Cost: 6.000
arrive destination: False ,out of road:True   Total T: 61140 Episode Num: 212 Episode T: 450 Reward: 433.420 Cost: 54.000
arrive destination: True ,out of road:False   Total T: 61556 Episode Num: 213 Episode T: 416 Reward: 359.618 Cost: 27.000
arrive destination: True ,out of road:False   Total T: 61942 Episode Num: 214 Episode T: 386 Reward: 401.501 Cost: 4.000
arrive destination: True ,out of road:False   Total T: 62441 Episode Num: 215 Episode T: 499 Reward: 369.158 Cost: 14.000
arrive destination: False ,out of road:False   Total T: 63441 Episode Num: 216 Episode T: 1000 Reward: 394.050 Cost: 0.000
arrive destination: True ,out of road:False   Total T: 64025 Episode Num: 217 Episode T: 584 Reward: 504.136 Cost: 47.000
arrive destination: False ,out of road:False   Total T: 65025 Episode Num: 218 Episode T: 1000 Reward: 112.457 Cost: 1.000
arrive destination: False ,out of road:False   Total T: 66025 Episode Num: 219 Episode T: 1000 Reward: 461.043 Cost: 22.000
arrive destination: True ,out of road:False   Total T: 66576 Episode Num: 220 Episode T: 551 Reward: 395.871 Cost: 32.000
arrive destination: True ,out of road:False   Total T: 67251 Episode Num: 221 Episode T: 675 Reward: 512.835 Cost: 39.000
arrive destination: False ,out of road:False   Total T: 68251 Episode Num: 222 Episode T: 1000 Reward: 390.664 Cost: 32.000
arrive destination: False ,out of road:False   Total T: 69251 Episode Num: 223 Episode T: 1000 Reward: 124.898 Cost: 4.000
arrive destination: True ,out of road:False   Total T: 69576 Episode Num: 224 Episode T: 325 Reward: 336.297 Cost: 21.000
---------------------------------------
Evaluation over 20 episodes: 0.050 Cost 7.150.             SafeRL used : use_qpsl
---------------------------------------
[34;1m
Time: 2026-06-29 22:01:15, Time spent from previous logger: 137.745 s[0m
[34;1mCustomLogger with fileds: ['total_steps', 'EpRet', 'EpCost', 'CostRate'][0m
[34;1mfieldvalues: [70000, 0.05, 7.15, 0.0265432363319476]
[0m
arrive destination: False ,out of road:True   Total T: 70338 Episode Num: 225 Episode T: 762 Reward: 632.704 Cost: 43.000
arrive destination: True ,out of road:False   Total T: 70717 Episode Num: 226 Episode T: 379 Reward: 357.541 Cost: 12.000
arrive destination: False ,out of road:False   Total T: 71717 Episode Num: 227 Episode T: 1000 Reward: 181.605 Cost: 22.000
arrive destination: False ,out of road:False   Total T: 72717 Episode Num: 228 Episode T: 1000 Reward: 280.614 Cost: 11.000
arrive destination: True ,out of road:False   Total T: 72931 Episode Num: 229 Episode T: 214 Reward: 269.049 Cost: 0.000
arrive destination: False ,out of road:False   Total T: 73931 Episode Num: 230 Episode T: 1000 Reward: 171.154 Cost: 3.000
arrive destination: False ,out of road:False   Total T: 74931 Episode Num: 231 Episode T: 1000 Reward: 393.433 Cost: 25.000
arrive destination: False ,out of road:True   Total T: 75146 Episode Num: 232 Episode T: 215 Reward: 157.766 Cost: 17.000
arrive destination: True ,out of road:False   Total T: 75460 Episode Num: 233 Episode T: 314 Reward: 275.403 Cost: 0.000
arrive destination: False ,out of road:False   Total T: 76460 Episode Num: 234 Episode T: 1000 Reward: 197.167 Cost: 7.000
arrive destination: False ,out of road:True   Total T: 76604 Episode Num: 235 Episode T: 144 Reward: 67.536 Cost: 10.000
arrive destination: True ,out of road:False   Total T: 76838 Episode Num: 236 Episode T: 234 Reward: 232.562 Cost: 20.000
arrive destination: True ,out of road:False   Total T: 77065 Episode Num: 237 Episode T: 227 Reward: 294.862 Cost: 15.000
arrive destination: False ,out of road:False   Total T: 78065 Episode Num: 238 Episode T: 1000 Reward: 448.459 Cost: 14.000
arrive destination: False ,out of road:True   Total T: 78447 Episode Num: 239 Episode T: 382 Reward: 387.672 Cost: 11.000
arrive destination: True ,out of road:False   Total T: 78826 Episode Num: 240 Episode T: 379 Reward: 405.177 Cost: 0.000
arrive destination: False ,out of road:True   Total T: 78926 Episode Num: 241 Episode T: 100 Reward: 77.143 Cost: 2.000
arrive destination: False ,out of road:True   Total T: 79136 Episode Num: 242 Episode T: 210 Reward: 187.132 Cost: 8.000
arrive destination: True ,out of road:False   Total T: 79336 Episode Num: 243 Episode T: 200 Reward: 269.836 Cost: 0.000
arrive destination: True ,out of road:False   Total T: 79883 Episode Num: 244 Episode T: 547 Reward: 409.083 Cost: 7.000
---------------------------------------
Evaluation over 20 episodes: 0.350 Cost 14.500.             SafeRL used : use_qpsl
---------------------------------------
[34;1m
Time: 2026-06-29 22:03:41, Time spent from previous logger: 146.672 s[0m
[34;1mCustomLogger with fileds: ['total_steps', 'EpRet', 'EpCost', 'CostRate'][0m
[34;1mfieldvalues: [80000, 0.35, 14.5, 0.02575032187902349]
[0m
arrive destination: False ,out of road:False   Total T: 80883 Episode Num: 245 Episode T: 1000 Reward: 423.913 Cost: 28.000
arrive destination: True ,out of road:False   Total T: 81419 Episode Num: 246 Episode T: 536 Reward: 376.645 Cost: 7.000
arrive destination: True ,out of road:False   Total T: 81761 Episode Num: 247 Episode T: 342 Reward: 294.429 Cost: 21.000
arrive destination: True ,out of road:False   Total T: 82171 Episode Num: 248 Episode T: 410 Reward: 370.791 Cost: 5.000
arrive destination: True ,out of road:False   Total T: 82474 Episode Num: 249 Episode T: 303 Reward: 295.953 Cost: 5.000
arrive destination: True ,out of road:False   Total T: 82895 Episode Num: 250 Episode T: 421 Reward: 335.848 Cost: 39.000
arrive destination: False ,out of road:True   Total T: 83075 Episode Num: 251 Episode T: 180 Reward: 132.579 Cost: 2.000
arrive destination: False ,out of road:True   Total T: 83208 Episode Num: 252 Episode T: 133 Reward: 95.530 Cost: 4.000
arrive destination: True ,out of road:False   Total T: 83722 Episode Num: 253 Episode T: 514 Reward: 410.959 Cost: 16.000
arrive destination: False ,out of road:True   Total T: 84148 Episode Num: 254 Episode T: 426 Reward: 347.060 Cost: 17.000
arrive destination: True ,out of road:False   Total T: 84402 Episode Num: 255 Episode T: 254 Reward: 271.802 Cost: 3.000
arrive destination: True ,out of road:False   Total T: 84675 Episode Num: 256 Episode T: 273 Reward: 296.040 Cost: 7.000
arrive destination: False ,out of road:True   Total T: 84890 Episode Num: 257 Episode T: 215 Reward: 178.508 Cost: 18.000
arrive destination: False ,out of road:True   Total T: 84993 Episode Num: 258 Episode T: 103 Reward: 76.021 Cost: 6.000
arrive destination: False ,out of road:False   Total T: 85993 Episode Num: 259 Episode T: 1000 Reward: 121.310 Cost: 4.000
arrive destination: True ,out of road:False   Total T: 86281 Episode Num: 260 Episode T: 288 Reward: 271.881 Cost: 6.000
arrive destination: True ,out of road:False   Total T: 86711 Episode Num: 261 Episode T: 430 Reward: 358.366 Cost: 1.000
arrive destination: False ,out of road:True   Total T: 87157 Episode Num: 262 Episode T: 446 Reward: 325.936 Cost: 14.000
arrive destination: True ,out of road:False   Total T: 87428 Episode Num: 263 Episode T: 271 Reward: 296.037 Cost: 9.000
arrive destination: False ,out of road:True   Total T: 87579 Episode Num: 264 Episode T: 151 Reward: 167.587 Cost: 1.000
arrive destination: True ,out of road:False   Total T: 87971 Episode Num: 265 Episode T: 392 Reward: 404.625 Cost: 0.000
arrive destination: True ,out of road:False   Total T: 88604 Episode Num: 266 Episode T: 633 Reward: 499.549 Cost: 15.000
arrive destination: True ,out of road:False   Total T: 89188 Episode Num: 267 Episode T: 584 Reward: 496.308 Cost: 6.000
arrive destination: False ,out of road:True   Total T: 89355 Episode Num: 268 Episode T: 167 Reward: 171.677 Cost: 12.000
arrive destination: True ,out of road:False   Total T: 89806 Episode Num: 269 Episode T: 451 Reward: 378.255 Cost: 17.000
---------------------------------------
Evaluation over 20 episodes: 0.700 Cost 15.400.             SafeRL used : use_qpsl
---------------------------------------
[34;1m
Time: 2026-06-29 22:06:16, Time spent from previous logger: 155.014 s[0m
[34;1mCustomLogger with fileds: ['total_steps', 'EpRet', 'EpCost', 'CostRate'][0m
[34;1mfieldvalues: [90000, 0.7, 15.4, 0.026011400126668072]
[0m
arrive destination: True ,out of road:False   Total T: 90502 Episode Num: 270 Episode T: 696 Reward: 439.750 Cost: 33.000
arrive destination: True ,out of road:False   Total T: 90779 Episode Num: 271 Episode T: 277 Reward: 270.238 Cost: 7.000
arrive destination: True ,out of road:False   Total T: 91223 Episode Num: 272 Episode T: 444 Reward: 473.153 Cost: 22.000
arrive destination: True ,out of road:False   Total T: 91492 Episode Num: 273 Episode T: 269 Reward: 245.794 Cost: 0.000
arrive destination: True ,out of road:False   Total T: 91894 Episode Num: 274 Episode T: 402 Reward: 404.434 Cost: 0.000
arrive destination: True ,out of road:False   Total T: 92320 Episode Num: 275 Episode T: 426 Reward: 359.234 Cost: 8.000
arrive destination: True ,out of road:False   Total T: 92524 Episode Num: 276 Episode T: 204 Reward: 269.869 Cost: 0.000
arrive destination: True ,out of road:False   Total T: 92822 Episode Num: 277 Episode T: 298 Reward: 296.009 Cost: 4.000
arrive destination: False ,out of road:True   Total T: 93050 Episode Num: 278 Episode T: 228 Reward: 172.399 Cost: 38.000
arrive destination: False ,out of road:True   Total T: 93204 Episode Num: 279 Episode T: 154 Reward: 121.754 Cost: 7.000
arrive destination: True ,out of road:False   Total T: 93491 Episode Num: 280 Episode T: 287 Reward: 233.202 Cost: 5.000
arrive destination: False ,out of road:True   Total T: 93721 Episode Num: 281 Episode T: 230 Reward: 183.075 Cost: 16.000
arrive destination: True ,out of road:False   Total T: 93945 Episode Num: 282 Episode T: 224 Reward: 269.524 Cost: 0.000
arrive destination: True ,out of road:False   Total T: 94231 Episode Num: 283 Episode T: 286 Reward: 234.432 Cost: 4.000
arrive destination: True ,out of road:False   Total T: 94741 Episode Num: 284 Episode T: 510 Reward: 294.384 Cost: 9.000
arrive destination: True ,out of road:False   Total T: 95185 Episode Num: 285 Episode T: 444 Reward: 360.500 Cost: 3.000
arrive destination: False ,out of road:True   Total T: 95280 Episode Num: 286 Episode T: 95 Reward: 77.819 Cost: 2.000
arrive destination: True ,out of road:False   Total T: 95725 Episode Num: 287 Episode T: 445 Reward: 487.720 Cost: 37.000
arrive destination: True ,out of road:False   Total T: 96204 Episode Num: 288 Episode T: 479 Reward: 409.502 Cost: 8.000
arrive destination: True ,out of road:False   Total T: 96513 Episode Num: 289 Episode T: 309 Reward: 279.373 Cost: 2.000
arrive destination: True ,out of road:False   Total T: 96957 Episode Num: 290 Episode T: 444 Reward: 476.931 Cost: 27.000
arrive destination: False ,out of road:True   Total T: 97059 Episode Num: 291 Episode T: 102 Reward: 77.547 Cost: 5.000
arrive destination: True ,out of road:False   Total T: 97705 Episode Num: 292 Episode T: 646 Reward: 495.983 Cost: 48.000
arrive destination: True ,out of road:False   Total T: 97976 Episode Num: 293 Episode T: 271 Reward: 233.171 Cost: 1.000
arrive destination: True ,out of road:False   Total T: 98615 Episode Num: 294 Episode T: 639 Reward: 495.997 Cost: 52.000
arrive destination: True ,out of road:False   Total T: 99136 Episode Num: 295 Episode T: 521 Reward: 380.676 Cost: 9.000
arrive destination: True ,out of road:False   Total T: 99348 Episode Num: 296 Episode T: 212 Reward: 268.986 Cost: 0.000
arrive destination: True ,out of road:False   Total T: 99681 Episode Num: 297 Episode T: 333 Reward: 294.397 Cost: 4.000
arrive destination: False ,out of road:True   Total T: 99779 Episode Num: 298 Episode T: 98 Reward: 69.187 Cost: 6.000
---------------------------------------
Evaluation over 20 episodes: 0.800 Cost 14.950.             SafeRL used : use_qpsl
---------------------------------------
[34;1m
Time: 2026-06-29 22:08:46, Time spent from previous logger: 149.651 s[0m
[34;1mCustomLogger with fileds: ['total_steps', 'EpRet', 'EpCost', 'CostRate'][0m
[34;1mfieldvalues: [100000, 0.8, 14.95, 0.026860268602686026]
[0m
arrive destination: False ,out of road:False   Total T: 100779 Episode Num: 299 Episode T: 1000 Reward: 478.168 Cost: 24.000
arrive destination: False ,out of road:True   Total T: 101331 Episode Num: 300 Episode T: 552 Reward: 455.890 Cost: 13.000
arrive destination: True ,out of road:False   Total T: 101832 Episode Num: 301 Episode T: 501 Reward: 368.147 Cost: 22.000
arrive destination: True ,out of road:False   Total T: 102113 Episode Num: 302 Episode T: 281 Reward: 296.126 Cost: 3.000
arrive destination: True ,out of road:False   Total T: 102595 Episode Num: 303 Episode T: 482 Reward: 379.394 Cost: 16.000
arrive destination: True ,out of road:False   Total T: 103199 Episode Num: 304 Episode T: 604 Reward: 411.329 Cost: 2.000
arrive destination: True ,out of road:False   Total T: 103619 Episode Num: 305 Episode T: 420 Reward: 403.015 Cost: 0.000
arrive destination: True ,out of road:False   Total T: 103937 Episode Num: 306 Episode T: 318 Reward: 269.508 Cost: 11.000
arrive destination: True ,out of road:False   Total T: 104173 Episode Num: 307 Episode T: 236 Reward: 295.600 Cost: 11.000
arrive destination: True ,out of road:False   Total T: 104455 Episode Num: 308 Episode T: 282 Reward: 270.161 Cost: 5.000
arrive destination: True ,out of road:False   Total T: 104650 Episode Num: 309 Episode T: 195 Reward: 269.047 Cost: 0.000
arrive destination: False ,out of road:True   Total T: 104752 Episode Num: 310 Episode T: 102 Reward: 77.488 Cost: 3.000
arrive destination: False ,out of road:True   Total T: 104990 Episode Num: 311 Episode T: 238 Reward: 229.568 Cost: 7.000
arrive destination: True ,out of road:False   Total T: 105438 Episode Num: 312 Episode T: 448 Reward: 375.091 Cost: 10.000
arrive destination: True ,out of road:False   Total T: 105873 Episode Num: 313 Episode T: 435 Reward: 354.901 Cost: 12.000
arrive destination: False ,out of road:True   Total T: 106105 Episode Num: 314 Episode T: 232 Reward: 163.302 Cost: 13.000
arrive destination: True ,out of road:False   Total T: 106327 Episode Num: 315 Episode T: 222 Reward: 244.157 Cost: 0.000
arrive destination: True ,out of road:False   Total T: 106528 Episode Num: 316 Episode T: 201 Reward: 270.029 Cost: 0.000
arrive destination: False ,out of road:True   Total T: 106939 Episode Num: 317 Episode T: 411 Reward: 251.040 Cost: 7.000
arrive destination: False ,out of road:True   Total T: 107407 Episode Num: 318 Episode T: 468 Reward: 407.847 Cost: 43.000
arrive destination: True ,out of road:False   Total T: 107658 Episode Num: 319 Episode T: 251 Reward: 245.362 Cost: 0.000
arrive destination: False ,out of road:True   Total T: 107766 Episode Num: 320 Episode T: 108 Reward: 65.671 Cost: 8.000
arrive destination: True ,out of road:False   Total T: 108405 Episode Num: 321 Episode T: 639 Reward: 495.704 Cost: 28.000
arrive destination: True ,out of road:False   Total T: 109065 Episode Num: 322 Episode T: 660 Reward: 510.431 Cost: 51.000
arrive destination: False ,out of road:True   Total T: 109228 Episode Num: 323 Episode T: 163 Reward: 118.309 Cost: 4.000
arrive destination: True ,out of road:False   Total T: 109528 Episode Num: 324 Episode T: 300 Reward: 295.989 Cost: 8.000
arrive destination: True ,out of road:False   Total T: 109855 Episode Num: 325 Episode T: 327 Reward: 284.365 Cost: 15.000
---------------------------------------
Evaluation over 20 episodes: 0.600 Cost 12.300.             SafeRL used : use_qpsl
---------------------------------------
[34;1m
Time: 2026-06-29 22:11:17, Time spent from previous logger: 150.589 s[0m
[34;1mCustomLogger with fileds: ['total_steps', 'EpRet', 'EpCost', 'CostRate'][0m
[34;1mfieldvalues: [110000, 0.6, 12.3, 0.02723661124192038]
[0m
arrive destination: True ,out of road:False   Total T: 110249 Episode Num: 326 Episode T: 394 Reward: 423.535 Cost: 3.000
arrive destination: True ,out of road:False   Total T: 110722 Episode Num: 327 Episode T: 473 Reward: 474.695 Cost: 28.000
arrive destination: True ,out of road:False   Total T: 111007 Episode Num: 328 Episode T: 285 Reward: 266.544 Cost: 3.000
arrive destination: True ,out of road:False   Total T: 111487 Episode Num: 329 Episode T: 480 Reward: 370.208 Cost: 29.000
arrive destination: False ,out of road:True   Total T: 111590 Episode Num: 330 Episode T: 103 Reward: 77.350 Cost: 4.000
arrive destination: False ,out of road:False   Total T: 112590 Episode Num: 331 Episode T: 1000 Reward: 232.163 Cost: 25.000
arrive destination: True ,out of road:False   Total T: 112854 Episode Num: 332 Episode T: 264 Reward: 244.981 Cost: 0.000
arrive destination: True ,out of road:False   Total T: 113478 Episode Num: 333 Episode T: 624 Reward: 517.270 Cost: 45.000
arrive destination: True ,out of road:False   Total T: 113981 Episode Num: 334 Episode T: 503 Reward: 412.836 Cost: 2.000
arrive destination: True ,out of road:False   Total T: 114461 Episode Num: 335 Episode T: 480 Reward: 476.942 Cost: 15.000
arrive destination: True ,out of road:False   Total T: 114733 Episode Num: 336 Episode T: 272 Reward: 233.863 Cost: 5.000
arrive destination: True ,out of road:False   Total T: 115015 Episode Num: 337 Episode T: 282 Reward: 268.728 Cost: 9.000
arrive destination: True ,out of road:False   Total T: 115397 Episode Num: 338 Episode T: 382 Reward: 403.746 Cost: 0.000
arrive destination: False ,out of road:True   Total T: 115505 Episode Num: 339 Episode T: 108 Reward: 64.124 Cost: 7.000
arrive destination: True ,out of road:False   Total T: 115699 Episode Num: 340 Episode T: 194 Reward: 269.680 Cost: 0.000
arrive destination: False ,out of road:True   Total T: 115795 Episode Num: 341 Episode T: 96 Reward: 69.921 Cost: 6.000
arrive destination: True ,out of road:False   Total T: 116038 Episode Num: 342 Episode T: 243 Reward: 244.210 Cost: 0.000
arrive destination: True ,out of road:False   Total T: 116616 Episode Num: 343 Episode T: 578 Reward: 421.913 Cost: 31.000
arrive destination: True ,out of road:False   Total T: 116868 Episode Num: 344 Episode T: 252 Reward: 245.237 Cost: 0.000
arrive destination: True ,out of road:False   Total T: 117605 Episode Num: 345 Episode T: 737 Reward: 418.128 Cost: 34.000
arrive destination: True ,out of road:False   Total T: 117899 Episode Num: 346 Episode T: 294 Reward: 268.535 Cost: 11.000
arrive destination: True ,out of road:False   Total T: 118099 Episode Num: 347 Episode T: 200 Reward: 269.363 Cost: 0.000
arrive destination: True ,out of road:False   Total T: 118385 Episode Num: 348 Episode T: 286 Reward: 295.140 Cost: 21.000
arrive destination: False ,out of road:True   Total T: 118483 Episode Num: 349 Episode T: 98 Reward: 76.961 Cost: 3.000
arrive destination: True ,out of road:False   Total T: 118783 Episode Num: 350 Episode T: 300 Reward: 267.859 Cost: 7.000
arrive destination: True ,out of road:False   Total T: 119012 Episode Num: 351 Episode T: 229 Reward: 234.425 Cost: 4.000
arrive destination: True ,out of road:False   Total T: 119793 Episode Num: 352 Episode T: 781 Reward: 419.508 Cost: 38.000
arrive destination: False ,out of road:True   Total T: 119893 Episode Num: 353 Episode T: 100 Reward: 77.582 Cost: 4.000
---------------------------------------
Evaluation over 20 episodes: 0.650 Cost 11.800.             SafeRL used : use_qpsl
---------------------------------------
[34;1m
Time: 2026-06-29 22:13:50, Time spent from previous logger: 153.088 s[0m
[34;1mCustomLogger with fileds: ['total_steps', 'EpRet', 'EpCost', 'CostRate'][0m
[34;1mfieldvalues: [120000, 0.65, 11.8, 0.0277502312519271]
[0m
arrive destination: True ,out of road:False   Total T: 120358 Episode Num: 354 Episode T: 465 Reward: 378.003 Cost: 18.000
arrive destination: True ,out of road:False   Total T: 120960 Episode Num: 355 Episode T: 602 Reward: 496.569 Cost: 41.000
arrive destination: False ,out of road:True   Total T: 121060 Episode Num: 356 Episode T: 100 Reward: 73.306 Cost: 7.000
arrive destination: False ,out of road:True   Total T: 121578 Episode Num: 357 Episode T: 518 Reward: 456.705 Cost: 33.000
arrive destination: True ,out of road:False   Total T: 122171 Episode Num: 358 Episode T: 593 Reward: 513.508 Cost: 53.000
arrive destination: True ,out of road:False   Total T: 122597 Episode Num: 359 Episode T: 426 Reward: 335.423 Cost: 10.000
arrive destination: False ,out of road:False   Total T: 123597 Episode Num: 360 Episode T: 1000 Reward: 291.199 Cost: 10.000
arrive destination: True ,out of road:False   Total T: 123870 Episode Num: 361 Episode T: 273 Reward: 274.660 Cost: 3.000
arrive destination: True ,out of road:False   Total T: 124240 Episode Num: 362 Episode T: 370 Reward: 378.298 Cost: 19.000
arrive destination: True ,out of road:False   Total T: 124636 Episode Num: 363 Episode T: 396 Reward: 355.994 Cost: 13.000
arrive destination: True ,out of road:False   Total T: 124909 Episode Num: 364 Episode T: 273 Reward: 268.064 Cost: 6.000
arrive destination: True ,out of road:False   Total T: 125157 Episode Num: 365 Episode T: 248 Reward: 252.706 Cost: 13.000
arrive destination: False ,out of road:True   Total T: 125255 Episode Num: 366 Episode T: 98 Reward: 78.334 Cost: 2.000
arrive destination: False ,out of road:True   Total T: 125350 Episode Num: 367 Episode T: 95 Reward: 78.954 Cost: 2.000
arrive destination: True ,out of road:False   Total T: 125661 Episode Num: 368 Episode T: 311 Reward: 268.105 Cost: 2.000
arrive destination: False ,out of road:True   Total T: 126267 Episode Num: 369 Episode T: 606 Reward: 342.770 Cost: 23.000
arrive destination: False ,out of road:True   Total T: 126372 Episode Num: 370 Episode T: 105 Reward: 85.619 Cost: 3.000
arrive destination: True ,out of road:False   Total T: 126658 Episode Num: 371 Episode T: 286 Reward: 268.576 Cost: 7.000
arrive destination: False ,out of road:True   Total T: 127533 Episode Num: 372 Episode T: 875 Reward: 344.666 Cost: 51.000
arrive destination: True ,out of road:False   Total T: 128083 Episode Num: 373 Episode T: 550 Reward: 496.007 Cost: 49.000
arrive destination: False ,out of road:True   Total T: 128179 Episode Num: 374 Episode T: 96 Reward: 81.019 Cost: 2.000
arrive destination: True ,out of road:False   Total T: 128889 Episode Num: 375 Episode T: 710 Reward: 419.660 Cost: 29.000
arrive destination: True ,out of road:False   Total T: 129157 Episode Num: 376 Episode T: 268 Reward: 286.803 Cost: 17.000
arrive destination: False ,out of road:True   Total T: 129337 Episode Num: 377 Episode T: 180 Reward: 180.928 Cost: 9.000
arrive destination: True ,out of road:False   Total T: 129785 Episode Num: 378 Episode T: 448 Reward: 477.024 Cost: 9.000
---------------------------------------
Evaluation over 20 episodes: 0.700 Cost 14.550.             SafeRL used : use_qpsl
---------------------------------------
[34;1m
Time: 2026-06-29 22:16:26, Time spent from previous logger: 156.429 s[0m
[34;1mCustomLogger with fileds: ['total_steps', 'EpRet', 'EpCost', 'CostRate'][0m
[34;1mfieldvalues: [130000, 0.7, 14.55, 0.02904637727982523]
[0m
arrive destination: False ,out of road:True   Total T: 130103 Episode Num: 379 Episode T: 318 Reward: 301.298 Cost: 19.000
arrive destination: True ,out of road:False   Total T: 130828 Episode Num: 380 Episode T: 725 Reward: 512.203 Cost: 55.000
arrive destination: True ,out of road:False   Total T: 131467 Episode Num: 381 Episode T: 639 Reward: 417.155 Cost: 31.000
arrive destination: False ,out of road:True   Total T: 131689 Episode Num: 382 Episode T: 222 Reward: 232.266 Cost: 10.000
arrive destination: True ,out of road:False   Total T: 132100 Episode Num: 383 Episode T: 411 Reward: 379.498 Cost: 37.000
arrive destination: True ,out of road:False   Total T: 132511 Episode Num: 384 Episode T: 411 Reward: 357.839 Cost: 16.000
arrive destination: True ,out of road:False   Total T: 132900 Episode Num: 385 Episode T: 389 Reward: 368.299 Cost: 24.000
arrive destination: True ,out of road:False   Total T: 133099 Episode Num: 386 Episode T: 199 Reward: 269.066 Cost: 2.000
arrive destination: False ,out of road:True   Total T: 133233 Episode Num: 387 Episode T: 134 Reward: 134.298 Cost: 1.000
arrive destination: True ,out of road:False   Total T: 133844 Episode Num: 388 Episode T: 611 Reward: 495.965 Cost: 33.000
arrive destination: True ,out of road:False   Total T: 134409 Episode Num: 389 Episode T: 565 Reward: 460.004 Cost: 41.000
arrive destination: False ,out of road:True   Total T: 134449 Episode Num: 390 Episode T: 40 Reward: 7.221 Cost: 1.000
arrive destination: False ,out of road:True   Total T: 134487 Episode Num: 391 Episode T: 38 Reward: 6.008 Cost: 1.000
arrive destination: False ,out of road:True   Total T: 134595 Episode Num: 392 Episode T: 108 Reward: 77.619 Cost: 6.000
arrive destination: False ,out of road:True   Total T: 134692 Episode Num: 393 Episode T: 97 Reward: 76.861 Cost: 3.000
arrive destination: True ,out of road:False   Total T: 134929 Episode Num: 394 Episode T: 237 Reward: 245.838 Cost: 0.000
arrive destination: True ,out of road:False   Total T: 135408 Episode Num: 395 Episode T: 479 Reward: 410.684 Cost: 12.000
arrive destination: True ,out of road:False   Total T: 135660 Episode Num: 396 Episode T: 252 Reward: 233.313 Cost: 12.000
arrive destination: True ,out of road:False   Total T: 136088 Episode Num: 397 Episode T: 428 Reward: 381.001 Cost: 18.000
arrive destination: True ,out of road:False   Total T: 136556 Episode Num: 398 Episode T: 468 Reward: 479.043 Cost: 10.000
arrive destination: False ,out of road:True   Total T: 136659 Episode Num: 399 Episode T: 103 Reward: 76.927 Cost: 6.000
arrive destination: False ,out of road:True   Total T: 136894 Episode Num: 400 Episode T: 235 Reward: 119.988 Cost: 17.000
arrive destination: True ,out of road:False   Total T: 137129 Episode Num: 401 Episode T: 235 Reward: 285.807 Cost: 8.000
arrive destination: False ,out of road:True   Total T: 137330 Episode Num: 402 Episode T: 201 Reward: 130.045 Cost: 21.000
arrive destination: True ,out of road:False   Total T: 137867 Episode Num: 403 Episode T: 537 Reward: 401.668 Cost: 31.000
arrive destination: False ,out of road:True   Total T: 137966 Episode Num: 404 Episode T: 99 Reward: 77.462 Cost: 4.000
arrive destination: True ,out of road:False   Total T: 138652 Episode Num: 405 Episode T: 686 Reward: 509.001 Cost: 30.000
arrive destination: True ,out of road:False   Total T: 138978 Episode Num: 406 Episode T: 326 Reward: 360.310 Cost: 15.000
arrive destination: True ,out of road:False   Total T: 139448 Episode Num: 407 Episode T: 470 Reward: 475.837 Cost: 32.000
---------------------------------------
Evaluation over 20 episodes: 0.400 Cost 21.050.             SafeRL used : use_qpsl
---------------------------------------
[34;1m
Time: 2026-06-29 22:19:12, Time spent from previous logger: 165.841 s[0m
[34;1mCustomLogger with fileds: ['total_steps', 'EpRet', 'EpCost', 'CostRate'][0m
[34;1mfieldvalues: [140000, 0.4, 21.05, 0.03053593239951714]
[0m
arrive destination: False ,out of road:False   Total T: 140448 Episode Num: 408 Episode T: 1000 Reward: 714.955 Cost: 37.000
arrive destination: False ,out of road:True   Total T: 140554 Episode Num: 409 Episode T: 106 Reward: 72.019 Cost: 7.000
arrive destination: True ,out of road:False   Total T: 140924 Episode Num: 410 Episode T: 370 Reward: 379.138 Cost: 39.000
arrive destination: False ,out of road:True   Total T: 141216 Episode Num: 411 Episode T: 292 Reward: 316.275 Cost: 5.000
arrive destination: True ,out of road:False   Total T: 141466 Episode Num: 412 Episode T: 250 Reward: 243.212 Cost: 27.000
arrive destination: True ,out of road:False   Total T: 141768 Episode Num: 413 Episode T: 302 Reward: 277.761 Cost: 12.000
arrive destination: True ,out of road:False   Total T: 142214 Episode Num: 414 Episode T: 446 Reward: 473.262 Cost: 11.000
arrive destination: True ,out of road:False   Total T: 142436 Episode Num: 415 Episode T: 222 Reward: 244.613 Cost: 0.000
arrive destination: False ,out of road:True   Total T: 142533 Episode Num: 416 Episode T: 97 Reward: 76.782 Cost: 4.000
arrive destination: False ,out of road:True   Total T: 142647 Episode Num: 417 Episode T: 114 Reward: 95.849 Cost: 6.000
arrive destination: False ,out of road:True   Total T: 143140 Episode Num: 418 Episode T: 493 Reward: 452.589 Cost: 42.000
arrive destination: True ,out of road:False   Total T: 143598 Episode Num: 419 Episode T: 458 Reward: 402.981 Cost: 5.000
arrive destination: True ,out of road:False   Total T: 144172 Episode Num: 420 Episode T: 574 Reward: 497.122 Cost: 21.000
arrive destination: False ,out of road:True   Total T: 144623 Episode Num: 421 Episode T: 451 Reward: 433.049 Cost: 21.000
arrive destination: True ,out of road:False   Total T: 144814 Episode Num: 422 Episode T: 191 Reward: 269.554 Cost: 3.000
arrive destination: False ,out of road:True   Total T: 144912 Episode Num: 423 Episode T: 98 Reward: 80.648 Cost: 3.000
arrive destination: False ,out of road:True   Total T: 145401 Episode Num: 424 Episode T: 489 Reward: 335.638 Cost: 18.000
arrive destination: True ,out of road:False   Total T: 145630 Episode Num: 425 Episode T: 229 Reward: 234.004 Cost: 21.000
arrive destination: False ,out of road:True   Total T: 145812 Episode Num: 426 Episode T: 182 Reward: 205.614 Cost: 10.000
arrive destination: False ,out of road:True   Total T: 145980 Episode Num: 427 Episode T: 168 Reward: 129.950 Cost: 9.000
arrive destination: True ,out of road:False   Total T: 146194 Episode Num: 428 Episode T: 214 Reward: 245.204 Cost: 0.000
arrive destination: True ,out of road:False   Total T: 146397 Episode Num: 429 Episode T: 203 Reward: 242.269 Cost: 9.000
arrive destination: False ,out of road:True   Total T: 146786 Episode Num: 430 Episode T: 389 Reward: 286.643 Cost: 35.000
arrive destination: False ,out of road:True   Total T: 147166 Episode Num: 431 Episode T: 380 Reward: 163.998 Cost: 41.000
arrive destination: True ,out of road:False   Total T: 147607 Episode Num: 432 Episode T: 441 Reward: 399.298 Cost: 8.000
arrive destination: True ,out of road:False   Total T: 148145 Episode Num: 433 Episode T: 538 Reward: 410.216 Cost: 28.000
arrive destination: True ,out of road:False   Total T: 148537 Episode Num: 434 Episode T: 392 Reward: 374.095 Cost: 7.000
arrive destination: False ,out of road:True   Total T: 148637 Episode Num: 435 Episode T: 100 Reward: 76.085 Cost: 4.000
arrive destination: True ,out of road:False   Total T: 149388 Episode Num: 436 Episode T: 751 Reward: 510.738 Cost: 47.000
arrive destination: True ,out of road:False   Total T: 149682 Episode Num: 437 Episode T: 294 Reward: 335.735 Cost: 13.000
---------------------------------------
Evaluation over 20 episodes: 0.700 Cost 24.650.             SafeRL used : use_qpsl
---------------------------------------
[34;1m
Time: 2026-06-29 22:22:02, Time spent from previous logger: 169.661 s[0m
[34;1mCustomLogger with fileds: ['total_steps', 'EpRet', 'EpCost', 'CostRate'][0m
[34;1mfieldvalues: [150000, 0.7, 24.65, 0.03183354555697038]
[0m
arrive destination: True ,out of road:False   Total T: 150256 Episode Num: 438 Episode T: 574 Reward: 512.094 Cost: 27.000
arrive destination: False ,out of road:True   Total T: 150388 Episode Num: 439 Episode T: 132 Reward: 126.547 Cost: 2.000
arrive destination: False ,out of road:True   Total T: 150492 Episode Num: 440 Episode T: 104 Reward: 76.846 Cost: 3.000
arrive destination: True ,out of road:False   Total T: 150943 Episode Num: 441 Episode T: 451 Reward: 469.772 Cost: 36.000
arrive destination: False ,out of road:True   Total T: 151217 Episode Num: 442 Episode T: 274 Reward: 261.678 Cost: 30.000
arrive destination: True ,out of road:False   Total T: 151446 Episode Num: 443 Episode T: 229 Reward: 242.847 Cost: 0.000
arrive destination: False ,out of road:True   Total T: 151668 Episode Num: 444 Episode T: 222 Reward: 166.120 Cost: 27.000
arrive destination: False ,out of road:True   Total T: 151898 Episode Num: 445 Episode T: 230 Reward: 177.451 Cost: 25.000
arrive destination: False ,out of road:True   Total T: 152139 Episode Num: 446 Episode T: 241 Reward: 226.535 Cost: 7.000
arrive destination: True ,out of road:False   Total T: 152854 Episode Num: 447 Episode T: 715 Reward: 508.309 Cost: 31.000
arrive destination: True ,out of road:False   Total T: 153189 Episode Num: 448 Episode T: 335 Reward: 400.489 Cost: 0.000
arrive destination: False ,out of road:True   Total T: 153525 Episode Num: 449 Episode T: 336 Reward: 338.634 Cost: 16.000
arrive destination: False ,out of road:True   Total T: 153705 Episode Num: 450 Episode T: 180 Reward: 202.441 Cost: 8.000
arrive destination: True ,out of road:False   Total T: 153932 Episode Num: 451 Episode T: 227 Reward: 275.012 Cost: 4.000
arrive destination: True ,out of road:False   Total T: 154195 Episode Num: 452 Episode T: 263 Reward: 274.380 Cost: 2.000
arrive destination: True ,out of road:False   Total T: 154452 Episode Num: 453 Episode T: 257 Reward: 295.887 Cost: 11.000
arrive destination: True ,out of road:False   Total T: 154832 Episode Num: 454 Episode T: 380 Reward: 407.961 Cost: 2.000
arrive destination: False ,out of road:True   Total T: 155247 Episode Num: 455 Episode T: 415 Reward: 326.414 Cost: 27.000
arrive destination: False ,out of road:True   Total T: 155290 Episode Num: 456 Episode T: 43 Reward: 6.933 Cost: 1.000
arrive destination: True ,out of road:False   Total T: 155867 Episode Num: 457 Episode T: 577 Reward: 417.211 Cost: 54.000
arrive destination: True ,out of road:False   Total T: 156400 Episode Num: 458 Episode T: 533 Reward: 472.850 Cost: 18.000
arrive destination: False ,out of road:True   Total T: 156583 Episode Num: 459 Episode T: 183 Reward: 182.128 Cost: 1.000
arrive destination: False ,out of road:True   Total T: 156688 Episode Num: 460 Episode T: 105 Reward: 77.120 Cost: 6.000
arrive destination: False ,out of road:True   Total T: 156796 Episode Num: 461 Episode T: 108 Reward: 75.645 Cost: 4.000
arrive destination: True ,out of road:False   Total T: 157056 Episode Num: 462 Episode T: 260 Reward: 274.426 Cost: 2.000
arrive destination: True ,out of road:False   Total T: 157303 Episode Num: 463 Episode T: 247 Reward: 245.004 Cost: 0.000
arrive destination: True ,out of road:False   Total T: 157792 Episode Num: 464 Episode T: 489 Reward: 410.341 Cost: 27.000
arrive destination: True ,out of road:False   Total T: 158341 Episode Num: 465 Episode T: 549 Reward: 496.585 Cost: 33.000
arrive destination: True ,out of road:False   Total T: 158847 Episode Num: 466 Episode T: 506 Reward: 336.119 Cost: 54.000
arrive destination: True ,out of road:False   Total T: 159384 Episode Num: 467 Episode T: 537 Reward: 414.139 Cost: 23.000
arrive destination: True ,out of road:False   Total T: 159915 Episode Num: 468 Episode T: 531 Reward: 417.051 Cost: 33.000
---------------------------------------
Evaluation over 20 episodes: 0.800 Cost 16.900.             SafeRL used : use_qpsl
---------------------------------------
[34;1m
Time: 2026-06-29 22:24:39, Time spent from previous logger: 156.804 s[0m
[34;1mCustomLogger with fileds: ['total_steps', 'EpRet', 'EpCost', 'CostRate'][0m
[34;1mfieldvalues: [160000, 0.8, 16.9, 0.032900205626285164]
[0m
arrive destination: True ,out of road:False   Total T: 160198 Episode Num: 469 Episode T: 283 Reward: 332.415 Cost: 2.000
arrive destination: False ,out of road:True   Total T: 160558 Episode Num: 470 Episode T: 360 Reward: 253.838 Cost: 25.000
arrive destination: True ,out of road:False   Total T: 161021 Episode Num: 471 Episode T: 463 Reward: 397.665 Cost: 55.000
arrive destination: True ,out of road:False   Total T: 161297 Episode Num: 472 Episode T: 276 Reward: 288.486 Cost: 25.000
arrive destination: True ,out of road:False   Total T: 161769 Episode Num: 473 Episode T: 472 Reward: 412.250 Cost: 33.000
arrive destination: True ,out of road:False   Total T: 162126 Episode Num: 474 Episode T: 357 Reward: 294.573 Cost: 17.000
arrive destination: True ,out of road:False   Total T: 162325 Episode Num: 475 Episode T: 199 Reward: 269.252 Cost: 3.000
arrive destination: False ,out of road:True   Total T: 162800 Episode Num: 476 Episode T: 475 Reward: 458.818 Cost: 38.000
arrive destination: False ,out of road:True   Total T: 162950 Episode Num: 477 Episode T: 150 Reward: 126.753 Cost: 15.000
arrive destination: True ,out of road:False   Total T: 163248 Episode Num: 478 Episode T: 298 Reward: 268.970 Cost: 13.000
arrive destination: False ,out of road:True   Total T: 163350 Episode Num: 479 Episode T: 102 Reward: 76.123 Cost: 6.000
arrive destination: True ,out of road:False   Total T: 163614 Episode Num: 480 Episode T: 264 Reward: 287.944 Cost: 26.000
arrive destination: True ,out of road:False   Total T: 163893 Episode Num: 481 Episode T: 279 Reward: 274.611 Cost: 11.000
arrive destination: True ,out of road:False   Total T: 164300 Episode Num: 482 Episode T: 407 Reward: 381.245 Cost: 21.000
arrive destination: False ,out of road:True   Total T: 164421 Episode Num: 483 Episode T: 121 Reward: 77.612 Cost: 5.000
arrive destination: True ,out of road:False   Total T: 164670 Episode Num: 484 Episode T: 249 Reward: 274.594 Cost: 5.000
arrive destination: True ,out of road:False   Total T: 164860 Episode Num: 485 Episode T: 190 Reward: 269.271 Cost: 5.000
arrive destination: True ,out of road:False   Total T: 165250 Episode Num: 486 Episode T: 390 Reward: 382.283 Cost: 45.000
arrive destination: True ,out of road:False   Total T: 165498 Episode Num: 487 Episode T: 248 Reward: 287.802 Cost: 6.000
arrive destination: True ,out of road:False   Total T: 165966 Episode Num: 488 Episode T: 468 Reward: 498.891 Cost: 34.000
arrive destination: True ,out of road:False   Total T: 166228 Episode Num: 489 Episode T: 262 Reward: 288.929 Cost: 17.000
arrive destination: True ,out of road:False   Total T: 166499 Episode Num: 490 Episode T: 271 Reward: 269.565 Cost: 9.000
arrive destination: True ,out of road:False   Total T: 167077 Episode Num: 491 Episode T: 578 Reward: 497.084 Cost: 42.000
arrive destination: True ,out of road:False   Total T: 167334 Episode Num: 492 Episode T: 257 Reward: 336.096 Cost: 2.000
arrive destination: True ,out of road:False   Total T: 167864 Episode Num: 493 Episode T: 530 Reward: 411.118 Cost: 25.000
arrive destination: True ,out of road:False   Total T: 168106 Episode Num: 494 Episode T: 242 Reward: 268.698 Cost: 6.000
arrive destination: True ,out of road:False   Total T: 168733 Episode Num: 495 Episode T: 627 Reward: 420.113 Cost: 47.000
arrive destination: False ,out of road:True   Total T: 169014 Episode Num: 496 Episode T: 281 Reward: -6.527 Cost: 1.000
arrive destination: False ,out of road:True   Total T: 169244 Episode Num: 497 Episode T: 230 Reward: 175.173 Cost: 18.000
arrive destination: True ,out of road:False   Total T: 169779 Episode Num: 498 Episode T: 535 Reward: 477.534 Cost: 27.000
---------------------------------------
Evaluation over 20 episodes: 0.350 Cost 7.500.             SafeRL used : use_qpsl
---------------------------------------
[34;1m
Time: 2026-06-29 22:27:20, Time spent from previous logger: 161.397 s[0m
[34;1mCustomLogger with fileds: ['total_steps', 'EpRet', 'EpCost', 'CostRate'][0m
[34;1mfieldvalues: [170000, 0.35, 7.5, 0.03440020235413149]
[0m
arrive destination: True ,out of road:False   Total T: 170442 Episode Num: 499 Episode T: 663 Reward: 422.825 Cost: 54.000
arrive destination: False ,out of road:True   Total T: 170565 Episode Num: 500 Episode T: 123 Reward: 78.099 Cost: 9.000
arrive destination: True ,out of road:False   Total T: 170826 Episode Num: 501 Episode T: 261 Reward: 277.861 Cost: 7.000
arrive destination: False ,out of road:False   Total T: 171826 Episode Num: 502 Episode T: 1000 Reward: 467.398 Cost: 49.000
arrive destination: False ,out of road:True   Total T: 172105 Episode Num: 503 Episode T: 279 Reward: 224.390 Cost: 11.000
arrive destination: True ,out of road:False   Total T: 172301 Episode Num: 504 Episode T: 196 Reward: 269.827 Cost: 3.000
arrive destination: True ,out of road:False   Total T: 172679 Episode Num: 505 Episode T: 378 Reward: 372.004 Cost: 27.000
arrive destination: False ,out of road:True   Total T: 172850 Episode Num: 506 Episode T: 171 Reward: 168.024 Cost: 1.000
arrive destination: False ,out of road:True   Total T: 172946 Episode Num: 507 Episode T: 96 Reward: 77.022 Cost: 3.000
arrive destination: True ,out of road:False   Total T: 173322 Episode Num: 508 Episode T: 376 Reward: 371.856 Cost: 19.000
arrive destination: True ,out of road:False   Total T: 173876 Episode Num: 509 Episode T: 554 Reward: 421.513 Cost: 38.000
arrive destination: True ,out of road:False   Total T: 174141 Episode Num: 510 Episode T: 265 Reward: 267.251 Cost: 7.000
arrive destination: True ,out of road:False   Total T: 174347 Episode Num: 511 Episode T: 206 Reward: 269.655 Cost: 6.000
arrive destination: True ,out of road:False   Total T: 175058 Episode Num: 512 Episode T: 711 Reward: 504.357 Cost: 51.000
arrive destination: True ,out of road:False   Total T: 175346 Episode Num: 513 Episode T: 288 Reward: 336.272 Cost: 11.000
arrive destination: True ,out of road:False   Total T: 176015 Episode Num: 514 Episode T: 669 Reward: 511.556 Cost: 57.000
arrive destination: True ,out of road:True   Total T: 176521 Episode Num: 515 Episode T: 506 Reward: 581.024 Cost: 48.000
arrive destination: True ,out of road:False   Total T: 177111 Episode Num: 516 Episode T: 590 Reward: 498.799 Cost: 19.000
arrive destination: True ,out of road:False   Total T: 177407 Episode Num: 517 Episode T: 296 Reward: 294.624 Cost: 12.000
arrive destination: True ,out of road:False   Total T: 177639 Episode Num: 518 Episode T: 232 Reward: 244.154 Cost: 0.000
arrive destination: True ,out of road:False   Total T: 177863 Episode Num: 519 Episode T: 224 Reward: 231.278 Cost: 7.000
arrive destination: True ,out of road:False   Total T: 178489 Episode Num: 520 Episode T: 626 Reward: 498.320 Cost: 52.000
arrive destination: False ,out of road:True   Total T: 178759 Episode Num: 521 Episode T: 270 Reward: 221.315 Cost: 15.000
arrive destination: False ,out of road:True   Total T: 179209 Episode Num: 522 Episode T: 450 Reward: 452.556 Cost: 27.000
arrive destination: True ,out of road:False   Total T: 179457 Episode Num: 523 Episode T: 248 Reward: 252.455 Cost: 34.000
arrive destination: False ,out of road:True   Total T: 179698 Episode Num: 524 Episode T: 241 Reward: 224.764 Cost: 1.000
arrive destination: False ,out of road:True   Total T: 179865 Episode Num: 525 Episode T: 167 Reward: 120.683 Cost: 3.000
---------------------------------------
Evaluation over 20 episodes: 0.750 Cost 13.650.             SafeRL used : use_qpsl
---------------------------------------
[34;1m
Time: 2026-06-29 22:30:00, Time spent from previous logger: 160.031 s[0m
[34;1mCustomLogger with fileds: ['total_steps', 'EpRet', 'EpCost', 'CostRate'][0m
[34;1mfieldvalues: [180000, 0.75, 13.65, 0.03568908716159534]
[0m
arrive destination: False ,out of road:True   Total T: 180337 Episode Num: 526 Episode T: 472 Reward: 323.257 Cost: 33.000
arrive destination: True ,out of road:False   Total T: 180584 Episode Num: 527 Episode T: 247 Reward: 232.403 Cost: 29.000
arrive destination: False ,out of road:True   Total T: 180683 Episode Num: 528 Episode T: 99 Reward: 71.160 Cost: 5.000
arrive destination: True ,out of road:False   Total T: 180982 Episode Num: 529 Episode T: 299 Reward: 264.025 Cost: 9.000
arrive destination: True ,out of road:False   Total T: 181185 Episode Num: 530 Episode T: 203 Reward: 232.342 Cost: 13.000
arrive destination: True ,out of road:False   Total T: 181433 Episode Num: 531 Episode T: 248 Reward: 268.924 Cost: 13.000
arrive destination: True ,out of road:False   Total T: 182127 Episode Num: 532 Episode T: 694 Reward: 512.587 Cost: 43.000
arrive destination: False ,out of road:True   Total T: 182242 Episode Num: 533 Episode T: 115 Reward: 74.822 Cost: 9.000
arrive destination: True ,out of road:False   Total T: 182817 Episode Num: 534 Episode T: 575 Reward: 512.965 Cost: 21.000
arrive destination: False ,out of road:True   Total T: 183722 Episode Num: 535 Episode T: 905 Reward: 355.941 Cost: 11.000
arrive destination: True ,out of road:False   Total T: 183965 Episode Num: 536 Episode T: 243 Reward: 295.755 Cost: 10.000
arrive destination: True ,out of road:False   Total T: 184162 Episode Num: 537 Episode T: 197 Reward: 232.809 Cost: 0.000
arrive destination: True ,out of road:False   Total T: 184567 Episode Num: 538 Episode T: 405 Reward: 380.733 Cost: 31.000
arrive destination: True ,out of road:False   Total T: 184840 Episode Num: 539 Episode T: 273 Reward: 286.069 Cost: 32.000
arrive destination: True ,out of road:False   Total T: 185157 Episode Num: 540 Episode T: 317 Reward: 299.298 Cost: 38.000
arrive destination: True ,out of road:False   Total T: 185419 Episode Num: 541 Episode T: 262 Reward: 275.733 Cost: 1.000
arrive destination: True ,out of road:False   Total T: 185940 Episode Num: 542 Episode T: 521 Reward: 410.039 Cost: 23.000
arrive destination: True ,out of road:False   Total T: 186245 Episode Num: 543 Episode T: 305 Reward: 288.111 Cost: 17.000
arrive destination: False ,out of road:True   Total T: 186713 Episode Num: 544 Episode T: 468 Reward: 440.306 Cost: 23.000
arrive destination: True ,out of road:False   Total T: 186956 Episode Num: 545 Episode T: 243 Reward: 295.592 Cost: 3.000
arrive destination: True ,out of road:False   Total T: 187277 Episode Num: 546 Episode T: 321 Reward: 356.917 Cost: 9.000
arrive destination: True ,out of road:False   Total T: 187552 Episode Num: 547 Episode T: 275 Reward: 264.347 Cost: 5.000
arrive destination: True ,out of road:False   Total T: 188050 Episode Num: 548 Episode T: 498 Reward: 476.622 Cost: 29.000
arrive destination: False ,out of road:True   Total T: 188144 Episode Num: 549 Episode T: 94 Reward: 76.642 Cost: 4.000
arrive destination: True ,out of road:False   Total T: 188574 Episode Num: 550 Episode T: 430 Reward: 399.296 Cost: 17.000
arrive destination: False ,out of road:True   Total T: 188961 Episode Num: 551 Episode T: 387 Reward: 328.962 Cost: 27.000
arrive destination: True ,out of road:False   Total T: 189210 Episode Num: 552 Episode T: 249 Reward: 305.745 Cost: 3.000
arrive destination: True ,out of road:False   Total T: 189457 Episode Num: 553 Episode T: 247 Reward: 234.270 Cost: 36.000
arrive destination: True ,out of road:False   Total T: 189841 Episode Num: 554 Episode T: 384 Reward: 401.138 Cost: 11.000
---------------------------------------
Evaluation over 20 episodes: 0.700 Cost 14.250.             SafeRL used : use_qpsl
---------------------------------------
[34;1m
Time: 2026-06-29 22:32:31, Time spent from previous logger: 151.194 s[0m
[34;1mCustomLogger with fileds: ['total_steps', 'EpRet', 'EpCost', 'CostRate'][0m
[34;1mfieldvalues: [190000, 0.7, 14.25, 0.03644229706472139]
[0m
arrive destination: False ,out of road:True   Total T: 190128 Episode Num: 555 Episode T: 287 Reward: 269.177 Cost: 6.000
arrive destination: True ,out of road:False   Total T: 190658 Episode Num: 556 Episode T: 530 Reward: 421.247 Cost: 25.000
arrive destination: True ,out of road:False   Total T: 191216 Episode Num: 557 Episode T: 558 Reward: 501.654 Cost: 55.000
arrive destination: True ,out of road:False   Total T: 191646 Episode Num: 558 Episode T: 430 Reward: 420.216 Cost: 31.000
arrive destination: True ,out of road:False   Total T: 191907 Episode Num: 559 Episode T: 261 Reward: 246.686 Cost: 0.000
arrive destination: True ,out of road:False   Total T: 192291 Episode Num: 560 Episode T: 384 Reward: 372.050 Cost: 7.000
arrive destination: False ,out of road:True   Total T: 192472 Episode Num: 561 Episode T: 181 Reward: 159.634 Cost: 30.000
arrive destination: False ,out of road:True   Total T: 192691 Episode Num: 562 Episode T: 219 Reward: 226.180 Cost: 13.000
arrive destination: True ,out of road:False   Total T: 192897 Episode Num: 563 Episode T: 206 Reward: 269.117 Cost: 0.000
arrive destination: True ,out of road:False   Total T: 193279 Episode Num: 564 Episode T: 382 Reward: 294.164 Cost: 11.000
arrive destination: False ,out of road:True   Total T: 193431 Episode Num: 565 Episode T: 152 Reward: 121.726 Cost: 5.000
arrive destination: True ,out of road:False   Total T: 193753 Episode Num: 566 Episode T: 322 Reward: 335.595 Cost: 7.000
arrive destination: True ,out of road:False   Total T: 194161 Episode Num: 567 Episode T: 408 Reward: 400.844 Cost: 11.000
arrive destination: True ,out of road:False   Total T: 194660 Episode Num: 568 Episode T: 499 Reward: 494.291 Cost: 37.000
arrive destination: True ,out of road:False   Total T: 194852 Episode Num: 569 Episode T: 192 Reward: 269.822 Cost: 3.000
arrive destination: True ,out of road:False   Total T: 195155 Episode Num: 570 Episode T: 303 Reward: 354.572 Cost: 17.000
arrive destination: True ,out of road:False   Total T: 195444 Episode Num: 571 Episode T: 289 Reward: 288.941 Cost: 12.000
arrive destination: True ,out of road:False   Total T: 195926 Episode Num: 572 Episode T: 482 Reward: 476.622 Cost: 32.000
arrive destination: True ,out of road:False   Total T: 196206 Episode Num: 573 Episode T: 280 Reward: 294.763 Cost: 20.000
arrive destination: False ,out of road:True   Total T: 196543 Episode Num: 574 Episode T: 337 Reward: 305.072 Cost: 18.000
arrive destination: True ,out of road:False   Total T: 196802 Episode Num: 575 Episode T: 259 Reward: 277.664 Cost: 5.000
arrive destination: False ,out of road:True   Total T: 196904 Episode Num: 576 Episode T: 102 Reward: 77.556 Cost: 5.000
arrive destination: True ,out of road:False   Total T: 197419 Episode Num: 577 Episode T: 515 Reward: 515.654 Cost: 48.000
arrive destination: True ,out of road:False   Total T: 197619 Episode Num: 578 Episode T: 200 Reward: 269.308 Cost: 0.000
arrive destination: True ,out of road:False   Total T: 198018 Episode Num: 579 Episode T: 399 Reward: 373.555 Cost: 3.000
arrive destination: True ,out of road:False   Total T: 198360 Episode Num: 580 Episode T: 342 Reward: 402.063 Cost: 3.000
arrive destination: True ,out of road:False   Total T: 198608 Episode Num: 581 Episode T: 248 Reward: 271.106 Cost: 9.000
arrive destination: True ,out of road:False   Total T: 198993 Episode Num: 582 Episode T: 385 Reward: 381.507 Cost: 37.000
arrive destination: True ,out of road:False   Total T: 199308 Episode Num: 583 Episode T: 315 Reward: 410.001 Cost: 12.000
arrive destination: False ,out of road:True   Total T: 199666 Episode Num: 584 Episode T: 358 Reward: 329.355 Cost: 17.000
arrive destination: True ,out of road:False   Total T: 199919 Episode Num: 585 Episode T: 253 Reward: 295.313 Cost: 15.000
---------------------------------------
Evaluation over 20 episodes: 0.750 Cost 23.000.             SafeRL used : use_qpsl
---------------------------------------
[34;1m
Time: 2026-06-29 22:35:13, Time spent from previous logger: 162.073 s[0m
[34;1mCustomLogger with fileds: ['total_steps', 'EpRet', 'EpCost', 'CostRate'][0m
[34;1mfieldvalues: [200000, 0.75, 23.0, 0.03709018545092725]
[0m
arrive destination: True ,out of road:False   Total T: 200219 Episode Num: 586 Episode T: 300 Reward: 302.324 Cost: 3.000
arrive destination: True ,out of road:False   Total T: 200817 Episode Num: 587 Episode T: 598 Reward: 411.001 Cost: 29.000
arrive destination: False ,out of road:True   Total T: 200932 Episode Num: 588 Episode T: 115 Reward: 98.339 Cost: 3.000
arrive destination: True ,out of road:False   Total T: 201721 Episode Num: 589 Episode T: 789 Reward: 506.875 Cost: 51.000
arrive destination: True ,out of road:False   Total T: 202175 Episode Num: 590 Episode T: 454 Reward: 419.435 Cost: 28.000
arrive destination: True ,out of road:False   Total T: 202501 Episode Num: 591 Episode T: 326 Reward: 294.461 Cost: 8.000
arrive destination: True ,out of road:False   Total T: 202870 Episode Num: 592 Episode T: 369 Reward: 399.359 Cost: 0.000
arrive destination: False ,out of road:True   Total T: 202969 Episode Num: 593 Episode T: 99 Reward: 78.435 Cost: 2.000
arrive destination: True ,out of road:False   Total T: 203228 Episode Num: 594 Episode T: 259 Reward: 295.548 Cost: 17.000
arrive destination: True ,out of road:False   Total T: 203449 Episode Num: 595 Episode T: 221 Reward: 247.674 Cost: 0.000
arrive destination: True ,out of road:False   Total T: 203700 Episode Num: 596 Episode T: 251 Reward: 274.478 Cost: 2.000
arrive destination: False ,out of road:True   Total T: 204173 Episode Num: 597 Episode T: 473 Reward: 428.832 Cost: 18.000
arrive destination: True ,out of road:False   Total T: 204567 Episode Num: 598 Episode T: 394 Reward: 382.504 Cost: 11.000
arrive destination: True ,out of road:False   Total T: 205027 Episode Num: 599 Episode T: 460 Reward: 402.084 Cost: 20.000
arrive destination: True ,out of road:False   Total T: 205499 Episode Num: 600 Episode T: 472 Reward: 472.187 Cost: 19.000
arrive destination: True ,out of road:False   Total T: 205968 Episode Num: 601 Episode T: 469 Reward: 407.033 Cost: 6.000
arrive destination: True ,out of road:False   Total T: 206315 Episode Num: 602 Episode T: 347 Reward: 399.972 Cost: 0.000
arrive destination: True ,out of road:False   Total T: 206515 Episode Num: 603 Episode T: 200 Reward: 289.228 Cost: 6.000
arrive destination: True ,out of road:False   Total T: 207069 Episode Num: 604 Episode T: 554 Reward: 409.942 Cost: 34.000
arrive destination: True ,out of road:False   Total T: 207314 Episode Num: 605 Episode T: 245 Reward: 232.456 Cost: 14.000
arrive destination: False ,out of road:True   Total T: 207559 Episode Num: 606 Episode T: 245 Reward: 221.592 Cost: 5.000
arrive destination: True ,out of road:False   Total T: 207884 Episode Num: 607 Episode T: 325 Reward: 294.287 Cost: 10.000
arrive destination: True ,out of road:False   Total T: 208353 Episode Num: 608 Episode T: 469 Reward: 500.141 Cost: 24.000
arrive destination: True ,out of road:False   Total T: 208644 Episode Num: 609 Episode T: 291 Reward: 266.883 Cost: 18.000
arrive destination: True ,out of road:False   Total T: 209227 Episode Num: 610 Episode T: 583 Reward: 513.174 Cost: 27.000
arrive destination: True ,out of road:False   Total T: 209853 Episode Num: 611 Episode T: 626 Reward: 499.205 Cost: 32.000
---------------------------------------
Evaluation over 20 episodes: 0.800 Cost 20.800.             SafeRL used : use_qpsl
---------------------------------------
[34;1m
Time: 2026-06-29 22:38:01, Time spent from previous logger: 167.481 s[0m
[34;1mCustomLogger with fileds: ['total_steps', 'EpRet', 'EpCost', 'CostRate'][0m
[34;1mfieldvalues: [210000, 0.8, 20.8, 0.03717636750651194]
[0m
arrive destination: True ,out of road:False   Total T: 210270 Episode Num: 612 Episode T: 417 Reward: 410.832 Cost: 9.000
arrive destination: True ,out of road:False   Total T: 210873 Episode Num: 613 Episode T: 603 Reward: 420.040 Cost: 38.000
arrive destination: False ,out of road:False   Total T: 211873 Episode Num: 614 Episode T: 1000 Reward: 320.358 Cost: 36.000
arrive destination: True ,out of road:False   Total T: 212135 Episode Num: 615 Episode T: 262 Reward: 295.661 Cost: 3.000
arrive destination: True ,out of road:False   Total T: 212463 Episode Num: 616 Episode T: 328 Reward: 269.220 Cost: 13.000
arrive destination: True ,out of road:True   Total T: 212876 Episode Num: 617 Episode T: 413 Reward: 380.476 Cost: 11.000
arrive destination: True ,out of road:False   Total T: 213452 Episode Num: 618 Episode T: 576 Reward: 492.965 Cost: 24.000
arrive destination: True ,out of road:False   Total T: 213821 Episode Num: 619 Episode T: 369 Reward: 360.280 Cost: 4.000
arrive destination: True ,out of road:False   Total T: 214134 Episode Num: 620 Episode T: 313 Reward: 354.575 Cost: 2.000
arrive destination: True ,out of road:False   Total T: 214578 Episode Num: 621 Episode T: 444 Reward: 500.153 Cost: 10.000
arrive destination: True ,out of road:False   Total T: 214858 Episode Num: 622 Episode T: 280 Reward: 270.554 Cost: 5.000
arrive destination: False ,out of road:True   Total T: 215082 Episode Num: 623 Episode T: 224 Reward: 210.120 Cost: 4.000
arrive destination: True ,out of road:False   Total T: 215469 Episode Num: 624 Episode T: 387 Reward: 381.598 Cost: 17.000
arrive destination: False ,out of road:True   Total T: 215645 Episode Num: 625 Episode T: 176 Reward: 163.322 Cost: 9.000
arrive destination: True ,out of road:False   Total T: 216049 Episode Num: 626 Episode T: 404 Reward: 381.134 Cost: 12.000
arrive destination: True ,out of road:False   Total T: 216321 Episode Num: 627 Episode T: 272 Reward: 276.876 Cost: 3.000
arrive destination: True ,out of road:False   Total T: 216529 Episode Num: 628 Episode T: 208 Reward: 270.063 Cost: 0.000
arrive destination: True ,out of road:False   Total T: 217012 Episode Num: 629 Episode T: 483 Reward: 383.909 Cost: 20.000
arrive destination: False ,out of road:True   Total T: 217365 Episode Num: 630 Episode T: 353 Reward: 329.832 Cost: 12.000
arrive destination: True ,out of road:False   Total T: 217902 Episode Num: 631 Episode T: 537 Reward: 506.556 Cost: 15.000
arrive destination: False ,out of road:True   Total T: 218089 Episode Num: 632 Episode T: 187 Reward: 228.315 Cost: 1.000
arrive destination: True ,out of road:False   Total T: 218476 Episode Num: 633 Episode T: 387 Reward: 404.620 Cost: 2.000
arrive destination: False ,out of road:True   Total T: 218854 Episode Num: 634 Episode T: 378 Reward: 345.027 Cost: 20.000
arrive destination: False ,out of road:True   Total T: 219069 Episode Num: 635 Episode T: 215 Reward: 247.168 Cost: 4.000
arrive destination: False ,out of road:True   Total T: 219376 Episode Num: 636 Episode T: 307 Reward: 318.272 Cost: 7.000
arrive destination: True ,out of road:False   Total T: 219610 Episode Num: 637 Episode T: 234 Reward: 272.281 Cost: 3.000
---------------------------------------
Evaluation over 20 episodes: 0.600 Cost 21.200.             SafeRL used : use_qpsl
---------------------------------------
[34;1m
Time: 2026-06-29 22:40:45, Time spent from previous logger: 164.413 s[0m
[34;1mCustomLogger with fileds: ['total_steps', 'EpRet', 'EpCost', 'CostRate'][0m
[34;1mfieldvalues: [220000, 0.6, 21.2, 0.0367956217982809]
[0m
arrive destination: True ,out of road:False   Total T: 220491 Episode Num: 638 Episode T: 881 Reward: 478.062 Cost: 23.000
arrive destination: True ,out of road:False   Total T: 220808 Episode Num: 639 Episode T: 317 Reward: 294.578 Cost: 11.000
arrive destination: False ,out of road:False   Total T: 221808 Episode Num: 640 Episode T: 1000 Reward: 167.148 Cost: 8.000
arrive destination: True ,out of road:False   Total T: 222466 Episode Num: 641 Episode T: 658 Reward: 425.992 Cost: 40.000
arrive destination: True ,out of road:False   Total T: 223061 Episode Num: 642 Episode T: 595 Reward: 419.848 Cost: 63.000
arrive destination: True ,out of road:False   Total T: 223611 Episode Num: 643 Episode T: 550 Reward: 496.006 Cost: 53.000
arrive destination: True ,out of road:False   Total T: 223961 Episode Num: 644 Episode T: 350 Reward: 294.449 Cost: 17.000
arrive destination: True ,out of road:False   Total T: 224352 Episode Num: 645 Episode T: 391 Reward: 368.542 Cost: 9.000
arrive destination: True ,out of road:False   Total T: 224973 Episode Num: 646 Episode T: 621 Reward: 499.330 Cost: 52.000
arrive destination: True ,out of road:False   Total T: 225203 Episode Num: 647 Episode T: 230 Reward: 272.274 Cost: 7.000
arrive destination: True ,out of road:False   Total T: 225545 Episode Num: 648 Episode T: 342 Reward: 336.017 Cost: 8.000
arrive destination: True ,out of road:False   Total T: 225750 Episode Num: 649 Episode T: 205 Reward: 233.192 Cost: 0.000
arrive destination: True ,out of road:False   Total T: 226091 Episode Num: 650 Episode T: 341 Reward: 335.747 Cost: 9.000
arrive destination: True ,out of road:False   Total T: 226599 Episode Num: 651 Episode T: 508 Reward: 462.470 Cost: 28.000
arrive destination: False ,out of road:False   Total T: 227599 Episode Num: 652 Episode T: 1000 Reward: 282.209 Cost: 10.000
arrive destination: True ,out of road:False   Total T: 227938 Episode Num: 653 Episode T: 339 Reward: 276.387 Cost: 1.000
arrive destination: False ,out of road:True   Total T: 228615 Episode Num: 654 Episode T: 677 Reward: 423.827 Cost: 68.000
arrive destination: False ,out of road:True   Total T: 228816 Episode Num: 655 Episode T: 201 Reward: 215.828 Cost: 5.000
arrive destination: True ,out of road:False   Total T: 229175 Episode Num: 656 Episode T: 359 Reward: 355.592 Cost: 10.000
arrive destination: True ,out of road:False   Total T: 229717 Episode Num: 657 Episode T: 542 Reward: 398.942 Cost: 21.000
---------------------------------------
Evaluation over 20 episodes: 0.750 Cost 13.200.             SafeRL used : use_qpsl
---------------------------------------
[34;1m
Time: 2026-06-29 22:43:17, Time spent from previous logger: 152.282 s[0m
[34;1mCustomLogger with fileds: ['total_steps', 'EpRet', 'EpCost', 'CostRate'][0m
[34;1mfieldvalues: [230000, 0.75, 13.2, 0.03716537897990861]
[0m
arrive destination: True ,out of road:False   Total T: 230602 Episode Num: 658 Episode T: 885 Reward: 672.148 Cost: 53.000
arrive destination: True ,out of road:False   Total T: 230871 Episode Num: 659 Episode T: 269 Reward: 268.807 Cost: 3.000
arrive destination: False ,out of road:True   Total T: 230970 Episode Num: 660 Episode T: 99 Reward: 69.961 Cost: 4.000
arrive destination: False ,out of road:True   Total T: 231411 Episode Num: 661 Episode T: 441 Reward: 357.662 Cost: 4.000
arrive destination: True ,out of road:False   Total T: 231670 Episode Num: 662 Episode T: 259 Reward: 296.032 Cost: 10.000
arrive destination: True ,out of road:False   Total T: 231883 Episode Num: 663 Episode T: 213 Reward: 270.103 Cost: 5.000
arrive destination: True ,out of road:False   Total T: 232320 Episode Num: 664 Episode T: 437 Reward: 294.671 Cost: 24.000
arrive destination: True ,out of road:False   Total T: 232709 Episode Num: 665 Episode T: 389 Reward: 370.755 Cost: 4.000
arrive destination: False ,out of road:True   Total T: 233071 Episode Num: 666 Episode T: 362 Reward: 393.351 Cost: 15.000
arrive destination: True ,out of road:False   Total T: 233455 Episode Num: 667 Episode T: 384 Reward: 373.946 Cost: 0.000
arrive destination: True ,out of road:False   Total T: 233830 Episode Num: 668 Episode T: 375 Reward: 376.105 Cost: 14.000
arrive destination: False ,out of road:True   Total T: 233890 Episode Num: 669 Episode T: 60 Reward: 26.504 Cost: 1.000
arrive destination: True ,out of road:False   Total T: 234137 Episode Num: 670 Episode T: 247 Reward: 271.740 Cost: 11.000
arrive destination: True ,out of road:False   Total T: 234475 Episode Num: 671 Episode T: 338 Reward: 400.372 Cost: 0.000
arrive destination: True ,out of road:False   Total T: 234804 Episode Num: 672 Episode T: 329 Reward: 335.727 Cost: 22.000
arrive destination: True ,out of road:False   Total T: 235269 Episode Num: 673 Episode T: 465 Reward: 399.291 Cost: 14.000
arrive destination: True ,out of road:False   Total T: 235506 Episode Num: 674 Episode T: 237 Reward: 269.208 Cost: 3.000
arrive destination: True ,out of road:False   Total T: 235913 Episode Num: 675 Episode T: 407 Reward: 354.802 Cost: 4.000
arrive destination: True ,out of road:False   Total T: 236169 Episode Num: 676 Episode T: 256 Reward: 295.265 Cost: 7.000
arrive destination: True ,out of road:False   Total T: 236497 Episode Num: 677 Episode T: 328 Reward: 294.374 Cost: 10.000
arrive destination: True ,out of road:False   Total T: 236875 Episode Num: 678 Episode T: 378 Reward: 274.885 Cost: 16.000
arrive destination: False ,out of road:True   Total T: 237077 Episode Num: 679 Episode T: 202 Reward: 215.250 Cost: 10.000
arrive destination: True ,out of road:False   Total T: 237636 Episode Num: 680 Episode T: 559 Reward: 400.799 Cost: 21.000
arrive destination: False ,out of road:True   Total T: 237734 Episode Num: 681 Episode T: 98 Reward: 76.319 Cost: 5.000
arrive destination: False ,out of road:True   Total T: 237890 Episode Num: 682 Episode T: 156 Reward: 95.665 Cost: 9.000
arrive destination: True ,out of road:False   Total T: 238347 Episode Num: 683 Episode T: 457 Reward: 378.226 Cost: 25.000
arrive destination: True ,out of road:False   Total T: 238560 Episode Num: 684 Episode T: 213 Reward: 269.819 Cost: 0.000
arrive destination: False ,out of road:True   Total T: 238658 Episode Num: 685 Episode T: 98 Reward: 77.802 Cost: 5.000
arrive destination: False ,out of road:True   Total T: 238880 Episode Num: 686 Episode T: 222 Reward: 224.558 Cost: 1.000
arrive destination: True ,out of road:False   Total T: 239135 Episode Num: 687 Episode T: 255 Reward: 296.087 Cost: 15.000
arrive destination: True ,out of road:False   Total T: 239379 Episode Num: 688 Episode T: 244 Reward: 295.920 Cost: 6.000
arrive destination: False ,out of road:True   Total T: 239549 Episode Num: 689 Episode T: 170 Reward: 61.599 Cost: 24.000
arrive destination: False ,out of road:True   Total T: 239903 Episode Num: 690 Episode T: 354 Reward: 245.048 Cost: 15.000
---------------------------------------
Evaluation over 20 episodes: 0.700 Cost 16.950.             SafeRL used : use_qpsl
---------------------------------------
[34;1m
Time: 2026-06-29 22:45:53, Time spent from previous logger: 155.990 s[0m
[34;1mCustomLogger with fileds: ['total_steps', 'EpRet', 'EpCost', 'CostRate'][0m
[34;1mfieldvalues: [240000, 0.7, 16.95, 0.037050154375643234]
[0m
arrive destination: True ,out of road:False   Total T: 240551 Episode Num: 691 Episode T: 648 Reward: 496.064 Cost: 32.000
arrive destination: False ,out of road:True   Total T: 241513 Episode Num: 692 Episode T: 962 Reward: 349.992 Cost: 14.000
arrive destination: True ,out of road:False   Total T: 241788 Episode Num: 693 Episode T: 275 Reward: 334.950 Cost: 1.000
arrive destination: True ,out of road:False   Total T: 242543 Episode Num: 694 Episode T: 755 Reward: 506.753 Cost: 42.000
arrive destination: True ,out of road:False   Total T: 242843 Episode Num: 695 Episode T: 300 Reward: 335.921 Cost: 2.000
arrive destination: True ,out of road:False   Total T: 243282 Episode Num: 696 Episode T: 439 Reward: 399.288 Cost: 25.000
arrive destination: True ,out of road:False   Total T: 243561 Episode Num: 697 Episode T: 279 Reward: 267.297 Cost: 0.000
arrive destination: True ,out of road:False   Total T: 243822 Episode Num: 698 Episode T: 261 Reward: 285.319 Cost: 7.000
arrive destination: True ,out of road:False   Total T: 244166 Episode Num: 699 Episode T: 344 Reward: 402.233 Cost: 0.000
arrive destination: True ,out of road:False   Total T: 244696 Episode Num: 700 Episode T: 530 Reward: 513.323 Cost: 19.000
arrive destination: False ,out of road:False   Total T: 245696 Episode Num: 701 Episode T: 1000 Reward: 318.635 Cost: 18.000
arrive destination: False ,out of road:True   Total T: 246009 Episode Num: 702 Episode T: 313 Reward: 333.026 Cost: 4.000
arrive destination: True ,out of road:False   Total T: 246429 Episode Num: 703 Episode T: 420 Reward: 411.611 Cost: 20.000
arrive destination: False ,out of road:True   Total T: 246715 Episode Num: 704 Episode T: 286 Reward: 232.067 Cost: 7.000
arrive destination: True ,out of road:False   Total T: 246970 Episode Num: 705 Episode T: 255 Reward: 294.691 Cost: 9.000
arrive destination: True ,out of road:False   Total T: 247223 Episode Num: 706 Episode T: 253 Reward: 305.742 Cost: 7.000
arrive destination: True ,out of road:False   Total T: 247470 Episode Num: 707 Episode T: 247 Reward: 274.675 Cost: 0.000
arrive destination: True ,out of road:False   Total T: 247788 Episode Num: 708 Episode T: 318 Reward: 353.945 Cost: 3.000
arrive destination: True ,out of road:False   Total T: 248030 Episode Num: 709 Episode T: 242 Reward: 273.320 Cost: 0.000
arrive destination: True ,out of road:False   Total T: 248420 Episode Num: 710 Episode T: 390 Reward: 395.897 Cost: 15.000
arrive destination: False ,out of road:True   Total T: 248707 Episode Num: 711 Episode T: 287 Reward: 232.992 Cost: 16.000
arrive destination: True ,out of road:False   Total T: 249156 Episode Num: 712 Episode T: 449 Reward: 377.915 Cost: 25.000
arrive destination: False ,out of road:True   Total T: 249285 Episode Num: 713 Episode T: 129 Reward: 117.815 Cost: 9.000
arrive destination: True ,out of road:False   Total T: 249555 Episode Num: 714 Episode T: 270 Reward: 276.085 Cost: 0.000
arrive destination: False ,out of road:True   Total T: 249946 Episode Num: 715 Episode T: 391 Reward: 332.598 Cost: 22.000
---------------------------------------
Evaluation over 20 episodes: 0.600 Cost 16.250.             SafeRL used : use_qpsl
---------------------------------------
[34;1m
Time: 2026-06-29 22:48:27, Time spent from previous logger: 153.961 s[0m
[34;1mCustomLogger with fileds: ['total_steps', 'EpRet', 'EpCost', 'CostRate'][0m
[34;1mfieldvalues: [250000, 0.6, 16.25, 0.0367561470245881]
[0m
arrive destination: False ,out of road:True   Total T: 250266 Episode Num: 716 Episode T: 320 Reward: 296.769 Cost: 10.000
arrive destination: True ,out of road:False   Total T: 250770 Episode Num: 717 Episode T: 504 Reward: 401.628 Cost: 21.000
arrive destination: True ,out of road:False   Total T: 251244 Episode Num: 718 Episode T: 474 Reward: 418.702 Cost: 31.000
arrive destination: True ,out of road:False   Total T: 251547 Episode Num: 719 Episode T: 303 Reward: 276.611 Cost: 3.000
arrive destination: True ,out of road:False   Total T: 251797 Episode Num: 720 Episode T: 250 Reward: 232.512 Cost: 6.000
arrive destination: True ,out of road:False   Total T: 252321 Episode Num: 721 Episode T: 524 Reward: 410.885 Cost: 34.000
arrive destination: True ,out of road:False   Total T: 252576 Episode Num: 722 Episode T: 255 Reward: 277.208 Cost: 0.000
arrive destination: True ,out of road:False   Total T: 252928 Episode Num: 723 Episode T: 352 Reward: 404.626 Cost: 0.000
arrive destination: True ,out of road:False   Total T: 253178 Episode Num: 724 Episode T: 250 Reward: 248.395 Cost: 0.000
arrive destination: True ,out of road:False   Total T: 253443 Episode Num: 725 Episode T: 265 Reward: 269.942 Cost: 2.000
arrive destination: True ,out of road:False   Total T: 253743 Episode Num: 726 Episode T: 300 Reward: 268.222 Cost: 4.000
arrive destination: True ,out of road:False   Total T: 254146 Episode Num: 727 Episode T: 403 Reward: 370.330 Cost: 7.000
arrive destination: False ,out of road:True   Total T: 254542 Episode Num: 728 Episode T: 396 Reward: 367.099 Cost: 18.000
arrive destination: True ,out of road:False   Total T: 254954 Episode Num: 729 Episode T: 412 Reward: 374.527 Cost: 7.000
arrive destination: True ,out of road:False   Total T: 255203 Episode Num: 730 Episode T: 249 Reward: 233.096 Cost: 3.000
arrive destination: True ,out of road:False   Total T: 255538 Episode Num: 731 Episode T: 335 Reward: 293.816 Cost: 12.000
arrive destination: True ,out of road:False   Total T: 255835 Episode Num: 732 Episode T: 297 Reward: 268.576 Cost: 3.000
arrive destination: True ,out of road:False   Total T: 256083 Episode Num: 733 Episode T: 248 Reward: 232.261 Cost: 4.000
arrive destination: True ,out of road:False   Total T: 256304 Episode Num: 734 Episode T: 221 Reward: 232.902 Cost: 7.000
arrive destination: True ,out of road:False   Total T: 256707 Episode Num: 735 Episode T: 403 Reward: 371.257 Cost: 9.000
arrive destination: True ,out of road:False   Total T: 256963 Episode Num: 736 Episode T: 256 Reward: 295.930 Cost: 10.000
arrive destination: True ,out of road:False   Total T: 257186 Episode Num: 737 Episode T: 223 Reward: 269.810 Cost: 6.000
arrive destination: False ,out of road:True   Total T: 257379 Episode Num: 738 Episode T: 193 Reward: 143.774 Cost: 7.000
arrive destination: True ,out of road:False   Total T: 257625 Episode Num: 739 Episode T: 246 Reward: 273.780 Cost: 0.000
arrive destination: False ,out of road:True   Total T: 257824 Episode Num: 740 Episode T: 199 Reward: 72.180 Cost: 17.000
arrive destination: True ,out of road:False   Total T: 258319 Episode Num: 741 Episode T: 495 Reward: 415.923 Cost: 30.000
arrive destination: True ,out of road:False   Total T: 258727 Episode Num: 742 Episode T: 408 Reward: 411.080 Cost: 13.000
arrive destination: True ,out of road:False   Total T: 258964 Episode Num: 743 Episode T: 237 Reward: 249.206 Cost: 0.000
arrive destination: True ,out of road:False   Total T: 259219 Episode Num: 744 Episode T: 255 Reward: 273.958 Cost: 1.000
arrive destination: False ,out of road:True   Total T: 259317 Episode Num: 745 Episode T: 98 Reward: 69.890 Cost: 5.000
arrive destination: False ,out of road:True   Total T: 259418 Episode Num: 746 Episode T: 101 Reward: 81.530 Cost: 3.000
arrive destination: True ,out of road:False   Total T: 259742 Episode Num: 747 Episode T: 324 Reward: 294.431 Cost: 12.000
---------------------------------------
Evaluation over 20 episodes: 0.800 Cost 13.300.             SafeRL used : use_qpsl
---------------------------------------
[34;1m
Time: 2026-06-29 22:51:05, Time spent from previous logger: 157.540 s[0m
[34;1mCustomLogger with fileds: ['total_steps', 'EpRet', 'EpCost', 'CostRate'][0m
[34;1mfieldvalues: [260000, 0.8, 13.3, 0.0364501401928469]
[0m
arrive destination: True ,out of road:False   Total T: 260430 Episode Num: 748 Episode T: 688 Reward: 621.345 Cost: 8.000
arrive destination: True ,out of road:False   Total T: 260913 Episode Num: 749 Episode T: 483 Reward: 416.128 Cost: 16.000
arrive destination: False ,out of road:True   Total T: 261078 Episode Num: 750 Episode T: 165 Reward: 156.399 Cost: 9.000
arrive destination: True ,out of road:False   Total T: 261505 Episode Num: 751 Episode T: 427 Reward: 405.080 Cost: 10.000
arrive destination: True ,out of road:False   Total T: 261735 Episode Num: 752 Episode T: 230 Reward: 247.064 Cost: 0.000
arrive destination: False ,out of road:True   Total T: 261832 Episode Num: 753 Episode T: 97 Reward: 69.551 Cost: 5.000
arrive destination: True ,out of road:False   Total T: 262099 Episode Num: 754 Episode T: 267 Reward: 286.329 Cost: 9.000
arrive destination: True ,out of road:False   Total T: 262424 Episode Num: 755 Episode T: 325 Reward: 269.880 Cost: 19.000
arrive destination: True ,out of road:False   Total T: 262810 Episode Num: 756 Episode T: 386 Reward: 379.341 Cost: 16.000
arrive destination: False ,out of road:True   Total T: 263251 Episode Num: 757 Episode T: 441 Reward: 389.129 Cost: 11.000
arrive destination: True ,out of road:False   Total T: 263550 Episode Num: 758 Episode T: 299 Reward: 277.020 Cost: 0.000
arrive destination: True ,out of road:False   Total T: 263799 Episode Num: 759 Episode T: 249 Reward: 287.434 Cost: 4.000
arrive destination: True ,out of road:False   Total T: 264035 Episode Num: 760 Episode T: 236 Reward: 245.641 Cost: 0.000
arrive destination: True ,out of road:False   Total T: 264265 Episode Num: 761 Episode T: 230 Reward: 247.118 Cost: 0.000
arrive destination: True ,out of road:False   Total T: 264725 Episode Num: 762 Episode T: 460 Reward: 399.365 Cost: 28.000
arrive destination: True ,out of road:False   Total T: 264951 Episode Num: 763 Episode T: 226 Reward: 245.214 Cost: 0.000
arrive destination: True ,out of road:False   Total T: 265269 Episode Num: 764 Episode T: 318 Reward: 355.604 Cost: 9.000
arrive destination: True ,out of road:False   Total T: 265754 Episode Num: 765 Episode T: 485 Reward: 417.398 Cost: 18.000
arrive destination: False ,out of road:True   Total T: 265876 Episode Num: 766 Episode T: 122 Reward: 100.122 Cost: 9.000
arrive destination: True ,out of road:False   Total T: 266141 Episode Num: 767 Episode T: 265 Reward: 286.147 Cost: 6.000
arrive destination: False ,out of road:True   Total T: 266629 Episode Num: 768 Episode T: 488 Reward: 454.586 Cost: 15.000
arrive destination: False ,out of road:True   Total T: 266816 Episode Num: 769 Episode T: 187 Reward: 206.521 Cost: 1.000
arrive destination: False ,out of road:True   Total T: 267100 Episode Num: 770 Episode T: 284 Reward: 72.533 Cost: 14.000
arrive destination: True ,out of road:False   Total T: 267491 Episode Num: 771 Episode T: 391 Reward: 372.114 Cost: 7.000
arrive destination: True ,out of road:False   Total T: 267716 Episode Num: 772 Episode T: 225 Reward: 245.423 Cost: 0.000
arrive destination: True ,out of road:False   Total T: 268361 Episode Num: 773 Episode T: 645 Reward: 512.288 Cost: 48.000
arrive destination: True ,out of road:False   Total T: 268585 Episode Num: 774 Episode T: 224 Reward: 243.775 Cost: 0.000
arrive destination: True ,out of road:False   Total T: 269109 Episode Num: 775 Episode T: 524 Reward: 405.182 Cost: 12.000
arrive destination: True ,out of road:False   Total T: 269314 Episode Num: 776 Episode T: 205 Reward: 269.317 Cost: 4.000
arrive destination: False ,out of road:True   Total T: 269504 Episode Num: 777 Episode T: 190 Reward: 209.462 Cost: 1.000
arrive destination: True ,out of road:False   Total T: 269965 Episode Num: 778 Episode T: 461 Reward: 475.292 Cost: 7.000
---------------------------------------
Evaluation over 20 episodes: 0.900 Cost 14.450.             SafeRL used : use_qpsl
---------------------------------------
[34;1m
Time: 2026-06-29 22:53:41, Time spent from previous logger: 155.972 s[0m
[34;1mCustomLogger with fileds: ['total_steps', 'EpRet', 'EpCost', 'CostRate'][0m
[34;1mfieldvalues: [270000, 0.9, 14.45, 0.03614828203067419]
[0m
arrive destination: False ,out of road:True   Total T: 270129 Episode Num: 779 Episode T: 164 Reward: 122.999 Cost: 8.000
arrive destination: False ,out of road:True   Total T: 270298 Episode Num: 780 Episode T: 169 Reward: 124.770 Cost: 3.000
arrive destination: False ,out of road:True   Total T: 270459 Episode Num: 781 Episode T: 161 Reward: 153.041 Cost: 5.000
arrive destination: False ,out of road:True   Total T: 270552 Episode Num: 782 Episode T: 93 Reward: 73.219 Cost: 1.000
arrive destination: False ,out of road:True   Total T: 270649 Episode Num: 783 Episode T: 97 Reward: 70.696 Cost: 4.000
arrive destination: True ,out of road:False   Total T: 270872 Episode Num: 784 Episode T: 223 Reward: 245.373 Cost: 0.000
arrive destination: True ,out of road:False   Total T: 271207 Episode Num: 785 Episode T: 335 Reward: 294.663 Cost: 20.000
arrive destination: False ,out of road:True   Total T: 271309 Episode Num: 786 Episode T: 102 Reward: 77.550 Cost: 4.000
arrive destination: False ,out of road:True   Total T: 271412 Episode Num: 787 Episode T: 103 Reward: 74.592 Cost: 5.000
arrive destination: False ,out of road:True   Total T: 271508 Episode Num: 788 Episode T: 96 Reward: 68.586 Cost: 5.000
arrive destination: True ,out of road:False   Total T: 272070 Episode Num: 789 Episode T: 562 Reward: 415.997 Cost: 25.000
arrive destination: True ,out of road:False   Total T: 272294 Episode Num: 790 Episode T: 224 Reward: 246.837 Cost: 0.000
arrive destination: True ,out of road:False   Total T: 272669 Episode Num: 791 Episode T: 375 Reward: 294.550 Cost: 9.000
arrive destination: True ,out of road:False   Total T: 272947 Episode Num: 792 Episode T: 278 Reward: 287.145 Cost: 9.000
arrive destination: True ,out of road:False   Total T: 273312 Episode Num: 793 Episode T: 365 Reward: 272.057 Cost: 5.000
arrive destination: True ,out of road:False   Total T: 273569 Episode Num: 794 Episode T: 257 Reward: 275.253 Cost: 0.000
arrive destination: False ,out of road:True   Total T: 273730 Episode Num: 795 Episode T: 161 Reward: 153.128 Cost: 7.000
arrive destination: True ,out of road:False   Total T: 273943 Episode Num: 796 Episode T: 213 Reward: 270.025 Cost: 0.000
arrive destination: True ,out of road:False   Total T: 274173 Episode Num: 797 Episode T: 230 Reward: 247.630 Cost: 0.000
arrive destination: True ,out of road:False   Total T: 274436 Episode Num: 798 Episode T: 263 Reward: 295.205 Cost: 7.000
arrive destination: True ,out of road:False   Total T: 274903 Episode Num: 799 Episode T: 467 Reward: 498.808 Cost: 32.000
arrive destination: True ,out of road:False   Total T: 275216 Episode Num: 800 Episode T: 313 Reward: 268.701 Cost: 3.000
arrive destination: True ,out of road:False   Total T: 275519 Episode Num: 801 Episode T: 303 Reward: 288.288 Cost: 23.000
arrive destination: True ,out of road:False   Total T: 275775 Episode Num: 802 Episode T: 256 Reward: 305.459 Cost: 19.000
arrive destination: True ,out of road:False   Total T: 276249 Episode Num: 803 Episode T: 474 Reward: 479.882 Cost: 17.000
arrive destination: True ,out of road:False   Total T: 276588 Episode Num: 804 Episode T: 339 Reward: 336.269 Cost: 9.000
arrive destination: True ,out of road:False   Total T: 276968 Episode Num: 805 Episode T: 380 Reward: 407.780 Cost: 0.000
arrive destination: True ,out of road:False   Total T: 277369 Episode Num: 806 Episode T: 401 Reward: 377.920 Cost: 14.000
arrive destination: True ,out of road:False   Total T: 277606 Episode Num: 807 Episode T: 237 Reward: 247.173 Cost: 0.000
arrive destination: False ,out of road:True   Total T: 277877 Episode Num: 808 Episode T: 271 Reward: 191.201 Cost: 8.000
arrive destination: True ,out of road:False   Total T: 278510 Episode Num: 809 Episode T: 633 Reward: 505.331 Cost: 28.000
arrive destination: True ,out of road:False   Total T: 278767 Episode Num: 810 Episode T: 257 Reward: 295.161 Cost: 2.000
arrive destination: True ,out of road:False   Total T: 279104 Episode Num: 811 Episode T: 337 Reward: 336.287 Cost: 18.000
arrive destination: True ,out of road:False   Total T: 279325 Episode Num: 812 Episode T: 221 Reward: 269.181 Cost: 6.000
arrive destination: True ,out of road:False   Total T: 279589 Episode Num: 813 Episode T: 264 Reward: 275.004 Cost: 0.000
arrive destination: True ,out of road:False   Total T: 279955 Episode Num: 814 Episode T: 366 Reward: 406.365 Cost: 0.000
---------------------------------------
Evaluation over 20 episodes: 0.750 Cost 18.850.             SafeRL used : use_qpsl
---------------------------------------
[34;1m
Time: 2026-06-29 22:56:16, Time spent from previous logger: 155.573 s[0m
[34;1mCustomLogger with fileds: ['total_steps', 'EpRet', 'EpCost', 'CostRate'][0m
[34;1mfieldvalues: [280000, 0.75, 18.85, 0.03591441398004993]
[0m
arrive destination: True ,out of road:False   Total T: 280238 Episode Num: 815 Episode T: 283 Reward: 267.165 Cost: 0.000
arrive destination: False ,out of road:True   Total T: 280674 Episode Num: 816 Episode T: 436 Reward: 414.888 Cost: 14.000
arrive destination: True ,out of road:False   Total T: 281116 Episode Num: 817 Episode T: 442 Reward: 478.423 Cost: 12.000
arrive destination: True ,out of road:False   Total T: 281501 Episode Num: 818 Episode T: 385 Reward: 406.994 Cost: 1.000
arrive destination: True ,out of road:False   Total T: 281811 Episode Num: 819 Episode T: 310 Reward: 348.389 Cost: 5.000
arrive destination: True ,out of road:False   Total T: 282265 Episode Num: 820 Episode T: 454 Reward: 477.892 Cost: 3.000
arrive destination: True ,out of road:False   Total T: 282595 Episode Num: 821 Episode T: 330 Reward: 401.351 Cost: 10.000
arrive destination: True ,out of road:False   Total T: 283057 Episode Num: 822 Episode T: 462 Reward: 477.139 Cost: 9.000
arrive destination: True ,out of road:False   Total T: 283546 Episode Num: 823 Episode T: 489 Reward: 415.925 Cost: 28.000
arrive destination: True ,out of road:False   Total T: 283840 Episode Num: 824 Episode T: 294 Reward: 278.272 Cost: 2.000
arrive destination: False ,out of road:True   Total T: 284202 Episode Num: 825 Episode T: 362 Reward: 318.274 Cost: 25.000
arrive destination: True ,out of road:False   Total T: 284614 Episode Num: 826 Episode T: 412 Reward: 372.971 Cost: 8.000
arrive destination: True ,out of road:False   Total T: 285142 Episode Num: 827 Episode T: 528 Reward: 492.362 Cost: 21.000
arrive destination: True ,out of road:False   Total T: 285395 Episode Num: 828 Episode T: 253 Reward: 274.071 Cost: 0.000
arrive destination: True ,out of road:False   Total T: 285825 Episode Num: 829 Episode T: 430 Reward: 268.286 Cost: 59.000
arrive destination: True ,out of road:False   Total T: 286120 Episode Num: 830 Episode T: 295 Reward: 295.722 Cost: 16.000
arrive destination: True ,out of road:False   Total T: 286398 Episode Num: 831 Episode T: 278 Reward: 274.525 Cost: 10.000
arrive destination: True ,out of road:False   Total T: 286680 Episode Num: 832 Episode T: 282 Reward: 275.680 Cost: 2.000
arrive destination: True ,out of road:False   Total T: 287156 Episode Num: 833 Episode T: 476 Reward: 475.304 Cost: 13.000
arrive destination: True ,out of road:False   Total T: 287539 Episode Num: 834 Episode T: 383 Reward: 359.321 Cost: 20.000
arrive destination: True ,out of road:False   Total T: 288182 Episode Num: 835 Episode T: 643 Reward: 434.152 Cost: 63.000
arrive destination: True ,out of road:False   Total T: 288563 Episode Num: 836 Episode T: 381 Reward: 401.640 Cost: 0.000
arrive destination: True ,out of road:False   Total T: 288924 Episode Num: 837 Episode T: 361 Reward: 294.833 Cost: 9.000
arrive destination: True ,out of road:False   Total T: 289240 Episode Num: 838 Episode T: 316 Reward: 268.066 Cost: 9.000
arrive destination: True ,out of road:False   Total T: 289490 Episode Num: 839 Episode T: 250 Reward: 232.970 Cost: 10.000
arrive destination: True ,out of road:False   Total T: 289760 Episode Num: 840 Episode T: 270 Reward: 274.928 Cost: 2.000
---------------------------------------
Evaluation over 20 episodes: 0.650 Cost 18.900.             SafeRL used : use_qpsl
---------------------------------------
[34;1m
Time: 2026-06-29 22:58:50, Time spent from previous logger: 153.654 s[0m
[34;1mCustomLogger with fileds: ['total_steps', 'EpRet', 'EpCost', 'CostRate'][0m
[34;1mfieldvalues: [290000, 0.65, 18.9, 0.0359380549588102]
[0m
arrive destination: True ,out of road:False   Total T: 290266 Episode Num: 841 Episode T: 506 Reward: 473.480 Cost: 19.000
arrive destination: False ,out of road:True   Total T: 290901 Episode Num: 842 Episode T: 635 Reward: 477.831 Cost: 42.000
arrive destination: True ,out of road:False   Total T: 291150 Episode Num: 843 Episode T: 249 Reward: 232.963 Cost: 5.000
arrive destination: True ,out of road:False   Total T: 291429 Episode Num: 844 Episode T: 279 Reward: 271.071 Cost: 9.000
arrive destination: True ,out of road:False   Total T: 291867 Episode Num: 845 Episode T: 438 Reward: 379.918 Cost: 30.000
arrive destination: True ,out of road:False   Total T: 292119 Episode Num: 846 Episode T: 252 Reward: 306.117 Cost: 7.000
arrive destination: False ,out of road:True   Total T: 292189 Episode Num: 847 Episode T: 70 Reward: 37.777 Cost: 1.000
arrive destination: True ,out of road:False   Total T: 292484 Episode Num: 848 Episode T: 295 Reward: 268.663 Cost: 6.000
arrive destination: False ,out of road:True   Total T: 292849 Episode Num: 849 Episode T: 365 Reward: 319.159 Cost: 11.000
arrive destination: True ,out of road:False   Total T: 293155 Episode Num: 850 Episode T: 306 Reward: 273.802 Cost: 4.000
arrive destination: True ,out of road:False   Total T: 293503 Episode Num: 851 Episode T: 348 Reward: 353.580 Cost: 11.000
arrive destination: True ,out of road:False   Total T: 293943 Episode Num: 852 Episode T: 440 Reward: 368.269 Cost: 17.000
arrive destination: True ,out of road:False   Total T: 294368 Episode Num: 853 Episode T: 425 Reward: 371.121 Cost: 11.000
arrive destination: True ,out of road:False   Total T: 294585 Episode Num: 854 Episode T: 217 Reward: 231.398 Cost: 12.000
arrive destination: True ,out of road:False   Total T: 294906 Episode Num: 855 Episode T: 321 Reward: 351.864 Cost: 12.000
arrive destination: True ,out of road:False   Total T: 295359 Episode Num: 856 Episode T: 453 Reward: 383.021 Cost: 22.000
arrive destination: True ,out of road:False   Total T: 295584 Episode Num: 857 Episode T: 225 Reward: 248.483 Cost: 0.000
arrive destination: True ,out of road:False   Total T: 296099 Episode Num: 858 Episode T: 515 Reward: 421.069 Cost: 39.000
arrive destination: False ,out of road:True   Total T: 296448 Episode Num: 859 Episode T: 349 Reward: 260.203 Cost: 36.000
arrive destination: False ,out of road:True   Total T: 296539 Episode Num: 860 Episode T: 91 Reward: 77.270 Cost: 4.000
arrive destination: True ,out of road:False   Total T: 297103 Episode Num: 861 Episode T: 564 Reward: 511.521 Cost: 32.000
arrive destination: True ,out of road:False   Total T: 297315 Episode Num: 862 Episode T: 212 Reward: 270.041 Cost: 2.000
arrive destination: False ,out of road:True   Total T: 297471 Episode Num: 863 Episode T: 156 Reward: 148.344 Cost: 9.000
arrive destination: True ,out of road:False   Total T: 297961 Episode Num: 864 Episode T: 490 Reward: 408.173 Cost: 32.000
arrive destination: True ,out of road:False   Total T: 298261 Episode Num: 865 Episode T: 300 Reward: 370.607 Cost: 7.000
arrive destination: True ,out of road:False   Total T: 298665 Episode Num: 866 Episode T: 404 Reward: 380.308 Cost: 24.000
arrive destination: True ,out of road:False   Total T: 298984 Episode Num: 867 Episode T: 319 Reward: 294.508 Cost: 13.000
arrive destination: True ,out of road:False   Total T: 299383 Episode Num: 868 Episode T: 399 Reward: 294.480 Cost: 17.000
arrive destination: True ,out of road:False   Total T: 299935 Episode Num: 869 Episode T: 552 Reward: 411.834 Cost: 40.000
---------------------------------------
Evaluation over 20 episodes: 0.700 Cost 11.800.             SafeRL used : use_qpsl
---------------------------------------
[34;1m
Time: 2026-06-29 23:01:19, Time spent from previous logger: 149.280 s[0m
[34;1mCustomLogger with fileds: ['total_steps', 'EpRet', 'EpCost', 'CostRate'][0m
[34;1mfieldvalues: [300000, 0.7, 11.8, 0.036270120900403]
[0m
arrive destination: True ,out of road:False   Total T: 300457 Episode Num: 870 Episode T: 522 Reward: 456.909 Cost: 13.000
arrive destination: True ,out of road:False   Total T: 300949 Episode Num: 871 Episode T: 492 Reward: 396.861 Cost: 26.000
arrive destination: True ,out of road:False   Total T: 301422 Episode Num: 872 Episode T: 473 Reward: 375.218 Cost: 31.000
arrive destination: True ,out of road:False   Total T: 301877 Episode Num: 873 Episode T: 455 Reward: 367.610 Cost: 16.000
arrive destination: False ,out of road:True   Total T: 302074 Episode Num: 874 Episode T: 197 Reward: 214.061 Cost: 2.000
arrive destination: True ,out of road:False   Total T: 302340 Episode Num: 875 Episode T: 266 Reward: 267.653 Cost: 5.000
arrive destination: True ,out of road:False   Total T: 302693 Episode Num: 876 Episode T: 353 Reward: 294.660 Cost: 10.000
arrive destination: True ,out of road:False   Total T: 303169 Episode Num: 877 Episode T: 476 Reward: 378.694 Cost: 29.000
arrive destination: False ,out of road:True   Total T: 303563 Episode Num: 878 Episode T: 394 Reward: 385.025 Cost: 25.000
arrive destination: True ,out of road:False   Total T: 303982 Episode Num: 879 Episode T: 419 Reward: 378.543 Cost: 12.000
arrive destination: True ,out of road:False   Total T: 304398 Episode Num: 880 Episode T: 416 Reward: 408.325 Cost: 9.000
arrive destination: True ,out of road:False   Total T: 304706 Episode Num: 881 Episode T: 308 Reward: 353.049 Cost: 6.000
arrive destination: True ,out of road:False   Total T: 305241 Episode Num: 882 Episode T: 535 Reward: 511.477 Cost: 35.000
arrive destination: True ,out of road:False   Total T: 305514 Episode Num: 883 Episode T: 273 Reward: 335.517 Cost: 6.000
arrive destination: True ,out of road:False   Total T: 305777 Episode Num: 884 Episode T: 263 Reward: 296.076 Cost: 3.000
arrive destination: True ,out of road:False   Total T: 306027 Episode Num: 885 Episode T: 250 Reward: 285.398 Cost: 2.000
arrive destination: True ,out of road:False   Total T: 306274 Episode Num: 886 Episode T: 247 Reward: 269.846 Cost: 6.000
arrive destination: True ,out of road:False   Total T: 306817 Episode Num: 887 Episode T: 543 Reward: 497.433 Cost: 21.000
arrive destination: True ,out of road:False   Total T: 307029 Episode Num: 888 Episode T: 212 Reward: 280.091 Cost: 7.000
arrive destination: True ,out of road:False   Total T: 307409 Episode Num: 889 Episode T: 380 Reward: 294.488 Cost: 16.000
arrive destination: True ,out of road:False   Total T: 307997 Episode Num: 890 Episode T: 588 Reward: 418.947 Cost: 45.000
arrive destination: True ,out of road:False   Total T: 308404 Episode Num: 891 Episode T: 407 Reward: 369.891 Cost: 21.000
arrive destination: True ,out of road:False   Total T: 308729 Episode Num: 892 Episode T: 325 Reward: 294.488 Cost: 9.000
arrive destination: True ,out of road:False   Total T: 309003 Episode Num: 893 Episode T: 274 Reward: 286.867 Cost: 4.000
arrive destination: True ,out of road:False   Total T: 309232 Episode Num: 894 Episode T: 229 Reward: 231.272 Cost: 3.000
arrive destination: False ,out of road:True   Total T: 309489 Episode Num: 895 Episode T: 257 Reward: 237.487 Cost: 7.000
arrive destination: True ,out of road:False   Total T: 309934 Episode Num: 896 Episode T: 445 Reward: 361.532 Cost: 6.000
---------------------------------------
Evaluation over 20 episodes: 0.850 Cost 18.650.             SafeRL used : use_qpsl
---------------------------------------
[34;1m
Time: 2026-06-29 23:03:58, Time spent from previous logger: 158.167 s[0m
[34;1mCustomLogger with fileds: ['total_steps', 'EpRet', 'EpCost', 'CostRate'][0m
[34;1mfieldvalues: [310000, 0.85, 18.65, 0.036309794547724344]
[0m
arrive destination: False ,out of road:True   Total T: 310292 Episode Num: 897 Episode T: 358 Reward: 351.011 Cost: 1.000
arrive destination: True ,out of road:False   Total T: 310664 Episode Num: 898 Episode T: 372 Reward: 352.428 Cost: 11.000
arrive destination: True ,out of road:False   Total T: 310898 Episode Num: 899 Episode T: 234 Reward: 233.026 Cost: 1.000
arrive destination: True ,out of road:False   Total T: 311319 Episode Num: 900 Episode T: 421 Reward: 355.089 Cost: 20.000
arrive destination: True ,out of road:False   Total T: 311622 Episode Num: 901 Episode T: 303 Reward: 285.810 Cost: 17.000
arrive destination: True ,out of road:False   Total T: 312074 Episode Num: 902 Episode T: 452 Reward: 479.402 Cost: 3.000
arrive destination: False ,out of road:True   Total T: 312206 Episode Num: 903 Episode T: 132 Reward: 122.691 Cost: 4.000
arrive destination: True ,out of road:False   Total T: 312463 Episode Num: 904 Episode T: 257 Reward: 232.903 Cost: 12.000
arrive destination: True ,out of road:False   Total T: 312838 Episode Num: 905 Episode T: 375 Reward: 405.051 Cost: 0.000
arrive destination: True ,out of road:False   Total T: 313158 Episode Num: 906 Episode T: 320 Reward: 286.890 Cost: 9.000
arrive destination: False ,out of road:True   Total T: 313271 Episode Num: 907 Episode T: 113 Reward: 69.246 Cost: 10.000
arrive destination: True ,out of road:False   Total T: 313802 Episode Num: 908 Episode T: 531 Reward: 399.367 Cost: 28.000
arrive destination: True ,out of road:False   Total T: 314100 Episode Num: 909 Episode T: 298 Reward: 294.351 Cost: 9.000
arrive destination: True ,out of road:False   Total T: 314605 Episode Num: 910 Episode T: 505 Reward: 513.035 Cost: 19.000
arrive destination: False ,out of road:True   Total T: 314746 Episode Num: 911 Episode T: 141 Reward: 125.051 Cost: 5.000
arrive destination: True ,out of road:False   Total T: 314972 Episode Num: 912 Episode T: 226 Reward: 244.040 Cost: 0.000
arrive destination: True ,out of road:False   Total T: 315320 Episode Num: 913 Episode T: 348 Reward: 272.974 Cost: 9.000
arrive destination: True ,out of road:False   Total T: 315756 Episode Num: 914 Episode T: 436 Reward: 370.789 Cost: 3.000
arrive destination: True ,out of road:False   Total T: 316017 Episode Num: 915 Episode T: 261 Reward: 295.605 Cost: 1.000
arrive destination: True ,out of road:False   Total T: 316232 Episode Num: 916 Episode T: 215 Reward: 269.788 Cost: 0.000
arrive destination: True ,out of road:False   Total T: 316530 Episode Num: 917 Episode T: 298 Reward: 266.239 Cost: 8.000
arrive destination: False ,out of road:True   Total T: 316677 Episode Num: 918 Episode T: 147 Reward: 164.670 Cost: 1.000
arrive destination: True ,out of road:False   Total T: 316936 Episode Num: 919 Episode T: 259 Reward: 295.652 Cost: 9.000
arrive destination: True ,out of road:False   Total T: 317158 Episode Num: 920 Episode T: 222 Reward: 269.479 Cost: 4.000
arrive destination: False ,out of road:False   Total T: 318158 Episode Num: 921 Episode T: 1000 Reward: 62.412 Cost: 6.000
arrive destination: True ,out of road:False   Total T: 318678 Episode Num: 922 Episode T: 520 Reward: 494.057 Cost: 33.000
arrive destination: True ,out of road:False   Total T: 318907 Episode Num: 923 Episode T: 229 Reward: 246.553 Cost: 0.000
arrive destination: True ,out of road:False   Total T: 319345 Episode Num: 924 Episode T: 438 Reward: 371.210 Cost: 11.000
arrive destination: True ,out of road:False   Total T: 319723 Episode Num: 925 Episode T: 378 Reward: 268.322 Cost: 19.000
---------------------------------------
Evaluation over 20 episodes: 0.750 Cost 16.300.             SafeRL used : use_qpsl
---------------------------------------
[34;1m
Time: 2026-06-29 23:06:33, Time spent from previous logger: 155.268 s[0m
[34;1mCustomLogger with fileds: ['total_steps', 'EpRet', 'EpCost', 'CostRate'][0m
[34;1mfieldvalues: [320000, 0.75, 16.3, 0.036000112500351567]
[0m
arrive destination: True ,out of road:False   Total T: 320211 Episode Num: 926 Episode T: 488 Reward: 480.136 Cost: 16.000
arrive destination: True ,out of road:False   Total T: 320482 Episode Num: 927 Episode T: 271 Reward: 274.427 Cost: 4.000
arrive destination: True ,out of road:False   Total T: 320853 Episode Num: 928 Episode T: 371 Reward: 356.973 Cost: 17.000
arrive destination: True ,out of road:False   Total T: 321109 Episode Num: 929 Episode T: 256 Reward: 295.968 Cost: 8.000
arrive destination: False ,out of road:True   Total T: 321329 Episode Num: 930 Episode T: 220 Reward: 197.073 Cost: 16.000
arrive destination: True ,out of road:False   Total T: 321557 Episode Num: 931 Episode T: 228 Reward: 247.004 Cost: 0.000
arrive destination: False ,out of road:True   Total T: 321709 Episode Num: 932 Episode T: 152 Reward: 157.736 Cost: 4.000
arrive destination: True ,out of road:False   Total T: 322204 Episode Num: 933 Episode T: 495 Reward: 336.429 Cost: 20.000
arrive destination: True ,out of road:False   Total T: 322600 Episode Num: 934 Episode T: 396 Reward: 378.149 Cost: 26.000
arrive destination: True ,out of road:False   Total T: 322922 Episode Num: 935 Episode T: 322 Reward: 349.503 Cost: 4.000
arrive destination: True ,out of road:False   Total T: 323146 Episode Num: 936 Episode T: 224 Reward: 270.033 Cost: 0.000
arrive destination: True ,out of road:False   Total T: 323532 Episode Num: 937 Episode T: 386 Reward: 376.797 Cost: 9.000
arrive destination: False ,out of road:True   Total T: 323832 Episode Num: 938 Episode T: 300 Reward: 256.501 Cost: 4.000
arrive destination: False ,out of road:True   Total T: 324125 Episode Num: 939 Episode T: 293 Reward: 263.925 Cost: 13.000
arrive destination: True ,out of road:False   Total T: 324573 Episode Num: 940 Episode T: 448 Reward: 472.194 Cost: 3.000
arrive destination: True ,out of road:False   Total T: 324801 Episode Num: 941 Episode T: 228 Reward: 247.704 Cost: 0.000
arrive destination: True ,out of road:False   Total T: 325111 Episode Num: 942 Episode T: 310 Reward: 284.925 Cost: 25.000
arrive destination: False ,out of road:True   Total T: 325218 Episode Num: 943 Episode T: 107 Reward: 73.089 Cost: 5.000
arrive destination: True ,out of road:False   Total T: 325590 Episode Num: 944 Episode T: 372 Reward: 370.174 Cost: 16.000
arrive destination: True ,out of road:False   Total T: 325802 Episode Num: 945 Episode T: 212 Reward: 269.574 Cost: 4.000
arrive destination: True ,out of road:False   Total T: 326434 Episode Num: 946 Episode T: 632 Reward: 511.082 Cost: 21.000
arrive destination: True ,out of road:False   Total T: 326812 Episode Num: 947 Episode T: 378 Reward: 406.699 Cost: 0.000
arrive destination: False ,out of road:True   Total T: 327021 Episode Num: 948 Episode T: 209 Reward: 170.227 Cost: 12.000
arrive destination: True ,out of road:False   Total T: 327231 Episode Num: 949 Episode T: 210 Reward: 270.123 Cost: 5.000
arrive destination: False ,out of road:True   Total T: 327405 Episode Num: 950 Episode T: 174 Reward: 164.134 Cost: 9.000
arrive destination: True ,out of road:False   Total T: 327650 Episode Num: 951 Episode T: 245 Reward: 274.122 Cost: 3.000
arrive destination: True ,out of road:False   Total T: 328101 Episode Num: 952 Episode T: 451 Reward: 408.054 Cost: 25.000
arrive destination: True ,out of road:False   Total T: 328618 Episode Num: 953 Episode T: 517 Reward: 414.664 Cost: 24.000
arrive destination: True ,out of road:False   Total T: 329069 Episode Num: 954 Episode T: 451 Reward: 472.610 Cost: 1.000
arrive destination: True ,out of road:False   Total T: 329547 Episode Num: 955 Episode T: 478 Reward: 480.636 Cost: 17.000
arrive destination: False ,out of road:True   Total T: 329653 Episode Num: 956 Episode T: 106 Reward: 76.291 Cost: 2.000
arrive destination: True ,out of road:False   Total T: 329861 Episode Num: 957 Episode T: 208 Reward: 270.124 Cost: 3.000
arrive destination: False ,out of road:True   Total T: 329932 Episode Num: 958 Episode T: 71 Reward: 36.677 Cost: 1.000
---------------------------------------
Evaluation over 20 episodes: 0.550 Cost 15.000.             SafeRL used : use_qpsl
---------------------------------------
[34;1m
Time: 2026-06-29 23:09:10, Time spent from previous logger: 157.366 s[0m
[34;1mCustomLogger with fileds: ['total_steps', 'EpRet', 'EpCost', 'CostRate'][0m
[34;1mfieldvalues: [330000, 0.55, 15.0, 0.035836472231734036]
[0m
arrive destination: True ,out of road:False   Total T: 330394 Episode Num: 959 Episode T: 462 Reward: 374.094 Cost: 9.000
arrive destination: False ,out of road:True   Total T: 330667 Episode Num: 960 Episode T: 273 Reward: 265.401 Cost: 2.000
arrive destination: True ,out of road:False   Total T: 330979 Episode Num: 961 Episode T: 312 Reward: 348.683 Cost: 4.000
arrive destination: True ,out of road:False   Total T: 331477 Episode Num: 962 Episode T: 498 Reward: 397.772 Cost: 26.000
arrive destination: False ,out of road:False   Total T: 332477 Episode Num: 963 Episode T: 1000 Reward: 312.625 Cost: 48.000
arrive destination: True ,out of road:False   Total T: 332687 Episode Num: 964 Episode T: 210 Reward: 269.943 Cost: 1.000
arrive destination: True ,out of road:False   Total T: 333102 Episode Num: 965 Episode T: 415 Reward: 399.698 Cost: 10.000
arrive destination: True ,out of road:False   Total T: 333790 Episode Num: 966 Episode T: 688 Reward: 510.627 Cost: 36.000
arrive destination: True ,out of road:False   Total T: 334011 Episode Num: 967 Episode T: 221 Reward: 246.918 Cost: 0.000
arrive destination: True ,out of road:False   Total T: 334604 Episode Num: 968 Episode T: 593 Reward: 266.100 Cost: 65.000
arrive destination: True ,out of road:False   Total T: 334918 Episode Num: 969 Episode T: 314 Reward: 353.221 Cost: 5.000
arrive destination: True ,out of road:False   Total T: 335131 Episode Num: 970 Episode T: 213 Reward: 269.502 Cost: 1.000
arrive destination: True ,out of road:False   Total T: 335511 Episode Num: 971 Episode T: 380 Reward: 405.251 Cost: 0.000
arrive destination: False ,out of road:True   Total T: 335616 Episode Num: 972 Episode T: 105 Reward: 80.140 Cost: 2.000
arrive destination: False ,out of road:True   Total T: 335864 Episode Num: 973 Episode T: 248 Reward: 181.261 Cost: 8.000
arrive destination: True ,out of road:False   Total T: 336143 Episode Num: 974 Episode T: 279 Reward: 295.719 Cost: 13.000
arrive destination: True ,out of road:False   Total T: 336422 Episode Num: 975 Episode T: 279 Reward: 273.507 Cost: 3.000
arrive destination: True ,out of road:False   Total T: 336665 Episode Num: 976 Episode T: 243 Reward: 245.924 Cost: 0.000
arrive destination: True ,out of road:False   Total T: 337144 Episode Num: 977 Episode T: 479 Reward: 415.556 Cost: 18.000
arrive destination: True ,out of road:False   Total T: 337652 Episode Num: 978 Episode T: 508 Reward: 403.515 Cost: 45.000
arrive destination: True ,out of road:False   Total T: 337944 Episode Num: 979 Episode T: 292 Reward: 270.786 Cost: 6.000
arrive destination: True ,out of road:False   Total T: 338158 Episode Num: 980 Episode T: 214 Reward: 269.397 Cost: 5.000
arrive destination: True ,out of road:False   Total T: 338488 Episode Num: 981 Episode T: 330 Reward: 294.451 Cost: 7.000
arrive destination: True ,out of road:False   Total T: 338822 Episode Num: 982 Episode T: 334 Reward: 335.792 Cost: 7.000
arrive destination: True ,out of road:False   Total T: 339045 Episode Num: 983 Episode T: 223 Reward: 269.727 Cost: 1.000
arrive destination: False ,out of road:True   Total T: 339417 Episode Num: 984 Episode T: 372 Reward: 362.346 Cost: 10.000
arrive destination: True ,out of road:False   Total T: 339860 Episode Num: 985 Episode T: 443 Reward: 336.108 Cost: 20.000
arrive destination: False ,out of road:True   Total T: 339932 Episode Num: 986 Episode T: 72 Reward: 34.076 Cost: 1.000
---------------------------------------
Evaluation over 20 episodes: 0.800 Cost 15.650.             SafeRL used : use_qpsl
---------------------------------------
[34;1m
Time: 2026-06-29 23:11:48, Time spent from previous logger: 157.469 s[0m
[34;1mCustomLogger with fileds: ['total_steps', 'EpRet', 'EpCost', 'CostRate'][0m
[34;1mfieldvalues: [340000, 0.8, 15.65, 0.03582069359027527]
[0m
arrive destination: True ,out of road:False   Total T: 340331 Episode Num: 987 Episode T: 399 Reward: 393.974 Cost: 8.000
arrive destination: False ,out of road:True   Total T: 340437 Episode Num: 988 Episode T: 106 Reward: 74.752 Cost: 2.000
arrive destination: True ,out of road:False   Total T: 340811 Episode Num: 989 Episode T: 374 Reward: 369.687 Cost: 17.000
arrive destination: True ,out of road:False   Total T: 341023 Episode Num: 990 Episode T: 212 Reward: 232.235 Cost: 12.000
arrive destination: True ,out of road:False   Total T: 341446 Episode Num: 991 Episode T: 423 Reward: 367.717 Cost: 24.000
arrive destination: True ,out of road:False   Total T: 341658 Episode Num: 992 Episode T: 212 Reward: 231.491 Cost: 4.000
arrive destination: True ,out of road:False   Total T: 342074 Episode Num: 993 Episode T: 416 Reward: 405.435 Cost: 19.000
arrive destination: True ,out of road:False   Total T: 342290 Episode Num: 994 Episode T: 216 Reward: 269.628 Cost: 3.000
arrive destination: True ,out of road:False   Total T: 342519 Episode Num: 995 Episode T: 229 Reward: 269.887 Cost: 3.000
arrive destination: True ,out of road:False   Total T: 342899 Episode Num: 996 Episode T: 380 Reward: 336.214 Cost: 23.000
arrive destination: True ,out of road:False   Total T: 343168 Episode Num: 997 Episode T: 269 Reward: 276.128 Cost: 0.000
arrive destination: True ,out of road:False   Total T: 343382 Episode Num: 998 Episode T: 214 Reward: 245.248 Cost: 0.000
arrive destination: True ,out of road:False   Total T: 343836 Episode Num: 999 Episode T: 454 Reward: 399.040 Cost: 25.000
arrive destination: True ,out of road:False   Total T: 344574 Episode Num: 1000 Episode T: 738 Reward: 499.221 Cost: 87.000
arrive destination: False ,out of road:True   Total T: 344747 Episode Num: 1001 Episode T: 173 Reward: 182.726 Cost: 1.000
arrive destination: True ,out of road:False   Total T: 345008 Episode Num: 1002 Episode T: 261 Reward: 296.052 Cost: 7.000
arrive destination: True ,out of road:False   Total T: 345366 Episode Num: 1003 Episode T: 358 Reward: 399.923 Cost: 0.000
arrive destination: False ,out of road:True   Total T: 345652 Episode Num: 1004 Episode T: 286 Reward: 174.900 Cost: 8.000
arrive destination: True ,out of road:False   Total T: 346086 Episode Num: 1005 Episode T: 434 Reward: 393.206 Cost: 7.000
arrive destination: True ,out of road:False   Total T: 346553 Episode Num: 1006 Episode T: 467 Reward: 401.635 Cost: 22.000
arrive destination: True ,out of road:False   Total T: 346768 Episode Num: 1007 Episode T: 215 Reward: 244.364 Cost: 0.000
arrive destination: True ,out of road:False   Total T: 347092 Episode Num: 1008 Episode T: 324 Reward: 278.883 Cost: 2.000
arrive destination: True ,out of road:False   Total T: 347635 Episode Num: 1009 Episode T: 543 Reward: 494.464 Cost: 29.000
arrive destination: True ,out of road:False   Total T: 347885 Episode Num: 1010 Episode T: 250 Reward: 232.476 Cost: 10.000
arrive destination: False ,out of road:True   Total T: 347991 Episode Num: 1011 Episode T: 106 Reward: 88.401 Cost: 2.000
arrive destination: True ,out of road:False   Total T: 348205 Episode Num: 1012 Episode T: 214 Reward: 245.110 Cost: 0.000
arrive destination: False ,out of road:True   Total T: 348677 Episode Num: 1013 Episode T: 472 Reward: 357.521 Cost: 28.000
arrive destination: True ,out of road:False   Total T: 348926 Episode Num: 1014 Episode T: 249 Reward: 295.948 Cost: 9.000
arrive destination: True ,out of road:False   Total T: 349369 Episode Num: 1015 Episode T: 443 Reward: 476.609 Cost: 11.000
arrive destination: True ,out of road:False   Total T: 349853 Episode Num: 1016 Episode T: 484 Reward: 418.915 Cost: 23.000
---------------------------------------
Evaluation over 20 episodes: 0.800 Cost 14.600.             SafeRL used : use_qpsl
---------------------------------------
[34;1m
Time: 2026-06-29 23:14:26, Time spent from previous logger: 158.427 s[0m
[34;1mCustomLogger with fileds: ['total_steps', 'EpRet', 'EpCost', 'CostRate'][0m
[34;1mfieldvalues: [350000, 0.8, 14.6, 0.03590867402478293]
[0m
arrive destination: True ,out of road:False   Total T: 350220 Episode Num: 1017 Episode T: 367 Reward: 381.307 Cost: 3.000
arrive destination: True ,out of road:False   Total T: 350557 Episode Num: 1018 Episode T: 337 Reward: 335.559 Cost: 2.000
arrive destination: True ,out of road:False   Total T: 351116 Episode Num: 1019 Episode T: 559 Reward: 507.119 Cost: 31.000
arrive destination: True ,out of road:False   Total T: 351555 Episode Num: 1020 Episode T: 439 Reward: 472.544 Cost: 11.000
arrive destination: False ,out of road:True   Total T: 351601 Episode Num: 1021 Episode T: 46 Reward: -1.809 Cost: 1.000
arrive destination: True ,out of road:False   Total T: 352113 Episode Num: 1022 Episode T: 512 Reward: 494.985 Cost: 22.000
arrive destination: True ,out of road:False   Total T: 352482 Episode Num: 1023 Episode T: 369 Reward: 406.221 Cost: 0.000
arrive destination: True ,out of road:False   Total T: 352888 Episode Num: 1024 Episode T: 406 Reward: 276.656 Cost: 2.000
arrive destination: False ,out of road:True   Total T: 353111 Episode Num: 1025 Episode T: 223 Reward: 185.149 Cost: 12.000
arrive destination: True ,out of road:False   Total T: 353309 Episode Num: 1026 Episode T: 198 Reward: 231.971 Cost: 0.000
arrive destination: False ,out of road:True   Total T: 353534 Episode Num: 1027 Episode T: 225 Reward: 236.945 Cost: 3.000
arrive destination: False ,out of road:True   Total T: 353754 Episode Num: 1028 Episode T: 220 Reward: 234.082 Cost: 4.000
arrive destination: True ,out of road:False   Total T: 354117 Episode Num: 1029 Episode T: 363 Reward: 355.528 Cost: 7.000
arrive destination: True ,out of road:False   Total T: 354505 Episode Num: 1030 Episode T: 388 Reward: 336.422 Cost: 17.000
arrive destination: True ,out of road:False   Total T: 354900 Episode Num: 1031 Episode T: 395 Reward: 405.783 Cost: 6.000
arrive destination: True ,out of road:False   Total T: 355358 Episode Num: 1032 Episode T: 458 Reward: 475.672 Cost: 12.000
arrive destination: True ,out of road:False   Total T: 355939 Episode Num: 1033 Episode T: 581 Reward: 512.532 Cost: 21.000
arrive destination: True ,out of road:False   Total T: 356474 Episode Num: 1034 Episode T: 535 Reward: 493.950 Cost: 43.000
arrive destination: True ,out of road:False   Total T: 356724 Episode Num: 1035 Episode T: 250 Reward: 296.122 Cost: 10.000
arrive destination: True ,out of road:False   Total T: 356922 Episode Num: 1036 Episode T: 198 Reward: 231.779 Cost: 0.000
arrive destination: False ,out of road:True   Total T: 357253 Episode Num: 1037 Episode T: 331 Reward: 365.242 Cost: 1.000
arrive destination: True ,out of road:False   Total T: 357743 Episode Num: 1038 Episode T: 490 Reward: 506.812 Cost: 32.000
arrive destination: True ,out of road:False   Total T: 358059 Episode Num: 1039 Episode T: 316 Reward: 399.379 Cost: 2.000
arrive destination: True ,out of road:False   Total T: 358544 Episode Num: 1040 Episode T: 485 Reward: 374.898 Cost: 47.000
arrive destination: True ,out of road:False   Total T: 359010 Episode Num: 1041 Episode T: 466 Reward: 396.146 Cost: 11.000
arrive destination: True ,out of road:False   Total T: 359212 Episode Num: 1042 Episode T: 202 Reward: 269.551 Cost: 3.000
arrive destination: True ,out of road:False   Total T: 359606 Episode Num: 1043 Episode T: 394 Reward: 408.560 Cost: 2.000
arrive destination: True ,out of road:False   Total T: 359881 Episode Num: 1044 Episode T: 275 Reward: 269.164 Cost: 4.000
---------------------------------------
Evaluation over 20 episodes: 0.650 Cost 12.500.             SafeRL used : use_qpsl
---------------------------------------
[34;1m
Time: 2026-06-29 23:16:57, Time spent from previous logger: 151.322 s[0m
[34;1mCustomLogger with fileds: ['total_steps', 'EpRet', 'EpCost', 'CostRate'][0m
[34;1mfieldvalues: [360000, 0.65, 12.5, 0.0357612104478068]
[0m
arrive destination: True ,out of road:False   Total T: 360207 Episode Num: 1045 Episode T: 326 Reward: 398.700 Cost: 6.000
arrive destination: True ,out of road:False   Total T: 360449 Episode Num: 1046 Episode T: 242 Reward: 295.618 Cost: 10.000
arrive destination: True ,out of road:False   Total T: 360792 Episode Num: 1047 Episode T: 343 Reward: 294.557 Cost: 8.000
arrive destination: True ,out of road:False   Total T: 361222 Episode Num: 1048 Episode T: 430 Reward: 471.520 Cost: 10.000
arrive destination: True ,out of road:False   Total T: 361485 Episode Num: 1049 Episode T: 263 Reward: 268.615 Cost: 3.000
arrive destination: True ,out of road:False   Total T: 362056 Episode Num: 1050 Episode T: 571 Reward: 493.861 Cost: 34.000
arrive destination: True ,out of road:False   Total T: 362409 Episode Num: 1051 Episode T: 353 Reward: 336.110 Cost: 10.000
arrive destination: True ,out of road:False   Total T: 362655 Episode Num: 1052 Episode T: 246 Reward: 275.887 Cost: 2.000
arrive destination: False ,out of road:True   Total T: 362753 Episode Num: 1053 Episode T: 98 Reward: 81.467 Cost: 2.000
arrive destination: True ,out of road:False   Total T: 363000 Episode Num: 1054 Episode T: 247 Reward: 274.377 Cost: 0.000
arrive destination: True ,out of road:False   Total T: 363264 Episode Num: 1055 Episode T: 264 Reward: 286.474 Cost: 12.000
arrive destination: True ,out of road:False   Total T: 363665 Episode Num: 1056 Episode T: 401 Reward: 380.247 Cost: 22.000
arrive destination: True ,out of road:False   Total T: 363907 Episode Num: 1057 Episode T: 242 Reward: 286.082 Cost: 4.000
arrive destination: True ,out of road:False   Total T: 364345 Episode Num: 1058 Episode T: 438 Reward: 476.331 Cost: 12.000
arrive destination: True ,out of road:False   Total T: 364838 Episode Num: 1059 Episode T: 493 Reward: 416.594 Cost: 32.000
arrive destination: True ,out of road:False   Total T: 365264 Episode Num: 1060 Episode T: 426 Reward: 366.761 Cost: 32.000
arrive destination: True ,out of road:False   Total T: 365690 Episode Num: 1061 Episode T: 426 Reward: 379.703 Cost: 19.000
arrive destination: True ,out of road:False   Total T: 365890 Episode Num: 1062 Episode T: 200 Reward: 269.610 Cost: 4.000
arrive destination: True ,out of road:False   Total T: 366312 Episode Num: 1063 Episode T: 422 Reward: 363.245 Cost: 23.000
arrive destination: True ,out of road:False   Total T: 366815 Episode Num: 1064 Episode T: 503 Reward: 503.199 Cost: 22.000
arrive destination: True ,out of road:False   Total T: 367129 Episode Num: 1065 Episode T: 314 Reward: 398.630 Cost: 0.000
arrive destination: True ,out of road:False   Total T: 367591 Episode Num: 1066 Episode T: 462 Reward: 478.657 Cost: 19.000
arrive destination: True ,out of road:False   Total T: 368113 Episode Num: 1067 Episode T: 522 Reward: 492.995 Cost: 33.000
arrive destination: True ,out of road:False   Total T: 368464 Episode Num: 1068 Episode T: 351 Reward: 402.445 Cost: 6.000
arrive destination: False ,out of road:True   Total T: 368826 Episode Num: 1069 Episode T: 362 Reward: 363.832 Cost: 24.000
arrive destination: True ,out of road:False   Total T: 369103 Episode Num: 1070 Episode T: 277 Reward: 268.747 Cost: 14.000
arrive destination: False ,out of road:True   Total T: 369562 Episode Num: 1071 Episode T: 459 Reward: 396.052 Cost: 35.000
arrive destination: True ,out of road:False   Total T: 369805 Episode Num: 1072 Episode T: 243 Reward: 241.067 Cost: 10.000
---------------------------------------
Evaluation over 20 episodes: 0.800 Cost 10.450.             SafeRL used : use_qpsl
---------------------------------------
[34;1m
Time: 2026-06-29 23:19:28, Time spent from previous logger: 151.051 s[0m
[34;1mCustomLogger with fileds: ['total_steps', 'EpRet', 'EpCost', 'CostRate'][0m
[34;1mfieldvalues: [370000, 0.8, 10.45, 0.03590820515731124]
[0m
arrive destination: True ,out of road:False   Total T: 370274 Episode Num: 1073 Episode T: 469 Reward: 444.406 Cost: 15.000
arrive destination: True ,out of road:False   Total T: 370610 Episode Num: 1074 Episode T: 336 Reward: 294.730 Cost: 18.000
arrive destination: True ,out of road:False   Total T: 370998 Episode Num: 1075 Episode T: 388 Reward: 294.487 Cost: 9.000
arrive destination: True ,out of road:False   Total T: 371352 Episode Num: 1076 Episode T: 354 Reward: 400.987 Cost: 4.000
arrive destination: True ,out of road:False   Total T: 371572 Episode Num: 1077 Episode T: 220 Reward: 247.268 Cost: 0.000
arrive destination: True ,out of road:False   Total T: 371825 Episode Num: 1078 Episode T: 253 Reward: 305.353 Cost: 5.000
arrive destination: True ,out of road:False   Total T: 372023 Episode Num: 1079 Episode T: 198 Reward: 232.123 Cost: 1.000
arrive destination: False ,out of road:True   Total T: 372212 Episode Num: 1080 Episode T: 189 Reward: 186.205 Cost: 1.000
arrive destination: True ,out of road:False   Total T: 372567 Episode Num: 1081 Episode T: 355 Reward: 376.641 Cost: 19.000
arrive destination: False ,out of road:True   Total T: 372789 Episode Num: 1082 Episode T: 222 Reward: 235.929 Cost: 1.000
arrive destination: True ,out of road:False   Total T: 373146 Episode Num: 1083 Episode T: 357 Reward: 294.686 Cost: 23.000
arrive destination: True ,out of road:False   Total T: 373577 Episode Num: 1084 Episode T: 431 Reward: 380.336 Cost: 20.000
arrive destination: True ,out of road:False   Total T: 373920 Episode Num: 1085 Episode T: 343 Reward: 336.128 Cost: 4.000
arrive destination: True ,out of road:False   Total T: 374493 Episode Num: 1086 Episode T: 573 Reward: 417.356 Cost: 31.000
arrive destination: True ,out of road:False   Total T: 374738 Episode Num: 1087 Episode T: 245 Reward: 285.777 Cost: 3.000
arrive destination: True ,out of road:False   Total T: 375017 Episode Num: 1088 Episode T: 279 Reward: 267.144 Cost: 5.000
arrive destination: True ,out of road:False   Total T: 375354 Episode Num: 1089 Episode T: 337 Reward: 336.417 Cost: 6.000
arrive destination: True ,out of road:False   Total T: 375739 Episode Num: 1090 Episode T: 385 Reward: 335.997 Cost: 9.000
arrive destination: True ,out of road:False   Total T: 376188 Episode Num: 1091 Episode T: 449 Reward: 423.578 Cost: 17.000
arrive destination: False ,out of road:True   Total T: 376409 Episode Num: 1092 Episode T: 221 Reward: 232.169 Cost: 1.000
arrive destination: True ,out of road:False   Total T: 376779 Episode Num: 1093 Episode T: 370 Reward: 402.244 Cost: 0.000
arrive destination: True ,out of road:False   Total T: 377219 Episode Num: 1094 Episode T: 440 Reward: 471.597 Cost: 20.000
arrive destination: True ,out of road:False   Total T: 377819 Episode Num: 1095 Episode T: 600 Reward: 493.936 Cost: 26.000
arrive destination: True ,out of road:False   Total T: 378132 Episode Num: 1096 Episode T: 313 Reward: 348.523 Cost: 3.000
arrive destination: True ,out of road:False   Total T: 378383 Episode Num: 1097 Episode T: 251 Reward: 274.760 Cost: 0.000
arrive destination: True ,out of road:False   Total T: 378583 Episode Num: 1098 Episode T: 200 Reward: 270.105 Cost: 2.000
arrive destination: True ,out of road:False   Total T: 378804 Episode Num: 1099 Episode T: 221 Reward: 295.515 Cost: 4.000
arrive destination: True ,out of road:False   Total T: 379207 Episode Num: 1100 Episode T: 403 Reward: 371.254 Cost: 31.000
arrive destination: True ,out of road:False   Total T: 379466 Episode Num: 1101 Episode T: 259 Reward: 286.457 Cost: 11.000
arrive destination: True ,out of road:False   Total T: 379865 Episode Num: 1102 Episode T: 399 Reward: 367.597 Cost: 27.000
---------------------------------------
Evaluation over 20 episodes: 0.700 Cost 14.150.             SafeRL used : use_qpsl
---------------------------------------
[34;1m
Time: 2026-06-29 23:21:59, Time spent from previous logger: 150.541 s[0m
[34;1mCustomLogger with fileds: ['total_steps', 'EpRet', 'EpCost', 'CostRate'][0m
[34;1mfieldvalues: [380000, 0.7, 14.15, 0.035789567867283864]
[0m
arrive destination: True ,out of road:False   Total T: 380475 Episode Num: 1103 Episode T: 610 Reward: 530.706 Cost: 27.000
arrive destination: True ,out of road:False   Total T: 380862 Episode Num: 1104 Episode T: 387 Reward: 368.054 Cost: 23.000
arrive destination: True ,out of road:False   Total T: 381126 Episode Num: 1105 Episode T: 264 Reward: 285.233 Cost: 7.000
arrive destination: True ,out of road:False   Total T: 381346 Episode Num: 1106 Episode T: 220 Reward: 306.138 Cost: 3.000
arrive destination: True ,out of road:False   Total T: 381607 Episode Num: 1107 Episode T: 261 Reward: 286.429 Cost: 9.000
arrive destination: True ,out of road:False   Total T: 382107 Episode Num: 1108 Episode T: 500 Reward: 506.058 Cost: 22.000
arrive destination: True ,out of road:False   Total T: 382329 Episode Num: 1109 Episode T: 222 Reward: 243.557 Cost: 0.000
arrive destination: True ,out of road:False   Total T: 382544 Episode Num: 1110 Episode T: 215 Reward: 243.363 Cost: 0.000
arrive destination: True ,out of road:False   Total T: 382918 Episode Num: 1111 Episode T: 374 Reward: 378.427 Cost: 12.000
arrive destination: False ,out of road:True   Total T: 382981 Episode Num: 1112 Episode T: 63 Reward: 30.170 Cost: 1.000
arrive destination: False ,out of road:True   Total T: 383116 Episode Num: 1113 Episode T: 135 Reward: 76.327 Cost: 4.000
arrive destination: True ,out of road:False   Total T: 383318 Episode Num: 1114 Episode T: 202 Reward: 269.325 Cost: 4.000
arrive destination: True ,out of road:False   Total T: 383909 Episode Num: 1115 Episode T: 591 Reward: 414.910 Cost: 48.000
arrive destination: True ,out of road:False   Total T: 384440 Episode Num: 1116 Episode T: 531 Reward: 417.504 Cost: 54.000
arrive destination: True ,out of road:False   Total T: 384880 Episode Num: 1117 Episode T: 440 Reward: 397.687 Cost: 29.000
arrive destination: True ,out of road:False   Total T: 385132 Episode Num: 1118 Episode T: 252 Reward: 275.134 Cost: 2.000
arrive destination: True ,out of road:False   Total T: 385742 Episode Num: 1119 Episode T: 610 Reward: 509.774 Cost: 37.000
arrive destination: True ,out of road:False   Total T: 386275 Episode Num: 1120 Episode T: 533 Reward: 414.547 Cost: 46.000
arrive destination: True ,out of road:False   Total T: 386628 Episode Num: 1121 Episode T: 353 Reward: 294.731 Cost: 20.000
arrive destination: True ,out of road:False   Total T: 387171 Episode Num: 1122 Episode T: 543 Reward: 497.577 Cost: 20.000
arrive destination: True ,out of road:False   Total T: 387393 Episode Num: 1123 Episode T: 222 Reward: 296.052 Cost: 5.000
arrive destination: False ,out of road:True   Total T: 387656 Episode Num: 1124 Episode T: 263 Reward: 196.753 Cost: 10.000
arrive destination: True ,out of road:False   Total T: 387927 Episode Num: 1125 Episode T: 271 Reward: 264.614 Cost: 13.000
arrive destination: True ,out of road:False   Total T: 388176 Episode Num: 1126 Episode T: 249 Reward: 274.873 Cost: 0.000
arrive destination: True ,out of road:False   Total T: 388390 Episode Num: 1127 Episode T: 214 Reward: 244.031 Cost: 0.000
arrive destination: True ,out of road:False   Total T: 388909 Episode Num: 1128 Episode T: 519 Reward: 499.294 Cost: 29.000
arrive destination: True ,out of road:False   Total T: 389279 Episode Num: 1129 Episode T: 370 Reward: 373.368 Cost: 14.000
arrive destination: True ,out of road:False   Total T: 389825 Episode Num: 1130 Episode T: 546 Reward: 407.948 Cost: 39.000
arrive destination: False ,out of road:True   Total T: 389987 Episode Num: 1131 Episode T: 162 Reward: 164.432 Cost: 6.000
---------------------------------------
Evaluation over 20 episodes: 0.600 Cost 17.250.             SafeRL used : use_qpsl
---------------------------------------
[34;1m
Time: 2026-06-29 23:24:38, Time spent from previous logger: 159.271 s[0m
[34;1mCustomLogger with fileds: ['total_steps', 'EpRet', 'EpCost', 'CostRate'][0m
[34;1mfieldvalues: [390000, 0.6, 17.25, 0.03610778489175613]
[0m
arrive destination: True ,out of road:False   Total T: 390246 Episode Num: 1132 Episode T: 259 Reward: 296.624 Cost: 11.000
arrive destination: True ,out of road:False   Total T: 390678 Episode Num: 1133 Episode T: 432 Reward: 374.575 Cost: 24.000
arrive destination: True ,out of road:False   Total T: 390878 Episode Num: 1134 Episode T: 200 Reward: 269.614 Cost: 2.000
arrive destination: True ,out of road:False   Total T: 391256 Episode Num: 1135 Episode T: 378 Reward: 402.969 Cost: 2.000
arrive destination: False ,out of road:True   Total T: 391595 Episode Num: 1136 Episode T: 339 Reward: 352.073 Cost: 7.000
arrive destination: True ,out of road:False   Total T: 391942 Episode Num: 1137 Episode T: 347 Reward: 335.830 Cost: 12.000
arrive destination: True ,out of road:False   Total T: 392190 Episode Num: 1138 Episode T: 248 Reward: 280.728 Cost: 1.000
arrive destination: False ,out of road:True   Total T: 392373 Episode Num: 1139 Episode T: 183 Reward: 179.502 Cost: 1.000
arrive destination: True ,out of road:False   Total T: 392830 Episode Num: 1140 Episode T: 457 Reward: 394.088 Cost: 12.000
arrive destination: True ,out of road:False   Total T: 393301 Episode Num: 1141 Episode T: 471 Reward: 475.242 Cost: 27.000
arrive destination: True ,out of road:False   Total T: 393734 Episode Num: 1142 Episode T: 433 Reward: 399.618 Cost: 20.000
arrive destination: True ,out of road:False   Total T: 394152 Episode Num: 1143 Episode T: 418 Reward: 473.582 Cost: 8.000
arrive destination: True ,out of road:False   Total T: 394422 Episode Num: 1144 Episode T: 270 Reward: 336.117 Cost: 0.000
arrive destination: True ,out of road:False   Total T: 394811 Episode Num: 1145 Episode T: 389 Reward: 366.638 Cost: 21.000
arrive destination: True ,out of road:False   Total T: 395136 Episode Num: 1146 Episode T: 325 Reward: 398.666 Cost: 15.000
arrive destination: True ,out of road:False   Total T: 395449 Episode Num: 1147 Episode T: 313 Reward: 350.595 Cost: 17.000
arrive destination: True ,out of road:False   Total T: 395832 Episode Num: 1148 Episode T: 383 Reward: 369.787 Cost: 16.000
arrive destination: False ,out of road:True   Total T: 396010 Episode Num: 1149 Episode T: 178 Reward: 223.310 Cost: 4.000
arrive destination: False ,out of road:True   Total T: 396126 Episode Num: 1150 Episode T: 116 Reward: 98.326 Cost: 6.000
arrive destination: True ,out of road:False   Total T: 396341 Episode Num: 1151 Episode T: 215 Reward: 245.431 Cost: 0.000
arrive destination: False ,out of road:True   Total T: 396454 Episode Num: 1152 Episode T: 113 Reward: 96.827 Cost: 4.000
arrive destination: False ,out of road:True   Total T: 396643 Episode Num: 1153 Episode T: 189 Reward: 182.982 Cost: 1.000
arrive destination: True ,out of road:False   Total T: 397087 Episode Num: 1154 Episode T: 444 Reward: 336.180 Cost: 22.000
arrive destination: True ,out of road:False   Total T: 397323 Episode Num: 1155 Episode T: 236 Reward: 295.877 Cost: 11.000
arrive destination: True ,out of road:False   Total T: 397541 Episode Num: 1156 Episode T: 218 Reward: 246.001 Cost: 0.000
arrive destination: True ,out of road:False   Total T: 397738 Episode Num: 1157 Episode T: 197 Reward: 269.956 Cost: 0.000
arrive destination: True ,out of road:False   Total T: 398175 Episode Num: 1158 Episode T: 437 Reward: 407.544 Cost: 9.000
arrive destination: True ,out of road:False   Total T: 398411 Episode Num: 1159 Episode T: 236 Reward: 273.851 Cost: 0.000
arrive destination: True ,out of road:False   Total T: 398791 Episode Num: 1160 Episode T: 380 Reward: 335.927 Cost: 24.000
arrive destination: True ,out of road:False   Total T: 399355 Episode Num: 1161 Episode T: 564 Reward: 417.048 Cost: 44.000
arrive destination: True ,out of road:False   Total T: 399613 Episode Num: 1162 Episode T: 258 Reward: 286.178 Cost: 10.000
arrive destination: True ,out of road:False   Total T: 399913 Episode Num: 1163 Episode T: 300 Reward: 267.419 Cost: 12.000
---------------------------------------
Evaluation over 20 episodes: 0.850 Cost 14.300.             SafeRL used : use_qpsl
---------------------------------------
[34;1m
Time: 2026-06-29 23:27:13, Time spent from previous logger: 154.358 s[0m
[34;1mCustomLogger with fileds: ['total_steps', 'EpRet', 'EpCost', 'CostRate'][0m
[34;1mfieldvalues: [400000, 0.85, 14.3, 0.036062590156475394]
[0m
arrive destination: True ,out of road:False   Total T: 400304 Episode Num: 1164 Episode T: 391 Reward: 432.225 Cost: 4.000
arrive destination: True ,out of road:False   Total T: 400611 Episode Num: 1165 Episode T: 307 Reward: 294.402 Cost: 14.000
arrive destination: True ,out of road:False   Total T: 400844 Episode Num: 1166 Episode T: 233 Reward: 270.560 Cost: 0.000
arrive destination: True ,out of road:False   Total T: 401035 Episode Num: 1167 Episode T: 191 Reward: 269.948 Cost: 0.000
arrive destination: True ,out of road:False   Total T: 401496 Episode Num: 1168 Episode T: 461 Reward: 393.938 Cost: 29.000
arrive destination: True ,out of road:False   Total T: 401894 Episode Num: 1169 Episode T: 398 Reward: 410.534 Cost: 17.000
arrive destination: True ,out of road:False   Total T: 402110 Episode Num: 1170 Episode T: 216 Reward: 295.673 Cost: 5.000
arrive destination: False ,out of road:True   Total T: 402353 Episode Num: 1171 Episode T: 243 Reward: 250.076 Cost: 8.000
arrive destination: True ,out of road:False   Total T: 402586 Episode Num: 1172 Episode T: 233 Reward: 296.140 Cost: 10.000
arrive destination: True ,out of road:False   Total T: 403074 Episode Num: 1173 Episode T: 488 Reward: 496.128 Cost: 14.000
arrive destination: True ,out of road:False   Total T: 403514 Episode Num: 1174 Episode T: 440 Reward: 474.169 Cost: 18.000
arrive destination: True ,out of road:False   Total T: 403941 Episode Num: 1175 Episode T: 427 Reward: 507.072 Cost: 22.000
arrive destination: True ,out of road:False   Total T: 404343 Episode Num: 1176 Episode T: 402 Reward: 401.768 Cost: 20.000
arrive destination: True ,out of road:False   Total T: 404572 Episode Num: 1177 Episode T: 229 Reward: 286.249 Cost: 3.000
arrive destination: True ,out of road:False   Total T: 404910 Episode Num: 1178 Episode T: 338 Reward: 335.761 Cost: 29.000
arrive destination: True ,out of road:False   Total T: 405111 Episode Num: 1179 Episode T: 201 Reward: 269.803 Cost: 2.000
arrive destination: True ,out of road:False   Total T: 405410 Episode Num: 1180 Episode T: 299 Reward: 286.102 Cost: 14.000
arrive destination: True ,out of road:False   Total T: 405775 Episode Num: 1181 Episode T: 365 Reward: 367.533 Cost: 18.000
arrive destination: True ,out of road:False   Total T: 405990 Episode Num: 1182 Episode T: 215 Reward: 232.399 Cost: 0.000
arrive destination: True ,out of road:False   Total T: 406467 Episode Num: 1183 Episode T: 477 Reward: 492.959 Cost: 18.000
arrive destination: False ,out of road:True   Total T: 406693 Episode Num: 1184 Episode T: 226 Reward: 206.982 Cost: 18.000
arrive destination: True ,out of road:False   Total T: 406929 Episode Num: 1185 Episode T: 236 Reward: 269.279 Cost: 3.000
arrive destination: True ,out of road:False   Total T: 407251 Episode Num: 1186 Episode T: 322 Reward: 265.613 Cost: 10.000
arrive destination: False ,out of road:True   Total T: 407353 Episode Num: 1187 Episode T: 102 Reward: 69.545 Cost: 3.000
arrive destination: True ,out of road:False   Total T: 407646 Episode Num: 1188 Episode T: 293 Reward: 268.505 Cost: 4.000
arrive destination: True ,out of road:False   Total T: 407852 Episode Num: 1189 Episode T: 206 Reward: 244.950 Cost: 0.000
arrive destination: False ,out of road:True   Total T: 408008 Episode Num: 1190 Episode T: 156 Reward: 145.320 Cost: 3.000
arrive destination: False ,out of road:True   Total T: 408265 Episode Num: 1191 Episode T: 257 Reward: 262.541 Cost: 15.000
arrive destination: False ,out of road:True   Total T: 408362 Episode Num: 1192 Episode T: 97 Reward: 79.122 Cost: 3.000
arrive destination: True ,out of road:False   Total T: 408574 Episode Num: 1193 Episode T: 212 Reward: 248.321 Cost: 0.000
arrive destination: False ,out of road:True   Total T: 408875 Episode Num: 1194 Episode T: 301 Reward: 260.952 Cost: 9.000
arrive destination: True ,out of road:False   Total T: 409093 Episode Num: 1195 Episode T: 218 Reward: 246.732 Cost: 0.000
arrive destination: True ,out of road:False   Total T: 409476 Episode Num: 1196 Episode T: 383 Reward: 380.900 Cost: 4.000
arrive destination: True ,out of road:False   Total T: 409777 Episode Num: 1197 Episode T: 301 Reward: 356.937 Cost: 11.000
---------------------------------------
Evaluation over 20 episodes: 0.650 Cost 18.900.             SafeRL used : use_qpsl
---------------------------------------
[34;1m
Time: 2026-06-29 23:29:43, Time spent from previous logger: 150.876 s[0m
[34;1mCustomLogger with fileds: ['total_steps', 'EpRet', 'EpCost', 'CostRate'][0m
[34;1mfieldvalues: [410000, 0.65, 18.9, 0.03599764877475311]
[0m
arrive destination: True ,out of road:False   Total T: 410214 Episode Num: 1198 Episode T: 437 Reward: 434.972 Cost: 9.000
arrive destination: True ,out of road:False   Total T: 410586 Episode Num: 1199 Episode T: 372 Reward: 403.586 Cost: 3.000
arrive destination: True ,out of road:False   Total T: 410845 Episode Num: 1200 Episode T: 259 Reward: 296.087 Cost: 7.000
arrive destination: False ,out of road:True   Total T: 410946 Episode Num: 1201 Episode T: 101 Reward: 87.296 Cost: 1.000
arrive destination: True ,out of road:False   Total T: 411160 Episode Num: 1202 Episode T: 214 Reward: 243.532 Cost: 0.000
arrive destination: True ,out of road:False   Total T: 411688 Episode Num: 1203 Episode T: 528 Reward: 495.744 Cost: 21.000
arrive destination: True ,out of road:False   Total T: 411985 Episode Num: 1204 Episode T: 297 Reward: 269.144 Cost: 9.000
arrive destination: True ,out of road:False   Total T: 412415 Episode Num: 1205 Episode T: 430 Reward: 408.136 Cost: 8.000
arrive destination: True ,out of road:False   Total T: 412754 Episode Num: 1206 Episode T: 339 Reward: 336.022 Cost: 9.000
arrive destination: False ,out of road:True   Total T: 413047 Episode Num: 1207 Episode T: 293 Reward: 323.893 Cost: 5.000
arrive destination: True ,out of road:False   Total T: 413436 Episode Num: 1208 Episode T: 389 Reward: 375.569 Cost: 14.000
arrive destination: True ,out of road:False   Total T: 413697 Episode Num: 1209 Episode T: 261 Reward: 278.220 Cost: 2.000
arrive destination: True ,out of road:False   Total T: 413940 Episode Num: 1210 Episode T: 243 Reward: 275.050 Cost: 0.000
arrive destination: True ,out of road:False   Total T: 414331 Episode Num: 1211 Episode T: 391 Reward: 369.654 Cost: 30.000
arrive destination: False ,out of road:True   Total T: 414641 Episode Num: 1212 Episode T: 310 Reward: 265.357 Cost: 16.000
arrive destination: True ,out of road:False   Total T: 414887 Episode Num: 1213 Episode T: 246 Reward: 274.645 Cost: 0.000
arrive destination: True ,out of road:False   Total T: 415138 Episode Num: 1214 Episode T: 251 Reward: 269.395 Cost: 1.000
arrive destination: False ,out of road:True   Total T: 415589 Episode Num: 1215 Episode T: 451 Reward: 456.920 Cost: 23.000
arrive destination: True ,out of road:False   Total T: 415860 Episode Num: 1216 Episode T: 271 Reward: 295.421 Cost: 14.000
arrive destination: True ,out of road:False   Total T: 416218 Episode Num: 1217 Episode T: 358 Reward: 396.399 Cost: 21.000
arrive destination: False ,out of road:True   Total T: 416318 Episode Num: 1218 Episode T: 100 Reward: 77.831 Cost: 4.000
arrive destination: True ,out of road:False   Total T: 416546 Episode Num: 1219 Episode T: 228 Reward: 286.877 Cost: 0.000
arrive destination: False ,out of road:True   Total T: 416726 Episode Num: 1220 Episode T: 180 Reward: 175.394 Cost: 1.000
arrive destination: True ,out of road:False   Total T: 416957 Episode Num: 1221 Episode T: 231 Reward: 231.907 Cost: 0.000
arrive destination: True ,out of road:False   Total T: 417586 Episode Num: 1222 Episode T: 629 Reward: 504.550 Cost: 42.000
arrive destination: False ,out of road:True   Total T: 417775 Episode Num: 1223 Episode T: 189 Reward: 185.945 Cost: 3.000
arrive destination: True ,out of road:False   Total T: 418220 Episode Num: 1224 Episode T: 445 Reward: 402.330 Cost: 23.000
arrive destination: True ,out of road:False   Total T: 418634 Episode Num: 1225 Episode T: 414 Reward: 381.999 Cost: 19.000
arrive destination: False ,out of road:True   Total T: 419047 Episode Num: 1226 Episode T: 413 Reward: 348.888 Cost: 28.000
arrive destination: True ,out of road:False   Total T: 419551 Episode Num: 1227 Episode T: 504 Reward: 372.957 Cost: 42.000
arrive destination: False ,out of road:True   Total T: 419887 Episode Num: 1228 Episode T: 336 Reward: 234.850 Cost: 15.000
---------------------------------------
Evaluation over 20 episodes: 0.550 Cost 15.850.             SafeRL used : use_qpsl
---------------------------------------
[34;1m
Time: 2026-06-29 23:32:15, Time spent from previous logger: 151.780 s[0m
[34;1mCustomLogger with fileds: ['total_steps', 'EpRet', 'EpCost', 'CostRate'][0m
[34;1mfieldvalues: [420000, 0.55, 15.85, 0.036007228588639494]
[0m
arrive destination: False ,out of road:True   Total T: 420180 Episode Num: 1229 Episode T: 293 Reward: 275.741 Cost: 1.000
arrive destination: False ,out of road:True   Total T: 420536 Episode Num: 1230 Episode T: 356 Reward: 320.951 Cost: 22.000
arrive destination: True ,out of road:False   Total T: 420984 Episode Num: 1231 Episode T: 448 Reward: 476.696 Cost: 9.000
arrive destination: False ,out of road:True   Total T: 421159 Episode Num: 1232 Episode T: 175 Reward: 182.589 Cost: 1.000
arrive destination: True ,out of road:False   Total T: 421411 Episode Num: 1233 Episode T: 252 Reward: 275.443 Cost: 0.000
arrive destination: True ,out of road:False   Total T: 421676 Episode Num: 1234 Episode T: 265 Reward: 295.961 Cost: 4.000
arrive destination: True ,out of road:False   Total T: 421892 Episode Num: 1235 Episode T: 216 Reward: 231.136 Cost: 4.000
arrive destination: True ,out of road:False   Total T: 422099 Episode Num: 1236 Episode T: 207 Reward: 270.204 Cost: 5.000
arrive destination: True ,out of road:False   Total T: 422591 Episode Num: 1237 Episode T: 492 Reward: 403.732 Cost: 27.000
arrive destination: True ,out of road:False   Total T: 423127 Episode Num: 1238 Episode T: 536 Reward: 504.344 Cost: 20.000
arrive destination: False ,out of road:True   Total T: 423394 Episode Num: 1239 Episode T: 267 Reward: 225.657 Cost: 15.000
arrive destination: True ,out of road:False   Total T: 423764 Episode Num: 1240 Episode T: 370 Reward: 399.424 Cost: 5.000
arrive destination: False ,out of road:True   Total T: 423969 Episode Num: 1241 Episode T: 205 Reward: 244.373 Cost: 7.000
arrive destination: True ,out of road:False   Total T: 424201 Episode Num: 1242 Episode T: 232 Reward: 232.660 Cost: 6.000
arrive destination: True ,out of road:False   Total T: 424539 Episode Num: 1243 Episode T: 338 Reward: 336.067 Cost: 5.000
arrive destination: True ,out of road:False   Total T: 424771 Episode Num: 1244 Episode T: 232 Reward: 284.277 Cost: 10.000
arrive destination: True ,out of road:False   Total T: 425190 Episode Num: 1245 Episode T: 419 Reward: 496.940 Cost: 30.000
arrive destination: False ,out of road:True   Total T: 425459 Episode Num: 1246 Episode T: 269 Reward: 218.944 Cost: 13.000
arrive destination: True ,out of road:False   Total T: 425657 Episode Num: 1247 Episode T: 198 Reward: 269.758 Cost: 0.000
arrive destination: True ,out of road:False   Total T: 426024 Episode Num: 1248 Episode T: 367 Reward: 398.299 Cost: 3.000
arrive destination: True ,out of road:False   Total T: 426248 Episode Num: 1249 Episode T: 224 Reward: 285.456 Cost: 2.000
arrive destination: True ,out of road:False   Total T: 426506 Episode Num: 1250 Episode T: 258 Reward: 270.757 Cost: 11.000
arrive destination: True ,out of road:False   Total T: 426802 Episode Num: 1251 Episode T: 296 Reward: 356.598 Cost: 18.000
arrive destination: True ,out of road:False   Total T: 427283 Episode Num: 1252 Episode T: 481 Reward: 498.955 Cost: 27.000
arrive destination: False ,out of road:True   Total T: 427420 Episode Num: 1253 Episode T: 137 Reward: 133.867 Cost: 1.000
arrive destination: True ,out of road:False   Total T: 427672 Episode Num: 1254 Episode T: 252 Reward: 274.116 Cost: 0.000
arrive destination: True ,out of road:False   Total T: 427877 Episode Num: 1255 Episode T: 205 Reward: 269.050 Cost: 1.000
arrive destination: False ,out of road:True   Total T: 428084 Episode Num: 1256 Episode T: 207 Reward: 199.779 Cost: 9.000
arrive destination: False ,out of road:True   Total T: 428495 Episode Num: 1257 Episode T: 411 Reward: 359.776 Cost: 6.000
arrive destination: True ,out of road:False   Total T: 428889 Episode Num: 1258 Episode T: 394 Reward: 372.828 Cost: 19.000
arrive destination: True ,out of road:False   Total T: 429366 Episode Num: 1259 Episode T: 477 Reward: 509.961 Cost: 21.000
arrive destination: True ,out of road:False   Total T: 429717 Episode Num: 1260 Episode T: 351 Reward: 351.565 Cost: 20.000
---------------------------------------
Evaluation over 20 episodes: 0.700 Cost 14.050.             SafeRL used : use_qpsl
---------------------------------------
[34;1m
Time: 2026-06-29 23:34:50, Time spent from previous logger: 154.635 s[0m
[34;1mCustomLogger with fileds: ['total_steps', 'EpRet', 'EpCost', 'CostRate'][0m
[34;1mfieldvalues: [430000, 0.7, 14.05, 0.035946595224640054]
[0m
arrive destination: True ,out of road:False   Total T: 430300 Episode Num: 1261 Episode T: 583 Reward: 522.229 Cost: 20.000
arrive destination: False ,out of road:True   Total T: 430604 Episode Num: 1262 Episode T: 304 Reward: 256.154 Cost: 14.000
arrive destination: True ,out of road:False   Total T: 430913 Episode Num: 1263 Episode T: 309 Reward: 356.123 Cost: 10.000
arrive destination: False ,out of road:True   Total T: 430993 Episode Num: 1264 Episode T: 80 Reward: 55.376 Cost: 1.000
arrive destination: False ,out of road:True   Total T: 431293 Episode Num: 1265 Episode T: 300 Reward: 327.533 Cost: 7.000
arrive destination: True ,out of road:False   Total T: 431591 Episode Num: 1266 Episode T: 298 Reward: 359.603 Cost: 3.000
arrive destination: True ,out of road:False   Total T: 431829 Episode Num: 1267 Episode T: 238 Reward: 335.751 Cost: 1.000
arrive destination: False ,out of road:True   Total T: 432173 Episode Num: 1268 Episode T: 344 Reward: 362.777 Cost: 13.000
arrive destination: False ,out of road:True   Total T: 432368 Episode Num: 1269 Episode T: 195 Reward: 188.087 Cost: 9.000
arrive destination: True ,out of road:False   Total T: 432782 Episode Num: 1270 Episode T: 414 Reward: 364.916 Cost: 20.000
arrive destination: False ,out of road:True   Total T: 432975 Episode Num: 1271 Episode T: 193 Reward: 213.683 Cost: 13.000
arrive destination: True ,out of road:False   Total T: 433225 Episode Num: 1272 Episode T: 250 Reward: 295.603 Cost: 3.000
arrive destination: False ,out of road:True   Total T: 433373 Episode Num: 1273 Episode T: 148 Reward: 108.658 Cost: 4.000
arrive destination: False ,out of road:True   Total T: 433718 Episode Num: 1274 Episode T: 345 Reward: 314.010 Cost: 21.000
arrive destination: True ,out of road:False   Total T: 433926 Episode Num: 1275 Episode T: 208 Reward: 246.255 Cost: 0.000
arrive destination: True ,out of road:False   Total T: 434241 Episode Num: 1276 Episode T: 315 Reward: 350.682 Cost: 8.000
arrive destination: True ,out of road:False   Total T: 434467 Episode Num: 1277 Episode T: 226 Reward: 266.938 Cost: 3.000
arrive destination: True ,out of road:False   Total T: 434784 Episode Num: 1278 Episode T: 317 Reward: 352.782 Cost: 10.000
arrive destination: True ,out of road:False   Total T: 435221 Episode Num: 1279 Episode T: 437 Reward: 508.598 Cost: 25.000
arrive destination: True ,out of road:False   Total T: 435556 Episode Num: 1280 Episode T: 335 Reward: 371.439 Cost: 9.000
arrive destination: False ,out of road:True   Total T: 435946 Episode Num: 1281 Episode T: 390 Reward: 122.736 Cost: 36.000
arrive destination: True ,out of road:False   Total T: 436439 Episode Num: 1282 Episode T: 493 Reward: 504.869 Cost: 27.000
arrive destination: True ,out of road:False   Total T: 436698 Episode Num: 1283 Episode T: 259 Reward: 295.418 Cost: 12.000
arrive destination: False ,out of road:True   Total T: 436992 Episode Num: 1284 Episode T: 294 Reward: 343.831 Cost: 6.000
arrive destination: False ,out of road:True   Total T: 437154 Episode Num: 1285 Episode T: 162 Reward: 150.375 Cost: 6.000
arrive destination: True ,out of road:False   Total T: 437406 Episode Num: 1286 Episode T: 252 Reward: 295.479 Cost: 8.000
arrive destination: True ,out of road:False   Total T: 437776 Episode Num: 1287 Episode T: 370 Reward: 399.801 Cost: 3.000
arrive destination: True ,out of road:False   Total T: 437976 Episode Num: 1288 Episode T: 200 Reward: 270.215 Cost: 0.000
arrive destination: True ,out of road:False   Total T: 438370 Episode Num: 1289 Episode T: 394 Reward: 476.367 Cost: 1.000
arrive destination: False ,out of road:True   Total T: 438687 Episode Num: 1290 Episode T: 317 Reward: 305.213 Cost: 16.000
arrive destination: True ,out of road:False   Total T: 438981 Episode Num: 1291 Episode T: 294 Reward: 285.223 Cost: 18.000
arrive destination: False ,out of road:True   Total T: 439188 Episode Num: 1292 Episode T: 207 Reward: 233.706 Cost: 1.000
arrive destination: True ,out of road:False   Total T: 439509 Episode Num: 1293 Episode T: 321 Reward: 400.176 Cost: 1.000
arrive destination: True ,out of road:False   Total T: 439785 Episode Num: 1294 Episode T: 276 Reward: 294.102 Cost: 9.000
---------------------------------------
Evaluation over 20 episodes: 0.650 Cost 17.250.             SafeRL used : use_qpsl
---------------------------------------
[34;1m
Time: 2026-06-29 23:37:26, Time spent from previous logger: 156.283 s[0m
[34;1mCustomLogger with fileds: ['total_steps', 'EpRet', 'EpCost', 'CostRate'][0m
[34;1mfieldvalues: [440000, 0.65, 17.25, 0.03589099066134241]
[0m
arrive destination: True ,out of road:False   Total T: 440474 Episode Num: 1295 Episode T: 689 Reward: 775.792 Cost: 17.000
arrive destination: True ,out of road:False   Total T: 440942 Episode Num: 1296 Episode T: 468 Reward: 502.512 Cost: 23.000
arrive destination: True ,out of road:False   Total T: 441361 Episode Num: 1297 Episode T: 419 Reward: 470.421 Cost: 10.000
arrive destination: False ,out of road:True   Total T: 441687 Episode Num: 1298 Episode T: 326 Reward: 243.485 Cost: 14.000
arrive destination: True ,out of road:False   Total T: 442254 Episode Num: 1299 Episode T: 567 Reward: 418.754 Cost: 32.000
arrive destination: True ,out of road:False   Total T: 442497 Episode Num: 1300 Episode T: 243 Reward: 275.546 Cost: 0.000
arrive destination: True ,out of road:False   Total T: 442747 Episode Num: 1301 Episode T: 250 Reward: 275.813 Cost: 0.000
arrive destination: True ,out of road:False   Total T: 443181 Episode Num: 1302 Episode T: 434 Reward: 405.348 Cost: 10.000
arrive destination: True ,out of road:False   Total T: 443400 Episode Num: 1303 Episode T: 219 Reward: 249.691 Cost: 0.000
arrive destination: False ,out of road:True   Total T: 443580 Episode Num: 1304 Episode T: 180 Reward: 182.404 Cost: 1.000
arrive destination: True ,out of road:False   Total T: 443886 Episode Num: 1305 Episode T: 306 Reward: 294.221 Cost: 14.000
arrive destination: True ,out of road:False   Total T: 444119 Episode Num: 1306 Episode T: 233 Reward: 273.999 Cost: 0.000
arrive destination: True ,out of road:False   Total T: 444354 Episode Num: 1307 Episode T: 235 Reward: 274.845 Cost: 0.000
arrive destination: True ,out of road:False   Total T: 444582 Episode Num: 1308 Episode T: 228 Reward: 286.671 Cost: 0.000
arrive destination: True ,out of road:False   Total T: 444977 Episode Num: 1309 Episode T: 395 Reward: 415.570 Cost: 27.000
arrive destination: False ,out of road:True   Total T: 445091 Episode Num: 1310 Episode T: 114 Reward: 96.738 Cost: 3.000
arrive destination: True ,out of road:False   Total T: 445318 Episode Num: 1311 Episode T: 227 Reward: 231.195 Cost: 8.000
arrive destination: True ,out of road:False   Total T: 445697 Episode Num: 1312 Episode T: 379 Reward: 373.492 Cost: 16.000
arrive destination: True ,out of road:False   Total T: 446073 Episode Num: 1313 Episode T: 376 Reward: 399.393 Cost: 3.000
arrive destination: False ,out of road:True   Total T: 446166 Episode Num: 1314 Episode T: 93 Reward: 76.612 Cost: 4.000
arrive destination: True ,out of road:False   Total T: 446379 Episode Num: 1315 Episode T: 213 Reward: 243.575 Cost: 0.000
arrive destination: True ,out of road:False   Total T: 446575 Episode Num: 1316 Episode T: 196 Reward: 269.947 Cost: 1.000
arrive destination: False ,out of road:True   Total T: 446961 Episode Num: 1317 Episode T: 386 Reward: 346.209 Cost: 38.000
arrive destination: False ,out of road:True   Total T: 447312 Episode Num: 1318 Episode T: 351 Reward: 353.699 Cost: 7.000
arrive destination: True ,out of road:False   Total T: 447557 Episode Num: 1319 Episode T: 245 Reward: 232.765 Cost: 10.000
arrive destination: False ,out of road:True   Total T: 447717 Episode Num: 1320 Episode T: 160 Reward: 172.082 Cost: 9.000
arrive destination: True ,out of road:False   Total T: 447953 Episode Num: 1321 Episode T: 236 Reward: 273.508 Cost: 0.000
arrive destination: False ,out of road:True   Total T: 448159 Episode Num: 1322 Episode T: 206 Reward: 193.135 Cost: 10.000
arrive destination: True ,out of road:False   Total T: 448383 Episode Num: 1323 Episode T: 224 Reward: 268.142 Cost: 0.000
arrive destination: True ,out of road:False   Total T: 448763 Episode Num: 1324 Episode T: 380 Reward: 399.865 Cost: 2.000
arrive destination: False ,out of road:True   Total T: 448897 Episode Num: 1325 Episode T: 134 Reward: 138.208 Cost: 3.000
arrive destination: True ,out of road:False   Total T: 449294 Episode Num: 1326 Episode T: 397 Reward: 415.064 Cost: 31.000
arrive destination: True ,out of road:False   Total T: 449636 Episode Num: 1327 Episode T: 342 Reward: 367.512 Cost: 12.000
arrive destination: True ,out of road:False   Total T: 449885 Episode Num: 1328 Episode T: 249 Reward: 336.134 Cost: 3.000
---------------------------------------
Evaluation over 20 episodes: 0.650 Cost 11.200.             SafeRL used : use_qpsl
---------------------------------------
[34;1m
Time: 2026-06-29 23:39:58, Time spent from previous logger: 152.299 s[0m
[34;1mCustomLogger with fileds: ['total_steps', 'EpRet', 'EpCost', 'CostRate'][0m
[34;1mfieldvalues: [450000, 0.65, 11.2, 0.03575785723968276]
[0m
arrive destination: False ,out of road:True   Total T: 450195 Episode Num: 1329 Episode T: 310 Reward: 316.749 Cost: 11.000
arrive destination: True ,out of road:False   Total T: 450444 Episode Num: 1330 Episode T: 249 Reward: 305.355 Cost: 13.000
arrive destination: False ,out of road:True   Total T: 450592 Episode Num: 1331 Episode T: 148 Reward: 139.363 Cost: 8.000
arrive destination: False ,out of road:True   Total T: 451181 Episode Num: 1332 Episode T: 589 Reward: 337.652 Cost: 28.000
arrive destination: False ,out of road:True   Total T: 451352 Episode Num: 1333 Episode T: 171 Reward: 179.785 Cost: 1.000
arrive destination: True ,out of road:False   Total T: 451585 Episode Num: 1334 Episode T: 233 Reward: 232.739 Cost: 10.000
arrive destination: True ,out of road:False   Total T: 451953 Episode Num: 1335 Episode T: 368 Reward: 367.747 Cost: 17.000
arrive destination: True ,out of road:False   Total T: 452419 Episode Num: 1336 Episode T: 466 Reward: 506.652 Cost: 24.000
arrive destination: True ,out of road:False   Total T: 452970 Episode Num: 1337 Episode T: 551 Reward: 270.600 Cost: 11.000
arrive destination: True ,out of road:False   Total T: 453210 Episode Num: 1338 Episode T: 240 Reward: 275.188 Cost: 0.000
arrive destination: False ,out of road:True   Total T: 453370 Episode Num: 1339 Episode T: 160 Reward: 154.651 Cost: 10.000
arrive destination: True ,out of road:False   Total T: 453592 Episode Num: 1340 Episode T: 222 Reward: 295.104 Cost: 6.000
arrive destination: True ,out of road:False   Total T: 453788 Episode Num: 1341 Episode T: 196 Reward: 269.324 Cost: 4.000
arrive destination: False ,out of road:True   Total T: 453892 Episode Num: 1342 Episode T: 104 Reward: 78.522 Cost: 2.000
arrive destination: False ,out of road:True   Total T: 454307 Episode Num: 1343 Episode T: 415 Reward: 424.637 Cost: 30.000
arrive destination: True ,out of road:False   Total T: 454638 Episode Num: 1344 Episode T: 331 Reward: 376.044 Cost: 13.000
arrive destination: True ,out of road:False   Total T: 454837 Episode Num: 1345 Episode T: 199 Reward: 269.482 Cost: 0.000
arrive destination: True ,out of road:False   Total T: 455230 Episode Num: 1346 Episode T: 393 Reward: 400.808 Cost: 2.000
arrive destination: True ,out of road:False   Total T: 455495 Episode Num: 1347 Episode T: 265 Reward: 267.255 Cost: 11.000
arrive destination: True ,out of road:False   Total T: 455926 Episode Num: 1348 Episode T: 431 Reward: 407.012 Cost: 18.000
arrive destination: True ,out of road:False   Total T: 456215 Episode Num: 1349 Episode T: 289 Reward: 294.309 Cost: 20.000
arrive destination: True ,out of road:False   Total T: 456438 Episode Num: 1350 Episode T: 223 Reward: 285.267 Cost: 0.000
arrive destination: False ,out of road:True   Total T: 456729 Episode Num: 1351 Episode T: 291 Reward: 309.039 Cost: 11.000
arrive destination: True ,out of road:False   Total T: 456992 Episode Num: 1352 Episode T: 263 Reward: 285.805 Cost: 14.000
arrive destination: True ,out of road:False   Total T: 457202 Episode Num: 1353 Episode T: 210 Reward: 245.568 Cost: 0.000
arrive destination: True ,out of road:False   Total T: 457451 Episode Num: 1354 Episode T: 249 Reward: 295.389 Cost: 8.000
arrive destination: False ,out of road:True   Total T: 457845 Episode Num: 1355 Episode T: 394 Reward: 348.741 Cost: 13.000
arrive destination: True ,out of road:False   Total T: 458186 Episode Num: 1356 Episode T: 341 Reward: 401.405 Cost: 16.000
arrive destination: True ,out of road:False   Total T: 458447 Episode Num: 1357 Episode T: 261 Reward: 242.598 Cost: 9.000
arrive destination: True ,out of road:False   Total T: 458664 Episode Num: 1358 Episode T: 217 Reward: 232.039 Cost: 6.000
arrive destination: True ,out of road:False   Total T: 458942 Episode Num: 1359 Episode T: 278 Reward: 350.899 Cost: 8.000
arrive destination: True ,out of road:False   Total T: 459385 Episode Num: 1360 Episode T: 443 Reward: 475.865 Cost: 16.000
arrive destination: True ,out of road:False   Total T: 459906 Episode Num: 1361 Episode T: 521 Reward: 492.997 Cost: 19.000
---------------------------------------
Evaluation over 20 episodes: 0.950 Cost 15.900.             SafeRL used : use_qpsl
---------------------------------------
[34;1m
Time: 2026-06-29 23:42:35, Time spent from previous logger: 156.323 s[0m
[34;1mCustomLogger with fileds: ['total_steps', 'EpRet', 'EpCost', 'CostRate'][0m
[34;1mfieldvalues: [460000, 0.95, 15.9, 0.035760947306407186]
[0m
arrive destination: True ,out of road:False   Total T: 460220 Episode Num: 1362 Episode T: 314 Reward: 356.835 Cost: 0.000
arrive destination: True ,out of road:False   Total T: 460455 Episode Num: 1363 Episode T: 235 Reward: 274.035 Cost: 0.000
arrive destination: True ,out of road:False   Total T: 460657 Episode Num: 1364 Episode T: 202 Reward: 242.662 Cost: 0.000
arrive destination: True ,out of road:False   Total T: 460901 Episode Num: 1365 Episode T: 244 Reward: 295.806 Cost: 14.000
arrive destination: True ,out of road:False   Total T: 461399 Episode Num: 1366 Episode T: 498 Reward: 490.589 Cost: 44.000
arrive destination: True ,out of road:False   Total T: 461906 Episode Num: 1367 Episode T: 507 Reward: 503.594 Cost: 8.000
arrive destination: False ,out of road:True   Total T: 462005 Episode Num: 1368 Episode T: 99 Reward: 77.468 Cost: 4.000
arrive destination: True ,out of road:False   Total T: 462220 Episode Num: 1369 Episode T: 215 Reward: 246.519 Cost: 0.000
arrive destination: True ,out of road:False   Total T: 462762 Episode Num: 1370 Episode T: 542 Reward: 500.822 Cost: 36.000
arrive destination: True ,out of road:False   Total T: 463168 Episode Num: 1371 Episode T: 406 Reward: 492.594 Cost: 6.000
arrive destination: True ,out of road:False   Total T: 463392 Episode Num: 1372 Episode T: 224 Reward: 267.657 Cost: 1.000
arrive destination: True ,out of road:False   Total T: 464014 Episode Num: 1373 Episode T: 622 Reward: 496.414 Cost: 31.000
arrive destination: True ,out of road:False   Total T: 464410 Episode Num: 1374 Episode T: 396 Reward: 294.666 Cost: 8.000
arrive destination: True ,out of road:False   Total T: 464721 Episode Num: 1375 Episode T: 311 Reward: 351.455 Cost: 7.000
arrive destination: True ,out of road:False   Total T: 465095 Episode Num: 1376 Episode T: 374 Reward: 399.858 Cost: 2.000
arrive destination: True ,out of road:False   Total T: 465576 Episode Num: 1377 Episode T: 481 Reward: 336.008 Cost: 30.000
arrive destination: True ,out of road:False   Total T: 465844 Episode Num: 1378 Episode T: 268 Reward: 268.466 Cost: 16.000
arrive destination: True ,out of road:False   Total T: 466267 Episode Num: 1379 Episode T: 423 Reward: 505.251 Cost: 18.000
arrive destination: True ,out of road:False   Total T: 466478 Episode Num: 1380 Episode T: 211 Reward: 245.291 Cost: 0.000
arrive destination: True ,out of road:False   Total T: 466713 Episode Num: 1381 Episode T: 235 Reward: 295.131 Cost: 10.000
arrive destination: False ,out of road:True   Total T: 466949 Episode Num: 1382 Episode T: 236 Reward: 206.391 Cost: 15.000
arrive destination: True ,out of road:False   Total T: 467185 Episode Num: 1383 Episode T: 236 Reward: 272.747 Cost: 0.000
arrive destination: True ,out of road:False   Total T: 467571 Episode Num: 1384 Episode T: 386 Reward: 376.362 Cost: 20.000
arrive destination: True ,out of road:False   Total T: 467927 Episode Num: 1385 Episode T: 356 Reward: 395.523 Cost: 0.000
arrive destination: True ,out of road:False   Total T: 468136 Episode Num: 1386 Episode T: 209 Reward: 231.852 Cost: 3.000
arrive destination: True ,out of road:False   Total T: 468380 Episode Num: 1387 Episode T: 244 Reward: 271.907 Cost: 3.000
arrive destination: True ,out of road:False   Total T: 468608 Episode Num: 1388 Episode T: 228 Reward: 270.594 Cost: 4.000
arrive destination: False ,out of road:True   Total T: 468848 Episode Num: 1389 Episode T: 240 Reward: 219.377 Cost: 8.000
arrive destination: True ,out of road:False   Total T: 469212 Episode Num: 1390 Episode T: 364 Reward: 352.802 Cost: 8.000
arrive destination: True ,out of road:False   Total T: 469561 Episode Num: 1391 Episode T: 349 Reward: 304.502 Cost: 19.000
arrive destination: True ,out of road:False   Total T: 469817 Episode Num: 1392 Episode T: 256 Reward: 335.137 Cost: 0.000
---------------------------------------
Evaluation over 20 episodes: 0.650 Cost 16.750.             SafeRL used : use_qpsl
---------------------------------------
[34;1m
Time: 2026-06-29 23:45:11, Time spent from previous logger: 155.738 s[0m
[34;1mCustomLogger with fileds: ['total_steps', 'EpRet', 'EpCost', 'CostRate'][0m
[34;1mfieldvalues: [470000, 0.65, 16.75, 0.03567028866018864]
[0m
arrive destination: True ,out of road:False   Total T: 470248 Episode Num: 1393 Episode T: 431 Reward: 444.820 Cost: 12.000
arrive destination: True ,out of road:False   Total T: 470803 Episode Num: 1394 Episode T: 555 Reward: 503.261 Cost: 32.000
arrive destination: True ,out of road:False   Total T: 471088 Episode Num: 1395 Episode T: 285 Reward: 265.727 Cost: 13.000
arrive destination: True ,out of road:False   Total T: 471433 Episode Num: 1396 Episode T: 345 Reward: 370.793 Cost: 2.000
arrive destination: True ,out of road:False   Total T: 471748 Episode Num: 1397 Episode T: 315 Reward: 294.348 Cost: 22.000
arrive destination: True ,out of road:False   Total T: 471967 Episode Num: 1398 Episode T: 219 Reward: 242.349 Cost: 0.000
arrive destination: True ,out of road:False   Total T: 472352 Episode Num: 1399 Episode T: 385 Reward: 399.196 Cost: 0.000
arrive destination: True ,out of road:False   Total T: 472591 Episode Num: 1400 Episode T: 239 Reward: 274.760 Cost: 0.000
arrive destination: True ,out of road:False   Total T: 473117 Episode Num: 1401 Episode T: 526 Reward: 496.598 Cost: 25.000
arrive destination: True ,out of road:False   Total T: 473532 Episode Num: 1402 Episode T: 415 Reward: 381.497 Cost: 17.000
arrive destination: True ,out of road:False   Total T: 473766 Episode Num: 1403 Episode T: 234 Reward: 272.328 Cost: 2.000
arrive destination: True ,out of road:False   Total T: 474212 Episode Num: 1404 Episode T: 446 Reward: 346.187 Cost: 17.000
arrive destination: True ,out of road:False   Total T: 474516 Episode Num: 1405 Episode T: 304 Reward: 351.341 Cost: 1.000
arrive destination: False ,out of road:True   Total T: 474799 Episode Num: 1406 Episode T: 283 Reward: 224.777 Cost: 25.000
arrive destination: True ,out of road:False   Total T: 475036 Episode Num: 1407 Episode T: 237 Reward: 268.872 Cost: 3.000
arrive destination: False ,out of road:True   Total T: 475304 Episode Num: 1408 Episode T: 268 Reward: 346.723 Cost: 11.000
arrive destination: True ,out of road:False   Total T: 475547 Episode Num: 1409 Episode T: 243 Reward: 295.381 Cost: 12.000
arrive destination: True ,out of road:False   Total T: 475783 Episode Num: 1410 Episode T: 236 Reward: 295.776 Cost: 11.000
arrive destination: True ,out of road:False   Total T: 476096 Episode Num: 1411 Episode T: 313 Reward: 265.224 Cost: 9.000
arrive destination: True ,out of road:False   Total T: 476583 Episode Num: 1412 Episode T: 487 Reward: 415.591 Cost: 19.000
arrive destination: True ,out of road:False   Total T: 476812 Episode Num: 1413 Episode T: 229 Reward: 231.244 Cost: 16.000
arrive destination: True ,out of road:False   Total T: 477046 Episode Num: 1414 Episode T: 234 Reward: 273.626 Cost: 0.000
arrive destination: False ,out of road:True   Total T: 477356 Episode Num: 1415 Episode T: 310 Reward: 330.516 Cost: 11.000
arrive destination: True ,out of road:False   Total T: 477775 Episode Num: 1416 Episode T: 419 Reward: 470.773 Cost: 17.000
arrive destination: True ,out of road:False   Total T: 478160 Episode Num: 1417 Episode T: 385 Reward: 383.125 Cost: 27.000
arrive destination: True ,out of road:False   Total T: 478373 Episode Num: 1418 Episode T: 213 Reward: 243.997 Cost: 0.000
arrive destination: True ,out of road:False   Total T: 478605 Episode Num: 1419 Episode T: 232 Reward: 295.532 Cost: 13.000
arrive destination: True ,out of road:False   Total T: 478879 Episode Num: 1420 Episode T: 274 Reward: 294.025 Cost: 17.000
arrive destination: True ,out of road:False   Total T: 479334 Episode Num: 1421 Episode T: 455 Reward: 467.854 Cost: 13.000
arrive destination: True ,out of road:False   Total T: 479550 Episode Num: 1422 Episode T: 216 Reward: 244.453 Cost: 0.000
arrive destination: True ,out of road:False   Total T: 479737 Episode Num: 1423 Episode T: 187 Reward: 270.140 Cost: 0.000
arrive destination: True ,out of road:False   Total T: 479995 Episode Num: 1424 Episode T: 258 Reward: 268.924 Cost: 10.000
---------------------------------------
Evaluation over 20 episodes: 0.800 Cost 12.550.             SafeRL used : use_qpsl
---------------------------------------
[34;1m
Time: 2026-06-29 23:47:40, Time spent from previous logger: 149.776 s[0m
[34;1mCustomLogger with fileds: ['total_steps', 'EpRet', 'EpCost', 'CostRate'][0m
[34;1mfieldvalues: [480000, 0.8, 12.55, 0.035670907647724265]
[0m
arrive destination: True ,out of road:False   Total T: 480214 Episode Num: 1425 Episode T: 219 Reward: 245.560 Cost: 0.000
arrive destination: False ,out of road:True   Total T: 480531 Episode Num: 1426 Episode T: 317 Reward: 276.014 Cost: 12.000
arrive destination: True ,out of road:False   Total T: 480766 Episode Num: 1427 Episode T: 235 Reward: 273.964 Cost: 0.000
arrive destination: True ,out of road:False   Total T: 480979 Episode Num: 1428 Episode T: 213 Reward: 244.527 Cost: 0.000
arrive destination: True ,out of road:False   Total T: 481421 Episode Num: 1429 Episode T: 442 Reward: 469.206 Cost: 12.000
arrive destination: False ,out of road:True   Total T: 481797 Episode Num: 1430 Episode T: 376 Reward: 397.688 Cost: 9.000
arrive destination: True ,out of road:False   Total T: 482092 Episode Num: 1431 Episode T: 295 Reward: 284.845 Cost: 33.000
arrive destination: True ,out of road:False   Total T: 482383 Episode Num: 1432 Episode T: 291 Reward: 268.644 Cost: 18.000
arrive destination: True ,out of road:False   Total T: 482657 Episode Num: 1433 Episode T: 274 Reward: 295.631 Cost: 3.000
arrive destination: True ,out of road:False   Total T: 482932 Episode Num: 1434 Episode T: 275 Reward: 286.048 Cost: 18.000
arrive destination: True ,out of road:False   Total T: 483131 Episode Num: 1435 Episode T: 199 Reward: 269.668 Cost: 0.000
arrive destination: True ,out of road:False   Total T: 483357 Episode Num: 1436 Episode T: 226 Reward: 231.814 Cost: 9.000
arrive destination: True ,out of road:False   Total T: 483549 Episode Num: 1437 Episode T: 192 Reward: 269.232 Cost: 1.000
arrive destination: True ,out of road:False   Total T: 483839 Episode Num: 1438 Episode T: 290 Reward: 336.024 Cost: 18.000
arrive destination: True ,out of road:False   Total T: 484191 Episode Num: 1439 Episode T: 352 Reward: 368.862 Cost: 19.000
arrive destination: True ,out of road:False   Total T: 484441 Episode Num: 1440 Episode T: 250 Reward: 265.617 Cost: 5.000
arrive destination: True ,out of road:False   Total T: 484686 Episode Num: 1441 Episode T: 245 Reward: 277.607 Cost: 0.000
arrive destination: True ,out of road:False   Total T: 484934 Episode Num: 1442 Episode T: 248 Reward: 274.616 Cost: 1.000
arrive destination: True ,out of road:False   Total T: 485340 Episode Num: 1443 Episode T: 406 Reward: 393.086 Cost: 18.000
arrive destination: True ,out of road:False   Total T: 485662 Episode Num: 1444 Episode T: 322 Reward: 354.286 Cost: 17.000
arrive destination: True ,out of road:False   Total T: 486044 Episode Num: 1445 Episode T: 382 Reward: 396.230 Cost: 0.000
arrive destination: True ,out of road:False   Total T: 486401 Episode Num: 1446 Episode T: 357 Reward: 353.624 Cost: 11.000
arrive destination: True ,out of road:False   Total T: 486591 Episode Num: 1447 Episode T: 190 Reward: 269.802 Cost: 1.000
arrive destination: True ,out of road:False   Total T: 486995 Episode Num: 1448 Episode T: 404 Reward: 375.441 Cost: 18.000
arrive destination: True ,out of road:False   Total T: 487184 Episode Num: 1449 Episode T: 189 Reward: 269.420 Cost: 0.000
arrive destination: True ,out of road:False   Total T: 487408 Episode Num: 1450 Episode T: 224 Reward: 268.738 Cost: 6.000
arrive destination: True ,out of road:False   Total T: 487622 Episode Num: 1451 Episode T: 214 Reward: 241.975 Cost: 0.000
arrive destination: True ,out of road:False   Total T: 488038 Episode Num: 1452 Episode T: 416 Reward: 416.647 Cost: 21.000
arrive destination: True ,out of road:False   Total T: 488484 Episode Num: 1453 Episode T: 446 Reward: 375.027 Cost: 52.000
arrive destination: False ,out of road:True   Total T: 488644 Episode Num: 1454 Episode T: 160 Reward: 138.768 Cost: 13.000
arrive destination: True ,out of road:False   Total T: 488937 Episode Num: 1455 Episode T: 293 Reward: 294.193 Cost: 26.000
arrive destination: True ,out of road:False   Total T: 489123 Episode Num: 1456 Episode T: 186 Reward: 269.713 Cost: 1.000
arrive destination: True ,out of road:False   Total T: 489463 Episode Num: 1457 Episode T: 340 Reward: 396.509 Cost: 8.000
arrive destination: False ,out of road:True   Total T: 489688 Episode Num: 1458 Episode T: 225 Reward: 249.283 Cost: 4.000
arrive destination: False ,out of road:True   Total T: 489863 Episode Num: 1459 Episode T: 175 Reward: 182.176 Cost: 1.000
---------------------------------------
Evaluation over 20 episodes: 0.800 Cost 11.850.             SafeRL used : use_qpsl
---------------------------------------
[34;1m
Time: 2026-06-29 23:50:09, Time spent from previous logger: 148.265 s[0m
[34;1mCustomLogger with fileds: ['total_steps', 'EpRet', 'EpCost', 'CostRate'][0m
[34;1mfieldvalues: [490000, 0.8, 11.85, 0.03567150137041096]
[0m
arrive destination: True ,out of road:False   Total T: 490272 Episode Num: 1460 Episode T: 409 Reward: 443.896 Cost: 10.000
arrive destination: True ,out of road:False   Total T: 490500 Episode Num: 1461 Episode T: 228 Reward: 285.595 Cost: 2.000
arrive destination: False ,out of road:True   Total T: 490597 Episode Num: 1462 Episode T: 97 Reward: 79.491 Cost: 2.000
arrive destination: True ,out of road:False   Total T: 490808 Episode Num: 1463 Episode T: 211 Reward: 231.098 Cost: 10.000
arrive destination: False ,out of road:True   Total T: 491029 Episode Num: 1464 Episode T: 221 Reward: 271.735 Cost: 2.000
arrive destination: True ,out of road:False   Total T: 491338 Episode Num: 1465 Episode T: 309 Reward: 355.126 Cost: 8.000
arrive destination: True ,out of road:False   Total T: 492331 Episode Num: 1466 Episode T: 993 Reward: 336.136 Cost: 258.000
arrive destination: True ,out of road:False   Total T: 492565 Episode Num: 1467 Episode T: 234 Reward: 269.750 Cost: 3.000
arrive destination: False ,out of road:True   Total T: 492828 Episode Num: 1468 Episode T: 263 Reward: 260.005 Cost: 5.000
arrive destination: True ,out of road:False   Total T: 493184 Episode Num: 1469 Episode T: 356 Reward: 269.767 Cost: 54.000
arrive destination: True ,out of road:False   Total T: 493512 Episode Num: 1470 Episode T: 328 Reward: 335.752 Cost: 19.000
arrive destination: True ,out of road:False   Total T: 493728 Episode Num: 1471 Episode T: 216 Reward: 245.365 Cost: 0.000
arrive destination: True ,out of road:False   Total T: 494169 Episode Num: 1472 Episode T: 441 Reward: 414.739 Cost: 23.000
arrive destination: True ,out of road:False   Total T: 494416 Episode Num: 1473 Episode T: 247 Reward: 273.874 Cost: 0.000
arrive destination: True ,out of road:False   Total T: 494940 Episode Num: 1474 Episode T: 524 Reward: 490.526 Cost: 39.000
arrive destination: False ,out of road:True   Total T: 495116 Episode Num: 1475 Episode T: 176 Reward: 173.901 Cost: 1.000
arrive destination: True ,out of road:False   Total T: 495396 Episode Num: 1476 Episode T: 280 Reward: 294.518 Cost: 23.000
arrive destination: True ,out of road:False   Total T: 495600 Episode Num: 1477 Episode T: 204 Reward: 269.911 Cost: 1.000
arrive destination: False ,out of road:True   Total T: 495864 Episode Num: 1478 Episode T: 264 Reward: 257.484 Cost: 15.000
arrive destination: True ,out of road:False   Total T: 496199 Episode Num: 1479 Episode T: 335 Reward: 396.310 Cost: 16.000
arrive destination: True ,out of road:False   Total T: 496495 Episode Num: 1480 Episode T: 296 Reward: 350.033 Cost: 5.000
arrive destination: True ,out of road:False   Total T: 496763 Episode Num: 1481 Episode T: 268 Reward: 269.105 Cost: 5.000
arrive destination: False ,out of road:True   Total T: 496960 Episode Num: 1482 Episode T: 197 Reward: 150.985 Cost: 7.000
arrive destination: True ,out of road:False   Total T: 497313 Episode Num: 1483 Episode T: 353 Reward: 399.519 Cost: 0.000
arrive destination: True ,out of road:False   Total T: 497563 Episode Num: 1484 Episode T: 250 Reward: 285.084 Cost: 12.000
arrive destination: True ,out of road:False   Total T: 497751 Episode Num: 1485 Episode T: 188 Reward: 270.040 Cost: 0.000
arrive destination: False ,out of road:True   Total T: 497960 Episode Num: 1486 Episode T: 209 Reward: 197.901 Cost: 10.000
arrive destination: True ,out of road:False   Total T: 498318 Episode Num: 1487 Episode T: 358 Reward: 397.413 Cost: 0.000
arrive destination: False ,out of road:True   Total T: 498566 Episode Num: 1488 Episode T: 248 Reward: 224.306 Cost: 18.000
arrive destination: True ,out of road:False   Total T: 498821 Episode Num: 1489 Episode T: 255 Reward: 285.399 Cost: 10.000
arrive destination: True ,out of road:False   Total T: 499084 Episode Num: 1490 Episode T: 263 Reward: 268.359 Cost: 15.000
arrive destination: True ,out of road:False   Total T: 499402 Episode Num: 1491 Episode T: 318 Reward: 294.854 Cost: 11.000
arrive destination: True ,out of road:False   Total T: 499688 Episode Num: 1492 Episode T: 286 Reward: 268.573 Cost: 21.000
arrive destination: False ,out of road:True   Total T: 499802 Episode Num: 1493 Episode T: 114 Reward: 77.676 Cost: 6.000
---------------------------------------
Evaluation over 20 episodes: 0.600 Cost 14.550.             SafeRL used : use_qpsl
---------------------------------------
[34;1m
Time: 2026-06-29 23:52:36, Time spent from previous logger: 147.125 s[0m
[34;1mCustomLogger with fileds: ['total_steps', 'EpRet', 'EpCost', 'CostRate'][0m
[34;1mfieldvalues: [500000, 0.6, 14.55, 0.03619207238414477]
[0m
arrive destination: True ,out of road:False   Total T: 500204 Episode Num: 1494 Episode T: 402 Reward: 466.430 Cost: 8.000
arrive destination: False ,out of road:True   Total T: 500485 Episode Num: 1495 Episode T: 281 Reward: 313.528 Cost: 12.000
arrive destination: True ,out of road:False   Total T: 500772 Episode Num: 1496 Episode T: 287 Reward: 263.962 Cost: 11.000
arrive destination: True ,out of road:False   Total T: 501152 Episode Num: 1497 Episode T: 380 Reward: 399.461 Cost: 2.000
arrive destination: True ,out of road:False   Total T: 501662 Episode Num: 1498 Episode T: 510 Reward: 405.584 Cost: 40.000
arrive destination: False ,out of road:True   Total T: 501871 Episode Num: 1499 Episode T: 209 Reward: 188.361 Cost: 15.000
arrive destination: True ,out of road:False   Total T: 502280 Episode Num: 1500 Episode T: 409 Reward: 335.682 Cost: 16.000
arrive destination: True ,out of road:False   Total T: 502723 Episode Num: 1501 Episode T: 443 Reward: 475.835 Cost: 5.000
arrive destination: False ,out of road:True   Total T: 502821 Episode Num: 1502 Episode T: 98 Reward: 70.847 Cost: 6.000
arrive destination: True ,out of road:False   Total T: 503297 Episode Num: 1503 Episode T: 476 Reward: 502.032 Cost: 13.000
arrive destination: True ,out of road:False   Total T: 503597 Episode Num: 1504 Episode T: 300 Reward: 351.923 Cost: 1.000
arrive destination: True ,out of road:False   Total T: 503815 Episode Num: 1505 Episode T: 218 Reward: 229.776 Cost: 11.000
arrive destination: True ,out of road:False   Total T: 504161 Episode Num: 1506 Episode T: 346 Reward: 354.107 Cost: 3.000
arrive destination: True ,out of road:False   Total T: 504419 Episode Num: 1507 Episode T: 258 Reward: 268.202 Cost: 13.000
arrive destination: False ,out of road:True   Total T: 504711 Episode Num: 1508 Episode T: 292 Reward: 227.320 Cost: 23.000
arrive destination: True ,out of road:False   Total T: 505144 Episode Num: 1509 Episode T: 433 Reward: 472.315 Cost: 3.000
arrive destination: False ,out of road:True   Total T: 505561 Episode Num: 1510 Episode T: 417 Reward: 442.434 Cost: 10.000
arrive destination: True ,out of road:False   Total T: 506041 Episode Num: 1511 Episode T: 480 Reward: 413.553 Cost: 18.000
arrive destination: True ,out of road:False   Total T: 506310 Episode Num: 1512 Episode T: 269 Reward: 231.727 Cost: 18.000
arrive destination: True ,out of road:False   Total T: 506523 Episode Num: 1513 Episode T: 213 Reward: 243.511 Cost: 0.000
arrive destination: False ,out of road:True   Total T: 506950 Episode Num: 1514 Episode T: 427 Reward: 317.141 Cost: 32.000
arrive destination: True ,out of road:False   Total T: 507175 Episode Num: 1515 Episode T: 225 Reward: 276.172 Cost: 3.000
arrive destination: False ,out of road:True   Total T: 507481 Episode Num: 1516 Episode T: 306 Reward: 290.273 Cost: 22.000
arrive destination: True ,out of road:False   Total T: 507828 Episode Num: 1517 Episode T: 347 Reward: 395.006 Cost: 0.000
arrive destination: True ,out of road:False   Total T: 508103 Episode Num: 1518 Episode T: 275 Reward: 335.361 Cost: 4.000
arrive destination: True ,out of road:False   Total T: 508287 Episode Num: 1519 Episode T: 184 Reward: 269.099 Cost: 0.000
arrive destination: True ,out of road:False   Total T: 508837 Episode Num: 1520 Episode T: 550 Reward: 506.443 Cost: 40.000
arrive destination: True ,out of road:False   Total T: 509254 Episode Num: 1521 Episode T: 417 Reward: 414.960 Cost: 23.000
arrive destination: True ,out of road:False   Total T: 509754 Episode Num: 1522 Episode T: 500 Reward: 407.143 Cost: 20.000
---------------------------------------
Evaluation over 20 episodes: 0.650 Cost 10.950.             SafeRL used : use_qpsl
---------------------------------------
[34;1m
Time: 2026-06-29 23:55:11, Time spent from previous logger: 155.188 s[0m
[34;1mCustomLogger with fileds: ['total_steps', 'EpRet', 'EpCost', 'CostRate'][0m
[34;1mfieldvalues: [510000, 0.65, 10.95, 0.03620595334500656]
[0m
arrive destination: True ,out of road:False   Total T: 510235 Episode Num: 1523 Episode T: 481 Reward: 523.838 Cost: 6.000
arrive destination: True ,out of road:False   Total T: 510431 Episode Num: 1524 Episode T: 196 Reward: 231.765 Cost: 0.000
arrive destination: True ,out of road:False   Total T: 510861 Episode Num: 1525 Episode T: 430 Reward: 476.520 Cost: 5.000
arrive destination: True ,out of road:False   Total T: 511191 Episode Num: 1526 Episode T: 330 Reward: 398.909 Cost: 4.000
arrive destination: True ,out of road:False   Total T: 511484 Episode Num: 1527 Episode T: 293 Reward: 293.907 Cost: 17.000
arrive destination: True ,out of road:False   Total T: 511704 Episode Num: 1528 Episode T: 220 Reward: 295.828 Cost: 9.000
arrive destination: True ,out of road:False   Total T: 511961 Episode Num: 1529 Episode T: 257 Reward: 295.680 Cost: 6.000
arrive destination: False ,out of road:True   Total T: 512180 Episode Num: 1530 Episode T: 219 Reward: 244.143 Cost: 19.000
arrive destination: True ,out of road:False   Total T: 512731 Episode Num: 1531 Episode T: 551 Reward: 493.348 Cost: 27.000
arrive destination: True ,out of road:False   Total T: 513490 Episode Num: 1532 Episode T: 759 Reward: 414.860 Cost: 36.000
arrive destination: True ,out of road:False   Total T: 513842 Episode Num: 1533 Episode T: 352 Reward: 294.717 Cost: 13.000
arrive destination: False ,out of road:True   Total T: 514060 Episode Num: 1534 Episode T: 218 Reward: 217.420 Cost: 9.000
arrive destination: True ,out of road:False   Total T: 514499 Episode Num: 1535 Episode T: 439 Reward: 473.282 Cost: 14.000
arrive destination: False ,out of road:True   Total T: 514596 Episode Num: 1536 Episode T: 97 Reward: 73.314 Cost: 4.000
arrive destination: True ,out of road:False   Total T: 514833 Episode Num: 1537 Episode T: 237 Reward: 274.401 Cost: 0.000
arrive destination: True ,out of road:False   Total T: 515221 Episode Num: 1538 Episode T: 388 Reward: 410.904 Cost: 20.000
arrive destination: True ,out of road:False   Total T: 515460 Episode Num: 1539 Episode T: 239 Reward: 230.835 Cost: 4.000
arrive destination: True ,out of road:False   Total T: 515694 Episode Num: 1540 Episode T: 234 Reward: 272.380 Cost: 0.000
arrive destination: True ,out of road:False   Total T: 515979 Episode Num: 1541 Episode T: 285 Reward: 265.284 Cost: 16.000
arrive destination: True ,out of road:False   Total T: 516456 Episode Num: 1542 Episode T: 477 Reward: 413.529 Cost: 33.000
arrive destination: True ,out of road:False   Total T: 516706 Episode Num: 1543 Episode T: 250 Reward: 276.841 Cost: 2.000
arrive destination: False ,out of road:True   Total T: 516906 Episode Num: 1544 Episode T: 200 Reward: 211.410 Cost: 11.000
arrive destination: True ,out of road:False   Total T: 517425 Episode Num: 1545 Episode T: 519 Reward: 415.101 Cost: 27.000
arrive destination: True ,out of road:False   Total T: 517782 Episode Num: 1546 Episode T: 357 Reward: 365.597 Cost: 17.000
arrive destination: True ,out of road:False   Total T: 518123 Episode Num: 1547 Episode T: 341 Reward: 374.779 Cost: 17.000
arrive destination: False ,out of road:True   Total T: 518242 Episode Num: 1548 Episode T: 119 Reward: 111.015 Cost: 1.000
arrive destination: False ,out of road:True   Total T: 518357 Episode Num: 1549 Episode T: 115 Reward: 98.100 Cost: 3.000
arrive destination: True ,out of road:False   Total T: 518810 Episode Num: 1550 Episode T: 453 Reward: 406.001 Cost: 23.000
arrive destination: True ,out of road:False   Total T: 519291 Episode Num: 1551 Episode T: 481 Reward: 410.310 Cost: 14.000
arrive destination: False ,out of road:True   Total T: 519632 Episode Num: 1552 Episode T: 341 Reward: 187.489 Cost: 22.000
arrive destination: True ,out of road:False   Total T: 519984 Episode Num: 1553 Episode T: 352 Reward: 335.898 Cost: 7.000
---------------------------------------
Evaluation over 20 episodes: 0.800 Cost 13.800.             SafeRL used : use_qpsl
---------------------------------------
[34;1m
Time: 2026-06-29 23:57:43, Time spent from previous logger: 152.325 s[0m
[34;1mCustomLogger with fileds: ['total_steps', 'EpRet', 'EpCost', 'CostRate'][0m
[34;1mfieldvalues: [520000, 0.8, 13.8, 0.036242377389187286]
[0m
arrive destination: True ,out of road:False   Total T: 520249 Episode Num: 1554 Episode T: 265 Reward: 275.562 Cost: 0.000
arrive destination: True ,out of road:False   Total T: 520574 Episode Num: 1555 Episode T: 325 Reward: 358.415 Cost: 13.000
arrive destination: True ,out of road:False   Total T: 520884 Episode Num: 1556 Episode T: 310 Reward: 400.213 Cost: 5.000
arrive destination: False ,out of road:True   Total T: 521096 Episode Num: 1557 Episode T: 212 Reward: 170.305 Cost: 8.000
arrive destination: True ,out of road:False   Total T: 521400 Episode Num: 1558 Episode T: 304 Reward: 354.793 Cost: 8.000
arrive destination: True ,out of road:False   Total T: 521638 Episode Num: 1559 Episode T: 238 Reward: 275.537 Cost: 0.000
arrive destination: False ,out of road:True   Total T: 521991 Episode Num: 1560 Episode T: 353 Reward: 424.537 Cost: 8.000
arrive destination: True ,out of road:False   Total T: 522245 Episode Num: 1561 Episode T: 254 Reward: 295.971 Cost: 2.000
arrive destination: True ,out of road:False   Total T: 522593 Episode Num: 1562 Episode T: 348 Reward: 377.006 Cost: 24.000
arrive destination: True ,out of road:False   Total T: 522822 Episode Num: 1563 Episode T: 229 Reward: 267.220 Cost: 2.000
arrive destination: True ,out of road:False   Total T: 523592 Episode Num: 1564 Episode T: 770 Reward: 353.214 Cost: 61.000
arrive destination: True ,out of road:False   Total T: 524080 Episode Num: 1565 Episode T: 488 Reward: 411.280 Cost: 13.000
arrive destination: False ,out of road:True   Total T: 524277 Episode Num: 1566 Episode T: 197 Reward: 217.716 Cost: 17.000
arrive destination: True ,out of road:False   Total T: 524520 Episode Num: 1567 Episode T: 243 Reward: 285.718 Cost: 11.000
arrive destination: True ,out of road:False   Total T: 524747 Episode Num: 1568 Episode T: 227 Reward: 270.686 Cost: 3.000
arrive destination: True ,out of road:False   Total T: 524953 Episode Num: 1569 Episode T: 206 Reward: 243.402 Cost: 0.000
arrive destination: True ,out of road:False   Total T: 525413 Episode Num: 1570 Episode T: 460 Reward: 425.197 Cost: 8.000
arrive destination: False ,out of road:True   Total T: 525530 Episode Num: 1571 Episode T: 117 Reward: 101.365 Cost: 5.000
arrive destination: True ,out of road:False   Total T: 525776 Episode Num: 1572 Episode T: 246 Reward: 271.149 Cost: 0.000
arrive destination: True ,out of road:False   Total T: 525969 Episode Num: 1573 Episode T: 193 Reward: 269.012 Cost: 0.000
arrive destination: True ,out of road:False   Total T: 526236 Episode Num: 1574 Episode T: 267 Reward: 268.266 Cost: 0.000
arrive destination: True ,out of road:False   Total T: 526598 Episode Num: 1575 Episode T: 362 Reward: 399.479 Cost: 1.000
arrive destination: True ,out of road:False   Total T: 526829 Episode Num: 1576 Episode T: 231 Reward: 230.174 Cost: 8.000
arrive destination: False ,out of road:True   Total T: 526962 Episode Num: 1577 Episode T: 133 Reward: 116.516 Cost: 1.000
arrive destination: False ,out of road:True   Total T: 527328 Episode Num: 1578 Episode T: 366 Reward: 419.466 Cost: 18.000
arrive destination: True ,out of road:False   Total T: 527555 Episode Num: 1579 Episode T: 227 Reward: 268.241 Cost: 1.000
arrive destination: True ,out of road:False   Total T: 527758 Episode Num: 1580 Episode T: 203 Reward: 241.408 Cost: 0.000
arrive destination: True ,out of road:False   Total T: 528107 Episode Num: 1581 Episode T: 349 Reward: 398.600 Cost: 0.000
arrive destination: True ,out of road:False   Total T: 528439 Episode Num: 1582 Episode T: 332 Reward: 335.828 Cost: 10.000
arrive destination: True ,out of road:False   Total T: 528750 Episode Num: 1583 Episode T: 311 Reward: 397.938 Cost: 8.000
arrive destination: False ,out of road:True   Total T: 528870 Episode Num: 1584 Episode T: 120 Reward: 120.292 Cost: 1.000
arrive destination: False ,out of road:True   Total T: 529146 Episode Num: 1585 Episode T: 276 Reward: 287.742 Cost: 9.000
arrive destination: False ,out of road:True   Total T: 529463 Episode Num: 1586 Episode T: 317 Reward: 206.953 Cost: 20.000
arrive destination: False ,out of road:True   Total T: 529786 Episode Num: 1587 Episode T: 323 Reward: 228.029 Cost: 23.000
---------------------------------------
Evaluation over 20 episodes: 0.750 Cost 15.450.             SafeRL used : use_qpsl
---------------------------------------
[34;1m
Time: 2026-06-30 00:00:15, Time spent from previous logger: 152.267 s[0m
[34;1mCustomLogger with fileds: ['total_steps', 'EpRet', 'EpCost', 'CostRate'][0m
[34;1mfieldvalues: [530000, 0.75, 15.45, 0.036101954909348886]
[0m
arrive destination: True ,out of road:False   Total T: 530308 Episode Num: 1588 Episode T: 522 Reward: 621.274 Cost: 3.000
arrive destination: False ,out of road:True   Total T: 530743 Episode Num: 1589 Episode T: 435 Reward: 468.174 Cost: 22.000
arrive destination: True ,out of road:False   Total T: 531071 Episode Num: 1590 Episode T: 328 Reward: 377.270 Cost: 17.000
arrive destination: True ,out of road:False   Total T: 531460 Episode Num: 1591 Episode T: 389 Reward: 381.501 Cost: 18.000
arrive destination: True ,out of road:False   Total T: 531652 Episode Num: 1592 Episode T: 192 Reward: 270.153 Cost: 0.000
arrive destination: False ,out of road:True   Total T: 531753 Episode Num: 1593 Episode T: 101 Reward: 83.214 Cost: 7.000
arrive destination: True ,out of road:False   Total T: 532230 Episode Num: 1594 Episode T: 477 Reward: 411.652 Cost: 26.000
arrive destination: False ,out of road:True   Total T: 532434 Episode Num: 1595 Episode T: 204 Reward: 201.878 Cost: 17.000
arrive destination: True ,out of road:False   Total T: 532670 Episode Num: 1596 Episode T: 236 Reward: 274.368 Cost: 1.000
arrive destination: True ,out of road:False   Total T: 532905 Episode Num: 1597 Episode T: 235 Reward: 275.614 Cost: 0.000
arrive destination: True ,out of road:False   Total T: 533132 Episode Num: 1598 Episode T: 227 Reward: 269.145 Cost: 3.000
arrive destination: True ,out of road:False   Total T: 533593 Episode Num: 1599 Episode T: 461 Reward: 336.396 Cost: 48.000
arrive destination: False ,out of road:True   Total T: 533940 Episode Num: 1600 Episode T: 347 Reward: 355.034 Cost: 1.000
arrive destination: False ,out of road:True   Total T: 534100 Episode Num: 1601 Episode T: 160 Reward: 162.297 Cost: 1.000
arrive destination: True ,out of road:False   Total T: 534581 Episode Num: 1602 Episode T: 481 Reward: 408.750 Cost: 32.000
arrive destination: True ,out of road:False   Total T: 534847 Episode Num: 1603 Episode T: 266 Reward: 285.350 Cost: 8.000
arrive destination: True ,out of road:False   Total T: 535221 Episode Num: 1604 Episode T: 374 Reward: 399.827 Cost: 0.000
arrive destination: True ,out of road:False   Total T: 535529 Episode Num: 1605 Episode T: 308 Reward: 266.306 Cost: 3.000
arrive destination: True ,out of road:False   Total T: 535761 Episode Num: 1606 Episode T: 232 Reward: 289.518 Cost: 13.000
arrive destination: False ,out of road:True   Total T: 536100 Episode Num: 1607 Episode T: 339 Reward: 290.267 Cost: 22.000
arrive destination: True ,out of road:False   Total T: 536370 Episode Num: 1608 Episode T: 270 Reward: 285.722 Cost: 7.000
arrive destination: False ,out of road:True   Total T: 536598 Episode Num: 1609 Episode T: 228 Reward: 228.628 Cost: 1.000
arrive destination: True ,out of road:False   Total T: 536900 Episode Num: 1610 Episode T: 302 Reward: 351.544 Cost: 2.000
arrive destination: True ,out of road:False   Total T: 537167 Episode Num: 1611 Episode T: 267 Reward: 350.204 Cost: 5.000
arrive destination: True ,out of road:False   Total T: 537446 Episode Num: 1612 Episode T: 279 Reward: 285.268 Cost: 8.000
arrive destination: True ,out of road:False   Total T: 537818 Episode Num: 1613 Episode T: 372 Reward: 376.045 Cost: 26.000
arrive destination: True ,out of road:False   Total T: 538136 Episode Num: 1614 Episode T: 318 Reward: 399.926 Cost: 14.000
arrive destination: True ,out of road:False   Total T: 538439 Episode Num: 1615 Episode T: 303 Reward: 294.603 Cost: 26.000
arrive destination: False ,out of road:True   Total T: 538776 Episode Num: 1616 Episode T: 337 Reward: 339.046 Cost: 28.000
arrive destination: False ,out of road:True   Total T: 538988 Episode Num: 1617 Episode T: 212 Reward: 226.695 Cost: 9.000
arrive destination: True ,out of road:False   Total T: 539212 Episode Num: 1618 Episode T: 224 Reward: 232.051 Cost: 8.000
arrive destination: True ,out of road:False   Total T: 539498 Episode Num: 1619 Episode T: 286 Reward: 352.744 Cost: 12.000
arrive destination: True ,out of road:False   Total T: 539720 Episode Num: 1620 Episode T: 222 Reward: 295.446 Cost: 9.000
arrive destination: True ,out of road:False   Total T: 539989 Episode Num: 1621 Episode T: 269 Reward: 275.181 Cost: 2.000
---------------------------------------
Evaluation over 20 episodes: 0.600 Cost 10.950.             SafeRL used : use_qpsl
---------------------------------------
[34;1m
Time: 2026-06-30 00:02:44, Time spent from previous logger: 148.064 s[0m
[34;1mCustomLogger with fileds: ['total_steps', 'EpRet', 'EpCost', 'CostRate'][0m
[34;1mfieldvalues: [540000, 0.6, 10.95, 0.03617228920794298]
[0m
arrive destination: True ,out of road:False   Total T: 540495 Episode Num: 1622 Episode T: 506 Reward: 489.416 Cost: 16.000
arrive destination: True ,out of road:False   Total T: 540717 Episode Num: 1623 Episode T: 222 Reward: 295.763 Cost: 11.000
arrive destination: True ,out of road:False   Total T: 540974 Episode Num: 1624 Episode T: 257 Reward: 269.605 Cost: 13.000
arrive destination: True ,out of road:False   Total T: 541163 Episode Num: 1625 Episode T: 189 Reward: 269.408 Cost: 0.000
arrive destination: True ,out of road:False   Total T: 541615 Episode Num: 1626 Episode T: 452 Reward: 498.776 Cost: 17.000
arrive destination: True ,out of road:False   Total T: 541858 Episode Num: 1627 Episode T: 243 Reward: 295.424 Cost: 10.000
arrive destination: True ,out of road:False   Total T: 542299 Episode Num: 1628 Episode T: 441 Reward: 467.801 Cost: 12.000
arrive destination: True ,out of road:False   Total T: 542531 Episode Num: 1629 Episode T: 232 Reward: 272.326 Cost: 0.000
arrive destination: True ,out of road:False   Total T: 542734 Episode Num: 1630 Episode T: 203 Reward: 269.724 Cost: 3.000
arrive destination: True ,out of road:False   Total T: 543149 Episode Num: 1631 Episode T: 415 Reward: 415.733 Cost: 22.000
arrive destination: True ,out of road:False   Total T: 543444 Episode Num: 1632 Episode T: 295 Reward: 285.376 Cost: 21.000
arrive destination: True ,out of road:False   Total T: 543655 Episode Num: 1633 Episode T: 211 Reward: 242.398 Cost: 0.000
arrive destination: False ,out of road:True   Total T: 543873 Episode Num: 1634 Episode T: 218 Reward: 247.851 Cost: 1.000
arrive destination: True ,out of road:False   Total T: 544131 Episode Num: 1635 Episode T: 258 Reward: 269.186 Cost: 14.000
arrive destination: False ,out of road:True   Total T: 544361 Episode Num: 1636 Episode T: 230 Reward: 176.885 Cost: 6.000
arrive destination: True ,out of road:False   Total T: 544564 Episode Num: 1637 Episode T: 203 Reward: 242.010 Cost: 0.000
arrive destination: True ,out of road:False   Total T: 544889 Episode Num: 1638 Episode T: 325 Reward: 294.521 Cost: 24.000
arrive destination: True ,out of road:False   Total T: 545257 Episode Num: 1639 Episode T: 368 Reward: 369.387 Cost: 17.000
arrive destination: True ,out of road:False   Total T: 545485 Episode Num: 1640 Episode T: 228 Reward: 232.044 Cost: 10.000
arrive destination: True ,out of road:False   Total T: 545730 Episode Num: 1641 Episode T: 245 Reward: 273.882 Cost: 2.000
arrive destination: True ,out of road:False   Total T: 545956 Episode Num: 1642 Episode T: 226 Reward: 270.035 Cost: 4.000
arrive destination: False ,out of road:True   Total T: 546159 Episode Num: 1643 Episode T: 203 Reward: 218.212 Cost: 12.000
arrive destination: True ,out of road:False   Total T: 546528 Episode Num: 1644 Episode T: 369 Reward: 409.914 Cost: 3.000
arrive destination: False ,out of road:True   Total T: 546682 Episode Num: 1645 Episode T: 154 Reward: 169.093 Cost: 3.000
arrive destination: True ,out of road:False   Total T: 547063 Episode Num: 1646 Episode T: 381 Reward: 406.841 Cost: 18.000
arrive destination: True ,out of road:False   Total T: 547449 Episode Num: 1647 Episode T: 386 Reward: 335.707 Cost: 27.000
arrive destination: True ,out of road:False   Total T: 547902 Episode Num: 1648 Episode T: 453 Reward: 417.355 Cost: 18.000
arrive destination: True ,out of road:False   Total T: 548198 Episode Num: 1649 Episode T: 296 Reward: 285.882 Cost: 29.000
arrive destination: True ,out of road:False   Total T: 548669 Episode Num: 1650 Episode T: 471 Reward: 399.934 Cost: 25.000
arrive destination: True ,out of road:False   Total T: 548867 Episode Num: 1651 Episode T: 198 Reward: 269.519 Cost: 1.000
arrive destination: True ,out of road:False   Total T: 549183 Episode Num: 1652 Episode T: 316 Reward: 371.839 Cost: 9.000
arrive destination: True ,out of road:False   Total T: 549403 Episode Num: 1653 Episode T: 220 Reward: 247.026 Cost: 0.000
arrive destination: True ,out of road:False   Total T: 549614 Episode Num: 1654 Episode T: 211 Reward: 269.472 Cost: 1.000
arrive destination: True ,out of road:False   Total T: 549825 Episode Num: 1655 Episode T: 211 Reward: 243.867 Cost: 0.000
---------------------------------------
Evaluation over 20 episodes: 0.800 Cost 17.000.             SafeRL used : use_qpsl
---------------------------------------
[34;1m
Time: 2026-06-30 00:05:20, Time spent from previous logger: 156.769 s[0m
[34;1mCustomLogger with fileds: ['total_steps', 'EpRet', 'EpCost', 'CostRate'][0m
[34;1mfieldvalues: [550000, 0.8, 17.0, 0.03615461119020216]
[0m
arrive destination: False ,out of road:True   Total T: 550394 Episode Num: 1656 Episode T: 569 Reward: 602.427 Cost: 21.000
arrive destination: True ,out of road:False   Total T: 550735 Episode Num: 1657 Episode T: 341 Reward: 368.635 Cost: 10.000
arrive destination: True ,out of road:False   Total T: 551010 Episode Num: 1658 Episode T: 275 Reward: 354.486 Cost: 0.000
arrive destination: False ,out of road:True   Total T: 551278 Episode Num: 1659 Episode T: 268 Reward: 219.446 Cost: 27.000
arrive destination: True ,out of road:False   Total T: 551513 Episode Num: 1660 Episode T: 235 Reward: 284.330 Cost: 2.000
arrive destination: True ,out of road:False   Total T: 551767 Episode Num: 1661 Episode T: 254 Reward: 267.720 Cost: 18.000
arrive destination: True ,out of road:False   Total T: 552158 Episode Num: 1662 Episode T: 391 Reward: 336.215 Cost: 30.000
arrive destination: True ,out of road:False   Total T: 552387 Episode Num: 1663 Episode T: 229 Reward: 286.136 Cost: 6.000
arrive destination: False ,out of road:True   Total T: 552663 Episode Num: 1664 Episode T: 276 Reward: 268.608 Cost: 9.000
arrive destination: True ,out of road:False   Total T: 553004 Episode Num: 1665 Episode T: 341 Reward: 335.999 Cost: 4.000
arrive destination: True ,out of road:False   Total T: 553239 Episode Num: 1666 Episode T: 235 Reward: 273.912 Cost: 0.000
arrive destination: True ,out of road:False   Total T: 553466 Episode Num: 1667 Episode T: 227 Reward: 231.770 Cost: 12.000
arrive destination: False ,out of road:True   Total T: 553667 Episode Num: 1668 Episode T: 201 Reward: 219.437 Cost: 12.000
arrive destination: True ,out of road:False   Total T: 553933 Episode Num: 1669 Episode T: 266 Reward: 286.293 Cost: 8.000
arrive destination: True ,out of road:False   Total T: 554168 Episode Num: 1670 Episode T: 235 Reward: 275.201 Cost: 0.000
arrive destination: False ,out of road:True   Total T: 554378 Episode Num: 1671 Episode T: 210 Reward: 143.023 Cost: 12.000
arrive destination: True ,out of road:False   Total T: 554820 Episode Num: 1672 Episode T: 442 Reward: 474.191 Cost: 5.000
arrive destination: False ,out of road:True   Total T: 554986 Episode Num: 1673 Episode T: 166 Reward: 167.576 Cost: 6.000
arrive destination: True ,out of road:False   Total T: 555221 Episode Num: 1674 Episode T: 235 Reward: 232.929 Cost: 16.000
arrive destination: True ,out of road:False   Total T: 555614 Episode Num: 1675 Episode T: 393 Reward: 335.891 Cost: 10.000
arrive destination: True ,out of road:False   Total T: 555808 Episode Num: 1676 Episode T: 194 Reward: 269.162 Cost: 0.000
arrive destination: True ,out of road:False   Total T: 556052 Episode Num: 1677 Episode T: 244 Reward: 276.402 Cost: 2.000
arrive destination: True ,out of road:False   Total T: 556583 Episode Num: 1678 Episode T: 531 Reward: 404.669 Cost: 53.000
arrive destination: False ,out of road:True   Total T: 556702 Episode Num: 1679 Episode T: 119 Reward: 110.153 Cost: 6.000
arrive destination: True ,out of road:False   Total T: 556932 Episode Num: 1680 Episode T: 230 Reward: 269.425 Cost: 2.000
arrive destination: True ,out of road:False   Total T: 557223 Episode Num: 1681 Episode T: 291 Reward: 285.471 Cost: 18.000
arrive destination: True ,out of road:False   Total T: 557428 Episode Num: 1682 Episode T: 205 Reward: 241.893 Cost: 0.000
arrive destination: True ,out of road:False   Total T: 557862 Episode Num: 1683 Episode T: 434 Reward: 410.410 Cost: 25.000
arrive destination: False ,out of road:True   Total T: 558065 Episode Num: 1684 Episode T: 203 Reward: 207.097 Cost: 10.000
arrive destination: True ,out of road:False   Total T: 558258 Episode Num: 1685 Episode T: 193 Reward: 230.847 Cost: 0.000
arrive destination: True ,out of road:False   Total T: 558511 Episode Num: 1686 Episode T: 253 Reward: 232.106 Cost: 8.000
arrive destination: True ,out of road:False   Total T: 558838 Episode Num: 1687 Episode T: 327 Reward: 370.943 Cost: 9.000
arrive destination: True ,out of road:False   Total T: 559144 Episode Num: 1688 Episode T: 306 Reward: 350.917 Cost: 5.000
arrive destination: True ,out of road:False   Total T: 559372 Episode Num: 1689 Episode T: 228 Reward: 274.567 Cost: 0.000
arrive destination: False ,out of road:True   Total T: 559660 Episode Num: 1690 Episode T: 288 Reward: 310.115 Cost: 7.000
arrive destination: False ,out of road:True   Total T: 559780 Episode Num: 1691 Episode T: 120 Reward: 77.871 Cost: 8.000
---------------------------------------
Evaluation over 20 episodes: 0.700 Cost 10.350.             SafeRL used : use_qpsl
---------------------------------------
[34;1m
Time: 2026-06-30 00:07:47, Time spent from previous logger: 146.268 s[0m
[34;1mCustomLogger with fileds: ['total_steps', 'EpRet', 'EpCost', 'CostRate'][0m
[34;1mfieldvalues: [560000, 0.7, 10.35, 0.0361500645536867]
[0m
arrive destination: True ,out of road:False   Total T: 560258 Episode Num: 1692 Episode T: 478 Reward: 516.384 Cost: 7.000
arrive destination: True ,out of road:False   Total T: 560714 Episode Num: 1693 Episode T: 456 Reward: 412.540 Cost: 20.000
arrive destination: True ,out of road:False   Total T: 560940 Episode Num: 1694 Episode T: 226 Reward: 233.062 Cost: 13.000
arrive destination: True ,out of road:False   Total T: 561183 Episode Num: 1695 Episode T: 243 Reward: 296.103 Cost: 9.000
arrive destination: True ,out of road:False   Total T: 561414 Episode Num: 1696 Episode T: 231 Reward: 272.534 Cost: 3.000
arrive destination: True ,out of road:False   Total T: 561646 Episode Num: 1697 Episode T: 232 Reward: 295.617 Cost: 4.000
arrive destination: True ,out of road:False   Total T: 561880 Episode Num: 1698 Episode T: 234 Reward: 274.290 Cost: 0.000
arrive destination: True ,out of road:False   Total T: 562239 Episode Num: 1699 Episode T: 359 Reward: 294.606 Cost: 16.000
arrive destination: True ,out of road:False   Total T: 562455 Episode Num: 1700 Episode T: 216 Reward: 244.593 Cost: 0.000
arrive destination: True ,out of road:False   Total T: 562681 Episode Num: 1701 Episode T: 226 Reward: 273.454 Cost: 0.000
arrive destination: True ,out of road:False   Total T: 563067 Episode Num: 1702 Episode T: 386 Reward: 406.087 Cost: 4.000
arrive destination: False ,out of road:True   Total T: 563227 Episode Num: 1703 Episode T: 160 Reward: 164.761 Cost: 3.000
arrive destination: True ,out of road:False   Total T: 563483 Episode Num: 1704 Episode T: 256 Reward: 295.582 Cost: 8.000
arrive destination: True ,out of road:False   Total T: 563944 Episode Num: 1705 Episode T: 461 Reward: 421.981 Cost: 17.000
arrive destination: True ,out of road:False   Total T: 564303 Episode Num: 1706 Episode T: 359 Reward: 335.480 Cost: 7.000
arrive destination: True ,out of road:False   Total T: 564665 Episode Num: 1707 Episode T: 362 Reward: 399.116 Cost: 2.000
arrive destination: True ,out of road:False   Total T: 565008 Episode Num: 1708 Episode T: 343 Reward: 366.098 Cost: 13.000
arrive destination: True ,out of road:False   Total T: 565475 Episode Num: 1709 Episode T: 467 Reward: 475.933 Cost: 28.000
arrive destination: True ,out of road:False   Total T: 565849 Episode Num: 1710 Episode T: 374 Reward: 372.948 Cost: 18.000
arrive destination: False ,out of road:True   Total T: 566092 Episode Num: 1711 Episode T: 243 Reward: 268.785 Cost: 7.000
arrive destination: True ,out of road:False   Total T: 566577 Episode Num: 1712 Episode T: 485 Reward: 414.095 Cost: 39.000
arrive destination: False ,out of road:True   Total T: 566706 Episode Num: 1713 Episode T: 129 Reward: 114.975 Cost: 8.000
arrive destination: True ,out of road:False   Total T: 567014 Episode Num: 1714 Episode T: 308 Reward: 263.877 Cost: 11.000
arrive destination: True ,out of road:False   Total T: 567470 Episode Num: 1715 Episode T: 456 Reward: 492.241 Cost: 18.000
arrive destination: True ,out of road:False   Total T: 567814 Episode Num: 1716 Episode T: 344 Reward: 370.907 Cost: 8.000
arrive destination: True ,out of road:False   Total T: 568074 Episode Num: 1717 Episode T: 260 Reward: 352.126 Cost: 3.000
arrive destination: True ,out of road:False   Total T: 568536 Episode Num: 1718 Episode T: 462 Reward: 403.686 Cost: 24.000
arrive destination: True ,out of road:False   Total T: 568921 Episode Num: 1719 Episode T: 385 Reward: 285.921 Cost: 2.000
arrive destination: True ,out of road:False   Total T: 569132 Episode Num: 1720 Episode T: 211 Reward: 242.353 Cost: 0.000
arrive destination: True ,out of road:False   Total T: 569456 Episode Num: 1721 Episode T: 324 Reward: 398.169 Cost: 9.000
arrive destination: False ,out of road:True   Total T: 569673 Episode Num: 1722 Episode T: 217 Reward: 190.037 Cost: 14.000
arrive destination: True ,out of road:False   Total T: 569927 Episode Num: 1723 Episode T: 254 Reward: 295.933 Cost: 13.000
---------------------------------------
Evaluation over 20 episodes: 0.550 Cost 11.000.             SafeRL used : use_qpsl
---------------------------------------
[34;1m
Time: 2026-06-30 00:10:15, Time spent from previous logger: 148.892 s[0m
[34;1mCustomLogger with fileds: ['total_steps', 'EpRet', 'EpCost', 'CostRate'][0m
[34;1mfieldvalues: [570000, 0.55, 11.0, 0.03608953699918772]
[0m
arrive destination: True ,out of road:False   Total T: 570208 Episode Num: 1724 Episode T: 281 Reward: 322.393 Cost: 1.000
arrive destination: False ,out of road:True   Total T: 570434 Episode Num: 1725 Episode T: 226 Reward: 270.131 Cost: 5.000
arrive destination: True ,out of road:False   Total T: 570907 Episode Num: 1726 Episode T: 473 Reward: 493.143 Cost: 29.000
arrive destination: True ,out of road:False   Total T: 571165 Episode Num: 1727 Episode T: 258 Reward: 267.588 Cost: 12.000
arrive destination: False ,out of road:True   Total T: 571549 Episode Num: 1728 Episode T: 384 Reward: 430.356 Cost: 9.000
arrive destination: False ,out of road:True   Total T: 571706 Episode Num: 1729 Episode T: 157 Reward: 161.792 Cost: 1.000
arrive destination: True ,out of road:False   Total T: 571961 Episode Num: 1730 Episode T: 255 Reward: 266.877 Cost: 10.000
arrive destination: True ,out of road:False   Total T: 572260 Episode Num: 1731 Episode T: 299 Reward: 353.099 Cost: 11.000
arrive destination: False ,out of road:True   Total T: 572725 Episode Num: 1732 Episode T: 465 Reward: 354.086 Cost: 19.000
arrive destination: True ,out of road:False   Total T: 572949 Episode Num: 1733 Episode T: 224 Reward: 295.827 Cost: 7.000
arrive destination: False ,out of road:True   Total T: 573308 Episode Num: 1734 Episode T: 359 Reward: 450.500 Cost: 13.000
arrive destination: True ,out of road:False   Total T: 573509 Episode Num: 1735 Episode T: 201 Reward: 232.432 Cost: 1.000
arrive destination: False ,out of road:True   Total T: 573660 Episode Num: 1736 Episode T: 151 Reward: 153.306 Cost: 8.000
arrive destination: True ,out of road:False   Total T: 574271 Episode Num: 1737 Episode T: 611 Reward: 336.440 Cost: 34.000
arrive destination: True ,out of road:False   Total T: 574534 Episode Num: 1738 Episode T: 263 Reward: 269.139 Cost: 6.000
arrive destination: True ,out of road:False   Total T: 574726 Episode Num: 1739 Episode T: 192 Reward: 270.065 Cost: 0.000
arrive destination: True ,out of road:False   Total T: 574986 Episode Num: 1740 Episode T: 260 Reward: 270.262 Cost: 5.000
arrive destination: True ,out of road:False   Total T: 575201 Episode Num: 1741 Episode T: 215 Reward: 267.852 Cost: 3.000
arrive destination: True ,out of road:False   Total T: 575675 Episode Num: 1742 Episode T: 474 Reward: 418.240 Cost: 19.000
arrive destination: True ,out of road:False   Total T: 575936 Episode Num: 1743 Episode T: 261 Reward: 270.569 Cost: 15.000
arrive destination: True ,out of road:False   Total T: 576345 Episode Num: 1744 Episode T: 409 Reward: 504.027 Cost: 10.000
arrive destination: False ,out of road:True   Total T: 576640 Episode Num: 1745 Episode T: 295 Reward: 255.480 Cost: 4.000
arrive destination: True ,out of road:False   Total T: 576880 Episode Num: 1746 Episode T: 240 Reward: 275.047 Cost: 0.000
arrive destination: True ,out of road:False   Total T: 577078 Episode Num: 1747 Episode T: 198 Reward: 232.122 Cost: 0.000
arrive destination: True ,out of road:False   Total T: 577272 Episode Num: 1748 Episode T: 194 Reward: 231.736 Cost: 1.000
arrive destination: True ,out of road:False   Total T: 577592 Episode Num: 1749 Episode T: 320 Reward: 353.784 Cost: 9.000
arrive destination: True ,out of road:False   Total T: 577868 Episode Num: 1750 Episode T: 276 Reward: 284.941 Cost: 7.000
arrive destination: True ,out of road:False   Total T: 578126 Episode Num: 1751 Episode T: 258 Reward: 268.376 Cost: 14.000
arrive destination: True ,out of road:False   Total T: 578362 Episode Num: 1752 Episode T: 236 Reward: 295.977 Cost: 12.000
arrive destination: False ,out of road:True   Total T: 578700 Episode Num: 1753 Episode T: 338 Reward: 348.175 Cost: 1.000
arrive destination: True ,out of road:False   Total T: 578970 Episode Num: 1754 Episode T: 270 Reward: 305.973 Cost: 11.000
arrive destination: True ,out of road:False   Total T: 579483 Episode Num: 1755 Episode T: 513 Reward: 492.588 Cost: 26.000
arrive destination: True ,out of road:False   Total T: 579884 Episode Num: 1756 Episode T: 401 Reward: 507.009 Cost: 13.000
---------------------------------------
Evaluation over 20 episodes: 0.600 Cost 10.800.             SafeRL used : use_qpsl
---------------------------------------
[34;1m
Time: 2026-06-30 00:12:51, Time spent from previous logger: 155.914 s[0m
[34;1mCustomLogger with fileds: ['total_steps', 'EpRet', 'EpCost', 'CostRate'][0m
[34;1mfieldvalues: [580000, 0.6, 10.8, 0.03601385519630206]
[0m
arrive destination: False ,out of road:True   Total T: 580220 Episode Num: 1757 Episode T: 336 Reward: 352.616 Cost: 3.000
arrive destination: False ,out of road:True   Total T: 580567 Episode Num: 1758 Episode T: 347 Reward: 355.890 Cost: 6.000
arrive destination: True ,out of road:False   Total T: 580936 Episode Num: 1759 Episode T: 369 Reward: 415.080 Cost: 19.000
arrive destination: False ,out of road:True   Total T: 581041 Episode Num: 1760 Episode T: 105 Reward: 76.550 Cost: 5.000
arrive destination: True ,out of road:False   Total T: 581273 Episode Num: 1761 Episode T: 232 Reward: 273.753 Cost: 0.000
arrive destination: True ,out of road:False   Total T: 581515 Episode Num: 1762 Episode T: 242 Reward: 285.675 Cost: 0.000
arrive destination: True ,out of road:False   Total T: 581928 Episode Num: 1763 Episode T: 413 Reward: 336.180 Cost: 26.000
arrive destination: True ,out of road:False   Total T: 582338 Episode Num: 1764 Episode T: 410 Reward: 399.455 Cost: 16.000
arrive destination: False ,out of road:True   Total T: 582457 Episode Num: 1765 Episode T: 119 Reward: 111.750 Cost: 5.000
arrive destination: True ,out of road:False   Total T: 582969 Episode Num: 1766 Episode T: 512 Reward: 414.468 Cost: 25.000
arrive destination: False ,out of road:True   Total T: 583202 Episode Num: 1767 Episode T: 233 Reward: 218.338 Cost: 13.000
arrive destination: False ,out of road:True   Total T: 583574 Episode Num: 1768 Episode T: 372 Reward: 388.024 Cost: 25.000
arrive destination: True ,out of road:False   Total T: 584026 Episode Num: 1769 Episode T: 452 Reward: 469.950 Cost: 26.000
arrive destination: True ,out of road:False   Total T: 584248 Episode Num: 1770 Episode T: 222 Reward: 268.942 Cost: 1.000
arrive destination: False ,out of road:True   Total T: 584563 Episode Num: 1771 Episode T: 315 Reward: 327.309 Cost: 15.000
arrive destination: True ,out of road:False   Total T: 584756 Episode Num: 1772 Episode T: 193 Reward: 268.881 Cost: 0.000
arrive destination: True ,out of road:False   Total T: 584984 Episode Num: 1773 Episode T: 228 Reward: 295.135 Cost: 9.000
arrive destination: True ,out of road:False   Total T: 585180 Episode Num: 1774 Episode T: 196 Reward: 231.147 Cost: 5.000
arrive destination: False ,out of road:True   Total T: 585553 Episode Num: 1775 Episode T: 373 Reward: 387.032 Cost: 15.000
arrive destination: True ,out of road:False   Total T: 585840 Episode Num: 1776 Episode T: 287 Reward: 352.682 Cost: 10.000
arrive destination: True ,out of road:False   Total T: 586074 Episode Num: 1777 Episode T: 234 Reward: 295.696 Cost: 9.000
arrive destination: True ,out of road:False   Total T: 586517 Episode Num: 1778 Episode T: 443 Reward: 335.737 Cost: 20.000
arrive destination: True ,out of road:False   Total T: 586927 Episode Num: 1779 Episode T: 410 Reward: 513.862 Cost: 16.000
arrive destination: False ,out of road:True   Total T: 587095 Episode Num: 1780 Episode T: 168 Reward: 160.011 Cost: 6.000
arrive destination: True ,out of road:False   Total T: 587537 Episode Num: 1781 Episode T: 442 Reward: 514.021 Cost: 12.000
arrive destination: False ,out of road:True   Total T: 587810 Episode Num: 1782 Episode T: 273 Reward: 252.627 Cost: 8.000
arrive destination: True ,out of road:False   Total T: 588258 Episode Num: 1783 Episode T: 448 Reward: 506.256 Cost: 25.000
arrive destination: True ,out of road:False   Total T: 588483 Episode Num: 1784 Episode T: 225 Reward: 269.736 Cost: 3.000
arrive destination: False ,out of road:True   Total T: 589031 Episode Num: 1785 Episode T: 548 Reward: 369.280 Cost: 28.000
arrive destination: False ,out of road:True   Total T: 589169 Episode Num: 1786 Episode T: 138 Reward: 116.599 Cost: 3.000
arrive destination: True ,out of road:False   Total T: 589457 Episode Num: 1787 Episode T: 288 Reward: 268.902 Cost: 13.000
arrive destination: False ,out of road:True   Total T: 589660 Episode Num: 1788 Episode T: 203 Reward: 199.363 Cost: 14.000
arrive destination: True ,out of road:False   Total T: 589852 Episode Num: 1789 Episode T: 192 Reward: 269.188 Cost: 0.000
---------------------------------------
Evaluation over 20 episodes: 0.900 Cost 9.550.             SafeRL used : use_qpsl
---------------------------------------
[34;1m
Time: 2026-06-30 00:15:23, Time spent from previous logger: 151.701 s[0m
[34;1mCustomLogger with fileds: ['total_steps', 'EpRet', 'EpCost', 'CostRate'][0m
[34;1mfieldvalues: [590000, 0.9, 9.55, 0.03605090856086197]
[0m
arrive destination: True ,out of road:False   Total T: 590339 Episode Num: 1790 Episode T: 487 Reward: 543.511 Cost: 2.000
arrive destination: False ,out of road:True   Total T: 590670 Episode Num: 1791 Episode T: 331 Reward: 309.834 Cost: 22.000
arrive destination: False ,out of road:True   Total T: 590975 Episode Num: 1792 Episode T: 305 Reward: 288.739 Cost: 16.000
arrive destination: True ,out of road:False   Total T: 591198 Episode Num: 1793 Episode T: 223 Reward: 264.841 Cost: 2.000
arrive destination: True ,out of road:False   Total T: 591697 Episode Num: 1794 Episode T: 499 Reward: 492.531 Cost: 25.000
arrive destination: False ,out of road:True   Total T: 591813 Episode Num: 1795 Episode T: 116 Reward: 104.281 Cost: 1.000
arrive destination: True ,out of road:False   Total T: 592212 Episode Num: 1796 Episode T: 399 Reward: 411.022 Cost: 8.000
arrive destination: True ,out of road:False   Total T: 592527 Episode Num: 1797 Episode T: 315 Reward: 294.178 Cost: 24.000
arrive destination: True ,out of road:False   Total T: 592744 Episode Num: 1798 Episode T: 217 Reward: 247.246 Cost: 0.000
arrive destination: True ,out of road:False   Total T: 592997 Episode Num: 1799 Episode T: 253 Reward: 295.688 Cost: 7.000
arrive destination: False ,out of road:True   Total T: 593113 Episode Num: 1800 Episode T: 116 Reward: 110.316 Cost: 3.000
arrive destination: True ,out of road:False   Total T: 593457 Episode Num: 1801 Episode T: 344 Reward: 392.764 Cost: 0.000
arrive destination: True ,out of road:False   Total T: 594274 Episode Num: 1802 Episode T: 817 Reward: 335.601 Cost: 10.000
arrive destination: True ,out of road:False   Total T: 594654 Episode Num: 1803 Episode T: 380 Reward: 370.260 Cost: 23.000
arrive destination: False ,out of road:True   Total T: 594849 Episode Num: 1804 Episode T: 195 Reward: 188.668 Cost: 13.000
arrive destination: True ,out of road:False   Total T: 595119 Episode Num: 1805 Episode T: 270 Reward: 295.305 Cost: 7.000
arrive destination: True ,out of road:False   Total T: 595376 Episode Num: 1806 Episode T: 257 Reward: 295.201 Cost: 6.000
arrive destination: True ,out of road:False   Total T: 595641 Episode Num: 1807 Episode T: 265 Reward: 285.027 Cost: 6.000
arrive destination: True ,out of road:False   Total T: 595869 Episode Num: 1808 Episode T: 228 Reward: 275.167 Cost: 3.000
arrive destination: True ,out of road:False   Total T: 596196 Episode Num: 1809 Episode T: 327 Reward: 346.060 Cost: 14.000
arrive destination: True ,out of road:False   Total T: 596829 Episode Num: 1810 Episode T: 633 Reward: 494.636 Cost: 51.000
arrive destination: True ,out of road:False   Total T: 597236 Episode Num: 1811 Episode T: 407 Reward: 510.778 Cost: 19.000
arrive destination: False ,out of road:True   Total T: 597511 Episode Num: 1812 Episode T: 275 Reward: 305.997 Cost: 1.000
arrive destination: False ,out of road:True   Total T: 597953 Episode Num: 1813 Episode T: 442 Reward: 414.692 Cost: 34.000
arrive destination: True ,out of road:False   Total T: 598178 Episode Num: 1814 Episode T: 225 Reward: 269.917 Cost: 5.000
arrive destination: False ,out of road:True   Total T: 598417 Episode Num: 1815 Episode T: 239 Reward: 217.721 Cost: 17.000
arrive destination: True ,out of road:False   Total T: 598757 Episode Num: 1816 Episode T: 340 Reward: 335.490 Cost: 8.000
arrive destination: True ,out of road:False   Total T: 598981 Episode Num: 1817 Episode T: 224 Reward: 278.137 Cost: 1.000
arrive destination: False ,out of road:True   Total T: 599204 Episode Num: 1818 Episode T: 223 Reward: 217.903 Cost: 15.000
arrive destination: True ,out of road:False   Total T: 599639 Episode Num: 1819 Episode T: 435 Reward: 518.891 Cost: 20.000
arrive destination: True ,out of road:False   Total T: 599886 Episode Num: 1820 Episode T: 247 Reward: 295.720 Cost: 10.000
---------------------------------------
Evaluation over 20 episodes: 0.800 Cost 10.950.             SafeRL used : use_qpsl
---------------------------------------
[34;1m
Time: 2026-06-30 00:17:53, Time spent from previous logger: 150.280 s[0m
[34;1mCustomLogger with fileds: ['total_steps', 'EpRet', 'EpCost', 'CostRate'][0m
[34;1mfieldvalues: [600000, 0.8, 10.95, 0.03606839344732241]
[0m
arrive destination: True ,out of road:False   Total T: 600352 Episode Num: 1821 Episode T: 466 Reward: 499.346 Cost: 4.000
arrive destination: True ,out of road:False   Total T: 600617 Episode Num: 1822 Episode T: 265 Reward: 270.057 Cost: 13.000
arrive destination: False ,out of road:True   Total T: 600810 Episode Num: 1823 Episode T: 193 Reward: 172.527 Cost: 6.000
arrive destination: True ,out of road:False   Total T: 601205 Episode Num: 1824 Episode T: 395 Reward: 381.781 Cost: 10.000
arrive destination: True ,out of road:False   Total T: 601437 Episode Num: 1825 Episode T: 232 Reward: 295.032 Cost: 8.000
arrive destination: False ,out of road:True   Total T: 601640 Episode Num: 1826 Episode T: 203 Reward: 221.686 Cost: 11.000
arrive destination: False ,out of road:True   Total T: 601826 Episode Num: 1827 Episode T: 186 Reward: 242.249 Cost: 3.000
arrive destination: True ,out of road:False   Total T: 602038 Episode Num: 1828 Episode T: 212 Reward: 242.242 Cost: 0.000
arrive destination: True ,out of road:False   Total T: 602390 Episode Num: 1829 Episode T: 352 Reward: 396.703 Cost: 0.000
arrive destination: True ,out of road:False   Total T: 602613 Episode Num: 1830 Episode T: 223 Reward: 270.106 Cost: 5.000
arrive destination: False ,out of road:True   Total T: 603102 Episode Num: 1831 Episode T: 489 Reward: 458.888 Cost: 25.000
arrive destination: True ,out of road:False   Total T: 603306 Episode Num: 1832 Episode T: 204 Reward: 241.027 Cost: 0.000
arrive destination: True ,out of road:False   Total T: 603644 Episode Num: 1833 Episode T: 338 Reward: 371.887 Cost: 9.000
arrive destination: True ,out of road:False   Total T: 603840 Episode Num: 1834 Episode T: 196 Reward: 270.147 Cost: 0.000
arrive destination: False ,out of road:True   Total T: 603948 Episode Num: 1835 Episode T: 108 Reward: 85.294 Cost: 1.000
arrive destination: True ,out of road:False   Total T: 604315 Episode Num: 1836 Episode T: 367 Reward: 502.675 Cost: 7.000
arrive destination: True ,out of road:False   Total T: 604765 Episode Num: 1837 Episode T: 450 Reward: 471.005 Cost: 22.000
arrive destination: False ,out of road:True   Total T: 604960 Episode Num: 1838 Episode T: 195 Reward: 218.184 Cost: 11.000
arrive destination: False ,out of road:True   Total T: 605123 Episode Num: 1839 Episode T: 163 Reward: 165.759 Cost: 4.000
arrive destination: True ,out of road:False   Total T: 605347 Episode Num: 1840 Episode T: 224 Reward: 274.415 Cost: 2.000
arrive destination: True ,out of road:False   Total T: 605624 Episode Num: 1841 Episode T: 277 Reward: 356.302 Cost: 2.000
arrive destination: True ,out of road:False   Total T: 606072 Episode Num: 1842 Episode T: 448 Reward: 414.770 Cost: 23.000
arrive destination: False ,out of road:True   Total T: 606373 Episode Num: 1843 Episode T: 301 Reward: 258.528 Cost: 13.000
arrive destination: True ,out of road:False   Total T: 606686 Episode Num: 1844 Episode T: 313 Reward: 400.009 Cost: 2.000
arrive destination: True ,out of road:False   Total T: 606906 Episode Num: 1845 Episode T: 220 Reward: 295.299 Cost: 4.000
arrive destination: True ,out of road:False   Total T: 607151 Episode Num: 1846 Episode T: 245 Reward: 287.482 Cost: 0.000
arrive destination: True ,out of road:False   Total T: 607391 Episode Num: 1847 Episode T: 240 Reward: 275.558 Cost: 0.000
arrive destination: False ,out of road:True   Total T: 607762 Episode Num: 1848 Episode T: 371 Reward: 352.142 Cost: 14.000
arrive destination: True ,out of road:False   Total T: 608011 Episode Num: 1849 Episode T: 249 Reward: 268.769 Cost: 5.000
arrive destination: True ,out of road:False   Total T: 608237 Episode Num: 1850 Episode T: 226 Reward: 284.798 Cost: 4.000
arrive destination: True ,out of road:False   Total T: 608668 Episode Num: 1851 Episode T: 431 Reward: 335.780 Cost: 15.000
arrive destination: True ,out of road:False   Total T: 609070 Episode Num: 1852 Episode T: 402 Reward: 509.428 Cost: 8.000
arrive destination: True ,out of road:False   Total T: 609316 Episode Num: 1853 Episode T: 246 Reward: 325.818 Cost: 11.000
arrive destination: True ,out of road:False   Total T: 609848 Episode Num: 1854 Episode T: 532 Reward: 497.356 Cost: 20.000
---------------------------------------
Evaluation over 20 episodes: 0.600 Cost 10.150.             SafeRL used : use_qpsl
---------------------------------------
[34;1m
Time: 2026-06-30 00:20:25, Time spent from previous logger: 151.413 s[0m
[34;1mCustomLogger with fileds: ['total_steps', 'EpRet', 'EpCost', 'CostRate'][0m
[34;1mfieldvalues: [610000, 0.6, 10.15, 0.035906616240354496]
[0m
arrive destination: False ,out of road:True   Total T: 610297 Episode Num: 1855 Episode T: 449 Reward: 473.896 Cost: 19.000
arrive destination: True ,out of road:False   Total T: 610527 Episode Num: 1856 Episode T: 230 Reward: 232.652 Cost: 12.000
arrive destination: True ,out of road:False   Total T: 610785 Episode Num: 1857 Episode T: 258 Reward: 353.806 Cost: 0.000
arrive destination: True ,out of road:False   Total T: 611155 Episode Num: 1858 Episode T: 370 Reward: 410.679 Cost: 0.000
arrive destination: True ,out of road:False   Total T: 611531 Episode Num: 1859 Episode T: 376 Reward: 368.236 Cost: 12.000
arrive destination: True ,out of road:False   Total T: 611857 Episode Num: 1860 Episode T: 326 Reward: 336.278 Cost: 13.000
arrive destination: False ,out of road:True   Total T: 612143 Episode Num: 1861 Episode T: 286 Reward: 309.173 Cost: 15.000
arrive destination: True ,out of road:False   Total T: 612569 Episode Num: 1862 Episode T: 426 Reward: 415.950 Cost: 10.000
arrive destination: True ,out of road:False   Total T: 612765 Episode Num: 1863 Episode T: 196 Reward: 269.772 Cost: 0.000
arrive destination: False ,out of road:True   Total T: 613020 Episode Num: 1864 Episode T: 255 Reward: 257.806 Cost: 10.000
arrive destination: True ,out of road:False   Total T: 613273 Episode Num: 1865 Episode T: 253 Reward: 295.642 Cost: 9.000
arrive destination: True ,out of road:False   Total T: 613487 Episode Num: 1866 Episode T: 214 Reward: 233.677 Cost: 4.000
arrive destination: True ,out of road:False   Total T: 613716 Episode Num: 1867 Episode T: 229 Reward: 284.208 Cost: 5.000
arrive destination: False ,out of road:True   Total T: 613866 Episode Num: 1868 Episode T: 150 Reward: 131.997 Cost: 8.000
arrive destination: True ,out of road:False   Total T: 614158 Episode Num: 1869 Episode T: 292 Reward: 356.005 Cost: 6.000
arrive destination: True ,out of road:False   Total T: 614542 Episode Num: 1870 Episode T: 384 Reward: 502.736 Cost: 10.000
arrive destination: True ,out of road:False   Total T: 614857 Episode Num: 1871 Episode T: 315 Reward: 267.658 Cost: 4.000
arrive destination: False ,out of road:True   Total T: 615004 Episode Num: 1872 Episode T: 147 Reward: 115.428 Cost: 2.000
arrive destination: True ,out of road:False   Total T: 615380 Episode Num: 1873 Episode T: 376 Reward: 504.117 Cost: 7.000
arrive destination: True ,out of road:False   Total T: 615687 Episode Num: 1874 Episode T: 307 Reward: 409.281 Cost: 13.000
arrive destination: True ,out of road:False   Total T: 616063 Episode Num: 1875 Episode T: 376 Reward: 407.833 Cost: 19.000
arrive destination: True ,out of road:False   Total T: 616278 Episode Num: 1876 Episode T: 215 Reward: 242.982 Cost: 0.000
arrive destination: True ,out of road:False   Total T: 616489 Episode Num: 1877 Episode T: 211 Reward: 232.353 Cost: 0.000
arrive destination: True ,out of road:False   Total T: 616709 Episode Num: 1878 Episode T: 220 Reward: 275.484 Cost: 4.000
arrive destination: True ,out of road:False   Total T: 616908 Episode Num: 1879 Episode T: 199 Reward: 232.755 Cost: 2.000
arrive destination: True ,out of road:False   Total T: 617256 Episode Num: 1880 Episode T: 348 Reward: 336.128 Cost: 9.000
arrive destination: True ,out of road:False   Total T: 617541 Episode Num: 1881 Episode T: 285 Reward: 285.713 Cost: 21.000
arrive destination: True ,out of road:False   Total T: 617769 Episode Num: 1882 Episode T: 228 Reward: 273.608 Cost: 1.000
arrive destination: True ,out of road:False   Total T: 617960 Episode Num: 1883 Episode T: 191 Reward: 269.688 Cost: 0.000
arrive destination: True ,out of road:False   Total T: 618269 Episode Num: 1884 Episode T: 309 Reward: 271.091 Cost: 6.000
arrive destination: True ,out of road:False   Total T: 618526 Episode Num: 1885 Episode T: 257 Reward: 269.880 Cost: 15.000
arrive destination: False ,out of road:True   Total T: 618775 Episode Num: 1886 Episode T: 249 Reward: 220.356 Cost: 27.000
arrive destination: True ,out of road:False   Total T: 619240 Episode Num: 1887 Episode T: 465 Reward: 503.566 Cost: 15.000
arrive destination: True ,out of road:False   Total T: 619629 Episode Num: 1888 Episode T: 389 Reward: 399.573 Cost: 0.000
arrive destination: True ,out of road:False   Total T: 619844 Episode Num: 1889 Episode T: 215 Reward: 243.347 Cost: 0.000
---------------------------------------
Evaluation over 20 episodes: 0.750 Cost 15.850.             SafeRL used : use_qpsl
---------------------------------------
[34;1m
Time: 2026-06-30 00:22:58, Time spent from previous logger: 153.445 s[0m
[34;1mCustomLogger with fileds: ['total_steps', 'EpRet', 'EpCost', 'CostRate'][0m
[34;1mfieldvalues: [620000, 0.75, 15.85, 0.03579038030706501]
[0m
arrive destination: False ,out of road:True   Total T: 620289 Episode Num: 1890 Episode T: 445 Reward: 460.062 Cost: 15.000
arrive destination: False ,out of road:True   Total T: 620625 Episode Num: 1891 Episode T: 336 Reward: 261.823 Cost: 20.000
arrive destination: True ,out of road:False   Total T: 620874 Episode Num: 1892 Episode T: 249 Reward: 232.726 Cost: 4.000
arrive destination: True ,out of road:False   Total T: 621125 Episode Num: 1893 Episode T: 251 Reward: 295.454 Cost: 7.000
arrive destination: True ,out of road:False   Total T: 621364 Episode Num: 1894 Episode T: 239 Reward: 277.280 Cost: 0.000
arrive destination: True ,out of road:False   Total T: 621578 Episode Num: 1895 Episode T: 214 Reward: 245.814 Cost: 0.000
arrive destination: True ,out of road:False   Total T: 621951 Episode Num: 1896 Episode T: 373 Reward: 391.934 Cost: 28.000
arrive destination: True ,out of road:False   Total T: 622239 Episode Num: 1897 Episode T: 288 Reward: 352.472 Cost: 7.000
arrive destination: False ,out of road:True   Total T: 622349 Episode Num: 1898 Episode T: 110 Reward: 93.703 Cost: 2.000
arrive destination: True ,out of road:False   Total T: 622558 Episode Num: 1899 Episode T: 209 Reward: 269.899 Cost: 2.000
arrive destination: True ,out of road:False   Total T: 622965 Episode Num: 1900 Episode T: 407 Reward: 477.826 Cost: 5.000
arrive destination: True ,out of road:False   Total T: 623181 Episode Num: 1901 Episode T: 216 Reward: 243.474 Cost: 0.000
arrive destination: True ,out of road:False   Total T: 623615 Episode Num: 1902 Episode T: 434 Reward: 504.337 Cost: 27.000
arrive destination: True ,out of road:False   Total T: 623846 Episode Num: 1903 Episode T: 231 Reward: 271.124 Cost: 2.000
arrive destination: True ,out of road:False   Total T: 624070 Episode Num: 1904 Episode T: 224 Reward: 269.373 Cost: 2.000
arrive destination: True ,out of road:False   Total T: 624296 Episode Num: 1905 Episode T: 226 Reward: 269.078 Cost: 4.000
arrive destination: True ,out of road:False   Total T: 624511 Episode Num: 1906 Episode T: 215 Reward: 242.936 Cost: 0.000
arrive destination: False ,out of road:True   Total T: 624741 Episode Num: 1907 Episode T: 230 Reward: 233.531 Cost: 1.000
arrive destination: True ,out of road:False   Total T: 624978 Episode Num: 1908 Episode T: 237 Reward: 273.413 Cost: 0.000
arrive destination: True ,out of road:False   Total T: 625346 Episode Num: 1909 Episode T: 368 Reward: 380.816 Cost: 19.000
arrive destination: False ,out of road:True   Total T: 625548 Episode Num: 1910 Episode T: 202 Reward: 181.666 Cost: 7.000
arrive destination: False ,out of road:True   Total T: 625786 Episode Num: 1911 Episode T: 238 Reward: 224.471 Cost: 4.000
arrive destination: True ,out of road:False   Total T: 626171 Episode Num: 1912 Episode T: 385 Reward: 407.756 Cost: 5.000
arrive destination: True ,out of road:False   Total T: 626577 Episode Num: 1913 Episode T: 406 Reward: 508.230 Cost: 8.000
arrive destination: True ,out of road:False   Total T: 626875 Episode Num: 1914 Episode T: 298 Reward: 355.794 Cost: 4.000
arrive destination: True ,out of road:False   Total T: 627180 Episode Num: 1915 Episode T: 305 Reward: 285.593 Cost: 24.000
arrive destination: True ,out of road:False   Total T: 627394 Episode Num: 1916 Episode T: 214 Reward: 279.651 Cost: 1.000
arrive destination: True ,out of road:False   Total T: 627627 Episode Num: 1917 Episode T: 233 Reward: 295.720 Cost: 3.000
arrive destination: False ,out of road:True   Total T: 627815 Episode Num: 1918 Episode T: 188 Reward: 216.438 Cost: 4.000
arrive destination: True ,out of road:False   Total T: 628188 Episode Num: 1919 Episode T: 373 Reward: 373.790 Cost: 13.000
arrive destination: True ,out of road:False   Total T: 628492 Episode Num: 1920 Episode T: 304 Reward: 399.329 Cost: 8.000
arrive destination: True ,out of road:False   Total T: 628995 Episode Num: 1921 Episode T: 503 Reward: 418.587 Cost: 43.000
arrive destination: True ,out of road:False   Total T: 629265 Episode Num: 1922 Episode T: 270 Reward: 348.836 Cost: 5.000
arrive destination: False ,out of road:True   Total T: 629725 Episode Num: 1923 Episode T: 460 Reward: 473.005 Cost: 22.000
---------------------------------------
Evaluation over 20 episodes: 0.550 Cost 12.750.             SafeRL used : use_qpsl
---------------------------------------
[34;1m
Time: 2026-06-30 00:25:27, Time spent from previous logger: 149.188 s[0m
[34;1mCustomLogger with fileds: ['total_steps', 'EpRet', 'EpCost', 'CostRate'][0m
[34;1mfieldvalues: [630000, 0.55, 12.75, 0.03569529475443612]
[0m
arrive destination: False ,out of road:True   Total T: 630260 Episode Num: 1924 Episode T: 535 Reward: 529.456 Cost: 18.000
arrive destination: True ,out of road:False   Total T: 630654 Episode Num: 1925 Episode T: 394 Reward: 395.213 Cost: 0.000
arrive destination: True ,out of road:False   Total T: 630918 Episode Num: 1926 Episode T: 264 Reward: 266.313 Cost: 8.000
arrive destination: False ,out of road:False   Total T: 631918 Episode Num: 1927 Episode T: 1000 Reward: 345.224 Cost: 32.000
arrive destination: True ,out of road:False   Total T: 632263 Episode Num: 1928 Episode T: 345 Reward: 401.133 Cost: 0.000
arrive destination: True ,out of road:False   Total T: 632725 Episode Num: 1929 Episode T: 462 Reward: 413.626 Cost: 26.000
arrive destination: False ,out of road:True   Total T: 632883 Episode Num: 1930 Episode T: 158 Reward: 162.963 Cost: 5.000
arrive destination: True ,out of road:False   Total T: 633147 Episode Num: 1931 Episode T: 264 Reward: 286.086 Cost: 8.000
arrive destination: False ,out of road:True   Total T: 633261 Episode Num: 1932 Episode T: 114 Reward: 66.104 Cost: 14.000
arrive destination: True ,out of road:False   Total T: 633545 Episode Num: 1933 Episode T: 284 Reward: 335.193 Cost: 5.000
arrive destination: True ,out of road:False   Total T: 633820 Episode Num: 1934 Episode T: 275 Reward: 359.954 Cost: 13.000
arrive destination: True ,out of road:False   Total T: 634134 Episode Num: 1935 Episode T: 314 Reward: 400.902 Cost: 4.000
arrive destination: True ,out of road:False   Total T: 634426 Episode Num: 1936 Episode T: 292 Reward: 349.224 Cost: 12.000
arrive destination: True ,out of road:False   Total T: 634732 Episode Num: 1937 Episode T: 306 Reward: 370.928 Cost: 5.000
arrive destination: True ,out of road:False   Total T: 635245 Episode Num: 1938 Episode T: 513 Reward: 495.815 Cost: 23.000
arrive destination: True ,out of road:False   Total T: 635666 Episode Num: 1939 Episode T: 421 Reward: 478.504 Cost: 11.000
arrive destination: True ,out of road:False   Total T: 636100 Episode Num: 1940 Episode T: 434 Reward: 469.940 Cost: 22.000
arrive destination: True ,out of road:False   Total T: 636506 Episode Num: 1941 Episode T: 406 Reward: 502.167 Cost: 21.000
arrive destination: True ,out of road:False   Total T: 636863 Episode Num: 1942 Episode T: 357 Reward: 381.962 Cost: 6.000
arrive destination: True ,out of road:False   Total T: 637207 Episode Num: 1943 Episode T: 344 Reward: 363.833 Cost: 7.000
arrive destination: True ,out of road:False   Total T: 637504 Episode Num: 1944 Episode T: 297 Reward: 353.337 Cost: 9.000
arrive destination: False ,out of road:True   Total T: 637672 Episode Num: 1945 Episode T: 168 Reward: 160.226 Cost: 7.000
arrive destination: True ,out of road:False   Total T: 638002 Episode Num: 1946 Episode T: 330 Reward: 335.899 Cost: 8.000
arrive destination: False ,out of road:True   Total T: 638104 Episode Num: 1947 Episode T: 102 Reward: 87.105 Cost: 3.000
arrive destination: True ,out of road:False   Total T: 638362 Episode Num: 1948 Episode T: 258 Reward: 231.542 Cost: 17.000
arrive destination: True ,out of road:False   Total T: 638740 Episode Num: 1949 Episode T: 378 Reward: 381.870 Cost: 19.000
arrive destination: True ,out of road:False   Total T: 639217 Episode Num: 1950 Episode T: 477 Reward: 471.556 Cost: 26.000
arrive destination: False ,out of road:True   Total T: 639531 Episode Num: 1951 Episode T: 314 Reward: 297.113 Cost: 11.000
arrive destination: True ,out of road:False   Total T: 639759 Episode Num: 1952 Episode T: 228 Reward: 266.710 Cost: 1.000
---------------------------------------
Evaluation over 20 episodes: 0.700 Cost 14.700.             SafeRL used : use_qpsl
---------------------------------------
[34;1m
Time: 2026-06-30 00:28:05, Time spent from previous logger: 157.217 s[0m
[34;1mCustomLogger with fileds: ['total_steps', 'EpRet', 'EpCost', 'CostRate'][0m
[34;1mfieldvalues: [640000, 0.7, 14.7, 0.03567193073739178]
[0m
arrive destination: True ,out of road:False   Total T: 640218 Episode Num: 1953 Episode T: 459 Reward: 476.920 Cost: 20.000
arrive destination: True ,out of road:False   Total T: 640433 Episode Num: 1954 Episode T: 215 Reward: 245.693 Cost: 0.000
arrive destination: False ,out of road:True   Total T: 640860 Episode Num: 1955 Episode T: 427 Reward: 437.306 Cost: 23.000
arrive destination: True ,out of road:False   Total T: 641088 Episode Num: 1956 Episode T: 228 Reward: 230.482 Cost: 7.000
arrive destination: True ,out of road:False   Total T: 641309 Episode Num: 1957 Episode T: 221 Reward: 231.477 Cost: 0.000
arrive destination: True ,out of road:False   Total T: 641545 Episode Num: 1958 Episode T: 236 Reward: 270.911 Cost: 0.000
arrive destination: True ,out of road:False   Total T: 641949 Episode Num: 1959 Episode T: 404 Reward: 505.624 Cost: 12.000
arrive destination: True ,out of road:False   Total T: 642252 Episode Num: 1960 Episode T: 303 Reward: 352.287 Cost: 5.000
arrive destination: True ,out of road:False   Total T: 642525 Episode Num: 1961 Episode T: 273 Reward: 285.111 Cost: 3.000
arrive destination: True ,out of road:False   Total T: 643003 Episode Num: 1962 Episode T: 478 Reward: 396.338 Cost: 28.000
arrive destination: True ,out of road:False   Total T: 643240 Episode Num: 1963 Episode T: 237 Reward: 295.691 Cost: 10.000
arrive destination: False ,out of road:True   Total T: 643432 Episode Num: 1964 Episode T: 192 Reward: 219.063 Cost: 13.000
arrive destination: True ,out of road:False   Total T: 643776 Episode Num: 1965 Episode T: 344 Reward: 336.235 Cost: 24.000
arrive destination: True ,out of road:False   Total T: 644145 Episode Num: 1966 Episode T: 369 Reward: 381.300 Cost: 18.000
arrive destination: True ,out of road:False   Total T: 644433 Episode Num: 1967 Episode T: 288 Reward: 293.970 Cost: 8.000
arrive destination: True ,out of road:False   Total T: 645062 Episode Num: 1968 Episode T: 629 Reward: 506.935 Cost: 48.000
arrive destination: True ,out of road:False   Total T: 645403 Episode Num: 1969 Episode T: 341 Reward: 368.262 Cost: 12.000
arrive destination: True ,out of road:False   Total T: 645755 Episode Num: 1970 Episode T: 352 Reward: 399.971 Cost: 0.000
arrive destination: False ,out of road:True   Total T: 645886 Episode Num: 1971 Episode T: 131 Reward: 125.652 Cost: 10.000
arrive destination: True ,out of road:False   Total T: 646100 Episode Num: 1972 Episode T: 214 Reward: 245.463 Cost: 0.000
arrive destination: True ,out of road:False   Total T: 646367 Episode Num: 1973 Episode T: 267 Reward: 295.377 Cost: 14.000
arrive destination: True ,out of road:False   Total T: 646824 Episode Num: 1974 Episode T: 457 Reward: 476.939 Cost: 12.000
arrive destination: False ,out of road:True   Total T: 647064 Episode Num: 1975 Episode T: 240 Reward: 243.332 Cost: 13.000
arrive destination: True ,out of road:False   Total T: 647299 Episode Num: 1976 Episode T: 235 Reward: 285.250 Cost: 2.000
arrive destination: False ,out of road:True   Total T: 647681 Episode Num: 1977 Episode T: 382 Reward: 354.633 Cost: 24.000
arrive destination: True ,out of road:False   Total T: 647994 Episode Num: 1978 Episode T: 313 Reward: 294.342 Cost: 24.000
arrive destination: True ,out of road:False   Total T: 648268 Episode Num: 1979 Episode T: 274 Reward: 294.372 Cost: 11.000
arrive destination: True ,out of road:False   Total T: 648500 Episode Num: 1980 Episode T: 232 Reward: 273.906 Cost: 0.000
arrive destination: True ,out of road:False   Total T: 648696 Episode Num: 1981 Episode T: 196 Reward: 270.107 Cost: 0.000
arrive destination: True ,out of road:False   Total T: 648917 Episode Num: 1982 Episode T: 221 Reward: 232.466 Cost: 14.000
arrive destination: True ,out of road:False   Total T: 649319 Episode Num: 1983 Episode T: 402 Reward: 398.371 Cost: 28.000
arrive destination: True ,out of road:False   Total T: 649528 Episode Num: 1984 Episode T: 209 Reward: 269.676 Cost: 3.000
arrive destination: True ,out of road:False   Total T: 649913 Episode Num: 1985 Episode T: 385 Reward: 413.598 Cost: 6.000
---------------------------------------
Evaluation over 20 episodes: 0.850 Cost 12.450.             SafeRL used : use_qpsl
---------------------------------------
[34;1m
Time: 2026-06-30 00:30:39, Time spent from previous logger: 153.968 s[0m
[34;1mCustomLogger with fileds: ['total_steps', 'EpRet', 'EpCost', 'CostRate'][0m
[34;1mfieldvalues: [650000, 0.85, 12.45, 0.03570774724268807]
[0m
arrive destination: False ,out of road:True   Total T: 650383 Episode Num: 1986 Episode T: 470 Reward: 407.433 Cost: 23.000
arrive destination: True ,out of road:False   Total T: 650788 Episode Num: 1987 Episode T: 405 Reward: 418.364 Cost: 17.000
arrive destination: True ,out of road:False   Total T: 651041 Episode Num: 1988 Episode T: 253 Reward: 286.023 Cost: 5.000
arrive destination: True ,out of road:False   Total T: 651476 Episode Num: 1989 Episode T: 435 Reward: 477.274 Cost: 19.000
arrive destination: False ,out of road:True   Total T: 651887 Episode Num: 1990 Episode T: 411 Reward: 388.956 Cost: 37.000
arrive destination: True ,out of road:False   Total T: 652225 Episode Num: 1991 Episode T: 338 Reward: 371.374 Cost: 19.000
arrive destination: True ,out of road:False   Total T: 652434 Episode Num: 1992 Episode T: 209 Reward: 269.347 Cost: 1.000
arrive destination: True ,out of road:False   Total T: 652666 Episode Num: 1993 Episode T: 232 Reward: 241.720 Cost: 9.000
arrive destination: False ,out of road:True   Total T: 652808 Episode Num: 1994 Episode T: 142 Reward: 127.689 Cost: 9.000
arrive destination: True ,out of road:False   Total T: 653137 Episode Num: 1995 Episode T: 329 Reward: 398.975 Cost: 3.000
arrive destination: True ,out of road:False   Total T: 653382 Episode Num: 1996 Episode T: 245 Reward: 296.173 Cost: 6.000
arrive destination: False ,out of road:True   Total T: 653806 Episode Num: 1997 Episode T: 424 Reward: 436.500 Cost: 21.000
arrive destination: True ,out of road:False   Total T: 654226 Episode Num: 1998 Episode T: 420 Reward: 400.972 Cost: 11.000
arrive destination: False ,out of road:True   Total T: 654482 Episode Num: 1999 Episode T: 256 Reward: 227.801 Cost: 10.000
arrive destination: True ,out of road:False   Total T: 654974 Episode Num: 2000 Episode T: 492 Reward: 423.861 Cost: 36.000
arrive destination: True ,out of road:False   Total T: 655302 Episode Num: 2001 Episode T: 328 Reward: 410.272 Cost: 5.000
arrive destination: True ,out of road:False   Total T: 655646 Episode Num: 2002 Episode T: 344 Reward: 335.643 Cost: 20.000
arrive destination: True ,out of road:False   Total T: 655932 Episode Num: 2003 Episode T: 286 Reward: 353.096 Cost: 3.000
arrive destination: True ,out of road:False   Total T: 656316 Episode Num: 2004 Episode T: 384 Reward: 411.612 Cost: 21.000
arrive destination: False ,out of road:True   Total T: 656431 Episode Num: 2005 Episode T: 115 Reward: 89.653 Cost: 1.000
arrive destination: True ,out of road:False   Total T: 656775 Episode Num: 2006 Episode T: 344 Reward: 370.813 Cost: 13.000
arrive destination: True ,out of road:False   Total T: 657169 Episode Num: 2007 Episode T: 394 Reward: 400.898 Cost: 16.000
arrive destination: False ,out of road:True   Total T: 657479 Episode Num: 2008 Episode T: 310 Reward: 255.724 Cost: 7.000
arrive destination: True ,out of road:False   Total T: 657851 Episode Num: 2009 Episode T: 372 Reward: 415.557 Cost: 2.000
arrive destination: True ,out of road:False   Total T: 658363 Episode Num: 2010 Episode T: 512 Reward: 426.244 Cost: 50.000
arrive destination: True ,out of road:False   Total T: 658676 Episode Num: 2011 Episode T: 313 Reward: 400.137 Cost: 5.000
arrive destination: False ,out of road:True   Total T: 658933 Episode Num: 2012 Episode T: 257 Reward: 204.439 Cost: 7.000
arrive destination: True ,out of road:False   Total T: 659326 Episode Num: 2013 Episode T: 393 Reward: 380.412 Cost: 23.000
arrive destination: False ,out of road:True   Total T: 659639 Episode Num: 2014 Episode T: 313 Reward: 319.788 Cost: 27.000
arrive destination: True ,out of road:False   Total T: 659988 Episode Num: 2015 Episode T: 349 Reward: 335.770 Cost: 8.000
---------------------------------------
Evaluation over 20 episodes: 0.700 Cost 15.150.             SafeRL used : use_qpsl
---------------------------------------
[34;1m
Time: 2026-06-30 00:33:16, Time spent from previous logger: 157.263 s[0m
[34;1mCustomLogger with fileds: ['total_steps', 'EpRet', 'EpCost', 'CostRate'][0m
[34;1mfieldvalues: [660000, 0.7, 15.15, 0.035824296703479856]
[0m
arrive destination: False ,out of road:True   Total T: 660163 Episode Num: 2016 Episode T: 175 Reward: 184.928 Cost: 1.000
arrive destination: True ,out of road:False   Total T: 660393 Episode Num: 2017 Episode T: 230 Reward: 274.565 Cost: 5.000
arrive destination: True ,out of road:False   Total T: 660697 Episode Num: 2018 Episode T: 304 Reward: 267.798 Cost: 10.000
arrive destination: True ,out of road:False   Total T: 661004 Episode Num: 2019 Episode T: 307 Reward: 370.483 Cost: 5.000
arrive destination: True ,out of road:False   Total T: 661352 Episode Num: 2020 Episode T: 348 Reward: 400.276 Cost: 3.000
arrive destination: True ,out of road:False   Total T: 661543 Episode Num: 2021 Episode T: 191 Reward: 269.897 Cost: 0.000
arrive destination: True ,out of road:False   Total T: 661783 Episode Num: 2022 Episode T: 240 Reward: 285.159 Cost: 3.000
arrive destination: True ,out of road:False   Total T: 662140 Episode Num: 2023 Episode T: 357 Reward: 381.412 Cost: 22.000
arrive destination: True ,out of road:False   Total T: 662360 Episode Num: 2024 Episode T: 220 Reward: 269.301 Cost: 0.000
arrive destination: False ,out of road:True   Total T: 662510 Episode Num: 2025 Episode T: 150 Reward: 140.442 Cost: 1.000
arrive destination: True ,out of road:False   Total T: 662736 Episode Num: 2026 Episode T: 226 Reward: 231.327 Cost: 4.000
arrive destination: True ,out of road:False   Total T: 663209 Episode Num: 2027 Episode T: 473 Reward: 492.786 Cost: 13.000
arrive destination: True ,out of road:False   Total T: 663420 Episode Num: 2028 Episode T: 211 Reward: 246.623 Cost: 0.000
arrive destination: True ,out of road:False   Total T: 663860 Episode Num: 2029 Episode T: 440 Reward: 470.647 Cost: 8.000
arrive destination: True ,out of road:False   Total T: 664091 Episode Num: 2030 Episode T: 231 Reward: 282.655 Cost: 3.000
arrive destination: True ,out of road:False   Total T: 664326 Episode Num: 2031 Episode T: 235 Reward: 269.649 Cost: 2.000
arrive destination: True ,out of road:False   Total T: 664801 Episode Num: 2032 Episode T: 475 Reward: 336.351 Cost: 16.000
arrive destination: True ,out of road:False   Total T: 665144 Episode Num: 2033 Episode T: 343 Reward: 371.656 Cost: 5.000
arrive destination: True ,out of road:False   Total T: 665354 Episode Num: 2034 Episode T: 210 Reward: 245.395 Cost: 0.000
arrive destination: True ,out of road:False   Total T: 665835 Episode Num: 2035 Episode T: 481 Reward: 470.275 Cost: 17.000
arrive destination: False ,out of road:True   Total T: 666032 Episode Num: 2036 Episode T: 197 Reward: 223.118 Cost: 11.000
arrive destination: True ,out of road:False   Total T: 666571 Episode Num: 2037 Episode T: 539 Reward: 493.033 Cost: 40.000
arrive destination: False ,out of road:True   Total T: 666686 Episode Num: 2038 Episode T: 115 Reward: 92.475 Cost: 1.000
arrive destination: True ,out of road:False   Total T: 666978 Episode Num: 2039 Episode T: 292 Reward: 294.402 Cost: 23.000
arrive destination: False ,out of road:True   Total T: 667092 Episode Num: 2040 Episode T: 114 Reward: 96.747 Cost: 4.000
arrive destination: False ,out of road:True   Total T: 667327 Episode Num: 2041 Episode T: 235 Reward: 222.799 Cost: 15.000
arrive destination: True ,out of road:False   Total T: 667862 Episode Num: 2042 Episode T: 535 Reward: 381.737 Cost: 38.000
arrive destination: True ,out of road:False   Total T: 668128 Episode Num: 2043 Episode T: 266 Reward: 315.038 Cost: 7.000
arrive destination: True ,out of road:False   Total T: 668472 Episode Num: 2044 Episode T: 344 Reward: 398.999 Cost: 0.000
arrive destination: True ,out of road:False   Total T: 668743 Episode Num: 2045 Episode T: 271 Reward: 284.472 Cost: 5.000
arrive destination: True ,out of road:False   Total T: 669176 Episode Num: 2046 Episode T: 433 Reward: 474.937 Cost: 11.000
arrive destination: True ,out of road:False   Total T: 669411 Episode Num: 2047 Episode T: 235 Reward: 231.296 Cost: 8.000
arrive destination: False ,out of road:True   Total T: 669934 Episode Num: 2048 Episode T: 523 Reward: 399.015 Cost: 41.000
---------------------------------------
Evaluation over 20 episodes: 0.900 Cost 17.550.             SafeRL used : use_qpsl
---------------------------------------
[34;1m
Time: 2026-06-30 00:35:48, Time spent from previous logger: 152.319 s[0m
[34;1mCustomLogger with fileds: ['total_steps', 'EpRet', 'EpCost', 'CostRate'][0m
[34;1mfieldvalues: [670000, 0.9, 17.55, 0.0357702026420935]
[0m
arrive destination: True ,out of road:False   Total T: 670416 Episode Num: 2049 Episode T: 482 Reward: 453.493 Cost: 19.000
arrive destination: True ,out of road:False   Total T: 670642 Episode Num: 2050 Episode T: 226 Reward: 269.611 Cost: 8.000
arrive destination: True ,out of road:False   Total T: 671051 Episode Num: 2051 Episode T: 409 Reward: 375.875 Cost: 22.000
arrive destination: True ,out of road:False   Total T: 671395 Episode Num: 2052 Episode T: 344 Reward: 370.156 Cost: 15.000
arrive destination: True ,out of road:False   Total T: 671788 Episode Num: 2053 Episode T: 393 Reward: 504.225 Cost: 5.000
arrive destination: True ,out of road:False   Total T: 671978 Episode Num: 2054 Episode T: 190 Reward: 269.232 Cost: 0.000
arrive destination: True ,out of road:False   Total T: 672272 Episode Num: 2055 Episode T: 294 Reward: 266.441 Cost: 21.000
arrive destination: True ,out of road:False   Total T: 672495 Episode Num: 2056 Episode T: 223 Reward: 295.320 Cost: 2.000
arrive destination: True ,out of road:False   Total T: 672690 Episode Num: 2057 Episode T: 195 Reward: 269.778 Cost: 0.000
arrive destination: True ,out of road:False   Total T: 672890 Episode Num: 2058 Episode T: 200 Reward: 269.319 Cost: 0.000
arrive destination: True ,out of road:False   Total T: 673119 Episode Num: 2059 Episode T: 229 Reward: 271.958 Cost: 0.000
arrive destination: True ,out of road:False   Total T: 673435 Episode Num: 2060 Episode T: 316 Reward: 294.521 Cost: 17.000
arrive destination: True ,out of road:False   Total T: 673721 Episode Num: 2061 Episode T: 286 Reward: 335.085 Cost: 16.000
arrive destination: True ,out of road:False   Total T: 674101 Episode Num: 2062 Episode T: 380 Reward: 415.061 Cost: 10.000
arrive destination: True ,out of road:False   Total T: 674384 Episode Num: 2063 Episode T: 283 Reward: 354.325 Cost: 3.000
arrive destination: True ,out of road:False   Total T: 674729 Episode Num: 2064 Episode T: 345 Reward: 398.996 Cost: 0.000
arrive destination: True ,out of road:False   Total T: 674960 Episode Num: 2065 Episode T: 231 Reward: 269.280 Cost: 1.000
arrive destination: True ,out of road:False   Total T: 675347 Episode Num: 2066 Episode T: 387 Reward: 506.445 Cost: 3.000
arrive destination: True ,out of road:False   Total T: 675825 Episode Num: 2067 Episode T: 478 Reward: 490.372 Cost: 42.000
arrive destination: True ,out of road:False   Total T: 676070 Episode Num: 2068 Episode T: 245 Reward: 295.927 Cost: 14.000
arrive destination: False ,out of road:True   Total T: 676359 Episode Num: 2069 Episode T: 289 Reward: 258.670 Cost: 16.000
arrive destination: True ,out of road:False   Total T: 676691 Episode Num: 2070 Episode T: 332 Reward: 368.066 Cost: 20.000
arrive destination: True ,out of road:False   Total T: 677019 Episode Num: 2071 Episode T: 328 Reward: 399.155 Cost: 1.000
arrive destination: False ,out of road:True   Total T: 677201 Episode Num: 2072 Episode T: 182 Reward: 191.653 Cost: 4.000
arrive destination: True ,out of road:False   Total T: 677469 Episode Num: 2073 Episode T: 268 Reward: 350.977 Cost: 2.000
arrive destination: True ,out of road:False   Total T: 677816 Episode Num: 2074 Episode T: 347 Reward: 294.221 Cost: 55.000
arrive destination: True ,out of road:False   Total T: 678038 Episode Num: 2075 Episode T: 222 Reward: 266.309 Cost: 3.000
arrive destination: True ,out of road:False   Total T: 678394 Episode Num: 2076 Episode T: 356 Reward: 400.179 Cost: 13.000
arrive destination: True ,out of road:False   Total T: 678764 Episode Num: 2077 Episode T: 370 Reward: 336.093 Cost: 28.000
arrive destination: True ,out of road:False   Total T: 679038 Episode Num: 2078 Episode T: 274 Reward: 349.837 Cost: 8.000
arrive destination: True ,out of road:False   Total T: 679305 Episode Num: 2079 Episode T: 267 Reward: 284.077 Cost: 3.000
arrive destination: True ,out of road:False   Total T: 679824 Episode Num: 2080 Episode T: 519 Reward: 492.403 Cost: 29.000
---------------------------------------
Evaluation over 20 episodes: 0.650 Cost 9.850.             SafeRL used : use_qpsl
---------------------------------------
[34;1m
Time: 2026-06-30 00:38:22, Time spent from previous logger: 153.842 s[0m
[34;1mCustomLogger with fileds: ['total_steps', 'EpRet', 'EpCost', 'CostRate'][0m
[34;1mfieldvalues: [680000, 0.65, 9.85, 0.03580887618952381]
[0m
arrive destination: True ,out of road:False   Total T: 680436 Episode Num: 2081 Episode T: 612 Reward: 636.617 Cost: 9.000
arrive destination: False ,out of road:True   Total T: 680710 Episode Num: 2082 Episode T: 274 Reward: 227.259 Cost: 15.000
arrive destination: True ,out of road:False   Total T: 681016 Episode Num: 2083 Episode T: 306 Reward: 348.284 Cost: 4.000
arrive destination: True ,out of road:False   Total T: 681368 Episode Num: 2084 Episode T: 352 Reward: 397.104 Cost: 0.000
arrive destination: False ,out of road:True   Total T: 681773 Episode Num: 2085 Episode T: 405 Reward: 296.933 Cost: 28.000
arrive destination: True ,out of road:False   Total T: 681975 Episode Num: 2086 Episode T: 202 Reward: 269.636 Cost: 6.000
arrive destination: False ,out of road:True   Total T: 682146 Episode Num: 2087 Episode T: 171 Reward: 161.912 Cost: 8.000
arrive destination: True ,out of road:False   Total T: 682510 Episode Num: 2088 Episode T: 364 Reward: 374.839 Cost: 15.000
arrive destination: True ,out of road:False   Total T: 682932 Episode Num: 2089 Episode T: 422 Reward: 382.149 Cost: 22.000
arrive destination: True ,out of road:False   Total T: 683305 Episode Num: 2090 Episode T: 373 Reward: 415.997 Cost: 9.000
arrive destination: True ,out of road:False   Total T: 683528 Episode Num: 2091 Episode T: 223 Reward: 267.414 Cost: 1.000
arrive destination: True ,out of road:False   Total T: 683928 Episode Num: 2092 Episode T: 400 Reward: 504.713 Cost: 19.000
arrive destination: False ,out of road:True   Total T: 684014 Episode Num: 2093 Episode T: 86 Reward: 58.310 Cost: 1.000
arrive destination: False ,out of road:True   Total T: 684379 Episode Num: 2094 Episode T: 365 Reward: 415.902 Cost: 13.000
arrive destination: True ,out of road:False   Total T: 684607 Episode Num: 2095 Episode T: 228 Reward: 272.923 Cost: 0.000
arrive destination: True ,out of road:False   Total T: 684856 Episode Num: 2096 Episode T: 249 Reward: 230.604 Cost: 12.000
arrive destination: True ,out of road:False   Total T: 685067 Episode Num: 2097 Episode T: 211 Reward: 269.233 Cost: 2.000
arrive destination: True ,out of road:False   Total T: 685487 Episode Num: 2098 Episode T: 420 Reward: 381.285 Cost: 23.000
arrive destination: True ,out of road:False   Total T: 685825 Episode Num: 2099 Episode T: 338 Reward: 395.518 Cost: 0.000
arrive destination: True ,out of road:False   Total T: 686035 Episode Num: 2100 Episode T: 210 Reward: 231.095 Cost: 7.000
arrive destination: True ,out of road:False   Total T: 686380 Episode Num: 2101 Episode T: 345 Reward: 403.297 Cost: 0.000
arrive destination: True ,out of road:False   Total T: 686680 Episode Num: 2102 Episode T: 300 Reward: 401.611 Cost: 11.000
arrive destination: True ,out of road:False   Total T: 687136 Episode Num: 2103 Episode T: 456 Reward: 380.797 Cost: 33.000
arrive destination: False ,out of road:True   Total T: 687311 Episode Num: 2104 Episode T: 175 Reward: 209.384 Cost: 5.000
arrive destination: False ,out of road:True   Total T: 687411 Episode Num: 2105 Episode T: 100 Reward: 95.427 Cost: 1.000
arrive destination: True ,out of road:False   Total T: 687813 Episode Num: 2106 Episode T: 402 Reward: 414.755 Cost: 25.000
arrive destination: False ,out of road:True   Total T: 688153 Episode Num: 2107 Episode T: 340 Reward: 347.019 Cost: 28.000
arrive destination: True ,out of road:False   Total T: 688510 Episode Num: 2108 Episode T: 357 Reward: 414.745 Cost: 14.000
arrive destination: False ,out of road:True   Total T: 688626 Episode Num: 2109 Episode T: 116 Reward: 121.208 Cost: 1.000
arrive destination: True ,out of road:False   Total T: 688975 Episode Num: 2110 Episode T: 349 Reward: 504.250 Cost: 1.000
arrive destination: False ,out of road:True   Total T: 689083 Episode Num: 2111 Episode T: 108 Reward: 99.793 Cost: 1.000
arrive destination: True ,out of road:False   Total T: 689316 Episode Num: 2112 Episode T: 233 Reward: 231.752 Cost: 6.000
arrive destination: True ,out of road:False   Total T: 689760 Episode Num: 2113 Episode T: 444 Reward: 412.484 Cost: 25.000
arrive destination: True ,out of road:False   Total T: 689987 Episode Num: 2114 Episode T: 227 Reward: 284.629 Cost: 0.000
---------------------------------------
Evaluation over 20 episodes: 0.700 Cost 8.050.             SafeRL used : use_qpsl
---------------------------------------
[34;1m
Time: 2026-06-30 00:40:51, Time spent from previous logger: 148.534 s[0m
[34;1mCustomLogger with fileds: ['total_steps', 'EpRet', 'EpCost', 'CostRate'][0m
[34;1mfieldvalues: [690000, 0.7, 8.05, 0.035784109832043234]
[0m
arrive destination: False ,out of road:True   Total T: 690229 Episode Num: 2115 Episode T: 242 Reward: 212.607 Cost: 16.000
arrive destination: True ,out of road:False   Total T: 690620 Episode Num: 2116 Episode T: 391 Reward: 415.255 Cost: 8.000
arrive destination: True ,out of road:False   Total T: 690901 Episode Num: 2117 Episode T: 281 Reward: 283.742 Cost: 20.000
arrive destination: True ,out of road:False   Total T: 691355 Episode Num: 2118 Episode T: 454 Reward: 335.895 Cost: 29.000
arrive destination: True ,out of road:False   Total T: 691577 Episode Num: 2119 Episode T: 222 Reward: 267.033 Cost: 2.000
arrive destination: True ,out of road:False   Total T: 691780 Episode Num: 2120 Episode T: 203 Reward: 242.137 Cost: 0.000
arrive destination: True ,out of road:False   Total T: 692157 Episode Num: 2121 Episode T: 377 Reward: 335.804 Cost: 21.000
arrive destination: False ,out of road:True   Total T: 692377 Episode Num: 2122 Episode T: 220 Reward: 193.597 Cost: 12.000
arrive destination: True ,out of road:False   Total T: 692606 Episode Num: 2123 Episode T: 229 Reward: 285.451 Cost: 0.000
arrive destination: True ,out of road:False   Total T: 692904 Episode Num: 2124 Episode T: 298 Reward: 294.425 Cost: 11.000
arrive destination: True ,out of road:False   Total T: 693125 Episode Num: 2125 Episode T: 221 Reward: 295.976 Cost: 4.000
arrive destination: True ,out of road:False   Total T: 693420 Episode Num: 2126 Episode T: 295 Reward: 351.227 Cost: 15.000
arrive destination: True ,out of road:False   Total T: 693624 Episode Num: 2127 Episode T: 204 Reward: 269.783 Cost: 1.000
arrive destination: True ,out of road:False   Total T: 694123 Episode Num: 2128 Episode T: 499 Reward: 491.024 Cost: 24.000
arrive destination: False ,out of road:False   Total T: 695123 Episode Num: 2129 Episode T: 1000 Reward: 320.069 Cost: 43.000
arrive destination: True ,out of road:False   Total T: 695452 Episode Num: 2130 Episode T: 329 Reward: 345.059 Cost: 22.000
arrive destination: True ,out of road:False   Total T: 695865 Episode Num: 2131 Episode T: 413 Reward: 511.955 Cost: 26.000
arrive destination: True ,out of road:False   Total T: 696235 Episode Num: 2132 Episode T: 370 Reward: 408.614 Cost: 20.000
arrive destination: False ,out of road:True   Total T: 696626 Episode Num: 2133 Episode T: 391 Reward: 362.442 Cost: 29.000
arrive destination: True ,out of road:False   Total T: 697103 Episode Num: 2134 Episode T: 477 Reward: 474.947 Cost: 25.000
arrive destination: True ,out of road:False   Total T: 697432 Episode Num: 2135 Episode T: 329 Reward: 345.768 Cost: 18.000
arrive destination: True ,out of road:False   Total T: 697828 Episode Num: 2136 Episode T: 396 Reward: 505.283 Cost: 12.000
arrive destination: True ,out of road:False   Total T: 698119 Episode Num: 2137 Episode T: 291 Reward: 354.113 Cost: 3.000
arrive destination: True ,out of road:False   Total T: 698363 Episode Num: 2138 Episode T: 244 Reward: 296.029 Cost: 8.000
arrive destination: True ,out of road:False   Total T: 698660 Episode Num: 2139 Episode T: 297 Reward: 294.420 Cost: 16.000
arrive destination: False ,out of road:True   Total T: 698868 Episode Num: 2140 Episode T: 208 Reward: 206.156 Cost: 18.000
arrive destination: True ,out of road:False   Total T: 699101 Episode Num: 2141 Episode T: 233 Reward: 271.856 Cost: 0.000
arrive destination: True ,out of road:False   Total T: 699330 Episode Num: 2142 Episode T: 229 Reward: 267.496 Cost: 2.000
arrive destination: False ,out of road:True   Total T: 699744 Episode Num: 2143 Episode T: 414 Reward: 445.339 Cost: 20.000
arrive destination: True ,out of road:False   Total T: 699964 Episode Num: 2144 Episode T: 220 Reward: 284.341 Cost: 1.000
---------------------------------------
Evaluation over 20 episodes: 0.600 Cost 14.750.             SafeRL used : use_qpsl
---------------------------------------
[34;1m
Time: 2026-06-30 00:43:20, Time spent from previous logger: 149.087 s[0m
[34;1mCustomLogger with fileds: ['total_steps', 'EpRet', 'EpCost', 'CostRate'][0m
[34;1mfieldvalues: [700000, 0.6, 14.75, 0.03588147983068547]
[0m
arrive destination: True ,out of road:False   Total T: 700196 Episode Num: 2145 Episode T: 232 Reward: 262.408 Cost: 4.000
arrive destination: True ,out of road:False   Total T: 700568 Episode Num: 2146 Episode T: 372 Reward: 506.969 Cost: 0.000
arrive destination: True ,out of road:False   Total T: 700959 Episode Num: 2147 Episode T: 391 Reward: 506.304 Cost: 12.000
arrive destination: True ,out of road:False   Total T: 701251 Episode Num: 2148 Episode T: 292 Reward: 367.349 Cost: 6.000
arrive destination: True ,out of road:False   Total T: 701544 Episode Num: 2149 Episode T: 293 Reward: 347.873 Cost: 7.000
arrive destination: True ,out of road:False   Total T: 701768 Episode Num: 2150 Episode T: 224 Reward: 270.650 Cost: 4.000
arrive destination: True ,out of road:False   Total T: 702175 Episode Num: 2151 Episode T: 407 Reward: 505.573 Cost: 14.000
arrive destination: False ,out of road:True   Total T: 702540 Episode Num: 2152 Episode T: 365 Reward: 377.975 Cost: 12.000
arrive destination: False ,out of road:True   Total T: 702691 Episode Num: 2153 Episode T: 151 Reward: 152.686 Cost: 9.000
arrive destination: True ,out of road:False   Total T: 703159 Episode Num: 2154 Episode T: 468 Reward: 469.509 Cost: 22.000
arrive destination: True ,out of road:False   Total T: 703468 Episode Num: 2155 Episode T: 309 Reward: 372.951 Cost: 4.000
arrive destination: True ,out of road:False   Total T: 703789 Episode Num: 2156 Episode T: 321 Reward: 336.209 Cost: 18.000
arrive destination: True ,out of road:False   Total T: 704157 Episode Num: 2157 Episode T: 368 Reward: 294.546 Cost: 30.000
arrive destination: True ,out of road:False   Total T: 704539 Episode Num: 2158 Episode T: 382 Reward: 335.379 Cost: 27.000
arrive destination: True ,out of road:False   Total T: 704940 Episode Num: 2159 Episode T: 401 Reward: 335.576 Cost: 21.000
arrive destination: True ,out of road:False   Total T: 705394 Episode Num: 2160 Episode T: 454 Reward: 396.850 Cost: 28.000
arrive destination: True ,out of road:False   Total T: 705618 Episode Num: 2161 Episode T: 224 Reward: 266.675 Cost: 0.000
arrive destination: True ,out of road:False   Total T: 705958 Episode Num: 2162 Episode T: 340 Reward: 399.466 Cost: 13.000
arrive destination: True ,out of road:False   Total T: 706156 Episode Num: 2163 Episode T: 198 Reward: 232.159 Cost: 4.000
arrive destination: True ,out of road:False   Total T: 706356 Episode Num: 2164 Episode T: 200 Reward: 240.775 Cost: 0.000
arrive destination: True ,out of road:False   Total T: 706589 Episode Num: 2165 Episode T: 233 Reward: 274.046 Cost: 2.000
arrive destination: False ,out of road:True   Total T: 706866 Episode Num: 2166 Episode T: 277 Reward: 199.874 Cost: 17.000
arrive destination: True ,out of road:False   Total T: 707099 Episode Num: 2167 Episode T: 233 Reward: 230.026 Cost: 15.000
arrive destination: True ,out of road:False   Total T: 707438 Episode Num: 2168 Episode T: 339 Reward: 375.254 Cost: 15.000
arrive destination: True ,out of road:False   Total T: 707663 Episode Num: 2169 Episode T: 225 Reward: 295.702 Cost: 1.000
arrive destination: False ,out of road:True   Total T: 707903 Episode Num: 2170 Episode T: 240 Reward: 258.481 Cost: 15.000
arrive destination: True ,out of road:False   Total T: 708127 Episode Num: 2171 Episode T: 224 Reward: 266.987 Cost: 3.000
arrive destination: True ,out of road:False   Total T: 708469 Episode Num: 2172 Episode T: 342 Reward: 335.810 Cost: 10.000
arrive destination: True ,out of road:False   Total T: 708811 Episode Num: 2173 Episode T: 342 Reward: 335.502 Cost: 11.000
arrive destination: True ,out of road:False   Total T: 709248 Episode Num: 2174 Episode T: 437 Reward: 369.125 Cost: 21.000
arrive destination: True ,out of road:False   Total T: 709516 Episode Num: 2175 Episode T: 268 Reward: 269.423 Cost: 6.000
arrive destination: False ,out of road:True   Total T: 709835 Episode Num: 2176 Episode T: 319 Reward: 357.197 Cost: 13.000
---------------------------------------
Evaluation over 20 episodes: 0.750 Cost 9.050.             SafeRL used : use_qpsl
---------------------------------------
[34;1m
Time: 2026-06-30 00:45:50, Time spent from previous logger: 150.384 s[0m
[34;1mCustomLogger with fileds: ['total_steps', 'EpRet', 'EpCost', 'CostRate'][0m
[34;1mfieldvalues: [710000, 0.75, 9.05, 0.035888782941947805]
[0m
arrive destination: True ,out of road:False   Total T: 710228 Episode Num: 2177 Episode T: 393 Reward: 416.543 Cost: 11.000
arrive destination: True ,out of road:False   Total T: 710692 Episode Num: 2178 Episode T: 464 Reward: 336.396 Cost: 23.000
arrive destination: True ,out of road:False   Total T: 711030 Episode Num: 2179 Episode T: 338 Reward: 393.792 Cost: 0.000
arrive destination: True ,out of road:False   Total T: 711259 Episode Num: 2180 Episode T: 229 Reward: 273.306 Cost: 0.000
arrive destination: True ,out of road:False   Total T: 711692 Episode Num: 2181 Episode T: 433 Reward: 473.245 Cost: 15.000
arrive destination: True ,out of road:False   Total T: 712072 Episode Num: 2182 Episode T: 380 Reward: 382.097 Cost: 26.000
arrive destination: True ,out of road:False   Total T: 712450 Episode Num: 2183 Episode T: 378 Reward: 335.914 Cost: 36.000
arrive destination: True ,out of road:False   Total T: 712815 Episode Num: 2184 Episode T: 365 Reward: 380.463 Cost: 11.000
arrive destination: True ,out of road:False   Total T: 713189 Episode Num: 2185 Episode T: 374 Reward: 403.654 Cost: 3.000
arrive destination: False ,out of road:True   Total T: 713457 Episode Num: 2186 Episode T: 268 Reward: 297.894 Cost: 10.000
arrive destination: True ,out of road:False   Total T: 713796 Episode Num: 2187 Episode T: 339 Reward: 398.734 Cost: 5.000
arrive destination: True ,out of road:False   Total T: 713990 Episode Num: 2188 Episode T: 194 Reward: 240.526 Cost: 3.000
arrive destination: False ,out of road:True   Total T: 714275 Episode Num: 2189 Episode T: 285 Reward: 316.543 Cost: 8.000
arrive destination: False ,out of road:True   Total T: 714700 Episode Num: 2190 Episode T: 425 Reward: 388.579 Cost: 23.000
arrive destination: True ,out of road:False   Total T: 714909 Episode Num: 2191 Episode T: 209 Reward: 242.322 Cost: 0.000
arrive destination: False ,out of road:True   Total T: 715069 Episode Num: 2192 Episode T: 160 Reward: 168.477 Cost: 2.000
arrive destination: True ,out of road:False   Total T: 715274 Episode Num: 2193 Episode T: 205 Reward: 243.677 Cost: 0.000
arrive destination: True ,out of road:False   Total T: 715512 Episode Num: 2194 Episode T: 238 Reward: 295.318 Cost: 4.000
arrive destination: True ,out of road:False   Total T: 715869 Episode Num: 2195 Episode T: 357 Reward: 377.970 Cost: 8.000
arrive destination: True ,out of road:False   Total T: 716182 Episode Num: 2196 Episode T: 313 Reward: 268.807 Cost: 19.000
arrive destination: True ,out of road:False   Total T: 716561 Episode Num: 2197 Episode T: 379 Reward: 503.340 Cost: 11.000
arrive destination: True ,out of road:False   Total T: 716810 Episode Num: 2198 Episode T: 249 Reward: 229.779 Cost: 9.000
arrive destination: True ,out of road:False   Total T: 717082 Episode Num: 2199 Episode T: 272 Reward: 335.702 Cost: 1.000
arrive destination: True ,out of road:False   Total T: 717294 Episode Num: 2200 Episode T: 212 Reward: 230.657 Cost: 10.000
arrive destination: True ,out of road:False   Total T: 717557 Episode Num: 2201 Episode T: 263 Reward: 266.721 Cost: 13.000
arrive destination: True ,out of road:False   Total T: 717783 Episode Num: 2202 Episode T: 226 Reward: 269.099 Cost: 2.000
arrive destination: True ,out of road:False   Total T: 718009 Episode Num: 2203 Episode T: 226 Reward: 284.986 Cost: 3.000
arrive destination: True ,out of road:False   Total T: 718362 Episode Num: 2204 Episode T: 353 Reward: 404.253 Cost: 1.000
arrive destination: True ,out of road:False   Total T: 718816 Episode Num: 2205 Episode T: 454 Reward: 499.600 Cost: 27.000
arrive destination: True ,out of road:False   Total T: 719292 Episode Num: 2206 Episode T: 476 Reward: 410.929 Cost: 29.000
arrive destination: False ,out of road:True   Total T: 719402 Episode Num: 2207 Episode T: 110 Reward: 94.083 Cost: 6.000
arrive destination: False ,out of road:True   Total T: 719711 Episode Num: 2208 Episode T: 309 Reward: 348.426 Cost: 14.000
---------------------------------------
Evaluation over 20 episodes: 0.500 Cost 8.600.             SafeRL used : use_qpsl
---------------------------------------
[34;1m
Time: 2026-06-30 00:48:14, Time spent from previous logger: 143.504 s[0m
[34;1mCustomLogger with fileds: ['total_steps', 'EpRet', 'EpCost', 'CostRate'][0m
[34;1mfieldvalues: [720000, 0.5, 8.6, 0.03586116091827905]
[0m
arrive destination: False ,out of road:True   Total T: 720177 Episode Num: 2209 Episode T: 466 Reward: 581.200 Cost: 7.000
arrive destination: True ,out of road:False   Total T: 720439 Episode Num: 2210 Episode T: 262 Reward: 268.992 Cost: 17.000
arrive destination: True ,out of road:False   Total T: 720639 Episode Num: 2211 Episode T: 200 Reward: 241.255 Cost: 0.000
arrive destination: True ,out of road:False   Total T: 720878 Episode Num: 2212 Episode T: 239 Reward: 295.610 Cost: 4.000
arrive destination: True ,out of road:False   Total T: 721081 Episode Num: 2213 Episode T: 203 Reward: 242.136 Cost: 0.000
arrive destination: True ,out of road:False   Total T: 721304 Episode Num: 2214 Episode T: 223 Reward: 284.603 Cost: 2.000
arrive destination: False ,out of road:True   Total T: 721631 Episode Num: 2215 Episode T: 327 Reward: 256.476 Cost: 13.000
arrive destination: True ,out of road:False   Total T: 721880 Episode Num: 2216 Episode T: 249 Reward: 232.100 Cost: 6.000
arrive destination: True ,out of road:False   Total T: 722161 Episode Num: 2217 Episode T: 281 Reward: 351.869 Cost: 3.000
arrive destination: True ,out of road:False   Total T: 722499 Episode Num: 2218 Episode T: 338 Reward: 397.449 Cost: 16.000
arrive destination: True ,out of road:False   Total T: 722790 Episode Num: 2219 Episode T: 291 Reward: 350.140 Cost: 8.000
arrive destination: True ,out of road:False   Total T: 723304 Episode Num: 2220 Episode T: 514 Reward: 411.586 Cost: 55.000
arrive destination: True ,out of road:False   Total T: 723538 Episode Num: 2221 Episode T: 234 Reward: 285.787 Cost: 1.000
arrive destination: True ,out of road:False   Total T: 723751 Episode Num: 2222 Episode T: 213 Reward: 295.007 Cost: 3.000
arrive destination: False ,out of road:True   Total T: 723870 Episode Num: 2223 Episode T: 119 Reward: 128.963 Cost: 1.000
arrive destination: True ,out of road:False   Total T: 724241 Episode Num: 2224 Episode T: 371 Reward: 413.907 Cost: 17.000
arrive destination: True ,out of road:False   Total T: 724599 Episode Num: 2225 Episode T: 358 Reward: 379.353 Cost: 15.000
arrive destination: True ,out of road:False   Total T: 725024 Episode Num: 2226 Episode T: 425 Reward: 501.292 Cost: 24.000
arrive destination: True ,out of road:False   Total T: 725224 Episode Num: 2227 Episode T: 200 Reward: 241.615 Cost: 0.000
arrive destination: True ,out of road:False   Total T: 725455 Episode Num: 2228 Episode T: 231 Reward: 274.601 Cost: 3.000
arrive destination: True ,out of road:False   Total T: 725676 Episode Num: 2229 Episode T: 221 Reward: 285.079 Cost: 0.000
arrive destination: True ,out of road:False   Total T: 726005 Episode Num: 2230 Episode T: 329 Reward: 396.920 Cost: 0.000
arrive destination: True ,out of road:False   Total T: 726414 Episode Num: 2231 Episode T: 409 Reward: 412.678 Cost: 21.000
arrive destination: True ,out of road:False   Total T: 726641 Episode Num: 2232 Episode T: 227 Reward: 272.390 Cost: 2.000
arrive destination: False ,out of road:True   Total T: 726916 Episode Num: 2233 Episode T: 275 Reward: 279.552 Cost: 17.000
arrive destination: True ,out of road:False   Total T: 727184 Episode Num: 2234 Episode T: 268 Reward: 268.420 Cost: 13.000
arrive destination: True ,out of road:False   Total T: 727685 Episode Num: 2235 Episode T: 501 Reward: 416.151 Cost: 22.000
arrive destination: True ,out of road:False   Total T: 728028 Episode Num: 2236 Episode T: 343 Reward: 376.133 Cost: 12.000
arrive destination: False ,out of road:True   Total T: 728282 Episode Num: 2237 Episode T: 254 Reward: 226.064 Cost: 24.000
arrive destination: True ,out of road:False   Total T: 728659 Episode Num: 2238 Episode T: 377 Reward: 505.241 Cost: 2.000
arrive destination: True ,out of road:False   Total T: 728862 Episode Num: 2239 Episode T: 203 Reward: 241.506 Cost: 0.000
arrive destination: True ,out of road:False   Total T: 729232 Episode Num: 2240 Episode T: 370 Reward: 376.196 Cost: 21.000
arrive destination: True ,out of road:False   Total T: 729575 Episode Num: 2241 Episode T: 343 Reward: 372.139 Cost: 10.000
arrive destination: True ,out of road:False   Total T: 729939 Episode Num: 2242 Episode T: 364 Reward: 294.031 Cost: 25.000
---------------------------------------
Evaluation over 20 episodes: 0.650 Cost 12.400.             SafeRL used : use_qpsl
---------------------------------------
[34;1m
Time: 2026-06-30 00:50:48, Time spent from previous logger: 154.153 s[0m
[34;1mCustomLogger with fileds: ['total_steps', 'EpRet', 'EpCost', 'CostRate'][0m
[34;1mfieldvalues: [730000, 0.65, 12.4, 0.03586032309633301]
[0m
arrive destination: True ,out of road:False   Total T: 730225 Episode Num: 2243 Episode T: 286 Reward: 312.700 Cost: 2.000
arrive destination: False ,out of road:True   Total T: 730569 Episode Num: 2244 Episode T: 344 Reward: 359.438 Cost: 22.000
arrive destination: True ,out of road:False   Total T: 731008 Episode Num: 2245 Episode T: 439 Reward: 478.500 Cost: 9.000
arrive destination: True ,out of road:False   Total T: 731398 Episode Num: 2246 Episode T: 390 Reward: 408.076 Cost: 20.000
arrive destination: True ,out of road:False   Total T: 731878 Episode Num: 2247 Episode T: 480 Reward: 499.734 Cost: 37.000
arrive destination: True ,out of road:False   Total T: 732128 Episode Num: 2248 Episode T: 250 Reward: 305.408 Cost: 8.000
arrive destination: True ,out of road:False   Total T: 732353 Episode Num: 2249 Episode T: 225 Reward: 267.323 Cost: 1.000
arrive destination: True ,out of road:False   Total T: 732612 Episode Num: 2250 Episode T: 259 Reward: 283.398 Cost: 17.000
arrive destination: True ,out of road:False   Total T: 732843 Episode Num: 2251 Episode T: 231 Reward: 270.945 Cost: 2.000
arrive destination: True ,out of road:False   Total T: 733285 Episode Num: 2252 Episode T: 442 Reward: 471.871 Cost: 19.000
arrive destination: True ,out of road:False   Total T: 733785 Episode Num: 2253 Episode T: 500 Reward: 498.180 Cost: 27.000
arrive destination: False ,out of road:True   Total T: 733872 Episode Num: 2254 Episode T: 87 Reward: 61.202 Cost: 1.000
arrive destination: False ,out of road:True   Total T: 734089 Episode Num: 2255 Episode T: 217 Reward: 273.412 Cost: 8.000
arrive destination: True ,out of road:False   Total T: 734375 Episode Num: 2256 Episode T: 286 Reward: 294.088 Cost: 23.000
arrive destination: True ,out of road:False   Total T: 734594 Episode Num: 2257 Episode T: 219 Reward: 231.273 Cost: 2.000
arrive destination: True ,out of road:False   Total T: 734818 Episode Num: 2258 Episode T: 224 Reward: 273.957 Cost: 2.000
arrive destination: True ,out of road:False   Total T: 735064 Episode Num: 2259 Episode T: 246 Reward: 232.692 Cost: 8.000
arrive destination: False ,out of road:True   Total T: 735300 Episode Num: 2260 Episode T: 236 Reward: 233.069 Cost: 6.000
arrive destination: True ,out of road:False   Total T: 735735 Episode Num: 2261 Episode T: 435 Reward: 412.127 Cost: 29.000
arrive destination: True ,out of road:False   Total T: 736006 Episode Num: 2262 Episode T: 271 Reward: 335.795 Cost: 5.000
arrive destination: True ,out of road:False   Total T: 736304 Episode Num: 2263 Episode T: 298 Reward: 276.899 Cost: 9.000
arrive destination: True ,out of road:False   Total T: 736727 Episode Num: 2264 Episode T: 423 Reward: 402.442 Cost: 43.000
arrive destination: False ,out of road:True   Total T: 736905 Episode Num: 2265 Episode T: 178 Reward: 194.645 Cost: 3.000
arrive destination: True ,out of road:False   Total T: 737136 Episode Num: 2266 Episode T: 231 Reward: 272.728 Cost: 3.000
arrive destination: True ,out of road:False   Total T: 737369 Episode Num: 2267 Episode T: 233 Reward: 273.481 Cost: 0.000
arrive destination: True ,out of road:False   Total T: 737941 Episode Num: 2268 Episode T: 572 Reward: 426.879 Cost: 35.000
arrive destination: True ,out of road:False   Total T: 738179 Episode Num: 2269 Episode T: 238 Reward: 296.067 Cost: 9.000
arrive destination: True ,out of road:False   Total T: 738426 Episode Num: 2270 Episode T: 247 Reward: 335.892 Cost: 3.000
arrive destination: False ,out of road:True   Total T: 738741 Episode Num: 2271 Episode T: 315 Reward: 327.229 Cost: 16.000
arrive destination: False ,out of road:True   Total T: 738975 Episode Num: 2272 Episode T: 234 Reward: 194.969 Cost: 20.000
arrive destination: True ,out of road:False   Total T: 739196 Episode Num: 2273 Episode T: 221 Reward: 231.339 Cost: 5.000
arrive destination: True ,out of road:False   Total T: 739530 Episode Num: 2274 Episode T: 334 Reward: 335.168 Cost: 7.000
arrive destination: True ,out of road:False   Total T: 739935 Episode Num: 2275 Episode T: 405 Reward: 505.347 Cost: 27.000
---------------------------------------
Evaluation over 20 episodes: 0.750 Cost 10.300.             SafeRL used : use_qpsl
---------------------------------------
[34;1m
Time: 2026-06-30 00:53:21, Time spent from previous logger: 152.889 s[0m
[34;1mCustomLogger with fileds: ['total_steps', 'EpRet', 'EpCost', 'CostRate'][0m
[34;1mfieldvalues: [740000, 0.75, 10.3, 0.03595410264067925]
[0m
arrive destination: False ,out of road:True   Total T: 740174 Episode Num: 2276 Episode T: 239 Reward: 230.702 Cost: 1.000
arrive destination: True ,out of road:False   Total T: 740547 Episode Num: 2277 Episode T: 373 Reward: 404.428 Cost: 0.000
arrive destination: True ,out of road:False   Total T: 740771 Episode Num: 2278 Episode T: 224 Reward: 278.669 Cost: 8.000
arrive destination: True ,out of road:False   Total T: 741009 Episode Num: 2279 Episode T: 238 Reward: 265.645 Cost: 4.000
arrive destination: True ,out of road:False   Total T: 741538 Episode Num: 2280 Episode T: 529 Reward: 491.738 Cost: 42.000
arrive destination: True ,out of road:False   Total T: 741765 Episode Num: 2281 Episode T: 227 Reward: 295.229 Cost: 3.000
arrive destination: True ,out of road:False   Total T: 742229 Episode Num: 2282 Episode T: 464 Reward: 496.567 Cost: 28.000
arrive destination: True ,out of road:False   Total T: 742676 Episode Num: 2283 Episode T: 447 Reward: 404.825 Cost: 34.000
arrive destination: False ,out of road:True   Total T: 742850 Episode Num: 2284 Episode T: 174 Reward: 181.941 Cost: 1.000
arrive destination: True ,out of road:False   Total T: 743141 Episode Num: 2285 Episode T: 291 Reward: 266.763 Cost: 12.000
arrive destination: True ,out of road:False   Total T: 743536 Episode Num: 2286 Episode T: 395 Reward: 336.346 Cost: 9.000
arrive destination: False ,out of road:True   Total T: 743662 Episode Num: 2287 Episode T: 126 Reward: 116.703 Cost: 3.000
arrive destination: False ,out of road:True   Total T: 744119 Episode Num: 2288 Episode T: 457 Reward: 470.690 Cost: 18.000
arrive destination: True ,out of road:False   Total T: 744331 Episode Num: 2289 Episode T: 212 Reward: 285.090 Cost: 0.000
arrive destination: True ,out of road:False   Total T: 744725 Episode Num: 2290 Episode T: 394 Reward: 381.127 Cost: 23.000
arrive destination: True ,out of road:False   Total T: 744973 Episode Num: 2291 Episode T: 248 Reward: 267.010 Cost: 6.000
arrive destination: True ,out of road:False   Total T: 745354 Episode Num: 2292 Episode T: 381 Reward: 335.616 Cost: 10.000
arrive destination: True ,out of road:False   Total T: 745729 Episode Num: 2293 Episode T: 375 Reward: 501.545 Cost: 12.000
arrive destination: True ,out of road:False   Total T: 746077 Episode Num: 2294 Episode T: 348 Reward: 377.604 Cost: 11.000
arrive destination: True ,out of road:False   Total T: 746479 Episode Num: 2295 Episode T: 402 Reward: 473.343 Cost: 5.000
arrive destination: True ,out of road:False   Total T: 746786 Episode Num: 2296 Episode T: 307 Reward: 294.567 Cost: 12.000
arrive destination: False ,out of road:True   Total T: 746997 Episode Num: 2297 Episode T: 211 Reward: 174.820 Cost: 20.000
arrive destination: False ,out of road:True   Total T: 747203 Episode Num: 2298 Episode T: 206 Reward: 221.036 Cost: 8.000
arrive destination: False ,out of road:True   Total T: 747468 Episode Num: 2299 Episode T: 265 Reward: 255.597 Cost: 13.000
arrive destination: True ,out of road:False   Total T: 747841 Episode Num: 2300 Episode T: 373 Reward: 408.402 Cost: 27.000
arrive destination: True ,out of road:False   Total T: 748074 Episode Num: 2301 Episode T: 233 Reward: 274.275 Cost: 1.000
arrive destination: True ,out of road:False   Total T: 748296 Episode Num: 2302 Episode T: 222 Reward: 268.634 Cost: 0.000
arrive destination: True ,out of road:False   Total T: 748504 Episode Num: 2303 Episode T: 208 Reward: 243.557 Cost: 0.000
arrive destination: True ,out of road:False   Total T: 748726 Episode Num: 2304 Episode T: 222 Reward: 283.816 Cost: 0.000
arrive destination: True ,out of road:False   Total T: 748946 Episode Num: 2305 Episode T: 220 Reward: 265.040 Cost: 0.000
arrive destination: True ,out of road:False   Total T: 749285 Episode Num: 2306 Episode T: 339 Reward: 402.653 Cost: 0.000
arrive destination: True ,out of road:False   Total T: 749733 Episode Num: 2307 Episode T: 448 Reward: 505.405 Cost: 25.000
---------------------------------------
Evaluation over 20 episodes: 0.550 Cost 10.950.             SafeRL used : use_qpsl
---------------------------------------
[34;1m
Time: 2026-06-30 00:55:54, Time spent from previous logger: 153.732 s[0m
[34;1mCustomLogger with fileds: ['total_steps', 'EpRet', 'EpCost', 'CostRate'][0m
[34;1mfieldvalues: [750000, 0.55, 10.95, 0.03592538123384165]
[0m
arrive destination: False ,out of road:True   Total T: 750345 Episode Num: 2308 Episode T: 612 Reward: 657.281 Cost: 18.000
arrive destination: True ,out of road:False   Total T: 750789 Episode Num: 2309 Episode T: 444 Reward: 498.720 Cost: 12.000
arrive destination: True ,out of road:False   Total T: 751252 Episode Num: 2310 Episode T: 463 Reward: 424.598 Cost: 36.000
arrive destination: False ,out of road:True   Total T: 751398 Episode Num: 2311 Episode T: 146 Reward: 153.468 Cost: 3.000
arrive destination: True ,out of road:False   Total T: 751751 Episode Num: 2312 Episode T: 353 Reward: 377.677 Cost: 11.000
arrive destination: True ,out of road:False   Total T: 752025 Episode Num: 2313 Episode T: 274 Reward: 263.346 Cost: 16.000
arrive destination: True ,out of road:False   Total T: 752273 Episode Num: 2314 Episode T: 248 Reward: 295.989 Cost: 7.000
arrive destination: False ,out of road:True   Total T: 752509 Episode Num: 2315 Episode T: 236 Reward: 241.847 Cost: 12.000
arrive destination: False ,out of road:True   Total T: 752649 Episode Num: 2316 Episode T: 140 Reward: 134.408 Cost: 7.000
arrive destination: True ,out of road:False   Total T: 752878 Episode Num: 2317 Episode T: 229 Reward: 295.451 Cost: 0.000
arrive destination: False ,out of road:True   Total T: 753065 Episode Num: 2318 Episode T: 187 Reward: 207.901 Cost: 12.000
arrive destination: True ,out of road:False   Total T: 753531 Episode Num: 2319 Episode T: 466 Reward: 499.014 Cost: 20.000
arrive destination: True ,out of road:False   Total T: 753747 Episode Num: 2320 Episode T: 216 Reward: 270.168 Cost: 1.000
arrive destination: True ,out of road:False   Total T: 754119 Episode Num: 2321 Episode T: 372 Reward: 336.163 Cost: 18.000
arrive destination: True ,out of road:False   Total T: 754405 Episode Num: 2322 Episode T: 286 Reward: 285.051 Cost: 26.000
arrive destination: True ,out of road:False   Total T: 754593 Episode Num: 2323 Episode T: 188 Reward: 269.817 Cost: 0.000
arrive destination: True ,out of road:False   Total T: 754840 Episode Num: 2324 Episode T: 247 Reward: 295.793 Cost: 8.000
arrive destination: True ,out of road:False   Total T: 755197 Episode Num: 2325 Episode T: 357 Reward: 376.903 Cost: 25.000
arrive destination: True ,out of road:False   Total T: 755653 Episode Num: 2326 Episode T: 456 Reward: 477.097 Cost: 22.000
arrive destination: True ,out of road:False   Total T: 755889 Episode Num: 2327 Episode T: 236 Reward: 295.686 Cost: 3.000
arrive destination: True ,out of road:False   Total T: 756091 Episode Num: 2328 Episode T: 202 Reward: 242.967 Cost: 0.000
arrive destination: True ,out of road:False   Total T: 756475 Episode Num: 2329 Episode T: 384 Reward: 379.994 Cost: 11.000
arrive destination: True ,out of road:False   Total T: 756788 Episode Num: 2330 Episode T: 313 Reward: 375.218 Cost: 9.000
arrive destination: False ,out of road:True   Total T: 756988 Episode Num: 2331 Episode T: 200 Reward: 188.980 Cost: 21.000
arrive destination: True ,out of road:False   Total T: 757205 Episode Num: 2332 Episode T: 217 Reward: 232.453 Cost: 15.000
arrive destination: True ,out of road:False   Total T: 757449 Episode Num: 2333 Episode T: 244 Reward: 286.025 Cost: 11.000
arrive destination: False ,out of road:True   Total T: 757679 Episode Num: 2334 Episode T: 230 Reward: 309.505 Cost: 1.000
arrive destination: True ,out of road:False   Total T: 757938 Episode Num: 2335 Episode T: 259 Reward: 267.016 Cost: 11.000
arrive destination: True ,out of road:False   Total T: 758214 Episode Num: 2336 Episode T: 276 Reward: 334.719 Cost: 3.000
arrive destination: True ,out of road:False   Total T: 758560 Episode Num: 2337 Episode T: 346 Reward: 335.843 Cost: 10.000
arrive destination: True ,out of road:False   Total T: 758925 Episode Num: 2338 Episode T: 365 Reward: 411.554 Cost: 17.000
arrive destination: False ,out of road:True   Total T: 759157 Episode Num: 2339 Episode T: 232 Reward: 308.161 Cost: 1.000
arrive destination: True ,out of road:False   Total T: 759475 Episode Num: 2340 Episode T: 318 Reward: 294.281 Cost: 17.000
arrive destination: True ,out of road:False   Total T: 759740 Episode Num: 2341 Episode T: 265 Reward: 294.168 Cost: 13.000
arrive destination: False ,out of road:True   Total T: 759944 Episode Num: 2342 Episode T: 204 Reward: 156.027 Cost: 22.000
---------------------------------------
Evaluation over 20 episodes: 0.600 Cost 12.550.             SafeRL used : use_qpsl
---------------------------------------
[34;1m
Time: 2026-06-30 00:58:26, Time spent from previous logger: 151.603 s[0m
[34;1mCustomLogger with fileds: ['total_steps', 'EpRet', 'EpCost', 'CostRate'][0m
[34;1mfieldvalues: [760000, 0.6, 12.55, 0.03600136315968837]
[0m
arrive destination: True ,out of road:False   Total T: 760488 Episode Num: 2343 Episode T: 544 Reward: 526.740 Cost: 27.000
arrive destination: False ,out of road:True   Total T: 760618 Episode Num: 2344 Episode T: 130 Reward: 132.804 Cost: 1.000
arrive destination: True ,out of road:False   Total T: 760986 Episode Num: 2345 Episode T: 368 Reward: 410.203 Cost: 19.000
arrive destination: False ,out of road:True   Total T: 761156 Episode Num: 2346 Episode T: 170 Reward: 181.860 Cost: 1.000
arrive destination: False ,out of road:True   Total T: 761389 Episode Num: 2347 Episode T: 233 Reward: 307.145 Cost: 3.000
arrive destination: False ,out of road:True   Total T: 761701 Episode Num: 2348 Episode T: 312 Reward: 360.192 Cost: 18.000
arrive destination: True ,out of road:False   Total T: 761925 Episode Num: 2349 Episode T: 224 Reward: 276.339 Cost: 3.000
arrive destination: True ,out of road:False   Total T: 762572 Episode Num: 2350 Episode T: 647 Reward: 420.954 Cost: 69.000
arrive destination: True ,out of road:False   Total T: 762770 Episode Num: 2351 Episode T: 198 Reward: 269.044 Cost: 0.000
arrive destination: True ,out of road:False   Total T: 762994 Episode Num: 2352 Episode T: 224 Reward: 285.235 Cost: 4.000
arrive destination: True ,out of road:False   Total T: 763188 Episode Num: 2353 Episode T: 194 Reward: 270.204 Cost: 0.000
arrive destination: True ,out of road:False   Total T: 763608 Episode Num: 2354 Episode T: 420 Reward: 507.176 Cost: 24.000
arrive destination: False ,out of road:True   Total T: 764087 Episode Num: 2355 Episode T: 479 Reward: 455.343 Cost: 28.000
arrive destination: True ,out of road:False   Total T: 764355 Episode Num: 2356 Episode T: 268 Reward: 351.211 Cost: 5.000
arrive destination: True ,out of road:False   Total T: 764688 Episode Num: 2357 Episode T: 333 Reward: 398.448 Cost: 0.000
arrive destination: True ,out of road:False   Total T: 765097 Episode Num: 2358 Episode T: 409 Reward: 409.045 Cost: 22.000
arrive destination: True ,out of road:False   Total T: 765455 Episode Num: 2359 Episode T: 358 Reward: 504.746 Cost: 3.000
arrive destination: True ,out of road:False   Total T: 765821 Episode Num: 2360 Episode T: 366 Reward: 396.741 Cost: 0.000
arrive destination: True ,out of road:False   Total T: 766166 Episode Num: 2361 Episode T: 345 Reward: 403.248 Cost: 0.000
arrive destination: True ,out of road:False   Total T: 766424 Episode Num: 2362 Episode T: 258 Reward: 334.995 Cost: 2.000
arrive destination: True ,out of road:False   Total T: 766843 Episode Num: 2363 Episode T: 419 Reward: 414.362 Cost: 12.000
arrive destination: False ,out of road:True   Total T: 767007 Episode Num: 2364 Episode T: 164 Reward: 168.300 Cost: 8.000
arrive destination: False ,out of road:True   Total T: 767315 Episode Num: 2365 Episode T: 308 Reward: 291.385 Cost: 26.000
arrive destination: True ,out of road:False   Total T: 767674 Episode Num: 2366 Episode T: 359 Reward: 380.887 Cost: 20.000
arrive destination: True ,out of road:False   Total T: 768037 Episode Num: 2367 Episode T: 363 Reward: 500.994 Cost: 12.000
arrive destination: True ,out of road:False   Total T: 768268 Episode Num: 2368 Episode T: 231 Reward: 269.143 Cost: 2.000
arrive destination: False ,out of road:True   Total T: 768632 Episode Num: 2369 Episode T: 364 Reward: 372.228 Cost: 22.000
arrive destination: True ,out of road:False   Total T: 768897 Episode Num: 2370 Episode T: 265 Reward: 351.406 Cost: 5.000
arrive destination: False ,out of road:True   Total T: 769101 Episode Num: 2371 Episode T: 204 Reward: 190.380 Cost: 19.000
arrive destination: True ,out of road:False   Total T: 769662 Episode Num: 2372 Episode T: 561 Reward: 422.237 Cost: 55.000
---------------------------------------
Evaluation over 20 episodes: 0.900 Cost 15.050.             SafeRL used : use_qpsl
---------------------------------------
[34;1m
Time: 2026-06-30 01:01:01, Time spent from previous logger: 154.930 s[0m
[34;1mCustomLogger with fileds: ['total_steps', 'EpRet', 'EpCost', 'CostRate'][0m
[34;1mfieldvalues: [770000, 0.9, 15.05, 0.03610004688317777]
[0m
arrive destination: False ,out of road:True   Total T: 770177 Episode Num: 2373 Episode T: 515 Reward: 528.196 Cost: 32.000
arrive destination: True ,out of road:False   Total T: 770432 Episode Num: 2374 Episode T: 255 Reward: 335.265 Cost: 5.000
arrive destination: True ,out of road:False   Total T: 770828 Episode Num: 2375 Episode T: 396 Reward: 506.148 Cost: 22.000
arrive destination: False ,out of road:True   Total T: 771044 Episode Num: 2376 Episode T: 216 Reward: 211.348 Cost: 14.000
arrive destination: True ,out of road:False   Total T: 771276 Episode Num: 2377 Episode T: 232 Reward: 230.333 Cost: 11.000
arrive destination: True ,out of road:False   Total T: 771500 Episode Num: 2378 Episode T: 224 Reward: 269.010 Cost: 4.000
arrive destination: True ,out of road:False   Total T: 771803 Episode Num: 2379 Episode T: 303 Reward: 270.562 Cost: 24.000
arrive destination: True ,out of road:False   Total T: 772237 Episode Num: 2380 Episode T: 434 Reward: 492.975 Cost: 22.000
arrive destination: False ,out of road:True   Total T: 772339 Episode Num: 2381 Episode T: 102 Reward: 90.263 Cost: 2.000
arrive destination: True ,out of road:False   Total T: 772689 Episode Num: 2382 Episode T: 350 Reward: 378.817 Cost: 22.000
arrive destination: True ,out of road:False   Total T: 773059 Episode Num: 2383 Episode T: 370 Reward: 411.669 Cost: 20.000
arrive destination: True ,out of road:False   Total T: 773441 Episode Num: 2384 Episode T: 382 Reward: 380.717 Cost: 22.000
arrive destination: True ,out of road:False   Total T: 773704 Episode Num: 2385 Episode T: 263 Reward: 352.734 Cost: 0.000
arrive destination: True ,out of road:False   Total T: 774201 Episode Num: 2386 Episode T: 497 Reward: 491.910 Cost: 42.000
arrive destination: True ,out of road:False   Total T: 774538 Episode Num: 2387 Episode T: 337 Reward: 505.796 Cost: 3.000
arrive destination: True ,out of road:False   Total T: 774752 Episode Num: 2388 Episode T: 214 Reward: 232.549 Cost: 0.000
arrive destination: True ,out of road:False   Total T: 775091 Episode Num: 2389 Episode T: 339 Reward: 506.293 Cost: 5.000
arrive destination: True ,out of road:False   Total T: 775534 Episode Num: 2390 Episode T: 443 Reward: 413.822 Cost: 36.000
arrive destination: True ,out of road:False   Total T: 775770 Episode Num: 2391 Episode T: 236 Reward: 230.537 Cost: 18.000
arrive destination: True ,out of road:False   Total T: 776067 Episode Num: 2392 Episode T: 297 Reward: 294.092 Cost: 17.000
arrive destination: True ,out of road:False   Total T: 776256 Episode Num: 2393 Episode T: 189 Reward: 269.969 Cost: 0.000
arrive destination: True ,out of road:False   Total T: 776753 Episode Num: 2394 Episode T: 497 Reward: 501.178 Cost: 32.000
arrive destination: False ,out of road:True   Total T: 777084 Episode Num: 2395 Episode T: 331 Reward: 345.337 Cost: 8.000
arrive destination: False ,out of road:True   Total T: 777321 Episode Num: 2396 Episode T: 237 Reward: 286.565 Cost: 1.000
arrive destination: True ,out of road:False   Total T: 777758 Episode Num: 2397 Episode T: 437 Reward: 380.748 Cost: 24.000
arrive destination: True ,out of road:False   Total T: 777981 Episode Num: 2398 Episode T: 223 Reward: 276.127 Cost: 4.000
arrive destination: True ,out of road:False   Total T: 778258 Episode Num: 2399 Episode T: 277 Reward: 265.099 Cost: 21.000
arrive destination: False ,out of road:True   Total T: 778699 Episode Num: 2400 Episode T: 441 Reward: 287.384 Cost: 41.000
arrive destination: True ,out of road:False   Total T: 778901 Episode Num: 2401 Episode T: 202 Reward: 268.764 Cost: 0.000
arrive destination: True ,out of road:False   Total T: 779160 Episode Num: 2402 Episode T: 259 Reward: 295.693 Cost: 7.000
arrive destination: True ,out of road:False   Total T: 779535 Episode Num: 2403 Episode T: 375 Reward: 412.583 Cost: 11.000
arrive destination: False ,out of road:True   Total T: 779844 Episode Num: 2404 Episode T: 309 Reward: 279.533 Cost: 13.000
---------------------------------------
Evaluation over 20 episodes: 0.800 Cost 15.600.             SafeRL used : use_qpsl
---------------------------------------
[34;1m
Time: 2026-06-30 01:03:35, Time spent from previous logger: 154.491 s[0m
[34;1mCustomLogger with fileds: ['total_steps', 'EpRet', 'EpCost', 'CostRate'][0m
[34;1mfieldvalues: [780000, 0.8, 15.6, 0.03622312336297867]
[0m
arrive destination: True ,out of road:False   Total T: 780243 Episode Num: 2405 Episode T: 399 Reward: 483.350 Cost: 6.000
arrive destination: True ,out of road:False   Total T: 780566 Episode Num: 2406 Episode T: 323 Reward: 375.808 Cost: 16.000
arrive destination: True ,out of road:False   Total T: 780847 Episode Num: 2407 Episode T: 281 Reward: 350.905 Cost: 13.000
arrive destination: False ,out of road:True   Total T: 781062 Episode Num: 2408 Episode T: 215 Reward: 288.683 Cost: 7.000
arrive destination: True ,out of road:False   Total T: 781471 Episode Num: 2409 Episode T: 409 Reward: 422.892 Cost: 24.000
arrive destination: True ,out of road:False   Total T: 781732 Episode Num: 2410 Episode T: 261 Reward: 296.034 Cost: 16.000
arrive destination: True ,out of road:False   Total T: 782077 Episode Num: 2411 Episode T: 345 Reward: 384.919 Cost: 30.000
arrive destination: True ,out of road:False   Total T: 782278 Episode Num: 2412 Episode T: 201 Reward: 240.256 Cost: 0.000
arrive destination: True ,out of road:False   Total T: 782543 Episode Num: 2413 Episode T: 265 Reward: 350.334 Cost: 6.000
arrive destination: True ,out of road:False   Total T: 782779 Episode Num: 2414 Episode T: 236 Reward: 232.587 Cost: 11.000
arrive destination: False ,out of road:True   Total T: 782908 Episode Num: 2415 Episode T: 129 Reward: 127.663 Cost: 4.000
arrive destination: True ,out of road:False   Total T: 783149 Episode Num: 2416 Episode T: 241 Reward: 267.891 Cost: 5.000
arrive destination: True ,out of road:False   Total T: 783535 Episode Num: 2417 Episode T: 386 Reward: 335.633 Cost: 24.000
arrive destination: True ,out of road:False   Total T: 784078 Episode Num: 2418 Episode T: 543 Reward: 497.062 Cost: 41.000
arrive destination: True ,out of road:False   Total T: 784525 Episode Num: 2419 Episode T: 447 Reward: 496.541 Cost: 23.000
arrive destination: True ,out of road:False   Total T: 784928 Episode Num: 2420 Episode T: 403 Reward: 475.395 Cost: 6.000
arrive destination: True ,out of road:False   Total T: 785194 Episode Num: 2421 Episode T: 266 Reward: 354.396 Cost: 6.000
arrive destination: True ,out of road:False   Total T: 785391 Episode Num: 2422 Episode T: 197 Reward: 270.045 Cost: 0.000
arrive destination: True ,out of road:False   Total T: 785680 Episode Num: 2423 Episode T: 289 Reward: 350.124 Cost: 10.000
arrive destination: False ,out of road:True   Total T: 785973 Episode Num: 2424 Episode T: 293 Reward: 334.022 Cost: 17.000
arrive destination: True ,out of road:False   Total T: 786295 Episode Num: 2425 Episode T: 322 Reward: 366.323 Cost: 10.000
arrive destination: True ,out of road:False   Total T: 786710 Episode Num: 2426 Episode T: 415 Reward: 492.502 Cost: 10.000
arrive destination: True ,out of road:False   Total T: 787122 Episode Num: 2427 Episode T: 412 Reward: 412.868 Cost: 31.000
arrive destination: True ,out of road:False   Total T: 787388 Episode Num: 2428 Episode T: 266 Reward: 263.360 Cost: 11.000
arrive destination: True ,out of road:False   Total T: 787630 Episode Num: 2429 Episode T: 242 Reward: 277.232 Cost: 4.000
arrive destination: True ,out of road:False   Total T: 787896 Episode Num: 2430 Episode T: 266 Reward: 294.322 Cost: 15.000
arrive destination: True ,out of road:False   Total T: 788255 Episode Num: 2431 Episode T: 359 Reward: 398.425 Cost: 15.000
arrive destination: True ,out of road:False   Total T: 788485 Episode Num: 2432 Episode T: 230 Reward: 284.524 Cost: 5.000
arrive destination: True ,out of road:False   Total T: 788932 Episode Num: 2433 Episode T: 447 Reward: 491.241 Cost: 27.000
arrive destination: True ,out of road:False   Total T: 789177 Episode Num: 2434 Episode T: 245 Reward: 269.711 Cost: 6.000
arrive destination: True ,out of road:False   Total T: 789379 Episode Num: 2435 Episode T: 202 Reward: 269.357 Cost: 2.000
arrive destination: False ,out of road:True   Total T: 789478 Episode Num: 2436 Episode T: 99 Reward: 83.317 Cost: 3.000
arrive destination: True ,out of road:False   Total T: 789745 Episode Num: 2437 Episode T: 267 Reward: 352.294 Cost: 0.000
---------------------------------------
Evaluation over 20 episodes: 0.650 Cost 17.450.             SafeRL used : use_qpsl
---------------------------------------
[34;1m
Time: 2026-06-30 01:06:08, Time spent from previous logger: 152.263 s[0m
[34;1mCustomLogger with fileds: ['total_steps', 'EpRet', 'EpCost', 'CostRate'][0m
[34;1mfieldvalues: [790000, 0.65, 17.45, 0.03629498265187677]
[0m
arrive destination: False ,out of road:True   Total T: 790517 Episode Num: 2438 Episode T: 772 Reward: 684.735 Cost: 55.000
arrive destination: True ,out of road:False   Total T: 790858 Episode Num: 2439 Episode T: 341 Reward: 401.182 Cost: 0.000
arrive destination: True ,out of road:False   Total T: 791108 Episode Num: 2440 Episode T: 250 Reward: 231.897 Cost: 18.000
arrive destination: True ,out of road:False   Total T: 791450 Episode Num: 2441 Episode T: 342 Reward: 393.949 Cost: 15.000
arrive destination: True ,out of road:False   Total T: 791684 Episode Num: 2442 Episode T: 234 Reward: 284.675 Cost: 8.000
arrive destination: True ,out of road:False   Total T: 791915 Episode Num: 2443 Episode T: 231 Reward: 273.751 Cost: 0.000
arrive destination: True ,out of road:False   Total T: 792130 Episode Num: 2444 Episode T: 215 Reward: 231.543 Cost: 2.000
arrive destination: True ,out of road:True   Total T: 792554 Episode Num: 2445 Episode T: 424 Reward: 521.452 Cost: 23.000
arrive destination: False ,out of road:True   Total T: 792682 Episode Num: 2446 Episode T: 128 Reward: 115.798 Cost: 4.000
arrive destination: False ,out of road:True   Total T: 792780 Episode Num: 2447 Episode T: 98 Reward: 87.984 Cost: 1.000
arrive destination: True ,out of road:False   Total T: 793020 Episode Num: 2448 Episode T: 240 Reward: 230.964 Cost: 19.000
arrive destination: True ,out of road:False   Total T: 793484 Episode Num: 2449 Episode T: 464 Reward: 395.748 Cost: 47.000
arrive destination: True ,out of road:False   Total T: 793820 Episode Num: 2450 Episode T: 336 Reward: 400.280 Cost: 0.000
arrive destination: True ,out of road:False   Total T: 794074 Episode Num: 2451 Episode T: 254 Reward: 356.863 Cost: 0.000
arrive destination: True ,out of road:False   Total T: 794430 Episode Num: 2452 Episode T: 356 Reward: 399.259 Cost: 7.000
arrive destination: True ,out of road:False   Total T: 794633 Episode Num: 2453 Episode T: 203 Reward: 231.759 Cost: 8.000
arrive destination: True ,out of road:False   Total T: 794904 Episode Num: 2454 Episode T: 271 Reward: 349.385 Cost: 15.000
arrive destination: True ,out of road:False   Total T: 795184 Episode Num: 2455 Episode T: 280 Reward: 294.372 Cost: 15.000
arrive destination: True ,out of road:False   Total T: 795453 Episode Num: 2456 Episode T: 269 Reward: 359.279 Cost: 15.000
arrive destination: True ,out of road:False   Total T: 795725 Episode Num: 2457 Episode T: 272 Reward: 294.710 Cost: 12.000
arrive destination: True ,out of road:False   Total T: 795922 Episode Num: 2458 Episode T: 197 Reward: 231.888 Cost: 0.000
arrive destination: True ,out of road:False   Total T: 796181 Episode Num: 2459 Episode T: 259 Reward: 269.449 Cost: 13.000
arrive destination: False ,out of road:True   Total T: 796455 Episode Num: 2460 Episode T: 274 Reward: 358.574 Cost: 3.000
arrive destination: True ,out of road:False   Total T: 796655 Episode Num: 2461 Episode T: 200 Reward: 269.105 Cost: 1.000
arrive destination: False ,out of road:True   Total T: 796917 Episode Num: 2462 Episode T: 262 Reward: 356.027 Cost: 11.000
arrive destination: True ,out of road:False   Total T: 797238 Episode Num: 2463 Episode T: 321 Reward: 397.011 Cost: 9.000
arrive destination: True ,out of road:False   Total T: 797441 Episode Num: 2464 Episode T: 203 Reward: 240.910 Cost: 0.000
arrive destination: True ,out of road:False   Total T: 797669 Episode Num: 2465 Episode T: 228 Reward: 268.996 Cost: 2.000
arrive destination: False ,out of road:True   Total T: 797936 Episode Num: 2466 Episode T: 267 Reward: 201.393 Cost: 26.000
arrive destination: True ,out of road:False   Total T: 798143 Episode Num: 2467 Episode T: 207 Reward: 241.429 Cost: 0.000
arrive destination: True ,out of road:False   Total T: 798583 Episode Num: 2468 Episode T: 440 Reward: 470.265 Cost: 18.000
arrive destination: True ,out of road:False   Total T: 798981 Episode Num: 2469 Episode T: 398 Reward: 378.946 Cost: 27.000
arrive destination: False ,out of road:True   Total T: 799143 Episode Num: 2470 Episode T: 162 Reward: 167.882 Cost: 5.000
arrive destination: True ,out of road:False   Total T: 799490 Episode Num: 2471 Episode T: 347 Reward: 294.475 Cost: 22.000
arrive destination: True ,out of road:False   Total T: 799694 Episode Num: 2472 Episode T: 204 Reward: 243.036 Cost: 0.000
---------------------------------------
Evaluation over 20 episodes: 0.850 Cost 13.450.             SafeRL used : use_qpsl
---------------------------------------
[34;1m
Time: 2026-06-30 01:08:38, Time spent from previous logger: 150.803 s[0m
[34;1mCustomLogger with fileds: ['total_steps', 'EpRet', 'EpCost', 'CostRate'][0m
[34;1mfieldvalues: [800000, 0.85, 13.45, 0.03632754540943176]
[0m
arrive destination: True ,out of road:False   Total T: 800260 Episode Num: 2473 Episode T: 566 Reward: 626.130 Cost: 14.000
arrive destination: False ,out of road:True   Total T: 800461 Episode Num: 2474 Episode T: 201 Reward: 189.978 Cost: 9.000
arrive destination: True ,out of road:False   Total T: 800714 Episode Num: 2475 Episode T: 253 Reward: 346.069 Cost: 6.000
arrive destination: False ,out of road:True   Total T: 800880 Episode Num: 2476 Episode T: 166 Reward: 167.573 Cost: 5.000
arrive destination: True ,out of road:False   Total T: 801110 Episode Num: 2477 Episode T: 230 Reward: 293.448 Cost: 3.000
arrive destination: True ,out of road:False   Total T: 801438 Episode Num: 2478 Episode T: 328 Reward: 399.283 Cost: 0.000
arrive destination: True ,out of road:False   Total T: 801703 Episode Num: 2479 Episode T: 265 Reward: 352.456 Cost: 8.000
arrive destination: False ,out of road:True   Total T: 802082 Episode Num: 2480 Episode T: 379 Reward: 433.203 Cost: 21.000
arrive destination: True ,out of road:False   Total T: 802434 Episode Num: 2481 Episode T: 352 Reward: 294.814 Cost: 22.000
arrive destination: True ,out of road:False   Total T: 802640 Episode Num: 2482 Episode T: 206 Reward: 231.508 Cost: 4.000
arrive destination: False ,out of road:True   Total T: 802802 Episode Num: 2483 Episode T: 162 Reward: 165.565 Cost: 8.000
arrive destination: True ,out of road:False   Total T: 803005 Episode Num: 2484 Episode T: 203 Reward: 241.013 Cost: 0.000
arrive destination: True ,out of road:False   Total T: 803270 Episode Num: 2485 Episode T: 265 Reward: 359.394 Cost: 11.000
arrive destination: True ,out of road:False   Total T: 803647 Episode Num: 2486 Episode T: 377 Reward: 392.537 Cost: 6.000
arrive destination: True ,out of road:False   Total T: 803852 Episode Num: 2487 Episode T: 205 Reward: 242.710 Cost: 0.000
arrive destination: True ,out of road:False   Total T: 804207 Episode Num: 2488 Episode T: 355 Reward: 397.025 Cost: 0.000
arrive destination: True ,out of road:False   Total T: 804434 Episode Num: 2489 Episode T: 227 Reward: 285.703 Cost: 2.000
arrive destination: False ,out of road:True   Total T: 804627 Episode Num: 2490 Episode T: 193 Reward: 250.642 Cost: 6.000
arrive destination: True ,out of road:False   Total T: 805008 Episode Num: 2491 Episode T: 381 Reward: 398.582 Cost: 39.000
arrive destination: False ,out of road:True   Total T: 805211 Episode Num: 2492 Episode T: 203 Reward: 204.958 Cost: 12.000
arrive destination: True ,out of road:False   Total T: 805651 Episode Num: 2493 Episode T: 440 Reward: 468.250 Cost: 20.000
arrive destination: True ,out of road:False   Total T: 806033 Episode Num: 2494 Episode T: 382 Reward: 397.501 Cost: 14.000
arrive destination: True ,out of road:False   Total T: 806510 Episode Num: 2495 Episode T: 477 Reward: 411.739 Cost: 31.000
arrive destination: True ,out of road:False   Total T: 806715 Episode Num: 2496 Episode T: 205 Reward: 241.660 Cost: 0.000
arrive destination: True ,out of road:False   Total T: 806945 Episode Num: 2497 Episode T: 230 Reward: 271.911 Cost: 0.000
arrive destination: True ,out of road:False   Total T: 807330 Episode Num: 2498 Episode T: 385 Reward: 510.255 Cost: 15.000
arrive destination: True ,out of road:False   Total T: 807595 Episode Num: 2499 Episode T: 265 Reward: 293.970 Cost: 16.000
arrive destination: True ,out of road:False   Total T: 807982 Episode Num: 2500 Episode T: 387 Reward: 399.106 Cost: 19.000
arrive destination: True ,out of road:False   Total T: 808333 Episode Num: 2501 Episode T: 351 Reward: 507.077 Cost: 3.000
arrive destination: True ,out of road:False   Total T: 808719 Episode Num: 2502 Episode T: 386 Reward: 509.995 Cost: 8.000
arrive destination: True ,out of road:False   Total T: 808942 Episode Num: 2503 Episode T: 223 Reward: 285.388 Cost: 6.000
arrive destination: True ,out of road:False   Total T: 809168 Episode Num: 2504 Episode T: 226 Reward: 232.218 Cost: 14.000
arrive destination: True ,out of road:False   Total T: 809567 Episode Num: 2505 Episode T: 399 Reward: 395.473 Cost: 29.000
arrive destination: True ,out of road:False   Total T: 809987 Episode Num: 2506 Episode T: 420 Reward: 478.569 Cost: 16.000
---------------------------------------
Evaluation over 20 episodes: 0.650 Cost 9.650.             SafeRL used : use_qpsl
---------------------------------------
[34;1m
Time: 2026-06-30 01:11:05, Time spent from previous logger: 146.747 s[0m
[34;1mCustomLogger with fileds: ['total_steps', 'EpRet', 'EpCost', 'CostRate'][0m
[34;1mfieldvalues: [810000, 0.65, 9.65, 0.036328439911654214]
[0m
arrive destination: False ,out of road:True   Total T: 810378 Episode Num: 2507 Episode T: 391 Reward: 352.187 Cost: 28.000
arrive destination: False ,out of road:True   Total T: 810610 Episode Num: 2508 Episode T: 232 Reward: 310.698 Cost: 1.000
arrive destination: True ,out of road:False   Total T: 810999 Episode Num: 2509 Episode T: 389 Reward: 377.150 Cost: 15.000
arrive destination: True ,out of road:False   Total T: 811225 Episode Num: 2510 Episode T: 226 Reward: 271.927 Cost: 2.000
arrive destination: True ,out of road:False   Total T: 811426 Episode Num: 2511 Episode T: 201 Reward: 241.398 Cost: 0.000
arrive destination: True ,out of road:False   Total T: 811698 Episode Num: 2512 Episode T: 272 Reward: 294.672 Cost: 18.000
arrive destination: True ,out of road:False   Total T: 812025 Episode Num: 2513 Episode T: 327 Reward: 394.016 Cost: 0.000
arrive destination: True ,out of road:False   Total T: 812384 Episode Num: 2514 Episode T: 359 Reward: 417.248 Cost: 22.000
arrive destination: False ,out of road:True   Total T: 812591 Episode Num: 2515 Episode T: 207 Reward: 234.441 Cost: 6.000
arrive destination: True ,out of road:False   Total T: 813067 Episode Num: 2516 Episode T: 476 Reward: 419.666 Cost: 19.000
arrive destination: True ,out of road:False   Total T: 813295 Episode Num: 2517 Episode T: 228 Reward: 286.998 Cost: 3.000
arrive destination: True ,out of road:False   Total T: 813500 Episode Num: 2518 Episode T: 205 Reward: 245.217 Cost: 0.000
arrive destination: True ,out of road:False   Total T: 813715 Episode Num: 2519 Episode T: 215 Reward: 232.489 Cost: 4.000
arrive destination: True ,out of road:False   Total T: 814035 Episode Num: 2520 Episode T: 320 Reward: 373.996 Cost: 12.000
arrive destination: True ,out of road:False   Total T: 814461 Episode Num: 2521 Episode T: 426 Reward: 421.076 Cost: 25.000
arrive destination: False ,out of road:True   Total T: 814687 Episode Num: 2522 Episode T: 226 Reward: 178.554 Cost: 22.000
arrive destination: True ,out of road:False   Total T: 815016 Episode Num: 2523 Episode T: 329 Reward: 395.049 Cost: 0.000
arrive destination: False ,out of road:True   Total T: 815356 Episode Num: 2524 Episode T: 340 Reward: 339.817 Cost: 8.000
arrive destination: True ,out of road:False   Total T: 815720 Episode Num: 2525 Episode T: 364 Reward: 504.969 Cost: 12.000
arrive destination: False ,out of road:True   Total T: 816053 Episode Num: 2526 Episode T: 333 Reward: 347.490 Cost: 40.000
arrive destination: True ,out of road:False   Total T: 816290 Episode Num: 2527 Episode T: 237 Reward: 273.244 Cost: 4.000
arrive destination: True ,out of road:False   Total T: 816480 Episode Num: 2528 Episode T: 190 Reward: 269.310 Cost: 0.000
arrive destination: False ,out of road:True   Total T: 816703 Episode Num: 2529 Episode T: 223 Reward: 268.467 Cost: 2.000
arrive destination: False ,out of road:True   Total T: 817090 Episode Num: 2530 Episode T: 387 Reward: 454.140 Cost: 31.000
arrive destination: True ,out of road:False   Total T: 817325 Episode Num: 2531 Episode T: 235 Reward: 286.092 Cost: 9.000
arrive destination: True ,out of road:False   Total T: 817683 Episode Num: 2532 Episode T: 358 Reward: 506.487 Cost: 4.000
arrive destination: True ,out of road:False   Total T: 817911 Episode Num: 2533 Episode T: 228 Reward: 231.921 Cost: 9.000
arrive destination: True ,out of road:False   Total T: 818104 Episode Num: 2534 Episode T: 193 Reward: 233.131 Cost: 4.000
arrive destination: False ,out of road:True   Total T: 818323 Episode Num: 2535 Episode T: 219 Reward: 275.210 Cost: 11.000
arrive destination: True ,out of road:False   Total T: 818528 Episode Num: 2536 Episode T: 205 Reward: 230.629 Cost: 6.000
arrive destination: True ,out of road:False   Total T: 818813 Episode Num: 2537 Episode T: 285 Reward: 351.815 Cost: 4.000
arrive destination: True ,out of road:False   Total T: 819069 Episode Num: 2538 Episode T: 256 Reward: 295.566 Cost: 3.000
arrive destination: True ,out of road:False   Total T: 819265 Episode Num: 2539 Episode T: 196 Reward: 269.639 Cost: 0.000
arrive destination: True ,out of road:False   Total T: 819643 Episode Num: 2540 Episode T: 378 Reward: 377.158 Cost: 16.000
arrive destination: False ,out of road:True   Total T: 819869 Episode Num: 2541 Episode T: 226 Reward: 184.189 Cost: 16.000
---------------------------------------
Evaluation over 20 episodes: 0.950 Cost 15.850.             SafeRL used : use_qpsl
---------------------------------------
[34;1m
Time: 2026-06-30 01:13:42, Time spent from previous logger: 156.885 s[0m
[34;1mCustomLogger with fileds: ['total_steps', 'EpRet', 'EpCost', 'CostRate'][0m
[34;1mfieldvalues: [820000, 0.95, 15.85, 0.03631955648726401]
[0m
arrive destination: True ,out of road:False   Total T: 820196 Episode Num: 2542 Episode T: 327 Reward: 358.763 Cost: 2.000
arrive destination: True ,out of road:False   Total T: 820526 Episode Num: 2543 Episode T: 330 Reward: 269.926 Cost: 31.000
arrive destination: True ,out of road:False   Total T: 820858 Episode Num: 2544 Episode T: 332 Reward: 335.886 Cost: 9.000
arrive destination: True ,out of road:False   Total T: 821251 Episode Num: 2545 Episode T: 393 Reward: 374.487 Cost: 29.000
arrive destination: True ,out of road:False   Total T: 821695 Episode Num: 2546 Episode T: 444 Reward: 513.331 Cost: 26.000
arrive destination: True ,out of road:False   Total T: 821990 Episode Num: 2547 Episode T: 295 Reward: 275.702 Cost: 29.000
arrive destination: True ,out of road:False   Total T: 822413 Episode Num: 2548 Episode T: 423 Reward: 470.199 Cost: 11.000
arrive destination: True ,out of road:False   Total T: 822808 Episode Num: 2549 Episode T: 395 Reward: 381.273 Cost: 26.000
arrive destination: True ,out of road:False   Total T: 823029 Episode Num: 2550 Episode T: 221 Reward: 296.012 Cost: 1.000
arrive destination: False ,out of road:True   Total T: 823358 Episode Num: 2551 Episode T: 329 Reward: 280.404 Cost: 18.000
arrive destination: True ,out of road:False   Total T: 823565 Episode Num: 2552 Episode T: 207 Reward: 231.808 Cost: 5.000
arrive destination: False ,out of road:True   Total T: 823738 Episode Num: 2553 Episode T: 173 Reward: 191.004 Cost: 8.000
arrive destination: True ,out of road:False   Total T: 824134 Episode Num: 2554 Episode T: 396 Reward: 378.351 Cost: 13.000
arrive destination: True ,out of road:False   Total T: 824335 Episode Num: 2555 Episode T: 201 Reward: 232.113 Cost: 4.000
arrive destination: True ,out of road:False   Total T: 824645 Episode Num: 2556 Episode T: 310 Reward: 294.166 Cost: 18.000
arrive destination: True ,out of road:False   Total T: 824869 Episode Num: 2557 Episode T: 224 Reward: 274.091 Cost: 5.000
arrive destination: False ,out of road:True   Total T: 825302 Episode Num: 2558 Episode T: 433 Reward: 397.667 Cost: 37.000
arrive destination: True ,out of road:False   Total T: 825583 Episode Num: 2559 Episode T: 281 Reward: 294.790 Cost: 12.000
arrive destination: True ,out of road:False   Total T: 825807 Episode Num: 2560 Episode T: 224 Reward: 270.169 Cost: 3.000
arrive destination: True ,out of road:False   Total T: 826234 Episode Num: 2561 Episode T: 427 Reward: 410.640 Cost: 21.000
arrive destination: True ,out of road:False   Total T: 826554 Episode Num: 2562 Episode T: 320 Reward: 393.004 Cost: 0.000
arrive destination: True ,out of road:False   Total T: 826751 Episode Num: 2563 Episode T: 197 Reward: 270.174 Cost: 0.000
arrive destination: True ,out of road:False   Total T: 827096 Episode Num: 2564 Episode T: 345 Reward: 370.236 Cost: 17.000
arrive destination: True ,out of road:False   Total T: 827457 Episode Num: 2565 Episode T: 361 Reward: 392.210 Cost: 13.000
arrive destination: True ,out of road:False   Total T: 827904 Episode Num: 2566 Episode T: 447 Reward: 476.690 Cost: 13.000
arrive destination: False ,out of road:True   Total T: 828179 Episode Num: 2567 Episode T: 275 Reward: 349.001 Cost: 5.000
arrive destination: False ,out of road:True   Total T: 828410 Episode Num: 2568 Episode T: 231 Reward: 312.095 Cost: 1.000
arrive destination: True ,out of road:False   Total T: 828634 Episode Num: 2569 Episode T: 224 Reward: 284.287 Cost: 2.000
arrive destination: True ,out of road:False   Total T: 828862 Episode Num: 2570 Episode T: 228 Reward: 273.765 Cost: 8.000
arrive destination: True ,out of road:False   Total T: 829240 Episode Num: 2571 Episode T: 378 Reward: 397.634 Cost: 7.000
arrive destination: False ,out of road:True   Total T: 829782 Episode Num: 2572 Episode T: 542 Reward: 436.327 Cost: 46.000
---------------------------------------
Evaluation over 20 episodes: 0.900 Cost 8.750.             SafeRL used : use_qpsl
---------------------------------------
[34;1m
Time: 2026-06-30 01:16:12, Time spent from previous logger: 149.789 s[0m
[34;1mCustomLogger with fileds: ['total_steps', 'EpRet', 'EpCost', 'CostRate'][0m
[34;1mfieldvalues: [830000, 0.9, 8.75, 0.03639040528964493]
[0m
arrive destination: True ,out of road:False   Total T: 830431 Episode Num: 2573 Episode T: 649 Reward: 691.818 Cost: 14.000
arrive destination: True ,out of road:False   Total T: 830832 Episode Num: 2574 Episode T: 401 Reward: 503.292 Cost: 13.000
arrive destination: True ,out of road:False   Total T: 831101 Episode Num: 2575 Episode T: 269 Reward: 355.183 Cost: 12.000
arrive destination: False ,out of road:True   Total T: 831404 Episode Num: 2576 Episode T: 303 Reward: 253.243 Cost: 14.000
arrive destination: False ,out of road:True   Total T: 831624 Episode Num: 2577 Episode T: 220 Reward: 271.646 Cost: 8.000
arrive destination: True ,out of road:False   Total T: 831978 Episode Num: 2578 Episode T: 354 Reward: 506.603 Cost: 7.000
arrive destination: True ,out of road:False   Total T: 832183 Episode Num: 2579 Episode T: 205 Reward: 243.496 Cost: 0.000
arrive destination: True ,out of road:False   Total T: 832535 Episode Num: 2580 Episode T: 352 Reward: 398.078 Cost: 0.000
arrive destination: True ,out of road:False   Total T: 832775 Episode Num: 2581 Episode T: 240 Reward: 274.171 Cost: 2.000
arrive destination: True ,out of road:False   Total T: 832999 Episode Num: 2582 Episode T: 224 Reward: 296.009 Cost: 7.000
arrive destination: True ,out of road:False   Total T: 833217 Episode Num: 2583 Episode T: 218 Reward: 285.031 Cost: 1.000
arrive destination: False ,out of road:True   Total T: 833316 Episode Num: 2584 Episode T: 99 Reward: 83.025 Cost: 3.000
arrive destination: True ,out of road:False   Total T: 833551 Episode Num: 2585 Episode T: 235 Reward: 232.826 Cost: 15.000
arrive destination: True ,out of road:False   Total T: 833817 Episode Num: 2586 Episode T: 266 Reward: 265.232 Cost: 18.000
arrive destination: True ,out of road:False   Total T: 834039 Episode Num: 2587 Episode T: 222 Reward: 268.459 Cost: 1.000
arrive destination: True ,out of road:False   Total T: 834357 Episode Num: 2588 Episode T: 318 Reward: 371.086 Cost: 4.000
arrive destination: True ,out of road:False   Total T: 834590 Episode Num: 2589 Episode T: 233 Reward: 269.110 Cost: 4.000
arrive destination: True ,out of road:False   Total T: 834955 Episode Num: 2590 Episode T: 365 Reward: 412.889 Cost: 22.000
arrive destination: True ,out of road:False   Total T: 835189 Episode Num: 2591 Episode T: 234 Reward: 271.612 Cost: 2.000
arrive destination: True ,out of road:False   Total T: 835566 Episode Num: 2592 Episode T: 377 Reward: 381.681 Cost: 21.000
arrive destination: True ,out of road:False   Total T: 835820 Episode Num: 2593 Episode T: 254 Reward: 266.748 Cost: 6.000
arrive destination: True ,out of road:False   Total T: 836347 Episode Num: 2594 Episode T: 527 Reward: 494.131 Cost: 18.000
arrive destination: True ,out of road:False   Total T: 836546 Episode Num: 2595 Episode T: 199 Reward: 232.790 Cost: 2.000
arrive destination: True ,out of road:False   Total T: 836844 Episode Num: 2596 Episode T: 298 Reward: 262.474 Cost: 10.000
arrive destination: True ,out of road:False   Total T: 837055 Episode Num: 2597 Episode T: 211 Reward: 232.041 Cost: 7.000
arrive destination: True ,out of road:False   Total T: 837266 Episode Num: 2598 Episode T: 211 Reward: 231.728 Cost: 1.000
arrive destination: True ,out of road:False   Total T: 837503 Episode Num: 2599 Episode T: 237 Reward: 284.261 Cost: 3.000
arrive destination: True ,out of road:False   Total T: 837723 Episode Num: 2600 Episode T: 220 Reward: 277.120 Cost: 2.000
arrive destination: True ,out of road:False   Total T: 838059 Episode Num: 2601 Episode T: 336 Reward: 335.413 Cost: 21.000
arrive destination: True ,out of road:False   Total T: 838304 Episode Num: 2602 Episode T: 245 Reward: 306.122 Cost: 7.000
arrive destination: False ,out of road:True   Total T: 838467 Episode Num: 2603 Episode T: 163 Reward: 162.718 Cost: 6.000
arrive destination: True ,out of road:False   Total T: 838829 Episode Num: 2604 Episode T: 362 Reward: 379.139 Cost: 30.000
arrive destination: True ,out of road:False   Total T: 839092 Episode Num: 2605 Episode T: 263 Reward: 294.659 Cost: 11.000
arrive destination: True ,out of road:False   Total T: 839341 Episode Num: 2606 Episode T: 249 Reward: 306.008 Cost: 11.000
arrive destination: True ,out of road:False   Total T: 839645 Episode Num: 2607 Episode T: 304 Reward: 372.912 Cost: 5.000
arrive destination: False ,out of road:True   Total T: 839936 Episode Num: 2608 Episode T: 291 Reward: 224.109 Cost: 10.000
---------------------------------------
Evaluation over 20 episodes: 0.850 Cost 14.500.             SafeRL used : use_qpsl
---------------------------------------
[34;1m
Time: 2026-06-30 01:18:38, Time spent from previous logger: 145.914 s[0m
[34;1mCustomLogger with fileds: ['total_steps', 'EpRet', 'EpCost', 'CostRate'][0m
[34;1mfieldvalues: [840000, 0.85, 14.5, 0.03633337658735308]
[0m
arrive destination: True ,out of road:False   Total T: 840190 Episode Num: 2609 Episode T: 254 Reward: 277.783 Cost: 3.000
arrive destination: True ,out of road:False   Total T: 840451 Episode Num: 2610 Episode T: 261 Reward: 269.170 Cost: 16.000
arrive destination: True ,out of road:False   Total T: 840804 Episode Num: 2611 Episode T: 353 Reward: 373.443 Cost: 24.000
arrive destination: True ,out of road:False   Total T: 841144 Episode Num: 2612 Episode T: 340 Reward: 393.108 Cost: 0.000
arrive destination: True ,out of road:False   Total T: 841459 Episode Num: 2613 Episode T: 315 Reward: 397.475 Cost: 7.000
arrive destination: True ,out of road:False   Total T: 841661 Episode Num: 2614 Episode T: 202 Reward: 269.743 Cost: 2.000
arrive destination: True ,out of road:False   Total T: 841860 Episode Num: 2615 Episode T: 199 Reward: 269.537 Cost: 0.000
arrive destination: True ,out of road:False   Total T: 842093 Episode Num: 2616 Episode T: 233 Reward: 273.531 Cost: 2.000
arrive destination: True ,out of road:False   Total T: 842472 Episode Num: 2617 Episode T: 379 Reward: 335.963 Cost: 17.000
arrive destination: True ,out of road:False   Total T: 842697 Episode Num: 2618 Episode T: 225 Reward: 274.483 Cost: 4.000
arrive destination: True ,out of road:False   Total T: 842914 Episode Num: 2619 Episode T: 217 Reward: 271.173 Cost: 2.000
arrive destination: False ,out of road:True   Total T: 843124 Episode Num: 2620 Episode T: 210 Reward: 234.847 Cost: 4.000
arrive destination: True ,out of road:False   Total T: 843461 Episode Num: 2621 Episode T: 337 Reward: 413.263 Cost: 23.000
arrive destination: True ,out of road:False   Total T: 843841 Episode Num: 2622 Episode T: 380 Reward: 377.291 Cost: 23.000
arrive destination: True ,out of road:False   Total T: 844062 Episode Num: 2623 Episode T: 221 Reward: 290.300 Cost: 5.000
arrive destination: True ,out of road:False   Total T: 844497 Episode Num: 2624 Episode T: 435 Reward: 419.404 Cost: 47.000
arrive destination: True ,out of road:False   Total T: 844709 Episode Num: 2625 Episode T: 212 Reward: 285.415 Cost: 0.000
arrive destination: True ,out of road:False   Total T: 844911 Episode Num: 2626 Episode T: 202 Reward: 243.269 Cost: 0.000
arrive destination: False ,out of road:True   Total T: 845115 Episode Num: 2627 Episode T: 204 Reward: 205.168 Cost: 18.000
arrive destination: True ,out of road:False   Total T: 845448 Episode Num: 2628 Episode T: 333 Reward: 396.636 Cost: 0.000
arrive destination: False ,out of road:True   Total T: 845765 Episode Num: 2629 Episode T: 317 Reward: 340.667 Cost: 10.000
arrive destination: True ,out of road:False   Total T: 846076 Episode Num: 2630 Episode T: 311 Reward: 389.388 Cost: 0.000
arrive destination: True ,out of road:False   Total T: 846329 Episode Num: 2631 Episode T: 253 Reward: 296.002 Cost: 21.000
arrive destination: True ,out of road:False   Total T: 846556 Episode Num: 2632 Episode T: 227 Reward: 285.158 Cost: 2.000
arrive destination: True ,out of road:False   Total T: 846804 Episode Num: 2633 Episode T: 248 Reward: 268.775 Cost: 11.000
arrive destination: True ,out of road:False   Total T: 847147 Episode Num: 2634 Episode T: 343 Reward: 294.128 Cost: 19.000
arrive destination: True ,out of road:False   Total T: 847577 Episode Num: 2635 Episode T: 430 Reward: 418.004 Cost: 19.000
arrive destination: True ,out of road:False   Total T: 847899 Episode Num: 2636 Episode T: 322 Reward: 397.827 Cost: 13.000
arrive destination: False ,out of road:True   Total T: 848110 Episode Num: 2637 Episode T: 211 Reward: 191.718 Cost: 12.000
arrive destination: True ,out of road:False   Total T: 848387 Episode Num: 2638 Episode T: 277 Reward: 376.458 Cost: 5.000
arrive destination: True ,out of road:False   Total T: 848826 Episode Num: 2639 Episode T: 439 Reward: 413.517 Cost: 21.000
arrive destination: True ,out of road:False   Total T: 849021 Episode Num: 2640 Episode T: 195 Reward: 230.849 Cost: 0.000
arrive destination: True ,out of road:False   Total T: 849299 Episode Num: 2641 Episode T: 278 Reward: 348.115 Cost: 8.000
arrive destination: True ,out of road:False   Total T: 849540 Episode Num: 2642 Episode T: 241 Reward: 269.154 Cost: 6.000
arrive destination: False ,out of road:True   Total T: 849690 Episode Num: 2643 Episode T: 150 Reward: 167.197 Cost: 1.000
---------------------------------------
Evaluation over 20 episodes: 0.850 Cost 10.700.             SafeRL used : use_qpsl
---------------------------------------
[34;1m
Time: 2026-06-30 01:21:01, Time spent from previous logger: 142.911 s[0m
[34;1mCustomLogger with fileds: ['total_steps', 'EpRet', 'EpCost', 'CostRate'][0m
[34;1mfieldvalues: [850000, 0.85, 10.7, 0.036327101561295955]
[0m
arrive destination: True ,out of road:False   Total T: 850322 Episode Num: 2644 Episode T: 632 Reward: 760.970 Cost: 21.000
arrive destination: True ,out of road:False   Total T: 850589 Episode Num: 2645 Episode T: 267 Reward: 350.679 Cost: 7.000
arrive destination: True ,out of road:False   Total T: 850815 Episode Num: 2646 Episode T: 226 Reward: 295.419 Cost: 2.000
arrive destination: True ,out of road:False   Total T: 851071 Episode Num: 2647 Episode T: 256 Reward: 285.729 Cost: 4.000
arrive destination: True ,out of road:False   Total T: 851283 Episode Num: 2648 Episode T: 212 Reward: 269.065 Cost: 1.000
arrive destination: False ,out of road:True   Total T: 851446 Episode Num: 2649 Episode T: 163 Reward: 148.149 Cost: 13.000
arrive destination: True ,out of road:False   Total T: 851756 Episode Num: 2650 Episode T: 310 Reward: 395.618 Cost: 0.000
arrive destination: True ,out of road:False   Total T: 851949 Episode Num: 2651 Episode T: 193 Reward: 269.041 Cost: 1.000
arrive destination: True ,out of road:False   Total T: 852149 Episode Num: 2652 Episode T: 200 Reward: 242.889 Cost: 0.000
arrive destination: True ,out of road:False   Total T: 852370 Episode Num: 2653 Episode T: 221 Reward: 295.623 Cost: 1.000
arrive destination: True ,out of road:False   Total T: 852666 Episode Num: 2654 Episode T: 296 Reward: 268.431 Cost: 12.000
arrive destination: True ,out of road:False   Total T: 852983 Episode Num: 2655 Episode T: 317 Reward: 381.255 Cost: 12.000
arrive destination: True ,out of road:False   Total T: 853191 Episode Num: 2656 Episode T: 208 Reward: 244.538 Cost: 0.000
arrive destination: True ,out of road:False   Total T: 853522 Episode Num: 2657 Episode T: 331 Reward: 391.786 Cost: 0.000
arrive destination: False ,out of road:True   Total T: 853687 Episode Num: 2658 Episode T: 165 Reward: 130.596 Cost: 9.000
arrive destination: True ,out of road:False   Total T: 853909 Episode Num: 2659 Episode T: 222 Reward: 286.582 Cost: 0.000
arrive destination: True ,out of road:False   Total T: 854273 Episode Num: 2660 Episode T: 364 Reward: 399.159 Cost: 5.000
arrive destination: True ,out of road:False   Total T: 854675 Episode Num: 2661 Episode T: 402 Reward: 423.734 Cost: 12.000
arrive destination: True ,out of road:False   Total T: 854903 Episode Num: 2662 Episode T: 228 Reward: 270.698 Cost: 3.000
arrive destination: True ,out of road:False   Total T: 855222 Episode Num: 2663 Episode T: 319 Reward: 369.122 Cost: 12.000
arrive destination: True ,out of road:False   Total T: 855552 Episode Num: 2664 Episode T: 330 Reward: 380.312 Cost: 11.000
arrive destination: True ,out of road:False   Total T: 855944 Episode Num: 2665 Episode T: 392 Reward: 490.976 Cost: 24.000
arrive destination: False ,out of road:True   Total T: 856201 Episode Num: 2666 Episode T: 257 Reward: 314.929 Cost: 10.000
arrive destination: False ,out of road:True   Total T: 856444 Episode Num: 2667 Episode T: 243 Reward: 218.910 Cost: 20.000
arrive destination: False ,out of road:True   Total T: 856605 Episode Num: 2668 Episode T: 161 Reward: 166.143 Cost: 4.000
arrive destination: True ,out of road:False   Total T: 856915 Episode Num: 2669 Episode T: 310 Reward: 365.515 Cost: 7.000
arrive destination: True ,out of road:False   Total T: 857166 Episode Num: 2670 Episode T: 251 Reward: 295.689 Cost: 9.000
arrive destination: True ,out of road:False   Total T: 857546 Episode Num: 2671 Episode T: 380 Reward: 504.532 Cost: 6.000
arrive destination: True ,out of road:False   Total T: 857752 Episode Num: 2672 Episode T: 206 Reward: 244.202 Cost: 0.000
arrive destination: False ,out of road:True   Total T: 857966 Episode Num: 2673 Episode T: 214 Reward: 206.013 Cost: 15.000
arrive destination: True ,out of road:False   Total T: 858202 Episode Num: 2674 Episode T: 236 Reward: 295.338 Cost: 5.000
arrive destination: True ,out of road:False   Total T: 858639 Episode Num: 2675 Episode T: 437 Reward: 412.532 Cost: 16.000
arrive destination: True ,out of road:False   Total T: 858929 Episode Num: 2676 Episode T: 290 Reward: 351.541 Cost: 11.000
arrive destination: True ,out of road:False   Total T: 859326 Episode Num: 2677 Episode T: 397 Reward: 336.300 Cost: 22.000
arrive destination: True ,out of road:False   Total T: 859645 Episode Num: 2678 Episode T: 319 Reward: 393.018 Cost: 0.000
arrive destination: True ,out of road:False   Total T: 859876 Episode Num: 2679 Episode T: 231 Reward: 285.345 Cost: 8.000
---------------------------------------
Evaluation over 20 episodes: 0.850 Cost 13.100.             SafeRL used : use_qpsl
---------------------------------------
[34;1m
Time: 2026-06-30 01:23:28, Time spent from previous logger: 147.023 s[0m
[34;1mCustomLogger with fileds: ['total_steps', 'EpRet', 'EpCost', 'CostRate'][0m
[34;1mfieldvalues: [860000, 0.85, 13.1, 0.036218646765868334]
[0m
arrive destination: False ,out of road:True   Total T: 860491 Episode Num: 2680 Episode T: 615 Reward: 615.854 Cost: 39.000
arrive destination: True ,out of road:False   Total T: 860858 Episode Num: 2681 Episode T: 367 Reward: 294.562 Cost: 39.000
arrive destination: False ,out of road:True   Total T: 861148 Episode Num: 2682 Episode T: 290 Reward: 244.131 Cost: 18.000
arrive destination: True ,out of road:False   Total T: 861381 Episode Num: 2683 Episode T: 233 Reward: 284.606 Cost: 6.000
arrive destination: True ,out of road:False   Total T: 861815 Episode Num: 2684 Episode T: 434 Reward: 476.426 Cost: 18.000
arrive destination: True ,out of road:False   Total T: 862073 Episode Num: 2685 Episode T: 258 Reward: 233.359 Cost: 20.000
arrive destination: True ,out of road:False   Total T: 862283 Episode Num: 2686 Episode T: 210 Reward: 269.371 Cost: 3.000
arrive destination: True ,out of road:False   Total T: 862540 Episode Num: 2687 Episode T: 257 Reward: 350.018 Cost: 5.000
arrive destination: True ,out of road:False   Total T: 862800 Episode Num: 2688 Episode T: 260 Reward: 356.014 Cost: 0.000
arrive destination: True ,out of road:False   Total T: 863069 Episode Num: 2689 Episode T: 269 Reward: 294.281 Cost: 6.000
arrive destination: True ,out of road:False   Total T: 863389 Episode Num: 2690 Episode T: 320 Reward: 390.532 Cost: 0.000
arrive destination: True ,out of road:False   Total T: 863673 Episode Num: 2691 Episode T: 284 Reward: 335.547 Cost: 4.000
arrive destination: True ,out of road:False   Total T: 863933 Episode Num: 2692 Episode T: 260 Reward: 352.380 Cost: 4.000
arrive destination: True ,out of road:False   Total T: 864164 Episode Num: 2693 Episode T: 231 Reward: 272.508 Cost: 1.000
arrive destination: False ,out of road:True   Total T: 864598 Episode Num: 2694 Episode T: 434 Reward: 425.457 Cost: 34.000
arrive destination: True ,out of road:False   Total T: 864821 Episode Num: 2695 Episode T: 223 Reward: 315.844 Cost: 8.000
arrive destination: True ,out of road:True   Total T: 865161 Episode Num: 2696 Episode T: 340 Reward: 414.395 Cost: 15.000
arrive destination: True ,out of road:False   Total T: 865713 Episode Num: 2697 Episode T: 552 Reward: 494.242 Cost: 44.000
arrive destination: True ,out of road:False   Total T: 865982 Episode Num: 2698 Episode T: 269 Reward: 266.949 Cost: 10.000
arrive destination: True ,out of road:False   Total T: 866228 Episode Num: 2699 Episode T: 246 Reward: 272.302 Cost: 2.000
arrive destination: True ,out of road:False   Total T: 866492 Episode Num: 2700 Episode T: 264 Reward: 294.316 Cost: 10.000
arrive destination: True ,out of road:False   Total T: 866725 Episode Num: 2701 Episode T: 233 Reward: 285.537 Cost: 8.000
arrive destination: True ,out of road:False   Total T: 866928 Episode Num: 2702 Episode T: 203 Reward: 240.680 Cost: 0.000
arrive destination: True ,out of road:False   Total T: 867461 Episode Num: 2703 Episode T: 533 Reward: 420.111 Cost: 55.000
arrive destination: True ,out of road:False   Total T: 867737 Episode Num: 2704 Episode T: 276 Reward: 335.649 Cost: 12.000
arrive destination: False ,out of road:True   Total T: 867962 Episode Num: 2705 Episode T: 225 Reward: 212.592 Cost: 15.000
arrive destination: True ,out of road:False   Total T: 868396 Episode Num: 2706 Episode T: 434 Reward: 412.796 Cost: 22.000
arrive destination: True ,out of road:False   Total T: 868611 Episode Num: 2707 Episode T: 215 Reward: 269.500 Cost: 2.000
arrive destination: True ,out of road:False   Total T: 868928 Episode Num: 2708 Episode T: 317 Reward: 392.040 Cost: 0.000
arrive destination: True ,out of road:False   Total T: 869150 Episode Num: 2709 Episode T: 222 Reward: 269.135 Cost: 3.000
arrive destination: True ,out of road:False   Total T: 869364 Episode Num: 2710 Episode T: 214 Reward: 269.894 Cost: 3.000
arrive destination: True ,out of road:False   Total T: 869592 Episode Num: 2711 Episode T: 228 Reward: 232.229 Cost: 10.000
arrive destination: True ,out of road:False   Total T: 869822 Episode Num: 2712 Episode T: 230 Reward: 282.950 Cost: 3.000
---------------------------------------
Evaluation over 20 episodes: 0.800 Cost 15.550.             SafeRL used : use_qpsl
---------------------------------------
[34;1m
Time: 2026-06-30 01:25:59, Time spent from previous logger: 151.555 s[0m
[34;1mCustomLogger with fileds: ['total_steps', 'EpRet', 'EpCost', 'CostRate'][0m
[34;1mfieldvalues: [870000, 0.8, 15.55, 0.03628854745810053]
[0m
arrive destination: True ,out of road:False   Total T: 870391 Episode Num: 2713 Episode T: 569 Reward: 648.182 Cost: 15.000
arrive destination: True ,out of road:False   Total T: 870637 Episode Num: 2714 Episode T: 246 Reward: 271.205 Cost: 3.000
arrive destination: True ,out of road:False   Total T: 870908 Episode Num: 2715 Episode T: 271 Reward: 294.538 Cost: 10.000
arrive destination: True ,out of road:False   Total T: 871180 Episode Num: 2716 Episode T: 272 Reward: 295.465 Cost: 22.000
arrive destination: False ,out of road:True   Total T: 871535 Episode Num: 2717 Episode T: 355 Reward: 348.897 Cost: 29.000
arrive destination: True ,out of road:False   Total T: 871800 Episode Num: 2718 Episode T: 265 Reward: 266.900 Cost: 4.000
arrive destination: True ,out of road:False   Total T: 872023 Episode Num: 2719 Episode T: 223 Reward: 285.599 Cost: 1.000
arrive destination: True ,out of road:False   Total T: 872237 Episode Num: 2720 Episode T: 214 Reward: 284.867 Cost: 2.000
arrive destination: True ,out of road:False   Total T: 872711 Episode Num: 2721 Episode T: 474 Reward: 497.403 Cost: 28.000
arrive destination: True ,out of road:False   Total T: 872920 Episode Num: 2722 Episode T: 209 Reward: 245.369 Cost: 0.000
arrive destination: True ,out of road:False   Total T: 873333 Episode Num: 2723 Episode T: 413 Reward: 471.465 Cost: 12.000
arrive destination: True ,out of road:False   Total T: 873807 Episode Num: 2724 Episode T: 474 Reward: 409.224 Cost: 50.000
arrive destination: True ,out of road:False   Total T: 874033 Episode Num: 2725 Episode T: 226 Reward: 273.278 Cost: 3.000
arrive destination: True ,out of road:False   Total T: 874330 Episode Num: 2726 Episode T: 297 Reward: 269.921 Cost: 6.000
arrive destination: True ,out of road:False   Total T: 874913 Episode Num: 2727 Episode T: 583 Reward: 423.631 Cost: 54.000
arrive destination: False ,out of road:True   Total T: 875228 Episode Num: 2728 Episode T: 315 Reward: 351.802 Cost: 17.000
arrive destination: True ,out of road:False   Total T: 875454 Episode Num: 2729 Episode T: 226 Reward: 274.282 Cost: 1.000
arrive destination: True ,out of road:False   Total T: 875828 Episode Num: 2730 Episode T: 374 Reward: 412.700 Cost: 23.000
arrive destination: True ,out of road:False   Total T: 876146 Episode Num: 2731 Episode T: 318 Reward: 395.839 Cost: 3.000
arrive destination: True ,out of road:False   Total T: 876337 Episode Num: 2732 Episode T: 191 Reward: 269.436 Cost: 0.000
arrive destination: True ,out of road:False   Total T: 876683 Episode Num: 2733 Episode T: 346 Reward: 503.210 Cost: 6.000
arrive destination: True ,out of road:False   Total T: 876986 Episode Num: 2734 Episode T: 303 Reward: 407.352 Cost: 2.000
arrive destination: True ,out of road:False   Total T: 877414 Episode Num: 2735 Episode T: 428 Reward: 382.243 Cost: 36.000
arrive destination: True ,out of road:False   Total T: 877678 Episode Num: 2736 Episode T: 264 Reward: 294.660 Cost: 12.000
arrive destination: False ,out of road:True   Total T: 877921 Episode Num: 2737 Episode T: 243 Reward: 308.468 Cost: 6.000
arrive destination: True ,out of road:False   Total T: 878265 Episode Num: 2738 Episode T: 344 Reward: 335.884 Cost: 13.000
arrive destination: True ,out of road:False   Total T: 878584 Episode Num: 2739 Episode T: 319 Reward: 391.813 Cost: 0.000
arrive destination: True ,out of road:False   Total T: 878816 Episode Num: 2740 Episode T: 232 Reward: 269.680 Cost: 7.000
arrive destination: True ,out of road:False   Total T: 879198 Episode Num: 2741 Episode T: 382 Reward: 414.431 Cost: 17.000
arrive destination: True ,out of road:False   Total T: 879560 Episode Num: 2742 Episode T: 362 Reward: 420.684 Cost: 15.000
arrive destination: True ,out of road:False   Total T: 879863 Episode Num: 2743 Episode T: 303 Reward: 372.247 Cost: 2.000
---------------------------------------
Evaluation over 20 episodes: 0.800 Cost 13.250.             SafeRL used : use_qpsl
---------------------------------------
[34;1m
Time: 2026-06-30 01:28:31, Time spent from previous logger: 151.603 s[0m
[34;1mCustomLogger with fileds: ['total_steps', 'EpRet', 'EpCost', 'CostRate'][0m
[34;1mfieldvalues: [880000, 0.8, 13.25, 0.036325041278456]
[0m
arrive destination: True ,out of road:False   Total T: 880259 Episode Num: 2744 Episode T: 396 Reward: 498.438 Cost: 0.000
arrive destination: True ,out of road:False   Total T: 880477 Episode Num: 2745 Episode T: 218 Reward: 269.975 Cost: 1.000
arrive destination: True ,out of road:False   Total T: 880709 Episode Num: 2746 Episode T: 232 Reward: 274.846 Cost: 0.000
arrive destination: True ,out of road:False   Total T: 880936 Episode Num: 2747 Episode T: 227 Reward: 268.456 Cost: 3.000
arrive destination: True ,out of road:False   Total T: 881126 Episode Num: 2748 Episode T: 190 Reward: 269.585 Cost: 0.000
arrive destination: True ,out of road:False   Total T: 881563 Episode Num: 2749 Episode T: 437 Reward: 418.113 Cost: 27.000
arrive destination: True ,out of road:False   Total T: 881862 Episode Num: 2750 Episode T: 299 Reward: 367.783 Cost: 1.000
arrive destination: True ,out of road:False   Total T: 882094 Episode Num: 2751 Episode T: 232 Reward: 274.859 Cost: 2.000
arrive destination: True ,out of road:False   Total T: 882345 Episode Num: 2752 Episode T: 251 Reward: 296.146 Cost: 5.000
arrive destination: True ,out of road:False   Total T: 882633 Episode Num: 2753 Episode T: 288 Reward: 334.888 Cost: 3.000
arrive destination: True ,out of road:False   Total T: 883228 Episode Num: 2754 Episode T: 595 Reward: 424.086 Cost: 37.000
arrive destination: True ,out of road:False   Total T: 883469 Episode Num: 2755 Episode T: 241 Reward: 295.330 Cost: 10.000
arrive destination: True ,out of road:False   Total T: 883702 Episode Num: 2756 Episode T: 233 Reward: 274.195 Cost: 0.000
arrive destination: True ,out of road:False   Total T: 883946 Episode Num: 2757 Episode T: 244 Reward: 267.520 Cost: 9.000
arrive destination: True ,out of road:False   Total T: 884192 Episode Num: 2758 Episode T: 246 Reward: 295.816 Cost: 9.000
arrive destination: True ,out of road:False   Total T: 884394 Episode Num: 2759 Episode T: 202 Reward: 242.473 Cost: 0.000
arrive destination: True ,out of road:False   Total T: 884604 Episode Num: 2760 Episode T: 210 Reward: 232.368 Cost: 6.000
arrive destination: True ,out of road:False   Total T: 884913 Episode Num: 2761 Episode T: 309 Reward: 372.839 Cost: 14.000
arrive destination: True ,out of road:False   Total T: 885120 Episode Num: 2762 Episode T: 207 Reward: 268.748 Cost: 1.000
arrive destination: False ,out of road:True   Total T: 885214 Episode Num: 2763 Episode T: 94 Reward: 76.434 Cost: 1.000
arrive destination: True ,out of road:False   Total T: 885564 Episode Num: 2764 Episode T: 350 Reward: 335.699 Cost: 16.000
arrive destination: True ,out of road:False   Total T: 885783 Episode Num: 2765 Episode T: 219 Reward: 285.324 Cost: 0.000
arrive destination: False ,out of road:True   Total T: 886066 Episode Num: 2766 Episode T: 283 Reward: 353.375 Cost: 13.000
arrive destination: True ,out of road:False   Total T: 886483 Episode Num: 2767 Episode T: 417 Reward: 506.840 Cost: 18.000
arrive destination: True ,out of road:False   Total T: 886731 Episode Num: 2768 Episode T: 248 Reward: 277.459 Cost: 1.000
arrive destination: True ,out of road:False   Total T: 886941 Episode Num: 2769 Episode T: 210 Reward: 232.158 Cost: 6.000
arrive destination: True ,out of road:False   Total T: 887236 Episode Num: 2770 Episode T: 295 Reward: 293.781 Cost: 26.000
arrive destination: True ,out of road:False   Total T: 887625 Episode Num: 2771 Episode T: 389 Reward: 375.763 Cost: 21.000
arrive destination: True ,out of road:False   Total T: 888042 Episode Num: 2772 Episode T: 417 Reward: 499.451 Cost: 26.000
arrive destination: True ,out of road:False   Total T: 888302 Episode Num: 2773 Episode T: 260 Reward: 270.063 Cost: 9.000
arrive destination: True ,out of road:False   Total T: 888800 Episode Num: 2774 Episode T: 498 Reward: 499.531 Cost: 30.000
arrive destination: False ,out of road:True   Total T: 888970 Episode Num: 2775 Episode T: 170 Reward: 149.689 Cost: 12.000
arrive destination: True ,out of road:False   Total T: 889377 Episode Num: 2776 Episode T: 407 Reward: 503.569 Cost: 17.000
arrive destination: True ,out of road:False   Total T: 889647 Episode Num: 2777 Episode T: 270 Reward: 351.310 Cost: 5.000
---------------------------------------
Evaluation over 20 episodes: 0.850 Cost 9.150.             SafeRL used : use_qpsl
---------------------------------------
[34;1m
Time: 2026-06-30 01:31:01, Time spent from previous logger: 150.073 s[0m
[34;1mCustomLogger with fileds: ['total_steps', 'EpRet', 'EpCost', 'CostRate'][0m
[34;1mfieldvalues: [890000, 0.85, 9.15, 0.036313523947779716]
[0m
arrive destination: True ,out of road:False   Total T: 890225 Episode Num: 2778 Episode T: 578 Reward: 705.471 Cost: 25.000
arrive destination: True ,out of road:False   Total T: 890472 Episode Num: 2779 Episode T: 247 Reward: 335.469 Cost: 1.000
arrive destination: True ,out of road:False   Total T: 890823 Episode Num: 2780 Episode T: 351 Reward: 336.111 Cost: 16.000
arrive destination: True ,out of road:False   Total T: 891133 Episode Num: 2781 Episode T: 310 Reward: 294.680 Cost: 34.000
arrive destination: True ,out of road:False   Total T: 891395 Episode Num: 2782 Episode T: 262 Reward: 294.062 Cost: 17.000
arrive destination: False ,out of road:True   Total T: 891541 Episode Num: 2783 Episode T: 146 Reward: 164.913 Cost: 1.000
arrive destination: True ,out of road:False   Total T: 891953 Episode Num: 2784 Episode T: 412 Reward: 505.616 Cost: 18.000
arrive destination: False ,out of road:True   Total T: 892084 Episode Num: 2785 Episode T: 131 Reward: 122.540 Cost: 6.000
arrive destination: True ,out of road:False   Total T: 892348 Episode Num: 2786 Episode T: 264 Reward: 354.895 Cost: 0.000
arrive destination: True ,out of road:False   Total T: 892621 Episode Num: 2787 Episode T: 273 Reward: 350.173 Cost: 8.000
arrive destination: True ,out of road:False   Total T: 892863 Episode Num: 2788 Episode T: 242 Reward: 270.941 Cost: 13.000
arrive destination: True ,out of road:False   Total T: 893229 Episode Num: 2789 Episode T: 366 Reward: 376.245 Cost: 26.000
arrive destination: True ,out of road:False   Total T: 893669 Episode Num: 2790 Episode T: 440 Reward: 474.305 Cost: 17.000
arrive destination: True ,out of road:False   Total T: 893933 Episode Num: 2791 Episode T: 264 Reward: 268.359 Cost: 18.000
arrive destination: True ,out of road:False   Total T: 894300 Episode Num: 2792 Episode T: 367 Reward: 397.665 Cost: 32.000
arrive destination: True ,out of road:False   Total T: 894561 Episode Num: 2793 Episode T: 261 Reward: 270.526 Cost: 13.000
arrive destination: True ,out of road:False   Total T: 894915 Episode Num: 2794 Episode T: 354 Reward: 505.727 Cost: 11.000
arrive destination: True ,out of road:False   Total T: 895170 Episode Num: 2795 Episode T: 255 Reward: 294.178 Cost: 19.000
arrive destination: True ,out of road:False   Total T: 895390 Episode Num: 2796 Episode T: 220 Reward: 286.091 Cost: 0.000
arrive destination: True ,out of road:False   Total T: 895617 Episode Num: 2797 Episode T: 227 Reward: 274.053 Cost: 2.000
arrive destination: False ,out of road:True   Total T: 895864 Episode Num: 2798 Episode T: 247 Reward: 327.853 Cost: 1.000
arrive destination: True ,out of road:False   Total T: 896127 Episode Num: 2799 Episode T: 263 Reward: 266.388 Cost: 10.000
arrive destination: True ,out of road:False   Total T: 896354 Episode Num: 2800 Episode T: 227 Reward: 272.876 Cost: 0.000
arrive destination: True ,out of road:False   Total T: 896660 Episode Num: 2801 Episode T: 306 Reward: 370.333 Cost: 7.000
arrive destination: True ,out of road:False   Total T: 896884 Episode Num: 2802 Episode T: 224 Reward: 274.109 Cost: 1.000
arrive destination: True ,out of road:False   Total T: 897266 Episode Num: 2803 Episode T: 382 Reward: 392.930 Cost: 29.000
arrive destination: True ,out of road:False   Total T: 897475 Episode Num: 2804 Episode T: 209 Reward: 247.534 Cost: 0.000
arrive destination: True ,out of road:False   Total T: 897817 Episode Num: 2805 Episode T: 342 Reward: 373.395 Cost: 19.000
arrive destination: True ,out of road:False   Total T: 898157 Episode Num: 2806 Episode T: 340 Reward: 375.474 Cost: 24.000
arrive destination: True ,out of road:False   Total T: 898490 Episode Num: 2807 Episode T: 333 Reward: 380.995 Cost: 11.000
arrive destination: True ,out of road:False   Total T: 898751 Episode Num: 2808 Episode T: 261 Reward: 354.377 Cost: 0.000
arrive destination: True ,out of road:False   Total T: 898944 Episode Num: 2809 Episode T: 193 Reward: 269.361 Cost: 0.000
arrive destination: True ,out of road:False   Total T: 899203 Episode Num: 2810 Episode T: 259 Reward: 264.118 Cost: 10.000
arrive destination: False ,out of road:True   Total T: 899340 Episode Num: 2811 Episode T: 137 Reward: 144.800 Cost: 1.000
arrive destination: True ,out of road:False   Total T: 899561 Episode Num: 2812 Episode T: 221 Reward: 294.859 Cost: 10.000
arrive destination: True ,out of road:False   Total T: 899775 Episode Num: 2813 Episode T: 214 Reward: 285.599 Cost: 1.000
---------------------------------------
Evaluation over 20 episodes: 0.800 Cost 10.400.             SafeRL used : use_qpsl
---------------------------------------
[34;1m
Time: 2026-06-30 01:33:29, Time spent from previous logger: 148.099 s[0m
[34;1mCustomLogger with fileds: ['total_steps', 'EpRet', 'EpCost', 'CostRate'][0m
[34;1mfieldvalues: [900000, 0.8, 10.4, 0.03634559593955104]
[0m
arrive destination: True ,out of road:False   Total T: 900273 Episode Num: 2814 Episode T: 498 Reward: 606.398 Cost: 21.000
arrive destination: True ,out of road:False   Total T: 900502 Episode Num: 2815 Episode T: 229 Reward: 269.128 Cost: 3.000
arrive destination: True ,out of road:False   Total T: 900822 Episode Num: 2816 Episode T: 320 Reward: 391.364 Cost: 21.000
arrive destination: True ,out of road:False   Total T: 901142 Episode Num: 2817 Episode T: 320 Reward: 372.691 Cost: 12.000
arrive destination: True ,out of road:False   Total T: 901383 Episode Num: 2818 Episode T: 241 Reward: 295.983 Cost: 5.000
arrive destination: True ,out of road:False   Total T: 901698 Episode Num: 2819 Episode T: 315 Reward: 397.311 Cost: 0.000
arrive destination: True ,out of road:False   Total T: 901953 Episode Num: 2820 Episode T: 255 Reward: 336.021 Cost: 12.000
arrive destination: True ,out of road:False   Total T: 902211 Episode Num: 2821 Episode T: 258 Reward: 352.172 Cost: 5.000
arrive destination: False ,out of road:True   Total T: 902401 Episode Num: 2822 Episode T: 190 Reward: 186.556 Cost: 10.000
arrive destination: True ,out of road:False   Total T: 902616 Episode Num: 2823 Episode T: 215 Reward: 284.035 Cost: 0.000
arrive destination: True ,out of road:False   Total T: 902993 Episode Num: 2824 Episode T: 377 Reward: 345.954 Cost: 14.000
arrive destination: True ,out of road:False   Total T: 903322 Episode Num: 2825 Episode T: 329 Reward: 366.519 Cost: 25.000
arrive destination: True ,out of road:False   Total T: 903728 Episode Num: 2826 Episode T: 406 Reward: 406.339 Cost: 29.000
arrive destination: True ,out of road:False   Total T: 904047 Episode Num: 2827 Episode T: 319 Reward: 388.532 Cost: 0.000
arrive destination: False ,out of road:True   Total T: 904208 Episode Num: 2828 Episode T: 161 Reward: 165.849 Cost: 8.000
arrive destination: True ,out of road:False   Total T: 904449 Episode Num: 2829 Episode T: 241 Reward: 284.035 Cost: 2.000
arrive destination: True ,out of road:False   Total T: 904758 Episode Num: 2830 Episode T: 309 Reward: 399.264 Cost: 4.000
arrive destination: False ,out of road:True   Total T: 904981 Episode Num: 2831 Episode T: 223 Reward: 69.167 Cost: 16.000
arrive destination: True ,out of road:False   Total T: 905272 Episode Num: 2832 Episode T: 291 Reward: 399.544 Cost: 3.000
arrive destination: False ,out of road:True   Total T: 905371 Episode Num: 2833 Episode T: 99 Reward: 76.500 Cost: 1.000
arrive destination: True ,out of road:False   Total T: 905735 Episode Num: 2834 Episode T: 364 Reward: 411.714 Cost: 18.000
arrive destination: True ,out of road:False   Total T: 905958 Episode Num: 2835 Episode T: 223 Reward: 270.838 Cost: 3.000
arrive destination: True ,out of road:False   Total T: 906163 Episode Num: 2836 Episode T: 205 Reward: 244.914 Cost: 0.000
arrive destination: True ,out of road:False   Total T: 906389 Episode Num: 2837 Episode T: 226 Reward: 273.145 Cost: 3.000
arrive destination: True ,out of road:False   Total T: 906727 Episode Num: 2838 Episode T: 338 Reward: 335.337 Cost: 23.000
arrive destination: True ,out of road:False   Total T: 907038 Episode Num: 2839 Episode T: 311 Reward: 392.634 Cost: 0.000
arrive destination: True ,out of road:False   Total T: 907285 Episode Num: 2840 Episode T: 247 Reward: 334.849 Cost: 1.000
arrive destination: True ,out of road:False   Total T: 907481 Episode Num: 2841 Episode T: 196 Reward: 231.033 Cost: 1.000
arrive destination: True ,out of road:False   Total T: 907766 Episode Num: 2842 Episode T: 285 Reward: 268.083 Cost: 13.000
arrive destination: True ,out of road:False   Total T: 908058 Episode Num: 2843 Episode T: 292 Reward: 267.009 Cost: 18.000
arrive destination: True ,out of road:False   Total T: 908331 Episode Num: 2844 Episode T: 273 Reward: 334.834 Cost: 3.000
arrive destination: True ,out of road:False   Total T: 908622 Episode Num: 2845 Episode T: 291 Reward: 294.299 Cost: 13.000
arrive destination: True ,out of road:False   Total T: 908880 Episode Num: 2846 Episode T: 258 Reward: 294.211 Cost: 19.000
arrive destination: True ,out of road:False   Total T: 909242 Episode Num: 2847 Episode T: 362 Reward: 401.527 Cost: 8.000
arrive destination: True ,out of road:False   Total T: 909533 Episode Num: 2848 Episode T: 291 Reward: 270.283 Cost: 11.000
arrive destination: False ,out of road:True   Total T: 909714 Episode Num: 2849 Episode T: 181 Reward: 172.115 Cost: 14.000
---------------------------------------
Evaluation over 20 episodes: 0.700 Cost 10.300.             SafeRL used : use_qpsl
---------------------------------------
[34;1m
Time: 2026-06-30 01:35:56, Time spent from previous logger: 147.450 s[0m
[34;1mCustomLogger with fileds: ['total_steps', 'EpRet', 'EpCost', 'CostRate'][0m
[34;1mfieldvalues: [910000, 0.7, 10.3, 0.03632091903397696]
[0m
arrive destination: True ,out of road:False   Total T: 910364 Episode Num: 2850 Episode T: 650 Reward: 736.768 Cost: 38.000
arrive destination: True ,out of road:False   Total T: 910644 Episode Num: 2851 Episode T: 280 Reward: 268.597 Cost: 15.000
arrive destination: True ,out of road:False   Total T: 911104 Episode Num: 2852 Episode T: 460 Reward: 500.731 Cost: 30.000
arrive destination: True ,out of road:False   Total T: 911714 Episode Num: 2853 Episode T: 610 Reward: 425.319 Cost: 60.000
arrive destination: True ,out of road:False   Total T: 912089 Episode Num: 2854 Episode T: 375 Reward: 336.280 Cost: 22.000
arrive destination: True ,out of road:False   Total T: 912287 Episode Num: 2855 Episode T: 198 Reward: 244.154 Cost: 0.000
arrive destination: True ,out of road:False   Total T: 912593 Episode Num: 2856 Episode T: 306 Reward: 266.926 Cost: 21.000
arrive destination: True ,out of road:False   Total T: 912859 Episode Num: 2857 Episode T: 266 Reward: 335.545 Cost: 6.000
arrive destination: True ,out of road:False   Total T: 913142 Episode Num: 2858 Episode T: 283 Reward: 335.520 Cost: 15.000
arrive destination: True ,out of road:False   Total T: 913396 Episode Num: 2859 Episode T: 254 Reward: 335.366 Cost: 0.000
arrive destination: True ,out of road:False   Total T: 913775 Episode Num: 2860 Episode T: 379 Reward: 375.621 Cost: 25.000
arrive destination: True ,out of road:False   Total T: 914006 Episode Num: 2861 Episode T: 231 Reward: 286.319 Cost: 7.000
arrive destination: True ,out of road:False   Total T: 914202 Episode Num: 2862 Episode T: 196 Reward: 240.667 Cost: 0.000
arrive destination: False ,out of road:True   Total T: 914532 Episode Num: 2863 Episode T: 330 Reward: 406.525 Cost: 10.000
arrive destination: True ,out of road:False   Total T: 914801 Episode Num: 2864 Episode T: 269 Reward: 265.974 Cost: 4.000
arrive destination: True ,out of road:False   Total T: 915038 Episode Num: 2865 Episode T: 237 Reward: 271.363 Cost: 2.000
arrive destination: True ,out of road:False   Total T: 915415 Episode Num: 2866 Episode T: 377 Reward: 378.438 Cost: 14.000
arrive destination: True ,out of road:False   Total T: 915815 Episode Num: 2867 Episode T: 400 Reward: 506.975 Cost: 7.000
arrive destination: True ,out of road:False   Total T: 916081 Episode Num: 2868 Episode T: 266 Reward: 265.457 Cost: 7.000
arrive destination: True ,out of road:False   Total T: 916527 Episode Num: 2869 Episode T: 446 Reward: 473.063 Cost: 19.000
arrive destination: True ,out of road:False   Total T: 916840 Episode Num: 2870 Episode T: 313 Reward: 386.505 Cost: 0.000
arrive destination: False ,out of road:True   Total T: 916982 Episode Num: 2871 Episode T: 142 Reward: 147.260 Cost: 4.000
arrive destination: False ,out of road:True   Total T: 917286 Episode Num: 2872 Episode T: 304 Reward: 314.142 Cost: 32.000
arrive destination: True ,out of road:False   Total T: 917517 Episode Num: 2873 Episode T: 231 Reward: 273.307 Cost: 0.000
arrive destination: True ,out of road:False   Total T: 917893 Episode Num: 2874 Episode T: 376 Reward: 504.679 Cost: 8.000
arrive destination: True ,out of road:False   Total T: 918165 Episode Num: 2875 Episode T: 272 Reward: 354.698 Cost: 5.000
arrive destination: True ,out of road:False   Total T: 918458 Episode Num: 2876 Episode T: 293 Reward: 354.035 Cost: 17.000
arrive destination: True ,out of road:False   Total T: 918813 Episode Num: 2877 Episode T: 355 Reward: 505.711 Cost: 14.000
arrive destination: True ,out of road:False   Total T: 919032 Episode Num: 2878 Episode T: 219 Reward: 268.406 Cost: 0.000
arrive destination: True ,out of road:False   Total T: 919293 Episode Num: 2879 Episode T: 261 Reward: 270.656 Cost: 3.000
arrive destination: True ,out of road:False   Total T: 919723 Episode Num: 2880 Episode T: 430 Reward: 474.256 Cost: 17.000
arrive destination: True ,out of road:False   Total T: 919915 Episode Num: 2881 Episode T: 192 Reward: 269.427 Cost: 0.000
---------------------------------------
Evaluation over 20 episodes: 0.700 Cost 14.800.             SafeRL used : use_qpsl
---------------------------------------
[34;1m
Time: 2026-06-30 01:38:36, Time spent from previous logger: 159.657 s[0m
[34;1mCustomLogger with fileds: ['total_steps', 'EpRet', 'EpCost', 'CostRate'][0m
[34;1mfieldvalues: [920000, 0.7, 14.8, 0.03634460472239644]
[0m
arrive destination: True ,out of road:False   Total T: 920459 Episode Num: 2882 Episode T: 544 Reward: 569.216 Cost: 40.000
arrive destination: True ,out of road:False   Total T: 920806 Episode Num: 2883 Episode T: 347 Reward: 413.805 Cost: 20.000
arrive destination: True ,out of road:False   Total T: 921271 Episode Num: 2884 Episode T: 465 Reward: 411.908 Cost: 29.000
arrive destination: True ,out of road:False   Total T: 921471 Episode Num: 2885 Episode T: 200 Reward: 269.515 Cost: 2.000
arrive destination: True ,out of road:False   Total T: 921660 Episode Num: 2886 Episode T: 189 Reward: 270.132 Cost: 0.000
arrive destination: True ,out of road:False   Total T: 922011 Episode Num: 2887 Episode T: 351 Reward: 411.975 Cost: 28.000
arrive destination: False ,out of road:True   Total T: 922297 Episode Num: 2888 Episode T: 286 Reward: 415.839 Cost: 1.000
arrive destination: False ,out of road:True   Total T: 922398 Episode Num: 2889 Episode T: 101 Reward: 89.158 Cost: 1.000
arrive destination: True ,out of road:False   Total T: 922629 Episode Num: 2890 Episode T: 231 Reward: 283.515 Cost: 4.000
arrive destination: False ,out of road:True   Total T: 922735 Episode Num: 2891 Episode T: 106 Reward: 75.341 Cost: 6.000
arrive destination: True ,out of road:False   Total T: 922972 Episode Num: 2892 Episode T: 237 Reward: 269.291 Cost: 1.000
arrive destination: True ,out of road:False   Total T: 923205 Episode Num: 2893 Episode T: 233 Reward: 295.293 Cost: 10.000
arrive destination: True ,out of road:False   Total T: 923706 Episode Num: 2894 Episode T: 501 Reward: 419.599 Cost: 29.000
arrive destination: False ,out of road:True   Total T: 924062 Episode Num: 2895 Episode T: 356 Reward: 357.116 Cost: 23.000
arrive destination: True ,out of road:False   Total T: 924388 Episode Num: 2896 Episode T: 326 Reward: 375.080 Cost: 19.000
arrive destination: False ,out of road:True   Total T: 924620 Episode Num: 2897 Episode T: 232 Reward: 242.294 Cost: 10.000
arrive destination: True ,out of road:False   Total T: 924974 Episode Num: 2898 Episode T: 354 Reward: 506.497 Cost: 2.000
arrive destination: True ,out of road:False   Total T: 925365 Episode Num: 2899 Episode T: 391 Reward: 502.077 Cost: 12.000
arrive destination: True ,out of road:False   Total T: 925596 Episode Num: 2900 Episode T: 231 Reward: 287.582 Cost: 2.000
arrive destination: True ,out of road:False   Total T: 925978 Episode Num: 2901 Episode T: 382 Reward: 376.428 Cost: 21.000
arrive destination: True ,out of road:False   Total T: 926192 Episode Num: 2902 Episode T: 214 Reward: 232.769 Cost: 12.000
arrive destination: True ,out of road:False   Total T: 926393 Episode Num: 2903 Episode T: 201 Reward: 243.111 Cost: 0.000
arrive destination: True ,out of road:False   Total T: 926697 Episode Num: 2904 Episode T: 304 Reward: 372.370 Cost: 9.000
arrive destination: True ,out of road:False   Total T: 927035 Episode Num: 2905 Episode T: 338 Reward: 402.914 Cost: 0.000
arrive destination: True ,out of road:False   Total T: 927370 Episode Num: 2906 Episode T: 335 Reward: 335.642 Cost: 17.000
arrive destination: True ,out of road:False   Total T: 927580 Episode Num: 2907 Episode T: 210 Reward: 269.931 Cost: 2.000
arrive destination: True ,out of road:False   Total T: 927943 Episode Num: 2908 Episode T: 363 Reward: 412.941 Cost: 19.000
arrive destination: False ,out of road:True   Total T: 928106 Episode Num: 2909 Episode T: 163 Reward: 153.867 Cost: 9.000
arrive destination: True ,out of road:False   Total T: 928363 Episode Num: 2910 Episode T: 257 Reward: 296.060 Cost: 19.000
arrive destination: False ,out of road:True   Total T: 928570 Episode Num: 2911 Episode T: 207 Reward: 193.935 Cost: 3.000
arrive destination: True ,out of road:False   Total T: 928814 Episode Num: 2912 Episode T: 244 Reward: 269.463 Cost: 7.000
arrive destination: True ,out of road:False   Total T: 929242 Episode Num: 2913 Episode T: 428 Reward: 475.006 Cost: 9.000
arrive destination: False ,out of road:True   Total T: 929564 Episode Num: 2914 Episode T: 322 Reward: 415.137 Cost: 11.000
arrive destination: True ,out of road:False   Total T: 929837 Episode Num: 2915 Episode T: 273 Reward: 348.734 Cost: 0.000
---------------------------------------
Evaluation over 20 episodes: 0.900 Cost 12.300.             SafeRL used : use_qpsl
---------------------------------------
[34;1m
Time: 2026-06-30 01:41:11, Time spent from previous logger: 155.191 s[0m
[34;1mCustomLogger with fileds: ['total_steps', 'EpRet', 'EpCost', 'CostRate'][0m
[34;1mfieldvalues: [930000, 0.9, 12.3, 0.03636455523070455]
[0m
arrive destination: True ,out of road:False   Total T: 930214 Episode Num: 2916 Episode T: 377 Reward: 462.160 Cost: 5.000
arrive destination: True ,out of road:False   Total T: 930472 Episode Num: 2917 Episode T: 258 Reward: 335.165 Cost: 4.000
arrive destination: False ,out of road:True   Total T: 930635 Episode Num: 2918 Episode T: 163 Reward: 131.109 Cost: 8.000
arrive destination: True ,out of road:False   Total T: 931043 Episode Num: 2919 Episode T: 408 Reward: 419.871 Cost: 24.000
arrive destination: True ,out of road:False   Total T: 931265 Episode Num: 2920 Episode T: 222 Reward: 278.915 Cost: 1.000
arrive destination: True ,out of road:False   Total T: 931693 Episode Num: 2921 Episode T: 428 Reward: 294.837 Cost: 39.000
arrive destination: True ,out of road:False   Total T: 931895 Episode Num: 2922 Episode T: 202 Reward: 243.902 Cost: 0.000
arrive destination: True ,out of road:False   Total T: 932103 Episode Num: 2923 Episode T: 208 Reward: 230.641 Cost: 7.000
arrive destination: False ,out of road:True   Total T: 932308 Episode Num: 2924 Episode T: 205 Reward: 78.430 Cost: 12.000
arrive destination: True ,out of road:False   Total T: 932521 Episode Num: 2925 Episode T: 213 Reward: 232.463 Cost: 2.000
arrive destination: False ,out of road:True   Total T: 932664 Episode Num: 2926 Episode T: 143 Reward: 153.218 Cost: 1.000
arrive destination: True ,out of road:False   Total T: 933010 Episode Num: 2927 Episode T: 346 Reward: 294.230 Cost: 14.000
arrive destination: True ,out of road:False   Total T: 933440 Episode Num: 2928 Episode T: 430 Reward: 473.275 Cost: 20.000
arrive destination: True ,out of road:False   Total T: 933860 Episode Num: 2929 Episode T: 420 Reward: 437.036 Cost: 37.000
arrive destination: True ,out of road:False   Total T: 934415 Episode Num: 2930 Episode T: 555 Reward: 498.705 Cost: 44.000
arrive destination: False ,out of road:True   Total T: 934613 Episode Num: 2931 Episode T: 198 Reward: 240.769 Cost: 3.000
arrive destination: False ,out of road:True   Total T: 934812 Episode Num: 2932 Episode T: 199 Reward: 259.580 Cost: 4.000
arrive destination: True ,out of road:False   Total T: 935104 Episode Num: 2933 Episode T: 292 Reward: 397.458 Cost: 5.000
arrive destination: True ,out of road:False   Total T: 935400 Episode Num: 2934 Episode T: 296 Reward: 354.755 Cost: 18.000
arrive destination: True ,out of road:False   Total T: 935786 Episode Num: 2935 Episode T: 386 Reward: 407.417 Cost: 28.000
arrive destination: True ,out of road:False   Total T: 936180 Episode Num: 2936 Episode T: 394 Reward: 372.792 Cost: 24.000
arrive destination: True ,out of road:False   Total T: 936407 Episode Num: 2937 Episode T: 227 Reward: 271.827 Cost: 0.000
arrive destination: True ,out of road:False   Total T: 937241 Episode Num: 2938 Episode T: 834 Reward: 270.629 Cost: 11.000
arrive destination: False ,out of road:True   Total T: 937440 Episode Num: 2939 Episode T: 199 Reward: 195.610 Cost: 18.000
arrive destination: False ,out of road:True   Total T: 937535 Episode Num: 2940 Episode T: 95 Reward: 82.008 Cost: 1.000
arrive destination: True ,out of road:False   Total T: 937773 Episode Num: 2941 Episode T: 238 Reward: 275.335 Cost: 4.000
arrive destination: True ,out of road:False   Total T: 938048 Episode Num: 2942 Episode T: 275 Reward: 294.528 Cost: 14.000
arrive destination: True ,out of road:False   Total T: 938317 Episode Num: 2943 Episode T: 269 Reward: 294.175 Cost: 18.000
arrive destination: True ,out of road:False   Total T: 938758 Episode Num: 2944 Episode T: 441 Reward: 471.692 Cost: 15.000
arrive destination: True ,out of road:False   Total T: 938979 Episode Num: 2945 Episode T: 221 Reward: 296.979 Cost: 4.000
arrive destination: True ,out of road:False   Total T: 939379 Episode Num: 2946 Episode T: 400 Reward: 335.522 Cost: 20.000
arrive destination: True ,out of road:False   Total T: 939609 Episode Num: 2947 Episode T: 230 Reward: 231.770 Cost: 7.000
arrive destination: False ,out of road:True   Total T: 939694 Episode Num: 2948 Episode T: 85 Reward: 72.189 Cost: 1.000
arrive destination: True ,out of road:False   Total T: 939933 Episode Num: 2949 Episode T: 239 Reward: 296.026 Cost: 11.000
---------------------------------------
Evaluation over 20 episodes: 0.650 Cost 10.150.             SafeRL used : use_qpsl
---------------------------------------
[34;1m
Time: 2026-06-30 01:43:38, Time spent from previous logger: 147.152 s[0m
[34;1mCustomLogger with fileds: ['total_steps', 'EpRet', 'EpCost', 'CostRate'][0m
[34;1mfieldvalues: [940000, 0.65, 10.15, 0.03642344300366277]
[0m
arrive destination: True ,out of road:False   Total T: 940271 Episode Num: 2950 Episode T: 338 Reward: 380.126 Cost: 5.000
arrive destination: True ,out of road:False   Total T: 940463 Episode Num: 2951 Episode T: 192 Reward: 244.403 Cost: 0.000
arrive destination: True ,out of road:False   Total T: 940684 Episode Num: 2952 Episode T: 221 Reward: 233.319 Cost: 5.000
arrive destination: True ,out of road:False   Total T: 940986 Episode Num: 2953 Episode T: 302 Reward: 293.732 Cost: 10.000
arrive destination: True ,out of road:False   Total T: 941538 Episode Num: 2954 Episode T: 552 Reward: 271.651 Cost: 71.000
arrive destination: True ,out of road:False   Total T: 941758 Episode Num: 2955 Episode T: 220 Reward: 285.591 Cost: 1.000
arrive destination: True ,out of road:False   Total T: 942262 Episode Num: 2956 Episode T: 504 Reward: 495.149 Cost: 39.000
arrive destination: True ,out of road:False   Total T: 942463 Episode Num: 2957 Episode T: 201 Reward: 269.189 Cost: 0.000
arrive destination: False ,out of road:True   Total T: 942819 Episode Num: 2958 Episode T: 356 Reward: 422.795 Cost: 11.000
arrive destination: True ,out of road:False   Total T: 943030 Episode Num: 2959 Episode T: 211 Reward: 269.316 Cost: 1.000
arrive destination: True ,out of road:False   Total T: 943233 Episode Num: 2960 Episode T: 203 Reward: 270.028 Cost: 1.000
arrive destination: True ,out of road:False   Total T: 943605 Episode Num: 2961 Episode T: 372 Reward: 415.161 Cost: 21.000
arrive destination: True ,out of road:False   Total T: 943837 Episode Num: 2962 Episode T: 232 Reward: 274.451 Cost: 3.000
arrive destination: True ,out of road:False   Total T: 944097 Episode Num: 2963 Episode T: 260 Reward: 267.757 Cost: 12.000
arrive destination: True ,out of road:False   Total T: 944365 Episode Num: 2964 Episode T: 268 Reward: 372.671 Cost: 4.000
arrive destination: True ,out of road:False   Total T: 944562 Episode Num: 2965 Episode T: 197 Reward: 243.458 Cost: 0.000
arrive destination: True ,out of road:False   Total T: 944782 Episode Num: 2966 Episode T: 220 Reward: 295.731 Cost: 3.000
arrive destination: True ,out of road:False   Total T: 945078 Episode Num: 2967 Episode T: 296 Reward: 267.312 Cost: 11.000
arrive destination: True ,out of road:False   Total T: 945501 Episode Num: 2968 Episode T: 423 Reward: 476.677 Cost: 19.000
arrive destination: True ,out of road:False   Total T: 945815 Episode Num: 2969 Episode T: 314 Reward: 371.960 Cost: 9.000
arrive destination: True ,out of road:False   Total T: 946029 Episode Num: 2970 Episode T: 214 Reward: 285.535 Cost: 4.000
arrive destination: True ,out of road:False   Total T: 946259 Episode Num: 2971 Episode T: 230 Reward: 275.089 Cost: 4.000
arrive destination: True ,out of road:False   Total T: 946586 Episode Num: 2972 Episode T: 327 Reward: 336.105 Cost: 12.000
arrive destination: True ,out of road:False   Total T: 946810 Episode Num: 2973 Episode T: 224 Reward: 273.261 Cost: 1.000
arrive destination: True ,out of road:False   Total T: 947046 Episode Num: 2974 Episode T: 236 Reward: 231.192 Cost: 16.000
arrive destination: False ,out of road:True   Total T: 947208 Episode Num: 2975 Episode T: 162 Reward: 115.157 Cost: 12.000
arrive destination: False ,out of road:True   Total T: 947351 Episode Num: 2976 Episode T: 143 Reward: 156.841 Cost: 2.000
arrive destination: True ,out of road:False   Total T: 947577 Episode Num: 2977 Episode T: 226 Reward: 274.539 Cost: 5.000
arrive destination: True ,out of road:False   Total T: 947791 Episode Num: 2978 Episode T: 214 Reward: 286.211 Cost: 0.000
arrive destination: True ,out of road:False   Total T: 948194 Episode Num: 2979 Episode T: 403 Reward: 374.821 Cost: 38.000
arrive destination: True ,out of road:False   Total T: 948539 Episode Num: 2980 Episode T: 345 Reward: 376.422 Cost: 8.000
arrive destination: True ,out of road:False   Total T: 949009 Episode Num: 2981 Episode T: 470 Reward: 424.884 Cost: 34.000
arrive destination: True ,out of road:False   Total T: 949247 Episode Num: 2982 Episode T: 238 Reward: 271.525 Cost: 0.000
arrive destination: True ,out of road:False   Total T: 949663 Episode Num: 2983 Episode T: 416 Reward: 507.069 Cost: 29.000
---------------------------------------
Evaluation over 20 episodes: 0.600 Cost 12.150.             SafeRL used : use_qpsl
---------------------------------------
[34;1m
Time: 2026-06-30 01:46:03, Time spent from previous logger: 145.021 s[0m
[34;1mCustomLogger with fileds: ['total_steps', 'EpRet', 'EpCost', 'CostRate'][0m
[34;1mfieldvalues: [950000, 0.6, 12.15, 0.036457933113613804]
[0m
arrive destination: True ,out of road:False   Total T: 950235 Episode Num: 2984 Episode T: 572 Reward: 652.956 Cost: 11.000
arrive destination: True ,out of road:False   Total T: 950445 Episode Num: 2985 Episode T: 210 Reward: 286.220 Cost: 0.000
arrive destination: True ,out of road:False   Total T: 950707 Episode Num: 2986 Episode T: 262 Reward: 294.123 Cost: 8.000
arrive destination: True ,out of road:False   Total T: 951071 Episode Num: 2987 Episode T: 364 Reward: 375.583 Cost: 15.000
arrive destination: True ,out of road:False   Total T: 951363 Episode Num: 2988 Episode T: 292 Reward: 336.166 Cost: 13.000
arrive destination: True ,out of road:False   Total T: 951863 Episode Num: 2989 Episode T: 500 Reward: 491.900 Cost: 50.000
arrive destination: True ,out of road:False   Total T: 952060 Episode Num: 2990 Episode T: 197 Reward: 242.971 Cost: 0.000
arrive destination: False ,out of road:True   Total T: 952221 Episode Num: 2991 Episode T: 161 Reward: 164.276 Cost: 8.000
arrive destination: True ,out of road:False   Total T: 952530 Episode Num: 2992 Episode T: 309 Reward: 294.365 Cost: 14.000
arrive destination: True ,out of road:False   Total T: 952787 Episode Num: 2993 Episode T: 257 Reward: 268.408 Cost: 9.000
arrive destination: True ,out of road:False   Total T: 953057 Episode Num: 2994 Episode T: 270 Reward: 372.273 Cost: 12.000
arrive destination: False ,out of road:True   Total T: 953261 Episode Num: 2995 Episode T: 204 Reward: 263.002 Cost: 2.000
arrive destination: True ,out of road:True   Total T: 953481 Episode Num: 2996 Episode T: 220 Reward: 345.511 Cost: 8.000
arrive destination: True ,out of road:False   Total T: 953708 Episode Num: 2997 Episode T: 227 Reward: 274.534 Cost: 0.000
arrive destination: True ,out of road:False   Total T: 953933 Episode Num: 2998 Episode T: 225 Reward: 273.959 Cost: 0.000
arrive destination: True ,out of road:False   Total T: 954159 Episode Num: 2999 Episode T: 226 Reward: 274.086 Cost: 0.000
arrive destination: False ,out of road:True   Total T: 954475 Episode Num: 3000 Episode T: 316 Reward: 337.124 Cost: 7.000
arrive destination: True ,out of road:False   Total T: 954816 Episode Num: 3001 Episode T: 341 Reward: 335.545 Cost: 12.000
arrive destination: True ,out of road:False   Total T: 955032 Episode Num: 3002 Episode T: 216 Reward: 232.409 Cost: 10.000
arrive destination: True ,out of road:False   Total T: 955369 Episode Num: 3003 Episode T: 337 Reward: 335.922 Cost: 16.000
arrive destination: True ,out of road:False   Total T: 955706 Episode Num: 3004 Episode T: 337 Reward: 398.217 Cost: 16.000
arrive destination: False ,out of road:True   Total T: 955794 Episode Num: 3005 Episode T: 88 Reward: 77.217 Cost: 1.000
arrive destination: True ,out of road:False   Total T: 956127 Episode Num: 3006 Episode T: 333 Reward: 415.800 Cost: 11.000
arrive destination: True ,out of road:False   Total T: 956457 Episode Num: 3007 Episode T: 330 Reward: 370.279 Cost: 10.000
arrive destination: True ,out of road:False   Total T: 956806 Episode Num: 3008 Episode T: 349 Reward: 505.194 Cost: 10.000
arrive destination: True ,out of road:False   Total T: 957031 Episode Num: 3009 Episode T: 225 Reward: 270.165 Cost: 2.000
arrive destination: True ,out of road:False   Total T: 957227 Episode Num: 3010 Episode T: 196 Reward: 230.723 Cost: 2.000
arrive destination: False ,out of road:True   Total T: 957430 Episode Num: 3011 Episode T: 203 Reward: 182.801 Cost: 20.000
arrive destination: True ,out of road:False   Total T: 957758 Episode Num: 3012 Episode T: 328 Reward: 294.476 Cost: 18.000
arrive destination: True ,out of road:False   Total T: 958094 Episode Num: 3013 Episode T: 336 Reward: 507.339 Cost: 4.000
arrive destination: True ,out of road:False   Total T: 958540 Episode Num: 3014 Episode T: 446 Reward: 474.094 Cost: 20.000
arrive destination: True ,out of road:False   Total T: 958740 Episode Num: 3015 Episode T: 200 Reward: 243.160 Cost: 0.000
arrive destination: True ,out of road:False   Total T: 959077 Episode Num: 3016 Episode T: 337 Reward: 336.068 Cost: 16.000
arrive destination: True ,out of road:False   Total T: 959298 Episode Num: 3017 Episode T: 221 Reward: 286.437 Cost: 0.000
arrive destination: True ,out of road:False   Total T: 959513 Episode Num: 3018 Episode T: 215 Reward: 231.893 Cost: 9.000
arrive destination: True ,out of road:False   Total T: 959830 Episode Num: 3019 Episode T: 317 Reward: 386.525 Cost: 0.000
---------------------------------------
Evaluation over 20 episodes: 0.850 Cost 7.350.             SafeRL used : use_qpsl
---------------------------------------
[34;1m
Time: 2026-06-30 01:48:33, Time spent from previous logger: 149.974 s[0m
[34;1mCustomLogger with fileds: ['total_steps', 'EpRet', 'EpCost', 'CostRate'][0m
[34;1mfieldvalues: [960000, 0.85, 7.35, 0.03642295460724438]
[0m
arrive destination: False ,out of road:True   Total T: 960162 Episode Num: 3020 Episode T: 332 Reward: 364.628 Cost: 9.000
arrive destination: True ,out of road:False   Total T: 960468 Episode Num: 3021 Episode T: 306 Reward: 368.138 Cost: 2.000
arrive destination: True ,out of road:False   Total T: 960858 Episode Num: 3022 Episode T: 390 Reward: 416.221 Cost: 42.000
arrive destination: True ,out of road:False   Total T: 961281 Episode Num: 3023 Episode T: 423 Reward: 472.555 Cost: 16.000
arrive destination: False ,out of road:True   Total T: 961520 Episode Num: 3024 Episode T: 239 Reward: 298.069 Cost: 10.000
arrive destination: True ,out of road:False   Total T: 961762 Episode Num: 3025 Episode T: 242 Reward: 295.525 Cost: 9.000
arrive destination: True ,out of road:False   Total T: 962040 Episode Num: 3026 Episode T: 278 Reward: 350.562 Cost: 7.000
arrive destination: False ,out of road:True   Total T: 962234 Episode Num: 3027 Episode T: 194 Reward: 242.033 Cost: 1.000
arrive destination: True ,out of road:False   Total T: 962586 Episode Num: 3028 Episode T: 352 Reward: 507.074 Cost: 2.000
arrive destination: True ,out of road:False   Total T: 962844 Episode Num: 3029 Episode T: 258 Reward: 269.523 Cost: 10.000
arrive destination: True ,out of road:False   Total T: 963132 Episode Num: 3030 Episode T: 288 Reward: 346.699 Cost: 14.000
arrive destination: False ,out of road:True   Total T: 963403 Episode Num: 3031 Episode T: 271 Reward: 299.472 Cost: 7.000
arrive destination: False ,out of road:True   Total T: 963539 Episode Num: 3032 Episode T: 136 Reward: 162.734 Cost: 1.000
arrive destination: True ,out of road:False   Total T: 963923 Episode Num: 3033 Episode T: 384 Reward: 378.854 Cost: 14.000
arrive destination: True ,out of road:False   Total T: 964143 Episode Num: 3034 Episode T: 220 Reward: 232.057 Cost: 4.000
arrive destination: True ,out of road:False   Total T: 964447 Episode Num: 3035 Episode T: 304 Reward: 373.560 Cost: 7.000
arrive destination: True ,out of road:False   Total T: 964686 Episode Num: 3036 Episode T: 239 Reward: 295.821 Cost: 12.000
arrive destination: True ,out of road:False   Total T: 965022 Episode Num: 3037 Episode T: 336 Reward: 336.316 Cost: 13.000
arrive destination: True ,out of road:False   Total T: 965224 Episode Num: 3038 Episode T: 202 Reward: 244.785 Cost: 0.000
arrive destination: True ,out of road:False   Total T: 965468 Episode Num: 3039 Episode T: 244 Reward: 284.911 Cost: 9.000
arrive destination: True ,out of road:False   Total T: 965816 Episode Num: 3040 Episode T: 348 Reward: 505.604 Cost: 4.000
arrive destination: True ,out of road:False   Total T: 966074 Episode Num: 3041 Episode T: 258 Reward: 270.467 Cost: 14.000
arrive destination: True ,out of road:False   Total T: 966327 Episode Num: 3042 Episode T: 253 Reward: 335.565 Cost: 7.000
arrive destination: True ,out of road:False   Total T: 966557 Episode Num: 3043 Episode T: 230 Reward: 284.167 Cost: 5.000
arrive destination: False ,out of road:True   Total T: 966769 Episode Num: 3044 Episode T: 212 Reward: 199.566 Cost: 12.000
arrive destination: True ,out of road:False   Total T: 966970 Episode Num: 3045 Episode T: 201 Reward: 233.199 Cost: 4.000
arrive destination: True ,out of road:False   Total T: 967395 Episode Num: 3046 Episode T: 425 Reward: 503.246 Cost: 29.000
arrive destination: True ,out of road:False   Total T: 967719 Episode Num: 3047 Episode T: 324 Reward: 394.294 Cost: 0.000
arrive destination: True ,out of road:False   Total T: 968026 Episode Num: 3048 Episode T: 307 Reward: 398.133 Cost: 0.000
arrive destination: True ,out of road:False   Total T: 968264 Episode Num: 3049 Episode T: 238 Reward: 272.352 Cost: 6.000
arrive destination: True ,out of road:False   Total T: 968538 Episode Num: 3050 Episode T: 274 Reward: 349.905 Cost: 2.000
arrive destination: True ,out of road:False   Total T: 968809 Episode Num: 3051 Episode T: 271 Reward: 336.067 Cost: 3.000
arrive destination: False ,out of road:True   Total T: 969151 Episode Num: 3052 Episode T: 342 Reward: 356.548 Cost: 18.000
arrive destination: True ,out of road:False   Total T: 969369 Episode Num: 3053 Episode T: 218 Reward: 284.278 Cost: 0.000
arrive destination: False ,out of road:True   Total T: 969474 Episode Num: 3054 Episode T: 105 Reward: 73.631 Cost: 5.000
arrive destination: True ,out of road:False   Total T: 969675 Episode Num: 3055 Episode T: 201 Reward: 243.397 Cost: 0.000
---------------------------------------
Evaluation over 20 episodes: 1.000 Cost 11.200.             SafeRL used : use_qpsl
---------------------------------------
[34;1m
Time: 2026-06-30 01:51:05, Time spent from previous logger: 151.917 s[0m
[34;1mCustomLogger with fileds: ['total_steps', 'EpRet', 'EpCost', 'CostRate'][0m
[34;1mfieldvalues: [970000, 1.0, 11.2, 0.03636704780108021]
[0m
arrive destination: True ,out of road:False   Total T: 970193 Episode Num: 3056 Episode T: 518 Reward: 638.599 Cost: 15.000
arrive destination: True ,out of road:False   Total T: 970393 Episode Num: 3057 Episode T: 200 Reward: 242.002 Cost: 0.000
arrive destination: False ,out of road:True   Total T: 970801 Episode Num: 3058 Episode T: 408 Reward: 442.067 Cost: 29.000
arrive destination: True ,out of road:False   Total T: 971136 Episode Num: 3059 Episode T: 335 Reward: 400.818 Cost: 4.000
arrive destination: False ,out of road:False   Total T: 972136 Episode Num: 3060 Episode T: 1000 Reward: 73.737 Cost: 24.000
arrive destination: True ,out of road:False   Total T: 972470 Episode Num: 3061 Episode T: 334 Reward: 389.828 Cost: 0.000
arrive destination: True ,out of road:False   Total T: 972826 Episode Num: 3062 Episode T: 356 Reward: 377.966 Cost: 22.000
arrive destination: False ,out of road:True   Total T: 973211 Episode Num: 3063 Episode T: 385 Reward: 439.960 Cost: 33.000
arrive destination: True ,out of road:False   Total T: 973485 Episode Num: 3064 Episode T: 274 Reward: 354.966 Cost: 11.000
arrive destination: True ,out of road:False   Total T: 973774 Episode Num: 3065 Episode T: 289 Reward: 399.192 Cost: 4.000
arrive destination: True ,out of road:False   Total T: 974012 Episode Num: 3066 Episode T: 238 Reward: 295.356 Cost: 5.000
arrive destination: True ,out of road:False   Total T: 974212 Episode Num: 3067 Episode T: 200 Reward: 241.940 Cost: 0.000
arrive destination: True ,out of road:False   Total T: 974555 Episode Num: 3068 Episode T: 343 Reward: 373.415 Cost: 15.000
arrive destination: True ,out of road:False   Total T: 974913 Episode Num: 3069 Episode T: 358 Reward: 505.381 Cost: 9.000
arrive destination: True ,out of road:False   Total T: 975339 Episode Num: 3070 Episode T: 426 Reward: 472.531 Cost: 20.000
arrive destination: True ,out of road:False   Total T: 975615 Episode Num: 3071 Episode T: 276 Reward: 265.431 Cost: 17.000
arrive destination: True ,out of road:False   Total T: 975890 Episode Num: 3072 Episode T: 275 Reward: 294.276 Cost: 19.000
arrive destination: True ,out of road:False   Total T: 976259 Episode Num: 3073 Episode T: 369 Reward: 374.322 Cost: 26.000
arrive destination: True ,out of road:False   Total T: 976525 Episode Num: 3074 Episode T: 266 Reward: 294.753 Cost: 21.000
arrive destination: True ,out of road:False   Total T: 976862 Episode Num: 3075 Episode T: 337 Reward: 336.052 Cost: 14.000
arrive destination: True ,out of road:False   Total T: 977134 Episode Num: 3076 Episode T: 272 Reward: 351.545 Cost: 10.000
arrive destination: True ,out of road:False   Total T: 977368 Episode Num: 3077 Episode T: 234 Reward: 276.630 Cost: 0.000
arrive destination: True ,out of road:False   Total T: 977596 Episode Num: 3078 Episode T: 228 Reward: 274.195 Cost: 2.000
arrive destination: True ,out of road:False   Total T: 977912 Episode Num: 3079 Episode T: 316 Reward: 393.477 Cost: 0.000
arrive destination: True ,out of road:False   Total T: 978175 Episode Num: 3080 Episode T: 263 Reward: 269.373 Cost: 6.000
arrive destination: True ,out of road:False   Total T: 978546 Episode Num: 3081 Episode T: 371 Reward: 411.302 Cost: 18.000
arrive destination: True ,out of road:False   Total T: 978787 Episode Num: 3082 Episode T: 241 Reward: 270.548 Cost: 3.000
arrive destination: True ,out of road:False   Total T: 979008 Episode Num: 3083 Episode T: 221 Reward: 232.183 Cost: 13.000
arrive destination: True ,out of road:False   Total T: 979370 Episode Num: 3084 Episode T: 362 Reward: 418.431 Cost: 25.000
arrive destination: True ,out of road:False   Total T: 979590 Episode Num: 3085 Episode T: 220 Reward: 232.599 Cost: 11.000
---------------------------------------
Evaluation over 20 episodes: 0.800 Cost 9.700.             SafeRL used : use_qpsl
---------------------------------------
[34;1m
Time: 2026-06-30 01:53:31, Time spent from previous logger: 145.716 s[0m
[34;1mCustomLogger with fileds: ['total_steps', 'EpRet', 'EpCost', 'CostRate'][0m
[34;1mfieldvalues: [980000, 0.8, 9.7, 0.03639595550607705]
[0m
arrive destination: True ,out of road:False   Total T: 980226 Episode Num: 3086 Episode T: 636 Reward: 696.199 Cost: 40.000
arrive destination: True ,out of road:False   Total T: 980527 Episode Num: 3087 Episode T: 301 Reward: 404.813 Cost: 3.000
arrive destination: True ,out of road:False   Total T: 980980 Episode Num: 3088 Episode T: 453 Reward: 494.916 Cost: 32.000
arrive destination: True ,out of road:False   Total T: 981360 Episode Num: 3089 Episode T: 380 Reward: 377.284 Cost: 21.000
arrive destination: True ,out of road:False   Total T: 981592 Episode Num: 3090 Episode T: 232 Reward: 295.781 Cost: 6.000
arrive destination: True ,out of road:False   Total T: 981954 Episode Num: 3091 Episode T: 362 Reward: 503.918 Cost: 12.000
arrive destination: True ,out of road:False   Total T: 982151 Episode Num: 3092 Episode T: 197 Reward: 245.736 Cost: 0.000
arrive destination: True ,out of road:False   Total T: 982377 Episode Num: 3093 Episode T: 226 Reward: 232.107 Cost: 14.000
arrive destination: True ,out of road:False   Total T: 982861 Episode Num: 3094 Episode T: 484 Reward: 495.328 Cost: 41.000
arrive destination: True ,out of road:False   Total T: 983050 Episode Num: 3095 Episode T: 189 Reward: 231.223 Cost: 0.000
arrive destination: True ,out of road:False   Total T: 983264 Episode Num: 3096 Episode T: 214 Reward: 284.990 Cost: 0.000
arrive destination: True ,out of road:False   Total T: 983655 Episode Num: 3097 Episode T: 391 Reward: 294.303 Cost: 29.000
arrive destination: True ,out of road:False   Total T: 983896 Episode Num: 3098 Episode T: 241 Reward: 288.266 Cost: 6.000
arrive destination: True ,out of road:False   Total T: 984092 Episode Num: 3099 Episode T: 196 Reward: 268.700 Cost: 0.000
arrive destination: False ,out of road:True   Total T: 984343 Episode Num: 3100 Episode T: 251 Reward: 334.236 Cost: 1.000
arrive destination: True ,out of road:False   Total T: 984622 Episode Num: 3101 Episode T: 279 Reward: 267.999 Cost: 11.000
arrive destination: True ,out of road:False   Total T: 985113 Episode Num: 3102 Episode T: 491 Reward: 491.055 Cost: 40.000
arrive destination: True ,out of road:False   Total T: 985329 Episode Num: 3103 Episode T: 216 Reward: 285.787 Cost: 0.000
arrive destination: True ,out of road:False   Total T: 985672 Episode Num: 3104 Episode T: 343 Reward: 335.914 Cost: 20.000
arrive destination: True ,out of road:False   Total T: 985926 Episode Num: 3105 Episode T: 254 Reward: 268.044 Cost: 12.000
arrive destination: True ,out of road:False   Total T: 986210 Episode Num: 3106 Episode T: 284 Reward: 270.352 Cost: 6.000
arrive destination: True ,out of road:False   Total T: 986594 Episode Num: 3107 Episode T: 384 Reward: 378.003 Cost: 16.000
arrive destination: True ,out of road:False   Total T: 986939 Episode Num: 3108 Episode T: 345 Reward: 379.392 Cost: 21.000
arrive destination: True ,out of road:False   Total T: 987199 Episode Num: 3109 Episode T: 260 Reward: 270.212 Cost: 7.000
arrive destination: False ,out of road:True   Total T: 987346 Episode Num: 3110 Episode T: 147 Reward: 150.441 Cost: 6.000
arrive destination: False ,out of road:True   Total T: 987544 Episode Num: 3111 Episode T: 198 Reward: 224.086 Cost: 14.000
arrive destination: True ,out of road:False   Total T: 987881 Episode Num: 3112 Episode T: 337 Reward: 364.680 Cost: 35.000
arrive destination: True ,out of road:False   Total T: 988237 Episode Num: 3113 Episode T: 356 Reward: 415.312 Cost: 31.000
arrive destination: False ,out of road:True   Total T: 988399 Episode Num: 3114 Episode T: 162 Reward: 163.395 Cost: 4.000
arrive destination: True ,out of road:False   Total T: 988838 Episode Num: 3115 Episode T: 439 Reward: 468.028 Cost: 25.000
arrive destination: True ,out of road:False   Total T: 989194 Episode Num: 3116 Episode T: 356 Reward: 372.906 Cost: 19.000
arrive destination: True ,out of road:False   Total T: 989561 Episode Num: 3117 Episode T: 367 Reward: 409.674 Cost: 21.000
arrive destination: True ,out of road:False   Total T: 989765 Episode Num: 3118 Episode T: 204 Reward: 232.102 Cost: 10.000
---------------------------------------
Evaluation over 20 episodes: 0.750 Cost 13.450.             SafeRL used : use_qpsl
---------------------------------------
[34;1m
Time: 2026-06-30 01:56:02, Time spent from previous logger: 150.668 s[0m
[34;1mCustomLogger with fileds: ['total_steps', 'EpRet', 'EpCost', 'CostRate'][0m
[34;1mfieldvalues: [990000, 0.75, 13.45, 0.03651417829714979]
[0m
arrive destination: True ,out of road:False   Total T: 990226 Episode Num: 3119 Episode T: 461 Reward: 497.501 Cost: 10.000
arrive destination: True ,out of road:False   Total T: 990595 Episode Num: 3120 Episode T: 369 Reward: 408.505 Cost: 20.000
arrive destination: True ,out of road:False   Total T: 990828 Episode Num: 3121 Episode T: 233 Reward: 295.300 Cost: 8.000
arrive destination: True ,out of road:False   Total T: 991156 Episode Num: 3122 Episode T: 328 Reward: 396.556 Cost: 0.000
arrive destination: True ,out of road:False   Total T: 991477 Episode Num: 3123 Episode T: 321 Reward: 382.495 Cost: 8.000
arrive destination: True ,out of road:False   Total T: 991771 Episode Num: 3124 Episode T: 294 Reward: 294.752 Cost: 18.000
arrive destination: False ,out of road:True   Total T: 991984 Episode Num: 3125 Episode T: 213 Reward: 232.251 Cost: 5.000
arrive destination: True ,out of road:False   Total T: 992195 Episode Num: 3126 Episode T: 211 Reward: 285.509 Cost: 0.000
arrive destination: True ,out of road:False   Total T: 992501 Episode Num: 3127 Episode T: 306 Reward: 351.340 Cost: 17.000
arrive destination: True ,out of road:False   Total T: 992823 Episode Num: 3128 Episode T: 322 Reward: 375.152 Cost: 10.000
arrive destination: True ,out of road:False   Total T: 993160 Episode Num: 3129 Episode T: 337 Reward: 336.158 Cost: 15.000
arrive destination: True ,out of road:False   Total T: 993573 Episode Num: 3130 Episode T: 413 Reward: 418.794 Cost: 21.000
arrive destination: True ,out of road:False   Total T: 993995 Episode Num: 3131 Episode T: 422 Reward: 408.982 Cost: 36.000
arrive destination: True ,out of road:False   Total T: 994353 Episode Num: 3132 Episode T: 358 Reward: 416.322 Cost: 19.000
arrive destination: True ,out of road:False   Total T: 994695 Episode Num: 3133 Episode T: 342 Reward: 509.489 Cost: 7.000
arrive destination: True ,out of road:False   Total T: 994924 Episode Num: 3134 Episode T: 229 Reward: 273.947 Cost: 0.000
arrive destination: True ,out of road:False   Total T: 995244 Episode Num: 3135 Episode T: 320 Reward: 382.597 Cost: 14.000
arrive destination: False ,out of road:True   Total T: 995452 Episode Num: 3136 Episode T: 208 Reward: 230.961 Cost: 6.000
arrive destination: True ,out of road:False   Total T: 996046 Episode Num: 3137 Episode T: 594 Reward: 295.049 Cost: 32.000
arrive destination: True ,out of road:False   Total T: 996487 Episode Num: 3138 Episode T: 441 Reward: 372.258 Cost: 52.000
arrive destination: True ,out of road:False   Total T: 996691 Episode Num: 3139 Episode T: 204 Reward: 244.975 Cost: 0.000
arrive destination: True ,out of road:False   Total T: 997097 Episode Num: 3140 Episode T: 406 Reward: 404.049 Cost: 29.000
arrive destination: True ,out of road:False   Total T: 997571 Episode Num: 3141 Episode T: 474 Reward: 499.300 Cost: 32.000
arrive destination: True ,out of road:False   Total T: 997996 Episode Num: 3142 Episode T: 425 Reward: 415.293 Cost: 21.000
arrive destination: True ,out of road:False   Total T: 998225 Episode Num: 3143 Episode T: 229 Reward: 277.886 Cost: 0.000
arrive destination: True ,out of road:False   Total T: 998541 Episode Num: 3144 Episode T: 316 Reward: 378.252 Cost: 19.000
arrive destination: True ,out of road:False   Total T: 998762 Episode Num: 3145 Episode T: 221 Reward: 286.028 Cost: 6.000
arrive destination: False ,out of road:True   Total T: 998989 Episode Num: 3146 Episode T: 227 Reward: 209.970 Cost: 19.000
arrive destination: True ,out of road:False   Total T: 999328 Episode Num: 3147 Episode T: 339 Reward: 270.027 Cost: 22.000
arrive destination: True ,out of road:False   Total T: 999652 Episode Num: 3148 Episode T: 324 Reward: 398.002 Cost: 7.000
arrive destination: False ,out of road:True   Total T: 999815 Episode Num: 3149 Episode T: 163 Reward: 166.917 Cost: 6.000
---------------------------------------
Evaluation over 20 episodes: 0.800 Cost 13.050.             SafeRL used : use_qpsl
---------------------------------------
[34;1m
Time: 2026-06-30 01:58:34, Time spent from previous logger: 152.133 s[0m
[34;1mCustomLogger with fileds: ['total_steps', 'EpRet', 'EpCost', 'CostRate'][0m
[34;1mfieldvalues: [1000000, 0.8, 13.05, 0.036603036603036605]
[0m
