Running NociCIM train-shield QPSL: tag=nocicim_qpsl_trainshield_micro_guard_1m_20260701 seed=0 steps=1000000 profile=micro_guard
Successfully registered the following environments: ['MetaDrive-validation-v0', 'MetaDrive-10env-v0', 'MetaDrive-100envs-v0', 'MetaDrive-1000envs-v0', 'SafeMetaDrive-validation-v0', 'SafeMetaDrive-10env-v0', 'SafeMetaDrive-100envs-v0', 'SafeMetaDrive-1000envs-v0', 'MARLTollgate-v0', 'MARLBottleneck-v0', 'MARLRoundabout-v0', 'MARLIntersection-v0', 'MARLParkingLot-v0', 'MARLMetaDrive-v0'].
arrive destination: False ,out of road:False   Total T: 1000 Episode Num: 1 Episode T: 1000 Reward: 13.483 Cost: 0.000 ShieldInt: 0 ShieldDist: 0.000
arrive destination: False ,out of road:False   Total T: 2000 Episode Num: 2 Episode T: 1000 Reward: 13.215 Cost: 0.000 ShieldInt: 3 ShieldDist: 0.353
arrive destination: False ,out of road:False   Total T: 3000 Episode Num: 3 Episode T: 1000 Reward: 12.930 Cost: 0.000 ShieldInt: 4 ShieldDist: 0.487
arrive destination: False ,out of road:False   Total T: 4000 Episode Num: 4 Episode T: 1000 Reward: 10.664 Cost: 0.000 ShieldInt: 0 ShieldDist: 0.000
arrive destination: False ,out of road:True   Total T: 4759 Episode Num: 5 Episode T: 759 Reward: 3.247 Cost: 1.000 ShieldInt: 0 ShieldDist: 0.000
arrive destination: False ,out of road:False   Total T: 5759 Episode Num: 6 Episode T: 1000 Reward: 11.174 Cost: 0.000 ShieldInt: 1 ShieldDist: 0.111
arrive destination: False ,out of road:False   Total T: 6759 Episode Num: 7 Episode T: 1000 Reward: 11.554 Cost: 0.000 ShieldInt: 3 ShieldDist: 0.391
arrive destination: False ,out of road:False   Total T: 7759 Episode Num: 8 Episode T: 1000 Reward: 9.797 Cost: 0.000 ShieldInt: 2 ShieldDist: 0.237
arrive destination: False ,out of road:False   Total T: 8759 Episode Num: 9 Episode T: 1000 Reward: 10.272 Cost: 0.000 ShieldInt: 0 ShieldDist: 0.000
arrive destination: False ,out of road:False   Total T: 9759 Episode Num: 10 Episode T: 1000 Reward: 11.658 Cost: 0.000 ShieldInt: 2 ShieldDist: 0.257
---------------------------------------
Evaluation over 20 episodes: 0.000 Cost 1.000.             SafeRL used : use_qpsl
---------------------------------------
[34;1m
Time: 2026-07-01 19:01:27, Time spent from previous logger: 50.057 s[0m
[34;1mCustomLogger with fileds: ['total_steps', 'EpRet', 'EpCost', 'CostRate'][0m
[34;1mfieldvalues: [10000, 0.0, 1.0, 0.00010001000100010001]
[0m
arrive destination: False ,out of road:True   Total T: 10037 Episode Num: 11 Episode T: 278 Reward: 2.978 Cost: 1.000 ShieldInt: 0 ShieldDist: 0.000
arrive destination: False ,out of road:True   Total T: 10052 Episode Num: 12 Episode T: 15 Reward: -5.459 Cost: 1.000 ShieldInt: 5 ShieldDist: 0.682
arrive destination: False ,out of road:True   Total T: 10067 Episode Num: 13 Episode T: 15 Reward: -5.453 Cost: 1.000 ShieldInt: 8 ShieldDist: 1.114
arrive destination: False ,out of road:True   Total T: 10094 Episode Num: 14 Episode T: 27 Reward: -3.456 Cost: 1.000 ShieldInt: 12 ShieldDist: 1.800
arrive destination: False ,out of road:True   Total T: 10128 Episode Num: 15 Episode T: 34 Reward: -3.096 Cost: 1.000 ShieldInt: 11 ShieldDist: 1.606
arrive destination: False ,out of road:True   Total T: 10185 Episode Num: 16 Episode T: 57 Reward: 21.124 Cost: 1.000 ShieldInt: 0 ShieldDist: 0.000
arrive destination: False ,out of road:True   Total T: 10211 Episode Num: 17 Episode T: 26 Reward: -3.345 Cost: 1.000 ShieldInt: 5 ShieldDist: 0.704
arrive destination: False ,out of road:True   Total T: 10245 Episode Num: 18 Episode T: 34 Reward: -0.840 Cost: 1.000 ShieldInt: 9 ShieldDist: 1.287
arrive destination: False ,out of road:True   Total T: 10282 Episode Num: 19 Episode T: 37 Reward: 2.024 Cost: 1.000 ShieldInt: 0 ShieldDist: 0.000
arrive destination: False ,out of road:True   Total T: 10313 Episode Num: 20 Episode T: 31 Reward: 0.040 Cost: 1.000 ShieldInt: 0 ShieldDist: 0.000
arrive destination: False ,out of road:True   Total T: 10329 Episode Num: 21 Episode T: 16 Reward: -5.167 Cost: 1.000 ShieldInt: 0 ShieldDist: 0.000
arrive destination: False ,out of road:True   Total T: 10355 Episode Num: 22 Episode T: 26 Reward: -3.121 Cost: 1.000 ShieldInt: 3 ShieldDist: 0.450
arrive destination: False ,out of road:True   Total T: 10381 Episode Num: 23 Episode T: 26 Reward: -2.720 Cost: 1.000 ShieldInt: 3 ShieldDist: 0.405
arrive destination: False ,out of road:True   Total T: 10407 Episode Num: 24 Episode T: 26 Reward: -3.331 Cost: 1.000 ShieldInt: 7 ShieldDist: 1.009
arrive destination: False ,out of road:True   Total T: 10422 Episode Num: 25 Episode T: 15 Reward: -5.380 Cost: 1.000 ShieldInt: 5 ShieldDist: 0.743
arrive destination: False ,out of road:True   Total T: 10464 Episode Num: 26 Episode T: 42 Reward: 8.130 Cost: 1.000 ShieldInt: 1 ShieldDist: 0.150
arrive destination: False ,out of road:True   Total T: 10486 Episode Num: 27 Episode T: 22 Reward: -3.409 Cost: 1.000 ShieldInt: 0 ShieldDist: 0.000
arrive destination: False ,out of road:True   Total T: 10537 Episode Num: 28 Episode T: 51 Reward: 19.508 Cost: 1.000 ShieldInt: 0 ShieldDist: 0.000
arrive destination: False ,out of road:True   Total T: 10585 Episode Num: 29 Episode T: 48 Reward: 14.178 Cost: 1.000 ShieldInt: 0 ShieldDist: 0.000
arrive destination: False ,out of road:True   Total T: 10630 Episode Num: 30 Episode T: 45 Reward: 12.581 Cost: 1.000 ShieldInt: 0 ShieldDist: 0.000
arrive destination: False ,out of road:True   Total T: 10671 Episode Num: 31 Episode T: 41 Reward: 8.489 Cost: 1.000 ShieldInt: 0 ShieldDist: 0.000
arrive destination: False ,out of road:True   Total T: 10714 Episode Num: 32 Episode T: 43 Reward: 9.653 Cost: 1.000 ShieldInt: 0 ShieldDist: 0.000
arrive destination: False ,out of road:True   Total T: 10773 Episode Num: 33 Episode T: 59 Reward: 28.043 Cost: 1.000 ShieldInt: 0 ShieldDist: 0.000
arrive destination: False ,out of road:True   Total T: 10833 Episode Num: 34 Episode T: 60 Reward: 30.272 Cost: 1.000 ShieldInt: 0 ShieldDist: 0.000
arrive destination: False ,out of road:True   Total T: 10877 Episode Num: 35 Episode T: 44 Reward: 10.708 Cost: 1.000 ShieldInt: 0 ShieldDist: 0.000
arrive destination: False ,out of road:True   Total T: 10926 Episode Num: 36 Episode T: 49 Reward: 16.561 Cost: 1.000 ShieldInt: 0 ShieldDist: 0.000
arrive destination: False ,out of road:True   Total T: 10973 Episode Num: 37 Episode T: 47 Reward: 13.749 Cost: 1.000 ShieldInt: 0 ShieldDist: 0.000
arrive destination: False ,out of road:True   Total T: 11008 Episode Num: 38 Episode T: 35 Reward: 3.105 Cost: 1.000 ShieldInt: 0 ShieldDist: 0.000
arrive destination: False ,out of road:True   Total T: 11048 Episode Num: 39 Episode T: 40 Reward: 7.365 Cost: 1.000 ShieldInt: 0 ShieldDist: 0.000
arrive destination: False ,out of road:True   Total T: 11089 Episode Num: 40 Episode T: 41 Reward: 6.848 Cost: 1.000 ShieldInt: 0 ShieldDist: 0.000
arrive destination: False ,out of road:True   Total T: 11180 Episode Num: 41 Episode T: 91 Reward: 76.005 Cost: 1.000 ShieldInt: 0 ShieldDist: 0.000
arrive destination: False ,out of road:True   Total T: 11247 Episode Num: 42 Episode T: 67 Reward: 35.150 Cost: 1.000 ShieldInt: 0 ShieldDist: 0.000
arrive destination: False ,out of road:True   Total T: 11310 Episode Num: 43 Episode T: 63 Reward: 23.003 Cost: 1.000 ShieldInt: 0 ShieldDist: 0.000
arrive destination: False ,out of road:True   Total T: 11357 Episode Num: 44 Episode T: 47 Reward: 10.820 Cost: 1.000 ShieldInt: 0 ShieldDist: 0.000
arrive destination: False ,out of road:True   Total T: 11391 Episode Num: 45 Episode T: 34 Reward: 3.037 Cost: 1.000 ShieldInt: 0 ShieldDist: 0.000
arrive destination: False ,out of road:True   Total T: 11440 Episode Num: 46 Episode T: 49 Reward: 12.932 Cost: 1.000 ShieldInt: 0 ShieldDist: 0.000
arrive destination: False ,out of road:True   Total T: 11467 Episode Num: 47 Episode T: 27 Reward: -2.365 Cost: 1.000 ShieldInt: 1 ShieldDist: 0.150
arrive destination: False ,out of road:True   Total T: 11506 Episode Num: 48 Episode T: 39 Reward: 5.418 Cost: 1.000 ShieldInt: 0 ShieldDist: 0.000
arrive destination: False ,out of road:True   Total T: 11546 Episode Num: 49 Episode T: 40 Reward: 8.490 Cost: 1.000 ShieldInt: 0 ShieldDist: 0.000
arrive destination: False ,out of road:True   Total T: 11596 Episode Num: 50 Episode T: 50 Reward: 14.884 Cost: 1.000 ShieldInt: 0 ShieldDist: 0.000
arrive destination: False ,out of road:True   Total T: 11640 Episode Num: 51 Episode T: 44 Reward: 10.950 Cost: 1.000 ShieldInt: 0 ShieldDist: 0.000
arrive destination: False ,out of road:True   Total T: 11728 Episode Num: 52 Episode T: 88 Reward: 72.466 Cost: 1.000 ShieldInt: 0 ShieldDist: 0.000
arrive destination: False ,out of road:True   Total T: 11767 Episode Num: 53 Episode T: 39 Reward: 4.234 Cost: 1.000 ShieldInt: 0 ShieldDist: 0.000
arrive destination: False ,out of road:True   Total T: 11819 Episode Num: 54 Episode T: 52 Reward: 18.745 Cost: 1.000 ShieldInt: 0 ShieldDist: 0.000
arrive destination: False ,out of road:True   Total T: 11884 Episode Num: 55 Episode T: 65 Reward: 28.463 Cost: 1.000 ShieldInt: 0 ShieldDist: 0.000
arrive destination: False ,out of road:True   Total T: 12600 Episode Num: 56 Episode T: 716 Reward: 73.106 Cost: 13.000 ShieldInt: 89 ShieldDist: 12.785
arrive destination: False ,out of road:True   Total T: 12694 Episode Num: 57 Episode T: 94 Reward: 77.043 Cost: 1.000 ShieldInt: 6 ShieldDist: 0.821
arrive destination: True ,out of road:False   Total T: 13010 Episode Num: 58 Episode T: 316 Reward: 267.379 Cost: 26.000 ShieldInt: 10 ShieldDist: 1.432
arrive destination: True ,out of road:False   Total T: 13329 Episode Num: 59 Episode T: 319 Reward: 294.751 Cost: 30.000 ShieldInt: 10 ShieldDist: 8.785
arrive destination: False ,out of road:True   Total T: 13411 Episode Num: 60 Episode T: 82 Reward: 59.411 Cost: 1.000 ShieldInt: 4 ShieldDist: 0.507
arrive destination: True ,out of road:False   Total T: 13703 Episode Num: 61 Episode T: 292 Reward: 295.220 Cost: 29.000 ShieldInt: 11 ShieldDist: 16.137
arrive destination: False ,out of road:True   Total T: 13823 Episode Num: 62 Episode T: 120 Reward: 100.931 Cost: 1.000 ShieldInt: 7 ShieldDist: 1.018
arrive destination: False ,out of road:True   Total T: 13880 Episode Num: 63 Episode T: 57 Reward: 22.606 Cost: 1.000 ShieldInt: 3 ShieldDist: 0.386
arrive destination: False ,out of road:True   Total T: 14019 Episode Num: 64 Episode T: 139 Reward: 132.487 Cost: 2.000 ShieldInt: 9 ShieldDist: 1.277
arrive destination: True ,out of road:False   Total T: 14329 Episode Num: 65 Episode T: 310 Reward: 296.118 Cost: 25.000 ShieldInt: 35 ShieldDist: 50.101
arrive destination: False ,out of road:True   Total T: 14402 Episode Num: 66 Episode T: 73 Reward: 43.358 Cost: 1.000 ShieldInt: 0 ShieldDist: 0.000
arrive destination: False ,out of road:False   Total T: 15402 Episode Num: 67 Episode T: 1000 Reward: 149.865 Cost: 32.000 ShieldInt: 811 ShieldDist: 1561.887
arrive destination: False ,out of road:True   Total T: 15541 Episode Num: 68 Episode T: 139 Reward: 157.126 Cost: 4.000 ShieldInt: 10 ShieldDist: 1.463
arrive destination: True ,out of road:False   Total T: 15866 Episode Num: 69 Episode T: 325 Reward: 294.035 Cost: 20.000 ShieldInt: 38 ShieldDist: 27.288
arrive destination: False ,out of road:True   Total T: 15989 Episode Num: 70 Episode T: 123 Reward: 131.197 Cost: 1.000 ShieldInt: 22 ShieldDist: 3.138
arrive destination: True ,out of road:False   Total T: 16271 Episode Num: 71 Episode T: 282 Reward: 295.006 Cost: 15.000 ShieldInt: 13 ShieldDist: 16.362
arrive destination: False ,out of road:True   Total T: 16429 Episode Num: 72 Episode T: 158 Reward: 148.996 Cost: 7.000 ShieldInt: 7 ShieldDist: 1.025
arrive destination: False ,out of road:True   Total T: 16609 Episode Num: 73 Episode T: 180 Reward: 171.810 Cost: 5.000 ShieldInt: 16 ShieldDist: 9.578
arrive destination: False ,out of road:True   Total T: 16719 Episode Num: 74 Episode T: 110 Reward: 73.238 Cost: 6.000 ShieldInt: 16 ShieldDist: 2.331
arrive destination: False ,out of road:True   Total T: 16806 Episode Num: 75 Episode T: 87 Reward: 62.691 Cost: 1.000 ShieldInt: 9 ShieldDist: 1.301
arrive destination: False ,out of road:True   Total T: 16997 Episode Num: 76 Episode T: 191 Reward: 202.894 Cost: 2.000 ShieldInt: 17 ShieldDist: 2.423
arrive destination: True ,out of road:False   Total T: 17488 Episode Num: 77 Episode T: 491 Reward: 414.975 Cost: 36.000 ShieldInt: 73 ShieldDist: 73.759
arrive destination: False ,out of road:True   Total T: 17593 Episode Num: 78 Episode T: 105 Reward: 83.846 Cost: 4.000 ShieldInt: 6 ShieldDist: 0.877
arrive destination: False ,out of road:True   Total T: 17733 Episode Num: 79 Episode T: 140 Reward: 142.601 Cost: 8.000 ShieldInt: 2 ShieldDist: 0.256
arrive destination: False ,out of road:True   Total T: 17905 Episode Num: 80 Episode T: 172 Reward: 143.681 Cost: 7.000 ShieldInt: 17 ShieldDist: 2.389
arrive destination: False ,out of road:True   Total T: 18037 Episode Num: 81 Episode T: 132 Reward: 133.329 Cost: 1.000 ShieldInt: 12 ShieldDist: 1.715
arrive destination: False ,out of road:True   Total T: 18154 Episode Num: 82 Episode T: 117 Reward: 129.779 Cost: 2.000 ShieldInt: 4 ShieldDist: 0.600
arrive destination: False ,out of road:True   Total T: 18237 Episode Num: 83 Episode T: 83 Reward: 59.466 Cost: 1.000 ShieldInt: 10 ShieldDist: 1.499
arrive destination: False ,out of road:True   Total T: 18327 Episode Num: 84 Episode T: 90 Reward: 54.217 Cost: 1.000 ShieldInt: 9 ShieldDist: 1.261
arrive destination: True ,out of road:False   Total T: 18624 Episode Num: 85 Episode T: 297 Reward: 295.573 Cost: 20.000 ShieldInt: 26 ShieldDist: 36.495
arrive destination: False ,out of road:True   Total T: 18710 Episode Num: 86 Episode T: 86 Reward: 60.716 Cost: 1.000 ShieldInt: 12 ShieldDist: 1.761
arrive destination: True ,out of road:False   Total T: 19113 Episode Num: 87 Episode T: 403 Reward: 335.574 Cost: 26.000 ShieldInt: 21 ShieldDist: 15.757
arrive destination: False ,out of road:True   Total T: 19467 Episode Num: 88 Episode T: 354 Reward: 258.415 Cost: 32.000 ShieldInt: 37 ShieldDist: 8.818
arrive destination: False ,out of road:True   Total T: 19618 Episode Num: 89 Episode T: 151 Reward: 134.365 Cost: 11.000 ShieldInt: 24 ShieldDist: 32.665
---------------------------------------
Evaluation over 20 episodes: 0.150 Cost 10.000.             SafeRL used : use_qpsl
---------------------------------------
[34;1m
Time: 2026-07-01 19:04:00, Time spent from previous logger: 152.400 s[0m
[34;1mCustomLogger with fileds: ['total_steps', 'EpRet', 'EpCost', 'CostRate'][0m
[34;1mfieldvalues: [20000, 0.15, 10.0, 0.02280114005700285]
[0m
arrive destination: False ,out of road:True   Total T: 20331 Episode Num: 90 Episode T: 713 Reward: 335.273 Cost: 71.000 ShieldInt: 42 ShieldDist: 25.988
arrive destination: False ,out of road:True   Total T: 20410 Episode Num: 91 Episode T: 79 Reward: 53.513 Cost: 1.000 ShieldInt: 5 ShieldDist: 0.698
arrive destination: True ,out of road:False   Total T: 20687 Episode Num: 92 Episode T: 277 Reward: 289.698 Cost: 16.000 ShieldInt: 30 ShieldDist: 41.150
arrive destination: False ,out of road:True   Total T: 20785 Episode Num: 93 Episode T: 98 Reward: 80.005 Cost: 2.000 ShieldInt: 7 ShieldDist: 1.005
arrive destination: True ,out of road:False   Total T: 21048 Episode Num: 94 Episode T: 263 Reward: 294.645 Cost: 14.000 ShieldInt: 15 ShieldDist: 13.076
arrive destination: True ,out of road:False   Total T: 21357 Episode Num: 95 Episode T: 309 Reward: 302.003 Cost: 46.000 ShieldInt: 41 ShieldDist: 43.955
arrive destination: False ,out of road:True   Total T: 21525 Episode Num: 96 Episode T: 168 Reward: 138.745 Cost: 11.000 ShieldInt: 7 ShieldDist: 0.980
arrive destination: True ,out of road:False   Total T: 21835 Episode Num: 97 Episode T: 310 Reward: 266.433 Cost: 42.000 ShieldInt: 23 ShieldDist: 25.462
arrive destination: False ,out of road:True   Total T: 22150 Episode Num: 98 Episode T: 315 Reward: 214.294 Cost: 27.000 ShieldInt: 52 ShieldDist: 42.168
arrive destination: True ,out of road:False   Total T: 22429 Episode Num: 99 Episode T: 279 Reward: 289.779 Cost: 15.000 ShieldInt: 28 ShieldDist: 27.444
arrive destination: False ,out of road:True   Total T: 22513 Episode Num: 100 Episode T: 84 Reward: 62.732 Cost: 2.000 ShieldInt: 2 ShieldDist: 0.300
arrive destination: False ,out of road:True   Total T: 22769 Episode Num: 101 Episode T: 256 Reward: 263.504 Cost: 43.000 ShieldInt: 14 ShieldDist: 11.261
arrive destination: False ,out of road:True   Total T: 22857 Episode Num: 102 Episode T: 88 Reward: 58.480 Cost: 1.000 ShieldInt: 13 ShieldDist: 1.849
arrive destination: False ,out of road:True   Total T: 22952 Episode Num: 103 Episode T: 95 Reward: 65.844 Cost: 1.000 ShieldInt: 9 ShieldDist: 1.254
arrive destination: True ,out of road:False   Total T: 23201 Episode Num: 104 Episode T: 249 Reward: 233.127 Cost: 47.000 ShieldInt: 14 ShieldDist: 3.780
arrive destination: True ,out of road:False   Total T: 23489 Episode Num: 105 Episode T: 288 Reward: 270.489 Cost: 27.000 ShieldInt: 22 ShieldDist: 3.090
arrive destination: False ,out of road:True   Total T: 23582 Episode Num: 106 Episode T: 93 Reward: 76.710 Cost: 1.000 ShieldInt: 3 ShieldDist: 0.450
arrive destination: True ,out of road:False   Total T: 23909 Episode Num: 107 Episode T: 327 Reward: 294.035 Cost: 50.000 ShieldInt: 41 ShieldDist: 72.727
arrive destination: False ,out of road:True   Total T: 23994 Episode Num: 108 Episode T: 85 Reward: 60.223 Cost: 1.000 ShieldInt: 9 ShieldDist: 1.300
arrive destination: False ,out of road:True   Total T: 24077 Episode Num: 109 Episode T: 83 Reward: 61.832 Cost: 1.000 ShieldInt: 8 ShieldDist: 1.163
arrive destination: False ,out of road:True   Total T: 24388 Episode Num: 110 Episode T: 311 Reward: 213.568 Cost: 26.000 ShieldInt: 48 ShieldDist: 30.382
arrive destination: False ,out of road:True   Total T: 24528 Episode Num: 111 Episode T: 140 Reward: 85.486 Cost: 9.000 ShieldInt: 30 ShieldDist: 16.630
arrive destination: True ,out of road:False   Total T: 25340 Episode Num: 112 Episode T: 812 Reward: 504.800 Cost: 62.000 ShieldInt: 135 ShieldDist: 73.024
arrive destination: False ,out of road:True   Total T: 25832 Episode Num: 113 Episode T: 492 Reward: 271.980 Cost: 27.000 ShieldInt: 113 ShieldDist: 39.813
arrive destination: False ,out of road:True   Total T: 25958 Episode Num: 114 Episode T: 126 Reward: 119.030 Cost: 7.000 ShieldInt: 5 ShieldDist: 0.677
arrive destination: True ,out of road:False   Total T: 26247 Episode Num: 115 Episode T: 289 Reward: 354.383 Cost: 26.000 ShieldInt: 15 ShieldDist: 7.792
arrive destination: False ,out of road:True   Total T: 26940 Episode Num: 116 Episode T: 693 Reward: 362.177 Cost: 26.000 ShieldInt: 163 ShieldDist: 48.856
arrive destination: False ,out of road:True   Total T: 27018 Episode Num: 117 Episode T: 78 Reward: 54.894 Cost: 1.000 ShieldInt: 9 ShieldDist: 1.315
arrive destination: False ,out of road:True   Total T: 27141 Episode Num: 118 Episode T: 123 Reward: 133.546 Cost: 1.000 ShieldInt: 12 ShieldDist: 1.742
arrive destination: True ,out of road:False   Total T: 27430 Episode Num: 119 Episode T: 289 Reward: 357.607 Cost: 15.000 ShieldInt: 41 ShieldDist: 11.300
arrive destination: True ,out of road:False   Total T: 27943 Episode Num: 120 Episode T: 513 Reward: 376.923 Cost: 17.000 ShieldInt: 77 ShieldDist: 23.972
arrive destination: False ,out of road:True   Total T: 28025 Episode Num: 121 Episode T: 82 Reward: 60.925 Cost: 1.000 ShieldInt: 5 ShieldDist: 0.703
arrive destination: True ,out of road:False   Total T: 28228 Episode Num: 122 Episode T: 203 Reward: 269.900 Cost: 4.000 ShieldInt: 2 ShieldDist: 1.953
arrive destination: True ,out of road:False   Total T: 28572 Episode Num: 123 Episode T: 344 Reward: 272.452 Cost: 34.000 ShieldInt: 37 ShieldDist: 40.221
arrive destination: False ,out of road:True   Total T: 28665 Episode Num: 124 Episode T: 93 Reward: 77.072 Cost: 1.000 ShieldInt: 13 ShieldDist: 1.756
arrive destination: False ,out of road:True   Total T: 28785 Episode Num: 125 Episode T: 120 Reward: 133.143 Cost: 1.000 ShieldInt: 15 ShieldDist: 2.197
arrive destination: False ,out of road:True   Total T: 28904 Episode Num: 126 Episode T: 119 Reward: 133.230 Cost: 1.000 ShieldInt: 9 ShieldDist: 1.287
arrive destination: False ,out of road:True   Total T: 29251 Episode Num: 127 Episode T: 347 Reward: 299.842 Cost: 8.000 ShieldInt: 37 ShieldDist: 23.385
arrive destination: False ,out of road:True   Total T: 29445 Episode Num: 128 Episode T: 194 Reward: 237.948 Cost: 3.000 ShieldInt: 22 ShieldDist: 3.222
arrive destination: True ,out of road:False   Total T: 29755 Episode Num: 129 Episode T: 310 Reward: 335.663 Cost: 20.000 ShieldInt: 20 ShieldDist: 28.357
---------------------------------------
Evaluation over 20 episodes: 0.350 Cost 16.200.             SafeRL used : use_qpsl
---------------------------------------
[34;1m
Time: 2026-07-01 19:06:54, Time spent from previous logger: 174.216 s[0m
[34;1mCustomLogger with fileds: ['total_steps', 'EpRet', 'EpCost', 'CostRate'][0m
[34;1mfieldvalues: [30000, 0.35, 16.2, 0.03830127670922364]
[0m
arrive destination: True ,out of road:False   Total T: 30214 Episode Num: 130 Episode T: 459 Reward: 468.028 Cost: 24.000 ShieldInt: 11 ShieldDist: 1.589
arrive destination: True ,out of road:False   Total T: 30513 Episode Num: 131 Episode T: 299 Reward: 290.724 Cost: 33.000 ShieldInt: 27 ShieldDist: 12.869
arrive destination: False ,out of road:True   Total T: 30630 Episode Num: 132 Episode T: 117 Reward: 133.683 Cost: 1.000 ShieldInt: 5 ShieldDist: 0.670
arrive destination: False ,out of road:True   Total T: 30706 Episode Num: 133 Episode T: 76 Reward: 53.878 Cost: 1.000 ShieldInt: 7 ShieldDist: 1.031
arrive destination: False ,out of road:True   Total T: 30789 Episode Num: 134 Episode T: 83 Reward: 65.352 Cost: 1.000 ShieldInt: 5 ShieldDist: 0.730
arrive destination: True ,out of road:False   Total T: 31004 Episode Num: 135 Episode T: 215 Reward: 268.755 Cost: 3.000 ShieldInt: 2 ShieldDist: 0.294
arrive destination: True ,out of road:False   Total T: 31312 Episode Num: 136 Episode T: 308 Reward: 294.231 Cost: 24.000 ShieldInt: 9 ShieldDist: 11.810
arrive destination: True ,out of road:False   Total T: 31549 Episode Num: 137 Episode T: 237 Reward: 248.267 Cost: 0.000 ShieldInt: 22 ShieldDist: 3.112
arrive destination: True ,out of road:False   Total T: 31817 Episode Num: 138 Episode T: 268 Reward: 268.989 Cost: 6.000 ShieldInt: 7 ShieldDist: 0.960
arrive destination: True ,out of road:False   Total T: 32674 Episode Num: 139 Episode T: 857 Reward: 510.912 Cost: 79.000 ShieldInt: 153 ShieldDist: 135.056
arrive destination: True ,out of road:False   Total T: 33136 Episode Num: 140 Episode T: 462 Reward: 397.583 Cost: 16.000 ShieldInt: 51 ShieldDist: 25.438
arrive destination: True ,out of road:False   Total T: 33454 Episode Num: 141 Episode T: 318 Reward: 286.833 Cost: 17.000 ShieldInt: 30 ShieldDist: 44.002
arrive destination: False ,out of road:True   Total T: 33687 Episode Num: 142 Episode T: 233 Reward: 199.809 Cost: 24.000 ShieldInt: 21 ShieldDist: 13.687
arrive destination: True ,out of road:False   Total T: 34139 Episode Num: 143 Episode T: 452 Reward: 374.845 Cost: 15.000 ShieldInt: 25 ShieldDist: 14.481
arrive destination: True ,out of road:False   Total T: 34403 Episode Num: 144 Episode T: 264 Reward: 295.695 Cost: 14.000 ShieldInt: 3 ShieldDist: 0.385
arrive destination: True ,out of road:False   Total T: 34913 Episode Num: 145 Episode T: 510 Reward: 374.812 Cost: 29.000 ShieldInt: 80 ShieldDist: 92.022
arrive destination: True ,out of road:False   Total T: 35673 Episode Num: 146 Episode T: 760 Reward: 506.182 Cost: 63.000 ShieldInt: 99 ShieldDist: 117.524
arrive destination: False ,out of road:True   Total T: 36044 Episode Num: 147 Episode T: 371 Reward: 249.671 Cost: 20.000 ShieldInt: 44 ShieldDist: 37.086
arrive destination: True ,out of road:False   Total T: 36353 Episode Num: 148 Episode T: 309 Reward: 290.783 Cost: 18.000 ShieldInt: 34 ShieldDist: 39.707
arrive destination: True ,out of road:False   Total T: 36983 Episode Num: 149 Episode T: 630 Reward: 494.906 Cost: 29.000 ShieldInt: 93 ShieldDist: 84.314
arrive destination: False ,out of road:True   Total T: 37820 Episode Num: 150 Episode T: 837 Reward: 248.667 Cost: 25.000 ShieldInt: 452 ShieldDist: 849.392
arrive destination: True ,out of road:False   Total T: 38294 Episode Num: 151 Episode T: 474 Reward: 368.713 Cost: 47.000 ShieldInt: 63 ShieldDist: 69.257
arrive destination: True ,out of road:False   Total T: 38790 Episode Num: 152 Episode T: 496 Reward: 403.726 Cost: 44.000 ShieldInt: 33 ShieldDist: 14.648
arrive destination: False ,out of road:True   Total T: 39577 Episode Num: 153 Episode T: 787 Reward: 287.671 Cost: 25.000 ShieldInt: 208 ShieldDist: 40.919
arrive destination: True ,out of road:False   Total T: 39865 Episode Num: 154 Episode T: 288 Reward: 305.675 Cost: 30.000 ShieldInt: 5 ShieldDist: 0.715
---------------------------------------
Evaluation over 20 episodes: 0.650 Cost 27.400.             SafeRL used : use_qpsl
---------------------------------------
[34;1m
Time: 2026-07-01 19:10:10, Time spent from previous logger: 195.683 s[0m
[34;1mCustomLogger with fileds: ['total_steps', 'EpRet', 'EpCost', 'CostRate'][0m
[34;1mfieldvalues: [40000, 0.65, 27.4, 0.04290107252681317]
[0m
arrive destination: True ,out of road:False   Total T: 40257 Episode Num: 155 Episode T: 392 Reward: 411.834 Cost: 13.000 ShieldInt: 27 ShieldDist: 38.944
arrive destination: False ,out of road:True   Total T: 40461 Episode Num: 156 Episode T: 204 Reward: 236.992 Cost: 1.000 ShieldInt: 23 ShieldDist: 3.258
arrive destination: False ,out of road:True   Total T: 41011 Episode Num: 157 Episode T: 550 Reward: 315.764 Cost: 84.000 ShieldInt: 76 ShieldDist: 65.561
arrive destination: True ,out of road:False   Total T: 41463 Episode Num: 158 Episode T: 452 Reward: 368.036 Cost: 22.000 ShieldInt: 49 ShieldDist: 42.418
arrive destination: False ,out of road:True   Total T: 41548 Episode Num: 159 Episode T: 85 Reward: 63.538 Cost: 1.000 ShieldInt: 11 ShieldDist: 1.579
arrive destination: True ,out of road:False   Total T: 42149 Episode Num: 160 Episode T: 601 Reward: 498.559 Cost: 33.000 ShieldInt: 45 ShieldDist: 46.083
arrive destination: True ,out of road:False   Total T: 42364 Episode Num: 161 Episode T: 215 Reward: 249.204 Cost: 0.000 ShieldInt: 18 ShieldDist: 2.567
arrive destination: True ,out of road:False   Total T: 42833 Episode Num: 162 Episode T: 469 Reward: 369.092 Cost: 33.000 ShieldInt: 50 ShieldDist: 80.539
arrive destination: True ,out of road:False   Total T: 43217 Episode Num: 163 Episode T: 384 Reward: 356.146 Cost: 12.000 ShieldInt: 28 ShieldDist: 20.423
arrive destination: False ,out of road:True   Total T: 43363 Episode Num: 164 Episode T: 146 Reward: 127.350 Cost: 1.000 ShieldInt: 12 ShieldDist: 1.715
arrive destination: False ,out of road:True   Total T: 43577 Episode Num: 165 Episode T: 214 Reward: 236.198 Cost: 2.000 ShieldInt: 19 ShieldDist: 2.720
arrive destination: True ,out of road:False   Total T: 43850 Episode Num: 166 Episode T: 273 Reward: 290.031 Cost: 8.000 ShieldInt: 15 ShieldDist: 2.115
arrive destination: True ,out of road:False   Total T: 44616 Episode Num: 167 Episode T: 766 Reward: 419.282 Cost: 53.000 ShieldInt: 120 ShieldDist: 185.135
arrive destination: False ,out of road:True   Total T: 44750 Episode Num: 168 Episode T: 134 Reward: 115.798 Cost: 5.000 ShieldInt: 5 ShieldDist: 0.722
arrive destination: True ,out of road:False   Total T: 45038 Episode Num: 169 Episode T: 288 Reward: 314.463 Cost: 16.000 ShieldInt: 20 ShieldDist: 36.400
arrive destination: False ,out of road:False   Total T: 46038 Episode Num: 170 Episode T: 1000 Reward: 126.512 Cost: 5.000 ShieldInt: 741 ShieldDist: 1393.036
arrive destination: False ,out of road:True   Total T: 46160 Episode Num: 171 Episode T: 122 Reward: 131.276 Cost: 1.000 ShieldInt: 10 ShieldDist: 1.360
arrive destination: True ,out of road:False   Total T: 46679 Episode Num: 172 Episode T: 519 Reward: 346.481 Cost: 31.000 ShieldInt: 45 ShieldDist: 28.229
arrive destination: False ,out of road:True   Total T: 46902 Episode Num: 173 Episode T: 223 Reward: 234.830 Cost: 3.000 ShieldInt: 13 ShieldDist: 1.840
arrive destination: True ,out of road:False   Total T: 47577 Episode Num: 174 Episode T: 675 Reward: 420.942 Cost: 83.000 ShieldInt: 109 ShieldDist: 153.355
arrive destination: True ,out of road:False   Total T: 47874 Episode Num: 175 Episode T: 297 Reward: 294.162 Cost: 16.000 ShieldInt: 7 ShieldDist: 2.857
arrive destination: True ,out of road:False   Total T: 48093 Episode Num: 176 Episode T: 219 Reward: 246.903 Cost: 0.000 ShieldInt: 5 ShieldDist: 0.719
arrive destination: True ,out of road:False   Total T: 48453 Episode Num: 177 Episode T: 360 Reward: 267.818 Cost: 22.000 ShieldInt: 25 ShieldDist: 32.533
arrive destination: True ,out of road:False   Total T: 49221 Episode Num: 178 Episode T: 768 Reward: 513.556 Cost: 81.000 ShieldInt: 45 ShieldDist: 39.223
arrive destination: False ,out of road:True   Total T: 49346 Episode Num: 179 Episode T: 125 Reward: 133.108 Cost: 1.000 ShieldInt: 8 ShieldDist: 1.102
arrive destination: True ,out of road:False   Total T: 49900 Episode Num: 180 Episode T: 554 Reward: 365.582 Cost: 38.000 ShieldInt: 74 ShieldDist: 43.183
---------------------------------------
Evaluation over 20 episodes: 0.700 Cost 19.200.             SafeRL used : use_qpsl
---------------------------------------
[34;1m
Time: 2026-07-01 19:13:06, Time spent from previous logger: 176.654 s[0m
[34;1mCustomLogger with fileds: ['total_steps', 'EpRet', 'EpCost', 'CostRate'][0m
[34;1mfieldvalues: [50000, 0.7, 19.2, 0.045640912818256364]
[0m
arrive destination: True ,out of road:False   Total T: 50246 Episode Num: 181 Episode T: 346 Reward: 311.538 Cost: 48.000 ShieldInt: 2 ShieldDist: 0.300
arrive destination: False ,out of road:False   Total T: 51246 Episode Num: 182 Episode T: 1000 Reward: 126.424 Cost: 28.000 ShieldInt: 789 ShieldDist: 1451.810
arrive destination: False ,out of road:True   Total T: 51364 Episode Num: 183 Episode T: 118 Reward: 131.463 Cost: 1.000 ShieldInt: 13 ShieldDist: 1.866
arrive destination: False ,out of road:True   Total T: 51517 Episode Num: 184 Episode T: 153 Reward: 191.958 Cost: 3.000 ShieldInt: 5 ShieldDist: 0.736
arrive destination: True ,out of road:False   Total T: 51848 Episode Num: 185 Episode T: 331 Reward: 268.530 Cost: 13.000 ShieldInt: 25 ShieldDist: 18.126
arrive destination: True ,out of road:False   Total T: 52323 Episode Num: 186 Episode T: 475 Reward: 336.065 Cost: 27.000 ShieldInt: 39 ShieldDist: 54.246
arrive destination: True ,out of road:False   Total T: 52708 Episode Num: 187 Episode T: 385 Reward: 267.774 Cost: 32.000 ShieldInt: 28 ShieldDist: 29.524
arrive destination: False ,out of road:False   Total T: 53708 Episode Num: 188 Episode T: 1000 Reward: 273.148 Cost: 165.000 ShieldInt: 23 ShieldDist: 14.145
arrive destination: False ,out of road:True   Total T: 53914 Episode Num: 189 Episode T: 206 Reward: 232.603 Cost: 1.000 ShieldInt: 13 ShieldDist: 1.831
arrive destination: True ,out of road:False   Total T: 54113 Episode Num: 190 Episode T: 199 Reward: 245.858 Cost: 0.000 ShieldInt: 11 ShieldDist: 1.609
arrive destination: True ,out of road:False   Total T: 54391 Episode Num: 191 Episode T: 278 Reward: 287.525 Cost: 8.000 ShieldInt: 15 ShieldDist: 16.468
arrive destination: False ,out of road:True   Total T: 54631 Episode Num: 192 Episode T: 240 Reward: 169.321 Cost: 19.000 ShieldInt: 5 ShieldDist: 0.745
arrive destination: True ,out of road:False   Total T: 54845 Episode Num: 193 Episode T: 214 Reward: 248.840 Cost: 0.000 ShieldInt: 10 ShieldDist: 1.405
arrive destination: False ,out of road:True   Total T: 54945 Episode Num: 194 Episode T: 100 Reward: 86.365 Cost: 3.000 ShieldInt: 2 ShieldDist: 0.257
arrive destination: True ,out of road:False   Total T: 55200 Episode Num: 195 Episode T: 255 Reward: 270.770 Cost: 15.000 ShieldInt: 9 ShieldDist: 1.258
arrive destination: False ,out of road:True   Total T: 55447 Episode Num: 196 Episode T: 247 Reward: 74.596 Cost: 2.000 ShieldInt: 4 ShieldDist: 0.599
arrive destination: False ,out of road:True   Total T: 55713 Episode Num: 197 Episode T: 266 Reward: 255.536 Cost: 9.000 ShieldInt: 10 ShieldDist: 1.471
arrive destination: True ,out of road:False   Total T: 55977 Episode Num: 198 Episode T: 264 Reward: 276.337 Cost: 0.000 ShieldInt: 16 ShieldDist: 2.259
arrive destination: True ,out of road:False   Total T: 56498 Episode Num: 199 Episode T: 521 Reward: 406.651 Cost: 47.000 ShieldInt: 39 ShieldDist: 52.660
arrive destination: True ,out of road:False   Total T: 57113 Episode Num: 200 Episode T: 615 Reward: 495.112 Cost: 77.000 ShieldInt: 13 ShieldDist: 1.899
arrive destination: True ,out of road:False   Total T: 57283 Episode Num: 201 Episode T: 170 Reward: 268.387 Cost: 4.000 ShieldInt: 1 ShieldDist: 0.025
arrive destination: True ,out of road:False   Total T: 57574 Episode Num: 202 Episode T: 291 Reward: 273.768 Cost: 0.000 ShieldInt: 8 ShieldDist: 1.099
arrive destination: True ,out of road:False   Total T: 57840 Episode Num: 203 Episode T: 266 Reward: 294.138 Cost: 13.000 ShieldInt: 4 ShieldDist: 0.600
arrive destination: True ,out of road:False   Total T: 58109 Episode Num: 204 Episode T: 269 Reward: 235.049 Cost: 11.000 ShieldInt: 24 ShieldDist: 32.265
arrive destination: True ,out of road:False   Total T: 58711 Episode Num: 205 Episode T: 602 Reward: 470.196 Cost: 30.000 ShieldInt: 25 ShieldDist: 17.841
arrive destination: True ,out of road:False   Total T: 59479 Episode Num: 206 Episode T: 768 Reward: 418.758 Cost: 60.000 ShieldInt: 66 ShieldDist: 85.862
---------------------------------------
Evaluation over 20 episodes: 0.500 Cost 24.500.             SafeRL used : use_qpsl
---------------------------------------
[34;1m
Time: 2026-07-01 19:16:12, Time spent from previous logger: 186.200 s[0m
[34;1mCustomLogger with fileds: ['total_steps', 'EpRet', 'EpCost', 'CostRate'][0m
[34;1mfieldvalues: [60000, 0.5, 24.5, 0.04866747779129652]
[0m
arrive destination: False ,out of road:False   Total T: 60479 Episode Num: 207 Episode T: 1000 Reward: 716.696 Cost: 70.000 ShieldInt: 43 ShieldDist: 57.871
arrive destination: True ,out of road:False   Total T: 60743 Episode Num: 208 Episode T: 264 Reward: 267.962 Cost: 14.000 ShieldInt: 14 ShieldDist: 7.338
arrive destination: True ,out of road:False   Total T: 61168 Episode Num: 209 Episode T: 425 Reward: 377.395 Cost: 38.000 ShieldInt: 15 ShieldDist: 20.130
arrive destination: True ,out of road:False   Total T: 61681 Episode Num: 210 Episode T: 513 Reward: 402.891 Cost: 30.000 ShieldInt: 50 ShieldDist: 61.696
arrive destination: True ,out of road:False   Total T: 61907 Episode Num: 211 Episode T: 226 Reward: 247.411 Cost: 0.000 ShieldInt: 8 ShieldDist: 1.173
arrive destination: True ,out of road:False   Total T: 62524 Episode Num: 212 Episode T: 617 Reward: 414.889 Cost: 28.000 ShieldInt: 27 ShieldDist: 12.775
arrive destination: False ,out of road:True   Total T: 62801 Episode Num: 213 Episode T: 277 Reward: 170.464 Cost: 10.000 ShieldInt: 18 ShieldDist: 27.293
arrive destination: False ,out of road:True   Total T: 63016 Episode Num: 214 Episode T: 215 Reward: 209.858 Cost: 7.000 ShieldInt: 3 ShieldDist: 0.409
arrive destination: False ,out of road:True   Total T: 63149 Episode Num: 215 Episode T: 133 Reward: 135.122 Cost: 1.000 ShieldInt: 9 ShieldDist: 1.239
arrive destination: True ,out of road:False   Total T: 63484 Episode Num: 216 Episode T: 335 Reward: 397.955 Cost: 16.000 ShieldInt: 31 ShieldDist: 44.458
arrive destination: True ,out of road:False   Total T: 63918 Episode Num: 217 Episode T: 434 Reward: 378.622 Cost: 28.000 ShieldInt: 30 ShieldDist: 18.765
arrive destination: False ,out of road:True   Total T: 64129 Episode Num: 218 Episode T: 211 Reward: 178.463 Cost: 17.000 ShieldInt: 12 ShieldDist: 21.450
arrive destination: True ,out of road:False   Total T: 64644 Episode Num: 219 Episode T: 515 Reward: 470.316 Cost: 37.000 ShieldInt: 29 ShieldDist: 11.309
arrive destination: True ,out of road:False   Total T: 65117 Episode Num: 220 Episode T: 473 Reward: 403.988 Cost: 39.000 ShieldInt: 21 ShieldDist: 2.949
arrive destination: True ,out of road:False   Total T: 65324 Episode Num: 221 Episode T: 207 Reward: 245.273 Cost: 0.000 ShieldInt: 4 ShieldDist: 0.559
arrive destination: True ,out of road:False   Total T: 65755 Episode Num: 222 Episode T: 431 Reward: 377.738 Cost: 38.000 ShieldInt: 19 ShieldDist: 13.720
arrive destination: True ,out of road:False   Total T: 66350 Episode Num: 223 Episode T: 595 Reward: 468.687 Cost: 62.000 ShieldInt: 34 ShieldDist: 14.087
arrive destination: False ,out of road:False   Total T: 67350 Episode Num: 224 Episode T: 1000 Reward: 240.104 Cost: 17.000 ShieldInt: 36 ShieldDist: 39.566
arrive destination: True ,out of road:False   Total T: 67658 Episode Num: 225 Episode T: 308 Reward: 278.979 Cost: 12.000 ShieldInt: 31 ShieldDist: 11.589
arrive destination: True ,out of road:False   Total T: 68331 Episode Num: 226 Episode T: 673 Reward: 513.011 Cost: 107.000 ShieldInt: 18 ShieldDist: 9.908
arrive destination: True ,out of road:False   Total T: 68787 Episode Num: 227 Episode T: 456 Reward: 407.671 Cost: 25.000 ShieldInt: 40 ShieldDist: 39.865
arrive destination: True ,out of road:False   Total T: 69490 Episode Num: 228 Episode T: 703 Reward: 494.888 Cost: 34.000 ShieldInt: 39 ShieldDist: 54.461
arrive destination: True ,out of road:False   Total T: 69747 Episode Num: 229 Episode T: 257 Reward: 295.276 Cost: 15.000 ShieldInt: 15 ShieldDist: 16.492
---------------------------------------
Evaluation over 20 episodes: 0.550 Cost 32.000.             SafeRL used : use_qpsl
---------------------------------------
[34;1m
Time: 2026-07-01 19:19:38, Time spent from previous logger: 205.213 s[0m
[34;1mCustomLogger with fileds: ['total_steps', 'EpRet', 'EpCost', 'CostRate'][0m
[34;1mfieldvalues: [70000, 0.55, 32.0, 0.050815011643023475]
[0m
arrive destination: True ,out of road:False   Total T: 70378 Episode Num: 230 Episode T: 631 Reward: 596.395 Cost: 32.000 ShieldInt: 28 ShieldDist: 28.048
arrive destination: True ,out of road:False   Total T: 70603 Episode Num: 231 Episode T: 225 Reward: 251.024 Cost: 0.000 ShieldInt: 20 ShieldDist: 2.871
arrive destination: True ,out of road:False   Total T: 71304 Episode Num: 232 Episode T: 701 Reward: 415.604 Cost: 61.000 ShieldInt: 38 ShieldDist: 5.311
arrive destination: True ,out of road:False   Total T: 71580 Episode Num: 233 Episode T: 276 Reward: 335.053 Cost: 2.000 ShieldInt: 21 ShieldDist: 3.042
arrive destination: True ,out of road:False   Total T: 72018 Episode Num: 234 Episode T: 438 Reward: 377.878 Cost: 27.000 ShieldInt: 34 ShieldDist: 32.246
arrive destination: True ,out of road:False   Total T: 72239 Episode Num: 235 Episode T: 221 Reward: 249.508 Cost: 0.000 ShieldInt: 8 ShieldDist: 1.088
arrive destination: True ,out of road:False   Total T: 72628 Episode Num: 236 Episode T: 389 Reward: 353.453 Cost: 39.000 ShieldInt: 23 ShieldDist: 28.206
arrive destination: True ,out of road:False   Total T: 73132 Episode Num: 237 Episode T: 504 Reward: 416.998 Cost: 38.000 ShieldInt: 28 ShieldDist: 7.594
arrive destination: False ,out of road:False   Total T: 74132 Episode Num: 238 Episode T: 1000 Reward: 298.325 Cost: 21.000 ShieldInt: 589 ShieldDist: 957.272
arrive destination: True ,out of road:False   Total T: 74505 Episode Num: 239 Episode T: 373 Reward: 402.019 Cost: 0.000 ShieldInt: 6 ShieldDist: 0.856
arrive destination: True ,out of road:False   Total T: 75049 Episode Num: 240 Episode T: 544 Reward: 468.284 Cost: 54.000 ShieldInt: 35 ShieldDist: 34.162
arrive destination: True ,out of road:False   Total T: 75324 Episode Num: 241 Episode T: 275 Reward: 281.483 Cost: 3.000 ShieldInt: 24 ShieldDist: 3.506
arrive destination: True ,out of road:False   Total T: 75758 Episode Num: 242 Episode T: 434 Reward: 396.729 Cost: 20.000 ShieldInt: 15 ShieldDist: 2.194
arrive destination: True ,out of road:False   Total T: 76343 Episode Num: 243 Episode T: 585 Reward: 406.154 Cost: 39.000 ShieldInt: 51 ShieldDist: 52.805
arrive destination: True ,out of road:False   Total T: 76633 Episode Num: 244 Episode T: 290 Reward: 296.152 Cost: 12.000 ShieldInt: 18 ShieldDist: 24.529
arrive destination: False ,out of road:True   Total T: 76785 Episode Num: 245 Episode T: 152 Reward: 162.257 Cost: 4.000 ShieldInt: 2 ShieldDist: 0.280
arrive destination: True ,out of road:False   Total T: 77074 Episode Num: 246 Episode T: 289 Reward: 290.080 Cost: 11.000 ShieldInt: 19 ShieldDist: 8.292
arrive destination: True ,out of road:False   Total T: 77862 Episode Num: 247 Episode T: 788 Reward: 511.151 Cost: 94.000 ShieldInt: 23 ShieldDist: 22.650
arrive destination: False ,out of road:False   Total T: 78862 Episode Num: 248 Episode T: 1000 Reward: 298.314 Cost: 42.000 ShieldInt: 574 ShieldDist: 984.504
arrive destination: True ,out of road:False   Total T: 79116 Episode Num: 249 Episode T: 254 Reward: 295.406 Cost: 10.000 ShieldInt: 9 ShieldDist: 10.438
arrive destination: True ,out of road:False   Total T: 79616 Episode Num: 250 Episode T: 500 Reward: 399.000 Cost: 23.000 ShieldInt: 41 ShieldDist: 55.228
---------------------------------------
Evaluation over 20 episodes: 0.550 Cost 22.800.             SafeRL used : use_qpsl
---------------------------------------
[34;1m
Time: 2026-07-01 19:23:08, Time spent from previous logger: 210.196 s[0m
[34;1mCustomLogger with fileds: ['total_steps', 'EpRet', 'EpCost', 'CostRate'][0m
[34;1mfieldvalues: [80000, 0.55, 22.8, 0.05112563907048838]
[0m
arrive destination: True ,out of road:False   Total T: 80331 Episode Num: 251 Episode T: 715 Reward: 569.456 Cost: 44.000 ShieldInt: 23 ShieldDist: 27.862
arrive destination: True ,out of road:False   Total T: 80557 Episode Num: 252 Episode T: 226 Reward: 247.253 Cost: 0.000 ShieldInt: 12 ShieldDist: 1.690
arrive destination: True ,out of road:False   Total T: 81193 Episode Num: 253 Episode T: 636 Reward: 468.178 Cost: 40.000 ShieldInt: 48 ShieldDist: 44.250
arrive destination: False ,out of road:True   Total T: 81343 Episode Num: 254 Episode T: 150 Reward: 162.687 Cost: 4.000 ShieldInt: 3 ShieldDist: 0.382
arrive destination: True ,out of road:False   Total T: 82069 Episode Num: 255 Episode T: 726 Reward: 503.362 Cost: 58.000 ShieldInt: 120 ShieldDist: 177.157
arrive destination: True ,out of road:False   Total T: 82559 Episode Num: 256 Episode T: 490 Reward: 367.091 Cost: 30.000 ShieldInt: 34 ShieldDist: 22.845
arrive destination: True ,out of road:False   Total T: 82825 Episode Num: 257 Episode T: 266 Reward: 295.593 Cost: 9.000 ShieldInt: 24 ShieldDist: 30.541
arrive destination: True ,out of road:False   Total T: 83546 Episode Num: 258 Episode T: 721 Reward: 495.941 Cost: 53.000 ShieldInt: 41 ShieldDist: 42.409
arrive destination: True ,out of road:False   Total T: 83839 Episode Num: 259 Episode T: 293 Reward: 233.251 Cost: 38.000 ShieldInt: 14 ShieldDist: 17.629
arrive destination: True ,out of road:False   Total T: 84289 Episode Num: 260 Episode T: 450 Reward: 376.161 Cost: 33.000 ShieldInt: 25 ShieldDist: 21.246
arrive destination: True ,out of road:False   Total T: 84993 Episode Num: 261 Episode T: 704 Reward: 428.097 Cost: 60.000 ShieldInt: 63 ShieldDist: 77.674
arrive destination: True ,out of road:False   Total T: 85261 Episode Num: 262 Episode T: 268 Reward: 296.054 Cost: 8.000 ShieldInt: 15 ShieldDist: 11.130
arrive destination: False ,out of road:True   Total T: 85412 Episode Num: 263 Episode T: 151 Reward: 183.090 Cost: 1.000 ShieldInt: 7 ShieldDist: 0.985
arrive destination: False ,out of road:False   Total T: 86412 Episode Num: 264 Episode T: 1000 Reward: 212.816 Cost: 28.000 ShieldInt: 15 ShieldDist: 16.923
arrive destination: False ,out of road:False   Total T: 87412 Episode Num: 265 Episode T: 1000 Reward: 280.115 Cost: 32.000 ShieldInt: 273 ShieldDist: 436.244
arrive destination: False ,out of road:True   Total T: 87564 Episode Num: 266 Episode T: 152 Reward: 190.405 Cost: 1.000 ShieldInt: 4 ShieldDist: 0.600
arrive destination: True ,out of road:False   Total T: 87985 Episode Num: 267 Episode T: 421 Reward: 377.472 Cost: 34.000 ShieldInt: 26 ShieldDist: 29.209
arrive destination: False ,out of road:False   Total T: 88985 Episode Num: 268 Episode T: 1000 Reward: 359.052 Cost: 20.000 ShieldInt: 21 ShieldDist: 17.336
arrive destination: False ,out of road:True   Total T: 89226 Episode Num: 269 Episode T: 241 Reward: 187.542 Cost: 11.000 ShieldInt: 25 ShieldDist: 18.043
arrive destination: True ,out of road:False   Total T: 89603 Episode Num: 270 Episode T: 377 Reward: 401.852 Cost: 0.000 ShieldInt: 16 ShieldDist: 2.385
---------------------------------------
Evaluation over 20 episodes: 0.750 Cost 20.250.             SafeRL used : use_qpsl
---------------------------------------
[34;1m
Time: 2026-07-01 19:26:21, Time spent from previous logger: 192.875 s[0m
[34;1mCustomLogger with fileds: ['total_steps', 'EpRet', 'EpCost', 'CostRate'][0m
[34;1mfieldvalues: [90000, 0.75, 20.25, 0.051011677907532305]
[0m
arrive destination: False ,out of road:True   Total T: 90093 Episode Num: 271 Episode T: 490 Reward: 292.949 Cost: 14.000 ShieldInt: 3 ShieldDist: 0.369
arrive destination: True ,out of road:False   Total T: 90458 Episode Num: 272 Episode T: 365 Reward: 294.639 Cost: 8.000 ShieldInt: 12 ShieldDist: 8.542
arrive destination: True ,out of road:False   Total T: 91110 Episode Num: 273 Episode T: 652 Reward: 492.837 Cost: 35.000 ShieldInt: 60 ShieldDist: 74.357
arrive destination: True ,out of road:False   Total T: 91549 Episode Num: 274 Episode T: 439 Reward: 397.939 Cost: 15.000 ShieldInt: 18 ShieldDist: 9.419
arrive destination: False ,out of road:False   Total T: 92549 Episode Num: 275 Episode T: 1000 Reward: 473.590 Cost: 51.000 ShieldInt: 45 ShieldDist: 41.144
arrive destination: False ,out of road:True   Total T: 93127 Episode Num: 276 Episode T: 578 Reward: 346.211 Cost: 37.000 ShieldInt: 69 ShieldDist: 87.978
arrive destination: False ,out of road:False   Total T: 94127 Episode Num: 277 Episode T: 1000 Reward: 389.201 Cost: 33.000 ShieldInt: 29 ShieldDist: 33.394
arrive destination: False ,out of road:True   Total T: 94391 Episode Num: 278 Episode T: 264 Reward: 121.913 Cost: 16.000 ShieldInt: 44 ShieldDist: 14.525
arrive destination: True ,out of road:False   Total T: 95004 Episode Num: 279 Episode T: 613 Reward: 406.442 Cost: 38.000 ShieldInt: 94 ShieldDist: 124.703
arrive destination: False ,out of road:True   Total T: 95314 Episode Num: 280 Episode T: 310 Reward: 274.654 Cost: 9.000 ShieldInt: 23 ShieldDist: 5.226
arrive destination: True ,out of road:False   Total T: 95857 Episode Num: 281 Episode T: 543 Reward: 406.202 Cost: 41.000 ShieldInt: 53 ShieldDist: 73.072
arrive destination: False ,out of road:False   Total T: 96857 Episode Num: 282 Episode T: 1000 Reward: 269.738 Cost: 9.000 ShieldInt: 207 ShieldDist: 245.361
arrive destination: True ,out of road:False   Total T: 97101 Episode Num: 283 Episode T: 244 Reward: 245.005 Cost: 0.000 ShieldInt: 6 ShieldDist: 0.846
arrive destination: True ,out of road:False   Total T: 97356 Episode Num: 284 Episode T: 255 Reward: 233.400 Cost: 27.000 ShieldInt: 8 ShieldDist: 10.057
arrive destination: False ,out of road:True   Total T: 98318 Episode Num: 285 Episode T: 962 Reward: 350.530 Cost: 49.000 ShieldInt: 28 ShieldDist: 14.687
arrive destination: True ,out of road:False   Total T: 98692 Episode Num: 286 Episode T: 374 Reward: 356.574 Cost: 23.000 ShieldInt: 15 ShieldDist: 16.674
arrive destination: False ,out of road:True   Total T: 98847 Episode Num: 287 Episode T: 155 Reward: 181.844 Cost: 1.000 ShieldInt: 4 ShieldDist: 0.541
arrive destination: False ,out of road:False   Total T: 99847 Episode Num: 288 Episode T: 1000 Reward: 346.043 Cost: 51.000 ShieldInt: 103 ShieldDist: 142.811
arrive destination: False ,out of road:True   Total T: 99946 Episode Num: 289 Episode T: 99 Reward: 77.659 Cost: 4.000 ShieldInt: 2 ShieldDist: 0.293
---------------------------------------
Evaluation over 20 episodes: 0.450 Cost 12.500.             SafeRL used : use_qpsl
---------------------------------------
[34;1m
Time: 2026-07-01 19:29:22, Time spent from previous logger: 181.293 s[0m
[34;1mCustomLogger with fileds: ['total_steps', 'EpRet', 'EpCost', 'CostRate'][0m
[34;1mfieldvalues: [100000, 0.45, 12.5, 0.050390503905039054]
[0m
arrive destination: True ,out of road:False   Total T: 100210 Episode Num: 290 Episode T: 264 Reward: 300.859 Cost: 8.000 ShieldInt: 6 ShieldDist: 2.535
arrive destination: False ,out of road:False   Total T: 101210 Episode Num: 291 Episode T: 1000 Reward: 482.393 Cost: 50.000 ShieldInt: 474 ShieldDist: 886.202
arrive destination: True ,out of road:False   Total T: 101443 Episode Num: 292 Episode T: 233 Reward: 244.416 Cost: 0.000 ShieldInt: 3 ShieldDist: 0.450
arrive destination: True ,out of road:False   Total T: 101974 Episode Num: 293 Episode T: 531 Reward: 416.883 Cost: 12.000 ShieldInt: 30 ShieldDist: 4.391
arrive destination: True ,out of road:False   Total T: 102272 Episode Num: 294 Episode T: 298 Reward: 295.891 Cost: 5.000 ShieldInt: 27 ShieldDist: 16.672
arrive destination: True ,out of road:False   Total T: 102776 Episode Num: 295 Episode T: 504 Reward: 412.338 Cost: 14.000 ShieldInt: 44 ShieldDist: 26.254
arrive destination: True ,out of road:False   Total T: 103014 Episode Num: 296 Episode T: 238 Reward: 269.747 Cost: 4.000 ShieldInt: 6 ShieldDist: 2.557
arrive destination: True ,out of road:False   Total T: 103319 Episode Num: 297 Episode T: 305 Reward: 287.848 Cost: 5.000 ShieldInt: 18 ShieldDist: 16.970
arrive destination: True ,out of road:False   Total T: 104057 Episode Num: 298 Episode T: 738 Reward: 508.980 Cost: 51.000 ShieldInt: 32 ShieldDist: 35.596
arrive destination: True ,out of road:False   Total T: 104316 Episode Num: 299 Episode T: 259 Reward: 245.609 Cost: 0.000 ShieldInt: 5 ShieldDist: 0.750
arrive destination: True ,out of road:False   Total T: 105062 Episode Num: 300 Episode T: 746 Reward: 514.953 Cost: 82.000 ShieldInt: 81 ShieldDist: 86.076
arrive destination: False ,out of road:True   Total T: 105284 Episode Num: 301 Episode T: 222 Reward: 180.088 Cost: 4.000 ShieldInt: 10 ShieldDist: 3.235
arrive destination: True ,out of road:False   Total T: 105549 Episode Num: 302 Episode T: 265 Reward: 279.491 Cost: 2.000 ShieldInt: 14 ShieldDist: 1.970
arrive destination: False ,out of road:False   Total T: 106549 Episode Num: 303 Episode T: 1000 Reward: 320.056 Cost: 24.000 ShieldInt: 27 ShieldDist: 18.168
arrive destination: True ,out of road:False   Total T: 106944 Episode Num: 304 Episode T: 395 Reward: 358.530 Cost: 11.000 ShieldInt: 18 ShieldDist: 8.190
arrive destination: False ,out of road:True   Total T: 107032 Episode Num: 305 Episode T: 88 Reward: 67.866 Cost: 1.000 ShieldInt: 2 ShieldDist: 0.288
arrive destination: True ,out of road:False   Total T: 107280 Episode Num: 306 Episode T: 248 Reward: 233.330 Cost: 23.000 ShieldInt: 12 ShieldDist: 1.671
arrive destination: False ,out of road:True   Total T: 107431 Episode Num: 307 Episode T: 151 Reward: 164.007 Cost: 6.000 ShieldInt: 7 ShieldDist: 2.651
arrive destination: True ,out of road:False   Total T: 107909 Episode Num: 308 Episode T: 478 Reward: 370.355 Cost: 38.000 ShieldInt: 25 ShieldDist: 3.609
arrive destination: True ,out of road:False   Total T: 108153 Episode Num: 309 Episode T: 244 Reward: 246.189 Cost: 0.000 ShieldInt: 10 ShieldDist: 1.424
arrive destination: True ,out of road:False   Total T: 108528 Episode Num: 310 Episode T: 375 Reward: 294.233 Cost: 13.000 ShieldInt: 10 ShieldDist: 1.449
arrive destination: False ,out of road:True   Total T: 108982 Episode Num: 311 Episode T: 454 Reward: 307.031 Cost: 24.000 ShieldInt: 35 ShieldDist: 46.904
arrive destination: True ,out of road:False   Total T: 109592 Episode Num: 312 Episode T: 610 Reward: 495.262 Cost: 42.000 ShieldInt: 51 ShieldDist: 68.128
arrive destination: False ,out of road:True   Total T: 109757 Episode Num: 313 Episode T: 165 Reward: 138.888 Cost: 2.000 ShieldInt: 15 ShieldDist: 2.203
---------------------------------------
Evaluation over 20 episodes: 0.500 Cost 12.700.             SafeRL used : use_qpsl
---------------------------------------
[34;1m
Time: 2026-07-01 19:32:43, Time spent from previous logger: 200.996 s[0m
[34;1mCustomLogger with fileds: ['total_steps', 'EpRet', 'EpCost', 'CostRate'][0m
[34;1mfieldvalues: [110000, 0.5, 12.7, 0.049691360830553005]
[0m
arrive destination: True ,out of road:False   Total T: 110305 Episode Num: 314 Episode T: 548 Reward: 487.377 Cost: 15.000 ShieldInt: 18 ShieldDist: 16.542
arrive destination: True ,out of road:False   Total T: 110732 Episode Num: 315 Episode T: 427 Reward: 355.950 Cost: 29.000 ShieldInt: 40 ShieldDist: 48.221
arrive destination: True ,out of road:False   Total T: 111061 Episode Num: 316 Episode T: 329 Reward: 269.154 Cost: 9.000 ShieldInt: 24 ShieldDist: 10.727
arrive destination: False ,out of road:True   Total T: 111294 Episode Num: 317 Episode T: 233 Reward: 212.129 Cost: 1.000 ShieldInt: 7 ShieldDist: 0.999
arrive destination: True ,out of road:False   Total T: 111681 Episode Num: 318 Episode T: 387 Reward: 370.519 Cost: 10.000 ShieldInt: 29 ShieldDist: 12.734
arrive destination: True ,out of road:False   Total T: 112007 Episode Num: 319 Episode T: 326 Reward: 267.805 Cost: 9.000 ShieldInt: 27 ShieldDist: 20.416
arrive destination: True ,out of road:False   Total T: 112366 Episode Num: 320 Episode T: 359 Reward: 267.308 Cost: 14.000 ShieldInt: 30 ShieldDist: 27.248
arrive destination: True ,out of road:False   Total T: 112925 Episode Num: 321 Episode T: 559 Reward: 410.436 Cost: 8.000 ShieldInt: 28 ShieldDist: 14.788
arrive destination: True ,out of road:False   Total T: 113276 Episode Num: 322 Episode T: 351 Reward: 335.741 Cost: 21.000 ShieldInt: 24 ShieldDist: 15.479
arrive destination: True ,out of road:False   Total T: 113802 Episode Num: 323 Episode T: 526 Reward: 471.561 Cost: 18.000 ShieldInt: 25 ShieldDist: 10.939
arrive destination: True ,out of road:False   Total T: 114167 Episode Num: 324 Episode T: 365 Reward: 290.381 Cost: 14.000 ShieldInt: 34 ShieldDist: 19.588
arrive destination: True ,out of road:False   Total T: 114867 Episode Num: 325 Episode T: 700 Reward: 405.757 Cost: 36.000 ShieldInt: 196 ShieldDist: 364.558
arrive destination: True ,out of road:False   Total T: 115296 Episode Num: 326 Episode T: 429 Reward: 374.454 Cost: 15.000 ShieldInt: 55 ShieldDist: 89.655
arrive destination: False ,out of road:True   Total T: 115665 Episode Num: 327 Episode T: 369 Reward: 356.671 Cost: 1.000 ShieldInt: 33 ShieldDist: 4.641
arrive destination: False ,out of road:True   Total T: 115955 Episode Num: 328 Episode T: 290 Reward: 116.492 Cost: 14.000 ShieldInt: 20 ShieldDist: 18.420
arrive destination: True ,out of road:False   Total T: 116663 Episode Num: 329 Episode T: 708 Reward: 417.924 Cost: 35.000 ShieldInt: 45 ShieldDist: 22.912
arrive destination: True ,out of road:False   Total T: 117385 Episode Num: 330 Episode T: 722 Reward: 511.865 Cost: 51.000 ShieldInt: 17 ShieldDist: 7.685
arrive destination: False ,out of road:False   Total T: 118385 Episode Num: 331 Episode T: 1000 Reward: 127.612 Cost: 36.000 ShieldInt: 770 ShieldDist: 1309.377
arrive destination: True ,out of road:False   Total T: 118582 Episode Num: 332 Episode T: 197 Reward: 268.804 Cost: 1.000 ShieldInt: 10 ShieldDist: 1.440
arrive destination: True ,out of road:False   Total T: 118821 Episode Num: 333 Episode T: 239 Reward: 246.361 Cost: 0.000 ShieldInt: 12 ShieldDist: 1.643
arrive destination: True ,out of road:False   Total T: 119036 Episode Num: 334 Episode T: 215 Reward: 278.720 Cost: 4.000 ShieldInt: 8 ShieldDist: 2.644
arrive destination: False ,out of road:True   Total T: 119138 Episode Num: 335 Episode T: 102 Reward: 75.139 Cost: 2.000 ShieldInt: 2 ShieldDist: 0.300
arrive destination: True ,out of road:False   Total T: 119836 Episode Num: 336 Episode T: 698 Reward: 515.315 Cost: 39.000 ShieldInt: 21 ShieldDist: 9.996
---------------------------------------
Evaluation over 20 episodes: 0.800 Cost 15.400.             SafeRL used : use_qpsl
---------------------------------------
[34;1m
Time: 2026-07-01 19:35:57, Time spent from previous logger: 193.931 s[0m
[34;1mCustomLogger with fileds: ['total_steps', 'EpRet', 'EpCost', 'CostRate'][0m
[34;1mfieldvalues: [120000, 0.8, 15.4, 0.04875040625338545]
[0m
arrive destination: False ,out of road:True   Total T: 120129 Episode Num: 337 Episode T: 293 Reward: 269.164 Cost: 11.000 ShieldInt: 5 ShieldDist: 0.709
arrive destination: True ,out of road:False   Total T: 120669 Episode Num: 338 Episode T: 540 Reward: 439.401 Cost: 32.000 ShieldInt: 47 ShieldDist: 42.802
arrive destination: True ,out of road:False   Total T: 121298 Episode Num: 339 Episode T: 629 Reward: 514.871 Cost: 60.000 ShieldInt: 65 ShieldDist: 63.644
arrive destination: False ,out of road:True   Total T: 121509 Episode Num: 340 Episode T: 211 Reward: 207.787 Cost: 7.000 ShieldInt: 5 ShieldDist: 0.728
arrive destination: True ,out of road:False   Total T: 122390 Episode Num: 341 Episode T: 881 Reward: 273.892 Cost: 8.000 ShieldInt: 22 ShieldDist: 12.185
arrive destination: True ,out of road:False   Total T: 122928 Episode Num: 342 Episode T: 538 Reward: 406.960 Cost: 17.000 ShieldInt: 34 ShieldDist: 29.883
arrive destination: True ,out of road:False   Total T: 123222 Episode Num: 343 Episode T: 294 Reward: 287.383 Cost: 17.000 ShieldInt: 34 ShieldDist: 34.732
arrive destination: True ,out of road:False   Total T: 123626 Episode Num: 344 Episode T: 404 Reward: 357.829 Cost: 12.000 ShieldInt: 14 ShieldDist: 7.017
arrive destination: True ,out of road:False   Total T: 124103 Episode Num: 345 Episode T: 477 Reward: 406.021 Cost: 23.000 ShieldInt: 40 ShieldDist: 49.547
arrive destination: False ,out of road:False   Total T: 125103 Episode Num: 346 Episode T: 1000 Reward: 66.537 Cost: 11.000 ShieldInt: 14 ShieldDist: 1.969
arrive destination: True ,out of road:False   Total T: 125351 Episode Num: 347 Episode T: 248 Reward: 232.826 Cost: 11.000 ShieldInt: 20 ShieldDist: 12.090
arrive destination: True ,out of road:False   Total T: 125842 Episode Num: 348 Episode T: 491 Reward: 408.064 Cost: 4.000 ShieldInt: 16 ShieldDist: 7.941
arrive destination: False ,out of road:True   Total T: 126066 Episode Num: 349 Episode T: 224 Reward: 223.941 Cost: 1.000 ShieldInt: 11 ShieldDist: 1.650
arrive destination: True ,out of road:False   Total T: 126569 Episode Num: 350 Episode T: 503 Reward: 407.328 Cost: 34.000 ShieldInt: 28 ShieldDist: 17.819
arrive destination: True ,out of road:False   Total T: 126870 Episode Num: 351 Episode T: 301 Reward: 288.417 Cost: 18.000 ShieldInt: 24 ShieldDist: 28.911
arrive destination: True ,out of road:False   Total T: 127159 Episode Num: 352 Episode T: 289 Reward: 286.008 Cost: 18.000 ShieldInt: 29 ShieldDist: 43.995
arrive destination: False ,out of road:True   Total T: 127490 Episode Num: 353 Episode T: 331 Reward: 355.589 Cost: 3.000 ShieldInt: 29 ShieldDist: 4.143
arrive destination: True ,out of road:False   Total T: 127845 Episode Num: 354 Episode T: 355 Reward: 401.923 Cost: 2.000 ShieldInt: 25 ShieldDist: 3.525
arrive destination: True ,out of road:False   Total T: 128410 Episode Num: 355 Episode T: 565 Reward: 418.790 Cost: 23.000 ShieldInt: 63 ShieldDist: 54.441
arrive destination: True ,out of road:False   Total T: 129187 Episode Num: 356 Episode T: 777 Reward: 509.589 Cost: 50.000 ShieldInt: 72 ShieldDist: 75.077
arrive destination: False ,out of road:True   Total T: 129325 Episode Num: 357 Episode T: 138 Reward: 134.234 Cost: 1.000 ShieldInt: 12 ShieldDist: 1.729
arrive destination: True ,out of road:False   Total T: 129619 Episode Num: 358 Episode T: 294 Reward: 289.397 Cost: 8.000 ShieldInt: 29 ShieldDist: 20.517
---------------------------------------
Evaluation over 20 episodes: 0.800 Cost 15.450.             SafeRL used : use_qpsl
---------------------------------------
[34;1m
Time: 2026-07-01 19:39:09, Time spent from previous logger: 192.154 s[0m
[34;1mCustomLogger with fileds: ['total_steps', 'EpRet', 'EpCost', 'CostRate'][0m
[34;1mfieldvalues: [130000, 0.8, 15.45, 0.047846521896322276]
[0m
arrive destination: True ,out of road:False   Total T: 130520 Episode Num: 359 Episode T: 901 Reward: 575.769 Cost: 48.000 ShieldInt: 38 ShieldDist: 47.461
arrive destination: True ,out of road:False   Total T: 131078 Episode Num: 360 Episode T: 558 Reward: 468.332 Cost: 32.000 ShieldInt: 37 ShieldDist: 21.352
arrive destination: False ,out of road:True   Total T: 131298 Episode Num: 361 Episode T: 220 Reward: 208.649 Cost: 15.000 ShieldInt: 11 ShieldDist: 1.577
arrive destination: True ,out of road:False   Total T: 131808 Episode Num: 362 Episode T: 510 Reward: 407.960 Cost: 27.000 ShieldInt: 32 ShieldDist: 8.966
arrive destination: True ,out of road:False   Total T: 132186 Episode Num: 363 Episode T: 378 Reward: 369.829 Cost: 18.000 ShieldInt: 15 ShieldDist: 20.803
arrive destination: False ,out of road:False   Total T: 133186 Episode Num: 364 Episode T: 1000 Reward: 476.621 Cost: 25.000 ShieldInt: 341 ShieldDist: 557.813
arrive destination: False ,out of road:True   Total T: 133485 Episode Num: 365 Episode T: 299 Reward: 272.305 Cost: 11.000 ShieldInt: 24 ShieldDist: 22.984
arrive destination: True ,out of road:False   Total T: 133947 Episode Num: 366 Episode T: 462 Reward: 399.479 Cost: 24.000 ShieldInt: 28 ShieldDist: 26.051
arrive destination: True ,out of road:False   Total T: 134262 Episode Num: 367 Episode T: 315 Reward: 265.021 Cost: 13.000 ShieldInt: 16 ShieldDist: 13.246
arrive destination: True ,out of road:False   Total T: 134787 Episode Num: 368 Episode T: 525 Reward: 372.144 Cost: 34.000 ShieldInt: 38 ShieldDist: 29.966
arrive destination: True ,out of road:False   Total T: 135747 Episode Num: 369 Episode T: 960 Reward: 374.705 Cost: 26.000 ShieldInt: 350 ShieldDist: 471.572
arrive destination: True ,out of road:False   Total T: 135962 Episode Num: 370 Episode T: 215 Reward: 269.355 Cost: 8.000 ShieldInt: 7 ShieldDist: 1.049
arrive destination: False ,out of road:False   Total T: 136962 Episode Num: 371 Episode T: 1000 Reward: 483.423 Cost: 61.000 ShieldInt: 205 ShieldDist: 211.196
arrive destination: True ,out of road:False   Total T: 137353 Episode Num: 372 Episode T: 391 Reward: 358.965 Cost: 20.000 ShieldInt: 25 ShieldDist: 16.387
arrive destination: True ,out of road:False   Total T: 137544 Episode Num: 373 Episode T: 191 Reward: 270.051 Cost: 6.000 ShieldInt: 8 ShieldDist: 1.817
arrive destination: True ,out of road:False   Total T: 138048 Episode Num: 374 Episode T: 504 Reward: 397.876 Cost: 28.000 ShieldInt: 40 ShieldDist: 46.346
arrive destination: False ,out of road:False   Total T: 139048 Episode Num: 375 Episode T: 1000 Reward: 383.418 Cost: 26.000 ShieldInt: 49 ShieldDist: 54.214
arrive destination: True ,out of road:False   Total T: 139578 Episode Num: 376 Episode T: 530 Reward: 405.640 Cost: 19.000 ShieldInt: 49 ShieldDist: 59.868
arrive destination: True ,out of road:False   Total T: 139823 Episode Num: 377 Episode T: 245 Reward: 272.358 Cost: 4.000 ShieldInt: 9 ShieldDist: 1.244
---------------------------------------
Evaluation over 20 episodes: 0.700 Cost 28.050.             SafeRL used : use_qpsl
---------------------------------------
[34;1m
Time: 2026-07-01 19:42:26, Time spent from previous logger: 197.065 s[0m
[34;1mCustomLogger with fileds: ['total_steps', 'EpRet', 'EpCost', 'CostRate'][0m
[34;1mfieldvalues: [140000, 0.7, 28.05, 0.04755748255344681]
[0m
arrive destination: True ,out of road:False   Total T: 140405 Episode Num: 378 Episode T: 582 Reward: 577.119 Cost: 10.000 ShieldInt: 33 ShieldDist: 30.939
arrive destination: True ,out of road:False   Total T: 140936 Episode Num: 379 Episode T: 531 Reward: 408.781 Cost: 43.000 ShieldInt: 27 ShieldDist: 22.109
arrive destination: True ,out of road:False   Total T: 141438 Episode Num: 380 Episode T: 502 Reward: 408.813 Cost: 35.000 ShieldInt: 35 ShieldDist: 19.236
arrive destination: True ,out of road:False   Total T: 141851 Episode Num: 381 Episode T: 413 Reward: 429.197 Cost: 25.000 ShieldInt: 32 ShieldDist: 18.175
arrive destination: True ,out of road:False   Total T: 142641 Episode Num: 382 Episode T: 790 Reward: 372.169 Cost: 36.000 ShieldInt: 335 ShieldDist: 385.535
arrive destination: True ,out of road:False   Total T: 142862 Episode Num: 383 Episode T: 221 Reward: 295.324 Cost: 4.000 ShieldInt: 9 ShieldDist: 1.208
arrive destination: True ,out of road:False   Total T: 143312 Episode Num: 384 Episode T: 450 Reward: 376.185 Cost: 22.000 ShieldInt: 26 ShieldDist: 21.696
arrive destination: False ,out of road:True   Total T: 143406 Episode Num: 385 Episode T: 94 Reward: 80.294 Cost: 2.000 ShieldInt: 2 ShieldDist: 0.227
arrive destination: True ,out of road:False   Total T: 143871 Episode Num: 386 Episode T: 465 Reward: 380.605 Cost: 15.000 ShieldInt: 22 ShieldDist: 17.132
arrive destination: True ,out of road:False   Total T: 144120 Episode Num: 387 Episode T: 249 Reward: 232.963 Cost: 26.000 ShieldInt: 8 ShieldDist: 1.149
arrive destination: True ,out of road:False   Total T: 144679 Episode Num: 388 Episode T: 559 Reward: 468.888 Cost: 38.000 ShieldInt: 28 ShieldDist: 20.194
arrive destination: False ,out of road:True   Total T: 144858 Episode Num: 389 Episode T: 179 Reward: 201.455 Cost: 8.000 ShieldInt: 4 ShieldDist: 1.140
arrive destination: False ,out of road:True   Total T: 145056 Episode Num: 390 Episode T: 198 Reward: 232.927 Cost: 5.000 ShieldInt: 8 ShieldDist: 1.078
arrive destination: True ,out of road:False   Total T: 145388 Episode Num: 391 Episode T: 332 Reward: 268.715 Cost: 15.000 ShieldInt: 27 ShieldDist: 30.155
arrive destination: False ,out of road:True   Total T: 145520 Episode Num: 392 Episode T: 132 Reward: 133.593 Cost: 1.000 ShieldInt: 9 ShieldDist: 1.335
arrive destination: True ,out of road:False   Total T: 145829 Episode Num: 393 Episode T: 309 Reward: 264.229 Cost: 9.000 ShieldInt: 18 ShieldDist: 17.416
arrive destination: True ,out of road:False   Total T: 146080 Episode Num: 394 Episode T: 251 Reward: 233.372 Cost: 14.000 ShieldInt: 15 ShieldDist: 11.291
arrive destination: False ,out of road:True   Total T: 146576 Episode Num: 395 Episode T: 496 Reward: 319.824 Cost: 60.000 ShieldInt: 41 ShieldDist: 31.198
arrive destination: True ,out of road:False   Total T: 146882 Episode Num: 396 Episode T: 306 Reward: 269.193 Cost: 7.000 ShieldInt: 16 ShieldDist: 2.302
arrive destination: True ,out of road:False   Total T: 147091 Episode Num: 397 Episode T: 209 Reward: 246.284 Cost: 0.000 ShieldInt: 3 ShieldDist: 0.338
arrive destination: True ,out of road:False   Total T: 147800 Episode Num: 398 Episode T: 709 Reward: 407.358 Cost: 30.000 ShieldInt: 41 ShieldDist: 5.784
arrive destination: False ,out of road:True   Total T: 147983 Episode Num: 399 Episode T: 183 Reward: 232.860 Cost: 1.000 ShieldInt: 12 ShieldDist: 1.728
arrive destination: False ,out of road:True   Total T: 148166 Episode Num: 400 Episode T: 183 Reward: 206.254 Cost: 6.000 ShieldInt: 4 ShieldDist: 0.770
arrive destination: False ,out of road:True   Total T: 148301 Episode Num: 401 Episode T: 135 Reward: 134.851 Cost: 1.000 ShieldInt: 14 ShieldDist: 2.015
arrive destination: True ,out of road:False   Total T: 148680 Episode Num: 402 Episode T: 379 Reward: 351.055 Cost: 22.000 ShieldInt: 29 ShieldDist: 30.982
arrive destination: True ,out of road:False   Total T: 149073 Episode Num: 403 Episode T: 393 Reward: 357.821 Cost: 15.000 ShieldInt: 28 ShieldDist: 25.948
arrive destination: False ,out of road:True   Total T: 149114 Episode Num: 404 Episode T: 41 Reward: 7.742 Cost: 1.000 ShieldInt: 0 ShieldDist: 0.000
arrive destination: True ,out of road:False   Total T: 149369 Episode Num: 405 Episode T: 255 Reward: 295.721 Cost: 5.000 ShieldInt: 19 ShieldDist: 15.353
arrive destination: True ,out of road:False   Total T: 149720 Episode Num: 406 Episode T: 351 Reward: 400.848 Cost: 0.000 ShieldInt: 22 ShieldDist: 3.247
arrive destination: True ,out of road:False   Total T: 149916 Episode Num: 407 Episode T: 196 Reward: 268.680 Cost: 6.000 ShieldInt: 3 ShieldDist: 0.450
---------------------------------------
Evaluation over 20 episodes: 0.450 Cost 20.550.             SafeRL used : use_qpsl
---------------------------------------
[34;1m
Time: 2026-07-01 19:45:34, Time spent from previous logger: 188.128 s[0m
[34;1mCustomLogger with fileds: ['total_steps', 'EpRet', 'EpCost', 'CostRate'][0m
[34;1mfieldvalues: [150000, 0.45, 20.55, 0.047466983113220756]
[0m
arrive destination: True ,out of road:False   Total T: 150317 Episode Num: 408 Episode T: 401 Reward: 337.809 Cost: 11.000 ShieldInt: 22 ShieldDist: 22.202
arrive destination: True ,out of road:False   Total T: 150517 Episode Num: 409 Episode T: 200 Reward: 278.703 Cost: 9.000 ShieldInt: 6 ShieldDist: 0.865
arrive destination: True ,out of road:False   Total T: 150784 Episode Num: 410 Episode T: 267 Reward: 275.711 Cost: 8.000 ShieldInt: 17 ShieldDist: 11.352
arrive destination: False ,out of road:True   Total T: 151113 Episode Num: 411 Episode T: 329 Reward: 356.158 Cost: 4.000 ShieldInt: 14 ShieldDist: 1.987
arrive destination: True ,out of road:False   Total T: 151379 Episode Num: 412 Episode T: 266 Reward: 287.361 Cost: 15.000 ShieldInt: 13 ShieldDist: 10.874
arrive destination: True ,out of road:False   Total T: 151596 Episode Num: 413 Episode T: 217 Reward: 244.299 Cost: 0.000 ShieldInt: 3 ShieldDist: 0.440
arrive destination: True ,out of road:False   Total T: 152032 Episode Num: 414 Episode T: 436 Reward: 380.000 Cost: 19.000 ShieldInt: 22 ShieldDist: 21.428
arrive destination: True ,out of road:False   Total T: 152296 Episode Num: 415 Episode T: 264 Reward: 294.985 Cost: 10.000 ShieldInt: 15 ShieldDist: 18.556
arrive destination: True ,out of road:False   Total T: 152957 Episode Num: 416 Episode T: 661 Reward: 399.178 Cost: 22.000 ShieldInt: 134 ShieldDist: 207.530
arrive destination: True ,out of road:False   Total T: 153314 Episode Num: 417 Episode T: 357 Reward: 399.126 Cost: 0.000 ShieldInt: 15 ShieldDist: 2.010
arrive destination: True ,out of road:False   Total T: 153768 Episode Num: 418 Episode T: 454 Reward: 469.292 Cost: 26.000 ShieldInt: 25 ShieldDist: 8.421
arrive destination: False ,out of road:True   Total T: 153861 Episode Num: 419 Episode T: 93 Reward: 79.487 Cost: 2.000 ShieldInt: 4 ShieldDist: 0.568
arrive destination: False ,out of road:True   Total T: 154496 Episode Num: 420 Episode T: 635 Reward: 454.988 Cost: 69.000 ShieldInt: 102 ShieldDist: 182.106
arrive destination: True ,out of road:False   Total T: 154707 Episode Num: 421 Episode T: 211 Reward: 248.037 Cost: 0.000 ShieldInt: 12 ShieldDist: 1.735
arrive destination: True ,out of road:False   Total T: 155107 Episode Num: 422 Episode T: 400 Reward: 402.156 Cost: 10.000 ShieldInt: 44 ShieldDist: 38.063
arrive destination: True ,out of road:False   Total T: 155297 Episode Num: 423 Episode T: 190 Reward: 269.355 Cost: 8.000 ShieldInt: 4 ShieldDist: 2.216
arrive destination: True ,out of road:False   Total T: 155808 Episode Num: 424 Episode T: 511 Reward: 406.232 Cost: 26.000 ShieldInt: 35 ShieldDist: 36.639
arrive destination: True ,out of road:False   Total T: 156290 Episode Num: 425 Episode T: 482 Reward: 465.681 Cost: 22.000 ShieldInt: 27 ShieldDist: 36.868
arrive destination: True ,out of road:False   Total T: 156486 Episode Num: 426 Episode T: 196 Reward: 268.670 Cost: 5.000 ShieldInt: 8 ShieldDist: 1.154
arrive destination: True ,out of road:False   Total T: 157101 Episode Num: 427 Episode T: 615 Reward: 498.077 Cost: 52.000 ShieldInt: 39 ShieldDist: 36.674
arrive destination: True ,out of road:False   Total T: 157310 Episode Num: 428 Episode T: 209 Reward: 269.409 Cost: 9.000 ShieldInt: 6 ShieldDist: 0.797
arrive destination: True ,out of road:False   Total T: 157817 Episode Num: 429 Episode T: 507 Reward: 294.660 Cost: 25.000 ShieldInt: 87 ShieldDist: 127.289
arrive destination: True ,out of road:False   Total T: 158556 Episode Num: 430 Episode T: 739 Reward: 399.059 Cost: 68.000 ShieldInt: 118 ShieldDist: 154.058
arrive destination: True ,out of road:False   Total T: 158749 Episode Num: 431 Episode T: 193 Reward: 268.993 Cost: 8.000 ShieldInt: 2 ShieldDist: 0.270
arrive destination: True ,out of road:False   Total T: 159088 Episode Num: 432 Episode T: 339 Reward: 403.864 Cost: 0.000 ShieldInt: 10 ShieldDist: 1.451
arrive destination: True ,out of road:False   Total T: 159628 Episode Num: 433 Episode T: 540 Reward: 408.956 Cost: 50.000 ShieldInt: 40 ShieldDist: 42.255
arrive destination: True ,out of road:False   Total T: 159839 Episode Num: 434 Episode T: 211 Reward: 248.646 Cost: 0.000 ShieldInt: 7 ShieldDist: 1.050
---------------------------------------
Evaluation over 20 episodes: 0.500 Cost 31.650.             SafeRL used : use_qpsl
---------------------------------------
[34;1m
Time: 2026-07-01 19:49:00, Time spent from previous logger: 205.513 s[0m
[34;1mCustomLogger with fileds: ['total_steps', 'EpRet', 'EpCost', 'CostRate'][0m
[34;1mfieldvalues: [160000, 0.5, 31.65, 0.04755029718935743]
[0m
arrive destination: False ,out of road:False   Total T: 160839 Episode Num: 435 Episode T: 1000 Reward: 351.882 Cost: 20.000 ShieldInt: 547 ShieldDist: 1014.285
arrive destination: True ,out of road:False   Total T: 161080 Episode Num: 436 Episode T: 241 Reward: 278.977 Cost: 3.000 ShieldInt: 8 ShieldDist: 1.114
arrive destination: False ,out of road:True   Total T: 161520 Episode Num: 437 Episode T: 440 Reward: 365.227 Cost: 27.000 ShieldInt: 26 ShieldDist: 23.420
arrive destination: True ,out of road:False   Total T: 161921 Episode Num: 438 Episode T: 401 Reward: 357.983 Cost: 37.000 ShieldInt: 38 ShieldDist: 37.797
arrive destination: False ,out of road:True   Total T: 162098 Episode Num: 439 Episode T: 177 Reward: 207.313 Cost: 5.000 ShieldInt: 4 ShieldDist: 1.178
arrive destination: True ,out of road:False   Total T: 162381 Episode Num: 440 Episode T: 283 Reward: 295.921 Cost: 22.000 ShieldInt: 14 ShieldDist: 7.475
arrive destination: True ,out of road:False   Total T: 162581 Episode Num: 441 Episode T: 200 Reward: 246.284 Cost: 0.000 ShieldInt: 8 ShieldDist: 1.148
arrive destination: True ,out of road:False   Total T: 162914 Episode Num: 442 Episode T: 333 Reward: 397.574 Cost: 17.000 ShieldInt: 19 ShieldDist: 17.838
arrive destination: True ,out of road:False   Total T: 163205 Episode Num: 443 Episode T: 291 Reward: 350.174 Cost: 9.000 ShieldInt: 11 ShieldDist: 6.854
arrive destination: True ,out of road:False   Total T: 163643 Episode Num: 444 Episode T: 438 Reward: 373.552 Cost: 22.000 ShieldInt: 39 ShieldDist: 38.217
arrive destination: True ,out of road:False   Total T: 164106 Episode Num: 445 Episode T: 463 Reward: 399.095 Cost: 49.000 ShieldInt: 19 ShieldDist: 26.327
arrive destination: True ,out of road:False   Total T: 164472 Episode Num: 446 Episode T: 366 Reward: 367.429 Cost: 20.000 ShieldInt: 14 ShieldDist: 12.842
arrive destination: True ,out of road:False   Total T: 164869 Episode Num: 447 Episode T: 397 Reward: 407.702 Cost: 16.000 ShieldInt: 34 ShieldDist: 34.079
arrive destination: False ,out of road:True   Total T: 165070 Episode Num: 448 Episode T: 201 Reward: 235.586 Cost: 2.000 ShieldInt: 18 ShieldDist: 2.638
arrive destination: True ,out of road:False   Total T: 165366 Episode Num: 449 Episode T: 296 Reward: 270.537 Cost: 16.000 ShieldInt: 11 ShieldDist: 3.206
arrive destination: True ,out of road:False   Total T: 165889 Episode Num: 450 Episode T: 523 Reward: 469.988 Cost: 31.000 ShieldInt: 26 ShieldDist: 25.365
arrive destination: True ,out of road:False   Total T: 166716 Episode Num: 451 Episode T: 827 Reward: 513.178 Cost: 87.000 ShieldInt: 66 ShieldDist: 67.652
arrive destination: True ,out of road:False   Total T: 167046 Episode Num: 452 Episode T: 330 Reward: 271.413 Cost: 13.000 ShieldInt: 26 ShieldDist: 24.917
arrive destination: True ,out of road:False   Total T: 167581 Episode Num: 453 Episode T: 535 Reward: 421.122 Cost: 44.000 ShieldInt: 25 ShieldDist: 7.363
arrive destination: False ,out of road:True   Total T: 167820 Episode Num: 454 Episode T: 239 Reward: 253.572 Cost: 9.000 ShieldInt: 10 ShieldDist: 3.249
arrive destination: True ,out of road:False   Total T: 168110 Episode Num: 455 Episode T: 290 Reward: 268.839 Cost: 18.000 ShieldInt: 13 ShieldDist: 1.915
arrive destination: True ,out of road:False   Total T: 168444 Episode Num: 456 Episode T: 334 Reward: 407.084 Cost: 0.000 ShieldInt: 8 ShieldDist: 1.097
arrive destination: True ,out of road:False   Total T: 169069 Episode Num: 457 Episode T: 625 Reward: 377.251 Cost: 21.000 ShieldInt: 288 ShieldDist: 537.533
arrive destination: True ,out of road:False   Total T: 169364 Episode Num: 458 Episode T: 295 Reward: 294.657 Cost: 13.000 ShieldInt: 19 ShieldDist: 4.544
arrive destination: True ,out of road:False   Total T: 169603 Episode Num: 459 Episode T: 239 Reward: 276.573 Cost: 4.000 ShieldInt: 15 ShieldDist: 2.143
arrive destination: True ,out of road:False   Total T: 169886 Episode Num: 460 Episode T: 283 Reward: 234.349 Cost: 6.000 ShieldInt: 23 ShieldDist: 19.815
---------------------------------------
Evaluation over 20 episodes: 0.900 Cost 26.800.             SafeRL used : use_qpsl
---------------------------------------
[34;1m
Time: 2026-07-01 19:52:17, Time spent from previous logger: 196.719 s[0m
[34;1mCustomLogger with fileds: ['total_steps', 'EpRet', 'EpCost', 'CostRate'][0m
[34;1mfieldvalues: [170000, 0.9, 26.8, 0.04770616297742928]
[0m
arrive destination: True ,out of road:False   Total T: 170475 Episode Num: 461 Episode T: 589 Reward: 438.475 Cost: 47.000 ShieldInt: 14 ShieldDist: 6.043
arrive destination: True ,out of road:False   Total T: 170727 Episode Num: 462 Episode T: 252 Reward: 295.700 Cost: 21.000 ShieldInt: 12 ShieldDist: 10.646
arrive destination: True ,out of road:False   Total T: 171019 Episode Num: 463 Episode T: 292 Reward: 353.566 Cost: 15.000 ShieldInt: 10 ShieldDist: 1.452
arrive destination: True ,out of road:False   Total T: 171213 Episode Num: 464 Episode T: 194 Reward: 269.714 Cost: 6.000 ShieldInt: 9 ShieldDist: 1.212
arrive destination: True ,out of road:False   Total T: 171562 Episode Num: 465 Episode T: 349 Reward: 401.434 Cost: 8.000 ShieldInt: 8 ShieldDist: 4.001
arrive destination: True ,out of road:False   Total T: 172086 Episode Num: 466 Episode T: 524 Reward: 378.073 Cost: 51.000 ShieldInt: 24 ShieldDist: 23.758
arrive destination: True ,out of road:False   Total T: 172512 Episode Num: 467 Episode T: 426 Reward: 378.617 Cost: 25.000 ShieldInt: 37 ShieldDist: 49.211
arrive destination: True ,out of road:False   Total T: 173167 Episode Num: 468 Episode T: 655 Reward: 420.849 Cost: 54.000 ShieldInt: 67 ShieldDist: 46.896
arrive destination: True ,out of road:False   Total T: 173642 Episode Num: 469 Episode T: 475 Reward: 468.841 Cost: 32.000 ShieldInt: 34 ShieldDist: 34.931
arrive destination: True ,out of road:False   Total T: 173844 Episode Num: 470 Episode T: 202 Reward: 246.447 Cost: 0.000 ShieldInt: 3 ShieldDist: 0.415
arrive destination: False ,out of road:True   Total T: 174233 Episode Num: 471 Episode T: 389 Reward: 336.559 Cost: 31.000 ShieldInt: 43 ShieldDist: 22.229
arrive destination: True ,out of road:False   Total T: 174662 Episode Num: 472 Episode T: 429 Reward: 379.202 Cost: 26.000 ShieldInt: 23 ShieldDist: 26.930
arrive destination: True ,out of road:False   Total T: 175142 Episode Num: 473 Episode T: 480 Reward: 471.684 Cost: 24.000 ShieldInt: 35 ShieldDist: 32.364
arrive destination: True ,out of road:False   Total T: 175433 Episode Num: 474 Episode T: 291 Reward: 295.884 Cost: 12.000 ShieldInt: 36 ShieldDist: 39.634
arrive destination: True ,out of road:False   Total T: 175915 Episode Num: 475 Episode T: 482 Reward: 368.646 Cost: 18.000 ShieldInt: 55 ShieldDist: 43.519
arrive destination: True ,out of road:False   Total T: 176355 Episode Num: 476 Episode T: 440 Reward: 397.679 Cost: 19.000 ShieldInt: 34 ShieldDist: 6.300
arrive destination: True ,out of road:False   Total T: 176824 Episode Num: 477 Episode T: 469 Reward: 335.462 Cost: 37.000 ShieldInt: 38 ShieldDist: 30.492
arrive destination: False ,out of road:False   Total T: 177824 Episode Num: 478 Episode T: 1000 Reward: 75.815 Cost: 10.000 ShieldInt: 35 ShieldDist: 34.264
arrive destination: True ,out of road:False   Total T: 178491 Episode Num: 479 Episode T: 667 Reward: 514.935 Cost: 93.000 ShieldInt: 25 ShieldDist: 18.119
arrive destination: True ,out of road:False   Total T: 179386 Episode Num: 480 Episode T: 895 Reward: 294.991 Cost: 45.000 ShieldInt: 266 ShieldDist: 470.821
arrive destination: True ,out of road:False   Total T: 179633 Episode Num: 481 Episode T: 247 Reward: 232.666 Cost: 15.000 ShieldInt: 4 ShieldDist: 2.248
---------------------------------------
Evaluation over 20 episodes: 0.850 Cost 17.400.             SafeRL used : use_qpsl
---------------------------------------
[34;1m
Time: 2026-07-01 19:55:22, Time spent from previous logger: 185.035 s[0m
[34;1mCustomLogger with fileds: ['total_steps', 'EpRet', 'EpCost', 'CostRate'][0m
[34;1mfieldvalues: [180000, 0.85, 17.4, 0.048511380618781214]
[0m
arrive destination: False ,out of road:True   Total T: 180203 Episode Num: 482 Episode T: 570 Reward: 501.677 Cost: 39.000 ShieldInt: 8 ShieldDist: 1.198
arrive destination: True ,out of road:False   Total T: 180439 Episode Num: 483 Episode T: 236 Reward: 272.470 Cost: 0.000 ShieldInt: 8 ShieldDist: 1.101
arrive destination: False ,out of road:True   Total T: 180739 Episode Num: 484 Episode T: 300 Reward: 267.074 Cost: 16.000 ShieldInt: 8 ShieldDist: 2.377
arrive destination: True ,out of road:False   Total T: 181008 Episode Num: 485 Episode T: 269 Reward: 233.415 Cost: 7.000 ShieldInt: 14 ShieldDist: 16.496
arrive destination: True ,out of road:False   Total T: 181557 Episode Num: 486 Episode T: 549 Reward: 496.516 Cost: 80.000 ShieldInt: 24 ShieldDist: 28.939
arrive destination: True ,out of road:False   Total T: 182071 Episode Num: 487 Episode T: 514 Reward: 400.386 Cost: 37.000 ShieldInt: 83 ShieldDist: 102.193
arrive destination: True ,out of road:False   Total T: 182487 Episode Num: 488 Episode T: 416 Reward: 378.188 Cost: 49.000 ShieldInt: 20 ShieldDist: 15.700
arrive destination: False ,out of road:True   Total T: 183004 Episode Num: 489 Episode T: 517 Reward: 472.362 Cost: 30.000 ShieldInt: 44 ShieldDist: 47.884
arrive destination: True ,out of road:False   Total T: 183273 Episode Num: 490 Episode T: 269 Reward: 295.936 Cost: 19.000 ShieldInt: 14 ShieldDist: 13.110
arrive destination: True ,out of road:False   Total T: 183687 Episode Num: 491 Episode T: 414 Reward: 294.280 Cost: 22.000 ShieldInt: 33 ShieldDist: 18.972
arrive destination: True ,out of road:False   Total T: 184179 Episode Num: 492 Episode T: 492 Reward: 470.798 Cost: 34.000 ShieldInt: 34 ShieldDist: 32.506
arrive destination: True ,out of road:False   Total T: 184479 Episode Num: 493 Episode T: 300 Reward: 267.223 Cost: 17.000 ShieldInt: 8 ShieldDist: 6.548
arrive destination: True ,out of road:False   Total T: 184983 Episode Num: 494 Episode T: 504 Reward: 406.148 Cost: 33.000 ShieldInt: 61 ShieldDist: 81.472
arrive destination: True ,out of road:False   Total T: 185379 Episode Num: 495 Episode T: 396 Reward: 272.513 Cost: 4.000 ShieldInt: 40 ShieldDist: 51.524
arrive destination: True ,out of road:False   Total T: 186077 Episode Num: 496 Episode T: 698 Reward: 424.761 Cost: 72.000 ShieldInt: 50 ShieldDist: 41.345
arrive destination: True ,out of road:False   Total T: 186579 Episode Num: 497 Episode T: 502 Reward: 404.647 Cost: 56.000 ShieldInt: 32 ShieldDist: 19.701
arrive destination: True ,out of road:False   Total T: 187197 Episode Num: 498 Episode T: 618 Reward: 401.611 Cost: 42.000 ShieldInt: 19 ShieldDist: 2.700
arrive destination: False ,out of road:True   Total T: 187789 Episode Num: 499 Episode T: 592 Reward: 450.052 Cost: 54.000 ShieldInt: 42 ShieldDist: 52.409
arrive destination: True ,out of road:False   Total T: 188245 Episode Num: 500 Episode T: 456 Reward: 377.899 Cost: 50.000 ShieldInt: 25 ShieldDist: 26.910
arrive destination: True ,out of road:False   Total T: 188697 Episode Num: 501 Episode T: 452 Reward: 371.108 Cost: 26.000 ShieldInt: 43 ShieldDist: 48.213
arrive destination: True ,out of road:False   Total T: 189005 Episode Num: 502 Episode T: 308 Reward: 294.357 Cost: 17.000 ShieldInt: 18 ShieldDist: 17.513
arrive destination: True ,out of road:False   Total T: 189234 Episode Num: 503 Episode T: 229 Reward: 272.617 Cost: 3.000 ShieldInt: 0 ShieldDist: 0.000
arrive destination: True ,out of road:False   Total T: 189848 Episode Num: 504 Episode T: 614 Reward: 526.582 Cost: 69.000 ShieldInt: 31 ShieldDist: 17.322
---------------------------------------
Evaluation over 20 episodes: 0.750 Cost 16.200.             SafeRL used : use_qpsl
---------------------------------------
[34;1m
Time: 2026-07-01 19:58:41, Time spent from previous logger: 198.921 s[0m
[34;1mCustomLogger with fileds: ['total_steps', 'EpRet', 'EpCost', 'CostRate'][0m
[34;1mfieldvalues: [190000, 0.75, 16.2, 0.049884473076174086]
[0m
arrive destination: True ,out of road:False   Total T: 190606 Episode Num: 505 Episode T: 758 Reward: 651.739 Cost: 54.000 ShieldInt: 66 ShieldDist: 50.163
arrive destination: True ,out of road:False   Total T: 191317 Episode Num: 506 Episode T: 711 Reward: 425.543 Cost: 102.000 ShieldInt: 137 ShieldDist: 213.114
arrive destination: True ,out of road:False   Total T: 191587 Episode Num: 507 Episode T: 270 Reward: 272.370 Cost: 7.000 ShieldInt: 20 ShieldDist: 11.974
arrive destination: True ,out of road:False   Total T: 191893 Episode Num: 508 Episode T: 306 Reward: 351.676 Cost: 8.000 ShieldInt: 17 ShieldDist: 5.765
arrive destination: True ,out of road:True   Total T: 192164 Episode Num: 509 Episode T: 271 Reward: 289.366 Cost: 13.000 ShieldInt: 18 ShieldDist: 2.510
arrive destination: True ,out of road:False   Total T: 192526 Episode Num: 510 Episode T: 362 Reward: 396.816 Cost: 4.000 ShieldInt: 9 ShieldDist: 1.281
arrive destination: True ,out of road:False   Total T: 192720 Episode Num: 511 Episode T: 194 Reward: 269.769 Cost: 7.000 ShieldInt: 6 ShieldDist: 0.834
arrive destination: True ,out of road:False   Total T: 192918 Episode Num: 512 Episode T: 198 Reward: 268.920 Cost: 5.000 ShieldInt: 2 ShieldDist: 0.297
arrive destination: True ,out of road:False   Total T: 193274 Episode Num: 513 Episode T: 356 Reward: 402.829 Cost: 1.000 ShieldInt: 11 ShieldDist: 1.603
arrive destination: False ,out of road:True   Total T: 193443 Episode Num: 514 Episode T: 169 Reward: 184.005 Cost: 10.000 ShieldInt: 15 ShieldDist: 15.075
arrive destination: True ,out of road:False   Total T: 193663 Episode Num: 515 Episode T: 220 Reward: 248.230 Cost: 0.000 ShieldInt: 7 ShieldDist: 1.047
arrive destination: True ,out of road:False   Total T: 193875 Episode Num: 516 Episode T: 212 Reward: 246.962 Cost: 0.000 ShieldInt: 11 ShieldDist: 1.602
arrive destination: True ,out of road:False   Total T: 194303 Episode Num: 517 Episode T: 428 Reward: 369.688 Cost: 11.000 ShieldInt: 27 ShieldDist: 36.805
arrive destination: True ,out of road:False   Total T: 194594 Episode Num: 518 Episode T: 291 Reward: 294.156 Cost: 9.000 ShieldInt: 3 ShieldDist: 0.450
arrive destination: True ,out of road:False   Total T: 194808 Episode Num: 519 Episode T: 214 Reward: 249.235 Cost: 0.000 ShieldInt: 14 ShieldDist: 2.027
arrive destination: False ,out of road:True   Total T: 194944 Episode Num: 520 Episode T: 136 Reward: 134.750 Cost: 1.000 ShieldInt: 13 ShieldDist: 1.820
arrive destination: False ,out of road:True   Total T: 195539 Episode Num: 521 Episode T: 595 Reward: 342.372 Cost: 67.000 ShieldInt: 59 ShieldDist: 45.009
arrive destination: True ,out of road:False   Total T: 195837 Episode Num: 522 Episode T: 298 Reward: 351.385 Cost: 12.000 ShieldInt: 17 ShieldDist: 7.851
arrive destination: False ,out of road:True   Total T: 196014 Episode Num: 523 Episode T: 177 Reward: 207.696 Cost: 4.000 ShieldInt: 7 ShieldDist: 0.985
arrive destination: False ,out of road:True   Total T: 196175 Episode Num: 524 Episode T: 161 Reward: 143.129 Cost: 11.000 ShieldInt: 6 ShieldDist: 0.773
arrive destination: True ,out of road:False   Total T: 196612 Episode Num: 525 Episode T: 437 Reward: 379.053 Cost: 57.000 ShieldInt: 22 ShieldDist: 32.677
arrive destination: True ,out of road:False   Total T: 196808 Episode Num: 526 Episode T: 196 Reward: 268.535 Cost: 7.000 ShieldInt: 4 ShieldDist: 0.525
arrive destination: True ,out of road:False   Total T: 197059 Episode Num: 527 Episode T: 251 Reward: 295.693 Cost: 16.000 ShieldInt: 7 ShieldDist: 0.936
arrive destination: True ,out of road:False   Total T: 197271 Episode Num: 528 Episode T: 212 Reward: 250.235 Cost: 0.000 ShieldInt: 12 ShieldDist: 1.637
arrive destination: True ,out of road:False   Total T: 197657 Episode Num: 529 Episode T: 386 Reward: 400.874 Cost: 9.000 ShieldInt: 29 ShieldDist: 30.359
arrive destination: True ,out of road:False   Total T: 197954 Episode Num: 530 Episode T: 297 Reward: 268.379 Cost: 12.000 ShieldInt: 9 ShieldDist: 1.307
arrive destination: True ,out of road:False   Total T: 198143 Episode Num: 531 Episode T: 189 Reward: 268.785 Cost: 8.000 ShieldInt: 7 ShieldDist: 0.897
arrive destination: True ,out of road:False   Total T: 198326 Episode Num: 532 Episode T: 183 Reward: 269.969 Cost: 6.000 ShieldInt: 3 ShieldDist: 2.206
arrive destination: True ,out of road:False   Total T: 198519 Episode Num: 533 Episode T: 193 Reward: 278.531 Cost: 9.000 ShieldInt: 8 ShieldDist: 1.200
arrive destination: True ,out of road:False   Total T: 199040 Episode Num: 534 Episode T: 521 Reward: 429.855 Cost: 47.000 ShieldInt: 27 ShieldDist: 27.778
arrive destination: True ,out of road:False   Total T: 199440 Episode Num: 535 Episode T: 400 Reward: 336.040 Cost: 16.000 ShieldInt: 24 ShieldDist: 14.205
arrive destination: True ,out of road:False   Total T: 199650 Episode Num: 536 Episode T: 210 Reward: 246.459 Cost: 0.000 ShieldInt: 9 ShieldDist: 1.344
---------------------------------------
Evaluation over 20 episodes: 0.700 Cost 15.600.             SafeRL used : use_qpsl
---------------------------------------
[34;1m
Time: 2026-07-01 20:01:58, Time spent from previous logger: 197.665 s[0m
[34;1mCustomLogger with fileds: ['total_steps', 'EpRet', 'EpCost', 'CostRate'][0m
[34;1mfieldvalues: [200000, 0.7, 15.6, 0.05001525007625038]
[0m
arrive destination: False ,out of road:True   Total T: 200244 Episode Num: 537 Episode T: 594 Reward: 495.689 Cost: 27.000 ShieldInt: 25 ShieldDist: 27.005
arrive destination: False ,out of road:True   Total T: 200976 Episode Num: 538 Episode T: 732 Reward: 488.088 Cost: 52.000 ShieldInt: 44 ShieldDist: 36.759
arrive destination: True ,out of road:False   Total T: 201261 Episode Num: 539 Episode T: 285 Reward: 294.855 Cost: 10.000 ShieldInt: 16 ShieldDist: 14.422
arrive destination: True ,out of road:False   Total T: 201753 Episode Num: 540 Episode T: 492 Reward: 407.529 Cost: 13.000 ShieldInt: 35 ShieldDist: 19.374
arrive destination: True ,out of road:False   Total T: 202080 Episode Num: 541 Episode T: 327 Reward: 294.018 Cost: 10.000 ShieldInt: 19 ShieldDist: 14.455
arrive destination: True ,out of road:False   Total T: 202558 Episode Num: 542 Episode T: 478 Reward: 405.335 Cost: 21.000 ShieldInt: 37 ShieldDist: 25.141
arrive destination: True ,out of road:False   Total T: 202878 Episode Num: 543 Episode T: 320 Reward: 272.556 Cost: 7.000 ShieldInt: 30 ShieldDist: 6.131
arrive destination: True ,out of road:False   Total T: 203078 Episode Num: 544 Episode T: 200 Reward: 268.850 Cost: 7.000 ShieldInt: 7 ShieldDist: 2.799
arrive destination: False ,out of road:True   Total T: 203273 Episode Num: 545 Episode T: 195 Reward: 234.275 Cost: 1.000 ShieldInt: 10 ShieldDist: 1.437
arrive destination: False ,out of road:False   Total T: 204273 Episode Num: 546 Episode T: 1000 Reward: 129.275 Cost: 21.000 ShieldInt: 270 ShieldDist: 475.887
arrive destination: True ,out of road:False   Total T: 204486 Episode Num: 547 Episode T: 213 Reward: 249.224 Cost: 0.000 ShieldInt: 12 ShieldDist: 1.782
arrive destination: True ,out of road:False   Total T: 204912 Episode Num: 548 Episode T: 426 Reward: 400.574 Cost: 22.000 ShieldInt: 23 ShieldDist: 19.204
arrive destination: True ,out of road:False   Total T: 205127 Episode Num: 549 Episode T: 215 Reward: 251.729 Cost: 0.000 ShieldInt: 14 ShieldDist: 1.927
arrive destination: False ,out of road:True   Total T: 205342 Episode Num: 550 Episode T: 215 Reward: 236.497 Cost: 5.000 ShieldInt: 12 ShieldDist: 1.755
arrive destination: False ,out of road:True   Total T: 205666 Episode Num: 551 Episode T: 324 Reward: 268.683 Cost: 16.000 ShieldInt: 19 ShieldDist: 10.906
arrive destination: False ,out of road:True   Total T: 206382 Episode Num: 552 Episode T: 716 Reward: 455.068 Cost: 58.000 ShieldInt: 48 ShieldDist: 43.781
arrive destination: True ,out of road:False   Total T: 206644 Episode Num: 553 Episode T: 262 Reward: 275.577 Cost: 5.000 ShieldInt: 21 ShieldDist: 3.030
arrive destination: True ,out of road:False   Total T: 206835 Episode Num: 554 Episode T: 191 Reward: 268.684 Cost: 6.000 ShieldInt: 7 ShieldDist: 2.709
arrive destination: True ,out of road:False   Total T: 207043 Episode Num: 555 Episode T: 208 Reward: 247.466 Cost: 0.000 ShieldInt: 8 ShieldDist: 1.162
arrive destination: True ,out of road:False   Total T: 207341 Episode Num: 556 Episode T: 298 Reward: 355.065 Cost: 0.000 ShieldInt: 13 ShieldDist: 1.915
arrive destination: True ,out of road:False   Total T: 207585 Episode Num: 557 Episode T: 244 Reward: 275.801 Cost: 6.000 ShieldInt: 11 ShieldDist: 2.697
arrive destination: True ,out of road:False   Total T: 208267 Episode Num: 558 Episode T: 682 Reward: 518.954 Cost: 41.000 ShieldInt: 44 ShieldDist: 54.761
arrive destination: True ,out of road:False   Total T: 208888 Episode Num: 559 Episode T: 621 Reward: 407.582 Cost: 55.000 ShieldInt: 43 ShieldDist: 32.005
arrive destination: True ,out of road:False   Total T: 209090 Episode Num: 560 Episode T: 202 Reward: 270.222 Cost: 8.000 ShieldInt: 11 ShieldDist: 1.566
arrive destination: True ,out of road:False   Total T: 209387 Episode Num: 561 Episode T: 297 Reward: 360.548 Cost: 1.000 ShieldInt: 16 ShieldDist: 6.004
arrive destination: True ,out of road:False   Total T: 209676 Episode Num: 562 Episode T: 289 Reward: 293.904 Cost: 15.000 ShieldInt: 10 ShieldDist: 13.219
---------------------------------------
Evaluation over 20 episodes: 0.600 Cost 24.300.             SafeRL used : use_qpsl
---------------------------------------
[34;1m
Time: 2026-07-01 20:05:17, Time spent from previous logger: 199.207 s[0m
[34;1mCustomLogger with fileds: ['total_steps', 'EpRet', 'EpCost', 'CostRate'][0m
[34;1mfieldvalues: [210000, 0.6, 24.3, 0.04955737884466117]
[0m
arrive destination: True ,out of road:False   Total T: 210248 Episode Num: 563 Episode T: 572 Reward: 504.232 Cost: 18.000 ShieldInt: 4 ShieldDist: 3.178
arrive destination: True ,out of road:False   Total T: 210484 Episode Num: 564 Episode T: 236 Reward: 276.433 Cost: 1.000 ShieldInt: 14 ShieldDist: 2.017
arrive destination: True ,out of road:False   Total T: 210787 Episode Num: 565 Episode T: 303 Reward: 267.724 Cost: 4.000 ShieldInt: 9 ShieldDist: 1.341
arrive destination: True ,out of road:False   Total T: 211172 Episode Num: 566 Episode T: 385 Reward: 396.520 Cost: 2.000 ShieldInt: 22 ShieldDist: 12.745
arrive destination: False ,out of road:True   Total T: 211631 Episode Num: 567 Episode T: 459 Reward: 430.303 Cost: 23.000 ShieldInt: 30 ShieldDist: 24.760
arrive destination: True ,out of road:False   Total T: 212017 Episode Num: 568 Episode T: 386 Reward: 399.242 Cost: 7.000 ShieldInt: 19 ShieldDist: 11.973
arrive destination: True ,out of road:False   Total T: 212763 Episode Num: 569 Episode T: 746 Reward: 497.706 Cost: 39.000 ShieldInt: 43 ShieldDist: 22.498
arrive destination: True ,out of road:False   Total T: 213095 Episode Num: 570 Episode T: 332 Reward: 398.562 Cost: 0.000 ShieldInt: 1 ShieldDist: 0.150
arrive destination: True ,out of road:False   Total T: 213398 Episode Num: 571 Episode T: 303 Reward: 266.743 Cost: 8.000 ShieldInt: 18 ShieldDist: 2.520
arrive destination: True ,out of road:False   Total T: 214055 Episode Num: 572 Episode T: 657 Reward: 417.632 Cost: 50.000 ShieldInt: 55 ShieldDist: 52.375
arrive destination: True ,out of road:False   Total T: 214499 Episode Num: 573 Episode T: 444 Reward: 401.487 Cost: 13.000 ShieldInt: 31 ShieldDist: 38.083
arrive destination: True ,out of road:False   Total T: 214998 Episode Num: 574 Episode T: 499 Reward: 409.645 Cost: 11.000 ShieldInt: 15 ShieldDist: 11.481
arrive destination: True ,out of road:False   Total T: 215384 Episode Num: 575 Episode T: 386 Reward: 400.499 Cost: 5.000 ShieldInt: 24 ShieldDist: 13.497
arrive destination: True ,out of road:False   Total T: 215893 Episode Num: 576 Episode T: 509 Reward: 471.127 Cost: 21.000 ShieldInt: 22 ShieldDist: 26.075
arrive destination: True ,out of road:False   Total T: 216415 Episode Num: 577 Episode T: 522 Reward: 474.191 Cost: 20.000 ShieldInt: 22 ShieldDist: 19.198
arrive destination: True ,out of road:False   Total T: 217245 Episode Num: 578 Episode T: 830 Reward: 498.569 Cost: 35.000 ShieldInt: 59 ShieldDist: 37.454
arrive destination: True ,out of road:False   Total T: 217733 Episode Num: 579 Episode T: 488 Reward: 409.351 Cost: 20.000 ShieldInt: 19 ShieldDist: 16.719
arrive destination: False ,out of road:True   Total T: 218238 Episode Num: 580 Episode T: 505 Reward: 318.341 Cost: 19.000 ShieldInt: 33 ShieldDist: 20.934
arrive destination: True ,out of road:False   Total T: 218430 Episode Num: 581 Episode T: 192 Reward: 269.365 Cost: 7.000 ShieldInt: 6 ShieldDist: 2.511
arrive destination: True ,out of road:False   Total T: 218746 Episode Num: 582 Episode T: 316 Reward: 270.192 Cost: 12.000 ShieldInt: 16 ShieldDist: 12.245
arrive destination: True ,out of road:False   Total T: 219187 Episode Num: 583 Episode T: 441 Reward: 379.950 Cost: 28.000 ShieldInt: 21 ShieldDist: 19.412
arrive destination: True ,out of road:False   Total T: 219438 Episode Num: 584 Episode T: 251 Reward: 289.533 Cost: 4.000 ShieldInt: 14 ShieldDist: 2.053
arrive destination: True ,out of road:False   Total T: 219695 Episode Num: 585 Episode T: 257 Reward: 233.322 Cost: 9.000 ShieldInt: 8 ShieldDist: 2.957
---------------------------------------
Evaluation over 20 episodes: 0.650 Cost 16.750.             SafeRL used : use_qpsl
---------------------------------------
[34;1m
Time: 2026-07-01 20:08:33, Time spent from previous logger: 196.062 s[0m
[34;1mCustomLogger with fileds: ['total_steps', 'EpRet', 'EpCost', 'CostRate'][0m
[34;1mfieldvalues: [220000, 0.65, 16.75, 0.048863858472083965]
[0m
arrive destination: False ,out of road:True   Total T: 220357 Episode Num: 586 Episode T: 662 Reward: 610.913 Cost: 9.000 ShieldInt: 17 ShieldDist: 12.217
arrive destination: False ,out of road:True   Total T: 220609 Episode Num: 587 Episode T: 252 Reward: 247.976 Cost: 6.000 ShieldInt: 14 ShieldDist: 7.101
arrive destination: True ,out of road:False   Total T: 220849 Episode Num: 588 Episode T: 240 Reward: 288.099 Cost: 2.000 ShieldInt: 8 ShieldDist: 8.031
arrive destination: True ,out of road:False   Total T: 221112 Episode Num: 589 Episode T: 263 Reward: 272.093 Cost: 4.000 ShieldInt: 16 ShieldDist: 8.981
arrive destination: True ,out of road:False   Total T: 221366 Episode Num: 590 Episode T: 254 Reward: 234.876 Cost: 10.000 ShieldInt: 21 ShieldDist: 4.689
arrive destination: True ,out of road:False   Total T: 221730 Episode Num: 591 Episode T: 364 Reward: 400.972 Cost: 4.000 ShieldInt: 9 ShieldDist: 1.311
arrive destination: True ,out of road:False   Total T: 221933 Episode Num: 592 Episode T: 203 Reward: 245.408 Cost: 0.000 ShieldInt: 6 ShieldDist: 0.862
arrive destination: True ,out of road:False   Total T: 222156 Episode Num: 593 Episode T: 223 Reward: 275.144 Cost: 3.000 ShieldInt: 9 ShieldDist: 4.928
arrive destination: False ,out of road:True   Total T: 222289 Episode Num: 594 Episode T: 133 Reward: 93.518 Cost: 10.000 ShieldInt: 12 ShieldDist: 10.305
arrive destination: True ,out of road:False   Total T: 222548 Episode Num: 595 Episode T: 259 Reward: 295.610 Cost: 12.000 ShieldInt: 11 ShieldDist: 6.838
arrive destination: True ,out of road:True   Total T: 222743 Episode Num: 596 Episode T: 195 Reward: 280.086 Cost: 11.000 ShieldInt: 3 ShieldDist: 0.450
arrive destination: True ,out of road:False   Total T: 223194 Episode Num: 597 Episode T: 451 Reward: 369.149 Cost: 29.000 ShieldInt: 39 ShieldDist: 36.001
arrive destination: False ,out of road:False   Total T: 224194 Episode Num: 598 Episode T: 1000 Reward: 154.299 Cost: 14.000 ShieldInt: 74 ShieldDist: 35.680
arrive destination: False ,out of road:True   Total T: 224610 Episode Num: 599 Episode T: 416 Reward: 340.021 Cost: 18.000 ShieldInt: 18 ShieldDist: 9.421
arrive destination: False ,out of road:True   Total T: 225187 Episode Num: 600 Episode T: 577 Reward: 465.562 Cost: 28.000 ShieldInt: 34 ShieldDist: 36.276
arrive destination: True ,out of road:False   Total T: 225832 Episode Num: 601 Episode T: 645 Reward: 501.230 Cost: 43.000 ShieldInt: 33 ShieldDist: 18.434
arrive destination: True ,out of road:False   Total T: 226084 Episode Num: 602 Episode T: 252 Reward: 296.080 Cost: 17.000 ShieldInt: 11 ShieldDist: 7.125
arrive destination: True ,out of road:False   Total T: 226386 Episode Num: 603 Episode T: 302 Reward: 234.379 Cost: 8.000 ShieldInt: 17 ShieldDist: 5.894
arrive destination: True ,out of road:False   Total T: 226839 Episode Num: 604 Episode T: 453 Reward: 471.371 Cost: 19.000 ShieldInt: 15 ShieldDist: 12.953
arrive destination: True ,out of road:False   Total T: 227060 Episode Num: 605 Episode T: 221 Reward: 288.530 Cost: 11.000 ShieldInt: 6 ShieldDist: 0.900
arrive destination: True ,out of road:False   Total T: 227507 Episode Num: 606 Episode T: 447 Reward: 406.044 Cost: 17.000 ShieldInt: 23 ShieldDist: 21.118
arrive destination: True ,out of road:False   Total T: 228033 Episode Num: 607 Episode T: 526 Reward: 404.917 Cost: 39.000 ShieldInt: 36 ShieldDist: 45.294
arrive destination: False ,out of road:False   Total T: 229033 Episode Num: 608 Episode T: 1000 Reward: 123.264 Cost: 32.000 ShieldInt: 240 ShieldDist: 34.339
arrive destination: True ,out of road:False   Total T: 229537 Episode Num: 609 Episode T: 504 Reward: 375.324 Cost: 27.000 ShieldInt: 22 ShieldDist: 13.458
---------------------------------------
Evaluation over 20 episodes: 0.600 Cost 11.850.             SafeRL used : use_qpsl
---------------------------------------
[34;1m
Time: 2026-07-01 20:11:37, Time spent from previous logger: 183.556 s[0m
[34;1mCustomLogger with fileds: ['total_steps', 'EpRet', 'EpCost', 'CostRate'][0m
[34;1mfieldvalues: [230000, 0.6, 11.85, 0.048417601815660065]
[0m
arrive destination: True ,out of road:False   Total T: 230214 Episode Num: 610 Episode T: 677 Reward: 701.220 Cost: 20.000 ShieldInt: 2 ShieldDist: 0.300
arrive destination: False ,out of road:True   Total T: 230516 Episode Num: 611 Episode T: 302 Reward: 226.672 Cost: 12.000 ShieldInt: 14 ShieldDist: 8.537
arrive destination: True ,out of road:False   Total T: 230871 Episode Num: 612 Episode T: 355 Reward: 399.441 Cost: 0.000 ShieldInt: 10 ShieldDist: 1.434
arrive destination: False ,out of road:True   Total T: 231060 Episode Num: 613 Episode T: 189 Reward: 208.710 Cost: 8.000 ShieldInt: 3 ShieldDist: 0.450
arrive destination: True ,out of road:False   Total T: 231309 Episode Num: 614 Episode T: 249 Reward: 295.913 Cost: 10.000 ShieldInt: 1 ShieldDist: 0.150
arrive destination: True ,out of road:False   Total T: 231606 Episode Num: 615 Episode T: 297 Reward: 270.838 Cost: 4.000 ShieldInt: 11 ShieldDist: 6.918
arrive destination: True ,out of road:False   Total T: 231834 Episode Num: 616 Episode T: 228 Reward: 281.783 Cost: 4.000 ShieldInt: 7 ShieldDist: 1.002
arrive destination: True ,out of road:False   Total T: 232253 Episode Num: 617 Episode T: 419 Reward: 382.966 Cost: 17.000 ShieldInt: 25 ShieldDist: 12.329
arrive destination: True ,out of road:False   Total T: 232436 Episode Num: 618 Episode T: 183 Reward: 278.956 Cost: 6.000 ShieldInt: 10 ShieldDist: 1.425
arrive destination: False ,out of road:True   Total T: 232544 Episode Num: 619 Episode T: 108 Reward: 93.537 Cost: 5.000 ShieldInt: 7 ShieldDist: 6.094
arrive destination: False ,out of road:False   Total T: 233544 Episode Num: 620 Episode T: 1000 Reward: 470.046 Cost: 11.000 ShieldInt: 26 ShieldDist: 27.139
arrive destination: False ,out of road:True   Total T: 233687 Episode Num: 621 Episode T: 143 Reward: 127.280 Cost: 1.000 ShieldInt: 9 ShieldDist: 5.008
arrive destination: True ,out of road:False   Total T: 234072 Episode Num: 622 Episode T: 385 Reward: 358.530 Cost: 8.000 ShieldInt: 20 ShieldDist: 16.986
arrive destination: True ,out of road:False   Total T: 234322 Episode Num: 623 Episode T: 250 Reward: 232.891 Cost: 4.000 ShieldInt: 19 ShieldDist: 17.096
arrive destination: True ,out of road:False   Total T: 234736 Episode Num: 624 Episode T: 414 Reward: 382.174 Cost: 16.000 ShieldInt: 22 ShieldDist: 7.927
arrive destination: True ,out of road:False   Total T: 235353 Episode Num: 625 Episode T: 617 Reward: 420.921 Cost: 38.000 ShieldInt: 28 ShieldDist: 25.807
arrive destination: True ,out of road:False   Total T: 235597 Episode Num: 626 Episode T: 244 Reward: 273.272 Cost: 4.000 ShieldInt: 13 ShieldDist: 1.910
arrive destination: True ,out of road:False   Total T: 236003 Episode Num: 627 Episode T: 406 Reward: 380.508 Cost: 9.000 ShieldInt: 24 ShieldDist: 13.498
arrive destination: True ,out of road:False   Total T: 236495 Episode Num: 628 Episode T: 492 Reward: 412.414 Cost: 23.000 ShieldInt: 54 ShieldDist: 46.953
arrive destination: False ,out of road:True   Total T: 236605 Episode Num: 629 Episode T: 110 Reward: 93.897 Cost: 5.000 ShieldInt: 7 ShieldDist: 1.030
arrive destination: True ,out of road:False   Total T: 236912 Episode Num: 630 Episode T: 307 Reward: 358.969 Cost: 4.000 ShieldInt: 12 ShieldDist: 11.562
arrive destination: True ,out of road:False   Total T: 237613 Episode Num: 631 Episode T: 701 Reward: 424.121 Cost: 51.000 ShieldInt: 82 ShieldDist: 79.496
arrive destination: False ,out of road:True   Total T: 237721 Episode Num: 632 Episode T: 108 Reward: 93.243 Cost: 5.000 ShieldInt: 6 ShieldDist: 0.851
arrive destination: True ,out of road:False   Total T: 237976 Episode Num: 633 Episode T: 255 Reward: 233.243 Cost: 6.000 ShieldInt: 11 ShieldDist: 6.414
arrive destination: True ,out of road:False   Total T: 238232 Episode Num: 634 Episode T: 256 Reward: 272.104 Cost: 6.000 ShieldInt: 10 ShieldDist: 1.400
arrive destination: True ,out of road:False   Total T: 238490 Episode Num: 635 Episode T: 258 Reward: 234.344 Cost: 12.000 ShieldInt: 7 ShieldDist: 0.953
arrive destination: True ,out of road:False   Total T: 239136 Episode Num: 636 Episode T: 646 Reward: 515.105 Cost: 23.000 ShieldInt: 47 ShieldDist: 25.939
arrive destination: False ,out of road:True   Total T: 239368 Episode Num: 637 Episode T: 232 Reward: 194.305 Cost: 9.000 ShieldInt: 8 ShieldDist: 1.177
arrive destination: True ,out of road:False   Total T: 239572 Episode Num: 638 Episode T: 204 Reward: 247.171 Cost: 0.000 ShieldInt: 6 ShieldDist: 0.839
arrive destination: True ,out of road:False   Total T: 239782 Episode Num: 639 Episode T: 210 Reward: 247.424 Cost: 0.000 ShieldInt: 6 ShieldDist: 0.884
---------------------------------------
Evaluation over 20 episodes: 0.750 Cost 13.250.             SafeRL used : use_qpsl
---------------------------------------
[34;1m
Time: 2026-07-01 20:14:18, Time spent from previous logger: 160.513 s[0m
[34;1mCustomLogger with fileds: ['total_steps', 'EpRet', 'EpCost', 'CostRate'][0m
[34;1mfieldvalues: [240000, 0.75, 13.25, 0.04768353201471673]
[0m
arrive destination: True ,out of road:False   Total T: 240296 Episode Num: 640 Episode T: 514 Reward: 495.246 Cost: 6.000 ShieldInt: 12 ShieldDist: 1.720
arrive destination: True ,out of road:False   Total T: 240550 Episode Num: 641 Episode T: 254 Reward: 296.000 Cost: 22.000 ShieldInt: 11 ShieldDist: 6.955
arrive destination: True ,out of road:False   Total T: 241217 Episode Num: 642 Episode T: 667 Reward: 500.144 Cost: 39.000 ShieldInt: 39 ShieldDist: 35.353
arrive destination: True ,out of road:False   Total T: 241463 Episode Num: 643 Episode T: 246 Reward: 277.406 Cost: 3.000 ShieldInt: 9 ShieldDist: 1.214
arrive destination: True ,out of road:False   Total T: 241676 Episode Num: 644 Episode T: 213 Reward: 247.235 Cost: 0.000 ShieldInt: 1 ShieldDist: 0.150
arrive destination: True ,out of road:False   Total T: 242028 Episode Num: 645 Episode T: 352 Reward: 400.278 Cost: 0.000 ShieldInt: 8 ShieldDist: 1.154
arrive destination: True ,out of road:False   Total T: 242328 Episode Num: 646 Episode T: 300 Reward: 359.038 Cost: 0.000 ShieldInt: 9 ShieldDist: 1.350
arrive destination: True ,out of road:False   Total T: 242838 Episode Num: 647 Episode T: 510 Reward: 402.515 Cost: 19.000 ShieldInt: 23 ShieldDist: 18.458
arrive destination: True ,out of road:False   Total T: 243073 Episode Num: 648 Episode T: 235 Reward: 272.139 Cost: 8.000 ShieldInt: 14 ShieldDist: 1.988
arrive destination: True ,out of road:False   Total T: 243706 Episode Num: 649 Episode T: 633 Reward: 269.697 Cost: 48.000 ShieldInt: 188 ShieldDist: 26.161
arrive destination: True ,out of road:False   Total T: 243995 Episode Num: 650 Episode T: 289 Reward: 295.400 Cost: 10.000 ShieldInt: 23 ShieldDist: 26.261
arrive destination: True ,out of road:False   Total T: 244292 Episode Num: 651 Episode T: 297 Reward: 358.004 Cost: 3.000 ShieldInt: 11 ShieldDist: 1.609
arrive destination: False ,out of road:False   Total T: 245292 Episode Num: 652 Episode T: 1000 Reward: 175.854 Cost: 13.000 ShieldInt: 54 ShieldDist: 24.588
arrive destination: True ,out of road:False   Total T: 245528 Episode Num: 653 Episode T: 236 Reward: 278.412 Cost: 0.000 ShieldInt: 8 ShieldDist: 1.138
arrive destination: True ,out of road:False   Total T: 245942 Episode Num: 654 Episode T: 414 Reward: 376.047 Cost: 10.000 ShieldInt: 9 ShieldDist: 3.095
arrive destination: True ,out of road:False   Total T: 246304 Episode Num: 655 Episode T: 362 Reward: 398.764 Cost: 0.000 ShieldInt: 17 ShieldDist: 2.384
arrive destination: True ,out of road:False   Total T: 246565 Episode Num: 656 Episode T: 261 Reward: 295.469 Cost: 13.000 ShieldInt: 12 ShieldDist: 3.503
arrive destination: True ,out of road:True   Total T: 247064 Episode Num: 657 Episode T: 499 Reward: 382.134 Cost: 46.000 ShieldInt: 25 ShieldDist: 21.354
arrive destination: True ,out of road:False   Total T: 247299 Episode Num: 658 Episode T: 235 Reward: 276.896 Cost: 0.000 ShieldInt: 9 ShieldDist: 1.349
arrive destination: True ,out of road:False   Total T: 247534 Episode Num: 659 Episode T: 235 Reward: 275.486 Cost: 0.000 ShieldInt: 6 ShieldDist: 0.888
arrive destination: True ,out of road:False   Total T: 247989 Episode Num: 660 Episode T: 455 Reward: 499.758 Cost: 10.000 ShieldInt: 26 ShieldDist: 17.514
arrive destination: True ,out of road:False   Total T: 248638 Episode Num: 661 Episode T: 649 Reward: 419.667 Cost: 24.000 ShieldInt: 56 ShieldDist: 45.114
arrive destination: True ,out of road:False   Total T: 249366 Episode Num: 662 Episode T: 728 Reward: 508.398 Cost: 50.000 ShieldInt: 67 ShieldDist: 75.044
arrive destination: True ,out of road:False   Total T: 249687 Episode Num: 663 Episode T: 321 Reward: 294.706 Cost: 15.000 ShieldInt: 11 ShieldDist: 1.578
arrive destination: True ,out of road:False   Total T: 249979 Episode Num: 664 Episode T: 292 Reward: 356.085 Cost: 4.000 ShieldInt: 12 ShieldDist: 1.684
---------------------------------------
Evaluation over 20 episodes: 0.800 Cost 13.650.             SafeRL used : use_qpsl
---------------------------------------
[34;1m
Time: 2026-07-01 20:16:50, Time spent from previous logger: 152.652 s[0m
[34;1mCustomLogger with fileds: ['total_steps', 'EpRet', 'EpCost', 'CostRate'][0m
[34;1mfieldvalues: [250000, 0.8, 13.65, 0.047148188592754374]
[0m
arrive destination: True ,out of road:False   Total T: 250410 Episode Num: 665 Episode T: 431 Reward: 385.891 Cost: 19.000 ShieldInt: 18 ShieldDist: 12.570
arrive destination: True ,out of road:False   Total T: 250903 Episode Num: 666 Episode T: 493 Reward: 487.310 Cost: 18.000 ShieldInt: 31 ShieldDist: 27.084
arrive destination: True ,out of road:False   Total T: 251290 Episode Num: 667 Episode T: 387 Reward: 352.028 Cost: 19.000 ShieldInt: 14 ShieldDist: 11.902
arrive destination: True ,out of road:False   Total T: 251541 Episode Num: 668 Episode T: 251 Reward: 295.648 Cost: 14.000 ShieldInt: 8 ShieldDist: 1.054
arrive destination: False ,out of road:True   Total T: 251771 Episode Num: 669 Episode T: 230 Reward: 265.673 Cost: 16.000 ShieldInt: 9 ShieldDist: 11.429
arrive destination: False ,out of road:True   Total T: 252084 Episode Num: 670 Episode T: 313 Reward: 277.386 Cost: 21.000 ShieldInt: 8 ShieldDist: 2.799
arrive destination: True ,out of road:False   Total T: 252634 Episode Num: 671 Episode T: 550 Reward: 405.159 Cost: 45.000 ShieldInt: 61 ShieldDist: 68.675
arrive destination: True ,out of road:False   Total T: 253037 Episode Num: 672 Episode T: 403 Reward: 402.244 Cost: 7.000 ShieldInt: 29 ShieldDist: 17.198
arrive destination: True ,out of road:False   Total T: 253728 Episode Num: 673 Episode T: 691 Reward: 517.474 Cost: 33.000 ShieldInt: 37 ShieldDist: 44.541
arrive destination: False ,out of road:True   Total T: 253949 Episode Num: 674 Episode T: 221 Reward: 185.571 Cost: 15.000 ShieldInt: 26 ShieldDist: 30.604
arrive destination: True ,out of road:False   Total T: 254417 Episode Num: 675 Episode T: 468 Reward: 402.374 Cost: 17.000 ShieldInt: 34 ShieldDist: 34.402
arrive destination: False ,out of road:True   Total T: 254544 Episode Num: 676 Episode T: 127 Reward: 102.344 Cost: 11.000 ShieldInt: 4 ShieldDist: 2.383
arrive destination: True ,out of road:False   Total T: 255017 Episode Num: 677 Episode T: 473 Reward: 397.397 Cost: 27.000 ShieldInt: 24 ShieldDist: 22.749
arrive destination: True ,out of road:False   Total T: 255278 Episode Num: 678 Episode T: 261 Reward: 233.870 Cost: 10.000 ShieldInt: 9 ShieldDist: 1.219
arrive destination: False ,out of road:True   Total T: 255892 Episode Num: 679 Episode T: 614 Reward: 496.489 Cost: 30.000 ShieldInt: 42 ShieldDist: 30.317
arrive destination: True ,out of road:False   Total T: 256284 Episode Num: 680 Episode T: 392 Reward: 400.966 Cost: 9.000 ShieldInt: 16 ShieldDist: 7.595
arrive destination: True ,out of road:False   Total T: 256646 Episode Num: 681 Episode T: 362 Reward: 273.255 Cost: 22.000 ShieldInt: 25 ShieldDist: 14.360
arrive destination: True ,out of road:False   Total T: 256886 Episode Num: 682 Episode T: 240 Reward: 271.149 Cost: 1.000 ShieldInt: 16 ShieldDist: 18.204
arrive destination: True ,out of road:False   Total T: 257367 Episode Num: 683 Episode T: 481 Reward: 475.285 Cost: 11.000 ShieldInt: 16 ShieldDist: 15.257
arrive destination: True ,out of road:False   Total T: 258283 Episode Num: 684 Episode T: 916 Reward: 516.248 Cost: 92.000 ShieldInt: 173 ShieldDist: 246.828
arrive destination: True ,out of road:False   Total T: 258629 Episode Num: 685 Episode T: 346 Reward: 294.312 Cost: 21.000 ShieldInt: 11 ShieldDist: 6.967
arrive destination: True ,out of road:False   Total T: 259068 Episode Num: 686 Episode T: 439 Reward: 381.251 Cost: 18.000 ShieldInt: 28 ShieldDist: 16.184
arrive destination: True ,out of road:False   Total T: 259560 Episode Num: 687 Episode T: 492 Reward: 475.693 Cost: 27.000 ShieldInt: 33 ShieldDist: 39.727
---------------------------------------
Evaluation over 20 episodes: 0.800 Cost 17.750.             SafeRL used : use_qpsl
---------------------------------------
[34;1m
Time: 2026-07-01 20:19:40, Time spent from previous logger: 169.432 s[0m
[34;1mCustomLogger with fileds: ['total_steps', 'EpRet', 'EpCost', 'CostRate'][0m
[34;1mfieldvalues: [260000, 0.8, 17.75, 0.04732325893561129]
[0m
arrive destination: True ,out of road:True   Total T: 260447 Episode Num: 688 Episode T: 887 Reward: 701.523 Cost: 27.000 ShieldInt: 11 ShieldDist: 5.164
arrive destination: True ,out of road:False   Total T: 260804 Episode Num: 689 Episode T: 357 Reward: 402.383 Cost: 0.000 ShieldInt: 8 ShieldDist: 1.200
arrive destination: False ,out of road:True   Total T: 260968 Episode Num: 690 Episode T: 164 Reward: 89.037 Cost: 2.000 ShieldInt: 1 ShieldDist: 0.150
arrive destination: False ,out of road:True   Total T: 261435 Episode Num: 691 Episode T: 467 Reward: 320.184 Cost: 55.000 ShieldInt: 37 ShieldDist: 40.653
arrive destination: True ,out of road:False   Total T: 261672 Episode Num: 692 Episode T: 237 Reward: 271.234 Cost: 1.000 ShieldInt: 13 ShieldDist: 1.840
arrive destination: True ,out of road:False   Total T: 261856 Episode Num: 693 Episode T: 184 Reward: 269.533 Cost: 6.000 ShieldInt: 0 ShieldDist: 0.000
arrive destination: False ,out of road:True   Total T: 262017 Episode Num: 694 Episode T: 161 Reward: 176.150 Cost: 3.000 ShieldInt: 2 ShieldDist: 0.300
arrive destination: True ,out of road:False   Total T: 262377 Episode Num: 695 Episode T: 360 Reward: 335.473 Cost: 14.000 ShieldInt: 13 ShieldDist: 12.611
arrive destination: True ,out of road:False   Total T: 262671 Episode Num: 696 Episode T: 294 Reward: 353.409 Cost: 11.000 ShieldInt: 15 ShieldDist: 2.076
arrive destination: True ,out of road:False   Total T: 262964 Episode Num: 697 Episode T: 293 Reward: 305.910 Cost: 9.000 ShieldInt: 6 ShieldDist: 0.849
arrive destination: False ,out of road:True   Total T: 263012 Episode Num: 698 Episode T: 48 Reward: 14.399 Cost: 1.000 ShieldInt: 0 ShieldDist: 0.000
arrive destination: True ,out of road:False   Total T: 263550 Episode Num: 699 Episode T: 538 Reward: 423.640 Cost: 16.000 ShieldInt: 39 ShieldDist: 29.347
arrive destination: True ,out of road:False   Total T: 263803 Episode Num: 700 Episode T: 253 Reward: 295.997 Cost: 11.000 ShieldInt: 4 ShieldDist: 0.556
arrive destination: True ,out of road:False   Total T: 264041 Episode Num: 701 Episode T: 238 Reward: 275.647 Cost: 0.000 ShieldInt: 4 ShieldDist: 0.564
arrive destination: False ,out of road:True   Total T: 264151 Episode Num: 702 Episode T: 110 Reward: 94.049 Cost: 4.000 ShieldInt: 0 ShieldDist: 0.000
arrive destination: True ,out of road:False   Total T: 264410 Episode Num: 703 Episode T: 259 Reward: 272.205 Cost: 11.000 ShieldInt: 7 ShieldDist: 0.928
arrive destination: True ,out of road:False   Total T: 264971 Episode Num: 704 Episode T: 561 Reward: 405.099 Cost: 42.000 ShieldInt: 86 ShieldDist: 99.435
arrive destination: True ,out of road:False   Total T: 265378 Episode Num: 705 Episode T: 407 Reward: 268.476 Cost: 23.000 ShieldInt: 67 ShieldDist: 44.924
arrive destination: True ,out of road:False   Total T: 265803 Episode Num: 706 Episode T: 425 Reward: 374.777 Cost: 16.000 ShieldInt: 24 ShieldDist: 23.760
arrive destination: False ,out of road:True   Total T: 265996 Episode Num: 707 Episode T: 193 Reward: 160.493 Cost: 5.000 ShieldInt: 9 ShieldDist: 9.079
arrive destination: True ,out of road:False   Total T: 266448 Episode Num: 708 Episode T: 452 Reward: 474.903 Cost: 12.000 ShieldInt: 21 ShieldDist: 15.017
arrive destination: True ,out of road:False   Total T: 267115 Episode Num: 709 Episode T: 667 Reward: 418.294 Cost: 42.000 ShieldInt: 41 ShieldDist: 20.897
arrive destination: False ,out of road:False   Total T: 268115 Episode Num: 710 Episode T: 1000 Reward: 258.344 Cost: 41.000 ShieldInt: 499 ShieldDist: 276.860
arrive destination: True ,out of road:False   Total T: 268580 Episode Num: 711 Episode T: 465 Reward: 370.433 Cost: 22.000 ShieldInt: 26 ShieldDist: 27.728
arrive destination: True ,out of road:False   Total T: 269107 Episode Num: 712 Episode T: 527 Reward: 414.508 Cost: 26.000 ShieldInt: 18 ShieldDist: 15.299
arrive destination: True ,out of road:False   Total T: 269650 Episode Num: 713 Episode T: 543 Reward: 508.590 Cost: 22.000 ShieldInt: 27 ShieldDist: 20.027
arrive destination: True ,out of road:False   Total T: 269997 Episode Num: 714 Episode T: 347 Reward: 400.169 Cost: 2.000 ShieldInt: 14 ShieldDist: 1.977
---------------------------------------
Evaluation over 20 episodes: 0.600 Cost 16.550.             SafeRL used : use_qpsl
---------------------------------------
[34;1m
Time: 2026-07-01 20:22:19, Time spent from previous logger: 158.903 s[0m
[34;1mCustomLogger with fileds: ['total_steps', 'EpRet', 'EpCost', 'CostRate'][0m
[34;1mfieldvalues: [270000, 0.6, 16.55, 0.04708906329282701]
[0m
arrive destination: True ,out of road:False   Total T: 270254 Episode Num: 715 Episode T: 257 Reward: 296.019 Cost: 5.000 ShieldInt: 8 ShieldDist: 12.674
arrive destination: True ,out of road:False   Total T: 270749 Episode Num: 716 Episode T: 495 Reward: 473.416 Cost: 16.000 ShieldInt: 11 ShieldDist: 3.464
arrive destination: False ,out of road:True   Total T: 271149 Episode Num: 717 Episode T: 400 Reward: 362.183 Cost: 11.000 ShieldInt: 19 ShieldDist: 24.201
arrive destination: True ,out of road:False   Total T: 271450 Episode Num: 718 Episode T: 301 Reward: 353.817 Cost: 4.000 ShieldInt: 10 ShieldDist: 1.419
arrive destination: True ,out of road:False   Total T: 271754 Episode Num: 719 Episode T: 304 Reward: 294.736 Cost: 10.000 ShieldInt: 9 ShieldDist: 1.350
arrive destination: True ,out of road:False   Total T: 272061 Episode Num: 720 Episode T: 307 Reward: 294.499 Cost: 15.000 ShieldInt: 11 ShieldDist: 1.603
arrive destination: True ,out of road:False   Total T: 272280 Episode Num: 721 Episode T: 219 Reward: 245.267 Cost: 0.000 ShieldInt: 1 ShieldDist: 0.150
arrive destination: True ,out of road:False   Total T: 272669 Episode Num: 722 Episode T: 389 Reward: 336.084 Cost: 17.000 ShieldInt: 14 ShieldDist: 12.020
arrive destination: True ,out of road:False   Total T: 272961 Episode Num: 723 Episode T: 292 Reward: 305.799 Cost: 11.000 ShieldInt: 7 ShieldDist: 8.806
arrive destination: True ,out of road:False   Total T: 273447 Episode Num: 724 Episode T: 486 Reward: 408.029 Cost: 39.000 ShieldInt: 31 ShieldDist: 26.488
arrive destination: True ,out of road:False   Total T: 273856 Episode Num: 725 Episode T: 409 Reward: 377.551 Cost: 14.000 ShieldInt: 30 ShieldDist: 37.413
arrive destination: True ,out of road:False   Total T: 274332 Episode Num: 726 Episode T: 476 Reward: 418.580 Cost: 23.000 ShieldInt: 20 ShieldDist: 15.930
arrive destination: True ,out of road:False   Total T: 274848 Episode Num: 727 Episode T: 516 Reward: 375.383 Cost: 23.000 ShieldInt: 47 ShieldDist: 67.603
arrive destination: True ,out of road:False   Total T: 275151 Episode Num: 728 Episode T: 303 Reward: 270.016 Cost: 7.000 ShieldInt: 9 ShieldDist: 1.332
arrive destination: True ,out of road:False   Total T: 275750 Episode Num: 729 Episode T: 599 Reward: 493.971 Cost: 26.000 ShieldInt: 31 ShieldDist: 29.950
arrive destination: False ,out of road:True   Total T: 276274 Episode Num: 730 Episode T: 524 Reward: 468.705 Cost: 29.000 ShieldInt: 21 ShieldDist: 13.280
arrive destination: True ,out of road:False   Total T: 276499 Episode Num: 731 Episode T: 225 Reward: 245.555 Cost: 0.000 ShieldInt: 3 ShieldDist: 0.403
arrive destination: True ,out of road:False   Total T: 276831 Episode Num: 732 Episode T: 332 Reward: 272.855 Cost: 11.000 ShieldInt: 10 ShieldDist: 4.620
arrive destination: True ,out of road:False   Total T: 277110 Episode Num: 733 Episode T: 279 Reward: 272.622 Cost: 11.000 ShieldInt: 23 ShieldDist: 27.001
arrive destination: True ,out of road:False   Total T: 277434 Episode Num: 734 Episode T: 324 Reward: 294.577 Cost: 19.000 ShieldInt: 22 ShieldDist: 15.289
arrive destination: False ,out of road:True   Total T: 277497 Episode Num: 735 Episode T: 63 Reward: 31.572 Cost: 1.000 ShieldInt: 0 ShieldDist: 0.000
arrive destination: True ,out of road:False   Total T: 278005 Episode Num: 736 Episode T: 508 Reward: 410.218 Cost: 32.000 ShieldInt: 40 ShieldDist: 43.893
arrive destination: True ,out of road:False   Total T: 278364 Episode Num: 737 Episode T: 359 Reward: 398.818 Cost: 0.000 ShieldInt: 2 ShieldDist: 0.300
arrive destination: True ,out of road:False   Total T: 278621 Episode Num: 738 Episode T: 257 Reward: 233.292 Cost: 13.000 ShieldInt: 13 ShieldDist: 11.914
arrive destination: True ,out of road:False   Total T: 279106 Episode Num: 739 Episode T: 485 Reward: 372.926 Cost: 32.000 ShieldInt: 24 ShieldDist: 13.391
arrive destination: True ,out of road:False   Total T: 279635 Episode Num: 740 Episode T: 529 Reward: 418.770 Cost: 36.000 ShieldInt: 24 ShieldDist: 11.180
arrive destination: False ,out of road:True   Total T: 279854 Episode Num: 741 Episode T: 219 Reward: 195.931 Cost: 6.000 ShieldInt: 3 ShieldDist: 0.409
---------------------------------------
Evaluation over 20 episodes: 0.750 Cost 15.100.             SafeRL used : use_qpsl
---------------------------------------
[34;1m
Time: 2026-07-01 20:25:01, Time spent from previous logger: 162.666 s[0m
[34;1mCustomLogger with fileds: ['total_steps', 'EpRet', 'EpCost', 'CostRate'][0m
[34;1mfieldvalues: [280000, 0.75, 15.1, 0.04688945317661849]
[0m
arrive destination: True ,out of road:False   Total T: 280366 Episode Num: 742 Episode T: 512 Reward: 563.150 Cost: 4.000 ShieldInt: 7 ShieldDist: 0.969
arrive destination: False ,out of road:True   Total T: 280561 Episode Num: 743 Episode T: 195 Reward: 208.479 Cost: 1.000 ShieldInt: 1 ShieldDist: 0.150
arrive destination: True ,out of road:False   Total T: 280865 Episode Num: 744 Episode T: 304 Reward: 352.148 Cost: 7.000 ShieldInt: 9 ShieldDist: 1.316
arrive destination: True ,out of road:False   Total T: 281268 Episode Num: 745 Episode T: 403 Reward: 336.224 Cost: 17.000 ShieldInt: 17 ShieldDist: 17.686
arrive destination: False ,out of road:True   Total T: 281735 Episode Num: 746 Episode T: 467 Reward: 430.796 Cost: 18.000 ShieldInt: 14 ShieldDist: 12.797
arrive destination: True ,out of road:False   Total T: 281995 Episode Num: 747 Episode T: 260 Reward: 233.210 Cost: 8.000 ShieldInt: 18 ShieldDist: 10.593
arrive destination: True ,out of road:False   Total T: 282390 Episode Num: 748 Episode T: 395 Reward: 400.482 Cost: 6.000 ShieldInt: 21 ShieldDist: 24.000
arrive destination: True ,out of road:False   Total T: 282778 Episode Num: 749 Episode T: 388 Reward: 354.918 Cost: 12.000 ShieldInt: 17 ShieldDist: 14.084
arrive destination: True ,out of road:False   Total T: 283226 Episode Num: 750 Episode T: 448 Reward: 375.130 Cost: 14.000 ShieldInt: 36 ShieldDist: 20.641
arrive destination: True ,out of road:False   Total T: 283584 Episode Num: 751 Episode T: 358 Reward: 401.925 Cost: 0.000 ShieldInt: 11 ShieldDist: 1.627
arrive destination: True ,out of road:False   Total T: 284000 Episode Num: 752 Episode T: 416 Reward: 403.276 Cost: 12.000 ShieldInt: 27 ShieldDist: 16.164
arrive destination: True ,out of road:False   Total T: 284366 Episode Num: 753 Episode T: 366 Reward: 401.296 Cost: 0.000 ShieldInt: 19 ShieldDist: 2.670
arrive destination: False ,out of road:True   Total T: 284814 Episode Num: 754 Episode T: 448 Reward: 351.166 Cost: 9.000 ShieldInt: 39 ShieldDist: 18.954
arrive destination: False ,out of road:True   Total T: 285228 Episode Num: 755 Episode T: 414 Reward: 399.093 Cost: 14.000 ShieldInt: 22 ShieldDist: 14.197
arrive destination: True ,out of road:False   Total T: 285438 Episode Num: 756 Episode T: 210 Reward: 269.429 Cost: 3.000 ShieldInt: 3 ShieldDist: 1.006
arrive destination: True ,out of road:False   Total T: 285839 Episode Num: 757 Episode T: 401 Reward: 335.885 Cost: 13.000 ShieldInt: 27 ShieldDist: 22.204
arrive destination: True ,out of road:False   Total T: 286314 Episode Num: 758 Episode T: 475 Reward: 382.084 Cost: 22.000 ShieldInt: 22 ShieldDist: 9.671
arrive destination: True ,out of road:False   Total T: 286740 Episode Num: 759 Episode T: 426 Reward: 404.534 Cost: 21.000 ShieldInt: 14 ShieldDist: 2.014
arrive destination: True ,out of road:False   Total T: 286990 Episode Num: 760 Episode T: 250 Reward: 233.265 Cost: 5.000 ShieldInt: 19 ShieldDist: 15.206
arrive destination: True ,out of road:False   Total T: 287606 Episode Num: 761 Episode T: 616 Reward: 501.565 Cost: 18.000 ShieldInt: 25 ShieldDist: 9.844
arrive destination: True ,out of road:False   Total T: 288083 Episode Num: 762 Episode T: 477 Reward: 371.945 Cost: 23.000 ShieldInt: 39 ShieldDist: 16.434
arrive destination: False ,out of road:True   Total T: 288304 Episode Num: 763 Episode T: 221 Reward: 195.360 Cost: 13.000 ShieldInt: 12 ShieldDist: 17.404
arrive destination: True ,out of road:False   Total T: 288540 Episode Num: 764 Episode T: 236 Reward: 276.905 Cost: 0.000 ShieldInt: 9 ShieldDist: 1.261
arrive destination: True ,out of road:False   Total T: 289005 Episode Num: 765 Episode T: 465 Reward: 382.407 Cost: 16.000 ShieldInt: 8 ShieldDist: 1.158
arrive destination: True ,out of road:False   Total T: 289336 Episode Num: 766 Episode T: 331 Reward: 294.517 Cost: 12.000 ShieldInt: 21 ShieldDist: 11.645
arrive destination: True ,out of road:False   Total T: 289548 Episode Num: 767 Episode T: 212 Reward: 246.218 Cost: 0.000 ShieldInt: 5 ShieldDist: 0.708
arrive destination: False ,out of road:True   Total T: 289814 Episode Num: 768 Episode T: 266 Reward: 255.879 Cost: 11.000 ShieldInt: 3 ShieldDist: 0.444
---------------------------------------
Evaluation over 20 episodes: 0.550 Cost 19.300.             SafeRL used : use_qpsl
---------------------------------------
[34;1m
Time: 2026-07-01 20:27:45, Time spent from previous logger: 163.641 s[0m
[34;1mCustomLogger with fileds: ['total_steps', 'EpRet', 'EpCost', 'CostRate'][0m
[34;1mfieldvalues: [290000, 0.55, 19.3, 0.04623464218842134]
[0m
arrive destination: False ,out of road:True   Total T: 290313 Episode Num: 769 Episode T: 499 Reward: 458.810 Cost: 15.000 ShieldInt: 13 ShieldDist: 1.868
arrive destination: True ,out of road:False   Total T: 290710 Episode Num: 770 Episode T: 397 Reward: 400.067 Cost: 1.000 ShieldInt: 17 ShieldDist: 16.264
arrive destination: True ,out of road:False   Total T: 291008 Episode Num: 771 Episode T: 298 Reward: 294.472 Cost: 7.000 ShieldInt: 8 ShieldDist: 1.161
arrive destination: False ,out of road:True   Total T: 291069 Episode Num: 772 Episode T: 61 Reward: 29.439 Cost: 1.000 ShieldInt: 0 ShieldDist: 0.000
arrive destination: False ,out of road:True   Total T: 291311 Episode Num: 773 Episode T: 242 Reward: 241.687 Cost: 8.000 ShieldInt: 6 ShieldDist: 0.868
arrive destination: True ,out of road:False   Total T: 291497 Episode Num: 774 Episode T: 186 Reward: 268.650 Cost: 4.000 ShieldInt: 7 ShieldDist: 0.997
arrive destination: True ,out of road:False   Total T: 291990 Episode Num: 775 Episode T: 493 Reward: 404.825 Cost: 32.000 ShieldInt: 30 ShieldDist: 21.707
arrive destination: True ,out of road:False   Total T: 292451 Episode Num: 776 Episode T: 461 Reward: 409.199 Cost: 13.000 ShieldInt: 30 ShieldDist: 41.271
arrive destination: True ,out of road:False   Total T: 292634 Episode Num: 777 Episode T: 183 Reward: 268.615 Cost: 5.000 ShieldInt: 4 ShieldDist: 0.504
arrive destination: True ,out of road:False   Total T: 293092 Episode Num: 778 Episode T: 458 Reward: 430.981 Cost: 20.000 ShieldInt: 17 ShieldDist: 8.834
arrive destination: False ,out of road:True   Total T: 293312 Episode Num: 779 Episode T: 220 Reward: 168.893 Cost: 16.000 ShieldInt: 30 ShieldDist: 30.440
arrive destination: True ,out of road:False   Total T: 293531 Episode Num: 780 Episode T: 219 Reward: 246.382 Cost: 0.000 ShieldInt: 2 ShieldDist: 0.300
arrive destination: False ,out of road:False   Total T: 294531 Episode Num: 781 Episode T: 1000 Reward: 222.581 Cost: 42.000 ShieldInt: 57 ShieldDist: 38.048
arrive destination: True ,out of road:False   Total T: 294766 Episode Num: 782 Episode T: 235 Reward: 275.606 Cost: 0.000 ShieldInt: 5 ShieldDist: 0.669
arrive destination: True ,out of road:False   Total T: 295020 Episode Num: 783 Episode T: 254 Reward: 233.025 Cost: 8.000 ShieldInt: 12 ShieldDist: 8.971
arrive destination: False ,out of road:False   Total T: 296020 Episode Num: 784 Episode T: 1000 Reward: 278.381 Cost: 38.000 ShieldInt: 451 ShieldDist: 582.753
arrive destination: True ,out of road:False   Total T: 296345 Episode Num: 785 Episode T: 325 Reward: 270.353 Cost: 18.000 ShieldInt: 12 ShieldDist: 15.284
arrive destination: False ,out of road:True   Total T: 296571 Episode Num: 786 Episode T: 226 Reward: 196.957 Cost: 7.000 ShieldInt: 15 ShieldDist: 20.433
arrive destination: True ,out of road:False   Total T: 296822 Episode Num: 787 Episode T: 251 Reward: 271.884 Cost: 6.000 ShieldInt: 7 ShieldDist: 0.993
arrive destination: True ,out of road:False   Total T: 297364 Episode Num: 788 Episode T: 542 Reward: 416.204 Cost: 35.000 ShieldInt: 21 ShieldDist: 3.076
arrive destination: True ,out of road:False   Total T: 297617 Episode Num: 789 Episode T: 253 Reward: 295.825 Cost: 7.000 ShieldInt: 9 ShieldDist: 1.344
arrive destination: False ,out of road:True   Total T: 297749 Episode Num: 790 Episode T: 132 Reward: 136.828 Cost: 1.000 ShieldInt: 6 ShieldDist: 0.854
arrive destination: False ,out of road:True   Total T: 297923 Episode Num: 791 Episode T: 174 Reward: 217.921 Cost: 3.000 ShieldInt: 1 ShieldDist: 0.150
arrive destination: False ,out of road:False   Total T: 298923 Episode Num: 792 Episode T: 1000 Reward: 126.957 Cost: 19.000 ShieldInt: 825 ShieldDist: 1588.738
arrive destination: True ,out of road:False   Total T: 299372 Episode Num: 793 Episode T: 449 Reward: 424.183 Cost: 16.000 ShieldInt: 37 ShieldDist: 18.822
arrive destination: False ,out of road:True   Total T: 299711 Episode Num: 794 Episode T: 339 Reward: 324.647 Cost: 14.000 ShieldInt: 18 ShieldDist: 6.388
---------------------------------------
Evaluation over 20 episodes: 0.650 Cost 18.500.             SafeRL used : use_qpsl
---------------------------------------
[34;1m
Time: 2026-07-01 20:30:34, Time spent from previous logger: 169.583 s[0m
[34;1mCustomLogger with fileds: ['total_steps', 'EpRet', 'EpCost', 'CostRate'][0m
[34;1mfieldvalues: [300000, 0.65, 18.5, 0.045813486044953486]
[0m
arrive destination: True ,out of road:False   Total T: 300263 Episode Num: 795 Episode T: 552 Reward: 517.974 Cost: 6.000 ShieldInt: 9 ShieldDist: 1.303
arrive destination: True ,out of road:False   Total T: 300763 Episode Num: 796 Episode T: 500 Reward: 376.098 Cost: 17.000 ShieldInt: 33 ShieldDist: 18.633
arrive destination: True ,out of road:False   Total T: 301055 Episode Num: 797 Episode T: 292 Reward: 272.900 Cost: 8.000 ShieldInt: 9 ShieldDist: 1.140
arrive destination: True ,out of road:False   Total T: 301451 Episode Num: 798 Episode T: 396 Reward: 401.077 Cost: 2.000 ShieldInt: 24 ShieldDist: 22.577
arrive destination: True ,out of road:False   Total T: 301948 Episode Num: 799 Episode T: 497 Reward: 474.091 Cost: 14.000 ShieldInt: 32 ShieldDist: 29.863
arrive destination: True ,out of road:False   Total T: 302266 Episode Num: 800 Episode T: 318 Reward: 270.880 Cost: 7.000 ShieldInt: 10 ShieldDist: 3.626
arrive destination: True ,out of road:False   Total T: 303006 Episode Num: 801 Episode T: 740 Reward: 424.145 Cost: 46.000 ShieldInt: 83 ShieldDist: 96.705
arrive destination: True ,out of road:False   Total T: 303263 Episode Num: 802 Episode T: 257 Reward: 295.530 Cost: 4.000 ShieldInt: 9 ShieldDist: 1.248
arrive destination: True ,out of road:False   Total T: 303664 Episode Num: 803 Episode T: 401 Reward: 399.469 Cost: 9.000 ShieldInt: 23 ShieldDist: 24.456
arrive destination: False ,out of road:True   Total T: 303930 Episode Num: 804 Episode T: 266 Reward: 175.092 Cost: 17.000 ShieldInt: 12 ShieldDist: 1.487
arrive destination: True ,out of road:False   Total T: 304213 Episode Num: 805 Episode T: 283 Reward: 232.398 Cost: 5.000 ShieldInt: 11 ShieldDist: 1.521
arrive destination: True ,out of road:False   Total T: 304698 Episode Num: 806 Episode T: 485 Reward: 373.940 Cost: 25.000 ShieldInt: 26 ShieldDist: 10.964
arrive destination: True ,out of road:False   Total T: 304963 Episode Num: 807 Episode T: 265 Reward: 294.885 Cost: 5.000 ShieldInt: 10 ShieldDist: 1.471
arrive destination: True ,out of road:False   Total T: 305204 Episode Num: 808 Episode T: 241 Reward: 276.851 Cost: 0.000 ShieldInt: 5 ShieldDist: 0.656
arrive destination: True ,out of road:False   Total T: 305468 Episode Num: 809 Episode T: 264 Reward: 286.906 Cost: 12.000 ShieldInt: 3 ShieldDist: 0.450
arrive destination: False ,out of road:False   Total T: 306468 Episode Num: 810 Episode T: 1000 Reward: 477.224 Cost: 38.000 ShieldInt: 367 ShieldDist: 275.413
arrive destination: True ,out of road:False   Total T: 306771 Episode Num: 811 Episode T: 303 Reward: 351.977 Cost: 0.000 ShieldInt: 13 ShieldDist: 1.672
arrive destination: True ,out of road:False   Total T: 307065 Episode Num: 812 Episode T: 294 Reward: 295.693 Cost: 18.000 ShieldInt: 11 ShieldDist: 1.478
arrive destination: True ,out of road:False   Total T: 307856 Episode Num: 813 Episode T: 791 Reward: 510.218 Cost: 40.000 ShieldInt: 77 ShieldDist: 73.499
arrive destination: True ,out of road:False   Total T: 308332 Episode Num: 814 Episode T: 476 Reward: 371.140 Cost: 32.000 ShieldInt: 29 ShieldDist: 10.950
arrive destination: False ,out of road:True   Total T: 308436 Episode Num: 815 Episode T: 104 Reward: 75.998 Cost: 5.000 ShieldInt: 2 ShieldDist: 1.590
arrive destination: True ,out of road:False   Total T: 308664 Episode Num: 816 Episode T: 228 Reward: 248.668 Cost: 0.000 ShieldInt: 5 ShieldDist: 0.702
arrive destination: True ,out of road:False   Total T: 309076 Episode Num: 817 Episode T: 412 Reward: 382.564 Cost: 12.000 ShieldInt: 16 ShieldDist: 10.392
arrive destination: True ,out of road:False   Total T: 309463 Episode Num: 818 Episode T: 387 Reward: 336.314 Cost: 11.000 ShieldInt: 16 ShieldDist: 2.331
arrive destination: True ,out of road:False   Total T: 309787 Episode Num: 819 Episode T: 324 Reward: 294.442 Cost: 12.000 ShieldInt: 23 ShieldDist: 20.503
---------------------------------------
Evaluation over 20 episodes: 0.700 Cost 12.750.             SafeRL used : use_qpsl
---------------------------------------
[34;1m
Time: 2026-07-01 20:33:14, Time spent from previous logger: 159.254 s[0m
[34;1mCustomLogger with fileds: ['total_steps', 'EpRet', 'EpCost', 'CostRate'][0m
[34;1mfieldvalues: [310000, 0.7, 12.75, 0.04544208207123249]
[0m
arrive destination: True ,out of road:False   Total T: 310437 Episode Num: 820 Episode T: 650 Reward: 585.979 Cost: 12.000 ShieldInt: 31 ShieldDist: 16.484
arrive destination: True ,out of road:False   Total T: 310618 Episode Num: 821 Episode T: 181 Reward: 268.672 Cost: 5.000 ShieldInt: 2 ShieldDist: 0.300
arrive destination: True ,out of road:False   Total T: 311086 Episode Num: 822 Episode T: 468 Reward: 336.040 Cost: 28.000 ShieldInt: 18 ShieldDist: 15.351
arrive destination: False ,out of road:True   Total T: 311932 Episode Num: 823 Episode T: 846 Reward: 476.372 Cost: 48.000 ShieldInt: 49 ShieldDist: 48.770
arrive destination: True ,out of road:True   Total T: 312203 Episode Num: 824 Episode T: 271 Reward: 242.797 Cost: 11.000 ShieldInt: 19 ShieldDist: 17.828
arrive destination: True ,out of road:False   Total T: 312614 Episode Num: 825 Episode T: 411 Reward: 407.877 Cost: 25.000 ShieldInt: 39 ShieldDist: 33.145
arrive destination: True ,out of road:False   Total T: 312930 Episode Num: 826 Episode T: 316 Reward: 357.449 Cost: 3.000 ShieldInt: 17 ShieldDist: 13.285
arrive destination: True ,out of road:False   Total T: 313633 Episode Num: 827 Episode T: 703 Reward: 493.560 Cost: 37.000 ShieldInt: 72 ShieldDist: 91.240
arrive destination: True ,out of road:False   Total T: 314324 Episode Num: 828 Episode T: 691 Reward: 421.794 Cost: 14.000 ShieldInt: 37 ShieldDist: 19.002
arrive destination: True ,out of road:False   Total T: 314617 Episode Num: 829 Episode T: 293 Reward: 294.475 Cost: 6.000 ShieldInt: 12 ShieldDist: 1.696
arrive destination: True ,out of road:False   Total T: 315236 Episode Num: 830 Episode T: 619 Reward: 497.402 Cost: 21.000 ShieldInt: 26 ShieldDist: 25.469
arrive destination: False ,out of road:True   Total T: 315430 Episode Num: 831 Episode T: 194 Reward: 208.224 Cost: 1.000 ShieldInt: 2 ShieldDist: 0.300
arrive destination: False ,out of road:True   Total T: 315531 Episode Num: 832 Episode T: 101 Reward: 74.709 Cost: 5.000 ShieldInt: 2 ShieldDist: 2.144
arrive destination: True ,out of road:False   Total T: 315746 Episode Num: 833 Episode T: 215 Reward: 232.501 Cost: 5.000 ShieldInt: 10 ShieldDist: 1.421
arrive destination: True ,out of road:False   Total T: 316085 Episode Num: 834 Episode T: 339 Reward: 272.671 Cost: 15.000 ShieldInt: 27 ShieldDist: 31.723
arrive destination: True ,out of road:False   Total T: 316739 Episode Num: 835 Episode T: 654 Reward: 511.941 Cost: 36.000 ShieldInt: 66 ShieldDist: 91.637
arrive destination: False ,out of road:True   Total T: 317026 Episode Num: 836 Episode T: 287 Reward: 193.817 Cost: 28.000 ShieldInt: 26 ShieldDist: 23.844
arrive destination: False ,out of road:True   Total T: 317598 Episode Num: 837 Episode T: 572 Reward: 443.611 Cost: 28.000 ShieldInt: 37 ShieldDist: 34.929
arrive destination: True ,out of road:False   Total T: 317811 Episode Num: 838 Episode T: 213 Reward: 296.083 Cost: 0.000 ShieldInt: 3 ShieldDist: 0.383
arrive destination: False ,out of road:True   Total T: 318111 Episode Num: 839 Episode T: 300 Reward: 281.693 Cost: 14.000 ShieldInt: 22 ShieldDist: 18.532
arrive destination: False ,out of road:True   Total T: 318357 Episode Num: 840 Episode T: 246 Reward: 179.957 Cost: 19.000 ShieldInt: 23 ShieldDist: 23.586
arrive destination: True ,out of road:False   Total T: 318572 Episode Num: 841 Episode T: 215 Reward: 246.314 Cost: 0.000 ShieldInt: 4 ShieldDist: 0.584
arrive destination: True ,out of road:False   Total T: 318886 Episode Num: 842 Episode T: 314 Reward: 269.262 Cost: 4.000 ShieldInt: 16 ShieldDist: 2.400
arrive destination: True ,out of road:False   Total T: 319189 Episode Num: 843 Episode T: 303 Reward: 287.626 Cost: 8.000 ShieldInt: 28 ShieldDist: 27.256
arrive destination: True ,out of road:False   Total T: 319619 Episode Num: 844 Episode T: 430 Reward: 336.252 Cost: 5.000 ShieldInt: 24 ShieldDist: 26.222
---------------------------------------
Evaluation over 20 episodes: 0.650 Cost 14.300.             SafeRL used : use_qpsl
---------------------------------------
[34;1m
Time: 2026-07-01 20:35:59, Time spent from previous logger: 165.755 s[0m
[34;1mCustomLogger with fileds: ['total_steps', 'EpRet', 'EpCost', 'CostRate'][0m
[34;1mfieldvalues: [320000, 0.65, 14.3, 0.04521889130903534]
[0m
arrive destination: True ,out of road:False   Total T: 320238 Episode Num: 845 Episode T: 619 Reward: 588.110 Cost: 7.000 ShieldInt: 6 ShieldDist: 0.831
arrive destination: True ,out of road:False   Total T: 320838 Episode Num: 846 Episode T: 600 Reward: 506.315 Cost: 32.000 ShieldInt: 52 ShieldDist: 49.488
arrive destination: True ,out of road:False   Total T: 321107 Episode Num: 847 Episode T: 269 Reward: 287.050 Cost: 5.000 ShieldInt: 11 ShieldDist: 1.520
arrive destination: True ,out of road:False   Total T: 321456 Episode Num: 848 Episode T: 349 Reward: 402.187 Cost: 0.000 ShieldInt: 11 ShieldDist: 1.600
arrive destination: True ,out of road:False   Total T: 321964 Episode Num: 849 Episode T: 508 Reward: 372.576 Cost: 25.000 ShieldInt: 52 ShieldDist: 35.208
arrive destination: True ,out of road:False   Total T: 322196 Episode Num: 850 Episode T: 232 Reward: 276.517 Cost: 0.000 ShieldInt: 3 ShieldDist: 0.403
arrive destination: True ,out of road:False   Total T: 322574 Episode Num: 851 Episode T: 378 Reward: 359.077 Cost: 9.000 ShieldInt: 14 ShieldDist: 10.014
arrive destination: True ,out of road:False   Total T: 322856 Episode Num: 852 Episode T: 282 Reward: 294.758 Cost: 3.000 ShieldInt: 13 ShieldDist: 1.834
arrive destination: True ,out of road:False   Total T: 323061 Episode Num: 853 Episode T: 205 Reward: 244.994 Cost: 0.000 ShieldInt: 9 ShieldDist: 1.283
arrive destination: True ,out of road:False   Total T: 323335 Episode Num: 854 Episode T: 274 Reward: 288.523 Cost: 9.000 ShieldInt: 18 ShieldDist: 2.543
arrive destination: True ,out of road:True   Total T: 323613 Episode Num: 855 Episode T: 278 Reward: 295.395 Cost: 6.000 ShieldInt: 10 ShieldDist: 1.500
arrive destination: False ,out of road:True   Total T: 323719 Episode Num: 856 Episode T: 106 Reward: 95.947 Cost: 1.000 ShieldInt: 4 ShieldDist: 0.533
arrive destination: True ,out of road:False   Total T: 324165 Episode Num: 857 Episode T: 446 Reward: 375.119 Cost: 20.000 ShieldInt: 6 ShieldDist: 2.569
arrive destination: False ,out of road:True   Total T: 324544 Episode Num: 858 Episode T: 379 Reward: 349.190 Cost: 22.000 ShieldInt: 25 ShieldDist: 17.730
arrive destination: True ,out of road:False   Total T: 324783 Episode Num: 859 Episode T: 239 Reward: 274.519 Cost: 0.000 ShieldInt: 7 ShieldDist: 1.014
arrive destination: True ,out of road:False   Total T: 325328 Episode Num: 860 Episode T: 545 Reward: 473.218 Cost: 13.000 ShieldInt: 26 ShieldDist: 17.353
arrive destination: True ,out of road:False   Total T: 325741 Episode Num: 861 Episode T: 413 Reward: 373.322 Cost: 8.000 ShieldInt: 31 ShieldDist: 19.922
arrive destination: False ,out of road:False   Total T: 326741 Episode Num: 862 Episode T: 1000 Reward: 221.893 Cost: 28.000 ShieldInt: 36 ShieldDist: 33.584
arrive destination: True ,out of road:False   Total T: 327159 Episode Num: 863 Episode T: 418 Reward: 381.761 Cost: 10.000 ShieldInt: 15 ShieldDist: 12.393
arrive destination: True ,out of road:False   Total T: 327629 Episode Num: 864 Episode T: 470 Reward: 382.959 Cost: 27.000 ShieldInt: 34 ShieldDist: 28.502
arrive destination: True ,out of road:False   Total T: 327916 Episode Num: 865 Episode T: 287 Reward: 233.099 Cost: 3.000 ShieldInt: 20 ShieldDist: 8.240
arrive destination: True ,out of road:False   Total T: 328452 Episode Num: 866 Episode T: 536 Reward: 413.063 Cost: 22.000 ShieldInt: 44 ShieldDist: 26.844
arrive destination: True ,out of road:False   Total T: 328716 Episode Num: 867 Episode T: 264 Reward: 270.617 Cost: 7.000 ShieldInt: 7 ShieldDist: 4.632
arrive destination: False ,out of road:True   Total T: 328818 Episode Num: 868 Episode T: 102 Reward: 82.673 Cost: 2.000 ShieldInt: 0 ShieldDist: 0.000
arrive destination: True ,out of road:False   Total T: 329603 Episode Num: 869 Episode T: 785 Reward: 399.862 Cost: 14.000 ShieldInt: 21 ShieldDist: 16.924
---------------------------------------
Evaluation over 20 episodes: 0.800 Cost 15.300.             SafeRL used : use_qpsl
---------------------------------------
[34;1m
Time: 2026-07-01 20:38:51, Time spent from previous logger: 171.383 s[0m
[34;1mCustomLogger with fileds: ['total_steps', 'EpRet', 'EpCost', 'CostRate'][0m
[34;1mfieldvalues: [330000, 0.8, 15.3, 0.04469710514274286]
[0m
arrive destination: True ,out of road:False   Total T: 330235 Episode Num: 870 Episode T: 632 Reward: 600.684 Cost: 14.000 ShieldInt: 11 ShieldDist: 1.563
arrive destination: False ,out of road:True   Total T: 330334 Episode Num: 871 Episode T: 99 Reward: 77.155 Cost: 4.000 ShieldInt: 2 ShieldDist: 0.300
arrive destination: True ,out of road:False   Total T: 330767 Episode Num: 872 Episode T: 433 Reward: 401.868 Cost: 16.000 ShieldInt: 37 ShieldDist: 34.810
arrive destination: True ,out of road:False   Total T: 331262 Episode Num: 873 Episode T: 495 Reward: 472.134 Cost: 6.000 ShieldInt: 34 ShieldDist: 28.497
arrive destination: True ,out of road:False   Total T: 331514 Episode Num: 874 Episode T: 252 Reward: 232.652 Cost: 2.000 ShieldInt: 5 ShieldDist: 0.703
arrive destination: True ,out of road:False   Total T: 331780 Episode Num: 875 Episode T: 266 Reward: 295.723 Cost: 3.000 ShieldInt: 7 ShieldDist: 0.959
arrive destination: True ,out of road:False   Total T: 332212 Episode Num: 876 Episode T: 432 Reward: 394.257 Cost: 14.000 ShieldInt: 36 ShieldDist: 25.313
arrive destination: True ,out of road:False   Total T: 332630 Episode Num: 877 Episode T: 418 Reward: 382.682 Cost: 19.000 ShieldInt: 23 ShieldDist: 19.644
arrive destination: True ,out of road:False   Total T: 332945 Episode Num: 878 Episode T: 315 Reward: 268.730 Cost: 4.000 ShieldInt: 17 ShieldDist: 11.141
arrive destination: False ,out of road:True   Total T: 333183 Episode Num: 879 Episode T: 238 Reward: 251.533 Cost: 2.000 ShieldInt: 7 ShieldDist: 1.050
arrive destination: True ,out of road:False   Total T: 333610 Episode Num: 880 Episode T: 427 Reward: 376.275 Cost: 28.000 ShieldInt: 31 ShieldDist: 23.080
arrive destination: True ,out of road:False   Total T: 333984 Episode Num: 881 Episode T: 374 Reward: 399.865 Cost: 2.000 ShieldInt: 15 ShieldDist: 7.237
arrive destination: True ,out of road:False   Total T: 334193 Episode Num: 882 Episode T: 209 Reward: 247.394 Cost: 0.000 ShieldInt: 6 ShieldDist: 0.879
arrive destination: False ,out of road:True   Total T: 334299 Episode Num: 883 Episode T: 106 Reward: 89.222 Cost: 3.000 ShieldInt: 4 ShieldDist: 0.574
arrive destination: True ,out of road:False   Total T: 334718 Episode Num: 884 Episode T: 419 Reward: 382.695 Cost: 14.000 ShieldInt: 17 ShieldDist: 2.445
arrive destination: True ,out of road:False   Total T: 335087 Episode Num: 885 Episode T: 369 Reward: 382.446 Cost: 11.000 ShieldInt: 9 ShieldDist: 1.269
arrive destination: True ,out of road:False   Total T: 335365 Episode Num: 886 Episode T: 278 Reward: 355.291 Cost: 0.000 ShieldInt: 11 ShieldDist: 1.591
arrive destination: True ,out of road:False   Total T: 335842 Episode Num: 887 Episode T: 477 Reward: 373.569 Cost: 6.000 ShieldInt: 36 ShieldDist: 26.590
arrive destination: False ,out of road:False   Total T: 336842 Episode Num: 888 Episode T: 1000 Reward: 223.693 Cost: 31.000 ShieldInt: 123 ShieldDist: 42.455
arrive destination: True ,out of road:False   Total T: 337065 Episode Num: 889 Episode T: 223 Reward: 325.725 Cost: 8.000 ShieldInt: 16 ShieldDist: 6.524
arrive destination: True ,out of road:False   Total T: 337439 Episode Num: 890 Episode T: 374 Reward: 398.973 Cost: 16.000 ShieldInt: 22 ShieldDist: 24.008
arrive destination: False ,out of road:True   Total T: 337932 Episode Num: 891 Episode T: 493 Reward: 393.228 Cost: 13.000 ShieldInt: 50 ShieldDist: 35.576
arrive destination: False ,out of road:True   Total T: 338279 Episode Num: 892 Episode T: 347 Reward: 124.486 Cost: 7.000 ShieldInt: 21 ShieldDist: 12.665
arrive destination: True ,out of road:False   Total T: 338815 Episode Num: 893 Episode T: 536 Reward: 372.261 Cost: 22.000 ShieldInt: 40 ShieldDist: 22.125
arrive destination: True ,out of road:False   Total T: 339285 Episode Num: 894 Episode T: 470 Reward: 418.186 Cost: 25.000 ShieldInt: 35 ShieldDist: 40.725
arrive destination: True ,out of road:False   Total T: 339803 Episode Num: 895 Episode T: 518 Reward: 419.154 Cost: 13.000 ShieldInt: 15 ShieldDist: 3.823
---------------------------------------
Evaluation over 20 episodes: 0.650 Cost 13.650.             SafeRL used : use_qpsl
---------------------------------------
[34;1m
Time: 2026-07-01 20:41:35, Time spent from previous logger: 164.447 s[0m
[34;1mCustomLogger with fileds: ['total_steps', 'EpRet', 'EpCost', 'CostRate'][0m
[34;1mfieldvalues: [340000, 0.65, 13.65, 0.044203071185503484]
[0m
arrive destination: True ,out of road:False   Total T: 340595 Episode Num: 896 Episode T: 792 Reward: 663.049 Cost: 41.000 ShieldInt: 48 ShieldDist: 48.656
arrive destination: True ,out of road:False   Total T: 340868 Episode Num: 897 Episode T: 273 Reward: 233.658 Cost: 5.000 ShieldInt: 16 ShieldDist: 2.298
arrive destination: True ,out of road:False   Total T: 341106 Episode Num: 898 Episode T: 238 Reward: 276.345 Cost: 0.000 ShieldInt: 9 ShieldDist: 1.302
arrive destination: True ,out of road:False   Total T: 341346 Episode Num: 899 Episode T: 240 Reward: 296.076 Cost: 4.000 ShieldInt: 10 ShieldDist: 8.739
arrive destination: True ,out of road:False   Total T: 341830 Episode Num: 900 Episode T: 484 Reward: 456.396 Cost: 41.000 ShieldInt: 45 ShieldDist: 33.414
arrive destination: False ,out of road:False   Total T: 342830 Episode Num: 901 Episode T: 1000 Reward: 352.519 Cost: 47.000 ShieldInt: 309 ShieldDist: 208.942
arrive destination: True ,out of road:False   Total T: 343044 Episode Num: 902 Episode T: 214 Reward: 286.711 Cost: 0.000 ShieldInt: 1 ShieldDist: 0.150
arrive destination: True ,out of road:False   Total T: 343321 Episode Num: 903 Episode T: 277 Reward: 286.631 Cost: 2.000 ShieldInt: 16 ShieldDist: 11.945
arrive destination: True ,out of road:False   Total T: 343664 Episode Num: 904 Episode T: 343 Reward: 294.213 Cost: 19.000 ShieldInt: 25 ShieldDist: 15.983
arrive destination: True ,out of road:False   Total T: 344170 Episode Num: 905 Episode T: 506 Reward: 364.451 Cost: 19.000 ShieldInt: 26 ShieldDist: 17.713
arrive destination: False ,out of road:True   Total T: 344628 Episode Num: 906 Episode T: 458 Reward: 427.398 Cost: 20.000 ShieldInt: 28 ShieldDist: 26.964
arrive destination: True ,out of road:False   Total T: 344938 Episode Num: 907 Episode T: 310 Reward: 398.341 Cost: 3.000 ShieldInt: 13 ShieldDist: 9.159
arrive destination: True ,out of road:False   Total T: 345225 Episode Num: 908 Episode T: 287 Reward: 288.256 Cost: 8.000 ShieldInt: 17 ShieldDist: 17.422
arrive destination: True ,out of road:False   Total T: 345728 Episode Num: 909 Episode T: 503 Reward: 474.432 Cost: 16.000 ShieldInt: 30 ShieldDist: 18.077
arrive destination: True ,out of road:False   Total T: 346414 Episode Num: 910 Episode T: 686 Reward: 423.247 Cost: 58.000 ShieldInt: 86 ShieldDist: 84.752
arrive destination: True ,out of road:False   Total T: 346941 Episode Num: 911 Episode T: 527 Reward: 374.018 Cost: 35.000 ShieldInt: 67 ShieldDist: 80.591
arrive destination: True ,out of road:False   Total T: 347303 Episode Num: 912 Episode T: 362 Reward: 400.533 Cost: 6.000 ShieldInt: 10 ShieldDist: 1.434
arrive destination: True ,out of road:False   Total T: 347677 Episode Num: 913 Episode T: 374 Reward: 401.742 Cost: 4.000 ShieldInt: 16 ShieldDist: 2.221
arrive destination: True ,out of road:False   Total T: 347881 Episode Num: 914 Episode T: 204 Reward: 244.901 Cost: 0.000 ShieldInt: 4 ShieldDist: 0.563
arrive destination: True ,out of road:False   Total T: 348197 Episode Num: 915 Episode T: 316 Reward: 268.199 Cost: 13.000 ShieldInt: 13 ShieldDist: 1.863
arrive destination: True ,out of road:False   Total T: 348558 Episode Num: 916 Episode T: 361 Reward: 401.785 Cost: 0.000 ShieldInt: 16 ShieldDist: 2.389
arrive destination: True ,out of road:False   Total T: 348998 Episode Num: 917 Episode T: 440 Reward: 399.924 Cost: 13.000 ShieldInt: 26 ShieldDist: 31.265
arrive destination: True ,out of road:False   Total T: 349443 Episode Num: 918 Episode T: 445 Reward: 405.553 Cost: 13.000 ShieldInt: 40 ShieldDist: 45.708
arrive destination: True ,out of road:False   Total T: 349981 Episode Num: 919 Episode T: 538 Reward: 376.083 Cost: 31.000 ShieldInt: 81 ShieldDist: 105.516
---------------------------------------
Evaluation over 20 episodes: 0.800 Cost 15.500.             SafeRL used : use_qpsl
---------------------------------------
[34;1m
Time: 2026-07-01 20:44:21, Time spent from previous logger: 166.008 s[0m
[34;1mCustomLogger with fileds: ['total_steps', 'EpRet', 'EpCost', 'CostRate'][0m
[34;1mfieldvalues: [350000, 0.8, 15.5, 0.04404869728199223]
[0m
arrive destination: True ,out of road:False   Total T: 350226 Episode Num: 920 Episode T: 245 Reward: 279.789 Cost: 0.000 ShieldInt: 10 ShieldDist: 1.440
arrive destination: True ,out of road:False   Total T: 350420 Episode Num: 921 Episode T: 194 Reward: 269.193 Cost: 6.000 ShieldInt: 7 ShieldDist: 1.004
arrive destination: True ,out of road:False   Total T: 350684 Episode Num: 922 Episode T: 264 Reward: 286.534 Cost: 5.000 ShieldInt: 10 ShieldDist: 1.499
arrive destination: False ,out of road:False   Total T: 351684 Episode Num: 923 Episode T: 1000 Reward: 182.552 Cost: 32.000 ShieldInt: 35 ShieldDist: 14.721
arrive destination: True ,out of road:False   Total T: 352149 Episode Num: 924 Episode T: 465 Reward: 405.113 Cost: 16.000 ShieldInt: 19 ShieldDist: 16.806
arrive destination: True ,out of road:False   Total T: 352457 Episode Num: 925 Episode T: 308 Reward: 294.488 Cost: 9.000 ShieldInt: 11 ShieldDist: 5.333
arrive destination: True ,out of road:False   Total T: 352802 Episode Num: 926 Episode T: 345 Reward: 403.705 Cost: 0.000 ShieldInt: 13 ShieldDist: 1.923
arrive destination: True ,out of road:False   Total T: 353061 Episode Num: 927 Episode T: 259 Reward: 270.513 Cost: 4.000 ShieldInt: 13 ShieldDist: 1.950
arrive destination: False ,out of road:True   Total T: 353162 Episode Num: 928 Episode T: 101 Reward: 77.348 Cost: 3.000 ShieldInt: 1 ShieldDist: 1.927
arrive destination: True ,out of road:False   Total T: 353595 Episode Num: 929 Episode T: 433 Reward: 369.318 Cost: 6.000 ShieldInt: 23 ShieldDist: 13.136
arrive destination: True ,out of road:False   Total T: 353987 Episode Num: 930 Episode T: 392 Reward: 402.113 Cost: 9.000 ShieldInt: 15 ShieldDist: 7.147
arrive destination: False ,out of road:True   Total T: 354120 Episode Num: 931 Episode T: 133 Reward: 118.921 Cost: 1.000 ShieldInt: 2 ShieldDist: 0.268
arrive destination: True ,out of road:False   Total T: 354489 Episode Num: 932 Episode T: 369 Reward: 397.322 Cost: 7.000 ShieldInt: 21 ShieldDist: 19.258
arrive destination: True ,out of road:False   Total T: 354696 Episode Num: 933 Episode T: 207 Reward: 245.556 Cost: 0.000 ShieldInt: 7 ShieldDist: 0.968
arrive destination: True ,out of road:False   Total T: 355276 Episode Num: 934 Episode T: 580 Reward: 493.424 Cost: 30.000 ShieldInt: 30 ShieldDist: 29.777
arrive destination: False ,out of road:True   Total T: 355374 Episode Num: 935 Episode T: 98 Reward: 91.122 Cost: 1.000 ShieldInt: 2 ShieldDist: 0.268
arrive destination: True ,out of road:False   Total T: 355722 Episode Num: 936 Episode T: 348 Reward: 294.452 Cost: 12.000 ShieldInt: 13 ShieldDist: 1.861
arrive destination: True ,out of road:False   Total T: 356283 Episode Num: 937 Episode T: 561 Reward: 498.420 Cost: 14.000 ShieldInt: 32 ShieldDist: 31.522
arrive destination: True ,out of road:False   Total T: 356489 Episode Num: 938 Episode T: 206 Reward: 269.007 Cost: 6.000 ShieldInt: 9 ShieldDist: 1.980
arrive destination: False ,out of road:True   Total T: 356780 Episode Num: 939 Episode T: 291 Reward: 259.359 Cost: 12.000 ShieldInt: 8 ShieldDist: 2.960
arrive destination: True ,out of road:False   Total T: 357024 Episode Num: 940 Episode T: 244 Reward: 270.100 Cost: 4.000 ShieldInt: 4 ShieldDist: 2.441
arrive destination: True ,out of road:False   Total T: 357492 Episode Num: 941 Episode T: 468 Reward: 484.830 Cost: 8.000 ShieldInt: 19 ShieldDist: 2.621
arrive destination: False ,out of road:True   Total T: 358052 Episode Num: 942 Episode T: 560 Reward: 393.871 Cost: 18.000 ShieldInt: 23 ShieldDist: 5.283
arrive destination: False ,out of road:True   Total T: 358433 Episode Num: 943 Episode T: 381 Reward: 383.188 Cost: 4.000 ShieldInt: 17 ShieldDist: 7.464
arrive destination: True ,out of road:False   Total T: 358956 Episode Num: 944 Episode T: 523 Reward: 477.611 Cost: 7.000 ShieldInt: 26 ShieldDist: 19.795
arrive destination: True ,out of road:False   Total T: 359266 Episode Num: 945 Episode T: 310 Reward: 267.325 Cost: 5.000 ShieldInt: 4 ShieldDist: 0.496
arrive destination: True ,out of road:False   Total T: 359696 Episode Num: 946 Episode T: 430 Reward: 400.712 Cost: 18.000 ShieldInt: 26 ShieldDist: 24.491
arrive destination: True ,out of road:False   Total T: 359957 Episode Num: 947 Episode T: 261 Reward: 295.570 Cost: 6.000 ShieldInt: 7 ShieldDist: 4.517
---------------------------------------
Evaluation over 20 episodes: 0.750 Cost 20.650.             SafeRL used : use_qpsl
---------------------------------------
[34;1m
Time: 2026-07-01 20:46:59, Time spent from previous logger: 158.097 s[0m
[34;1mCustomLogger with fileds: ['total_steps', 'EpRet', 'EpCost', 'CostRate'][0m
[34;1mfieldvalues: [360000, 0.75, 20.65, 0.043500120833668984]
[0m
arrive destination: True ,out of road:False   Total T: 360308 Episode Num: 948 Episode T: 351 Reward: 373.721 Cost: 5.000 ShieldInt: 7 ShieldDist: 0.999
arrive destination: True ,out of road:False   Total T: 360713 Episode Num: 949 Episode T: 405 Reward: 381.573 Cost: 2.000 ShieldInt: 4 ShieldDist: 1.661
arrive destination: False ,out of road:False   Total T: 361713 Episode Num: 950 Episode T: 1000 Reward: 135.213 Cost: 16.000 ShieldInt: 28 ShieldDist: 20.182
arrive destination: True ,out of road:False   Total T: 362158 Episode Num: 951 Episode T: 445 Reward: 367.823 Cost: 13.000 ShieldInt: 27 ShieldDist: 12.182
arrive destination: True ,out of road:False   Total T: 362613 Episode Num: 952 Episode T: 455 Reward: 476.363 Cost: 2.000 ShieldInt: 14 ShieldDist: 2.057
arrive destination: True ,out of road:False   Total T: 362984 Episode Num: 953 Episode T: 371 Reward: 335.712 Cost: 18.000 ShieldInt: 23 ShieldDist: 17.980
arrive destination: True ,out of road:False   Total T: 363243 Episode Num: 954 Episode T: 259 Reward: 271.726 Cost: 3.000 ShieldInt: 5 ShieldDist: 0.750
arrive destination: True ,out of road:False   Total T: 363904 Episode Num: 955 Episode T: 661 Reward: 407.662 Cost: 45.000 ShieldInt: 26 ShieldDist: 10.885
arrive destination: False ,out of road:True   Total T: 364459 Episode Num: 956 Episode T: 555 Reward: 440.782 Cost: 31.000 ShieldInt: 39 ShieldDist: 51.028
arrive destination: True ,out of road:False   Total T: 364675 Episode Num: 957 Episode T: 216 Reward: 246.694 Cost: 0.000 ShieldInt: 6 ShieldDist: 0.841
arrive destination: False ,out of road:True   Total T: 364756 Episode Num: 958 Episode T: 81 Reward: 56.620 Cost: 1.000 ShieldInt: 2 ShieldDist: 0.300
arrive destination: False ,out of road:True   Total T: 364833 Episode Num: 959 Episode T: 77 Reward: 51.047 Cost: 1.000 ShieldInt: 0 ShieldDist: 0.000
arrive destination: True ,out of road:False   Total T: 365290 Episode Num: 960 Episode T: 457 Reward: 473.590 Cost: 5.000 ShieldInt: 22 ShieldDist: 3.130
arrive destination: True ,out of road:False   Total T: 365517 Episode Num: 961 Episode T: 227 Reward: 232.579 Cost: 12.000 ShieldInt: 15 ShieldDist: 10.528
arrive destination: False ,out of road:True   Total T: 365613 Episode Num: 962 Episode T: 96 Reward: 77.085 Cost: 3.000 ShieldInt: 1 ShieldDist: 2.000
arrive destination: True ,out of road:False   Total T: 365865 Episode Num: 963 Episode T: 252 Reward: 266.297 Cost: 6.000 ShieldInt: 2 ShieldDist: 0.300
arrive destination: True ,out of road:False   Total T: 366258 Episode Num: 964 Episode T: 393 Reward: 270.247 Cost: 10.000 ShieldInt: 30 ShieldDist: 23.557
arrive destination: True ,out of road:False   Total T: 366483 Episode Num: 965 Episode T: 225 Reward: 248.501 Cost: 0.000 ShieldInt: 3 ShieldDist: 0.407
arrive destination: True ,out of road:False   Total T: 366851 Episode Num: 966 Episode T: 368 Reward: 401.199 Cost: 2.000 ShieldInt: 17 ShieldDist: 2.298
arrive destination: True ,out of road:False   Total T: 367115 Episode Num: 967 Episode T: 264 Reward: 270.219 Cost: 12.000 ShieldInt: 18 ShieldDist: 4.899
arrive destination: False ,out of road:True   Total T: 367596 Episode Num: 968 Episode T: 481 Reward: 457.523 Cost: 31.000 ShieldInt: 25 ShieldDist: 26.276
arrive destination: False ,out of road:True   Total T: 367769 Episode Num: 969 Episode T: 173 Reward: 142.727 Cost: 8.000 ShieldInt: 16 ShieldDist: 10.157
arrive destination: True ,out of road:False   Total T: 368070 Episode Num: 970 Episode T: 301 Reward: 352.342 Cost: 7.000 ShieldInt: 14 ShieldDist: 1.971
arrive destination: True ,out of road:False   Total T: 368429 Episode Num: 971 Episode T: 359 Reward: 399.577 Cost: 0.000 ShieldInt: 9 ShieldDist: 1.234
arrive destination: True ,out of road:False   Total T: 368739 Episode Num: 972 Episode T: 310 Reward: 357.213 Cost: 3.000 ShieldInt: 4 ShieldDist: 0.534
arrive destination: True ,out of road:False   Total T: 368978 Episode Num: 973 Episode T: 239 Reward: 276.832 Cost: 0.000 ShieldInt: 12 ShieldDist: 1.687
arrive destination: False ,out of road:False   Total T: 369978 Episode Num: 974 Episode T: 1000 Reward: 118.222 Cost: 49.000 ShieldInt: 659 ShieldDist: 1214.964
---------------------------------------
Evaluation over 20 episodes: 0.950 Cost 14.150.             SafeRL used : use_qpsl
---------------------------------------
[34;1m
Time: 2026-07-01 20:49:30, Time spent from previous logger: 150.933 s[0m
[34;1mCustomLogger with fileds: ['total_steps', 'EpRet', 'EpCost', 'CostRate'][0m
[34;1mfieldvalues: [370000, 0.95, 14.15, 0.04309471106678667]
[0m
arrive destination: True ,out of road:False   Total T: 370282 Episode Num: 975 Episode T: 304 Reward: 297.076 Cost: 13.000 ShieldInt: 13 ShieldDist: 5.820
arrive destination: True ,out of road:False   Total T: 370533 Episode Num: 976 Episode T: 251 Reward: 232.915 Cost: 4.000 ShieldInt: 17 ShieldDist: 16.028
arrive destination: True ,out of road:False   Total T: 370809 Episode Num: 977 Episode T: 276 Reward: 270.269 Cost: 11.000 ShieldInt: 24 ShieldDist: 20.511
arrive destination: True ,out of road:False   Total T: 371058 Episode Num: 978 Episode T: 249 Reward: 270.769 Cost: 0.000 ShieldInt: 1 ShieldDist: 0.150
arrive destination: True ,out of road:False   Total T: 371241 Episode Num: 979 Episode T: 183 Reward: 269.993 Cost: 5.000 ShieldInt: 6 ShieldDist: 0.844
arrive destination: True ,out of road:False   Total T: 371614 Episode Num: 980 Episode T: 373 Reward: 336.025 Cost: 8.000 ShieldInt: 17 ShieldDist: 6.033
arrive destination: True ,out of road:False   Total T: 371798 Episode Num: 981 Episode T: 184 Reward: 268.997 Cost: 7.000 ShieldInt: 4 ShieldDist: 0.600
arrive destination: True ,out of road:False   Total T: 372006 Episode Num: 982 Episode T: 208 Reward: 247.099 Cost: 0.000 ShieldInt: 5 ShieldDist: 0.750
arrive destination: True ,out of road:False   Total T: 372308 Episode Num: 983 Episode T: 302 Reward: 351.620 Cost: 0.000 ShieldInt: 11 ShieldDist: 1.620
arrive destination: True ,out of road:False   Total T: 372591 Episode Num: 984 Episode T: 283 Reward: 350.843 Cost: 10.000 ShieldInt: 15 ShieldDist: 8.214
arrive destination: False ,out of road:True   Total T: 372743 Episode Num: 985 Episode T: 152 Reward: 125.209 Cost: 4.000 ShieldInt: 6 ShieldDist: 0.823
arrive destination: True ,out of road:False   Total T: 373018 Episode Num: 986 Episode T: 275 Reward: 295.798 Cost: 10.000 ShieldInt: 12 ShieldDist: 1.734
arrive destination: True ,out of road:False   Total T: 373249 Episode Num: 987 Episode T: 231 Reward: 287.052 Cost: 0.000 ShieldInt: 9 ShieldDist: 1.263
arrive destination: False ,out of road:True   Total T: 373559 Episode Num: 988 Episode T: 310 Reward: 301.782 Cost: 12.000 ShieldInt: 20 ShieldDist: 22.247
arrive destination: True ,out of road:False   Total T: 373740 Episode Num: 989 Episode T: 181 Reward: 279.563 Cost: 6.000 ShieldInt: 5 ShieldDist: 0.660
arrive destination: True ,out of road:False   Total T: 373952 Episode Num: 990 Episode T: 212 Reward: 245.172 Cost: 0.000 ShieldInt: 11 ShieldDist: 1.493
arrive destination: True ,out of road:False   Total T: 374373 Episode Num: 991 Episode T: 421 Reward: 368.200 Cost: 12.000 ShieldInt: 30 ShieldDist: 10.774
arrive destination: True ,out of road:False   Total T: 374620 Episode Num: 992 Episode T: 247 Reward: 243.148 Cost: 12.000 ShieldInt: 19 ShieldDist: 11.589
arrive destination: True ,out of road:False   Total T: 375076 Episode Num: 993 Episode T: 456 Reward: 474.182 Cost: 14.000 ShieldInt: 17 ShieldDist: 8.778
arrive destination: True ,out of road:False   Total T: 375489 Episode Num: 994 Episode T: 413 Reward: 382.333 Cost: 22.000 ShieldInt: 10 ShieldDist: 1.453
arrive destination: True ,out of road:False   Total T: 375828 Episode Num: 995 Episode T: 339 Reward: 401.628 Cost: 0.000 ShieldInt: 18 ShieldDist: 2.687
arrive destination: True ,out of road:False   Total T: 376347 Episode Num: 996 Episode T: 519 Reward: 506.770 Cost: 26.000 ShieldInt: 36 ShieldDist: 32.944
arrive destination: True ,out of road:False   Total T: 376915 Episode Num: 997 Episode T: 568 Reward: 507.766 Cost: 28.000 ShieldInt: 49 ShieldDist: 37.366
arrive destination: True ,out of road:False   Total T: 377099 Episode Num: 998 Episode T: 184 Reward: 268.910 Cost: 5.000 ShieldInt: 2 ShieldDist: 0.300
arrive destination: True ,out of road:False   Total T: 377348 Episode Num: 999 Episode T: 249 Reward: 233.285 Cost: 14.000 ShieldInt: 16 ShieldDist: 4.160
arrive destination: True ,out of road:False   Total T: 377753 Episode Num: 1000 Episode T: 405 Reward: 356.559 Cost: 15.000 ShieldInt: 38 ShieldDist: 34.044
arrive destination: True ,out of road:False   Total T: 378265 Episode Num: 1001 Episode T: 512 Reward: 473.270 Cost: 13.000 ShieldInt: 29 ShieldDist: 26.657
arrive destination: True ,out of road:False   Total T: 378715 Episode Num: 1002 Episode T: 450 Reward: 367.667 Cost: 11.000 ShieldInt: 34 ShieldDist: 23.401
arrive destination: True ,out of road:False   Total T: 378944 Episode Num: 1003 Episode T: 229 Reward: 286.006 Cost: 0.000 ShieldInt: 12 ShieldDist: 1.658
arrive destination: False ,out of road:True   Total T: 379222 Episode Num: 1004 Episode T: 278 Reward: 181.600 Cost: 18.000 ShieldInt: 14 ShieldDist: 13.314
arrive destination: True ,out of road:False   Total T: 379764 Episode Num: 1005 Episode T: 542 Reward: 424.790 Cost: 23.000 ShieldInt: 22 ShieldDist: 3.069
arrive destination: True ,out of road:False   Total T: 379990 Episode Num: 1006 Episode T: 226 Reward: 286.464 Cost: 0.000 ShieldInt: 9 ShieldDist: 1.222
---------------------------------------
Evaluation over 20 episodes: 0.550 Cost 11.600.             SafeRL used : use_qpsl
---------------------------------------
[34;1m
Time: 2026-07-01 20:52:04, Time spent from previous logger: 153.746 s[0m
[34;1mCustomLogger with fileds: ['total_steps', 'EpRet', 'EpCost', 'CostRate'][0m
[34;1mfieldvalues: [380000, 0.55, 11.6, 0.04275800725791384]
[0m
arrive destination: True ,out of road:False   Total T: 380449 Episode Num: 1007 Episode T: 459 Reward: 400.526 Cost: 17.000 ShieldInt: 10 ShieldDist: 6.983
arrive destination: False ,out of road:True   Total T: 380812 Episode Num: 1008 Episode T: 363 Reward: 186.219 Cost: 20.000 ShieldInt: 10 ShieldDist: 6.674
arrive destination: True ,out of road:False   Total T: 381167 Episode Num: 1009 Episode T: 355 Reward: 304.777 Cost: 14.000 ShieldInt: 14 ShieldDist: 2.074
arrive destination: True ,out of road:False   Total T: 381399 Episode Num: 1010 Episode T: 232 Reward: 269.561 Cost: 4.000 ShieldInt: 5 ShieldDist: 0.750
arrive destination: False ,out of road:True   Total T: 381655 Episode Num: 1011 Episode T: 256 Reward: 267.059 Cost: 6.000 ShieldInt: 12 ShieldDist: 1.750
arrive destination: True ,out of road:False   Total T: 382105 Episode Num: 1012 Episode T: 450 Reward: 335.702 Cost: 20.000 ShieldInt: 14 ShieldDist: 8.776
arrive destination: True ,out of road:False   Total T: 382554 Episode Num: 1013 Episode T: 449 Reward: 373.458 Cost: 11.000 ShieldInt: 21 ShieldDist: 9.932
arrive destination: True ,out of road:False   Total T: 383097 Episode Num: 1014 Episode T: 543 Reward: 421.008 Cost: 18.000 ShieldInt: 45 ShieldDist: 36.501
arrive destination: True ,out of road:False   Total T: 383504 Episode Num: 1015 Episode T: 407 Reward: 335.859 Cost: 12.000 ShieldInt: 16 ShieldDist: 11.443
arrive destination: True ,out of road:False   Total T: 383998 Episode Num: 1016 Episode T: 494 Reward: 416.659 Cost: 32.000 ShieldInt: 30 ShieldDist: 20.063
arrive destination: True ,out of road:False   Total T: 384316 Episode Num: 1017 Episode T: 318 Reward: 358.389 Cost: 1.000 ShieldInt: 12 ShieldDist: 1.752
arrive destination: False ,out of road:True   Total T: 384911 Episode Num: 1018 Episode T: 595 Reward: 472.943 Cost: 28.000 ShieldInt: 30 ShieldDist: 19.725
arrive destination: True ,out of road:False   Total T: 385134 Episode Num: 1019 Episode T: 223 Reward: 296.025 Cost: 1.000 ShieldInt: 11 ShieldDist: 3.412
arrive destination: True ,out of road:False   Total T: 385592 Episode Num: 1020 Episode T: 458 Reward: 366.811 Cost: 14.000 ShieldInt: 27 ShieldDist: 30.109
arrive destination: True ,out of road:False   Total T: 385922 Episode Num: 1021 Episode T: 330 Reward: 294.594 Cost: 10.000 ShieldInt: 17 ShieldDist: 11.638
arrive destination: True ,out of road:False   Total T: 386468 Episode Num: 1022 Episode T: 546 Reward: 511.282 Cost: 21.000 ShieldInt: 22 ShieldDist: 19.698
arrive destination: True ,out of road:False   Total T: 386733 Episode Num: 1023 Episode T: 265 Reward: 285.924 Cost: 6.000 ShieldInt: 9 ShieldDist: 1.323
arrive destination: True ,out of road:False   Total T: 386988 Episode Num: 1024 Episode T: 255 Reward: 295.755 Cost: 6.000 ShieldInt: 5 ShieldDist: 0.687
arrive destination: False ,out of road:True   Total T: 387581 Episode Num: 1025 Episode T: 593 Reward: 474.715 Cost: 25.000 ShieldInt: 28 ShieldDist: 23.821
arrive destination: False ,out of road:True   Total T: 387887 Episode Num: 1026 Episode T: 306 Reward: 355.552 Cost: 1.000 ShieldInt: 18 ShieldDist: 2.656
arrive destination: False ,out of road:True   Total T: 388218 Episode Num: 1027 Episode T: 331 Reward: 269.339 Cost: 12.000 ShieldInt: 17 ShieldDist: 7.919
arrive destination: True ,out of road:False   Total T: 388654 Episode Num: 1028 Episode T: 436 Reward: 370.830 Cost: 10.000 ShieldInt: 31 ShieldDist: 33.167
arrive destination: True ,out of road:False   Total T: 389126 Episode Num: 1029 Episode T: 472 Reward: 406.250 Cost: 14.000 ShieldInt: 41 ShieldDist: 49.912
arrive destination: True ,out of road:False   Total T: 389312 Episode Num: 1030 Episode T: 186 Reward: 270.029 Cost: 6.000 ShieldInt: 5 ShieldDist: 0.750
arrive destination: True ,out of road:False   Total T: 389564 Episode Num: 1031 Episode T: 252 Reward: 232.795 Cost: 7.000 ShieldInt: 20 ShieldDist: 6.141
arrive destination: True ,out of road:False   Total T: 389905 Episode Num: 1032 Episode T: 341 Reward: 401.627 Cost: 0.000 ShieldInt: 10 ShieldDist: 1.434
---------------------------------------
Evaluation over 20 episodes: 0.500 Cost 13.400.             SafeRL used : use_qpsl
---------------------------------------
[34;1m
Time: 2026-07-01 20:54:42, Time spent from previous logger: 157.874 s[0m
[34;1mCustomLogger with fileds: ['total_steps', 'EpRet', 'EpCost', 'CostRate'][0m
[34;1mfieldvalues: [390000, 0.5, 13.4, 0.04247190377411224]
[0m
arrive destination: True ,out of road:False   Total T: 390341 Episode Num: 1033 Episode T: 436 Reward: 470.274 Cost: 0.000 ShieldInt: 14 ShieldDist: 2.008
arrive destination: True ,out of road:False   Total T: 390542 Episode Num: 1034 Episode T: 201 Reward: 233.719 Cost: 3.000 ShieldInt: 12 ShieldDist: 1.721
arrive destination: True ,out of road:False   Total T: 390760 Episode Num: 1035 Episode T: 218 Reward: 246.867 Cost: 0.000 ShieldInt: 5 ShieldDist: 0.750
arrive destination: True ,out of road:False   Total T: 390974 Episode Num: 1036 Episode T: 214 Reward: 244.926 Cost: 0.000 ShieldInt: 5 ShieldDist: 0.715
arrive destination: True ,out of road:False   Total T: 391525 Episode Num: 1037 Episode T: 551 Reward: 493.119 Cost: 28.000 ShieldInt: 37 ShieldDist: 35.226
arrive destination: True ,out of road:False   Total T: 392006 Episode Num: 1038 Episode T: 481 Reward: 470.980 Cost: 9.000 ShieldInt: 20 ShieldDist: 14.962
arrive destination: True ,out of road:False   Total T: 392423 Episode Num: 1039 Episode T: 417 Reward: 382.968 Cost: 14.000 ShieldInt: 21 ShieldDist: 25.859
arrive destination: True ,out of road:False   Total T: 392662 Episode Num: 1040 Episode T: 239 Reward: 276.184 Cost: 0.000 ShieldInt: 12 ShieldDist: 1.633
arrive destination: True ,out of road:False   Total T: 393064 Episode Num: 1041 Episode T: 402 Reward: 399.147 Cost: 10.000 ShieldInt: 35 ShieldDist: 31.626
arrive destination: False ,out of road:False   Total T: 394064 Episode Num: 1042 Episode T: 1000 Reward: 173.736 Cost: 43.000 ShieldInt: 16 ShieldDist: 3.351
arrive destination: True ,out of road:False   Total T: 394440 Episode Num: 1043 Episode T: 376 Reward: 357.570 Cost: 11.000 ShieldInt: 23 ShieldDist: 21.373
arrive destination: True ,out of road:False   Total T: 394701 Episode Num: 1044 Episode T: 261 Reward: 233.260 Cost: 10.000 ShieldInt: 14 ShieldDist: 5.455
arrive destination: False ,out of road:True   Total T: 394969 Episode Num: 1045 Episode T: 268 Reward: 311.510 Cost: 4.000 ShieldInt: 13 ShieldDist: 1.883
arrive destination: True ,out of road:False   Total T: 395499 Episode Num: 1046 Episode T: 530 Reward: 475.454 Cost: 6.000 ShieldInt: 25 ShieldDist: 13.790
arrive destination: True ,out of road:False   Total T: 395926 Episode Num: 1047 Episode T: 427 Reward: 368.703 Cost: 16.000 ShieldInt: 29 ShieldDist: 24.537
arrive destination: True ,out of road:False   Total T: 396227 Episode Num: 1048 Episode T: 301 Reward: 349.818 Cost: 3.000 ShieldInt: 6 ShieldDist: 0.868
arrive destination: True ,out of road:False   Total T: 396724 Episode Num: 1049 Episode T: 497 Reward: 471.092 Cost: 4.000 ShieldInt: 29 ShieldDist: 18.339
arrive destination: False ,out of road:True   Total T: 397021 Episode Num: 1050 Episode T: 297 Reward: 255.492 Cost: 14.000 ShieldInt: 9 ShieldDist: 3.047
arrive destination: True ,out of road:False   Total T: 397231 Episode Num: 1051 Episode T: 210 Reward: 245.237 Cost: 0.000 ShieldInt: 19 ShieldDist: 2.688
arrive destination: True ,out of road:False   Total T: 397804 Episode Num: 1052 Episode T: 573 Reward: 507.597 Cost: 27.000 ShieldInt: 28 ShieldDist: 16.626
arrive destination: True ,out of road:False   Total T: 398192 Episode Num: 1053 Episode T: 388 Reward: 377.646 Cost: 12.000 ShieldInt: 18 ShieldDist: 17.003
arrive destination: True ,out of road:False   Total T: 398739 Episode Num: 1054 Episode T: 547 Reward: 496.241 Cost: 17.000 ShieldInt: 37 ShieldDist: 30.079
arrive destination: False ,out of road:True   Total T: 399022 Episode Num: 1055 Episode T: 283 Reward: 307.444 Cost: 6.000 ShieldInt: 7 ShieldDist: 1.013
arrive destination: False ,out of road:True   Total T: 399181 Episode Num: 1056 Episode T: 159 Reward: 153.649 Cost: 5.000 ShieldInt: 9 ShieldDist: 1.263
arrive destination: True ,out of road:False   Total T: 399364 Episode Num: 1057 Episode T: 183 Reward: 269.949 Cost: 5.000 ShieldInt: 9 ShieldDist: 1.339
arrive destination: True ,out of road:False   Total T: 399840 Episode Num: 1058 Episode T: 476 Reward: 411.694 Cost: 19.000 ShieldInt: 41 ShieldDist: 30.971
---------------------------------------
Evaluation over 20 episodes: 0.800 Cost 9.550.             SafeRL used : use_qpsl
---------------------------------------
[34;1m
Time: 2026-07-01 20:57:15, Time spent from previous logger: 153.324 s[0m
[34;1mCustomLogger with fileds: ['total_steps', 'EpRet', 'EpCost', 'CostRate'][0m
[34;1mfieldvalues: [400000, 0.8, 9.55, 0.042075105187762966]
[0m
arrive destination: False ,out of road:True   Total T: 400415 Episode Num: 1059 Episode T: 575 Reward: 538.795 Cost: 30.000 ShieldInt: 23 ShieldDist: 16.138
arrive destination: True ,out of road:False   Total T: 400650 Episode Num: 1060 Episode T: 235 Reward: 276.153 Cost: 0.000 ShieldInt: 14 ShieldDist: 2.062
arrive destination: True ,out of road:False   Total T: 401070 Episode Num: 1061 Episode T: 420 Reward: 382.574 Cost: 19.000 ShieldInt: 16 ShieldDist: 5.701
arrive destination: False ,out of road:True   Total T: 401575 Episode Num: 1062 Episode T: 505 Reward: 344.241 Cost: 24.000 ShieldInt: 34 ShieldDist: 20.975
arrive destination: True ,out of road:False   Total T: 402135 Episode Num: 1063 Episode T: 560 Reward: 491.908 Cost: 28.000 ShieldInt: 30 ShieldDist: 27.062
arrive destination: False ,out of road:True   Total T: 402304 Episode Num: 1064 Episode T: 169 Reward: 214.985 Cost: 1.000 ShieldInt: 2 ShieldDist: 0.300
arrive destination: True ,out of road:False   Total T: 402639 Episode Num: 1065 Episode T: 335 Reward: 294.604 Cost: 7.000 ShieldInt: 21 ShieldDist: 11.845
arrive destination: True ,out of road:False   Total T: 402880 Episode Num: 1066 Episode T: 241 Reward: 285.600 Cost: 2.000 ShieldInt: 11 ShieldDist: 1.513
arrive destination: True ,out of road:False   Total T: 403145 Episode Num: 1067 Episode T: 265 Reward: 335.139 Cost: 1.000 ShieldInt: 5 ShieldDist: 0.732
arrive destination: True ,out of road:False   Total T: 403518 Episode Num: 1068 Episode T: 373 Reward: 293.995 Cost: 19.000 ShieldInt: 53 ShieldDist: 50.850
arrive destination: False ,out of road:True   Total T: 403619 Episode Num: 1069 Episode T: 101 Reward: 77.389 Cost: 4.000 ShieldInt: 1 ShieldDist: 0.150
arrive destination: True ,out of road:False   Total T: 403916 Episode Num: 1070 Episode T: 297 Reward: 294.337 Cost: 6.000 ShieldInt: 13 ShieldDist: 1.906
arrive destination: False ,out of road:True   Total T: 404192 Episode Num: 1071 Episode T: 276 Reward: 278.484 Cost: 8.000 ShieldInt: 9 ShieldDist: 1.321
arrive destination: True ,out of road:False   Total T: 404453 Episode Num: 1072 Episode T: 261 Reward: 233.491 Cost: 7.000 ShieldInt: 17 ShieldDist: 2.414
arrive destination: True ,out of road:False   Total T: 405011 Episode Num: 1073 Episode T: 558 Reward: 492.022 Cost: 27.000 ShieldInt: 35 ShieldDist: 27.636
arrive destination: True ,out of road:False   Total T: 405265 Episode Num: 1074 Episode T: 254 Reward: 270.016 Cost: 4.000 ShieldInt: 3 ShieldDist: 0.450
arrive destination: True ,out of road:False   Total T: 405544 Episode Num: 1075 Episode T: 279 Reward: 289.186 Cost: 4.000 ShieldInt: 22 ShieldDist: 3.212
arrive destination: True ,out of road:False   Total T: 405826 Episode Num: 1076 Episode T: 282 Reward: 295.889 Cost: 5.000 ShieldInt: 3 ShieldDist: 0.429
arrive destination: True ,out of road:False   Total T: 406060 Episode Num: 1077 Episode T: 234 Reward: 274.265 Cost: 0.000 ShieldInt: 5 ShieldDist: 0.708
arrive destination: False ,out of road:True   Total T: 406282 Episode Num: 1078 Episode T: 222 Reward: 272.633 Cost: 5.000 ShieldInt: 7 ShieldDist: 1.050
arrive destination: True ,out of road:False   Total T: 406521 Episode Num: 1079 Episode T: 239 Reward: 286.956 Cost: 7.000 ShieldInt: 17 ShieldDist: 5.831
arrive destination: True ,out of road:False   Total T: 406870 Episode Num: 1080 Episode T: 349 Reward: 266.204 Cost: 10.000 ShieldInt: 7 ShieldDist: 2.842
arrive destination: False ,out of road:True   Total T: 407268 Episode Num: 1081 Episode T: 398 Reward: 363.285 Cost: 11.000 ShieldInt: 24 ShieldDist: 14.141
arrive destination: True ,out of road:False   Total T: 407618 Episode Num: 1082 Episode T: 350 Reward: 400.957 Cost: 0.000 ShieldInt: 7 ShieldDist: 0.929
arrive destination: True ,out of road:False   Total T: 408107 Episode Num: 1083 Episode T: 489 Reward: 474.421 Cost: 4.000 ShieldInt: 39 ShieldDist: 25.120
arrive destination: True ,out of road:False   Total T: 408342 Episode Num: 1084 Episode T: 235 Reward: 274.585 Cost: 0.000 ShieldInt: 4 ShieldDist: 0.597
arrive destination: True ,out of road:False   Total T: 408822 Episode Num: 1085 Episode T: 480 Reward: 420.722 Cost: 11.000 ShieldInt: 23 ShieldDist: 17.893
arrive destination: True ,out of road:False   Total T: 409353 Episode Num: 1086 Episode T: 531 Reward: 413.389 Cost: 39.000 ShieldInt: 53 ShieldDist: 40.873
arrive destination: True ,out of road:False   Total T: 409585 Episode Num: 1087 Episode T: 232 Reward: 274.624 Cost: 0.000 ShieldInt: 10 ShieldDist: 1.373
arrive destination: True ,out of road:False   Total T: 409802 Episode Num: 1088 Episode T: 217 Reward: 245.731 Cost: 0.000 ShieldInt: 10 ShieldDist: 1.406
---------------------------------------
Evaluation over 20 episodes: 0.700 Cost 8.950.             SafeRL used : use_qpsl
---------------------------------------
[34;1m
Time: 2026-07-01 20:59:50, Time spent from previous logger: 154.985 s[0m
[34;1mCustomLogger with fileds: ['total_steps', 'EpRet', 'EpCost', 'CostRate'][0m
[34;1mfieldvalues: [410000, 0.7, 8.95, 0.041748882314347105]
[0m
arrive destination: True ,out of road:False   Total T: 410336 Episode Num: 1089 Episode T: 534 Reward: 565.758 Cost: 4.000 ShieldInt: 15 ShieldDist: 2.094
arrive destination: False ,out of road:True   Total T: 410436 Episode Num: 1090 Episode T: 100 Reward: 66.617 Cost: 5.000 ShieldInt: 3 ShieldDist: 2.133
arrive destination: True ,out of road:False   Total T: 410666 Episode Num: 1091 Episode T: 230 Reward: 275.119 Cost: 0.000 ShieldInt: 7 ShieldDist: 1.007
arrive destination: True ,out of road:False   Total T: 411001 Episode Num: 1092 Episode T: 335 Reward: 294.775 Cost: 19.000 ShieldInt: 18 ShieldDist: 11.650
arrive destination: True ,out of road:False   Total T: 411466 Episode Num: 1093 Episode T: 465 Reward: 374.365 Cost: 16.000 ShieldInt: 41 ShieldDist: 14.699
arrive destination: True ,out of road:False   Total T: 411657 Episode Num: 1094 Episode T: 191 Reward: 269.398 Cost: 3.000 ShieldInt: 6 ShieldDist: 0.818
arrive destination: True ,out of road:False   Total T: 411924 Episode Num: 1095 Episode T: 267 Reward: 233.655 Cost: 7.000 ShieldInt: 16 ShieldDist: 9.528
arrive destination: True ,out of road:False   Total T: 412567 Episode Num: 1096 Episode T: 643 Reward: 415.306 Cost: 40.000 ShieldInt: 38 ShieldDist: 42.305
arrive destination: True ,out of road:False   Total T: 412852 Episode Num: 1097 Episode T: 285 Reward: 287.262 Cost: 0.000 ShieldInt: 15 ShieldDist: 17.691
arrive destination: True ,out of road:False   Total T: 413196 Episode Num: 1098 Episode T: 344 Reward: 400.001 Cost: 0.000 ShieldInt: 13 ShieldDist: 1.773
arrive destination: True ,out of road:False   Total T: 413431 Episode Num: 1099 Episode T: 235 Reward: 275.970 Cost: 0.000 ShieldInt: 6 ShieldDist: 0.869
arrive destination: False ,out of road:True   Total T: 413952 Episode Num: 1100 Episode T: 521 Reward: 472.100 Cost: 24.000 ShieldInt: 38 ShieldDist: 40.522
arrive destination: True ,out of road:False   Total T: 414333 Episode Num: 1101 Episode T: 381 Reward: 359.209 Cost: 12.000 ShieldInt: 21 ShieldDist: 15.522
arrive destination: True ,out of road:False   Total T: 414603 Episode Num: 1102 Episode T: 270 Reward: 356.554 Cost: 0.000 ShieldInt: 20 ShieldDist: 2.890
arrive destination: True ,out of road:False   Total T: 414793 Episode Num: 1103 Episode T: 190 Reward: 280.187 Cost: 8.000 ShieldInt: 9 ShieldDist: 1.302
arrive destination: True ,out of road:False   Total T: 415250 Episode Num: 1104 Episode T: 457 Reward: 472.659 Cost: 9.000 ShieldInt: 22 ShieldDist: 3.225
arrive destination: True ,out of road:False   Total T: 415485 Episode Num: 1105 Episode T: 235 Reward: 287.563 Cost: 6.000 ShieldInt: 14 ShieldDist: 2.647
arrive destination: True ,out of road:False   Total T: 415697 Episode Num: 1106 Episode T: 212 Reward: 246.539 Cost: 0.000 ShieldInt: 9 ShieldDist: 1.321
arrive destination: True ,out of road:False   Total T: 416098 Episode Num: 1107 Episode T: 401 Reward: 375.924 Cost: 18.000 ShieldInt: 23 ShieldDist: 14.254
arrive destination: True ,out of road:False   Total T: 416343 Episode Num: 1108 Episode T: 245 Reward: 233.403 Cost: 5.000 ShieldInt: 9 ShieldDist: 6.486
arrive destination: False ,out of road:True   Total T: 416605 Episode Num: 1109 Episode T: 262 Reward: 268.587 Cost: 6.000 ShieldInt: 8 ShieldDist: 1.151
arrive destination: False ,out of road:True   Total T: 416998 Episode Num: 1110 Episode T: 393 Reward: 387.183 Cost: 6.000 ShieldInt: 15 ShieldDist: 2.021
arrive destination: True ,out of road:False   Total T: 417518 Episode Num: 1111 Episode T: 520 Reward: 475.229 Cost: 7.000 ShieldInt: 30 ShieldDist: 11.611
arrive destination: True ,out of road:False   Total T: 417934 Episode Num: 1112 Episode T: 416 Reward: 382.186 Cost: 18.000 ShieldInt: 16 ShieldDist: 13.798
arrive destination: True ,out of road:False   Total T: 418586 Episode Num: 1113 Episode T: 652 Reward: 423.583 Cost: 42.000 ShieldInt: 51 ShieldDist: 39.872
arrive destination: True ,out of road:False   Total T: 418947 Episode Num: 1114 Episode T: 361 Reward: 399.470 Cost: 0.000 ShieldInt: 11 ShieldDist: 1.641
arrive destination: True ,out of road:False   Total T: 419379 Episode Num: 1115 Episode T: 432 Reward: 336.016 Cost: 3.000 ShieldInt: 44 ShieldDist: 25.711
arrive destination: True ,out of road:False   Total T: 419714 Episode Num: 1116 Episode T: 335 Reward: 399.942 Cost: 0.000 ShieldInt: 12 ShieldDist: 1.659
---------------------------------------
Evaluation over 20 episodes: 0.800 Cost 17.150.             SafeRL used : use_qpsl
---------------------------------------
[34;1m
Time: 2026-07-01 21:02:30, Time spent from previous logger: 159.359 s[0m
[34;1mCustomLogger with fileds: ['total_steps', 'EpRet', 'EpCost', 'CostRate'][0m
[34;1mfieldvalues: [420000, 0.8, 17.15, 0.04136914611701457]
[0m
arrive destination: True ,out of road:False   Total T: 420311 Episode Num: 1117 Episode T: 597 Reward: 558.022 Cost: 15.000 ShieldInt: 17 ShieldDist: 9.144
arrive destination: False ,out of road:False   Total T: 421311 Episode Num: 1118 Episode T: 1000 Reward: 282.701 Cost: 16.000 ShieldInt: 568 ShieldDist: 1024.895
arrive destination: True ,out of road:False   Total T: 421573 Episode Num: 1119 Episode T: 262 Reward: 268.387 Cost: 7.000 ShieldInt: 16 ShieldDist: 2.254
arrive destination: True ,out of road:False   Total T: 421826 Episode Num: 1120 Episode T: 253 Reward: 271.433 Cost: 5.000 ShieldInt: 13 ShieldDist: 1.893
arrive destination: False ,out of road:True   Total T: 422025 Episode Num: 1121 Episode T: 199 Reward: 250.544 Cost: 1.000 ShieldInt: 6 ShieldDist: 0.855
arrive destination: True ,out of road:False   Total T: 422251 Episode Num: 1122 Episode T: 226 Reward: 295.511 Cost: 9.000 ShieldInt: 10 ShieldDist: 5.046
arrive destination: False ,out of road:True   Total T: 422730 Episode Num: 1123 Episode T: 479 Reward: 446.091 Cost: 19.000 ShieldInt: 26 ShieldDist: 24.590
arrive destination: True ,out of road:False   Total T: 423393 Episode Num: 1124 Episode T: 663 Reward: 507.203 Cost: 37.000 ShieldInt: 38 ShieldDist: 41.677
arrive destination: True ,out of road:False   Total T: 423897 Episode Num: 1125 Episode T: 504 Reward: 470.556 Cost: 9.000 ShieldInt: 35 ShieldDist: 18.466
arrive destination: True ,out of road:False   Total T: 424314 Episode Num: 1126 Episode T: 417 Reward: 376.667 Cost: 12.000 ShieldInt: 37 ShieldDist: 36.735
arrive destination: True ,out of road:False   Total T: 424776 Episode Num: 1127 Episode T: 462 Reward: 419.223 Cost: 25.000 ShieldInt: 31 ShieldDist: 17.254
arrive destination: True ,out of road:False   Total T: 425250 Episode Num: 1128 Episode T: 474 Reward: 335.619 Cost: 16.000 ShieldInt: 40 ShieldDist: 39.082
arrive destination: True ,out of road:False   Total T: 425680 Episode Num: 1129 Episode T: 430 Reward: 377.827 Cost: 19.000 ShieldInt: 30 ShieldDist: 27.262
arrive destination: True ,out of road:False   Total T: 426120 Episode Num: 1130 Episode T: 440 Reward: 398.426 Cost: 15.000 ShieldInt: 33 ShieldDist: 42.934
arrive destination: False ,out of road:True   Total T: 426548 Episode Num: 1131 Episode T: 428 Reward: 351.659 Cost: 17.000 ShieldInt: 23 ShieldDist: 21.777
arrive destination: False ,out of road:True   Total T: 426668 Episode Num: 1132 Episode T: 120 Reward: 111.338 Cost: 1.000 ShieldInt: 2 ShieldDist: 0.282
arrive destination: False ,out of road:True   Total T: 426922 Episode Num: 1133 Episode T: 254 Reward: 268.317 Cost: 5.000 ShieldInt: 18 ShieldDist: 8.148
arrive destination: False ,out of road:True   Total T: 427184 Episode Num: 1134 Episode T: 262 Reward: 309.200 Cost: 4.000 ShieldInt: 10 ShieldDist: 1.416
arrive destination: True ,out of road:False   Total T: 427671 Episode Num: 1135 Episode T: 487 Reward: 471.715 Cost: 6.000 ShieldInt: 27 ShieldDist: 19.374
arrive destination: True ,out of road:False   Total T: 428470 Episode Num: 1136 Episode T: 799 Reward: 508.930 Cost: 50.000 ShieldInt: 63 ShieldDist: 58.529
arrive destination: True ,out of road:False   Total T: 428702 Episode Num: 1137 Episode T: 232 Reward: 289.808 Cost: 0.000 ShieldInt: 14 ShieldDist: 2.097
arrive destination: True ,out of road:False   Total T: 429027 Episode Num: 1138 Episode T: 325 Reward: 353.324 Cost: 12.000 ShieldInt: 10 ShieldDist: 3.776
arrive destination: True ,out of road:False   Total T: 429423 Episode Num: 1139 Episode T: 396 Reward: 335.792 Cost: 6.000 ShieldInt: 31 ShieldDist: 6.698
arrive destination: True ,out of road:False   Total T: 429693 Episode Num: 1140 Episode T: 270 Reward: 288.214 Cost: 3.000 ShieldInt: 12 ShieldDist: 1.678
---------------------------------------
Evaluation over 20 episodes: 0.850 Cost 14.750.             SafeRL used : use_qpsl
---------------------------------------
[34;1m
Time: 2026-07-01 21:05:15, Time spent from previous logger: 165.766 s[0m
[34;1mCustomLogger with fileds: ['total_steps', 'EpRet', 'EpCost', 'CostRate'][0m
[34;1mfieldvalues: [430000, 0.85, 14.75, 0.04114660731769144]
[0m
arrive destination: False ,out of road:True   Total T: 430099 Episode Num: 1141 Episode T: 406 Reward: 382.927 Cost: 16.000 ShieldInt: 10 ShieldDist: 1.458
arrive destination: True ,out of road:False   Total T: 430782 Episode Num: 1142 Episode T: 683 Reward: 495.161 Cost: 23.000 ShieldInt: 41 ShieldDist: 30.810
arrive destination: False ,out of road:True   Total T: 431194 Episode Num: 1143 Episode T: 412 Reward: 359.223 Cost: 14.000 ShieldInt: 39 ShieldDist: 52.472
arrive destination: True ,out of road:False   Total T: 431393 Episode Num: 1144 Episode T: 199 Reward: 270.011 Cost: 3.000 ShieldInt: 11 ShieldDist: 1.530
arrive destination: True ,out of road:False   Total T: 432016 Episode Num: 1145 Episode T: 623 Reward: 506.573 Cost: 31.000 ShieldInt: 48 ShieldDist: 50.827
arrive destination: True ,out of road:False   Total T: 432248 Episode Num: 1146 Episode T: 232 Reward: 276.128 Cost: 0.000 ShieldInt: 8 ShieldDist: 1.142
arrive destination: False ,out of road:True   Total T: 432414 Episode Num: 1147 Episode T: 166 Reward: 160.040 Cost: 5.000 ShieldInt: 8 ShieldDist: 3.806
arrive destination: True ,out of road:False   Total T: 432749 Episode Num: 1148 Episode T: 335 Reward: 294.461 Cost: 6.000 ShieldInt: 14 ShieldDist: 6.320
arrive destination: True ,out of road:False   Total T: 433044 Episode Num: 1149 Episode T: 295 Reward: 315.634 Cost: 5.000 ShieldInt: 17 ShieldDist: 9.649
arrive destination: True ,out of road:False   Total T: 433295 Episode Num: 1150 Episode T: 251 Reward: 231.224 Cost: 7.000 ShieldInt: 7 ShieldDist: 4.608
arrive destination: True ,out of road:False   Total T: 433767 Episode Num: 1151 Episode T: 472 Reward: 472.917 Cost: 10.000 ShieldInt: 18 ShieldDist: 14.857
arrive destination: True ,out of road:False   Total T: 434004 Episode Num: 1152 Episode T: 237 Reward: 276.738 Cost: 0.000 ShieldInt: 10 ShieldDist: 1.500
arrive destination: False ,out of road:True   Total T: 434397 Episode Num: 1153 Episode T: 393 Reward: 383.942 Cost: 4.000 ShieldInt: 26 ShieldDist: 8.796
arrive destination: True ,out of road:False   Total T: 434593 Episode Num: 1154 Episode T: 196 Reward: 269.213 Cost: 4.000 ShieldInt: 3 ShieldDist: 0.450
arrive destination: True ,out of road:False   Total T: 434998 Episode Num: 1155 Episode T: 405 Reward: 379.491 Cost: 21.000 ShieldInt: 47 ShieldDist: 46.107
arrive destination: True ,out of road:False   Total T: 435351 Episode Num: 1156 Episode T: 353 Reward: 398.131 Cost: 0.000 ShieldInt: 15 ShieldDist: 2.185
arrive destination: True ,out of road:False   Total T: 435771 Episode Num: 1157 Episode T: 420 Reward: 381.154 Cost: 13.000 ShieldInt: 9 ShieldDist: 1.939
arrive destination: True ,out of road:False   Total T: 436349 Episode Num: 1158 Episode T: 578 Reward: 497.050 Cost: 29.000 ShieldInt: 25 ShieldDist: 18.936
arrive destination: True ,out of road:False   Total T: 436679 Episode Num: 1159 Episode T: 330 Reward: 295.610 Cost: 3.000 ShieldInt: 8 ShieldDist: 1.118
arrive destination: True ,out of road:False   Total T: 436869 Episode Num: 1160 Episode T: 190 Reward: 270.121 Cost: 1.000 ShieldInt: 6 ShieldDist: 2.720
arrive destination: False ,out of road:True   Total T: 437457 Episode Num: 1161 Episode T: 588 Reward: 389.397 Cost: 35.000 ShieldInt: 28 ShieldDist: 22.278
arrive destination: True ,out of road:False   Total T: 437816 Episode Num: 1162 Episode T: 359 Reward: 294.796 Cost: 14.000 ShieldInt: 20 ShieldDist: 2.746
arrive destination: True ,out of road:False   Total T: 438261 Episode Num: 1163 Episode T: 445 Reward: 372.141 Cost: 11.000 ShieldInt: 37 ShieldDist: 32.366
arrive destination: False ,out of road:True   Total T: 438360 Episode Num: 1164 Episode T: 99 Reward: 77.653 Cost: 4.000 ShieldInt: 2 ShieldDist: 0.300
arrive destination: True ,out of road:False   Total T: 438617 Episode Num: 1165 Episode T: 257 Reward: 295.913 Cost: 4.000 ShieldInt: 12 ShieldDist: 1.672
arrive destination: True ,out of road:False   Total T: 439123 Episode Num: 1166 Episode T: 506 Reward: 336.360 Cost: 29.000 ShieldInt: 46 ShieldDist: 37.566
arrive destination: True ,out of road:False   Total T: 439661 Episode Num: 1167 Episode T: 538 Reward: 472.438 Cost: 8.000 ShieldInt: 30 ShieldDist: 28.032
---------------------------------------
Evaluation over 20 episodes: 0.800 Cost 8.900.             SafeRL used : use_qpsl
---------------------------------------
[34;1m
Time: 2026-07-01 21:07:50, Time spent from previous logger: 154.425 s[0m
[34;1mCustomLogger with fileds: ['total_steps', 'EpRet', 'EpCost', 'CostRate'][0m
[34;1mfieldvalues: [440000, 0.8, 8.9, 0.04090009295475672]
[0m
arrive destination: True ,out of road:False   Total T: 440560 Episode Num: 1168 Episode T: 899 Reward: 788.796 Cost: 38.000 ShieldInt: 41 ShieldDist: 25.554
arrive destination: True ,out of road:False   Total T: 440916 Episode Num: 1169 Episode T: 356 Reward: 375.494 Cost: 9.000 ShieldInt: 8 ShieldDist: 4.042
arrive destination: True ,out of road:False   Total T: 441267 Episode Num: 1170 Episode T: 351 Reward: 398.295 Cost: 0.000 ShieldInt: 17 ShieldDist: 2.462
arrive destination: True ,out of road:False   Total T: 442156 Episode Num: 1171 Episode T: 889 Reward: 421.026 Cost: 35.000 ShieldInt: 49 ShieldDist: 41.856
arrive destination: True ,out of road:False   Total T: 442728 Episode Num: 1172 Episode T: 572 Reward: 495.330 Cost: 36.000 ShieldInt: 32 ShieldDist: 27.159
arrive destination: True ,out of road:False   Total T: 443021 Episode Num: 1173 Episode T: 293 Reward: 294.719 Cost: 9.000 ShieldInt: 16 ShieldDist: 2.290
arrive destination: True ,out of road:False   Total T: 443293 Episode Num: 1174 Episode T: 272 Reward: 232.763 Cost: 6.000 ShieldInt: 19 ShieldDist: 15.775
arrive destination: True ,out of road:False   Total T: 443597 Episode Num: 1175 Episode T: 304 Reward: 356.356 Cost: 6.000 ShieldInt: 7 ShieldDist: 1.049
arrive destination: True ,out of road:False   Total T: 444010 Episode Num: 1176 Episode T: 413 Reward: 373.637 Cost: 14.000 ShieldInt: 36 ShieldDist: 39.268
arrive destination: False ,out of road:True   Total T: 444367 Episode Num: 1177 Episode T: 357 Reward: 311.238 Cost: 22.000 ShieldInt: 30 ShieldDist: 35.954
arrive destination: False ,out of road:True   Total T: 444585 Episode Num: 1178 Episode T: 218 Reward: 177.837 Cost: 20.000 ShieldInt: 24 ShieldDist: 27.011
arrive destination: True ,out of road:False   Total T: 444815 Episode Num: 1179 Episode T: 230 Reward: 287.318 Cost: 0.000 ShieldInt: 5 ShieldDist: 0.718
arrive destination: True ,out of road:False   Total T: 445066 Episode Num: 1180 Episode T: 251 Reward: 232.870 Cost: 4.000 ShieldInt: 5 ShieldDist: 0.717
arrive destination: True ,out of road:False   Total T: 445509 Episode Num: 1181 Episode T: 443 Reward: 366.298 Cost: 19.000 ShieldInt: 27 ShieldDist: 29.726
arrive destination: True ,out of road:False   Total T: 445747 Episode Num: 1182 Episode T: 238 Reward: 271.749 Cost: 1.000 ShieldInt: 10 ShieldDist: 1.363
arrive destination: True ,out of road:False   Total T: 446208 Episode Num: 1183 Episode T: 461 Reward: 336.358 Cost: 23.000 ShieldInt: 41 ShieldDist: 33.340
arrive destination: True ,out of road:False   Total T: 446391 Episode Num: 1184 Episode T: 183 Reward: 268.984 Cost: 5.000 ShieldInt: 7 ShieldDist: 0.974
arrive destination: True ,out of road:False   Total T: 446694 Episode Num: 1185 Episode T: 303 Reward: 266.314 Cost: 10.000 ShieldInt: 7 ShieldDist: 1.050
arrive destination: True ,out of road:False   Total T: 446929 Episode Num: 1186 Episode T: 235 Reward: 274.827 Cost: 0.000 ShieldInt: 5 ShieldDist: 0.702
arrive destination: False ,out of road:False   Total T: 447929 Episode Num: 1187 Episode T: 1000 Reward: 126.613 Cost: 13.000 ShieldInt: 749 ShieldDist: 1450.139
arrive destination: True ,out of road:False   Total T: 448340 Episode Num: 1188 Episode T: 411 Reward: 368.802 Cost: 19.000 ShieldInt: 35 ShieldDist: 35.109
arrive destination: False ,out of road:True   Total T: 448456 Episode Num: 1189 Episode T: 116 Reward: 107.725 Cost: 1.000 ShieldInt: 3 ShieldDist: 0.407
arrive destination: True ,out of road:False   Total T: 448651 Episode Num: 1190 Episode T: 195 Reward: 268.998 Cost: 0.000 ShieldInt: 5 ShieldDist: 0.740
arrive destination: True ,out of road:False   Total T: 448959 Episode Num: 1191 Episode T: 308 Reward: 268.341 Cost: 8.000 ShieldInt: 14 ShieldDist: 11.397
arrive destination: True ,out of road:False   Total T: 449215 Episode Num: 1192 Episode T: 256 Reward: 295.813 Cost: 10.000 ShieldInt: 4 ShieldDist: 0.536
arrive destination: True ,out of road:False   Total T: 449499 Episode Num: 1193 Episode T: 284 Reward: 288.897 Cost: 6.000 ShieldInt: 21 ShieldDist: 19.042
---------------------------------------
Evaluation over 20 episodes: 0.750 Cost 12.800.             SafeRL used : use_qpsl
---------------------------------------
[34;1m
Time: 2026-07-01 21:10:25, Time spent from previous logger: 155.287 s[0m
[34;1mCustomLogger with fileds: ['total_steps', 'EpRet', 'EpCost', 'CostRate'][0m
[34;1mfieldvalues: [450000, 0.75, 12.8, 0.04067120149155887]
[0m
arrive destination: True ,out of road:False   Total T: 450214 Episode Num: 1194 Episode T: 715 Reward: 670.139 Cost: 8.000 ShieldInt: 5 ShieldDist: 0.702
arrive destination: True ,out of road:False   Total T: 450657 Episode Num: 1195 Episode T: 443 Reward: 380.883 Cost: 10.000 ShieldInt: 8 ShieldDist: 1.065
arrive destination: True ,out of road:False   Total T: 451103 Episode Num: 1196 Episode T: 446 Reward: 472.724 Cost: 1.000 ShieldInt: 11 ShieldDist: 3.437
arrive destination: True ,out of road:False   Total T: 451521 Episode Num: 1197 Episode T: 418 Reward: 382.148 Cost: 17.000 ShieldInt: 10 ShieldDist: 1.322
arrive destination: False ,out of road:True   Total T: 452052 Episode Num: 1198 Episode T: 531 Reward: 357.100 Cost: 34.000 ShieldInt: 83 ShieldDist: 100.836
arrive destination: True ,out of road:False   Total T: 452277 Episode Num: 1199 Episode T: 225 Reward: 296.090 Cost: 3.000 ShieldInt: 9 ShieldDist: 6.854
arrive destination: True ,out of road:False   Total T: 452645 Episode Num: 1200 Episode T: 368 Reward: 399.216 Cost: 1.000 ShieldInt: 16 ShieldDist: 2.355
arrive destination: True ,out of road:False   Total T: 452952 Episode Num: 1201 Episode T: 307 Reward: 267.762 Cost: 4.000 ShieldInt: 14 ShieldDist: 2.011
arrive destination: True ,out of road:False   Total T: 453387 Episode Num: 1202 Episode T: 435 Reward: 367.094 Cost: 13.000 ShieldInt: 33 ShieldDist: 36.663
arrive destination: False ,out of road:True   Total T: 453493 Episode Num: 1203 Episode T: 106 Reward: 92.213 Cost: 3.000 ShieldInt: 3 ShieldDist: 0.388
arrive destination: True ,out of road:False   Total T: 453742 Episode Num: 1204 Episode T: 249 Reward: 252.746 Cost: 4.000 ShieldInt: 14 ShieldDist: 10.642
arrive destination: True ,out of road:False   Total T: 454239 Episode Num: 1205 Episode T: 497 Reward: 375.521 Cost: 27.000 ShieldInt: 30 ShieldDist: 18.474
arrive destination: True ,out of road:False   Total T: 454548 Episode Num: 1206 Episode T: 309 Reward: 270.458 Cost: 5.000 ShieldInt: 15 ShieldDist: 2.089
arrive destination: True ,out of road:False   Total T: 455035 Episode Num: 1207 Episode T: 487 Reward: 472.646 Cost: 5.000 ShieldInt: 22 ShieldDist: 3.104
arrive destination: True ,out of road:False   Total T: 455331 Episode Num: 1208 Episode T: 296 Reward: 335.480 Cost: 1.000 ShieldInt: 10 ShieldDist: 4.356
arrive destination: True ,out of road:False   Total T: 455738 Episode Num: 1209 Episode T: 407 Reward: 380.223 Cost: 13.000 ShieldInt: 10 ShieldDist: 7.877
arrive destination: False ,out of road:True   Total T: 456306 Episode Num: 1210 Episode T: 568 Reward: 420.081 Cost: 34.000 ShieldInt: 52 ShieldDist: 52.953
arrive destination: True ,out of road:False   Total T: 456604 Episode Num: 1211 Episode T: 298 Reward: 357.028 Cost: 13.000 ShieldInt: 18 ShieldDist: 12.388
arrive destination: True ,out of road:False   Total T: 457105 Episode Num: 1212 Episode T: 501 Reward: 472.515 Cost: 9.000 ShieldInt: 33 ShieldDist: 24.470
arrive destination: True ,out of road:False   Total T: 457601 Episode Num: 1213 Episode T: 496 Reward: 411.019 Cost: 12.000 ShieldInt: 26 ShieldDist: 21.666
arrive destination: False ,out of road:True   Total T: 457681 Episode Num: 1214 Episode T: 80 Reward: 53.603 Cost: 1.000 ShieldInt: 1 ShieldDist: 0.129
arrive destination: False ,out of road:True   Total T: 458096 Episode Num: 1215 Episode T: 415 Reward: 369.389 Cost: 24.000 ShieldInt: 31 ShieldDist: 36.894
arrive destination: True ,out of road:False   Total T: 458303 Episode Num: 1216 Episode T: 207 Reward: 243.408 Cost: 0.000 ShieldInt: 7 ShieldDist: 1.021
arrive destination: True ,out of road:False   Total T: 458596 Episode Num: 1217 Episode T: 293 Reward: 294.907 Cost: 6.000 ShieldInt: 14 ShieldDist: 14.322
arrive destination: False ,out of road:True   Total T: 459101 Episode Num: 1218 Episode T: 505 Reward: 413.775 Cost: 26.000 ShieldInt: 45 ShieldDist: 47.371
arrive destination: False ,out of road:True   Total T: 459263 Episode Num: 1219 Episode T: 162 Reward: 161.572 Cost: 5.000 ShieldInt: 16 ShieldDist: 7.568
arrive destination: True ,out of road:False   Total T: 459503 Episode Num: 1220 Episode T: 240 Reward: 267.416 Cost: 5.000 ShieldInt: 9 ShieldDist: 1.260
arrive destination: False ,out of road:True   Total T: 459599 Episode Num: 1221 Episode T: 96 Reward: 75.239 Cost: 5.000 ShieldInt: 4 ShieldDist: 3.581
arrive destination: True ,out of road:False   Total T: 459827 Episode Num: 1222 Episode T: 228 Reward: 287.248 Cost: 0.000 ShieldInt: 13 ShieldDist: 1.900
---------------------------------------
Evaluation over 20 episodes: 0.950 Cost 14.800.             SafeRL used : use_qpsl
---------------------------------------
[34;1m
Time: 2026-07-01 21:13:01, Time spent from previous logger: 155.980 s[0m
[34;1mCustomLogger with fileds: ['total_steps', 'EpRet', 'EpCost', 'CostRate'][0m
[34;1mfieldvalues: [460000, 0.95, 14.8, 0.04042182700397175]
[0m
arrive destination: True ,out of road:False   Total T: 460503 Episode Num: 1223 Episode T: 676 Reward: 531.971 Cost: 23.000 ShieldInt: 24 ShieldDist: 7.804
arrive destination: True ,out of road:False   Total T: 461068 Episode Num: 1224 Episode T: 565 Reward: 497.294 Cost: 21.000 ShieldInt: 34 ShieldDist: 23.023
arrive destination: True ,out of road:False   Total T: 461337 Episode Num: 1225 Episode T: 269 Reward: 295.487 Cost: 6.000 ShieldInt: 1 ShieldDist: 0.150
arrive destination: False ,out of road:True   Total T: 461568 Episode Num: 1226 Episode T: 231 Reward: 243.911 Cost: 1.000 ShieldInt: 12 ShieldDist: 1.692
arrive destination: True ,out of road:False   Total T: 462074 Episode Num: 1227 Episode T: 506 Reward: 407.448 Cost: 10.000 ShieldInt: 34 ShieldDist: 27.793
arrive destination: False ,out of road:True   Total T: 462174 Episode Num: 1228 Episode T: 100 Reward: 84.436 Cost: 2.000 ShieldInt: 1 ShieldDist: 0.150
arrive destination: True ,out of road:False   Total T: 462395 Episode Num: 1229 Episode T: 221 Reward: 243.734 Cost: 0.000 ShieldInt: 7 ShieldDist: 1.032
arrive destination: True ,out of road:False   Total T: 462834 Episode Num: 1230 Episode T: 439 Reward: 336.053 Cost: 7.000 ShieldInt: 19 ShieldDist: 10.878
arrive destination: False ,out of road:True   Total T: 463039 Episode Num: 1231 Episode T: 205 Reward: 218.569 Cost: 15.000 ShieldInt: 17 ShieldDist: 20.277
arrive destination: True ,out of road:False   Total T: 463269 Episode Num: 1232 Episode T: 230 Reward: 286.909 Cost: 2.000 ShieldInt: 17 ShieldDist: 2.501
arrive destination: False ,out of road:True   Total T: 463471 Episode Num: 1233 Episode T: 202 Reward: 260.094 Cost: 1.000 ShieldInt: 7 ShieldDist: 0.949
arrive destination: True ,out of road:False   Total T: 463682 Episode Num: 1234 Episode T: 211 Reward: 241.398 Cost: 0.000 ShieldInt: 9 ShieldDist: 1.232
arrive destination: True ,out of road:False   Total T: 464079 Episode Num: 1235 Episode T: 397 Reward: 377.316 Cost: 4.000 ShieldInt: 20 ShieldDist: 8.497
arrive destination: False ,out of road:True   Total T: 464300 Episode Num: 1236 Episode T: 221 Reward: 173.771 Cost: 4.000 ShieldInt: 10 ShieldDist: 1.379
arrive destination: True ,out of road:False   Total T: 464568 Episode Num: 1237 Episode T: 268 Reward: 272.667 Cost: 5.000 ShieldInt: 8 ShieldDist: 1.053
arrive destination: True ,out of road:False   Total T: 464946 Episode Num: 1238 Episode T: 378 Reward: 379.902 Cost: 4.000 ShieldInt: 18 ShieldDist: 4.005
arrive destination: True ,out of road:False   Total T: 465392 Episode Num: 1239 Episode T: 446 Reward: 416.753 Cost: 14.000 ShieldInt: 18 ShieldDist: 19.590
arrive destination: True ,out of road:False   Total T: 465648 Episode Num: 1240 Episode T: 256 Reward: 269.493 Cost: 3.000 ShieldInt: 19 ShieldDist: 4.555
arrive destination: False ,out of road:True   Total T: 465749 Episode Num: 1241 Episode T: 101 Reward: 86.432 Cost: 2.000 ShieldInt: 5 ShieldDist: 0.743
arrive destination: True ,out of road:False   Total T: 465959 Episode Num: 1242 Episode T: 210 Reward: 242.315 Cost: 0.000 ShieldInt: 10 ShieldDist: 1.405
arrive destination: True ,out of road:False   Total T: 466171 Episode Num: 1243 Episode T: 212 Reward: 242.874 Cost: 0.000 ShieldInt: 9 ShieldDist: 1.255
arrive destination: True ,out of road:False   Total T: 466384 Episode Num: 1244 Episode T: 213 Reward: 242.680 Cost: 0.000 ShieldInt: 10 ShieldDist: 1.431
arrive destination: True ,out of road:False   Total T: 466672 Episode Num: 1245 Episode T: 288 Reward: 269.250 Cost: 14.000 ShieldInt: 20 ShieldDist: 17.686
arrive destination: True ,out of road:False   Total T: 467180 Episode Num: 1246 Episode T: 508 Reward: 335.571 Cost: 18.000 ShieldInt: 22 ShieldDist: 9.366
arrive destination: True ,out of road:False   Total T: 467542 Episode Num: 1247 Episode T: 362 Reward: 399.677 Cost: 4.000 ShieldInt: 13 ShieldDist: 1.910
arrive destination: True ,out of road:False   Total T: 467774 Episode Num: 1248 Episode T: 232 Reward: 275.105 Cost: 0.000 ShieldInt: 9 ShieldDist: 1.275
arrive destination: True ,out of road:False   Total T: 468089 Episode Num: 1249 Episode T: 315 Reward: 270.926 Cost: 3.000 ShieldInt: 16 ShieldDist: 11.832
arrive destination: True ,out of road:False   Total T: 468498 Episode Num: 1250 Episode T: 409 Reward: 409.189 Cost: 7.000 ShieldInt: 24 ShieldDist: 16.055
arrive destination: True ,out of road:False   Total T: 468731 Episode Num: 1251 Episode T: 233 Reward: 278.278 Cost: 0.000 ShieldInt: 15 ShieldDist: 2.024
arrive destination: True ,out of road:False   Total T: 469225 Episode Num: 1252 Episode T: 494 Reward: 470.218 Cost: 10.000 ShieldInt: 21 ShieldDist: 6.667
arrive destination: True ,out of road:False   Total T: 469702 Episode Num: 1253 Episode T: 477 Reward: 367.253 Cost: 14.000 ShieldInt: 31 ShieldDist: 40.022
---------------------------------------
Evaluation over 20 episodes: 0.550 Cost 8.600.             SafeRL used : use_qpsl
---------------------------------------
[34;1m
Time: 2026-07-01 21:15:35, Time spent from previous logger: 153.905 s[0m
[34;1mCustomLogger with fileds: ['total_steps', 'EpRet', 'EpCost', 'CostRate'][0m
[34;1mfieldvalues: [470000, 0.55, 8.6, 0.0399575318245358]
[0m
arrive destination: True ,out of road:False   Total T: 470251 Episode Num: 1254 Episode T: 549 Reward: 470.072 Cost: 16.000 ShieldInt: 10 ShieldDist: 3.146
arrive destination: True ,out of road:False   Total T: 470564 Episode Num: 1255 Episode T: 313 Reward: 268.813 Cost: 5.000 ShieldInt: 6 ShieldDist: 0.900
arrive destination: True ,out of road:False   Total T: 470952 Episode Num: 1256 Episode T: 388 Reward: 358.882 Cost: 13.000 ShieldInt: 35 ShieldDist: 37.947
arrive destination: False ,out of road:True   Total T: 471437 Episode Num: 1257 Episode T: 485 Reward: 367.623 Cost: 21.000 ShieldInt: 29 ShieldDist: 26.439
arrive destination: False ,out of road:True   Total T: 471666 Episode Num: 1258 Episode T: 229 Reward: 172.904 Cost: 7.000 ShieldInt: 19 ShieldDist: 18.184
arrive destination: True ,out of road:False   Total T: 471998 Episode Num: 1259 Episode T: 332 Reward: 269.510 Cost: 7.000 ShieldInt: 10 ShieldDist: 1.428
arrive destination: False ,out of road:True   Total T: 472094 Episode Num: 1260 Episode T: 96 Reward: 76.881 Cost: 3.000 ShieldInt: 1 ShieldDist: 0.144
arrive destination: True ,out of road:False   Total T: 472287 Episode Num: 1261 Episode T: 193 Reward: 268.725 Cost: 0.000 ShieldInt: 6 ShieldDist: 0.889
arrive destination: True ,out of road:False   Total T: 472783 Episode Num: 1262 Episode T: 496 Reward: 413.319 Cost: 25.000 ShieldInt: 18 ShieldDist: 3.864
arrive destination: True ,out of road:False   Total T: 472981 Episode Num: 1263 Episode T: 198 Reward: 269.664 Cost: 0.000 ShieldInt: 2 ShieldDist: 0.300
arrive destination: True ,out of road:False   Total T: 473216 Episode Num: 1264 Episode T: 235 Reward: 234.035 Cost: 0.000 ShieldInt: 7 ShieldDist: 1.008
arrive destination: False ,out of road:True   Total T: 473392 Episode Num: 1265 Episode T: 176 Reward: 189.043 Cost: 5.000 ShieldInt: 5 ShieldDist: 0.685
arrive destination: True ,out of road:False   Total T: 473723 Episode Num: 1266 Episode T: 331 Reward: 375.708 Cost: 15.000 ShieldInt: 11 ShieldDist: 6.529
arrive destination: True ,out of road:False   Total T: 474063 Episode Num: 1267 Episode T: 340 Reward: 400.711 Cost: 0.000 ShieldInt: 6 ShieldDist: 0.900
arrive destination: True ,out of road:False   Total T: 474455 Episode Num: 1268 Episode T: 392 Reward: 355.499 Cost: 15.000 ShieldInt: 31 ShieldDist: 40.389
arrive destination: True ,out of road:False   Total T: 474949 Episode Num: 1269 Episode T: 494 Reward: 412.469 Cost: 27.000 ShieldInt: 35 ShieldDist: 21.489
arrive destination: False ,out of road:True   Total T: 475067 Episode Num: 1270 Episode T: 118 Reward: 109.733 Cost: 1.000 ShieldInt: 2 ShieldDist: 0.267
arrive destination: True ,out of road:False   Total T: 475296 Episode Num: 1271 Episode T: 229 Reward: 273.996 Cost: 0.000 ShieldInt: 16 ShieldDist: 2.261
arrive destination: False ,out of road:True   Total T: 475392 Episode Num: 1272 Episode T: 96 Reward: 76.897 Cost: 4.000 ShieldInt: 3 ShieldDist: 0.445
arrive destination: True ,out of road:False   Total T: 475916 Episode Num: 1273 Episode T: 524 Reward: 410.334 Cost: 20.000 ShieldInt: 22 ShieldDist: 13.057
arrive destination: True ,out of road:False   Total T: 476167 Episode Num: 1274 Episode T: 251 Reward: 270.942 Cost: 1.000 ShieldInt: 7 ShieldDist: 0.986
arrive destination: False ,out of road:True   Total T: 476287 Episode Num: 1275 Episode T: 120 Reward: 73.855 Cost: 6.000 ShieldInt: 9 ShieldDist: 1.703
arrive destination: True ,out of road:False   Total T: 476613 Episode Num: 1276 Episode T: 326 Reward: 352.281 Cost: 16.000 ShieldInt: 21 ShieldDist: 14.878
arrive destination: True ,out of road:False   Total T: 476910 Episode Num: 1277 Episode T: 297 Reward: 350.144 Cost: 6.000 ShieldInt: 7 ShieldDist: 6.311
arrive destination: False ,out of road:True   Total T: 477013 Episode Num: 1278 Episode T: 103 Reward: 76.989 Cost: 5.000 ShieldInt: 2 ShieldDist: 2.129
arrive destination: True ,out of road:False   Total T: 477421 Episode Num: 1279 Episode T: 408 Reward: 368.475 Cost: 19.000 ShieldInt: 38 ShieldDist: 42.250
arrive destination: True ,out of road:False   Total T: 477949 Episode Num: 1280 Episode T: 528 Reward: 421.602 Cost: 32.000 ShieldInt: 66 ShieldDist: 83.241
arrive destination: False ,out of road:True   Total T: 478168 Episode Num: 1281 Episode T: 219 Reward: 170.446 Cost: 11.000 ShieldInt: 11 ShieldDist: 13.484
arrive destination: True ,out of road:False   Total T: 478466 Episode Num: 1282 Episode T: 298 Reward: 268.692 Cost: 12.000 ShieldInt: 18 ShieldDist: 5.773
arrive destination: False ,out of road:True   Total T: 478566 Episode Num: 1283 Episode T: 100 Reward: 77.633 Cost: 4.000 ShieldInt: 2 ShieldDist: 2.041
arrive destination: True ,out of road:False   Total T: 478874 Episode Num: 1284 Episode T: 308 Reward: 352.500 Cost: 0.000 ShieldInt: 5 ShieldDist: 0.729
arrive destination: False ,out of road:True   Total T: 479039 Episode Num: 1285 Episode T: 165 Reward: 161.898 Cost: 8.000 ShieldInt: 15 ShieldDist: 7.947
arrive destination: True ,out of road:False   Total T: 479460 Episode Num: 1286 Episode T: 421 Reward: 375.513 Cost: 20.000 ShieldInt: 21 ShieldDist: 7.898
arrive destination: True ,out of road:False   Total T: 479675 Episode Num: 1287 Episode T: 215 Reward: 245.860 Cost: 0.000 ShieldInt: 7 ShieldDist: 1.037
---------------------------------------
Evaluation over 20 episodes: 0.750 Cost 15.500.             SafeRL used : use_qpsl
---------------------------------------
[34;1m
Time: 2026-07-01 21:18:10, Time spent from previous logger: 155.432 s[0m
[34;1mCustomLogger with fileds: ['total_steps', 'EpRet', 'EpCost', 'CostRate'][0m
[34;1mfieldvalues: [480000, 0.75, 15.5, 0.03980216625451303]
[0m
arrive destination: True ,out of road:False   Total T: 480541 Episode Num: 1288 Episode T: 866 Reward: 659.626 Cost: 40.000 ShieldInt: 49 ShieldDist: 43.151
arrive destination: True ,out of road:False   Total T: 480802 Episode Num: 1289 Episode T: 261 Reward: 296.004 Cost: 7.000 ShieldInt: 2 ShieldDist: 0.300
arrive destination: False ,out of road:True   Total T: 480873 Episode Num: 1290 Episode T: 71 Reward: 42.746 Cost: 1.000 ShieldInt: 1 ShieldDist: 0.150
arrive destination: True ,out of road:False   Total T: 481247 Episode Num: 1291 Episode T: 374 Reward: 414.014 Cost: 11.000 ShieldInt: 15 ShieldDist: 5.958
arrive destination: True ,out of road:False   Total T: 481629 Episode Num: 1292 Episode T: 382 Reward: 396.465 Cost: 3.000 ShieldInt: 14 ShieldDist: 8.624
arrive destination: False ,out of road:True   Total T: 481727 Episode Num: 1293 Episode T: 98 Reward: 77.097 Cost: 5.000 ShieldInt: 1 ShieldDist: 0.150
arrive destination: False ,out of road:True   Total T: 481923 Episode Num: 1294 Episode T: 196 Reward: 253.571 Cost: 1.000 ShieldInt: 5 ShieldDist: 0.734
arrive destination: False ,out of road:True   Total T: 482028 Episode Num: 1295 Episode T: 105 Reward: 73.000 Cost: 6.000 ShieldInt: 1 ShieldDist: 2.000
arrive destination: True ,out of road:False   Total T: 482495 Episode Num: 1296 Episode T: 467 Reward: 473.063 Cost: 13.000 ShieldInt: 23 ShieldDist: 8.564
arrive destination: True ,out of road:False   Total T: 483027 Episode Num: 1297 Episode T: 532 Reward: 398.490 Cost: 18.000 ShieldInt: 57 ShieldDist: 74.437
arrive destination: False ,out of road:True   Total T: 483318 Episode Num: 1298 Episode T: 291 Reward: 274.284 Cost: 8.000 ShieldInt: 25 ShieldDist: 26.312
arrive destination: True ,out of road:False   Total T: 483572 Episode Num: 1299 Episode T: 254 Reward: 295.507 Cost: 11.000 ShieldInt: 3 ShieldDist: 3.517
arrive destination: True ,out of road:False   Total T: 483783 Episode Num: 1300 Episode T: 211 Reward: 243.520 Cost: 0.000 ShieldInt: 6 ShieldDist: 0.782
arrive destination: True ,out of road:False   Total T: 484018 Episode Num: 1301 Episode T: 235 Reward: 274.224 Cost: 0.000 ShieldInt: 8 ShieldDist: 1.164
arrive destination: True ,out of road:False   Total T: 484208 Episode Num: 1302 Episode T: 190 Reward: 269.815 Cost: 0.000 ShieldInt: 5 ShieldDist: 0.731
arrive destination: True ,out of road:False   Total T: 484412 Episode Num: 1303 Episode T: 204 Reward: 269.696 Cost: 2.000 ShieldInt: 7 ShieldDist: 1.013
arrive destination: False ,out of road:True   Total T: 484506 Episode Num: 1304 Episode T: 94 Reward: 79.312 Cost: 2.000 ShieldInt: 4 ShieldDist: 0.555
arrive destination: True ,out of road:False   Total T: 484899 Episode Num: 1305 Episode T: 393 Reward: 375.555 Cost: 9.000 ShieldInt: 6 ShieldDist: 0.820
arrive destination: False ,out of road:True   Total T: 485449 Episode Num: 1306 Episode T: 550 Reward: 456.116 Cost: 34.000 ShieldInt: 46 ShieldDist: 35.466
arrive destination: True ,out of road:False   Total T: 485876 Episode Num: 1307 Episode T: 427 Reward: 336.122 Cost: 9.000 ShieldInt: 18 ShieldDist: 6.566
arrive destination: False ,out of road:False   Total T: 486876 Episode Num: 1308 Episode T: 1000 Reward: 320.029 Cost: 23.000 ShieldInt: 186 ShieldDist: 169.321
arrive destination: True ,out of road:False   Total T: 487126 Episode Num: 1309 Episode T: 250 Reward: 233.128 Cost: 5.000 ShieldInt: 7 ShieldDist: 0.947
arrive destination: False ,out of road:True   Total T: 487225 Episode Num: 1310 Episode T: 99 Reward: 77.696 Cost: 4.000 ShieldInt: 4 ShieldDist: 0.558
arrive destination: True ,out of road:False   Total T: 487649 Episode Num: 1311 Episode T: 424 Reward: 363.796 Cost: 16.000 ShieldInt: 28 ShieldDist: 37.480
arrive destination: True ,out of road:False   Total T: 488151 Episode Num: 1312 Episode T: 502 Reward: 495.396 Cost: 18.000 ShieldInt: 30 ShieldDist: 32.107
arrive destination: True ,out of road:False   Total T: 488521 Episode Num: 1313 Episode T: 370 Reward: 336.288 Cost: 7.000 ShieldInt: 11 ShieldDist: 1.606
arrive destination: True ,out of road:False   Total T: 488743 Episode Num: 1314 Episode T: 222 Reward: 285.844 Cost: 1.000 ShieldInt: 3 ShieldDist: 0.403
arrive destination: True ,out of road:False   Total T: 488990 Episode Num: 1315 Episode T: 247 Reward: 232.673 Cost: 10.000 ShieldInt: 12 ShieldDist: 6.252
arrive destination: True ,out of road:False   Total T: 489395 Episode Num: 1316 Episode T: 405 Reward: 382.615 Cost: 6.000 ShieldInt: 4 ShieldDist: 1.456
arrive destination: True ,out of road:False   Total T: 489712 Episode Num: 1317 Episode T: 317 Reward: 294.684 Cost: 2.000 ShieldInt: 21 ShieldDist: 3.071
arrive destination: False ,out of road:True   Total T: 489821 Episode Num: 1318 Episode T: 109 Reward: 91.514 Cost: 3.000 ShieldInt: 3 ShieldDist: 0.422
---------------------------------------
Evaluation over 20 episodes: 0.800 Cost 10.650.             SafeRL used : use_qpsl
---------------------------------------
[34;1m
Time: 2026-07-01 21:20:44, Time spent from previous logger: 153.124 s[0m
[34;1mCustomLogger with fileds: ['total_steps', 'EpRet', 'EpCost', 'CostRate'][0m
[34;1mfieldvalues: [490000, 0.8, 10.65, 0.039559264406662055]
[0m
arrive destination: False ,out of road:True   Total T: 490562 Episode Num: 1319 Episode T: 741 Reward: 608.025 Cost: 37.000 ShieldInt: 41 ShieldDist: 51.462
arrive destination: False ,out of road:True   Total T: 490710 Episode Num: 1320 Episode T: 148 Reward: 159.860 Cost: 1.000 ShieldInt: 7 ShieldDist: 0.975
arrive destination: True ,out of road:False   Total T: 491443 Episode Num: 1321 Episode T: 733 Reward: 505.972 Cost: 41.000 ShieldInt: 52 ShieldDist: 34.151
arrive destination: False ,out of road:True   Total T: 491627 Episode Num: 1322 Episode T: 184 Reward: 224.543 Cost: 1.000 ShieldInt: 12 ShieldDist: 1.708
arrive destination: True ,out of road:False   Total T: 492265 Episode Num: 1323 Episode T: 638 Reward: 503.039 Cost: 44.000 ShieldInt: 53 ShieldDist: 38.278
arrive destination: True ,out of road:False   Total T: 492702 Episode Num: 1324 Episode T: 437 Reward: 417.400 Cost: 30.000 ShieldInt: 30 ShieldDist: 32.307
arrive destination: True ,out of road:False   Total T: 493017 Episode Num: 1325 Episode T: 315 Reward: 287.368 Cost: 5.000 ShieldInt: 19 ShieldDist: 2.538
arrive destination: True ,out of road:False   Total T: 493538 Episode Num: 1326 Episode T: 521 Reward: 423.051 Cost: 30.000 ShieldInt: 50 ShieldDist: 68.980
arrive destination: True ,out of road:False   Total T: 493764 Episode Num: 1327 Episode T: 226 Reward: 234.318 Cost: 13.000 ShieldInt: 12 ShieldDist: 3.513
arrive destination: True ,out of road:False   Total T: 493976 Episode Num: 1328 Episode T: 212 Reward: 243.213 Cost: 0.000 ShieldInt: 7 ShieldDist: 1.034
arrive destination: True ,out of road:False   Total T: 494384 Episode Num: 1329 Episode T: 408 Reward: 375.665 Cost: 23.000 ShieldInt: 10 ShieldDist: 5.035
arrive destination: True ,out of road:False   Total T: 494633 Episode Num: 1330 Episode T: 249 Reward: 232.669 Cost: 9.000 ShieldInt: 6 ShieldDist: 0.877
arrive destination: True ,out of road:False   Total T: 494871 Episode Num: 1331 Episode T: 238 Reward: 285.548 Cost: 5.000 ShieldInt: 11 ShieldDist: 1.616
arrive destination: True ,out of road:False   Total T: 495139 Episode Num: 1332 Episode T: 268 Reward: 295.508 Cost: 3.000 ShieldInt: 12 ShieldDist: 1.744
arrive destination: False ,out of road:False   Total T: 496139 Episode Num: 1333 Episode T: 1000 Reward: 271.871 Cost: 26.000 ShieldInt: 538 ShieldDist: 971.708
arrive destination: True ,out of road:False   Total T: 496591 Episode Num: 1334 Episode T: 452 Reward: 336.382 Cost: 24.000 ShieldInt: 26 ShieldDist: 15.078
arrive destination: True ,out of road:False   Total T: 497190 Episode Num: 1335 Episode T: 599 Reward: 508.726 Cost: 26.000 ShieldInt: 32 ShieldDist: 31.815
arrive destination: True ,out of road:False   Total T: 497669 Episode Num: 1336 Episode T: 479 Reward: 470.310 Cost: 10.000 ShieldInt: 29 ShieldDist: 15.088
arrive destination: True ,out of road:False   Total T: 497904 Episode Num: 1337 Episode T: 235 Reward: 275.476 Cost: 0.000 ShieldInt: 9 ShieldDist: 1.280
arrive destination: True ,out of road:False   Total T: 498419 Episode Num: 1338 Episode T: 515 Reward: 411.851 Cost: 12.000 ShieldInt: 40 ShieldDist: 31.488
arrive destination: True ,out of road:False   Total T: 498905 Episode Num: 1339 Episode T: 486 Reward: 467.336 Cost: 5.000 ShieldInt: 36 ShieldDist: 22.059
arrive destination: False ,out of road:True   Total T: 499108 Episode Num: 1340 Episode T: 203 Reward: 170.163 Cost: 10.000 ShieldInt: 16 ShieldDist: 22.140
arrive destination: True ,out of road:False   Total T: 499479 Episode Num: 1341 Episode T: 371 Reward: 359.321 Cost: 9.000 ShieldInt: 11 ShieldDist: 12.059
---------------------------------------
Evaluation over 20 episodes: 0.850 Cost 9.450.             SafeRL used : use_qpsl
---------------------------------------
[34;1m
Time: 2026-07-01 21:23:18, Time spent from previous logger: 154.702 s[0m
[34;1mCustomLogger with fileds: ['total_steps', 'EpRet', 'EpCost', 'CostRate'][0m
[34;1mfieldvalues: [500000, 0.85, 9.45, 0.03953207906415813]
[0m
arrive destination: True ,out of road:False   Total T: 500285 Episode Num: 1342 Episode T: 806 Reward: 740.013 Cost: 34.000 ShieldInt: 10 ShieldDist: 6.217
arrive destination: True ,out of road:False   Total T: 500885 Episode Num: 1343 Episode T: 600 Reward: 496.998 Cost: 17.000 ShieldInt: 40 ShieldDist: 42.375
arrive destination: False ,out of road:True   Total T: 500990 Episode Num: 1344 Episode T: 105 Reward: 84.459 Cost: 2.000 ShieldInt: 2 ShieldDist: 0.296
arrive destination: True ,out of road:False   Total T: 501374 Episode Num: 1345 Episode T: 384 Reward: 357.362 Cost: 17.000 ShieldInt: 31 ShieldDist: 28.951
arrive destination: True ,out of road:False   Total T: 501636 Episode Num: 1346 Episode T: 262 Reward: 232.746 Cost: 9.000 ShieldInt: 6 ShieldDist: 5.270
arrive destination: False ,out of road:True   Total T: 501790 Episode Num: 1347 Episode T: 154 Reward: 154.643 Cost: 4.000 ShieldInt: 3 ShieldDist: 2.238
arrive destination: True ,out of road:False   Total T: 502250 Episode Num: 1348 Episode T: 460 Reward: 335.967 Cost: 15.000 ShieldInt: 32 ShieldDist: 26.127
arrive destination: True ,out of road:False   Total T: 502469 Episode Num: 1349 Episode T: 219 Reward: 245.233 Cost: 0.000 ShieldInt: 7 ShieldDist: 0.987
arrive destination: True ,out of road:False   Total T: 502798 Episode Num: 1350 Episode T: 329 Reward: 394.158 Cost: 0.000 ShieldInt: 8 ShieldDist: 1.182
arrive destination: True ,out of road:False   Total T: 503068 Episode Num: 1351 Episode T: 270 Reward: 230.394 Cost: 7.000 ShieldInt: 19 ShieldDist: 23.163
arrive destination: True ,out of road:False   Total T: 503317 Episode Num: 1352 Episode T: 249 Reward: 233.076 Cost: 7.000 ShieldInt: 12 ShieldDist: 3.269
arrive destination: False ,out of road:True   Total T: 503411 Episode Num: 1353 Episode T: 94 Reward: 80.316 Cost: 2.000 ShieldInt: 0 ShieldDist: 0.000
arrive destination: True ,out of road:False   Total T: 503748 Episode Num: 1354 Episode T: 337 Reward: 394.480 Cost: 0.000 ShieldInt: 10 ShieldDist: 1.466
arrive destination: False ,out of road:True   Total T: 504035 Episode Num: 1355 Episode T: 287 Reward: 245.301 Cost: 20.000 ShieldInt: 5 ShieldDist: 2.587
arrive destination: True ,out of road:False   Total T: 504426 Episode Num: 1356 Episode T: 391 Reward: 402.981 Cost: 12.000 ShieldInt: 15 ShieldDist: 17.925
arrive destination: True ,out of road:False   Total T: 504728 Episode Num: 1357 Episode T: 302 Reward: 289.001 Cost: 15.000 ShieldInt: 23 ShieldDist: 28.108
arrive destination: True ,out of road:False   Total T: 504945 Episode Num: 1358 Episode T: 217 Reward: 242.796 Cost: 0.000 ShieldInt: 10 ShieldDist: 1.372
arrive destination: True ,out of road:False   Total T: 505469 Episode Num: 1359 Episode T: 524 Reward: 420.960 Cost: 39.000 ShieldInt: 25 ShieldDist: 19.950
arrive destination: False ,out of road:False   Total T: 506469 Episode Num: 1360 Episode T: 1000 Reward: 268.564 Cost: 26.000 ShieldInt: 644 ShieldDist: 1179.048
arrive destination: True ,out of road:False   Total T: 506769 Episode Num: 1361 Episode T: 300 Reward: 354.628 Cost: 3.000 ShieldInt: 7 ShieldDist: 0.970
arrive destination: False ,out of road:True   Total T: 506889 Episode Num: 1362 Episode T: 120 Reward: 111.380 Cost: 4.000 ShieldInt: 4 ShieldDist: 0.597
arrive destination: True ,out of road:False   Total T: 507122 Episode Num: 1363 Episode T: 233 Reward: 232.084 Cost: 4.000 ShieldInt: 14 ShieldDist: 4.958
arrive destination: True ,out of road:False   Total T: 507640 Episode Num: 1364 Episode T: 518 Reward: 476.794 Cost: 9.000 ShieldInt: 29 ShieldDist: 26.184
arrive destination: False ,out of road:False   Total T: 508640 Episode Num: 1365 Episode T: 1000 Reward: 126.479 Cost: 13.000 ShieldInt: 794 ShieldDist: 1525.327
arrive destination: True ,out of road:False   Total T: 508867 Episode Num: 1366 Episode T: 227 Reward: 245.522 Cost: 0.000 ShieldInt: 4 ShieldDist: 0.600
arrive destination: True ,out of road:False   Total T: 509379 Episode Num: 1367 Episode T: 512 Reward: 495.526 Cost: 29.000 ShieldInt: 24 ShieldDist: 15.637
arrive destination: True ,out of road:False   Total T: 509745 Episode Num: 1368 Episode T: 366 Reward: 362.491 Cost: 19.000 ShieldInt: 14 ShieldDist: 4.531
---------------------------------------
Evaluation over 20 episodes: 0.700 Cost 11.400.             SafeRL used : use_qpsl
---------------------------------------
[34;1m
Time: 2026-07-01 21:25:51, Time spent from previous logger: 152.957 s[0m
[34;1mCustomLogger with fileds: ['total_steps', 'EpRet', 'EpCost', 'CostRate'][0m
[34;1mfieldvalues: [510000, 0.7, 11.4, 0.039307920211608255]
[0m
arrive destination: True ,out of road:False   Total T: 510381 Episode Num: 1369 Episode T: 636 Reward: 697.438 Cost: 1.000 ShieldInt: 17 ShieldDist: 24.348
arrive destination: True ,out of road:False   Total T: 510583 Episode Num: 1370 Episode T: 202 Reward: 269.800 Cost: 6.000 ShieldInt: 2 ShieldDist: 0.284
arrive destination: True ,out of road:False   Total T: 510808 Episode Num: 1371 Episode T: 225 Reward: 244.567 Cost: 0.000 ShieldInt: 17 ShieldDist: 2.444
arrive destination: True ,out of road:False   Total T: 511314 Episode Num: 1372 Episode T: 506 Reward: 335.901 Cost: 23.000 ShieldInt: 22 ShieldDist: 11.044
arrive destination: False ,out of road:True   Total T: 511413 Episode Num: 1373 Episode T: 99 Reward: 79.413 Cost: 3.000 ShieldInt: 1 ShieldDist: 0.150
arrive destination: False ,out of road:True   Total T: 512079 Episode Num: 1374 Episode T: 666 Reward: 398.760 Cost: 38.000 ShieldInt: 73 ShieldDist: 78.515
arrive destination: True ,out of road:False   Total T: 512275 Episode Num: 1375 Episode T: 196 Reward: 268.876 Cost: 3.000 ShieldInt: 8 ShieldDist: 1.199
arrive destination: True ,out of road:False   Total T: 512655 Episode Num: 1376 Episode T: 380 Reward: 378.778 Cost: 27.000 ShieldInt: 30 ShieldDist: 24.917
arrive destination: False ,out of road:True   Total T: 513192 Episode Num: 1377 Episode T: 537 Reward: 470.688 Cost: 23.000 ShieldInt: 54 ShieldDist: 43.151
arrive destination: True ,out of road:False   Total T: 513472 Episode Num: 1378 Episode T: 280 Reward: 288.389 Cost: 8.000 ShieldInt: 12 ShieldDist: 1.675
arrive destination: True ,out of road:False   Total T: 513707 Episode Num: 1379 Episode T: 235 Reward: 275.298 Cost: 0.000 ShieldInt: 17 ShieldDist: 2.392
arrive destination: True ,out of road:False   Total T: 514020 Episode Num: 1380 Episode T: 313 Reward: 265.965 Cost: 9.000 ShieldInt: 9 ShieldDist: 1.286
arrive destination: True ,out of road:False   Total T: 514275 Episode Num: 1381 Episode T: 255 Reward: 271.131 Cost: 4.000 ShieldInt: 2 ShieldDist: 0.252
arrive destination: True ,out of road:False   Total T: 514626 Episode Num: 1382 Episode T: 351 Reward: 398.677 Cost: 0.000 ShieldInt: 18 ShieldDist: 2.642
arrive destination: True ,out of road:False   Total T: 514881 Episode Num: 1383 Episode T: 255 Reward: 285.737 Cost: 6.000 ShieldInt: 5 ShieldDist: 2.518
arrive destination: True ,out of road:False   Total T: 515384 Episode Num: 1384 Episode T: 503 Reward: 415.140 Cost: 20.000 ShieldInt: 13 ShieldDist: 7.201
arrive destination: True ,out of road:False   Total T: 515672 Episode Num: 1385 Episode T: 288 Reward: 357.913 Cost: 2.000 ShieldInt: 7 ShieldDist: 0.950
arrive destination: True ,out of road:False   Total T: 516001 Episode Num: 1386 Episode T: 329 Reward: 374.909 Cost: 11.000 ShieldInt: 19 ShieldDist: 6.708
arrive destination: True ,out of road:False   Total T: 516239 Episode Num: 1387 Episode T: 238 Reward: 285.191 Cost: 10.000 ShieldInt: 7 ShieldDist: 4.094
arrive destination: False ,out of road:True   Total T: 516340 Episode Num: 1388 Episode T: 101 Reward: 70.669 Cost: 3.000 ShieldInt: 0 ShieldDist: 0.000
arrive destination: True ,out of road:False   Total T: 516597 Episode Num: 1389 Episode T: 257 Reward: 235.200 Cost: 6.000 ShieldInt: 11 ShieldDist: 3.421
arrive destination: True ,out of road:False   Total T: 516935 Episode Num: 1390 Episode T: 338 Reward: 267.479 Cost: 24.000 ShieldInt: 36 ShieldDist: 35.156
arrive destination: True ,out of road:False   Total T: 517208 Episode Num: 1391 Episode T: 273 Reward: 287.423 Cost: 2.000 ShieldInt: 11 ShieldDist: 1.545
arrive destination: True ,out of road:False   Total T: 517797 Episode Num: 1392 Episode T: 589 Reward: 502.539 Cost: 29.000 ShieldInt: 38 ShieldDist: 25.720
arrive destination: True ,out of road:False   Total T: 518059 Episode Num: 1393 Episode T: 262 Reward: 233.669 Cost: 14.000 ShieldInt: 10 ShieldDist: 1.419
arrive destination: True ,out of road:False   Total T: 518704 Episode Num: 1394 Episode T: 645 Reward: 502.509 Cost: 18.000 ShieldInt: 55 ShieldDist: 65.250
arrive destination: True ,out of road:False   Total T: 518956 Episode Num: 1395 Episode T: 252 Reward: 230.114 Cost: 12.000 ShieldInt: 9 ShieldDist: 1.280
arrive destination: True ,out of road:False   Total T: 519212 Episode Num: 1396 Episode T: 256 Reward: 233.071 Cost: 2.000 ShieldInt: 10 ShieldDist: 1.464
arrive destination: True ,out of road:False   Total T: 519502 Episode Num: 1397 Episode T: 290 Reward: 294.425 Cost: 14.000 ShieldInt: 21 ShieldDist: 6.721
arrive destination: True ,out of road:False   Total T: 519736 Episode Num: 1398 Episode T: 234 Reward: 274.778 Cost: 0.000 ShieldInt: 11 ShieldDist: 1.569
arrive destination: True ,out of road:False   Total T: 519948 Episode Num: 1399 Episode T: 212 Reward: 245.532 Cost: 0.000 ShieldInt: 9 ShieldDist: 1.266
---------------------------------------
Evaluation over 20 episodes: 0.850 Cost 10.500.             SafeRL used : use_qpsl
---------------------------------------
[34;1m
Time: 2026-07-01 21:28:31, Time spent from previous logger: 159.887 s[0m
[34;1mCustomLogger with fileds: ['total_steps', 'EpRet', 'EpCost', 'CostRate'][0m
[34;1mfieldvalues: [520000, 0.85, 10.5, 0.03916353685295549]
[0m
arrive destination: True ,out of road:False   Total T: 520279 Episode Num: 1400 Episode T: 331 Reward: 319.805 Cost: 4.000 ShieldInt: 0 ShieldDist: 0.000
arrive destination: True ,out of road:False   Total T: 520620 Episode Num: 1401 Episode T: 341 Reward: 267.303 Cost: 3.000 ShieldInt: 9 ShieldDist: 1.263
arrive destination: False ,out of road:True   Total T: 520740 Episode Num: 1402 Episode T: 120 Reward: 111.848 Cost: 1.000 ShieldInt: 3 ShieldDist: 0.450
arrive destination: True ,out of road:False   Total T: 521170 Episode Num: 1403 Episode T: 430 Reward: 408.857 Cost: 8.000 ShieldInt: 40 ShieldDist: 35.960
arrive destination: True ,out of road:False   Total T: 521487 Episode Num: 1404 Episode T: 317 Reward: 390.519 Cost: 0.000 ShieldInt: 16 ShieldDist: 2.353
arrive destination: True ,out of road:False   Total T: 521880 Episode Num: 1405 Episode T: 393 Reward: 335.862 Cost: 13.000 ShieldInt: 20 ShieldDist: 10.646
arrive destination: True ,out of road:False   Total T: 522117 Episode Num: 1406 Episode T: 237 Reward: 274.637 Cost: 0.000 ShieldInt: 6 ShieldDist: 0.859
arrive destination: True ,out of road:False   Total T: 522515 Episode Num: 1407 Episode T: 398 Reward: 410.901 Cost: 12.000 ShieldInt: 26 ShieldDist: 28.158
arrive destination: True ,out of road:False   Total T: 522777 Episode Num: 1408 Episode T: 262 Reward: 270.709 Cost: 6.000 ShieldInt: 21 ShieldDist: 8.442
arrive destination: False ,out of road:True   Total T: 522878 Episode Num: 1409 Episode T: 101 Reward: 77.484 Cost: 4.000 ShieldInt: 0 ShieldDist: 0.000
arrive destination: True ,out of road:False   Total T: 523121 Episode Num: 1410 Episode T: 243 Reward: 267.702 Cost: 3.000 ShieldInt: 17 ShieldDist: 16.474
arrive destination: True ,out of road:False   Total T: 523421 Episode Num: 1411 Episode T: 300 Reward: 269.562 Cost: 16.000 ShieldInt: 36 ShieldDist: 17.177
arrive destination: True ,out of road:False   Total T: 523713 Episode Num: 1412 Episode T: 292 Reward: 294.536 Cost: 6.000 ShieldInt: 9 ShieldDist: 2.298
arrive destination: True ,out of road:False   Total T: 524195 Episode Num: 1413 Episode T: 482 Reward: 420.313 Cost: 20.000 ShieldInt: 34 ShieldDist: 35.373
arrive destination: True ,out of road:False   Total T: 524610 Episode Num: 1414 Episode T: 415 Reward: 364.628 Cost: 14.000 ShieldInt: 40 ShieldDist: 31.842
arrive destination: True ,out of road:False   Total T: 525009 Episode Num: 1415 Episode T: 399 Reward: 336.152 Cost: 14.000 ShieldInt: 12 ShieldDist: 1.704
arrive destination: True ,out of road:False   Total T: 525238 Episode Num: 1416 Episode T: 229 Reward: 295.669 Cost: 0.000 ShieldInt: 16 ShieldDist: 8.535
arrive destination: True ,out of road:False   Total T: 525668 Episode Num: 1417 Episode T: 430 Reward: 336.145 Cost: 9.000 ShieldInt: 20 ShieldDist: 19.465
arrive destination: True ,out of road:False   Total T: 526131 Episode Num: 1418 Episode T: 463 Reward: 471.762 Cost: 6.000 ShieldInt: 22 ShieldDist: 12.157
arrive destination: True ,out of road:False   Total T: 526470 Episode Num: 1419 Episode T: 339 Reward: 294.543 Cost: 8.000 ShieldInt: 16 ShieldDist: 5.849
arrive destination: True ,out of road:False   Total T: 527120 Episode Num: 1420 Episode T: 650 Reward: 499.902 Cost: 35.000 ShieldInt: 70 ShieldDist: 84.165
arrive destination: True ,out of road:False   Total T: 527461 Episode Num: 1421 Episode T: 341 Reward: 396.996 Cost: 0.000 ShieldInt: 12 ShieldDist: 1.737
arrive destination: False ,out of road:True   Total T: 527644 Episode Num: 1422 Episode T: 183 Reward: 178.367 Cost: 1.000 ShieldInt: 1 ShieldDist: 0.150
arrive destination: True ,out of road:False   Total T: 527865 Episode Num: 1423 Episode T: 221 Reward: 285.876 Cost: 0.000 ShieldInt: 5 ShieldDist: 0.733
arrive destination: True ,out of road:False   Total T: 528349 Episode Num: 1424 Episode T: 484 Reward: 411.956 Cost: 15.000 ShieldInt: 21 ShieldDist: 8.442
arrive destination: True ,out of road:False   Total T: 528912 Episode Num: 1425 Episode T: 563 Reward: 496.277 Cost: 26.000 ShieldInt: 63 ShieldDist: 77.405
arrive destination: False ,out of road:True   Total T: 529300 Episode Num: 1426 Episode T: 388 Reward: 311.160 Cost: 30.000 ShieldInt: 29 ShieldDist: 27.704
arrive destination: True ,out of road:False   Total T: 529637 Episode Num: 1427 Episode T: 337 Reward: 396.477 Cost: 0.000 ShieldInt: 11 ShieldDist: 1.576
---------------------------------------
Evaluation over 20 episodes: 0.600 Cost 10.100.             SafeRL used : use_qpsl
---------------------------------------
[34;1m
Time: 2026-07-01 21:31:07, Time spent from previous logger: 156.372 s[0m
[34;1mCustomLogger with fileds: ['total_steps', 'EpRet', 'EpCost', 'CostRate'][0m
[34;1mfieldvalues: [530000, 0.6, 10.1, 0.03896422446080087]
[0m
arrive destination: True ,out of road:False   Total T: 530306 Episode Num: 1428 Episode T: 669 Reward: 617.927 Cost: 44.000 ShieldInt: 17 ShieldDist: 18.699
arrive destination: False ,out of road:True   Total T: 530472 Episode Num: 1429 Episode T: 166 Reward: 160.566 Cost: 1.000 ShieldInt: 0 ShieldDist: 0.000
arrive destination: False ,out of road:True   Total T: 530767 Episode Num: 1430 Episode T: 295 Reward: 266.134 Cost: 7.000 ShieldInt: 5 ShieldDist: 0.708
arrive destination: True ,out of road:False   Total T: 531292 Episode Num: 1431 Episode T: 525 Reward: 415.093 Cost: 29.000 ShieldInt: 28 ShieldDist: 29.667
arrive destination: True ,out of road:False   Total T: 531656 Episode Num: 1432 Episode T: 364 Reward: 376.508 Cost: 8.000 ShieldInt: 21 ShieldDist: 14.915
arrive destination: True ,out of road:False   Total T: 532061 Episode Num: 1433 Episode T: 405 Reward: 426.846 Cost: 21.000 ShieldInt: 35 ShieldDist: 39.727
arrive destination: True ,out of road:False   Total T: 532833 Episode Num: 1434 Episode T: 772 Reward: 516.907 Cost: 40.000 ShieldInt: 82 ShieldDist: 115.673
arrive destination: True ,out of road:False   Total T: 533275 Episode Num: 1435 Episode T: 442 Reward: 411.662 Cost: 6.000 ShieldInt: 14 ShieldDist: 1.967
arrive destination: True ,out of road:False   Total T: 533721 Episode Num: 1436 Episode T: 446 Reward: 506.330 Cost: 10.000 ShieldInt: 29 ShieldDist: 23.533
arrive destination: True ,out of road:False   Total T: 534194 Episode Num: 1437 Episode T: 473 Reward: 469.588 Cost: 4.000 ShieldInt: 27 ShieldDist: 23.850
arrive destination: True ,out of road:False   Total T: 534514 Episode Num: 1438 Episode T: 320 Reward: 294.212 Cost: 12.000 ShieldInt: 23 ShieldDist: 33.367
arrive destination: True ,out of road:False   Total T: 535019 Episode Num: 1439 Episode T: 505 Reward: 471.666 Cost: 9.000 ShieldInt: 28 ShieldDist: 29.872
arrive destination: True ,out of road:False   Total T: 535528 Episode Num: 1440 Episode T: 509 Reward: 495.690 Cost: 36.000 ShieldInt: 44 ShieldDist: 37.109
arrive destination: True ,out of road:False   Total T: 535772 Episode Num: 1441 Episode T: 244 Reward: 265.046 Cost: 3.000 ShieldInt: 6 ShieldDist: 0.853
arrive destination: True ,out of road:False   Total T: 535980 Episode Num: 1442 Episode T: 208 Reward: 242.738 Cost: 0.000 ShieldInt: 9 ShieldDist: 1.273
arrive destination: True ,out of road:False   Total T: 536207 Episode Num: 1443 Episode T: 227 Reward: 286.583 Cost: 0.000 ShieldInt: 11 ShieldDist: 1.577
arrive destination: True ,out of road:False   Total T: 536543 Episode Num: 1444 Episode T: 336 Reward: 398.132 Cost: 0.000 ShieldInt: 13 ShieldDist: 1.880
arrive destination: True ,out of road:False   Total T: 536956 Episode Num: 1445 Episode T: 413 Reward: 400.910 Cost: 20.000 ShieldInt: 26 ShieldDist: 17.200
arrive destination: True ,out of road:False   Total T: 537150 Episode Num: 1446 Episode T: 194 Reward: 270.072 Cost: 4.000 ShieldInt: 5 ShieldDist: 0.717
arrive destination: True ,out of road:False   Total T: 537332 Episode Num: 1447 Episode T: 182 Reward: 269.592 Cost: 0.000 ShieldInt: 2 ShieldDist: 0.257
arrive destination: True ,out of road:False   Total T: 537547 Episode Num: 1448 Episode T: 215 Reward: 244.764 Cost: 0.000 ShieldInt: 4 ShieldDist: 0.561
arrive destination: True ,out of road:False   Total T: 537764 Episode Num: 1449 Episode T: 217 Reward: 243.356 Cost: 0.000 ShieldInt: 10 ShieldDist: 1.417
arrive destination: True ,out of road:False   Total T: 537996 Episode Num: 1450 Episode T: 232 Reward: 274.537 Cost: 0.000 ShieldInt: 9 ShieldDist: 1.307
arrive destination: True ,out of road:False   Total T: 538206 Episode Num: 1451 Episode T: 210 Reward: 245.559 Cost: 0.000 ShieldInt: 12 ShieldDist: 1.683
arrive destination: True ,out of road:False   Total T: 538721 Episode Num: 1452 Episode T: 515 Reward: 510.177 Cost: 28.000 ShieldInt: 12 ShieldDist: 3.702
arrive destination: True ,out of road:False   Total T: 539347 Episode Num: 1453 Episode T: 626 Reward: 510.099 Cost: 43.000 ShieldInt: 58 ShieldDist: 56.350
arrive destination: True ,out of road:False   Total T: 539789 Episode Num: 1454 Episode T: 442 Reward: 471.514 Cost: 2.000 ShieldInt: 13 ShieldDist: 9.795
---------------------------------------
Evaluation over 20 episodes: 0.850 Cost 8.800.             SafeRL used : use_qpsl
---------------------------------------
[34;1m
Time: 2026-07-01 21:33:50, Time spent from previous logger: 162.264 s[0m
[34;1mCustomLogger with fileds: ['total_steps', 'EpRet', 'EpCost', 'CostRate'][0m
[34;1mfieldvalues: [540000, 0.85, 8.8, 0.03879266443086006]
[0m
arrive destination: True ,out of road:False   Total T: 540187 Episode Num: 1455 Episode T: 398 Reward: 476.916 Cost: 5.000 ShieldInt: 8 ShieldDist: 1.206
arrive destination: True ,out of road:False   Total T: 540430 Episode Num: 1456 Episode T: 243 Reward: 267.757 Cost: 3.000 ShieldInt: 1 ShieldDist: 0.128
arrive destination: True ,out of road:False   Total T: 540652 Episode Num: 1457 Episode T: 222 Reward: 286.079 Cost: 0.000 ShieldInt: 13 ShieldDist: 1.828
arrive destination: True ,out of road:False   Total T: 541065 Episode Num: 1458 Episode T: 413 Reward: 374.404 Cost: 36.000 ShieldInt: 26 ShieldDist: 10.140
arrive destination: False ,out of road:True   Total T: 541505 Episode Num: 1459 Episode T: 440 Reward: 469.341 Cost: 18.000 ShieldInt: 13 ShieldDist: 8.737
arrive destination: True ,out of road:False   Total T: 541877 Episode Num: 1460 Episode T: 372 Reward: 374.647 Cost: 12.000 ShieldInt: 17 ShieldDist: 7.724
arrive destination: True ,out of road:False   Total T: 542210 Episode Num: 1461 Episode T: 333 Reward: 398.058 Cost: 0.000 ShieldInt: 15 ShieldDist: 2.141
arrive destination: True ,out of road:False   Total T: 542684 Episode Num: 1462 Episode T: 474 Reward: 368.250 Cost: 13.000 ShieldInt: 46 ShieldDist: 41.034
arrive destination: True ,out of road:False   Total T: 542913 Episode Num: 1463 Episode T: 229 Reward: 283.312 Cost: 2.000 ShieldInt: 5 ShieldDist: 0.657
arrive destination: False ,out of road:True   Total T: 543233 Episode Num: 1464 Episode T: 320 Reward: 307.056 Cost: 22.000 ShieldInt: 21 ShieldDist: 21.342
arrive destination: True ,out of road:False   Total T: 543753 Episode Num: 1465 Episode T: 520 Reward: 413.015 Cost: 19.000 ShieldInt: 37 ShieldDist: 29.127
arrive destination: True ,out of road:False   Total T: 544213 Episode Num: 1466 Episode T: 460 Reward: 471.632 Cost: 7.000 ShieldInt: 26 ShieldDist: 21.778
arrive destination: False ,out of road:True   Total T: 544342 Episode Num: 1467 Episode T: 129 Reward: 117.293 Cost: 1.000 ShieldInt: 4 ShieldDist: 0.576
arrive destination: True ,out of road:False   Total T: 544729 Episode Num: 1468 Episode T: 387 Reward: 335.647 Cost: 18.000 ShieldInt: 14 ShieldDist: 7.178
arrive destination: False ,out of road:True   Total T: 544830 Episode Num: 1469 Episode T: 101 Reward: 88.971 Cost: 3.000 ShieldInt: 3 ShieldDist: 0.409
arrive destination: True ,out of road:False   Total T: 545093 Episode Num: 1470 Episode T: 263 Reward: 268.901 Cost: 10.000 ShieldInt: 8 ShieldDist: 9.798
arrive destination: True ,out of road:False   Total T: 545375 Episode Num: 1471 Episode T: 282 Reward: 295.621 Cost: 9.000 ShieldInt: 8 ShieldDist: 4.267
arrive destination: True ,out of road:False   Total T: 545629 Episode Num: 1472 Episode T: 254 Reward: 233.070 Cost: 5.000 ShieldInt: 17 ShieldDist: 13.198
arrive destination: False ,out of road:True   Total T: 545915 Episode Num: 1473 Episode T: 286 Reward: 256.146 Cost: 6.000 ShieldInt: 8 ShieldDist: 1.118
arrive destination: True ,out of road:False   Total T: 546506 Episode Num: 1474 Episode T: 591 Reward: 491.779 Cost: 55.000 ShieldInt: 28 ShieldDist: 22.238
arrive destination: True ,out of road:False   Total T: 546917 Episode Num: 1475 Episode T: 411 Reward: 397.394 Cost: 15.000 ShieldInt: 20 ShieldDist: 18.544
arrive destination: True ,out of road:False   Total T: 547113 Episode Num: 1476 Episode T: 196 Reward: 234.391 Cost: 6.000 ShieldInt: 10 ShieldDist: 1.484
arrive destination: False ,out of road:False   Total T: 548113 Episode Num: 1477 Episode T: 1000 Reward: 275.968 Cost: 19.000 ShieldInt: 20 ShieldDist: 11.804
arrive destination: True ,out of road:False   Total T: 548345 Episode Num: 1478 Episode T: 232 Reward: 286.139 Cost: 3.000 ShieldInt: 11 ShieldDist: 1.630
arrive destination: False ,out of road:False   Total T: 549345 Episode Num: 1479 Episode T: 1000 Reward: 127.862 Cost: 20.000 ShieldInt: 788 ShieldDist: 1458.297
arrive destination: True ,out of road:False   Total T: 549695 Episode Num: 1480 Episode T: 350 Reward: 294.038 Cost: 22.000 ShieldInt: 42 ShieldDist: 33.674
---------------------------------------
Evaluation over 20 episodes: 0.900 Cost 7.050.             SafeRL used : use_qpsl
---------------------------------------
[34;1m
Time: 2026-07-01 21:36:16, Time spent from previous logger: 146.588 s[0m
[34;1mCustomLogger with fileds: ['total_steps', 'EpRet', 'EpCost', 'CostRate'][0m
[34;1mfieldvalues: [550000, 0.9, 7.05, 0.0386927976232684]
[0m
arrive destination: True ,out of road:False   Total T: 550299 Episode Num: 1481 Episode T: 604 Reward: 673.442 Cost: 13.000 ShieldInt: 9 ShieldDist: 7.017
arrive destination: True ,out of road:False   Total T: 550608 Episode Num: 1482 Episode T: 309 Reward: 352.256 Cost: 9.000 ShieldInt: 22 ShieldDist: 16.044
arrive destination: True ,out of road:False   Total T: 551203 Episode Num: 1483 Episode T: 595 Reward: 506.055 Cost: 22.000 ShieldInt: 35 ShieldDist: 34.132
arrive destination: True ,out of road:False   Total T: 551720 Episode Num: 1484 Episode T: 517 Reward: 417.364 Cost: 19.000 ShieldInt: 36 ShieldDist: 31.539
arrive destination: True ,out of road:False   Total T: 552269 Episode Num: 1485 Episode T: 549 Reward: 336.010 Cost: 27.000 ShieldInt: 15 ShieldDist: 8.428
arrive destination: True ,out of road:False   Total T: 552496 Episode Num: 1486 Episode T: 227 Reward: 273.012 Cost: 0.000 ShieldInt: 7 ShieldDist: 0.985
arrive destination: True ,out of road:False   Total T: 552748 Episode Num: 1487 Episode T: 252 Reward: 268.917 Cost: 3.000 ShieldInt: 7 ShieldDist: 1.006
arrive destination: True ,out of road:False   Total T: 553255 Episode Num: 1488 Episode T: 507 Reward: 507.693 Cost: 32.000 ShieldInt: 32 ShieldDist: 26.576
arrive destination: True ,out of road:False   Total T: 553553 Episode Num: 1489 Episode T: 298 Reward: 265.773 Cost: 15.000 ShieldInt: 21 ShieldDist: 24.683
arrive destination: True ,out of road:False   Total T: 554048 Episode Num: 1490 Episode T: 495 Reward: 378.089 Cost: 34.000 ShieldInt: 38 ShieldDist: 27.077
arrive destination: True ,out of road:False   Total T: 554536 Episode Num: 1491 Episode T: 488 Reward: 414.295 Cost: 27.000 ShieldInt: 15 ShieldDist: 4.019
arrive destination: True ,out of road:False   Total T: 555008 Episode Num: 1492 Episode T: 472 Reward: 473.334 Cost: 8.000 ShieldInt: 27 ShieldDist: 21.535
arrive destination: True ,out of road:False   Total T: 555236 Episode Num: 1493 Episode T: 228 Reward: 230.166 Cost: 3.000 ShieldInt: 10 ShieldDist: 1.422
arrive destination: True ,out of road:False   Total T: 555579 Episode Num: 1494 Episode T: 343 Reward: 335.430 Cost: 1.000 ShieldInt: 11 ShieldDist: 1.481
arrive destination: True ,out of road:False   Total T: 556190 Episode Num: 1495 Episode T: 611 Reward: 416.698 Cost: 36.000 ShieldInt: 53 ShieldDist: 65.920
arrive destination: True ,out of road:False   Total T: 556605 Episode Num: 1496 Episode T: 415 Reward: 371.247 Cost: 8.000 ShieldInt: 29 ShieldDist: 28.329
arrive destination: False ,out of road:True   Total T: 557064 Episode Num: 1497 Episode T: 459 Reward: 449.999 Cost: 27.000 ShieldInt: 33 ShieldDist: 23.790
arrive destination: True ,out of road:False   Total T: 557469 Episode Num: 1498 Episode T: 405 Reward: 365.730 Cost: 23.000 ShieldInt: 42 ShieldDist: 35.497
arrive destination: True ,out of road:False   Total T: 557926 Episode Num: 1499 Episode T: 457 Reward: 411.661 Cost: 33.000 ShieldInt: 21 ShieldDist: 9.756
arrive destination: True ,out of road:False   Total T: 558140 Episode Num: 1500 Episode T: 214 Reward: 244.421 Cost: 0.000 ShieldInt: 9 ShieldDist: 1.264
arrive destination: True ,out of road:False   Total T: 558389 Episode Num: 1501 Episode T: 249 Reward: 232.983 Cost: 4.000 ShieldInt: 8 ShieldDist: 1.166
arrive destination: True ,out of road:False   Total T: 558675 Episode Num: 1502 Episode T: 286 Reward: 267.324 Cost: 5.000 ShieldInt: 17 ShieldDist: 13.436
arrive destination: True ,out of road:False   Total T: 558912 Episode Num: 1503 Episode T: 237 Reward: 265.276 Cost: 4.000 ShieldInt: 3 ShieldDist: 0.414
arrive destination: True ,out of road:False   Total T: 559110 Episode Num: 1504 Episode T: 198 Reward: 269.191 Cost: 4.000 ShieldInt: 2 ShieldDist: 0.256
arrive destination: True ,out of road:False   Total T: 559760 Episode Num: 1505 Episode T: 650 Reward: 422.116 Cost: 50.000 ShieldInt: 61 ShieldDist: 53.438
---------------------------------------
Evaluation over 20 episodes: 0.700 Cost 9.200.             SafeRL used : use_qpsl
---------------------------------------
[34;1m
Time: 2026-07-01 21:38:46, Time spent from previous logger: 149.632 s[0m
[34;1mCustomLogger with fileds: ['total_steps', 'EpRet', 'EpCost', 'CostRate'][0m
[34;1mfieldvalues: [560000, 0.7, 9.2, 0.03872328343443471]
[0m
arrive destination: True ,out of road:False   Total T: 560567 Episode Num: 1506 Episode T: 807 Reward: 746.786 Cost: 34.000 ShieldInt: 21 ShieldDist: 16.776
arrive destination: True ,out of road:False   Total T: 560784 Episode Num: 1507 Episode T: 217 Reward: 286.296 Cost: 0.000 ShieldInt: 8 ShieldDist: 1.136
arrive destination: True ,out of road:False   Total T: 561089 Episode Num: 1508 Episode T: 305 Reward: 267.195 Cost: 13.000 ShieldInt: 22 ShieldDist: 15.400
arrive destination: True ,out of road:False   Total T: 561323 Episode Num: 1509 Episode T: 234 Reward: 274.491 Cost: 0.000 ShieldInt: 8 ShieldDist: 1.142
arrive destination: True ,out of road:False   Total T: 561632 Episode Num: 1510 Episode T: 309 Reward: 267.545 Cost: 6.000 ShieldInt: 4 ShieldDist: 2.450
arrive destination: True ,out of road:False   Total T: 562277 Episode Num: 1511 Episode T: 645 Reward: 493.414 Cost: 34.000 ShieldInt: 29 ShieldDist: 21.975
arrive destination: False ,out of road:True   Total T: 562451 Episode Num: 1512 Episode T: 174 Reward: 163.206 Cost: 7.000 ShieldInt: 6 ShieldDist: 7.494
arrive destination: True ,out of road:False   Total T: 562704 Episode Num: 1513 Episode T: 253 Reward: 295.863 Cost: 8.000 ShieldInt: 7 ShieldDist: 6.363
arrive destination: True ,out of road:False   Total T: 562936 Episode Num: 1514 Episode T: 232 Reward: 273.264 Cost: 0.000 ShieldInt: 11 ShieldDist: 1.557
arrive destination: True ,out of road:False   Total T: 563139 Episode Num: 1515 Episode T: 203 Reward: 242.191 Cost: 0.000 ShieldInt: 7 ShieldDist: 0.924
arrive destination: False ,out of road:True   Total T: 563647 Episode Num: 1516 Episode T: 508 Reward: 441.297 Cost: 29.000 ShieldInt: 18 ShieldDist: 16.856
arrive destination: True ,out of road:False   Total T: 563992 Episode Num: 1517 Episode T: 345 Reward: 397.261 Cost: 0.000 ShieldInt: 22 ShieldDist: 3.217
arrive destination: False ,out of road:True   Total T: 564210 Episode Num: 1518 Episode T: 218 Reward: 260.128 Cost: 2.000 ShieldInt: 4 ShieldDist: 0.563
arrive destination: True ,out of road:False   Total T: 564637 Episode Num: 1519 Episode T: 427 Reward: 421.030 Cost: 13.000 ShieldInt: 19 ShieldDist: 2.700
arrive destination: True ,out of road:False   Total T: 564982 Episode Num: 1520 Episode T: 345 Reward: 392.567 Cost: 0.000 ShieldInt: 6 ShieldDist: 0.820
arrive destination: True ,out of road:False   Total T: 565451 Episode Num: 1521 Episode T: 469 Reward: 493.858 Cost: 31.000 ShieldInt: 19 ShieldDist: 9.731
arrive destination: True ,out of road:False   Total T: 565755 Episode Num: 1522 Episode T: 304 Reward: 295.586 Cost: 14.000 ShieldInt: 5 ShieldDist: 0.706
arrive destination: True ,out of road:False   Total T: 566010 Episode Num: 1523 Episode T: 255 Reward: 295.868 Cost: 13.000 ShieldInt: 4 ShieldDist: 0.577
arrive destination: True ,out of road:False   Total T: 566348 Episode Num: 1524 Episode T: 338 Reward: 396.932 Cost: 0.000 ShieldInt: 9 ShieldDist: 1.294
arrive destination: True ,out of road:False   Total T: 566761 Episode Num: 1525 Episode T: 413 Reward: 382.558 Cost: 27.000 ShieldInt: 18 ShieldDist: 11.728
arrive destination: False ,out of road:True   Total T: 567080 Episode Num: 1526 Episode T: 319 Reward: 293.979 Cost: 14.000 ShieldInt: 12 ShieldDist: 6.276
arrive destination: True ,out of road:False   Total T: 567747 Episode Num: 1527 Episode T: 667 Reward: 497.180 Cost: 54.000 ShieldInt: 98 ShieldDist: 134.290
arrive destination: False ,out of road:True   Total T: 567871 Episode Num: 1528 Episode T: 124 Reward: 104.745 Cost: 4.000 ShieldInt: 3 ShieldDist: 0.450
arrive destination: True ,out of road:False   Total T: 568233 Episode Num: 1529 Episode T: 362 Reward: 375.925 Cost: 2.000 ShieldInt: 13 ShieldDist: 8.835
arrive destination: True ,out of road:False   Total T: 568504 Episode Num: 1530 Episode T: 271 Reward: 294.178 Cost: 8.000 ShieldInt: 9 ShieldDist: 1.290
arrive destination: True ,out of road:False   Total T: 568926 Episode Num: 1531 Episode T: 422 Reward: 397.722 Cost: 18.000 ShieldInt: 33 ShieldDist: 34.153
arrive destination: True ,out of road:False   Total T: 569154 Episode Num: 1532 Episode T: 228 Reward: 274.251 Cost: 2.000 ShieldInt: 11 ShieldDist: 1.596
arrive destination: True ,out of road:False   Total T: 569415 Episode Num: 1533 Episode T: 261 Reward: 272.539 Cost: 4.000 ShieldInt: 13 ShieldDist: 1.895
arrive destination: True ,out of road:False   Total T: 569745 Episode Num: 1534 Episode T: 330 Reward: 366.310 Cost: 7.000 ShieldInt: 19 ShieldDist: 11.429
arrive destination: True ,out of road:False   Total T: 569986 Episode Num: 1535 Episode T: 241 Reward: 295.020 Cost: 10.000 ShieldInt: 4 ShieldDist: 0.540
---------------------------------------
Evaluation over 20 episodes: 0.850 Cost 9.700.             SafeRL used : use_qpsl
---------------------------------------
[34;1m
Time: 2026-07-01 21:41:24, Time spent from previous logger: 158.241 s[0m
[34;1mCustomLogger with fileds: ['total_steps', 'EpRet', 'EpCost', 'CostRate'][0m
[34;1mfieldvalues: [570000, 0.85, 9.7, 0.038659716946871835]
[0m
arrive destination: False ,out of road:True   Total T: 570284 Episode Num: 1536 Episode T: 298 Reward: 274.612 Cost: 6.000 ShieldInt: 9 ShieldDist: 10.405
arrive destination: True ,out of road:False   Total T: 570599 Episode Num: 1537 Episode T: 315 Reward: 375.257 Cost: 10.000 ShieldInt: 9 ShieldDist: 6.762
arrive destination: False ,out of road:True   Total T: 571017 Episode Num: 1538 Episode T: 418 Reward: 442.602 Cost: 12.000 ShieldInt: 11 ShieldDist: 1.546
arrive destination: True ,out of road:False   Total T: 571282 Episode Num: 1539 Episode T: 265 Reward: 334.931 Cost: 5.000 ShieldInt: 6 ShieldDist: 5.476
arrive destination: True ,out of road:False   Total T: 571693 Episode Num: 1540 Episode T: 411 Reward: 367.010 Cost: 17.000 ShieldInt: 28 ShieldDist: 22.587
arrive destination: False ,out of road:True   Total T: 571746 Episode Num: 1541 Episode T: 53 Reward: 18.138 Cost: 1.000 ShieldInt: 0 ShieldDist: 0.000
arrive destination: True ,out of road:False   Total T: 571972 Episode Num: 1542 Episode T: 226 Reward: 241.897 Cost: 0.000 ShieldInt: 2 ShieldDist: 0.300
arrive destination: True ,out of road:False   Total T: 572398 Episode Num: 1543 Episode T: 426 Reward: 364.127 Cost: 22.000 ShieldInt: 24 ShieldDist: 25.282
arrive destination: True ,out of road:False   Total T: 572833 Episode Num: 1544 Episode T: 435 Reward: 378.431 Cost: 34.000 ShieldInt: 23 ShieldDist: 18.294
arrive destination: True ,out of road:False   Total T: 573097 Episode Num: 1545 Episode T: 264 Reward: 232.911 Cost: 4.000 ShieldInt: 11 ShieldDist: 1.555
arrive destination: True ,out of road:False   Total T: 573345 Episode Num: 1546 Episode T: 248 Reward: 232.721 Cost: 5.000 ShieldInt: 7 ShieldDist: 0.999
arrive destination: True ,out of road:False   Total T: 573688 Episode Num: 1547 Episode T: 343 Reward: 359.649 Cost: 10.000 ShieldInt: 29 ShieldDist: 22.422
arrive destination: True ,out of road:False   Total T: 573974 Episode Num: 1548 Episode T: 286 Reward: 265.862 Cost: 6.000 ShieldInt: 6 ShieldDist: 0.869
arrive destination: True ,out of road:False   Total T: 574250 Episode Num: 1549 Episode T: 276 Reward: 296.058 Cost: 12.000 ShieldInt: 8 ShieldDist: 6.558
arrive destination: False ,out of road:True   Total T: 574398 Episode Num: 1550 Episode T: 148 Reward: 125.145 Cost: 5.000 ShieldInt: 2 ShieldDist: 0.275
arrive destination: False ,out of road:True   Total T: 574598 Episode Num: 1551 Episode T: 200 Reward: 201.919 Cost: 1.000 ShieldInt: 3 ShieldDist: 0.411
arrive destination: False ,out of road:True   Total T: 574817 Episode Num: 1552 Episode T: 219 Reward: 256.544 Cost: 1.000 ShieldInt: 7 ShieldDist: 1.034
arrive destination: True ,out of road:False   Total T: 575316 Episode Num: 1553 Episode T: 499 Reward: 413.834 Cost: 36.000 ShieldInt: 25 ShieldDist: 24.794
arrive destination: True ,out of road:False   Total T: 575712 Episode Num: 1554 Episode T: 396 Reward: 378.133 Cost: 29.000 ShieldInt: 24 ShieldDist: 35.538
arrive destination: True ,out of road:False   Total T: 575979 Episode Num: 1555 Episode T: 267 Reward: 295.502 Cost: 9.000 ShieldInt: 19 ShieldDist: 23.773
arrive destination: True ,out of road:False   Total T: 576358 Episode Num: 1556 Episode T: 379 Reward: 376.006 Cost: 6.000 ShieldInt: 13 ShieldDist: 10.910
arrive destination: True ,out of road:False   Total T: 576571 Episode Num: 1557 Episode T: 213 Reward: 245.417 Cost: 0.000 ShieldInt: 5 ShieldDist: 0.750
arrive destination: True ,out of road:False   Total T: 576903 Episode Num: 1558 Episode T: 332 Reward: 392.915 Cost: 0.000 ShieldInt: 5 ShieldDist: 0.750
arrive destination: True ,out of road:False   Total T: 577168 Episode Num: 1559 Episode T: 265 Reward: 285.509 Cost: 7.000 ShieldInt: 11 ShieldDist: 1.623
arrive destination: True ,out of road:False   Total T: 577389 Episode Num: 1560 Episode T: 221 Reward: 285.805 Cost: 0.000 ShieldInt: 3 ShieldDist: 0.436
arrive destination: True ,out of road:True   Total T: 577690 Episode Num: 1561 Episode T: 301 Reward: 294.373 Cost: 9.000 ShieldInt: 7 ShieldDist: 2.876
arrive destination: True ,out of road:False   Total T: 578225 Episode Num: 1562 Episode T: 535 Reward: 495.504 Cost: 20.000 ShieldInt: 21 ShieldDist: 13.224
arrive destination: True ,out of road:False   Total T: 578488 Episode Num: 1563 Episode T: 263 Reward: 266.442 Cost: 11.000 ShieldInt: 6 ShieldDist: 0.880
arrive destination: True ,out of road:False   Total T: 578888 Episode Num: 1564 Episode T: 400 Reward: 335.923 Cost: 11.000 ShieldInt: 32 ShieldDist: 24.816
arrive destination: True ,out of road:False   Total T: 579402 Episode Num: 1565 Episode T: 514 Reward: 504.477 Cost: 25.000 ShieldInt: 23 ShieldDist: 21.369
arrive destination: True ,out of road:False   Total T: 579626 Episode Num: 1566 Episode T: 224 Reward: 284.489 Cost: 2.000 ShieldInt: 9 ShieldDist: 1.271
---------------------------------------
Evaluation over 20 episodes: 0.800 Cost 7.250.             SafeRL used : use_qpsl
---------------------------------------
[34;1m
Time: 2026-07-01 21:43:54, Time spent from previous logger: 150.213 s[0m
[34;1mCustomLogger with fileds: ['total_steps', 'EpRet', 'EpCost', 'CostRate'][0m
[34;1mfieldvalues: [580000, 0.8, 7.25, 0.03856730787466875]
[0m
arrive destination: True ,out of road:False   Total T: 580397 Episode Num: 1567 Episode T: 771 Reward: 716.199 Cost: 31.000 ShieldInt: 18 ShieldDist: 15.309
arrive destination: False ,out of road:True   Total T: 580515 Episode Num: 1568 Episode T: 118 Reward: 106.119 Cost: 1.000 ShieldInt: 0 ShieldDist: 0.000
arrive destination: True ,out of road:False   Total T: 580732 Episode Num: 1569 Episode T: 217 Reward: 284.573 Cost: 0.000 ShieldInt: 4 ShieldDist: 0.600
arrive destination: True ,out of road:False   Total T: 581136 Episode Num: 1570 Episode T: 404 Reward: 401.774 Cost: 14.000 ShieldInt: 21 ShieldDist: 27.943
arrive destination: False ,out of road:True   Total T: 581235 Episode Num: 1571 Episode T: 99 Reward: 78.765 Cost: 2.000 ShieldInt: 2 ShieldDist: 0.300
arrive destination: True ,out of road:False   Total T: 581581 Episode Num: 1572 Episode T: 346 Reward: 399.055 Cost: 0.000 ShieldInt: 6 ShieldDist: 0.850
arrive destination: True ,out of road:False   Total T: 581773 Episode Num: 1573 Episode T: 192 Reward: 269.164 Cost: 0.000 ShieldInt: 6 ShieldDist: 0.900
arrive destination: True ,out of road:False   Total T: 581994 Episode Num: 1574 Episode T: 221 Reward: 295.603 Cost: 9.000 ShieldInt: 6 ShieldDist: 0.870
arrive destination: True ,out of road:False   Total T: 582295 Episode Num: 1575 Episode T: 301 Reward: 351.621 Cost: 9.000 ShieldInt: 10 ShieldDist: 3.258
arrive destination: True ,out of road:False   Total T: 582767 Episode Num: 1576 Episode T: 472 Reward: 363.059 Cost: 16.000 ShieldInt: 42 ShieldDist: 52.115
arrive destination: True ,out of road:False   Total T: 583236 Episode Num: 1577 Episode T: 469 Reward: 471.912 Cost: 7.000 ShieldInt: 33 ShieldDist: 35.492
arrive destination: False ,out of road:True   Total T: 583321 Episode Num: 1578 Episode T: 85 Reward: 57.949 Cost: 1.000 ShieldInt: 3 ShieldDist: 0.418
arrive destination: True ,out of road:False   Total T: 583593 Episode Num: 1579 Episode T: 272 Reward: 294.217 Cost: 10.000 ShieldInt: 4 ShieldDist: 2.151
arrive destination: True ,out of road:False   Total T: 583881 Episode Num: 1580 Episode T: 288 Reward: 294.452 Cost: 15.000 ShieldInt: 12 ShieldDist: 8.582
arrive destination: True ,out of road:False   Total T: 584308 Episode Num: 1581 Episode T: 427 Reward: 405.728 Cost: 17.000 ShieldInt: 19 ShieldDist: 20.309
arrive destination: True ,out of road:False   Total T: 584518 Episode Num: 1582 Episode T: 210 Reward: 295.298 Cost: 2.000 ShieldInt: 3 ShieldDist: 1.633
arrive destination: True ,out of road:False   Total T: 584944 Episode Num: 1583 Episode T: 426 Reward: 494.125 Cost: 7.000 ShieldInt: 7 ShieldDist: 2.867
arrive destination: True ,out of road:False   Total T: 585385 Episode Num: 1584 Episode T: 441 Reward: 401.648 Cost: 23.000 ShieldInt: 18 ShieldDist: 11.778
arrive destination: True ,out of road:False   Total T: 585581 Episode Num: 1585 Episode T: 196 Reward: 233.527 Cost: 0.000 ShieldInt: 4 ShieldDist: 0.597
arrive destination: True ,out of road:False   Total T: 585880 Episode Num: 1586 Episode T: 299 Reward: 352.123 Cost: 6.000 ShieldInt: 14 ShieldDist: 1.995
arrive destination: True ,out of road:False   Total T: 586191 Episode Num: 1587 Episode T: 311 Reward: 294.355 Cost: 9.000 ShieldInt: 9 ShieldDist: 1.350
arrive destination: True ,out of road:False   Total T: 586529 Episode Num: 1588 Episode T: 338 Reward: 397.737 Cost: 0.000 ShieldInt: 1 ShieldDist: 0.150
arrive destination: True ,out of road:False   Total T: 587032 Episode Num: 1589 Episode T: 503 Reward: 495.307 Cost: 23.000 ShieldInt: 22 ShieldDist: 20.836
arrive destination: True ,out of road:False   Total T: 587376 Episode Num: 1590 Episode T: 344 Reward: 399.775 Cost: 0.000 ShieldInt: 11 ShieldDist: 1.524
arrive destination: True ,out of road:False   Total T: 587567 Episode Num: 1591 Episode T: 191 Reward: 269.349 Cost: 2.000 ShieldInt: 3 ShieldDist: 0.441
arrive destination: True ,out of road:False   Total T: 587871 Episode Num: 1592 Episode T: 304 Reward: 351.222 Cost: 4.000 ShieldInt: 16 ShieldDist: 10.582
arrive destination: True ,out of road:False   Total T: 588203 Episode Num: 1593 Episode T: 332 Reward: 392.536 Cost: 0.000 ShieldInt: 14 ShieldDist: 2.031
arrive destination: True ,out of road:False   Total T: 588483 Episode Num: 1594 Episode T: 280 Reward: 286.887 Cost: 11.000 ShieldInt: 30 ShieldDist: 30.257
arrive destination: True ,out of road:False   Total T: 588715 Episode Num: 1595 Episode T: 232 Reward: 271.801 Cost: 1.000 ShieldInt: 13 ShieldDist: 7.420
arrive destination: True ,out of road:False   Total T: 589170 Episode Num: 1596 Episode T: 455 Reward: 410.636 Cost: 13.000 ShieldInt: 32 ShieldDist: 24.064
arrive destination: True ,out of road:False   Total T: 589600 Episode Num: 1597 Episode T: 430 Reward: 360.835 Cost: 37.000 ShieldInt: 47 ShieldDist: 22.774
arrive destination: True ,out of road:False   Total T: 589856 Episode Num: 1598 Episode T: 256 Reward: 295.592 Cost: 8.000 ShieldInt: 0 ShieldDist: 0.000
---------------------------------------
Evaluation over 20 episodes: 0.800 Cost 12.700.             SafeRL used : use_qpsl
---------------------------------------
[34;1m
Time: 2026-07-01 21:46:24, Time spent from previous logger: 150.060 s[0m
[34;1mCustomLogger with fileds: ['total_steps', 'EpRet', 'EpCost', 'CostRate'][0m
[34;1mfieldvalues: [590000, 0.8, 12.7, 0.038362776886062516]
[0m
arrive destination: True ,out of road:False   Total T: 590416 Episode Num: 1599 Episode T: 560 Reward: 526.451 Cost: 13.000 ShieldInt: 20 ShieldDist: 11.060
arrive destination: True ,out of road:False   Total T: 590608 Episode Num: 1600 Episode T: 192 Reward: 237.108 Cost: 0.000 ShieldInt: 1 ShieldDist: 0.150
arrive destination: True ,out of road:False   Total T: 590915 Episode Num: 1601 Episode T: 307 Reward: 264.371 Cost: 9.000 ShieldInt: 18 ShieldDist: 27.018
arrive destination: True ,out of road:False   Total T: 591382 Episode Num: 1602 Episode T: 467 Reward: 370.683 Cost: 24.000 ShieldInt: 29 ShieldDist: 30.798
arrive destination: True ,out of road:False   Total T: 591713 Episode Num: 1603 Episode T: 331 Reward: 393.070 Cost: 0.000 ShieldInt: 10 ShieldDist: 1.416
arrive destination: True ,out of road:False   Total T: 591944 Episode Num: 1604 Episode T: 231 Reward: 274.368 Cost: 0.000 ShieldInt: 7 ShieldDist: 0.928
arrive destination: True ,out of road:False   Total T: 592182 Episode Num: 1605 Episode T: 238 Reward: 296.129 Cost: 6.000 ShieldInt: 21 ShieldDist: 17.423
arrive destination: True ,out of road:False   Total T: 592398 Episode Num: 1606 Episode T: 216 Reward: 244.749 Cost: 0.000 ShieldInt: 7 ShieldDist: 0.993
arrive destination: True ,out of road:False   Total T: 592596 Episode Num: 1607 Episode T: 198 Reward: 269.773 Cost: 7.000 ShieldInt: 2 ShieldDist: 0.300
arrive destination: True ,out of road:False   Total T: 592845 Episode Num: 1608 Episode T: 249 Reward: 269.348 Cost: 5.000 ShieldInt: 0 ShieldDist: 0.000
arrive destination: False ,out of road:True   Total T: 592954 Episode Num: 1609 Episode T: 109 Reward: 91.404 Cost: 3.000 ShieldInt: 7 ShieldDist: 1.011
arrive destination: False ,out of road:True   Total T: 593057 Episode Num: 1610 Episode T: 103 Reward: 93.241 Cost: 1.000 ShieldInt: 0 ShieldDist: 0.000
arrive destination: True ,out of road:False   Total T: 593436 Episode Num: 1611 Episode T: 379 Reward: 373.777 Cost: 16.000 ShieldInt: 13 ShieldDist: 12.031
arrive destination: True ,out of road:False   Total T: 593916 Episode Num: 1612 Episode T: 480 Reward: 404.573 Cost: 21.000 ShieldInt: 34 ShieldDist: 35.822
arrive destination: True ,out of road:False   Total T: 594243 Episode Num: 1613 Episode T: 327 Reward: 293.652 Cost: 24.000 ShieldInt: 64 ShieldDist: 83.136
arrive destination: True ,out of road:False   Total T: 594657 Episode Num: 1614 Episode T: 414 Reward: 408.793 Cost: 5.000 ShieldInt: 22 ShieldDist: 3.132
arrive destination: True ,out of road:False   Total T: 594873 Episode Num: 1615 Episode T: 216 Reward: 286.387 Cost: 0.000 ShieldInt: 5 ShieldDist: 0.709
arrive destination: True ,out of road:False   Total T: 595359 Episode Num: 1616 Episode T: 486 Reward: 369.019 Cost: 21.000 ShieldInt: 69 ShieldDist: 107.851
arrive destination: True ,out of road:False   Total T: 595580 Episode Num: 1617 Episode T: 221 Reward: 296.052 Cost: 8.000 ShieldInt: 2 ShieldDist: 0.252
arrive destination: True ,out of road:False   Total T: 595970 Episode Num: 1618 Episode T: 390 Reward: 366.020 Cost: 15.000 ShieldInt: 23 ShieldDist: 23.119
arrive destination: True ,out of road:False   Total T: 596284 Episode Num: 1619 Episode T: 314 Reward: 263.750 Cost: 9.000 ShieldInt: 10 ShieldDist: 1.500
arrive destination: True ,out of road:False   Total T: 596723 Episode Num: 1620 Episode T: 439 Reward: 376.379 Cost: 35.000 ShieldInt: 10 ShieldDist: 1.477
arrive destination: True ,out of road:False   Total T: 596983 Episode Num: 1621 Episode T: 260 Reward: 269.555 Cost: 8.000 ShieldInt: 9 ShieldDist: 3.670
arrive destination: False ,out of road:True   Total T: 597548 Episode Num: 1622 Episode T: 565 Reward: 377.431 Cost: 50.000 ShieldInt: 115 ShieldDist: 171.817
arrive destination: False ,out of road:True   Total T: 597897 Episode Num: 1623 Episode T: 349 Reward: 327.748 Cost: 3.000 ShieldInt: 17 ShieldDist: 2.462
arrive destination: True ,out of road:False   Total T: 598292 Episode Num: 1624 Episode T: 395 Reward: 401.071 Cost: 12.000 ShieldInt: 8 ShieldDist: 4.280
arrive destination: True ,out of road:False   Total T: 598480 Episode Num: 1625 Episode T: 188 Reward: 269.159 Cost: 4.000 ShieldInt: 4 ShieldDist: 0.596
arrive destination: True ,out of road:False   Total T: 598877 Episode Num: 1626 Episode T: 397 Reward: 403.360 Cost: 11.000 ShieldInt: 17 ShieldDist: 2.429
arrive destination: False ,out of road:True   Total T: 599174 Episode Num: 1627 Episode T: 297 Reward: 332.588 Cost: 7.000 ShieldInt: 10 ShieldDist: 1.465
arrive destination: True ,out of road:False   Total T: 599476 Episode Num: 1628 Episode T: 302 Reward: 294.530 Cost: 13.000 ShieldInt: 18 ShieldDist: 4.381
arrive destination: True ,out of road:False   Total T: 599701 Episode Num: 1629 Episode T: 225 Reward: 232.888 Cost: 1.000 ShieldInt: 8 ShieldDist: 1.127
---------------------------------------
Evaluation over 20 episodes: 0.850 Cost 12.700.             SafeRL used : use_qpsl
---------------------------------------
[34;1m
Time: 2026-07-01 21:48:52, Time spent from previous logger: 147.779 s[0m
[34;1mCustomLogger with fileds: ['total_steps', 'EpRet', 'EpCost', 'CostRate'][0m
[34;1mfieldvalues: [600000, 0.85, 12.7, 0.03827173045288409]
[0m
arrive destination: True ,out of road:False   Total T: 600252 Episode Num: 1630 Episode T: 551 Reward: 561.889 Cost: 13.000 ShieldInt: 11 ShieldDist: 9.846
arrive destination: True ,out of road:False   Total T: 600550 Episode Num: 1631 Episode T: 298 Reward: 350.063 Cost: 5.000 ShieldInt: 4 ShieldDist: 0.567
arrive destination: True ,out of road:False   Total T: 600739 Episode Num: 1632 Episode T: 189 Reward: 269.651 Cost: 2.000 ShieldInt: 0 ShieldDist: 0.000
arrive destination: False ,out of road:True   Total T: 600819 Episode Num: 1633 Episode T: 80 Reward: 51.499 Cost: 1.000 ShieldInt: 0 ShieldDist: 0.000
arrive destination: True ,out of road:False   Total T: 601046 Episode Num: 1634 Episode T: 227 Reward: 269.587 Cost: 2.000 ShieldInt: 2 ShieldDist: 0.300
arrive destination: True ,out of road:False   Total T: 601343 Episode Num: 1635 Episode T: 297 Reward: 264.383 Cost: 8.000 ShieldInt: 15 ShieldDist: 10.276
arrive destination: False ,out of road:True   Total T: 601441 Episode Num: 1636 Episode T: 98 Reward: 77.309 Cost: 3.000 ShieldInt: 2 ShieldDist: 2.066
arrive destination: True ,out of road:False   Total T: 601641 Episode Num: 1637 Episode T: 200 Reward: 243.549 Cost: 0.000 ShieldInt: 1 ShieldDist: 0.150
arrive destination: False ,out of road:True   Total T: 601720 Episode Num: 1638 Episode T: 79 Reward: 52.683 Cost: 1.000 ShieldInt: 0 ShieldDist: 0.000
arrive destination: True ,out of road:False   Total T: 601948 Episode Num: 1639 Episode T: 228 Reward: 274.947 Cost: 0.000 ShieldInt: 13 ShieldDist: 1.775
arrive destination: True ,out of road:False   Total T: 602239 Episode Num: 1640 Episode T: 291 Reward: 335.974 Cost: 11.000 ShieldInt: 12 ShieldDist: 18.848
arrive destination: True ,out of road:False   Total T: 602460 Episode Num: 1641 Episode T: 221 Reward: 305.331 Cost: 6.000 ShieldInt: 7 ShieldDist: 1.042
arrive destination: True ,out of road:False   Total T: 602745 Episode Num: 1642 Episode T: 285 Reward: 294.289 Cost: 10.000 ShieldInt: 7 ShieldDist: 0.954
arrive destination: True ,out of road:False   Total T: 603171 Episode Num: 1643 Episode T: 426 Reward: 398.370 Cost: 23.000 ShieldInt: 13 ShieldDist: 11.922
arrive destination: True ,out of road:False   Total T: 603444 Episode Num: 1644 Episode T: 273 Reward: 296.045 Cost: 9.000 ShieldInt: 16 ShieldDist: 18.998
arrive destination: True ,out of road:False   Total T: 603781 Episode Num: 1645 Episode T: 337 Reward: 392.274 Cost: 0.000 ShieldInt: 14 ShieldDist: 1.966
arrive destination: True ,out of road:False   Total T: 603993 Episode Num: 1646 Episode T: 212 Reward: 285.031 Cost: 0.000 ShieldInt: 7 ShieldDist: 1.010
arrive destination: True ,out of road:False   Total T: 604219 Episode Num: 1647 Episode T: 226 Reward: 272.592 Cost: 0.000 ShieldInt: 5 ShieldDist: 0.750
arrive destination: False ,out of road:True   Total T: 604423 Episode Num: 1648 Episode T: 204 Reward: 194.304 Cost: 7.000 ShieldInt: 2 ShieldDist: 0.273
arrive destination: True ,out of road:False   Total T: 604653 Episode Num: 1649 Episode T: 230 Reward: 277.265 Cost: 2.000 ShieldInt: 3 ShieldDist: 0.411
arrive destination: False ,out of road:True   Total T: 604753 Episode Num: 1650 Episode T: 100 Reward: 74.556 Cost: 5.000 ShieldInt: 3 ShieldDist: 2.266
arrive destination: True ,out of road:False   Total T: 605167 Episode Num: 1651 Episode T: 414 Reward: 473.574 Cost: 16.000 ShieldInt: 9 ShieldDist: 6.782
arrive destination: True ,out of road:False   Total T: 605503 Episode Num: 1652 Episode T: 336 Reward: 366.339 Cost: 1.000 ShieldInt: 12 ShieldDist: 1.756
arrive destination: True ,out of road:False   Total T: 605733 Episode Num: 1653 Episode T: 230 Reward: 273.650 Cost: 0.000 ShieldInt: 7 ShieldDist: 1.050
arrive destination: True ,out of road:False   Total T: 605976 Episode Num: 1654 Episode T: 243 Reward: 269.177 Cost: 3.000 ShieldInt: 0 ShieldDist: 0.000
arrive destination: True ,out of road:False   Total T: 606195 Episode Num: 1655 Episode T: 219 Reward: 285.693 Cost: 3.000 ShieldInt: 7 ShieldDist: 1.007
arrive destination: True ,out of road:False   Total T: 606572 Episode Num: 1656 Episode T: 377 Reward: 398.869 Cost: 14.000 ShieldInt: 17 ShieldDist: 12.558
arrive destination: True ,out of road:False   Total T: 607183 Episode Num: 1657 Episode T: 611 Reward: 492.165 Cost: 31.000 ShieldInt: 69 ShieldDist: 92.833
arrive destination: True ,out of road:False   Total T: 607483 Episode Num: 1658 Episode T: 300 Reward: 265.843 Cost: 8.000 ShieldInt: 18 ShieldDist: 19.723
arrive destination: True ,out of road:False   Total T: 607748 Episode Num: 1659 Episode T: 265 Reward: 295.468 Cost: 13.000 ShieldInt: 21 ShieldDist: 20.885
arrive destination: True ,out of road:False   Total T: 607975 Episode Num: 1660 Episode T: 227 Reward: 271.602 Cost: 0.000 ShieldInt: 7 ShieldDist: 0.952
arrive destination: True ,out of road:False   Total T: 608202 Episode Num: 1661 Episode T: 227 Reward: 273.639 Cost: 1.000 ShieldInt: 8 ShieldDist: 1.177
arrive destination: True ,out of road:False   Total T: 608405 Episode Num: 1662 Episode T: 203 Reward: 284.590 Cost: 0.000 ShieldInt: 2 ShieldDist: 0.300
arrive destination: True ,out of road:False   Total T: 608611 Episode Num: 1663 Episode T: 206 Reward: 242.766 Cost: 0.000 ShieldInt: 2 ShieldDist: 0.295
arrive destination: True ,out of road:False   Total T: 608883 Episode Num: 1664 Episode T: 272 Reward: 336.394 Cost: 4.000 ShieldInt: 7 ShieldDist: 1.008
arrive destination: True ,out of road:False   Total T: 609281 Episode Num: 1665 Episode T: 398 Reward: 400.915 Cost: 8.000 ShieldInt: 21 ShieldDist: 20.626
arrive destination: True ,out of road:False   Total T: 609592 Episode Num: 1666 Episode T: 311 Reward: 262.492 Cost: 7.000 ShieldInt: 8 ShieldDist: 7.612
---------------------------------------
Evaluation over 20 episodes: 0.550 Cost 9.800.             SafeRL used : use_qpsl
---------------------------------------
[34;1m
Time: 2026-07-01 21:51:16, Time spent from previous logger: 143.673 s[0m
[34;1mCustomLogger with fileds: ['total_steps', 'EpRet', 'EpCost', 'CostRate'][0m
[34;1mfieldvalues: [610000, 0.55, 9.8, 0.038027931193329825]
[0m
arrive destination: True ,out of road:False   Total T: 610226 Episode Num: 1667 Episode T: 634 Reward: 396.270 Cost: 19.000 ShieldInt: 1 ShieldDist: 0.150
arrive destination: True ,out of road:False   Total T: 610433 Episode Num: 1668 Episode T: 207 Reward: 287.438 Cost: 0.000 ShieldInt: 4 ShieldDist: 0.563
arrive destination: True ,out of road:False   Total T: 610969 Episode Num: 1669 Episode T: 536 Reward: 412.050 Cost: 21.000 ShieldInt: 34 ShieldDist: 21.887
arrive destination: True ,out of road:False   Total T: 611305 Episode Num: 1670 Episode T: 336 Reward: 393.420 Cost: 0.000 ShieldInt: 2 ShieldDist: 0.225
arrive destination: True ,out of road:False   Total T: 611544 Episode Num: 1671 Episode T: 239 Reward: 234.251 Cost: 13.000 ShieldInt: 10 ShieldDist: 3.157
arrive destination: True ,out of road:False   Total T: 611777 Episode Num: 1672 Episode T: 233 Reward: 271.157 Cost: 0.000 ShieldInt: 3 ShieldDist: 1.547
arrive destination: True ,out of road:False   Total T: 612160 Episode Num: 1673 Episode T: 383 Reward: 374.745 Cost: 7.000 ShieldInt: 11 ShieldDist: 6.854
arrive destination: True ,out of road:False   Total T: 612699 Episode Num: 1674 Episode T: 539 Reward: 413.185 Cost: 25.000 ShieldInt: 29 ShieldDist: 28.764
arrive destination: False ,out of road:True   Total T: 613085 Episode Num: 1675 Episode T: 386 Reward: 422.731 Cost: 12.000 ShieldInt: 15 ShieldDist: 3.977
arrive destination: True ,out of road:False   Total T: 613604 Episode Num: 1676 Episode T: 519 Reward: 413.188 Cost: 20.000 ShieldInt: 45 ShieldDist: 40.306
arrive destination: True ,out of road:False   Total T: 614204 Episode Num: 1677 Episode T: 600 Reward: 382.941 Cost: 35.000 ShieldInt: 30 ShieldDist: 13.160
arrive destination: True ,out of road:False   Total T: 614689 Episode Num: 1678 Episode T: 485 Reward: 413.801 Cost: 28.000 ShieldInt: 29 ShieldDist: 34.209
arrive destination: False ,out of road:True   Total T: 614758 Episode Num: 1679 Episode T: 69 Reward: 37.781 Cost: 1.000 ShieldInt: 0 ShieldDist: 0.000
arrive destination: True ,out of road:False   Total T: 615054 Episode Num: 1680 Episode T: 296 Reward: 265.593 Cost: 12.000 ShieldInt: 16 ShieldDist: 19.178
arrive destination: True ,out of road:False   Total T: 615411 Episode Num: 1681 Episode T: 357 Reward: 384.287 Cost: 6.000 ShieldInt: 8 ShieldDist: 3.050
arrive destination: True ,out of road:False   Total T: 615639 Episode Num: 1682 Episode T: 228 Reward: 277.859 Cost: 3.000 ShieldInt: 9 ShieldDist: 1.317
arrive destination: True ,out of road:False   Total T: 615944 Episode Num: 1683 Episode T: 305 Reward: 266.928 Cost: 14.000 ShieldInt: 19 ShieldDist: 13.530
arrive destination: True ,out of road:False   Total T: 616138 Episode Num: 1684 Episode T: 194 Reward: 279.736 Cost: 6.000 ShieldInt: 1 ShieldDist: 0.150
arrive destination: True ,out of road:False   Total T: 616474 Episode Num: 1685 Episode T: 336 Reward: 394.601 Cost: 0.000 ShieldInt: 5 ShieldDist: 0.745
arrive destination: True ,out of road:False   Total T: 617028 Episode Num: 1686 Episode T: 554 Reward: 497.780 Cost: 38.000 ShieldInt: 33 ShieldDist: 29.098
arrive destination: True ,out of road:False   Total T: 617331 Episode Num: 1687 Episode T: 303 Reward: 266.162 Cost: 11.000 ShieldInt: 12 ShieldDist: 3.636
arrive destination: False ,out of road:True   Total T: 617771 Episode Num: 1688 Episode T: 440 Reward: 452.963 Cost: 8.000 ShieldInt: 23 ShieldDist: 28.271
arrive destination: True ,out of road:False   Total T: 618012 Episode Num: 1689 Episode T: 241 Reward: 274.613 Cost: 1.000 ShieldInt: 6 ShieldDist: 0.860
arrive destination: True ,out of road:False   Total T: 618240 Episode Num: 1690 Episode T: 228 Reward: 273.975 Cost: 0.000 ShieldInt: 8 ShieldDist: 1.156
arrive destination: True ,out of road:False   Total T: 618468 Episode Num: 1691 Episode T: 228 Reward: 273.228 Cost: 0.000 ShieldInt: 5 ShieldDist: 0.685
arrive destination: False ,out of road:True   Total T: 618564 Episode Num: 1692 Episode T: 96 Reward: 81.058 Cost: 3.000 ShieldInt: 6 ShieldDist: 0.848
arrive destination: True ,out of road:False   Total T: 618794 Episode Num: 1693 Episode T: 230 Reward: 270.460 Cost: 0.000 ShieldInt: 5 ShieldDist: 0.723
arrive destination: False ,out of road:False   Total T: 619794 Episode Num: 1694 Episode T: 1000 Reward: 171.249 Cost: 22.000 ShieldInt: 601 ShieldDist: 773.181
---------------------------------------
Evaluation over 20 episodes: 0.800 Cost 17.150.             SafeRL used : use_qpsl
---------------------------------------
[34;1m
Time: 2026-07-01 21:53:48, Time spent from previous logger: 151.958 s[0m
[34;1mCustomLogger with fileds: ['total_steps', 'EpRet', 'EpCost', 'CostRate'][0m
[34;1mfieldvalues: [620000, 0.8, 17.15, 0.03787748044754911]
[0m
arrive destination: True ,out of road:False   Total T: 620218 Episode Num: 1695 Episode T: 424 Reward: 564.683 Cost: 2.000 ShieldInt: 4 ShieldDist: 2.260
arrive destination: True ,out of road:False   Total T: 620770 Episode Num: 1696 Episode T: 552 Reward: 496.039 Cost: 36.000 ShieldInt: 52 ShieldDist: 53.585
arrive destination: True ,out of road:False   Total T: 620982 Episode Num: 1697 Episode T: 212 Reward: 243.463 Cost: 0.000 ShieldInt: 8 ShieldDist: 1.200
arrive destination: False ,out of road:True   Total T: 621028 Episode Num: 1698 Episode T: 46 Reward: 12.449 Cost: 1.000 ShieldInt: 0 ShieldDist: 0.000
arrive destination: True ,out of road:False   Total T: 621507 Episode Num: 1699 Episode T: 479 Reward: 404.585 Cost: 23.000 ShieldInt: 27 ShieldDist: 31.530
arrive destination: True ,out of road:False   Total T: 622036 Episode Num: 1700 Episode T: 529 Reward: 406.393 Cost: 28.000 ShieldInt: 37 ShieldDist: 39.915
arrive destination: True ,out of road:False   Total T: 622241 Episode Num: 1701 Episode T: 205 Reward: 241.566 Cost: 0.000 ShieldInt: 2 ShieldDist: 0.261
arrive destination: True ,out of road:False   Total T: 622482 Episode Num: 1702 Episode T: 241 Reward: 267.704 Cost: 4.000 ShieldInt: 0 ShieldDist: 0.000
arrive destination: True ,out of road:False   Total T: 622944 Episode Num: 1703 Episode T: 462 Reward: 472.893 Cost: 15.000 ShieldInt: 27 ShieldDist: 16.644
arrive destination: True ,out of road:False   Total T: 623445 Episode Num: 1704 Episode T: 501 Reward: 373.239 Cost: 33.000 ShieldInt: 30 ShieldDist: 30.200
arrive destination: False ,out of road:True   Total T: 623943 Episode Num: 1705 Episode T: 498 Reward: 433.423 Cost: 19.000 ShieldInt: 26 ShieldDist: 36.329
arrive destination: True ,out of road:False   Total T: 624182 Episode Num: 1706 Episode T: 239 Reward: 295.979 Cost: 8.000 ShieldInt: 9 ShieldDist: 3.186
arrive destination: True ,out of road:False   Total T: 624570 Episode Num: 1707 Episode T: 388 Reward: 375.490 Cost: 16.000 ShieldInt: 13 ShieldDist: 3.722
arrive destination: True ,out of road:False   Total T: 624983 Episode Num: 1708 Episode T: 413 Reward: 410.248 Cost: 17.000 ShieldInt: 25 ShieldDist: 16.001
arrive destination: False ,out of road:True   Total T: 625112 Episode Num: 1709 Episode T: 129 Reward: 138.451 Cost: 2.000 ShieldInt: 3 ShieldDist: 0.450
arrive destination: True ,out of road:False   Total T: 625338 Episode Num: 1710 Episode T: 226 Reward: 273.410 Cost: 0.000 ShieldInt: 11 ShieldDist: 1.529
arrive destination: False ,out of road:True   Total T: 625504 Episode Num: 1711 Episode T: 166 Reward: 149.323 Cost: 11.000 ShieldInt: 2 ShieldDist: 0.300
arrive destination: False ,out of road:True   Total T: 625575 Episode Num: 1712 Episode T: 71 Reward: 37.902 Cost: 1.000 ShieldInt: 0 ShieldDist: 0.000
arrive destination: True ,out of road:False   Total T: 625795 Episode Num: 1713 Episode T: 220 Reward: 295.549 Cost: 5.000 ShieldInt: 2 ShieldDist: 0.300
arrive destination: False ,out of road:True   Total T: 625971 Episode Num: 1714 Episode T: 176 Reward: 195.778 Cost: 6.000 ShieldInt: 0 ShieldDist: 0.000
arrive destination: True ,out of road:False   Total T: 626179 Episode Num: 1715 Episode T: 208 Reward: 283.691 Cost: 0.000 ShieldInt: 5 ShieldDist: 0.742
arrive destination: True ,out of road:False   Total T: 626436 Episode Num: 1716 Episode T: 257 Reward: 271.144 Cost: 5.000 ShieldInt: 4 ShieldDist: 0.584
arrive destination: True ,out of road:False   Total T: 626682 Episode Num: 1717 Episode T: 246 Reward: 335.637 Cost: 0.000 ShieldInt: 5 ShieldDist: 4.237
arrive destination: True ,out of road:False   Total T: 627006 Episode Num: 1718 Episode T: 324 Reward: 397.936 Cost: 4.000 ShieldInt: 14 ShieldDist: 7.565
arrive destination: True ,out of road:False   Total T: 627263 Episode Num: 1719 Episode T: 257 Reward: 353.749 Cost: 0.000 ShieldInt: 7 ShieldDist: 1.050
arrive destination: True ,out of road:False   Total T: 627598 Episode Num: 1720 Episode T: 335 Reward: 390.916 Cost: 0.000 ShieldInt: 3 ShieldDist: 0.450
arrive destination: True ,out of road:False   Total T: 627796 Episode Num: 1721 Episode T: 198 Reward: 240.474 Cost: 0.000 ShieldInt: 1 ShieldDist: 0.134
arrive destination: True ,out of road:False   Total T: 627991 Episode Num: 1722 Episode T: 195 Reward: 235.573 Cost: 1.000 ShieldInt: 5 ShieldDist: 0.709
arrive destination: True ,out of road:False   Total T: 628396 Episode Num: 1723 Episode T: 405 Reward: 594.512 Cost: 22.000 ShieldInt: 34 ShieldDist: 20.549
arrive destination: True ,out of road:False   Total T: 628715 Episode Num: 1724 Episode T: 319 Reward: 263.437 Cost: 9.000 ShieldInt: 11 ShieldDist: 1.607
arrive destination: False ,out of road:True   Total T: 628809 Episode Num: 1725 Episode T: 94 Reward: 77.417 Cost: 3.000 ShieldInt: 1 ShieldDist: 0.150
arrive destination: True ,out of road:False   Total T: 629034 Episode Num: 1726 Episode T: 225 Reward: 274.101 Cost: 5.000 ShieldInt: 6 ShieldDist: 0.843
arrive destination: False ,out of road:True   Total T: 629082 Episode Num: 1727 Episode T: 48 Reward: 14.140 Cost: 1.000 ShieldInt: 0 ShieldDist: 0.000
arrive destination: True ,out of road:False   Total T: 629312 Episode Num: 1728 Episode T: 230 Reward: 229.340 Cost: 2.000 ShieldInt: 7 ShieldDist: 0.975
arrive destination: True ,out of road:False   Total T: 629494 Episode Num: 1729 Episode T: 182 Reward: 269.795 Cost: 0.000 ShieldInt: 3 ShieldDist: 0.383
arrive destination: True ,out of road:False   Total T: 629794 Episode Num: 1730 Episode T: 300 Reward: 345.914 Cost: 3.000 ShieldInt: 15 ShieldDist: 7.344
---------------------------------------
Evaluation over 20 episodes: 0.850 Cost 10.850.             SafeRL used : use_qpsl
---------------------------------------
[34;1m
Time: 2026-07-01 21:56:18, Time spent from previous logger: 150.153 s[0m
[34;1mCustomLogger with fileds: ['total_steps', 'EpRet', 'EpCost', 'CostRate'][0m
[34;1mfieldvalues: [630000, 0.85, 10.85, 0.03772228209886047]
[0m
arrive destination: True ,out of road:False   Total T: 630247 Episode Num: 1731 Episode T: 453 Reward: 469.237 Cost: 10.000 ShieldInt: 6 ShieldDist: 8.733
arrive destination: True ,out of road:False   Total T: 630457 Episode Num: 1732 Episode T: 210 Reward: 285.647 Cost: 0.000 ShieldInt: 4 ShieldDist: 0.593
arrive destination: True ,out of road:False   Total T: 630740 Episode Num: 1733 Episode T: 283 Reward: 294.416 Cost: 17.000 ShieldInt: 14 ShieldDist: 7.071
arrive destination: False ,out of road:True   Total T: 631149 Episode Num: 1734 Episode T: 409 Reward: 351.791 Cost: 6.000 ShieldInt: 20 ShieldDist: 6.030
arrive destination: False ,out of road:True   Total T: 631326 Episode Num: 1735 Episode T: 177 Reward: 208.283 Cost: 9.000 ShieldInt: 5 ShieldDist: 0.750
arrive destination: True ,out of road:False   Total T: 631624 Episode Num: 1736 Episode T: 298 Reward: 295.056 Cost: 7.000 ShieldInt: 11 ShieldDist: 8.205
arrive destination: False ,out of road:False   Total T: 632624 Episode Num: 1737 Episode T: 1000 Reward: 59.724 Cost: 41.000 ShieldInt: 750 ShieldDist: 1409.454
arrive destination: False ,out of road:True   Total T: 632903 Episode Num: 1738 Episode T: 279 Reward: 306.303 Cost: 1.000 ShieldInt: 16 ShieldDist: 2.296
arrive destination: True ,out of road:False   Total T: 633346 Episode Num: 1739 Episode T: 443 Reward: 415.751 Cost: 22.000 ShieldInt: 22 ShieldDist: 20.548
arrive destination: True ,out of road:False   Total T: 633613 Episode Num: 1740 Episode T: 267 Reward: 335.476 Cost: 4.000 ShieldInt: 10 ShieldDist: 12.064
arrive destination: False ,out of road:True   Total T: 633691 Episode Num: 1741 Episode T: 78 Reward: 46.867 Cost: 1.000 ShieldInt: 0 ShieldDist: 0.000
arrive destination: True ,out of road:False   Total T: 634066 Episode Num: 1742 Episode T: 375 Reward: 406.603 Cost: 5.000 ShieldInt: 12 ShieldDist: 9.014
arrive destination: True ,out of road:False   Total T: 634309 Episode Num: 1743 Episode T: 243 Reward: 232.030 Cost: 2.000 ShieldInt: 5 ShieldDist: 2.471
arrive destination: True ,out of road:False   Total T: 634623 Episode Num: 1744 Episode T: 314 Reward: 294.597 Cost: 10.000 ShieldInt: 18 ShieldDist: 14.842
arrive destination: False ,out of road:True   Total T: 634857 Episode Num: 1745 Episode T: 234 Reward: 307.689 Cost: 1.000 ShieldInt: 14 ShieldDist: 2.060
arrive destination: True ,out of road:False   Total T: 635105 Episode Num: 1746 Episode T: 248 Reward: 233.454 Cost: 7.000 ShieldInt: 12 ShieldDist: 8.500
arrive destination: False ,out of road:True   Total T: 635202 Episode Num: 1747 Episode T: 97 Reward: 73.442 Cost: 7.000 ShieldInt: 2 ShieldDist: 2.076
arrive destination: False ,out of road:False   Total T: 636202 Episode Num: 1748 Episode T: 1000 Reward: 156.764 Cost: 10.000 ShieldInt: 23 ShieldDist: 3.288
arrive destination: False ,out of road:True   Total T: 636332 Episode Num: 1749 Episode T: 130 Reward: 139.014 Cost: 3.000 ShieldInt: 1 ShieldDist: 0.150
arrive destination: False ,out of road:True   Total T: 636832 Episode Num: 1750 Episode T: 500 Reward: 367.363 Cost: 30.000 ShieldInt: 28 ShieldDist: 29.066
arrive destination: True ,out of road:False   Total T: 637270 Episode Num: 1751 Episode T: 438 Reward: 408.388 Cost: 13.000 ShieldInt: 31 ShieldDist: 10.153
arrive destination: True ,out of road:False   Total T: 637469 Episode Num: 1752 Episode T: 199 Reward: 243.255 Cost: 0.000 ShieldInt: 5 ShieldDist: 0.656
arrive destination: True ,out of road:False   Total T: 637757 Episode Num: 1753 Episode T: 288 Reward: 269.118 Cost: 8.000 ShieldInt: 8 ShieldDist: 7.038
arrive destination: True ,out of road:False   Total T: 637966 Episode Num: 1754 Episode T: 209 Reward: 288.723 Cost: 0.000 ShieldInt: 3 ShieldDist: 0.448
arrive destination: True ,out of road:False   Total T: 638192 Episode Num: 1755 Episode T: 226 Reward: 274.925 Cost: 0.000 ShieldInt: 4 ShieldDist: 0.600
arrive destination: True ,out of road:False   Total T: 638441 Episode Num: 1756 Episode T: 249 Reward: 233.347 Cost: 13.000 ShieldInt: 6 ShieldDist: 0.833
arrive destination: False ,out of road:True   Total T: 638571 Episode Num: 1757 Episode T: 130 Reward: 139.532 Cost: 2.000 ShieldInt: 4 ShieldDist: 0.569
arrive destination: True ,out of road:False   Total T: 639050 Episode Num: 1758 Episode T: 479 Reward: 477.139 Cost: 8.000 ShieldInt: 20 ShieldDist: 15.174
arrive destination: True ,out of road:False   Total T: 639562 Episode Num: 1759 Episode T: 512 Reward: 400.577 Cost: 24.000 ShieldInt: 39 ShieldDist: 47.214
arrive destination: True ,out of road:False   Total T: 639877 Episode Num: 1760 Episode T: 315 Reward: 398.188 Cost: 16.000 ShieldInt: 15 ShieldDist: 9.220
---------------------------------------
Evaluation over 20 episodes: 0.500 Cost 6.750.             SafeRL used : use_qpsl
---------------------------------------
[34;1m
Time: 2026-07-01 21:58:44, Time spent from previous logger: 145.756 s[0m
[34;1mCustomLogger with fileds: ['total_steps', 'EpRet', 'EpCost', 'CostRate'][0m
[34;1mfieldvalues: [640000, 0.5, 6.75, 0.037565683696380775]
[0m
arrive destination: True ,out of road:False   Total T: 640206 Episode Num: 1761 Episode T: 329 Reward: 407.088 Cost: 0.000 ShieldInt: 2 ShieldDist: 0.300
arrive destination: True ,out of road:False   Total T: 640388 Episode Num: 1762 Episode T: 182 Reward: 268.493 Cost: 0.000 ShieldInt: 4 ShieldDist: 0.596
arrive destination: False ,out of road:True   Total T: 640620 Episode Num: 1763 Episode T: 232 Reward: 248.144 Cost: 7.000 ShieldInt: 9 ShieldDist: 12.067
arrive destination: True ,out of road:False   Total T: 640980 Episode Num: 1764 Episode T: 360 Reward: 413.848 Cost: 11.000 ShieldInt: 15 ShieldDist: 18.300
arrive destination: True ,out of road:False   Total T: 641196 Episode Num: 1765 Episode T: 216 Reward: 243.506 Cost: 0.000 ShieldInt: 4 ShieldDist: 0.600
arrive destination: True ,out of road:False   Total T: 641628 Episode Num: 1766 Episode T: 432 Reward: 400.226 Cost: 20.000 ShieldInt: 35 ShieldDist: 34.614
arrive destination: True ,out of road:False   Total T: 641988 Episode Num: 1767 Episode T: 360 Reward: 393.807 Cost: 0.000 ShieldInt: 9 ShieldDist: 1.275
arrive destination: True ,out of road:False   Total T: 642419 Episode Num: 1768 Episode T: 431 Reward: 418.053 Cost: 19.000 ShieldInt: 9 ShieldDist: 3.158
arrive destination: False ,out of road:True   Total T: 642518 Episode Num: 1769 Episode T: 99 Reward: 78.533 Cost: 3.000 ShieldInt: 7 ShieldDist: 1.038
arrive destination: True ,out of road:False   Total T: 642912 Episode Num: 1770 Episode T: 394 Reward: 368.373 Cost: 13.000 ShieldInt: 24 ShieldDist: 21.411
arrive destination: True ,out of road:False   Total T: 643394 Episode Num: 1771 Episode T: 482 Reward: 515.470 Cost: 9.000 ShieldInt: 16 ShieldDist: 13.230
arrive destination: False ,out of road:True   Total T: 643642 Episode Num: 1772 Episode T: 248 Reward: 318.279 Cost: 11.000 ShieldInt: 6 ShieldDist: 2.714
arrive destination: True ,out of road:False   Total T: 643945 Episode Num: 1773 Episode T: 303 Reward: 266.547 Cost: 10.000 ShieldInt: 14 ShieldDist: 20.330
arrive destination: True ,out of road:False   Total T: 644143 Episode Num: 1774 Episode T: 198 Reward: 270.080 Cost: 6.000 ShieldInt: 5 ShieldDist: 0.717
arrive destination: True ,out of road:False   Total T: 644591 Episode Num: 1775 Episode T: 448 Reward: 365.414 Cost: 19.000 ShieldInt: 32 ShieldDist: 42.567
arrive destination: True ,out of road:False   Total T: 644791 Episode Num: 1776 Episode T: 200 Reward: 284.925 Cost: 0.000 ShieldInt: 4 ShieldDist: 0.530
arrive destination: True ,out of road:False   Total T: 645181 Episode Num: 1777 Episode T: 390 Reward: 409.859 Cost: 8.000 ShieldInt: 23 ShieldDist: 24.074
arrive destination: True ,out of road:False   Total T: 645555 Episode Num: 1778 Episode T: 374 Reward: 370.496 Cost: 12.000 ShieldInt: 18 ShieldDist: 15.537
arrive destination: True ,out of road:False   Total T: 645777 Episode Num: 1779 Episode T: 222 Reward: 233.756 Cost: 8.000 ShieldInt: 6 ShieldDist: 0.842
arrive destination: True ,out of road:False   Total T: 646169 Episode Num: 1780 Episode T: 392 Reward: 233.371 Cost: 14.000 ShieldInt: 147 ShieldDist: 262.019
arrive destination: True ,out of road:False   Total T: 646474 Episode Num: 1781 Episode T: 305 Reward: 266.966 Cost: 13.000 ShieldInt: 21 ShieldDist: 24.077
arrive destination: True ,out of road:False   Total T: 646727 Episode Num: 1782 Episode T: 253 Reward: 232.569 Cost: 8.000 ShieldInt: 10 ShieldDist: 10.492
arrive destination: True ,out of road:False   Total T: 646913 Episode Num: 1783 Episode T: 186 Reward: 268.760 Cost: 2.000 ShieldInt: 4 ShieldDist: 0.881
arrive destination: True ,out of road:False   Total T: 647248 Episode Num: 1784 Episode T: 335 Reward: 393.289 Cost: 0.000 ShieldInt: 4 ShieldDist: 0.559
arrive destination: True ,out of road:False   Total T: 647534 Episode Num: 1785 Episode T: 286 Reward: 266.737 Cost: 16.000 ShieldInt: 14 ShieldDist: 15.015
arrive destination: True ,out of road:False   Total T: 648010 Episode Num: 1786 Episode T: 476 Reward: 476.563 Cost: 10.000 ShieldInt: 22 ShieldDist: 17.814
arrive destination: True ,out of road:False   Total T: 648361 Episode Num: 1787 Episode T: 351 Reward: 393.668 Cost: 1.000 ShieldInt: 11 ShieldDist: 1.571
arrive destination: True ,out of road:False   Total T: 648623 Episode Num: 1788 Episode T: 262 Reward: 355.196 Cost: 0.000 ShieldInt: 9 ShieldDist: 1.310
arrive destination: False ,out of road:True   Total T: 648964 Episode Num: 1789 Episode T: 341 Reward: 274.348 Cost: 14.000 ShieldInt: 14 ShieldDist: 11.105
arrive destination: True ,out of road:False   Total T: 649226 Episode Num: 1790 Episode T: 262 Reward: 294.520 Cost: 10.000 ShieldInt: 5 ShieldDist: 0.686
arrive destination: True ,out of road:False   Total T: 649525 Episode Num: 1791 Episode T: 299 Reward: 352.536 Cost: 8.000 ShieldInt: 19 ShieldDist: 18.459
arrive destination: True ,out of road:False   Total T: 649758 Episode Num: 1792 Episode T: 233 Reward: 232.977 Cost: 8.000 ShieldInt: 23 ShieldDist: 20.100
arrive destination: True ,out of road:False   Total T: 649942 Episode Num: 1793 Episode T: 184 Reward: 269.114 Cost: 4.000 ShieldInt: 2 ShieldDist: 0.300
---------------------------------------
Evaluation over 20 episodes: 0.650 Cost 10.900.             SafeRL used : use_qpsl
---------------------------------------
[34;1m
Time: 2026-07-01 22:01:15, Time spent from previous logger: 150.810 s[0m
[34;1mCustomLogger with fileds: ['total_steps', 'EpRet', 'EpCost', 'CostRate'][0m
[34;1mfieldvalues: [650000, 0.65, 10.9, 0.03739390368292874]
[0m
arrive destination: False ,out of road:True   Total T: 650094 Episode Num: 1794 Episode T: 152 Reward: 110.722 Cost: 4.000 ShieldInt: 1 ShieldDist: 0.136
arrive destination: True ,out of road:False   Total T: 650353 Episode Num: 1795 Episode T: 259 Reward: 233.206 Cost: 10.000 ShieldInt: 12 ShieldDist: 14.477
arrive destination: False ,out of road:True   Total T: 650454 Episode Num: 1796 Episode T: 101 Reward: 77.782 Cost: 4.000 ShieldInt: 4 ShieldDist: 0.566
arrive destination: True ,out of road:False   Total T: 650647 Episode Num: 1797 Episode T: 193 Reward: 269.382 Cost: 4.000 ShieldInt: 4 ShieldDist: 0.544
arrive destination: True ,out of road:False   Total T: 650934 Episode Num: 1798 Episode T: 287 Reward: 294.564 Cost: 14.000 ShieldInt: 3 ShieldDist: 2.172
arrive destination: True ,out of road:False   Total T: 651358 Episode Num: 1799 Episode T: 424 Reward: 505.300 Cost: 12.000 ShieldInt: 13 ShieldDist: 5.413
arrive destination: True ,out of road:False   Total T: 651811 Episode Num: 1800 Episode T: 453 Reward: 400.438 Cost: 25.000 ShieldInt: 41 ShieldDist: 61.715
arrive destination: False ,out of road:True   Total T: 651913 Episode Num: 1801 Episode T: 102 Reward: 84.431 Cost: 2.000 ShieldInt: 2 ShieldDist: 0.300
arrive destination: True ,out of road:False   Total T: 652115 Episode Num: 1802 Episode T: 202 Reward: 243.036 Cost: 0.000 ShieldInt: 2 ShieldDist: 0.300
arrive destination: False ,out of road:True   Total T: 652489 Episode Num: 1803 Episode T: 374 Reward: 313.346 Cost: 15.000 ShieldInt: 20 ShieldDist: 26.596
arrive destination: True ,out of road:False   Total T: 652706 Episode Num: 1804 Episode T: 217 Reward: 267.327 Cost: 1.000 ShieldInt: 0 ShieldDist: 0.000
arrive destination: False ,out of road:True   Total T: 652808 Episode Num: 1805 Episode T: 102 Reward: 76.922 Cost: 3.000 ShieldInt: 2 ShieldDist: 1.865
arrive destination: True ,out of road:False   Total T: 653008 Episode Num: 1806 Episode T: 200 Reward: 241.979 Cost: 0.000 ShieldInt: 2 ShieldDist: 0.300
arrive destination: True ,out of road:False   Total T: 653417 Episode Num: 1807 Episode T: 409 Reward: 407.635 Cost: 19.000 ShieldInt: 25 ShieldDist: 21.147
arrive destination: False ,out of road:True   Total T: 653633 Episode Num: 1808 Episode T: 216 Reward: 272.456 Cost: 4.000 ShieldInt: 4 ShieldDist: 0.508
arrive destination: True ,out of road:False   Total T: 653827 Episode Num: 1809 Episode T: 194 Reward: 234.393 Cost: 2.000 ShieldInt: 6 ShieldDist: 0.808
arrive destination: False ,out of road:True   Total T: 654116 Episode Num: 1810 Episode T: 289 Reward: 307.414 Cost: 6.000 ShieldInt: 3 ShieldDist: 0.450
arrive destination: True ,out of road:False   Total T: 654512 Episode Num: 1811 Episode T: 396 Reward: 365.734 Cost: 9.000 ShieldInt: 7 ShieldDist: 0.904
arrive destination: True ,out of road:False   Total T: 654840 Episode Num: 1812 Episode T: 328 Reward: 392.233 Cost: 0.000 ShieldInt: 5 ShieldDist: 0.742
arrive destination: False ,out of road:False   Total T: 655840 Episode Num: 1813 Episode T: 1000 Reward: 176.519 Cost: 34.000 ShieldInt: 8 ShieldDist: 3.017
arrive destination: True ,out of road:False   Total T: 656098 Episode Num: 1814 Episode T: 258 Reward: 265.496 Cost: 7.000 ShieldInt: 4 ShieldDist: 0.512
arrive destination: True ,out of road:False   Total T: 656550 Episode Num: 1815 Episode T: 452 Reward: 376.105 Cost: 31.000 ShieldInt: 40 ShieldDist: 33.063
arrive destination: False ,out of road:True   Total T: 656660 Episode Num: 1816 Episode T: 110 Reward: 112.394 Cost: 6.000 ShieldInt: 4 ShieldDist: 0.600
arrive destination: False ,out of road:True   Total T: 656935 Episode Num: 1817 Episode T: 275 Reward: 298.442 Cost: 14.000 ShieldInt: 5 ShieldDist: 0.727
arrive destination: True ,out of road:False   Total T: 657146 Episode Num: 1818 Episode T: 211 Reward: 234.162 Cost: 3.000 ShieldInt: 2 ShieldDist: 2.150
arrive destination: False ,out of road:True   Total T: 657635 Episode Num: 1819 Episode T: 489 Reward: 455.151 Cost: 24.000 ShieldInt: 30 ShieldDist: 25.530
arrive destination: True ,out of road:False   Total T: 657859 Episode Num: 1820 Episode T: 224 Reward: 295.637 Cost: 6.000 ShieldInt: 9 ShieldDist: 3.111
arrive destination: True ,out of road:False   Total T: 658121 Episode Num: 1821 Episode T: 262 Reward: 267.856 Cost: 3.000 ShieldInt: 4 ShieldDist: 0.600
arrive destination: True ,out of road:False   Total T: 658459 Episode Num: 1822 Episode T: 338 Reward: 390.931 Cost: 0.000 ShieldInt: 6 ShieldDist: 0.823
arrive destination: True ,out of road:False   Total T: 658666 Episode Num: 1823 Episode T: 207 Reward: 243.348 Cost: 0.000 ShieldInt: 8 ShieldDist: 1.124
arrive destination: True ,out of road:False   Total T: 659007 Episode Num: 1824 Episode T: 341 Reward: 335.847 Cost: 12.000 ShieldInt: 5 ShieldDist: 0.749
arrive destination: True ,out of road:False   Total T: 659258 Episode Num: 1825 Episode T: 251 Reward: 233.108 Cost: 5.000 ShieldInt: 12 ShieldDist: 12.522
arrive destination: True ,out of road:False   Total T: 659626 Episode Num: 1826 Episode T: 368 Reward: 359.278 Cost: 4.000 ShieldInt: 15 ShieldDist: 5.851
arrive destination: True ,out of road:False   Total T: 659905 Episode Num: 1827 Episode T: 279 Reward: 270.406 Cost: 9.000 ShieldInt: 17 ShieldDist: 15.096
---------------------------------------
Evaluation over 20 episodes: 0.750 Cost 6.350.             SafeRL used : use_qpsl
---------------------------------------
[34;1m
Time: 2026-07-01 22:03:54, Time spent from previous logger: 159.853 s[0m
[34;1mCustomLogger with fileds: ['total_steps', 'EpRet', 'EpCost', 'CostRate'][0m
[34;1mfieldvalues: [660000, 0.75, 6.35, 0.037269753439020364]
[0m
arrive destination: False ,out of road:True   Total T: 660211 Episode Num: 1828 Episode T: 306 Reward: 306.278 Cost: 3.000 ShieldInt: 7 ShieldDist: 3.061
arrive destination: False ,out of road:True   Total T: 660634 Episode Num: 1829 Episode T: 423 Reward: 447.099 Cost: 5.000 ShieldInt: 25 ShieldDist: 22.244
arrive destination: True ,out of road:False   Total T: 661025 Episode Num: 1830 Episode T: 391 Reward: 352.369 Cost: 10.000 ShieldInt: 40 ShieldDist: 47.445
arrive destination: True ,out of road:False   Total T: 661523 Episode Num: 1831 Episode T: 498 Reward: 421.767 Cost: 16.000 ShieldInt: 20 ShieldDist: 15.385
arrive destination: False ,out of road:True   Total T: 661728 Episode Num: 1832 Episode T: 205 Reward: 225.124 Cost: 5.000 ShieldInt: 6 ShieldDist: 0.849
arrive destination: True ,out of road:False   Total T: 662139 Episode Num: 1833 Episode T: 411 Reward: 403.984 Cost: 18.000 ShieldInt: 14 ShieldDist: 7.177
arrive destination: True ,out of road:False   Total T: 662699 Episode Num: 1834 Episode T: 560 Reward: 417.349 Cost: 42.000 ShieldInt: 17 ShieldDist: 8.909
arrive destination: True ,out of road:False   Total T: 663001 Episode Num: 1835 Episode T: 302 Reward: 349.364 Cost: 4.000 ShieldInt: 2 ShieldDist: 1.782
arrive destination: True ,out of road:False   Total T: 663248 Episode Num: 1836 Episode T: 247 Reward: 233.935 Cost: 16.000 ShieldInt: 12 ShieldDist: 11.050
arrive destination: True ,out of road:False   Total T: 663597 Episode Num: 1837 Episode T: 349 Reward: 412.776 Cost: 3.000 ShieldInt: 16 ShieldDist: 17.913
arrive destination: True ,out of road:False   Total T: 663929 Episode Num: 1838 Episode T: 332 Reward: 391.654 Cost: 0.000 ShieldInt: 1 ShieldDist: 0.150
arrive destination: True ,out of road:False   Total T: 664262 Episode Num: 1839 Episode T: 333 Reward: 393.927 Cost: 0.000 ShieldInt: 4 ShieldDist: 0.564
arrive destination: True ,out of road:False   Total T: 664904 Episode Num: 1840 Episode T: 642 Reward: 421.295 Cost: 37.000 ShieldInt: 10 ShieldDist: 6.743
arrive destination: True ,out of road:False   Total T: 665118 Episode Num: 1841 Episode T: 214 Reward: 240.567 Cost: 0.000 ShieldInt: 5 ShieldDist: 0.738
arrive destination: True ,out of road:False   Total T: 665357 Episode Num: 1842 Episode T: 239 Reward: 263.467 Cost: 4.000 ShieldInt: 2 ShieldDist: 0.279
arrive destination: True ,out of road:False   Total T: 665609 Episode Num: 1843 Episode T: 252 Reward: 334.981 Cost: 4.000 ShieldInt: 5 ShieldDist: 0.691
arrive destination: True ,out of road:False   Total T: 665801 Episode Num: 1844 Episode T: 192 Reward: 269.194 Cost: 0.000 ShieldInt: 6 ShieldDist: 0.856
arrive destination: True ,out of road:False   Total T: 666299 Episode Num: 1845 Episode T: 498 Reward: 335.933 Cost: 30.000 ShieldInt: 54 ShieldDist: 46.108
arrive destination: True ,out of road:False   Total T: 666791 Episode Num: 1846 Episode T: 492 Reward: 502.842 Cost: 24.000 ShieldInt: 37 ShieldDist: 48.455
arrive destination: False ,out of road:True   Total T: 666854 Episode Num: 1847 Episode T: 63 Reward: 31.683 Cost: 1.000 ShieldInt: 0 ShieldDist: 0.000
arrive destination: True ,out of road:False   Total T: 667057 Episode Num: 1848 Episode T: 203 Reward: 285.125 Cost: 0.000 ShieldInt: 8 ShieldDist: 1.135
arrive destination: True ,out of road:False   Total T: 667374 Episode Num: 1849 Episode T: 317 Reward: 351.606 Cost: 12.000 ShieldInt: 5 ShieldDist: 0.722
arrive destination: True ,out of road:False   Total T: 667907 Episode Num: 1850 Episode T: 533 Reward: 492.795 Cost: 33.000 ShieldInt: 32 ShieldDist: 35.767
arrive destination: True ,out of road:False   Total T: 668283 Episode Num: 1851 Episode T: 376 Reward: 382.211 Cost: 21.000 ShieldInt: 11 ShieldDist: 8.380
arrive destination: True ,out of road:False   Total T: 668632 Episode Num: 1852 Episode T: 349 Reward: 353.461 Cost: 9.000 ShieldInt: 28 ShieldDist: 20.473
arrive destination: False ,out of road:True   Total T: 668757 Episode Num: 1853 Episode T: 125 Reward: 115.560 Cost: 10.000 ShieldInt: 9 ShieldDist: 10.504
arrive destination: True ,out of road:False   Total T: 669112 Episode Num: 1854 Episode T: 355 Reward: 400.634 Cost: 25.000 ShieldInt: 25 ShieldDist: 35.026
arrive destination: True ,out of road:False   Total T: 669553 Episode Num: 1855 Episode T: 441 Reward: 383.101 Cost: 29.000 ShieldInt: 22 ShieldDist: 17.458
arrive destination: True ,out of road:False   Total T: 669770 Episode Num: 1856 Episode T: 217 Reward: 240.843 Cost: 0.000 ShieldInt: 7 ShieldDist: 0.990
---------------------------------------
Evaluation over 20 episodes: 0.700 Cost 14.550.             SafeRL used : use_qpsl
---------------------------------------
[34;1m
Time: 2026-07-01 22:06:50, Time spent from previous logger: 176.021 s[0m
[34;1mCustomLogger with fileds: ['total_steps', 'EpRet', 'EpCost', 'CostRate'][0m
[34;1mfieldvalues: [670000, 0.7, 14.55, 0.037268712341361705]
[0m
arrive destination: False ,out of road:True   Total T: 670447 Episode Num: 1857 Episode T: 677 Reward: 550.937 Cost: 41.000 ShieldInt: 8 ShieldDist: 1.084
arrive destination: True ,out of road:False   Total T: 670744 Episode Num: 1858 Episode T: 297 Reward: 398.978 Cost: 3.000 ShieldInt: 7 ShieldDist: 4.674
arrive destination: True ,out of road:False   Total T: 671071 Episode Num: 1859 Episode T: 327 Reward: 294.487 Cost: 11.000 ShieldInt: 13 ShieldDist: 12.224
arrive destination: True ,out of road:False   Total T: 671519 Episode Num: 1860 Episode T: 448 Reward: 491.318 Cost: 19.000 ShieldInt: 18 ShieldDist: 21.443
arrive destination: True ,out of road:False   Total T: 671743 Episode Num: 1861 Episode T: 224 Reward: 268.246 Cost: 0.000 ShieldInt: 4 ShieldDist: 0.526
arrive destination: True ,out of road:False   Total T: 671992 Episode Num: 1862 Episode T: 249 Reward: 271.268 Cost: 7.000 ShieldInt: 6 ShieldDist: 7.765
arrive destination: True ,out of road:False   Total T: 672230 Episode Num: 1863 Episode T: 238 Reward: 266.642 Cost: 3.000 ShieldInt: 2 ShieldDist: 0.300
arrive destination: True ,out of road:False   Total T: 672459 Episode Num: 1864 Episode T: 229 Reward: 295.613 Cost: 7.000 ShieldInt: 15 ShieldDist: 12.291
arrive destination: True ,out of road:False   Total T: 672966 Episode Num: 1865 Episode T: 507 Reward: 495.038 Cost: 23.000 ShieldInt: 33 ShieldDist: 44.160
arrive destination: True ,out of road:False   Total T: 673297 Episode Num: 1866 Episode T: 331 Reward: 391.523 Cost: 0.000 ShieldInt: 11 ShieldDist: 1.557
arrive destination: True ,out of road:False   Total T: 673818 Episode Num: 1867 Episode T: 521 Reward: 510.528 Cost: 14.000 ShieldInt: 22 ShieldDist: 14.086
arrive destination: True ,out of road:False   Total T: 674139 Episode Num: 1868 Episode T: 321 Reward: 260.258 Cost: 34.000 ShieldInt: 56 ShieldDist: 95.336
arrive destination: True ,out of road:False   Total T: 674471 Episode Num: 1869 Episode T: 332 Reward: 265.837 Cost: 36.000 ShieldInt: 51 ShieldDist: 73.541
arrive destination: True ,out of road:False   Total T: 674868 Episode Num: 1870 Episode T: 397 Reward: 376.428 Cost: 10.000 ShieldInt: 22 ShieldDist: 10.497
arrive destination: True ,out of road:False   Total T: 675250 Episode Num: 1871 Episode T: 382 Reward: 374.452 Cost: 19.000 ShieldInt: 34 ShieldDist: 32.487
arrive destination: True ,out of road:False   Total T: 675597 Episode Num: 1872 Episode T: 347 Reward: 335.553 Cost: 4.000 ShieldInt: 16 ShieldDist: 21.934
arrive destination: False ,out of road:True   Total T: 676003 Episode Num: 1873 Episode T: 406 Reward: 460.141 Cost: 23.000 ShieldInt: 6 ShieldDist: 7.351
arrive destination: True ,out of road:False   Total T: 676406 Episode Num: 1874 Episode T: 403 Reward: 353.710 Cost: 17.000 ShieldInt: 32 ShieldDist: 43.116
arrive destination: True ,out of road:False   Total T: 676633 Episode Num: 1875 Episode T: 227 Reward: 272.463 Cost: 4.000 ShieldInt: 4 ShieldDist: 0.542
arrive destination: False ,out of road:True   Total T: 676882 Episode Num: 1876 Episode T: 249 Reward: 313.248 Cost: 2.000 ShieldInt: 7 ShieldDist: 2.363
arrive destination: False ,out of road:True   Total T: 676927 Episode Num: 1877 Episode T: 45 Reward: 12.111 Cost: 1.000 ShieldInt: 0 ShieldDist: 0.000
arrive destination: True ,out of road:False   Total T: 677324 Episode Num: 1878 Episode T: 397 Reward: 364.074 Cost: 12.000 ShieldInt: 27 ShieldDist: 28.670
arrive destination: True ,out of road:False   Total T: 677520 Episode Num: 1879 Episode T: 196 Reward: 279.675 Cost: 7.000 ShieldInt: 5 ShieldDist: 0.720
arrive destination: True ,out of road:False   Total T: 677707 Episode Num: 1880 Episode T: 187 Reward: 269.497 Cost: 0.000 ShieldInt: 6 ShieldDist: 0.833
arrive destination: True ,out of road:False   Total T: 678009 Episode Num: 1881 Episode T: 302 Reward: 353.304 Cost: 8.000 ShieldInt: 14 ShieldDist: 1.924
arrive destination: False ,out of road:True   Total T: 678123 Episode Num: 1882 Episode T: 114 Reward: 110.770 Cost: 4.000 ShieldInt: 2 ShieldDist: 0.278
arrive destination: True ,out of road:False   Total T: 678601 Episode Num: 1883 Episode T: 478 Reward: 477.998 Cost: 13.000 ShieldInt: 31 ShieldDist: 28.045
arrive destination: True ,out of road:False   Total T: 678823 Episode Num: 1884 Episode T: 222 Reward: 266.808 Cost: 5.000 ShieldInt: 5 ShieldDist: 1.500
arrive destination: True ,out of road:False   Total T: 679021 Episode Num: 1885 Episode T: 198 Reward: 284.549 Cost: 0.000 ShieldInt: 4 ShieldDist: 0.554
arrive destination: True ,out of road:False   Total T: 679464 Episode Num: 1886 Episode T: 443 Reward: 477.539 Cost: 6.000 ShieldInt: 18 ShieldDist: 16.522
arrive destination: False ,out of road:True   Total T: 679887 Episode Num: 1887 Episode T: 423 Reward: 383.142 Cost: 24.000 ShieldInt: 10 ShieldDist: 1.408
---------------------------------------
Evaluation over 20 episodes: 0.650 Cost 9.650.             SafeRL used : use_qpsl
---------------------------------------
[34;1m
Time: 2026-07-01 22:09:47, Time spent from previous logger: 176.423 s[0m
[34;1mCustomLogger with fileds: ['total_steps', 'EpRet', 'EpCost', 'CostRate'][0m
[34;1mfieldvalues: [680000, 0.65, 9.65, 0.037229466513921346]
[0m
arrive destination: False ,out of road:True   Total T: 680044 Episode Num: 1888 Episode T: 157 Reward: 125.969 Cost: 1.000 ShieldInt: 0 ShieldDist: 0.000
arrive destination: True ,out of road:False   Total T: 680228 Episode Num: 1889 Episode T: 184 Reward: 269.552 Cost: 1.000 ShieldInt: 5 ShieldDist: 0.745
arrive destination: False ,out of road:True   Total T: 680331 Episode Num: 1890 Episode T: 103 Reward: 87.274 Cost: 2.000 ShieldInt: 5 ShieldDist: 0.674
arrive destination: False ,out of road:True   Total T: 680817 Episode Num: 1891 Episode T: 486 Reward: 462.636 Cost: 34.000 ShieldInt: 47 ShieldDist: 62.289
arrive destination: True ,out of road:False   Total T: 681084 Episode Num: 1892 Episode T: 267 Reward: 264.197 Cost: 7.000 ShieldInt: 5 ShieldDist: 6.005
arrive destination: True ,out of road:False   Total T: 681659 Episode Num: 1893 Episode T: 575 Reward: 494.837 Cost: 47.000 ShieldInt: 79 ShieldDist: 105.617
arrive destination: True ,out of road:False   Total T: 681848 Episode Num: 1894 Episode T: 189 Reward: 270.001 Cost: 0.000 ShieldInt: 4 ShieldDist: 2.392
arrive destination: True ,out of road:False   Total T: 682230 Episode Num: 1895 Episode T: 382 Reward: 374.517 Cost: 15.000 ShieldInt: 8 ShieldDist: 2.191
arrive destination: True ,out of road:False   Total T: 682671 Episode Num: 1896 Episode T: 441 Reward: 503.240 Cost: 8.000 ShieldInt: 12 ShieldDist: 3.201
arrive destination: False ,out of road:True   Total T: 682999 Episode Num: 1897 Episode T: 328 Reward: 377.017 Cost: 1.000 ShieldInt: 20 ShieldDist: 2.905
arrive destination: False ,out of road:False   Total T: 683999 Episode Num: 1898 Episode T: 1000 Reward: 108.301 Cost: 25.000 ShieldInt: 20 ShieldDist: 2.865
arrive destination: True ,out of road:False   Total T: 684260 Episode Num: 1899 Episode T: 261 Reward: 356.407 Cost: 0.000 ShieldInt: 7 ShieldDist: 1.046
arrive destination: True ,out of road:False   Total T: 684488 Episode Num: 1900 Episode T: 228 Reward: 270.947 Cost: 0.000 ShieldInt: 7 ShieldDist: 0.998
arrive destination: False ,out of road:True   Total T: 684825 Episode Num: 1901 Episode T: 337 Reward: 362.173 Cost: 18.000 ShieldInt: 7 ShieldDist: 0.944
arrive destination: True ,out of road:False   Total T: 685072 Episode Num: 1902 Episode T: 247 Reward: 233.334 Cost: 12.000 ShieldInt: 9 ShieldDist: 8.379
arrive destination: False ,out of road:True   Total T: 685504 Episode Num: 1903 Episode T: 432 Reward: 347.842 Cost: 17.000 ShieldInt: 36 ShieldDist: 33.836
arrive destination: False ,out of road:True   Total T: 685742 Episode Num: 1904 Episode T: 238 Reward: 207.854 Cost: 6.000 ShieldInt: 14 ShieldDist: 15.325
arrive destination: True ,out of road:False   Total T: 685947 Episode Num: 1905 Episode T: 205 Reward: 245.012 Cost: 0.000 ShieldInt: 7 ShieldDist: 1.038
arrive destination: True ,out of road:False   Total T: 686136 Episode Num: 1906 Episode T: 189 Reward: 269.993 Cost: 1.000 ShieldInt: 5 ShieldDist: 0.655
arrive destination: True ,out of road:False   Total T: 686389 Episode Num: 1907 Episode T: 253 Reward: 336.013 Cost: 0.000 ShieldInt: 6 ShieldDist: 5.642
arrive destination: True ,out of road:False   Total T: 686798 Episode Num: 1908 Episode T: 409 Reward: 367.246 Cost: 29.000 ShieldInt: 29 ShieldDist: 26.866
arrive destination: True ,out of road:False   Total T: 687249 Episode Num: 1909 Episode T: 451 Reward: 374.682 Cost: 25.000 ShieldInt: 20 ShieldDist: 6.708
arrive destination: True ,out of road:False   Total T: 687706 Episode Num: 1910 Episode T: 457 Reward: 478.280 Cost: 9.000 ShieldInt: 20 ShieldDist: 23.597
arrive destination: True ,out of road:False   Total T: 688156 Episode Num: 1911 Episode T: 450 Reward: 407.542 Cost: 21.000 ShieldInt: 13 ShieldDist: 15.900
arrive destination: True ,out of road:False   Total T: 688492 Episode Num: 1912 Episode T: 336 Reward: 364.068 Cost: 11.000 ShieldInt: 26 ShieldDist: 22.646
arrive destination: True ,out of road:False   Total T: 688888 Episode Num: 1913 Episode T: 396 Reward: 396.601 Cost: 12.000 ShieldInt: 25 ShieldDist: 29.165
arrive destination: True ,out of road:False   Total T: 689121 Episode Num: 1914 Episode T: 233 Reward: 270.731 Cost: 0.000 ShieldInt: 2 ShieldDist: 0.300
arrive destination: False ,out of road:True   Total T: 689284 Episode Num: 1915 Episode T: 163 Reward: 151.047 Cost: 5.000 ShieldInt: 2 ShieldDist: 0.231
arrive destination: True ,out of road:False   Total T: 689488 Episode Num: 1916 Episode T: 204 Reward: 242.107 Cost: 0.000 ShieldInt: 3 ShieldDist: 0.407
arrive destination: True ,out of road:False   Total T: 689905 Episode Num: 1917 Episode T: 417 Reward: 401.760 Cost: 22.000 ShieldInt: 28 ShieldDist: 42.778
---------------------------------------
Evaluation over 20 episodes: 0.400 Cost 7.250.             SafeRL used : use_qpsl
---------------------------------------
[34;1m
Time: 2026-07-01 22:12:38, Time spent from previous logger: 171.305 s[0m
[34;1mCustomLogger with fileds: ['total_steps', 'EpRet', 'EpCost', 'CostRate'][0m
[34;1mfieldvalues: [690000, 0.4, 7.25, 0.03716672053147903]
[0m
arrive destination: True ,out of road:False   Total T: 690209 Episode Num: 1918 Episode T: 304 Reward: 371.818 Cost: 0.000 ShieldInt: 8 ShieldDist: 1.100
arrive destination: True ,out of road:False   Total T: 690427 Episode Num: 1919 Episode T: 218 Reward: 287.989 Cost: 2.000 ShieldInt: 5 ShieldDist: 0.750
arrive destination: True ,out of road:False   Total T: 690691 Episode Num: 1920 Episode T: 264 Reward: 353.244 Cost: 0.000 ShieldInt: 7 ShieldDist: 0.979
arrive destination: True ,out of road:False   Total T: 691365 Episode Num: 1921 Episode T: 674 Reward: 420.108 Cost: 44.000 ShieldInt: 41 ShieldDist: 48.678
arrive destination: False ,out of road:True   Total T: 691479 Episode Num: 1922 Episode T: 114 Reward: 96.853 Cost: 5.000 ShieldInt: 2 ShieldDist: 0.265
arrive destination: True ,out of road:False   Total T: 691685 Episode Num: 1923 Episode T: 206 Reward: 285.626 Cost: 0.000 ShieldInt: 6 ShieldDist: 0.889
arrive destination: True ,out of road:False   Total T: 692064 Episode Num: 1924 Episode T: 379 Reward: 377.513 Cost: 21.000 ShieldInt: 26 ShieldDist: 27.097
arrive destination: True ,out of road:False   Total T: 692314 Episode Num: 1925 Episode T: 250 Reward: 230.635 Cost: 5.000 ShieldInt: 10 ShieldDist: 1.362
arrive destination: True ,out of road:True   Total T: 692731 Episode Num: 1926 Episode T: 417 Reward: 375.642 Cost: 31.000 ShieldInt: 39 ShieldDist: 39.515
arrive destination: True ,out of road:False   Total T: 693211 Episode Num: 1927 Episode T: 480 Reward: 414.476 Cost: 29.000 ShieldInt: 27 ShieldDist: 29.228
arrive destination: True ,out of road:False   Total T: 693478 Episode Num: 1928 Episode T: 267 Reward: 335.738 Cost: 3.000 ShieldInt: 2 ShieldDist: 0.258
arrive destination: True ,out of road:False   Total T: 693737 Episode Num: 1929 Episode T: 259 Reward: 233.322 Cost: 15.000 ShieldInt: 8 ShieldDist: 11.617
arrive destination: True ,out of road:False   Total T: 694237 Episode Num: 1930 Episode T: 500 Reward: 404.929 Cost: 20.000 ShieldInt: 22 ShieldDist: 23.023
arrive destination: True ,out of road:False   Total T: 694505 Episode Num: 1931 Episode T: 268 Reward: 231.431 Cost: 11.000 ShieldInt: 22 ShieldDist: 24.095
arrive destination: False ,out of road:True   Total T: 694608 Episode Num: 1932 Episode T: 103 Reward: 78.608 Cost: 5.000 ShieldInt: 4 ShieldDist: 0.580
arrive destination: False ,out of road:True   Total T: 694836 Episode Num: 1933 Episode T: 228 Reward: 245.139 Cost: 11.000 ShieldInt: 10 ShieldDist: 1.451
arrive destination: True ,out of road:False   Total T: 695065 Episode Num: 1934 Episode T: 229 Reward: 233.041 Cost: 11.000 ShieldInt: 8 ShieldDist: 4.603
arrive destination: True ,out of road:False   Total T: 695410 Episode Num: 1935 Episode T: 345 Reward: 394.932 Cost: 0.000 ShieldInt: 8 ShieldDist: 1.184
arrive destination: True ,out of road:False   Total T: 695748 Episode Num: 1936 Episode T: 338 Reward: 394.073 Cost: 4.000 ShieldInt: 11 ShieldDist: 5.101
arrive destination: True ,out of road:False   Total T: 696086 Episode Num: 1937 Episode T: 338 Reward: 389.717 Cost: 0.000 ShieldInt: 2 ShieldDist: 0.258
arrive destination: True ,out of road:False   Total T: 696346 Episode Num: 1938 Episode T: 260 Reward: 357.989 Cost: 0.000 ShieldInt: 6 ShieldDist: 0.881
arrive destination: False ,out of road:True   Total T: 696521 Episode Num: 1939 Episode T: 175 Reward: 208.100 Cost: 7.000 ShieldInt: 2 ShieldDist: 0.300
arrive destination: True ,out of road:False   Total T: 696824 Episode Num: 1940 Episode T: 303 Reward: 376.200 Cost: 13.000 ShieldInt: 8 ShieldDist: 9.945
arrive destination: True ,out of road:False   Total T: 697025 Episode Num: 1941 Episode T: 201 Reward: 230.872 Cost: 5.000 ShieldInt: 6 ShieldDist: 9.397
arrive destination: True ,out of road:False   Total T: 697214 Episode Num: 1942 Episode T: 189 Reward: 269.709 Cost: 5.000 ShieldInt: 4 ShieldDist: 2.275
arrive destination: False ,out of road:True   Total T: 697673 Episode Num: 1943 Episode T: 459 Reward: 371.594 Cost: 30.000 ShieldInt: 15 ShieldDist: 10.647
arrive destination: True ,out of road:False   Total T: 697873 Episode Num: 1944 Episode T: 200 Reward: 232.052 Cost: 0.000 ShieldInt: 3 ShieldDist: 0.450
arrive destination: True ,out of road:False   Total T: 698176 Episode Num: 1945 Episode T: 303 Reward: 351.024 Cost: 6.000 ShieldInt: 11 ShieldDist: 1.586
arrive destination: False ,out of road:True   Total T: 698286 Episode Num: 1946 Episode T: 110 Reward: 104.555 Cost: 1.000 ShieldInt: 2 ShieldDist: 0.291
arrive destination: False ,out of road:True   Total T: 698429 Episode Num: 1947 Episode T: 143 Reward: 163.628 Cost: 3.000 ShieldInt: 3 ShieldDist: 0.434
arrive destination: True ,out of road:False   Total T: 698795 Episode Num: 1948 Episode T: 366 Reward: 394.423 Cost: 0.000 ShieldInt: 10 ShieldDist: 1.446
arrive destination: True ,out of road:False   Total T: 699286 Episode Num: 1949 Episode T: 491 Reward: 424.138 Cost: 26.000 ShieldInt: 32 ShieldDist: 37.083
arrive destination: True ,out of road:False   Total T: 699495 Episode Num: 1950 Episode T: 209 Reward: 244.075 Cost: 0.000 ShieldInt: 7 ShieldDist: 0.940
arrive destination: True ,out of road:False   Total T: 699855 Episode Num: 1951 Episode T: 360 Reward: 395.770 Cost: 0.000 ShieldInt: 5 ShieldDist: 0.718
---------------------------------------
Evaluation over 20 episodes: 0.850 Cost 11.300.             SafeRL used : use_qpsl
---------------------------------------
[34;1m
Time: 2026-07-01 22:15:39, Time spent from previous logger: 181.336 s[0m
[34;1mCustomLogger with fileds: ['total_steps', 'EpRet', 'EpCost', 'CostRate'][0m
[34;1mfieldvalues: [700000, 0.85, 11.3, 0.03708291011844302]
[0m
arrive destination: True ,out of road:False   Total T: 700318 Episode Num: 1952 Episode T: 463 Reward: 416.331 Cost: 11.000 ShieldInt: 19 ShieldDist: 20.411
arrive destination: True ,out of road:False   Total T: 700505 Episode Num: 1953 Episode T: 187 Reward: 269.400 Cost: 0.000 ShieldInt: 5 ShieldDist: 0.750
arrive destination: True ,out of road:False   Total T: 700887 Episode Num: 1954 Episode T: 382 Reward: 375.994 Cost: 10.000 ShieldInt: 9 ShieldDist: 2.841
arrive destination: True ,out of road:False   Total T: 701353 Episode Num: 1955 Episode T: 466 Reward: 504.079 Cost: 19.000 ShieldInt: 6 ShieldDist: 0.886
arrive destination: True ,out of road:False   Total T: 701614 Episode Num: 1956 Episode T: 261 Reward: 353.865 Cost: 0.000 ShieldInt: 5 ShieldDist: 0.701
arrive destination: True ,out of road:False   Total T: 701859 Episode Num: 1957 Episode T: 245 Reward: 232.238 Cost: 15.000 ShieldInt: 10 ShieldDist: 3.017
arrive destination: True ,out of road:False   Total T: 702338 Episode Num: 1958 Episode T: 479 Reward: 336.286 Cost: 29.000 ShieldInt: 31 ShieldDist: 44.220
arrive destination: True ,out of road:False   Total T: 702712 Episode Num: 1959 Episode T: 374 Reward: 406.529 Cost: 9.000 ShieldInt: 15 ShieldDist: 4.022
arrive destination: True ,out of road:False   Total T: 703096 Episode Num: 1960 Episode T: 384 Reward: 375.784 Cost: 4.000 ShieldInt: 15 ShieldDist: 11.258
arrive destination: True ,out of road:False   Total T: 703487 Episode Num: 1961 Episode T: 391 Reward: 393.954 Cost: 21.000 ShieldInt: 12 ShieldDist: 11.928
arrive destination: True ,out of road:False   Total T: 704033 Episode Num: 1962 Episode T: 546 Reward: 415.586 Cost: 22.000 ShieldInt: 26 ShieldDist: 24.551
arrive destination: True ,out of road:False   Total T: 704546 Episode Num: 1963 Episode T: 513 Reward: 512.875 Cost: 19.000 ShieldInt: 27 ShieldDist: 23.599
arrive destination: True ,out of road:False   Total T: 704777 Episode Num: 1964 Episode T: 231 Reward: 263.217 Cost: 3.000 ShieldInt: 3 ShieldDist: 2.158
arrive destination: True ,out of road:False   Total T: 704959 Episode Num: 1965 Episode T: 182 Reward: 268.908 Cost: 6.000 ShieldInt: 7 ShieldDist: 1.004
arrive destination: True ,out of road:False   Total T: 705348 Episode Num: 1966 Episode T: 389 Reward: 406.056 Cost: 7.000 ShieldInt: 26 ShieldDist: 18.722
arrive destination: True ,out of road:False   Total T: 705688 Episode Num: 1967 Episode T: 340 Reward: 395.951 Cost: 0.000 ShieldInt: 8 ShieldDist: 1.144
arrive destination: True ,out of road:False   Total T: 705876 Episode Num: 1968 Episode T: 188 Reward: 269.424 Cost: 0.000 ShieldInt: 9 ShieldDist: 1.276
arrive destination: True ,out of road:False   Total T: 706068 Episode Num: 1969 Episode T: 192 Reward: 241.536 Cost: 0.000 ShieldInt: 3 ShieldDist: 0.438
arrive destination: False ,out of road:True   Total T: 706528 Episode Num: 1970 Episode T: 460 Reward: 374.486 Cost: 26.000 ShieldInt: 35 ShieldDist: 31.928
arrive destination: True ,out of road:False   Total T: 706802 Episode Num: 1971 Episode T: 274 Reward: 263.004 Cost: 13.000 ShieldInt: 7 ShieldDist: 6.328
arrive destination: True ,out of road:False   Total T: 707112 Episode Num: 1972 Episode T: 310 Reward: 268.281 Cost: 19.000 ShieldInt: 7 ShieldDist: 0.950
arrive destination: True ,out of road:False   Total T: 707369 Episode Num: 1973 Episode T: 257 Reward: 233.239 Cost: 5.000 ShieldInt: 18 ShieldDist: 15.645
arrive destination: True ,out of road:False   Total T: 707850 Episode Num: 1974 Episode T: 481 Reward: 472.729 Cost: 15.000 ShieldInt: 17 ShieldDist: 22.692
arrive destination: True ,out of road:False   Total T: 708304 Episode Num: 1975 Episode T: 454 Reward: 335.471 Cost: 38.000 ShieldInt: 10 ShieldDist: 1.416
arrive destination: True ,out of road:False   Total T: 708797 Episode Num: 1976 Episode T: 493 Reward: 470.338 Cost: 14.000 ShieldInt: 24 ShieldDist: 13.525
arrive destination: True ,out of road:False   Total T: 709373 Episode Num: 1977 Episode T: 576 Reward: 472.772 Cost: 43.000 ShieldInt: 69 ShieldDist: 81.220
arrive destination: True ,out of road:False   Total T: 709665 Episode Num: 1978 Episode T: 292 Reward: 349.350 Cost: 8.000 ShieldInt: 12 ShieldDist: 1.695
arrive destination: True ,out of road:False   Total T: 709959 Episode Num: 1979 Episode T: 294 Reward: 274.473 Cost: 16.000 ShieldInt: 16 ShieldDist: 22.925
---------------------------------------
Evaluation over 20 episodes: 0.750 Cost 7.750.             SafeRL used : use_qpsl
---------------------------------------
[34;1m
Time: 2026-07-01 22:18:29, Time spent from previous logger: 169.912 s[0m
[34;1mCustomLogger with fileds: ['total_steps', 'EpRet', 'EpCost', 'CostRate'][0m
[34;1mfieldvalues: [710000, 0.75, 7.75, 0.037084559274027144]
[0m
arrive destination: False ,out of road:True   Total T: 710234 Episode Num: 1980 Episode T: 275 Reward: 108.774 Cost: 5.000 ShieldInt: 10 ShieldDist: 5.830
arrive destination: True ,out of road:False   Total T: 710725 Episode Num: 1981 Episode T: 491 Reward: 475.986 Cost: 13.000 ShieldInt: 12 ShieldDist: 10.566
arrive destination: True ,out of road:False   Total T: 711038 Episode Num: 1982 Episode T: 313 Reward: 269.219 Cost: 11.000 ShieldInt: 13 ShieldDist: 9.081
arrive destination: True ,out of road:False   Total T: 711226 Episode Num: 1983 Episode T: 188 Reward: 269.360 Cost: 0.000 ShieldInt: 2 ShieldDist: 0.300
arrive destination: True ,out of road:False   Total T: 711420 Episode Num: 1984 Episode T: 194 Reward: 232.941 Cost: 4.000 ShieldInt: 4 ShieldDist: 2.435
arrive destination: True ,out of road:False   Total T: 711895 Episode Num: 1985 Episode T: 475 Reward: 504.268 Cost: 15.000 ShieldInt: 31 ShieldDist: 31.196
arrive destination: True ,out of road:False   Total T: 712107 Episode Num: 1986 Episode T: 212 Reward: 285.138 Cost: 0.000 ShieldInt: 6 ShieldDist: 0.735
arrive destination: True ,out of road:False   Total T: 712343 Episode Num: 1987 Episode T: 236 Reward: 233.402 Cost: 11.000 ShieldInt: 9 ShieldDist: 3.145
arrive destination: True ,out of road:False   Total T: 712746 Episode Num: 1988 Episode T: 403 Reward: 493.331 Cost: 11.000 ShieldInt: 15 ShieldDist: 2.216
arrive destination: True ,out of road:False   Total T: 713181 Episode Num: 1989 Episode T: 435 Reward: 370.637 Cost: 7.000 ShieldInt: 33 ShieldDist: 47.459
arrive destination: True ,out of road:False   Total T: 713669 Episode Num: 1990 Episode T: 488 Reward: 469.830 Cost: 15.000 ShieldInt: 22 ShieldDist: 20.263
arrive destination: True ,out of road:False   Total T: 713877 Episode Num: 1991 Episode T: 208 Reward: 242.605 Cost: 0.000 ShieldInt: 4 ShieldDist: 0.489
arrive destination: True ,out of road:False   Total T: 714244 Episode Num: 1992 Episode T: 367 Reward: 396.166 Cost: 3.000 ShieldInt: 7 ShieldDist: 0.972
arrive destination: True ,out of road:False   Total T: 714506 Episode Num: 1993 Episode T: 262 Reward: 296.060 Cost: 9.000 ShieldInt: 19 ShieldDist: 27.928
arrive destination: False ,out of road:True   Total T: 714611 Episode Num: 1994 Episode T: 105 Reward: 74.636 Cost: 5.000 ShieldInt: 2 ShieldDist: 0.283
arrive destination: True ,out of road:False   Total T: 714942 Episode Num: 1995 Episode T: 331 Reward: 359.949 Cost: 5.000 ShieldInt: 18 ShieldDist: 9.767
arrive destination: True ,out of road:False   Total T: 715193 Episode Num: 1996 Episode T: 251 Reward: 269.792 Cost: 5.000 ShieldInt: 1 ShieldDist: 0.150
arrive destination: True ,out of road:False   Total T: 715488 Episode Num: 1997 Episode T: 295 Reward: 295.563 Cost: 12.000 ShieldInt: 11 ShieldDist: 12.519
arrive destination: True ,out of road:False   Total T: 715773 Episode Num: 1998 Episode T: 285 Reward: 355.430 Cost: 4.000 ShieldInt: 9 ShieldDist: 3.178
arrive destination: True ,out of road:False   Total T: 716176 Episode Num: 1999 Episode T: 403 Reward: 372.300 Cost: 8.000 ShieldInt: 14 ShieldDist: 4.908
arrive destination: False ,out of road:True   Total T: 716336 Episode Num: 2000 Episode T: 160 Reward: 162.152 Cost: 10.000 ShieldInt: 9 ShieldDist: 3.376
arrive destination: False ,out of road:True   Total T: 716625 Episode Num: 2001 Episode T: 289 Reward: 310.918 Cost: 7.000 ShieldInt: 11 ShieldDist: 1.650
arrive destination: True ,out of road:False   Total T: 716965 Episode Num: 2002 Episode T: 340 Reward: 400.893 Cost: 0.000 ShieldInt: 5 ShieldDist: 0.720
arrive destination: True ,out of road:False   Total T: 717198 Episode Num: 2003 Episode T: 233 Reward: 232.609 Cost: 10.000 ShieldInt: 4 ShieldDist: 0.600
arrive destination: True ,out of road:False   Total T: 717416 Episode Num: 2004 Episode T: 218 Reward: 246.151 Cost: 0.000 ShieldInt: 7 ShieldDist: 0.952
arrive destination: True ,out of road:False   Total T: 717626 Episode Num: 2005 Episode T: 210 Reward: 229.566 Cost: 5.000 ShieldInt: 6 ShieldDist: 2.750
arrive destination: True ,out of road:False   Total T: 717870 Episode Num: 2006 Episode T: 244 Reward: 240.831 Cost: 6.000 ShieldInt: 14 ShieldDist: 17.499
arrive destination: True ,out of road:False   Total T: 718078 Episode Num: 2007 Episode T: 208 Reward: 284.899 Cost: 1.000 ShieldInt: 5 ShieldDist: 0.712
arrive destination: True ,out of road:False   Total T: 718629 Episode Num: 2008 Episode T: 551 Reward: 501.245 Cost: 36.000 ShieldInt: 54 ShieldDist: 84.633
arrive destination: True ,out of road:False   Total T: 718860 Episode Num: 2009 Episode T: 231 Reward: 288.821 Cost: 2.000 ShieldInt: 12 ShieldDist: 10.893
arrive destination: True ,out of road:False   Total T: 719066 Episode Num: 2010 Episode T: 206 Reward: 243.849 Cost: 0.000 ShieldInt: 7 ShieldDist: 1.033
arrive destination: True ,out of road:False   Total T: 719499 Episode Num: 2011 Episode T: 433 Reward: 365.271 Cost: 29.000 ShieldInt: 28 ShieldDist: 32.723
arrive destination: False ,out of road:True   Total T: 719639 Episode Num: 2012 Episode T: 140 Reward: 160.349 Cost: 4.000 ShieldInt: 4 ShieldDist: 0.524
arrive destination: True ,out of road:False   Total T: 719985 Episode Num: 2013 Episode T: 346 Reward: 365.983 Cost: 8.000 ShieldInt: 9 ShieldDist: 1.311
---------------------------------------
Evaluation over 20 episodes: 0.700 Cost 14.100.             SafeRL used : use_qpsl
---------------------------------------
[34;1m
Time: 2026-07-01 22:21:21, Time spent from previous logger: 171.816 s[0m
[34;1mCustomLogger with fileds: ['total_steps', 'EpRet', 'EpCost', 'CostRate'][0m
[34;1mfieldvalues: [720000, 0.7, 14.1, 0.03693199573888297]
[0m
arrive destination: True ,out of road:False   Total T: 720305 Episode Num: 2014 Episode T: 320 Reward: 348.455 Cost: 5.000 ShieldInt: 16 ShieldDist: 20.344
arrive destination: True ,out of road:False   Total T: 720597 Episode Num: 2015 Episode T: 292 Reward: 265.553 Cost: 16.000 ShieldInt: 7 ShieldDist: 1.020
arrive destination: True ,out of road:False   Total T: 720808 Episode Num: 2016 Episode T: 211 Reward: 287.049 Cost: 0.000 ShieldInt: 14 ShieldDist: 2.055
arrive destination: False ,out of road:True   Total T: 720974 Episode Num: 2017 Episode T: 166 Reward: 178.532 Cost: 10.000 ShieldInt: 9 ShieldDist: 1.229
arrive destination: True ,out of road:False   Total T: 721340 Episode Num: 2018 Episode T: 366 Reward: 335.743 Cost: 12.000 ShieldInt: 27 ShieldDist: 34.815
arrive destination: False ,out of road:True   Total T: 721431 Episode Num: 2019 Episode T: 91 Reward: 79.759 Cost: 2.000 ShieldInt: 1 ShieldDist: 0.150
arrive destination: True ,out of road:False   Total T: 721633 Episode Num: 2020 Episode T: 202 Reward: 242.146 Cost: 0.000 ShieldInt: 1 ShieldDist: 0.150
arrive destination: True ,out of road:False   Total T: 721971 Episode Num: 2021 Episode T: 338 Reward: 397.902 Cost: 0.000 ShieldInt: 12 ShieldDist: 1.800
arrive destination: True ,out of road:False   Total T: 722176 Episode Num: 2022 Episode T: 205 Reward: 242.516 Cost: 0.000 ShieldInt: 4 ShieldDist: 0.549
arrive destination: True ,out of road:False   Total T: 722708 Episode Num: 2023 Episode T: 532 Reward: 492.094 Cost: 29.000 ShieldInt: 13 ShieldDist: 16.451
arrive destination: True ,out of road:False   Total T: 722991 Episode Num: 2024 Episode T: 283 Reward: 268.750 Cost: 10.000 ShieldInt: 12 ShieldDist: 6.471
arrive destination: True ,out of road:False   Total T: 723219 Episode Num: 2025 Episode T: 228 Reward: 270.940 Cost: 4.000 ShieldInt: 6 ShieldDist: 0.880
arrive destination: True ,out of road:False   Total T: 723471 Episode Num: 2026 Episode T: 252 Reward: 265.653 Cost: 8.000 ShieldInt: 7 ShieldDist: 8.049
arrive destination: True ,out of road:False   Total T: 723699 Episode Num: 2027 Episode T: 228 Reward: 274.434 Cost: 3.000 ShieldInt: 16 ShieldDist: 2.275
arrive destination: True ,out of road:False   Total T: 723891 Episode Num: 2028 Episode T: 192 Reward: 241.212 Cost: 0.000 ShieldInt: 1 ShieldDist: 0.117
arrive destination: True ,out of road:False   Total T: 724259 Episode Num: 2029 Episode T: 368 Reward: 377.307 Cost: 30.000 ShieldInt: 18 ShieldDist: 10.799
arrive destination: True ,out of road:False   Total T: 724719 Episode Num: 2030 Episode T: 460 Reward: 411.474 Cost: 27.000 ShieldInt: 22 ShieldDist: 19.276
arrive destination: True ,out of road:False   Total T: 725199 Episode Num: 2031 Episode T: 480 Reward: 376.694 Cost: 48.000 ShieldInt: 75 ShieldDist: 101.579
arrive destination: True ,out of road:False   Total T: 725591 Episode Num: 2032 Episode T: 392 Reward: 364.572 Cost: 13.000 ShieldInt: 11 ShieldDist: 1.628
arrive destination: True ,out of road:False   Total T: 726108 Episode Num: 2033 Episode T: 517 Reward: 504.197 Cost: 23.000 ShieldInt: 26 ShieldDist: 21.915
arrive destination: False ,out of road:True   Total T: 726628 Episode Num: 2034 Episode T: 520 Reward: 475.128 Cost: 31.000 ShieldInt: 39 ShieldDist: 45.343
arrive destination: True ,out of road:False   Total T: 727097 Episode Num: 2035 Episode T: 469 Reward: 503.476 Cost: 14.000 ShieldInt: 26 ShieldDist: 35.551
arrive destination: False ,out of road:True   Total T: 727559 Episode Num: 2036 Episode T: 462 Reward: 474.017 Cost: 31.000 ShieldInt: 27 ShieldDist: 27.323
arrive destination: True ,out of road:False   Total T: 728007 Episode Num: 2037 Episode T: 448 Reward: 400.632 Cost: 32.000 ShieldInt: 30 ShieldDist: 33.953
arrive destination: True ,out of road:False   Total T: 728430 Episode Num: 2038 Episode T: 423 Reward: 405.031 Cost: 23.000 ShieldInt: 11 ShieldDist: 3.428
arrive destination: True ,out of road:False   Total T: 728696 Episode Num: 2039 Episode T: 266 Reward: 335.948 Cost: 3.000 ShieldInt: 10 ShieldDist: 8.933
arrive destination: True ,out of road:False   Total T: 729030 Episode Num: 2040 Episode T: 334 Reward: 375.398 Cost: 15.000 ShieldInt: 12 ShieldDist: 7.097
arrive destination: True ,out of road:False   Total T: 729235 Episode Num: 2041 Episode T: 205 Reward: 242.210 Cost: 0.000 ShieldInt: 0 ShieldDist: 0.000
arrive destination: True ,out of road:False   Total T: 729438 Episode Num: 2042 Episode T: 203 Reward: 243.731 Cost: 0.000 ShieldInt: 0 ShieldDist: 0.000
arrive destination: True ,out of road:False   Total T: 729818 Episode Num: 2043 Episode T: 380 Reward: 377.983 Cost: 12.000 ShieldInt: 11 ShieldDist: 7.886
---------------------------------------
Evaluation over 20 episodes: 0.700 Cost 13.700.             SafeRL used : use_qpsl
---------------------------------------
[34;1m
Time: 2026-07-01 22:24:24, Time spent from previous logger: 182.630 s[0m
[34;1mCustomLogger with fileds: ['total_steps', 'EpRet', 'EpCost', 'CostRate'][0m
[34;1mfieldvalues: [730000, 0.7, 13.7, 0.03698635203609868]
[0m
arrive destination: True ,out of road:False   Total T: 730523 Episode Num: 2044 Episode T: 705 Reward: 711.584 Cost: 31.000 ShieldInt: 26 ShieldDist: 19.870
arrive destination: True ,out of road:False   Total T: 730871 Episode Num: 2045 Episode T: 348 Reward: 336.101 Cost: 7.000 ShieldInt: 10 ShieldDist: 1.498
arrive destination: True ,out of road:False   Total T: 731322 Episode Num: 2046 Episode T: 451 Reward: 501.778 Cost: 14.000 ShieldInt: 21 ShieldDist: 18.959
arrive destination: True ,out of road:False   Total T: 731779 Episode Num: 2047 Episode T: 457 Reward: 466.227 Cost: 24.000 ShieldInt: 15 ShieldDist: 5.854
arrive destination: True ,out of road:False   Total T: 732106 Episode Num: 2048 Episode T: 327 Reward: 375.971 Cost: 12.000 ShieldInt: 20 ShieldDist: 15.734
arrive destination: True ,out of road:False   Total T: 732673 Episode Num: 2049 Episode T: 567 Reward: 491.294 Cost: 27.000 ShieldInt: 36 ShieldDist: 24.782
arrive destination: True ,out of road:False   Total T: 732931 Episode Num: 2050 Episode T: 258 Reward: 265.649 Cost: 5.000 ShieldInt: 6 ShieldDist: 0.868
arrive destination: True ,out of road:False   Total T: 733142 Episode Num: 2051 Episode T: 211 Reward: 285.126 Cost: 0.000 ShieldInt: 6 ShieldDist: 0.900
arrive destination: True ,out of road:False   Total T: 733354 Episode Num: 2052 Episode T: 212 Reward: 286.956 Cost: 0.000 ShieldInt: 3 ShieldDist: 0.421
arrive destination: True ,out of road:False   Total T: 733874 Episode Num: 2053 Episode T: 520 Reward: 494.051 Cost: 16.000 ShieldInt: 35 ShieldDist: 41.367
arrive destination: True ,out of road:False   Total T: 734232 Episode Num: 2054 Episode T: 358 Reward: 375.087 Cost: 16.000 ShieldInt: 10 ShieldDist: 9.592
arrive destination: True ,out of road:False   Total T: 734597 Episode Num: 2055 Episode T: 365 Reward: 377.313 Cost: 13.000 ShieldInt: 7 ShieldDist: 1.015
arrive destination: True ,out of road:False   Total T: 734965 Episode Num: 2056 Episode T: 368 Reward: 376.196 Cost: 18.000 ShieldInt: 25 ShieldDist: 27.400
arrive destination: True ,out of road:False   Total T: 735412 Episode Num: 2057 Episode T: 447 Reward: 493.763 Cost: 20.000 ShieldInt: 14 ShieldDist: 2.954
arrive destination: True ,out of road:False   Total T: 735637 Episode Num: 2058 Episode T: 225 Reward: 270.485 Cost: 3.000 ShieldInt: 9 ShieldDist: 1.305
arrive destination: True ,out of road:False   Total T: 735989 Episode Num: 2059 Episode T: 352 Reward: 374.211 Cost: 8.000 ShieldInt: 3 ShieldDist: 2.221
arrive destination: True ,out of road:False   Total T: 736195 Episode Num: 2060 Episode T: 206 Reward: 241.938 Cost: 0.000 ShieldInt: 8 ShieldDist: 1.178
arrive destination: True ,out of road:False   Total T: 736393 Episode Num: 2061 Episode T: 198 Reward: 269.431 Cost: 4.000 ShieldInt: 2 ShieldDist: 0.268
arrive destination: True ,out of road:False   Total T: 736872 Episode Num: 2062 Episode T: 479 Reward: 472.130 Cost: 16.000 ShieldInt: 36 ShieldDist: 37.756
arrive destination: True ,out of road:False   Total T: 737260 Episode Num: 2063 Episode T: 388 Reward: 503.869 Cost: 1.000 ShieldInt: 13 ShieldDist: 7.209
arrive destination: True ,out of road:False   Total T: 737550 Episode Num: 2064 Episode T: 290 Reward: 350.074 Cost: 13.000 ShieldInt: 13 ShieldDist: 7.444
arrive destination: False ,out of road:True   Total T: 737895 Episode Num: 2065 Episode T: 345 Reward: 354.719 Cost: 14.000 ShieldInt: 23 ShieldDist: 17.674
arrive destination: True ,out of road:False   Total T: 738296 Episode Num: 2066 Episode T: 401 Reward: 491.232 Cost: 6.000 ShieldInt: 19 ShieldDist: 17.564
arrive destination: True ,out of road:False   Total T: 738634 Episode Num: 2067 Episode T: 338 Reward: 336.319 Cost: 16.000 ShieldInt: 14 ShieldDist: 11.570
arrive destination: True ,out of road:False   Total T: 739029 Episode Num: 2068 Episode T: 395 Reward: 336.205 Cost: 17.000 ShieldInt: 33 ShieldDist: 40.741
arrive destination: True ,out of road:False   Total T: 739225 Episode Num: 2069 Episode T: 196 Reward: 241.609 Cost: 0.000 ShieldInt: 5 ShieldDist: 0.739
arrive destination: True ,out of road:False   Total T: 739701 Episode Num: 2070 Episode T: 476 Reward: 493.429 Cost: 21.000 ShieldInt: 28 ShieldDist: 29.590
arrive destination: True ,out of road:False   Total T: 739924 Episode Num: 2071 Episode T: 223 Reward: 273.297 Cost: 0.000 ShieldInt: 7 ShieldDist: 1.015
---------------------------------------
Evaluation over 20 episodes: 0.950 Cost 19.200.             SafeRL used : use_qpsl
---------------------------------------
[34;1m
Time: 2026-07-01 22:27:29, Time spent from previous logger: 185.284 s[0m
[34;1mCustomLogger with fileds: ['total_steps', 'EpRet', 'EpCost', 'CostRate'][0m
[34;1mfieldvalues: [740000, 0.95, 19.2, 0.036910860690352286]
[0m
arrive destination: True ,out of road:False   Total T: 740304 Episode Num: 2072 Episode T: 380 Reward: 323.023 Cost: 11.000 ShieldInt: 6 ShieldDist: 0.900
arrive destination: True ,out of road:False   Total T: 740570 Episode Num: 2073 Episode T: 266 Reward: 294.354 Cost: 12.000 ShieldInt: 9 ShieldDist: 2.844
arrive destination: True ,out of road:False   Total T: 740876 Episode Num: 2074 Episode T: 306 Reward: 362.783 Cost: 4.000 ShieldInt: 5 ShieldDist: 0.709
arrive destination: True ,out of road:False   Total T: 741217 Episode Num: 2075 Episode T: 341 Reward: 366.936 Cost: 2.000 ShieldInt: 19 ShieldDist: 9.860
arrive destination: False ,out of road:True   Total T: 741413 Episode Num: 2076 Episode T: 196 Reward: 228.638 Cost: 5.000 ShieldInt: 4 ShieldDist: 0.596
arrive destination: True ,out of road:False   Total T: 741680 Episode Num: 2077 Episode T: 267 Reward: 271.242 Cost: 8.000 ShieldInt: 7 ShieldDist: 1.019
arrive destination: True ,out of road:False   Total T: 742048 Episode Num: 2078 Episode T: 368 Reward: 378.207 Cost: 13.000 ShieldInt: 26 ShieldDist: 9.908
arrive destination: True ,out of road:False   Total T: 742310 Episode Num: 2079 Episode T: 262 Reward: 356.079 Cost: 0.000 ShieldInt: 10 ShieldDist: 1.429
arrive destination: True ,out of road:False   Total T: 742613 Episode Num: 2080 Episode T: 303 Reward: 268.989 Cost: 5.000 ShieldInt: 4 ShieldDist: 0.600
arrive destination: True ,out of road:False   Total T: 742835 Episode Num: 2081 Episode T: 222 Reward: 286.631 Cost: 0.000 ShieldInt: 5 ShieldDist: 0.733
arrive destination: True ,out of road:False   Total T: 743227 Episode Num: 2082 Episode T: 392 Reward: 409.792 Cost: 12.000 ShieldInt: 34 ShieldDist: 10.958
arrive destination: True ,out of road:False   Total T: 743456 Episode Num: 2083 Episode T: 229 Reward: 295.864 Cost: 7.000 ShieldInt: 5 ShieldDist: 0.738
arrive destination: True ,out of road:False   Total T: 743760 Episode Num: 2084 Episode T: 304 Reward: 267.918 Cost: 25.000 ShieldInt: 29 ShieldDist: 37.808
arrive destination: True ,out of road:False   Total T: 744098 Episode Num: 2085 Episode T: 338 Reward: 392.902 Cost: 0.000 ShieldInt: 4 ShieldDist: 0.591
arrive destination: True ,out of road:False   Total T: 744429 Episode Num: 2086 Episode T: 331 Reward: 294.085 Cost: 20.000 ShieldInt: 2 ShieldDist: 0.292
arrive destination: True ,out of road:False   Total T: 744958 Episode Num: 2087 Episode T: 529 Reward: 472.832 Cost: 54.000 ShieldInt: 64 ShieldDist: 110.517
arrive destination: True ,out of road:False   Total T: 745420 Episode Num: 2088 Episode T: 462 Reward: 501.625 Cost: 12.000 ShieldInt: 25 ShieldDist: 34.685
arrive destination: False ,out of road:True   Total T: 745821 Episode Num: 2089 Episode T: 401 Reward: 370.898 Cost: 19.000 ShieldInt: 22 ShieldDist: 23.067
arrive destination: True ,out of road:False   Total T: 746068 Episode Num: 2090 Episode T: 247 Reward: 232.547 Cost: 6.000 ShieldInt: 10 ShieldDist: 1.447
arrive destination: True ,out of road:False   Total T: 746442 Episode Num: 2091 Episode T: 374 Reward: 395.525 Cost: 3.000 ShieldInt: 9 ShieldDist: 1.312
arrive destination: True ,out of road:False   Total T: 746894 Episode Num: 2092 Episode T: 452 Reward: 475.278 Cost: 13.000 ShieldInt: 25 ShieldDist: 24.538
arrive destination: False ,out of road:True   Total T: 747073 Episode Num: 2093 Episode T: 179 Reward: 181.974 Cost: 1.000 ShieldInt: 3 ShieldDist: 0.450
arrive destination: False ,out of road:True   Total T: 747511 Episode Num: 2094 Episode T: 438 Reward: 425.058 Cost: 29.000 ShieldInt: 21 ShieldDist: 23.264
arrive destination: True ,out of road:False   Total T: 747849 Episode Num: 2095 Episode T: 338 Reward: 394.269 Cost: 0.000 ShieldInt: 3 ShieldDist: 0.414
arrive destination: True ,out of road:False   Total T: 748190 Episode Num: 2096 Episode T: 341 Reward: 294.614 Cost: 16.000 ShieldInt: 22 ShieldDist: 29.472
arrive destination: True ,out of road:False   Total T: 748435 Episode Num: 2097 Episode T: 245 Reward: 274.261 Cost: 5.000 ShieldInt: 18 ShieldDist: 10.214
arrive destination: True ,out of road:False   Total T: 748823 Episode Num: 2098 Episode T: 388 Reward: 377.921 Cost: 10.000 ShieldInt: 17 ShieldDist: 5.820
arrive destination: True ,out of road:False   Total T: 749247 Episode Num: 2099 Episode T: 424 Reward: 406.254 Cost: 16.000 ShieldInt: 27 ShieldDist: 16.581
arrive destination: True ,out of road:False   Total T: 749514 Episode Num: 2100 Episode T: 267 Reward: 358.693 Cost: 0.000 ShieldInt: 14 ShieldDist: 1.996
arrive destination: True ,out of road:False   Total T: 749889 Episode Num: 2101 Episode T: 375 Reward: 381.005 Cost: 25.000 ShieldInt: 21 ShieldDist: 27.881
---------------------------------------
Evaluation over 20 episodes: 0.900 Cost 11.300.             SafeRL used : use_qpsl
---------------------------------------
[34;1m
Time: 2026-07-01 22:30:25, Time spent from previous logger: 175.377 s[0m
[34;1mCustomLogger with fileds: ['total_steps', 'EpRet', 'EpCost', 'CostRate'][0m
[34;1mfieldvalues: [750000, 0.9, 11.3, 0.036862715816954425]
[0m
arrive destination: True ,out of road:False   Total T: 750440 Episode Num: 2102 Episode T: 551 Reward: 584.781 Cost: 12.000 ShieldInt: 9 ShieldDist: 4.784
arrive destination: True ,out of road:False   Total T: 750646 Episode Num: 2103 Episode T: 206 Reward: 242.812 Cost: 0.000 ShieldInt: 7 ShieldDist: 1.044
arrive destination: True ,out of road:False   Total T: 750853 Episode Num: 2104 Episode T: 207 Reward: 231.999 Cost: 6.000 ShieldInt: 2 ShieldDist: 0.257
arrive destination: True ,out of road:False   Total T: 751231 Episode Num: 2105 Episode T: 378 Reward: 403.650 Cost: 18.000 ShieldInt: 12 ShieldDist: 8.828
arrive destination: True ,out of road:False   Total T: 751462 Episode Num: 2106 Episode T: 231 Reward: 274.080 Cost: 3.000 ShieldInt: 6 ShieldDist: 0.808
arrive destination: True ,out of road:False   Total T: 751688 Episode Num: 2107 Episode T: 226 Reward: 272.881 Cost: 2.000 ShieldInt: 3 ShieldDist: 0.417
arrive destination: False ,out of road:True   Total T: 752105 Episode Num: 2108 Episode T: 417 Reward: 362.184 Cost: 10.000 ShieldInt: 56 ShieldDist: 85.110
arrive destination: True ,out of road:False   Total T: 752331 Episode Num: 2109 Episode T: 226 Reward: 273.703 Cost: 0.000 ShieldInt: 8 ShieldDist: 1.146
arrive destination: True ,out of road:False   Total T: 752588 Episode Num: 2110 Episode T: 257 Reward: 335.813 Cost: 0.000 ShieldInt: 5 ShieldDist: 0.747
arrive destination: True ,out of road:False   Total T: 752790 Episode Num: 2111 Episode T: 202 Reward: 244.270 Cost: 0.000 ShieldInt: 16 ShieldDist: 2.246
arrive destination: True ,out of road:False   Total T: 753060 Episode Num: 2112 Episode T: 270 Reward: 294.889 Cost: 13.000 ShieldInt: 4 ShieldDist: 0.581
arrive destination: True ,out of road:False   Total T: 753288 Episode Num: 2113 Episode T: 228 Reward: 273.618 Cost: 1.000 ShieldInt: 10 ShieldDist: 1.484
arrive destination: True ,out of road:False   Total T: 753752 Episode Num: 2114 Episode T: 464 Reward: 504.653 Cost: 20.000 ShieldInt: 21 ShieldDist: 24.569
arrive destination: False ,out of road:True   Total T: 753921 Episode Num: 2115 Episode T: 169 Reward: 156.222 Cost: 8.000 ShieldInt: 2 ShieldDist: 2.119
arrive destination: True ,out of road:False   Total T: 754370 Episode Num: 2116 Episode T: 449 Reward: 372.857 Cost: 14.000 ShieldInt: 37 ShieldDist: 22.871
arrive destination: False ,out of road:True   Total T: 754516 Episode Num: 2117 Episode T: 146 Reward: 163.883 Cost: 3.000 ShieldInt: 1 ShieldDist: 0.150
arrive destination: True ,out of road:False   Total T: 754742 Episode Num: 2118 Episode T: 226 Reward: 273.695 Cost: 4.000 ShieldInt: 4 ShieldDist: 0.555
arrive destination: True ,out of road:False   Total T: 754942 Episode Num: 2119 Episode T: 200 Reward: 230.782 Cost: 4.000 ShieldInt: 9 ShieldDist: 1.319
arrive destination: True ,out of road:False   Total T: 755263 Episode Num: 2120 Episode T: 321 Reward: 230.697 Cost: 12.000 ShieldInt: 17 ShieldDist: 9.350
arrive destination: True ,out of road:False   Total T: 755474 Episode Num: 2121 Episode T: 211 Reward: 285.651 Cost: 0.000 ShieldInt: 10 ShieldDist: 1.487
arrive destination: True ,out of road:False   Total T: 755914 Episode Num: 2122 Episode T: 440 Reward: 504.791 Cost: 15.000 ShieldInt: 11 ShieldDist: 1.542
arrive destination: True ,out of road:False   Total T: 756297 Episode Num: 2123 Episode T: 383 Reward: 404.951 Cost: 11.000 ShieldInt: 22 ShieldDist: 16.427
arrive destination: True ,out of road:False   Total T: 756544 Episode Num: 2124 Episode T: 247 Reward: 232.019 Cost: 8.000 ShieldInt: 8 ShieldDist: 8.189
arrive destination: True ,out of road:False   Total T: 756797 Episode Num: 2125 Episode T: 253 Reward: 336.019 Cost: 1.000 ShieldInt: 4 ShieldDist: 3.843
arrive destination: True ,out of road:False   Total T: 757004 Episode Num: 2126 Episode T: 207 Reward: 244.677 Cost: 0.000 ShieldInt: 10 ShieldDist: 1.420
arrive destination: False ,out of road:True   Total T: 757496 Episode Num: 2127 Episode T: 492 Reward: 452.547 Cost: 27.000 ShieldInt: 25 ShieldDist: 21.965
arrive destination: False ,out of road:False   Total T: 758496 Episode Num: 2128 Episode T: 1000 Reward: 64.405 Cost: 21.000 ShieldInt: 799 ShieldDist: 1416.985
arrive destination: True ,out of road:False   Total T: 758822 Episode Num: 2129 Episode T: 326 Reward: 373.779 Cost: 12.000 ShieldInt: 15 ShieldDist: 5.310
arrive destination: False ,out of road:True   Total T: 758918 Episode Num: 2130 Episode T: 96 Reward: 79.322 Cost: 3.000 ShieldInt: 4 ShieldDist: 0.549
arrive destination: True ,out of road:False   Total T: 759123 Episode Num: 2131 Episode T: 205 Reward: 243.490 Cost: 0.000 ShieldInt: 10 ShieldDist: 1.421
arrive destination: True ,out of road:False   Total T: 759338 Episode Num: 2132 Episode T: 215 Reward: 241.693 Cost: 0.000 ShieldInt: 5 ShieldDist: 0.713
arrive destination: True ,out of road:False   Total T: 759720 Episode Num: 2133 Episode T: 382 Reward: 375.763 Cost: 17.000 ShieldInt: 15 ShieldDist: 3.321
arrive destination: True ,out of road:False   Total T: 759928 Episode Num: 2134 Episode T: 208 Reward: 286.184 Cost: 0.000 ShieldInt: 6 ShieldDist: 0.848
---------------------------------------
Evaluation over 20 episodes: 0.650 Cost 14.950.             SafeRL used : use_qpsl
---------------------------------------
[34;1m
Time: 2026-07-01 22:33:12, Time spent from previous logger: 167.664 s[0m
[34;1mCustomLogger with fileds: ['total_steps', 'EpRet', 'EpCost', 'CostRate'][0m
[34;1mfieldvalues: [760000, 0.65, 14.95, 0.03670004828953723]
[0m
arrive destination: True ,out of road:False   Total T: 760376 Episode Num: 2135 Episode T: 448 Reward: 549.873 Cost: 5.000 ShieldInt: 8 ShieldDist: 1.098
arrive destination: False ,out of road:True   Total T: 760780 Episode Num: 2136 Episode T: 404 Reward: 406.295 Cost: 21.000 ShieldInt: 23 ShieldDist: 24.547
arrive destination: True ,out of road:False   Total T: 761135 Episode Num: 2137 Episode T: 355 Reward: 366.797 Cost: 18.000 ShieldInt: 11 ShieldDist: 8.808
arrive destination: True ,out of road:False   Total T: 761324 Episode Num: 2138 Episode T: 189 Reward: 269.380 Cost: 3.000 ShieldInt: 4 ShieldDist: 2.388
arrive destination: False ,out of road:True   Total T: 761402 Episode Num: 2139 Episode T: 78 Reward: 54.707 Cost: 1.000 ShieldInt: 1 ShieldDist: 0.150
arrive destination: True ,out of road:False   Total T: 761846 Episode Num: 2140 Episode T: 444 Reward: 397.182 Cost: 31.000 ShieldInt: 39 ShieldDist: 23.491
arrive destination: False ,out of road:True   Total T: 762136 Episode Num: 2141 Episode T: 290 Reward: 274.257 Cost: 9.000 ShieldInt: 20 ShieldDist: 14.733
arrive destination: True ,out of road:False   Total T: 762348 Episode Num: 2142 Episode T: 212 Reward: 285.942 Cost: 0.000 ShieldInt: 10 ShieldDist: 1.446
arrive destination: True ,out of road:False   Total T: 762569 Episode Num: 2143 Episode T: 221 Reward: 281.552 Cost: 5.000 ShieldInt: 12 ShieldDist: 1.766
arrive destination: True ,out of road:False   Total T: 762784 Episode Num: 2144 Episode T: 215 Reward: 244.694 Cost: 0.000 ShieldInt: 3 ShieldDist: 0.425
arrive destination: False ,out of road:True   Total T: 763237 Episode Num: 2145 Episode T: 453 Reward: 467.471 Cost: 16.000 ShieldInt: 16 ShieldDist: 18.823
arrive destination: True ,out of road:False   Total T: 763442 Episode Num: 2146 Episode T: 205 Reward: 285.921 Cost: 0.000 ShieldInt: 2 ShieldDist: 0.280
arrive destination: True ,out of road:False   Total T: 763680 Episode Num: 2147 Episode T: 238 Reward: 268.330 Cost: 1.000 ShieldInt: 3 ShieldDist: 0.450
arrive destination: True ,out of road:False   Total T: 764128 Episode Num: 2148 Episode T: 448 Reward: 411.602 Cost: 22.000 ShieldInt: 28 ShieldDist: 12.250
arrive destination: True ,out of road:False   Total T: 764486 Episode Num: 2149 Episode T: 358 Reward: 374.411 Cost: 7.000 ShieldInt: 10 ShieldDist: 12.116
arrive destination: True ,out of road:False   Total T: 764691 Episode Num: 2150 Episode T: 205 Reward: 285.134 Cost: 0.000 ShieldInt: 5 ShieldDist: 0.691
arrive destination: False ,out of road:True   Total T: 765191 Episode Num: 2151 Episode T: 500 Reward: 468.256 Cost: 28.000 ShieldInt: 27 ShieldDist: 24.204
arrive destination: True ,out of road:False   Total T: 765642 Episode Num: 2152 Episode T: 451 Reward: 371.811 Cost: 19.000 ShieldInt: 42 ShieldDist: 52.424
arrive destination: True ,out of road:False   Total T: 766145 Episode Num: 2153 Episode T: 503 Reward: 471.924 Cost: 24.000 ShieldInt: 44 ShieldDist: 43.276
arrive destination: True ,out of road:False   Total T: 766586 Episode Num: 2154 Episode T: 441 Reward: 400.379 Cost: 21.000 ShieldInt: 34 ShieldDist: 46.125
arrive destination: False ,out of road:True   Total T: 766916 Episode Num: 2155 Episode T: 330 Reward: 313.592 Cost: 10.000 ShieldInt: 18 ShieldDist: 2.566
arrive destination: True ,out of road:False   Total T: 767195 Episode Num: 2156 Episode T: 279 Reward: 294.644 Cost: 15.000 ShieldInt: 6 ShieldDist: 2.731
arrive destination: True ,out of road:False   Total T: 767395 Episode Num: 2157 Episode T: 200 Reward: 244.438 Cost: 0.000 ShieldInt: 3 ShieldDist: 0.450
arrive destination: False ,out of road:True   Total T: 767699 Episode Num: 2158 Episode T: 304 Reward: 292.721 Cost: 17.000 ShieldInt: 18 ShieldDist: 24.487
arrive destination: False ,out of road:False   Total T: 768699 Episode Num: 2159 Episode T: 1000 Reward: 116.018 Cost: 15.000 ShieldInt: 48 ShieldDist: 6.943
arrive destination: False ,out of road:True   Total T: 769068 Episode Num: 2160 Episode T: 369 Reward: 360.888 Cost: 10.000 ShieldInt: 35 ShieldDist: 28.814
arrive destination: True ,out of road:False   Total T: 769486 Episode Num: 2161 Episode T: 418 Reward: 410.742 Cost: 6.000 ShieldInt: 32 ShieldDist: 4.495
arrive destination: True ,out of road:False   Total T: 769695 Episode Num: 2162 Episode T: 209 Reward: 288.507 Cost: 0.000 ShieldInt: 3 ShieldDist: 0.418
---------------------------------------
Evaluation over 20 episodes: 0.750 Cost 9.050.             SafeRL used : use_qpsl
---------------------------------------
[34;1m
Time: 2026-07-01 22:36:20, Time spent from previous logger: 187.659 s[0m
[34;1mCustomLogger with fileds: ['total_steps', 'EpRet', 'EpCost', 'CostRate'][0m
[34;1mfieldvalues: [770000, 0.75, 9.05, 0.03664550213701576]
[0m
arrive destination: True ,out of road:False   Total T: 770332 Episode Num: 2163 Episode T: 637 Reward: 714.860 Cost: 35.000 ShieldInt: 25 ShieldDist: 9.673
arrive destination: True ,out of road:False   Total T: 770554 Episode Num: 2164 Episode T: 222 Reward: 295.580 Cost: 0.000 ShieldInt: 7 ShieldDist: 1.050
arrive destination: True ,out of road:False   Total T: 770846 Episode Num: 2165 Episode T: 292 Reward: 265.183 Cost: 14.000 ShieldInt: 2 ShieldDist: 0.292
arrive destination: True ,out of road:False   Total T: 771055 Episode Num: 2166 Episode T: 209 Reward: 238.141 Cost: 0.000 ShieldInt: 2 ShieldDist: 0.274
arrive destination: True ,out of road:False   Total T: 771365 Episode Num: 2167 Episode T: 310 Reward: 367.165 Cost: 4.000 ShieldInt: 16 ShieldDist: 5.960
arrive destination: True ,out of road:False   Total T: 771793 Episode Num: 2168 Episode T: 428 Reward: 472.758 Cost: 12.000 ShieldInt: 18 ShieldDist: 21.844
arrive destination: True ,out of road:False   Total T: 771983 Episode Num: 2169 Episode T: 190 Reward: 269.164 Cost: 6.000 ShieldInt: 10 ShieldDist: 1.467
arrive destination: True ,out of road:False   Total T: 772178 Episode Num: 2170 Episode T: 195 Reward: 284.039 Cost: 0.000 ShieldInt: 6 ShieldDist: 0.876
arrive destination: True ,out of road:False   Total T: 773146 Episode Num: 2171 Episode T: 968 Reward: 379.294 Cost: 57.000 ShieldInt: 511 ShieldDist: 787.019
arrive destination: True ,out of road:False   Total T: 773352 Episode Num: 2172 Episode T: 206 Reward: 241.277 Cost: 0.000 ShieldInt: 7 ShieldDist: 0.983
arrive destination: True ,out of road:False   Total T: 773677 Episode Num: 2173 Episode T: 325 Reward: 398.666 Cost: 10.000 ShieldInt: 11 ShieldDist: 7.964
arrive destination: False ,out of road:True   Total T: 773812 Episode Num: 2174 Episode T: 135 Reward: 131.326 Cost: 4.000 ShieldInt: 1 ShieldDist: 0.150
arrive destination: True ,out of road:False   Total T: 774005 Episode Num: 2175 Episode T: 193 Reward: 269.843 Cost: 5.000 ShieldInt: 9 ShieldDist: 1.299
arrive destination: False ,out of road:True   Total T: 774132 Episode Num: 2176 Episode T: 127 Reward: 113.323 Cost: 3.000 ShieldInt: 6 ShieldDist: 7.033
arrive destination: False ,out of road:True   Total T: 774541 Episode Num: 2177 Episode T: 409 Reward: 408.259 Cost: 27.000 ShieldInt: 25 ShieldDist: 17.989
arrive destination: True ,out of road:False   Total T: 775034 Episode Num: 2178 Episode T: 493 Reward: 474.210 Cost: 30.000 ShieldInt: 25 ShieldDist: 33.077
arrive destination: False ,out of road:True   Total T: 775504 Episode Num: 2179 Episode T: 470 Reward: 322.474 Cost: 49.000 ShieldInt: 89 ShieldDist: 101.162
arrive destination: True ,out of road:False   Total T: 775720 Episode Num: 2180 Episode T: 216 Reward: 286.609 Cost: 0.000 ShieldInt: 7 ShieldDist: 1.050
arrive destination: False ,out of road:True   Total T: 775882 Episode Num: 2181 Episode T: 162 Reward: 163.173 Cost: 13.000 ShieldInt: 14 ShieldDist: 14.540
arrive destination: True ,out of road:False   Total T: 776097 Episode Num: 2182 Episode T: 215 Reward: 232.542 Cost: 9.000 ShieldInt: 2 ShieldDist: 0.258
arrive destination: True ,out of road:False   Total T: 776498 Episode Num: 2183 Episode T: 401 Reward: 374.338 Cost: 6.000 ShieldInt: 25 ShieldDist: 13.709
arrive destination: True ,out of road:False   Total T: 776864 Episode Num: 2184 Episode T: 366 Reward: 363.247 Cost: 10.000 ShieldInt: 22 ShieldDist: 10.426
arrive destination: True ,out of road:False   Total T: 777162 Episode Num: 2185 Episode T: 298 Reward: 294.110 Cost: 16.000 ShieldInt: 19 ShieldDist: 22.010
arrive destination: False ,out of road:True   Total T: 777329 Episode Num: 2186 Episode T: 167 Reward: 135.951 Cost: 14.000 ShieldInt: 7 ShieldDist: 8.986
arrive destination: True ,out of road:False   Total T: 777543 Episode Num: 2187 Episode T: 214 Reward: 285.822 Cost: 0.000 ShieldInt: 1 ShieldDist: 0.150
arrive destination: False ,out of road:True   Total T: 777825 Episode Num: 2188 Episode T: 282 Reward: 305.916 Cost: 12.000 ShieldInt: 10 ShieldDist: 4.501
arrive destination: False ,out of road:True   Total T: 777925 Episode Num: 2189 Episode T: 100 Reward: 74.758 Cost: 3.000 ShieldInt: 3 ShieldDist: 2.269
arrive destination: True ,out of road:False   Total T: 778246 Episode Num: 2190 Episode T: 321 Reward: 368.533 Cost: 9.000 ShieldInt: 11 ShieldDist: 3.366
arrive destination: True ,out of road:False   Total T: 778593 Episode Num: 2191 Episode T: 347 Reward: 392.160 Cost: 0.000 ShieldInt: 1 ShieldDist: 0.150
arrive destination: True ,out of road:False   Total T: 778870 Episode Num: 2192 Episode T: 277 Reward: 294.606 Cost: 9.000 ShieldInt: 8 ShieldDist: 1.156
arrive destination: True ,out of road:False   Total T: 779074 Episode Num: 2193 Episode T: 204 Reward: 234.743 Cost: 3.000 ShieldInt: 9 ShieldDist: 1.276
arrive destination: True ,out of road:False   Total T: 779476 Episode Num: 2194 Episode T: 402 Reward: 413.218 Cost: 18.000 ShieldInt: 25 ShieldDist: 31.650
---------------------------------------
Evaluation over 20 episodes: 0.800 Cost 15.150.             SafeRL used : use_qpsl
---------------------------------------
[34;1m
Time: 2026-07-01 22:39:12, Time spent from previous logger: 172.082 s[0m
[34;1mCustomLogger with fileds: ['total_steps', 'EpRet', 'EpCost', 'CostRate'][0m
[34;1mfieldvalues: [780000, 0.8, 15.15, 0.03668081625745674]
[0m
arrive destination: False ,out of road:True   Total T: 780266 Episode Num: 2195 Episode T: 790 Reward: 545.233 Cost: 52.000 ShieldInt: 10 ShieldDist: 3.176
arrive destination: True ,out of road:False   Total T: 780581 Episode Num: 2196 Episode T: 315 Reward: 293.984 Cost: 19.000 ShieldInt: 22 ShieldDist: 14.701
arrive destination: True ,out of road:False   Total T: 780806 Episode Num: 2197 Episode T: 225 Reward: 274.195 Cost: 2.000 ShieldInt: 3 ShieldDist: 0.416
arrive destination: False ,out of road:True   Total T: 781224 Episode Num: 2198 Episode T: 418 Reward: 443.157 Cost: 24.000 ShieldInt: 12 ShieldDist: 11.563
arrive destination: True ,out of road:False   Total T: 781500 Episode Num: 2199 Episode T: 276 Reward: 335.121 Cost: 9.000 ShieldInt: 9 ShieldDist: 6.557
arrive destination: False ,out of road:True   Total T: 781594 Episode Num: 2200 Episode T: 94 Reward: 77.349 Cost: 4.000 ShieldInt: 2 ShieldDist: 0.201
arrive destination: True ,out of road:False   Total T: 781899 Episode Num: 2201 Episode T: 305 Reward: 265.496 Cost: 15.000 ShieldInt: 19 ShieldDist: 21.612
arrive destination: True ,out of road:False   Total T: 782402 Episode Num: 2202 Episode T: 503 Reward: 506.773 Cost: 21.000 ShieldInt: 33 ShieldDist: 29.667
arrive destination: True ,out of road:False   Total T: 782632 Episode Num: 2203 Episode T: 230 Reward: 230.709 Cost: 6.000 ShieldInt: 7 ShieldDist: 1.040
arrive destination: False ,out of road:True   Total T: 782768 Episode Num: 2204 Episode T: 136 Reward: 129.464 Cost: 2.000 ShieldInt: 3 ShieldDist: 0.410
arrive destination: True ,out of road:False   Total T: 782983 Episode Num: 2205 Episode T: 215 Reward: 285.040 Cost: 0.000 ShieldInt: 10 ShieldDist: 1.447
arrive destination: True ,out of road:False   Total T: 783471 Episode Num: 2206 Episode T: 488 Reward: 418.252 Cost: 31.000 ShieldInt: 40 ShieldDist: 50.023
arrive destination: True ,out of road:False   Total T: 783812 Episode Num: 2207 Episode T: 341 Reward: 393.497 Cost: 0.000 ShieldInt: 3 ShieldDist: 0.450
arrive destination: True ,out of road:False   Total T: 784007 Episode Num: 2208 Episode T: 195 Reward: 269.098 Cost: 4.000 ShieldInt: 3 ShieldDist: 0.442
arrive destination: True ,out of road:False   Total T: 784222 Episode Num: 2209 Episode T: 215 Reward: 232.246 Cost: 11.000 ShieldInt: 11 ShieldDist: 10.111
arrive destination: True ,out of road:False   Total T: 784561 Episode Num: 2210 Episode T: 339 Reward: 364.352 Cost: 12.000 ShieldInt: 18 ShieldDist: 20.311
arrive destination: True ,out of road:False   Total T: 785059 Episode Num: 2211 Episode T: 498 Reward: 493.635 Cost: 26.000 ShieldInt: 29 ShieldDist: 29.961
arrive destination: True ,out of road:False   Total T: 785265 Episode Num: 2212 Episode T: 206 Reward: 241.769 Cost: 0.000 ShieldInt: 4 ShieldDist: 0.600
arrive destination: True ,out of road:False   Total T: 785702 Episode Num: 2213 Episode T: 437 Reward: 475.238 Cost: 21.000 ShieldInt: 8 ShieldDist: 1.159
arrive destination: True ,out of road:False   Total T: 786100 Episode Num: 2214 Episode T: 398 Reward: 362.466 Cost: 19.000 ShieldInt: 19 ShieldDist: 14.153
arrive destination: False ,out of road:True   Total T: 786303 Episode Num: 2215 Episode T: 203 Reward: 140.152 Cost: 12.000 ShieldInt: 10 ShieldDist: 12.401
arrive destination: True ,out of road:False   Total T: 786747 Episode Num: 2216 Episode T: 444 Reward: 490.065 Cost: 19.000 ShieldInt: 17 ShieldDist: 9.197
arrive destination: True ,out of road:False   Total T: 787105 Episode Num: 2217 Episode T: 358 Reward: 391.799 Cost: 3.000 ShieldInt: 10 ShieldDist: 1.463
arrive destination: True ,out of road:False   Total T: 787453 Episode Num: 2218 Episode T: 348 Reward: 423.844 Cost: 14.000 ShieldInt: 8 ShieldDist: 4.845
arrive destination: True ,out of road:False   Total T: 787739 Episode Num: 2219 Episode T: 286 Reward: 294.170 Cost: 16.000 ShieldInt: 7 ShieldDist: 1.006
arrive destination: True ,out of road:False   Total T: 787966 Episode Num: 2220 Episode T: 227 Reward: 274.636 Cost: 1.000 ShieldInt: 9 ShieldDist: 1.190
arrive destination: True ,out of road:False   Total T: 788158 Episode Num: 2221 Episode T: 192 Reward: 268.999 Cost: 2.000 ShieldInt: 6 ShieldDist: 0.900
arrive destination: True ,out of road:False   Total T: 788357 Episode Num: 2222 Episode T: 199 Reward: 269.574 Cost: 5.000 ShieldInt: 7 ShieldDist: 0.908
arrive destination: True ,out of road:False   Total T: 788672 Episode Num: 2223 Episode T: 315 Reward: 294.366 Cost: 20.000 ShieldInt: 13 ShieldDist: 3.699
arrive destination: True ,out of road:False   Total T: 788868 Episode Num: 2224 Episode T: 196 Reward: 269.864 Cost: 4.000 ShieldInt: 0 ShieldDist: 0.000
arrive destination: True ,out of road:False   Total T: 789363 Episode Num: 2225 Episode T: 495 Reward: 473.654 Cost: 17.000 ShieldInt: 38 ShieldDist: 52.573
arrive destination: True ,out of road:False   Total T: 789685 Episode Num: 2226 Episode T: 322 Reward: 362.467 Cost: 8.000 ShieldInt: 7 ShieldDist: 0.952
---------------------------------------
Evaluation over 20 episodes: 0.900 Cost 13.000.             SafeRL used : use_qpsl
---------------------------------------
[34;1m
Time: 2026-07-01 22:42:19, Time spent from previous logger: 186.606 s[0m
[34;1mCustomLogger with fileds: ['total_steps', 'EpRet', 'EpCost', 'CostRate'][0m
[34;1mfieldvalues: [790000, 0.9, 13.0, 0.036684856563109575]
[0m
arrive destination: False ,out of road:True   Total T: 790647 Episode Num: 2227 Episode T: 962 Reward: 393.878 Cost: 77.000 ShieldInt: 145 ShieldDist: 140.226
arrive destination: True ,out of road:False   Total T: 790849 Episode Num: 2228 Episode T: 202 Reward: 269.549 Cost: 4.000 ShieldInt: 4 ShieldDist: 1.314
arrive destination: True ,out of road:False   Total T: 791308 Episode Num: 2229 Episode T: 459 Reward: 504.404 Cost: 21.000 ShieldInt: 29 ShieldDist: 32.220
arrive destination: True ,out of road:False   Total T: 791595 Episode Num: 2230 Episode T: 287 Reward: 294.099 Cost: 10.000 ShieldInt: 17 ShieldDist: 15.763
arrive destination: True ,out of road:False   Total T: 791806 Episode Num: 2231 Episode T: 211 Reward: 283.577 Cost: 0.000 ShieldInt: 2 ShieldDist: 0.290
arrive destination: False ,out of road:True   Total T: 791902 Episode Num: 2232 Episode T: 96 Reward: 75.331 Cost: 6.000 ShieldInt: 2 ShieldDist: 2.148
arrive destination: True ,out of road:False   Total T: 792377 Episode Num: 2233 Episode T: 475 Reward: 494.741 Cost: 23.000 ShieldInt: 27 ShieldDist: 21.007
arrive destination: True ,out of road:False   Total T: 792608 Episode Num: 2234 Episode T: 231 Reward: 269.350 Cost: 3.000 ShieldInt: 10 ShieldDist: 3.375
arrive destination: True ,out of road:False   Total T: 792946 Episode Num: 2235 Episode T: 338 Reward: 392.475 Cost: 0.000 ShieldInt: 2 ShieldDist: 0.300
arrive destination: False ,out of road:True   Total T: 793350 Episode Num: 2236 Episode T: 404 Reward: 394.281 Cost: 29.000 ShieldInt: 16 ShieldDist: 5.691
arrive destination: True ,out of road:False   Total T: 793628 Episode Num: 2237 Episode T: 278 Reward: 294.606 Cost: 11.000 ShieldInt: 10 ShieldDist: 8.675
arrive destination: True ,out of road:False   Total T: 794082 Episode Num: 2238 Episode T: 454 Reward: 367.395 Cost: 24.000 ShieldInt: 40 ShieldDist: 55.296
arrive destination: True ,out of road:False   Total T: 794416 Episode Num: 2239 Episode T: 334 Reward: 393.102 Cost: 9.000 ShieldInt: 9 ShieldDist: 7.038
arrive destination: False ,out of road:True   Total T: 794692 Episode Num: 2240 Episode T: 276 Reward: 210.697 Cost: 17.000 ShieldInt: 36 ShieldDist: 49.607
arrive destination: False ,out of road:True   Total T: 794880 Episode Num: 2241 Episode T: 188 Reward: 217.784 Cost: 8.000 ShieldInt: 11 ShieldDist: 5.348
arrive destination: True ,out of road:False   Total T: 795075 Episode Num: 2242 Episode T: 195 Reward: 269.681 Cost: 5.000 ShieldInt: 9 ShieldDist: 1.302
arrive destination: True ,out of road:False   Total T: 795440 Episode Num: 2243 Episode T: 365 Reward: 374.989 Cost: 21.000 ShieldInt: 20 ShieldDist: 25.778
arrive destination: True ,out of road:False   Total T: 795948 Episode Num: 2244 Episode T: 508 Reward: 395.940 Cost: 20.000 ShieldInt: 30 ShieldDist: 40.497
arrive destination: True ,out of road:False   Total T: 796260 Episode Num: 2245 Episode T: 312 Reward: 363.872 Cost: 7.000 ShieldInt: 23 ShieldDist: 17.402
arrive destination: True ,out of road:False   Total T: 796649 Episode Num: 2246 Episode T: 389 Reward: 373.923 Cost: 18.000 ShieldInt: 42 ShieldDist: 53.041
arrive destination: True ,out of road:False   Total T: 796867 Episode Num: 2247 Episode T: 218 Reward: 232.282 Cost: 4.000 ShieldInt: 7 ShieldDist: 4.162
arrive destination: True ,out of road:False   Total T: 797237 Episode Num: 2248 Episode T: 370 Reward: 394.100 Cost: 0.000 ShieldInt: 13 ShieldDist: 1.829
arrive destination: True ,out of road:False   Total T: 797581 Episode Num: 2249 Episode T: 344 Reward: 392.002 Cost: 0.000 ShieldInt: 1 ShieldDist: 0.150
arrive destination: True ,out of road:False   Total T: 797924 Episode Num: 2250 Episode T: 343 Reward: 393.226 Cost: 0.000 ShieldInt: 2 ShieldDist: 0.300
arrive destination: True ,out of road:False   Total T: 798150 Episode Num: 2251 Episode T: 226 Reward: 296.065 Cost: 1.000 ShieldInt: 11 ShieldDist: 2.972
arrive destination: True ,out of road:False   Total T: 798406 Episode Num: 2252 Episode T: 256 Reward: 294.464 Cost: 10.000 ShieldInt: 7 ShieldDist: 0.981
arrive destination: True ,out of road:False   Total T: 798741 Episode Num: 2253 Episode T: 335 Reward: 391.604 Cost: 2.000 ShieldInt: 6 ShieldDist: 0.867
arrive destination: True ,out of road:False   Total T: 799089 Episode Num: 2254 Episode T: 348 Reward: 377.057 Cost: 11.000 ShieldInt: 9 ShieldDist: 1.291
---------------------------------------
Evaluation over 20 episodes: 0.950 Cost 15.250.             SafeRL used : use_qpsl
---------------------------------------
[34;1m
Time: 2026-07-01 22:45:11, Time spent from previous logger: 172.485 s[0m
[34;1mCustomLogger with fileds: ['total_steps', 'EpRet', 'EpCost', 'CostRate'][0m
[34;1mfieldvalues: [800000, 0.95, 15.25, 0.036673795842244804]
[0m
arrive destination: False ,out of road:False   Total T: 800089 Episode Num: 2255 Episode T: 1000 Reward: 180.926 Cost: 25.000 ShieldInt: 5 ShieldDist: 0.640
arrive destination: False ,out of road:True   Total T: 800216 Episode Num: 2256 Episode T: 127 Reward: 72.509 Cost: 11.000 ShieldInt: 10 ShieldDist: 3.332
arrive destination: True ,out of road:False   Total T: 800435 Episode Num: 2257 Episode T: 219 Reward: 233.111 Cost: 5.000 ShieldInt: 14 ShieldDist: 21.858
arrive destination: True ,out of road:False   Total T: 800647 Episode Num: 2258 Episode T: 212 Reward: 244.140 Cost: 0.000 ShieldInt: 5 ShieldDist: 0.725
arrive destination: False ,out of road:True   Total T: 800740 Episode Num: 2259 Episode T: 93 Reward: 79.463 Cost: 3.000 ShieldInt: 1 ShieldDist: 0.150
arrive destination: True ,out of road:False   Total T: 801003 Episode Num: 2260 Episode T: 263 Reward: 296.092 Cost: 13.000 ShieldInt: 23 ShieldDist: 34.012
arrive destination: True ,out of road:False   Total T: 801446 Episode Num: 2261 Episode T: 443 Reward: 406.944 Cost: 21.000 ShieldInt: 24 ShieldDist: 14.393
arrive destination: False ,out of road:False   Total T: 802446 Episode Num: 2262 Episode T: 1000 Reward: 110.808 Cost: 11.000 ShieldInt: 2 ShieldDist: 0.257
arrive destination: True ,out of road:False   Total T: 802711 Episode Num: 2263 Episode T: 265 Reward: 267.921 Cost: 15.000 ShieldInt: 13 ShieldDist: 3.653
arrive destination: True ,out of road:False   Total T: 803091 Episode Num: 2264 Episode T: 380 Reward: 374.829 Cost: 10.000 ShieldInt: 16 ShieldDist: 7.837
arrive destination: False ,out of road:True   Total T: 803262 Episode Num: 2265 Episode T: 171 Reward: 206.805 Cost: 7.000 ShieldInt: 14 ShieldDist: 3.591
arrive destination: False ,out of road:True   Total T: 803513 Episode Num: 2266 Episode T: 251 Reward: 199.535 Cost: 12.000 ShieldInt: 20 ShieldDist: 16.847
arrive destination: False ,out of road:True   Total T: 803664 Episode Num: 2267 Episode T: 151 Reward: 125.929 Cost: 3.000 ShieldInt: 4 ShieldDist: 0.566
arrive destination: True ,out of road:False   Total T: 803866 Episode Num: 2268 Episode T: 202 Reward: 232.021 Cost: 6.000 ShieldInt: 5 ShieldDist: 7.532
arrive destination: True ,out of road:False   Total T: 804066 Episode Num: 2269 Episode T: 200 Reward: 241.311 Cost: 0.000 ShieldInt: 5 ShieldDist: 0.750
arrive destination: True ,out of road:False   Total T: 804269 Episode Num: 2270 Episode T: 203 Reward: 243.515 Cost: 0.000 ShieldInt: 2 ShieldDist: 0.276
arrive destination: True ,out of road:False   Total T: 804482 Episode Num: 2271 Episode T: 213 Reward: 232.138 Cost: 6.000 ShieldInt: 3 ShieldDist: 2.276
arrive destination: True ,out of road:False   Total T: 804841 Episode Num: 2272 Episode T: 359 Reward: 408.095 Cost: 6.000 ShieldInt: 18 ShieldDist: 9.441
arrive destination: True ,out of road:False   Total T: 805327 Episode Num: 2273 Episode T: 486 Reward: 513.272 Cost: 18.000 ShieldInt: 23 ShieldDist: 20.648
arrive destination: True ,out of road:False   Total T: 805596 Episode Num: 2274 Episode T: 269 Reward: 351.484 Cost: 2.000 ShieldInt: 13 ShieldDist: 1.882
arrive destination: True ,out of road:False   Total T: 805807 Episode Num: 2275 Episode T: 211 Reward: 285.812 Cost: 0.000 ShieldInt: 13 ShieldDist: 1.868
arrive destination: True ,out of road:False   Total T: 806330 Episode Num: 2276 Episode T: 523 Reward: 496.785 Cost: 34.000 ShieldInt: 24 ShieldDist: 24.954
arrive destination: True ,out of road:False   Total T: 806565 Episode Num: 2277 Episode T: 235 Reward: 274.769 Cost: 0.000 ShieldInt: 8 ShieldDist: 1.200
arrive destination: True ,out of road:False   Total T: 806771 Episode Num: 2278 Episode T: 206 Reward: 286.086 Cost: 0.000 ShieldInt: 2 ShieldDist: 0.300
arrive destination: True ,out of road:False   Total T: 806974 Episode Num: 2279 Episode T: 203 Reward: 232.154 Cost: 4.000 ShieldInt: 1 ShieldDist: 0.144
arrive destination: True ,out of road:False   Total T: 807331 Episode Num: 2280 Episode T: 357 Reward: 365.436 Cost: 14.000 ShieldInt: 20 ShieldDist: 23.261
arrive destination: True ,out of road:False   Total T: 807557 Episode Num: 2281 Episode T: 226 Reward: 272.009 Cost: 0.000 ShieldInt: 2 ShieldDist: 0.285
arrive destination: True ,out of road:False   Total T: 807851 Episode Num: 2282 Episode T: 294 Reward: 348.163 Cost: 7.000 ShieldInt: 8 ShieldDist: 1.161
arrive destination: True ,out of road:False   Total T: 808065 Episode Num: 2283 Episode T: 214 Reward: 240.109 Cost: 0.000 ShieldInt: 2 ShieldDist: 0.267
arrive destination: True ,out of road:False   Total T: 808362 Episode Num: 2284 Episode T: 297 Reward: 363.665 Cost: 3.000 ShieldInt: 11 ShieldDist: 1.463
arrive destination: True ,out of road:False   Total T: 808586 Episode Num: 2285 Episode T: 224 Reward: 296.108 Cost: 0.000 ShieldInt: 11 ShieldDist: 1.635
arrive destination: True ,out of road:False   Total T: 808853 Episode Num: 2286 Episode T: 267 Reward: 354.135 Cost: 6.000 ShieldInt: 11 ShieldDist: 1.644
arrive destination: True ,out of road:False   Total T: 809199 Episode Num: 2287 Episode T: 346 Reward: 372.373 Cost: 17.000 ShieldInt: 26 ShieldDist: 22.014
arrive destination: True ,out of road:False   Total T: 809576 Episode Num: 2288 Episode T: 377 Reward: 383.003 Cost: 26.000 ShieldInt: 25 ShieldDist: 27.703
arrive destination: True ,out of road:False   Total T: 809769 Episode Num: 2289 Episode T: 193 Reward: 269.154 Cost: 6.000 ShieldInt: 5 ShieldDist: 0.721
---------------------------------------
Evaluation over 20 episodes: 0.750 Cost 12.750.             SafeRL used : use_qpsl
---------------------------------------
[34;1m
Time: 2026-07-01 22:48:07, Time spent from previous logger: 175.806 s[0m
[34;1mCustomLogger with fileds: ['total_steps', 'EpRet', 'EpCost', 'CostRate'][0m
[34;1mfieldvalues: [810000, 0.75, 12.75, 0.03656547724132993]
[0m
arrive destination: True ,out of road:False   Total T: 810430 Episode Num: 2290 Episode T: 661 Reward: 590.401 Cost: 35.000 ShieldInt: 24 ShieldDist: 14.050
arrive destination: False ,out of road:True   Total T: 810909 Episode Num: 2291 Episode T: 479 Reward: 363.602 Cost: 61.000 ShieldInt: 89 ShieldDist: 145.981
arrive destination: True ,out of road:False   Total T: 811276 Episode Num: 2292 Episode T: 367 Reward: 394.558 Cost: 3.000 ShieldInt: 20 ShieldDist: 22.254
arrive destination: True ,out of road:False   Total T: 811732 Episode Num: 2293 Episode T: 456 Reward: 505.888 Cost: 22.000 ShieldInt: 27 ShieldDist: 19.985
arrive destination: True ,out of road:False   Total T: 812171 Episode Num: 2294 Episode T: 439 Reward: 425.090 Cost: 19.000 ShieldInt: 48 ShieldDist: 66.534
arrive destination: True ,out of road:False   Total T: 812387 Episode Num: 2295 Episode T: 216 Reward: 285.565 Cost: 0.000 ShieldInt: 5 ShieldDist: 0.750
arrive destination: True ,out of road:False   Total T: 812610 Episode Num: 2296 Episode T: 223 Reward: 230.959 Cost: 12.000 ShieldInt: 8 ShieldDist: 5.778
arrive destination: True ,out of road:False   Total T: 812942 Episode Num: 2297 Episode T: 332 Reward: 397.754 Cost: 0.000 ShieldInt: 11 ShieldDist: 1.526
arrive destination: True ,out of road:False   Total T: 813192 Episode Num: 2298 Episode T: 250 Reward: 269.931 Cost: 7.000 ShieldInt: 10 ShieldDist: 8.557
arrive destination: True ,out of road:False   Total T: 813393 Episode Num: 2299 Episode T: 201 Reward: 232.366 Cost: 7.000 ShieldInt: 9 ShieldDist: 5.532
arrive destination: False ,out of road:True   Total T: 813529 Episode Num: 2300 Episode T: 136 Reward: 124.674 Cost: 5.000 ShieldInt: 9 ShieldDist: 1.905
arrive destination: True ,out of road:False   Total T: 813867 Episode Num: 2301 Episode T: 338 Reward: 391.591 Cost: 0.000 ShieldInt: 8 ShieldDist: 1.118
arrive destination: True ,out of road:False   Total T: 814153 Episode Num: 2302 Episode T: 286 Reward: 267.200 Cost: 9.000 ShieldInt: 17 ShieldDist: 9.686
arrive destination: True ,out of road:False   Total T: 814379 Episode Num: 2303 Episode T: 226 Reward: 273.745 Cost: 0.000 ShieldInt: 12 ShieldDist: 1.727
arrive destination: True ,out of road:False   Total T: 814571 Episode Num: 2304 Episode T: 192 Reward: 269.331 Cost: 1.000 ShieldInt: 4 ShieldDist: 0.556
arrive destination: True ,out of road:False   Total T: 814864 Episode Num: 2305 Episode T: 293 Reward: 361.436 Cost: 11.000 ShieldInt: 19 ShieldDist: 2.788
arrive destination: True ,out of road:False   Total T: 815129 Episode Num: 2306 Episode T: 265 Reward: 260.966 Cost: 12.000 ShieldInt: 6 ShieldDist: 9.861
arrive destination: True ,out of road:False   Total T: 815346 Episode Num: 2307 Episode T: 217 Reward: 242.265 Cost: 0.000 ShieldInt: 6 ShieldDist: 0.841
arrive destination: False ,out of road:True   Total T: 815812 Episode Num: 2308 Episode T: 466 Reward: 442.619 Cost: 25.000 ShieldInt: 16 ShieldDist: 23.755
arrive destination: True ,out of road:False   Total T: 816067 Episode Num: 2309 Episode T: 255 Reward: 373.750 Cost: 10.000 ShieldInt: 14 ShieldDist: 4.493
arrive destination: True ,out of road:False   Total T: 816500 Episode Num: 2310 Episode T: 433 Reward: 336.096 Cost: 32.000 ShieldInt: 23 ShieldDist: 22.145
arrive destination: True ,out of road:False   Total T: 816759 Episode Num: 2311 Episode T: 259 Reward: 294.456 Cost: 11.000 ShieldInt: 13 ShieldDist: 3.692
arrive destination: True ,out of road:False   Total T: 816972 Episode Num: 2312 Episode T: 213 Reward: 285.378 Cost: 0.000 ShieldInt: 7 ShieldDist: 1.018
arrive destination: False ,out of road:True   Total T: 817159 Episode Num: 2313 Episode T: 187 Reward: 238.468 Cost: 3.000 ShieldInt: 4 ShieldDist: 0.593
arrive destination: True ,out of road:False   Total T: 817524 Episode Num: 2314 Episode T: 365 Reward: 372.972 Cost: 19.000 ShieldInt: 42 ShieldDist: 54.548
arrive destination: True ,out of road:False   Total T: 817963 Episode Num: 2315 Episode T: 439 Reward: 384.116 Cost: 32.000 ShieldInt: 22 ShieldDist: 25.820
arrive destination: False ,out of road:True   Total T: 818287 Episode Num: 2316 Episode T: 324 Reward: 354.214 Cost: 19.000 ShieldInt: 16 ShieldDist: 13.398
arrive destination: True ,out of road:False   Total T: 818619 Episode Num: 2317 Episode T: 332 Reward: 394.301 Cost: 0.000 ShieldInt: 2 ShieldDist: 0.300
arrive destination: True ,out of road:False   Total T: 818888 Episode Num: 2318 Episode T: 269 Reward: 348.730 Cost: 2.000 ShieldInt: 8 ShieldDist: 1.160
arrive destination: True ,out of road:False   Total T: 819135 Episode Num: 2319 Episode T: 247 Reward: 267.223 Cost: 6.000 ShieldInt: 9 ShieldDist: 3.101
arrive destination: True ,out of road:False   Total T: 819403 Episode Num: 2320 Episode T: 268 Reward: 335.028 Cost: 3.000 ShieldInt: 4 ShieldDist: 0.550
arrive destination: True ,out of road:False   Total T: 819782 Episode Num: 2321 Episode T: 379 Reward: 501.687 Cost: 7.000 ShieldInt: 13 ShieldDist: 5.465
---------------------------------------
Evaluation over 20 episodes: 0.850 Cost 14.550.             SafeRL used : use_qpsl
---------------------------------------
[34;1m
Time: 2026-07-01 22:51:01, Time spent from previous logger: 174.511 s[0m
[34;1mCustomLogger with fileds: ['total_steps', 'EpRet', 'EpCost', 'CostRate'][0m
[34;1mfieldvalues: [820000, 0.85, 14.55, 0.03656102019636609]
[0m
arrive destination: True ,out of road:False   Total T: 820495 Episode Num: 2322 Episode T: 713 Reward: 748.166 Cost: 18.000 ShieldInt: 32 ShieldDist: 44.203
arrive destination: True ,out of road:False   Total T: 820748 Episode Num: 2323 Episode T: 253 Reward: 294.137 Cost: 10.000 ShieldInt: 8 ShieldDist: 1.102
arrive destination: True ,out of road:False   Total T: 820966 Episode Num: 2324 Episode T: 218 Reward: 285.693 Cost: 0.000 ShieldInt: 5 ShieldDist: 0.750
arrive destination: True ,out of road:False   Total T: 821185 Episode Num: 2325 Episode T: 219 Reward: 285.077 Cost: 0.000 ShieldInt: 5 ShieldDist: 0.709
arrive destination: False ,out of road:True   Total T: 821284 Episode Num: 2326 Episode T: 99 Reward: 72.796 Cost: 5.000 ShieldInt: 0 ShieldDist: 0.000
arrive destination: True ,out of road:False   Total T: 821610 Episode Num: 2327 Episode T: 326 Reward: 335.659 Cost: 16.000 ShieldInt: 16 ShieldDist: 8.461
arrive destination: True ,out of road:False   Total T: 822069 Episode Num: 2328 Episode T: 459 Reward: 494.622 Cost: 17.000 ShieldInt: 29 ShieldDist: 27.374
arrive destination: True ,out of road:False   Total T: 822405 Episode Num: 2329 Episode T: 336 Reward: 392.867 Cost: 0.000 ShieldInt: 4 ShieldDist: 0.555
arrive destination: True ,out of road:False   Total T: 822631 Episode Num: 2330 Episode T: 226 Reward: 296.118 Cost: 5.000 ShieldInt: 10 ShieldDist: 1.399
arrive destination: True ,out of road:False   Total T: 823063 Episode Num: 2331 Episode T: 432 Reward: 414.128 Cost: 12.000 ShieldInt: 15 ShieldDist: 17.689
arrive destination: True ,out of road:False   Total T: 823282 Episode Num: 2332 Episode T: 219 Reward: 241.086 Cost: 0.000 ShieldInt: 2 ShieldDist: 0.300
arrive destination: True ,out of road:False   Total T: 823706 Episode Num: 2333 Episode T: 424 Reward: 475.575 Cost: 3.000 ShieldInt: 21 ShieldDist: 24.533
arrive destination: True ,out of road:False   Total T: 823909 Episode Num: 2334 Episode T: 203 Reward: 269.305 Cost: 4.000 ShieldInt: 3 ShieldDist: 2.300
arrive destination: True ,out of road:False   Total T: 824132 Episode Num: 2335 Episode T: 223 Reward: 285.899 Cost: 0.000 ShieldInt: 8 ShieldDist: 1.132
arrive destination: True ,out of road:False   Total T: 824440 Episode Num: 2336 Episode T: 308 Reward: 294.353 Cost: 20.000 ShieldInt: 25 ShieldDist: 31.217
arrive destination: False ,out of road:True   Total T: 824675 Episode Num: 2337 Episode T: 235 Reward: 228.088 Cost: 5.000 ShieldInt: 2 ShieldDist: 2.126
arrive destination: True ,out of road:False   Total T: 824966 Episode Num: 2338 Episode T: 291 Reward: 347.723 Cost: 12.000 ShieldInt: 15 ShieldDist: 15.563
arrive destination: True ,out of road:False   Total T: 825227 Episode Num: 2339 Episode T: 261 Reward: 267.934 Cost: 9.000 ShieldInt: 8 ShieldDist: 1.156
arrive destination: True ,out of road:False   Total T: 825497 Episode Num: 2340 Episode T: 270 Reward: 295.873 Cost: 12.000 ShieldInt: 22 ShieldDist: 27.967
arrive destination: True ,out of road:False   Total T: 825786 Episode Num: 2341 Episode T: 289 Reward: 346.671 Cost: 8.000 ShieldInt: 18 ShieldDist: 18.316
arrive destination: True ,out of road:False   Total T: 826010 Episode Num: 2342 Episode T: 224 Reward: 273.357 Cost: 3.000 ShieldInt: 9 ShieldDist: 1.292
arrive destination: True ,out of road:False   Total T: 826194 Episode Num: 2343 Episode T: 184 Reward: 269.309 Cost: 3.000 ShieldInt: 10 ShieldDist: 5.145
arrive destination: True ,out of road:False   Total T: 826395 Episode Num: 2344 Episode T: 201 Reward: 230.299 Cost: 3.000 ShieldInt: 8 ShieldDist: 4.814
arrive destination: False ,out of road:True   Total T: 826562 Episode Num: 2345 Episode T: 167 Reward: 147.787 Cost: 3.000 ShieldInt: 2 ShieldDist: 0.289
arrive destination: True ,out of road:True   Total T: 826822 Episode Num: 2346 Episode T: 260 Reward: 265.911 Cost: 11.000 ShieldInt: 13 ShieldDist: 9.225
arrive destination: True ,out of road:False   Total T: 827048 Episode Num: 2347 Episode T: 226 Reward: 296.019 Cost: 6.000 ShieldInt: 12 ShieldDist: 3.607
arrive destination: True ,out of road:False   Total T: 827347 Episode Num: 2348 Episode T: 299 Reward: 294.223 Cost: 12.000 ShieldInt: 13 ShieldDist: 3.649
arrive destination: True ,out of road:False   Total T: 827572 Episode Num: 2349 Episode T: 225 Reward: 271.470 Cost: 0.000 ShieldInt: 3 ShieldDist: 0.450
arrive destination: True ,out of road:False   Total T: 827795 Episode Num: 2350 Episode T: 223 Reward: 271.532 Cost: 0.000 ShieldInt: 4 ShieldDist: 0.600
arrive destination: True ,out of road:False   Total T: 828094 Episode Num: 2351 Episode T: 299 Reward: 349.042 Cost: 4.000 ShieldInt: 3 ShieldDist: 0.413
arrive destination: True ,out of road:False   Total T: 828547 Episode Num: 2352 Episode T: 453 Reward: 397.599 Cost: 21.000 ShieldInt: 27 ShieldDist: 21.919
arrive destination: True ,out of road:False   Total T: 828755 Episode Num: 2353 Episode T: 208 Reward: 245.178 Cost: 0.000 ShieldInt: 9 ShieldDist: 1.306
arrive destination: True ,out of road:False   Total T: 828976 Episode Num: 2354 Episode T: 221 Reward: 272.737 Cost: 3.000 ShieldInt: 16 ShieldDist: 2.287
arrive destination: True ,out of road:False   Total T: 829275 Episode Num: 2355 Episode T: 299 Reward: 294.628 Cost: 22.000 ShieldInt: 24 ShieldDist: 17.606
arrive destination: True ,out of road:False   Total T: 829861 Episode Num: 2356 Episode T: 586 Reward: 408.067 Cost: 51.000 ShieldInt: 75 ShieldDist: 94.250
---------------------------------------
Evaluation over 20 episodes: 0.900 Cost 8.750.             SafeRL used : use_qpsl
---------------------------------------
[34;1m
Time: 2026-07-01 22:53:57, Time spent from previous logger: 175.989 s[0m
[34;1mCustomLogger with fileds: ['total_steps', 'EpRet', 'EpCost', 'CostRate'][0m
[34;1mfieldvalues: [830000, 0.9, 8.75, 0.03647715238211131]
[0m
arrive destination: True ,out of road:False   Total T: 830219 Episode Num: 2357 Episode T: 358 Reward: 426.369 Cost: 0.000 ShieldInt: 11 ShieldDist: 1.560
arrive destination: True ,out of road:False   Total T: 830428 Episode Num: 2358 Episode T: 209 Reward: 283.801 Cost: 0.000 ShieldInt: 9 ShieldDist: 1.350
arrive destination: True ,out of road:False   Total T: 830652 Episode Num: 2359 Episode T: 224 Reward: 273.480 Cost: 6.000 ShieldInt: 8 ShieldDist: 1.148
arrive destination: True ,out of road:False   Total T: 831108 Episode Num: 2360 Episode T: 456 Reward: 362.161 Cost: 31.000 ShieldInt: 35 ShieldDist: 47.010
arrive destination: True ,out of road:False   Total T: 831310 Episode Num: 2361 Episode T: 202 Reward: 237.334 Cost: 0.000 ShieldInt: 3 ShieldDist: 0.450
arrive destination: False ,out of road:True   Total T: 831708 Episode Num: 2362 Episode T: 398 Reward: 422.114 Cost: 18.000 ShieldInt: 16 ShieldDist: 8.561
arrive destination: True ,out of road:False   Total T: 832176 Episode Num: 2363 Episode T: 468 Reward: 414.021 Cost: 33.000 ShieldInt: 29 ShieldDist: 28.249
arrive destination: False ,out of road:True   Total T: 832251 Episode Num: 2364 Episode T: 75 Reward: 51.157 Cost: 1.000 ShieldInt: 0 ShieldDist: 0.000
arrive destination: True ,out of road:False   Total T: 832531 Episode Num: 2365 Episode T: 280 Reward: 336.014 Cost: 8.000 ShieldInt: 11 ShieldDist: 11.426
arrive destination: True ,out of road:False   Total T: 832815 Episode Num: 2366 Episode T: 284 Reward: 265.242 Cost: 12.000 ShieldInt: 25 ShieldDist: 35.914
arrive destination: True ,out of road:False   Total T: 833276 Episode Num: 2367 Episode T: 461 Reward: 505.078 Cost: 18.000 ShieldInt: 17 ShieldDist: 18.535
arrive destination: True ,out of road:False   Total T: 833530 Episode Num: 2368 Episode T: 254 Reward: 295.844 Cost: 7.000 ShieldInt: 9 ShieldDist: 1.278
arrive destination: True ,out of road:False   Total T: 833758 Episode Num: 2369 Episode T: 228 Reward: 295.957 Cost: 10.000 ShieldInt: 3 ShieldDist: 2.300
arrive destination: True ,out of road:False   Total T: 833997 Episode Num: 2370 Episode T: 239 Reward: 295.322 Cost: 9.000 ShieldInt: 9 ShieldDist: 4.857
arrive destination: True ,out of road:False   Total T: 834341 Episode Num: 2371 Episode T: 344 Reward: 415.232 Cost: 14.000 ShieldInt: 12 ShieldDist: 3.575
arrive destination: True ,out of road:False   Total T: 834567 Episode Num: 2372 Episode T: 226 Reward: 272.212 Cost: 0.000 ShieldInt: 5 ShieldDist: 0.709
arrive destination: True ,out of road:False   Total T: 834785 Episode Num: 2373 Episode T: 218 Reward: 285.585 Cost: 0.000 ShieldInt: 9 ShieldDist: 1.295
arrive destination: True ,out of road:False   Total T: 835202 Episode Num: 2374 Episode T: 417 Reward: 376.270 Cost: 25.000 ShieldInt: 27 ShieldDist: 20.018
arrive destination: True ,out of road:False   Total T: 835869 Episode Num: 2375 Episode T: 667 Reward: 414.410 Cost: 45.000 ShieldInt: 35 ShieldDist: 26.062
arrive destination: True ,out of road:False   Total T: 836165 Episode Num: 2376 Episode T: 296 Reward: 261.308 Cost: 10.000 ShieldInt: 22 ShieldDist: 28.954
arrive destination: True ,out of road:False   Total T: 836651 Episode Num: 2377 Episode T: 486 Reward: 493.930 Cost: 21.000 ShieldInt: 25 ShieldDist: 27.134
arrive destination: False ,out of road:True   Total T: 836724 Episode Num: 2378 Episode T: 73 Reward: 50.766 Cost: 1.000 ShieldInt: 0 ShieldDist: 0.000
arrive destination: True ,out of road:False   Total T: 837175 Episode Num: 2379 Episode T: 451 Reward: 468.755 Cost: 21.000 ShieldInt: 16 ShieldDist: 21.392
arrive destination: True ,out of road:False   Total T: 837408 Episode Num: 2380 Episode T: 233 Reward: 231.798 Cost: 5.000 ShieldInt: 14 ShieldDist: 13.897
arrive destination: False ,out of road:True   Total T: 837657 Episode Num: 2381 Episode T: 249 Reward: 282.361 Cost: 18.000 ShieldInt: 3 ShieldDist: 0.446
arrive destination: True ,out of road:False   Total T: 837863 Episode Num: 2382 Episode T: 206 Reward: 270.106 Cost: 4.000 ShieldInt: 3 ShieldDist: 0.450
arrive destination: False ,out of road:True   Total T: 838023 Episode Num: 2383 Episode T: 160 Reward: 165.720 Cost: 6.000 ShieldInt: 16 ShieldDist: 8.759
arrive destination: True ,out of road:False   Total T: 838229 Episode Num: 2384 Episode T: 206 Reward: 284.170 Cost: 0.000 ShieldInt: 5 ShieldDist: 0.676
arrive destination: True ,out of road:False   Total T: 838484 Episode Num: 2385 Episode T: 255 Reward: 293.907 Cost: 9.000 ShieldInt: 7 ShieldDist: 4.637
arrive destination: True ,out of road:False   Total T: 838934 Episode Num: 2386 Episode T: 450 Reward: 467.492 Cost: 9.000 ShieldInt: 18 ShieldDist: 19.907
arrive destination: True ,out of road:False   Total T: 839143 Episode Num: 2387 Episode T: 209 Reward: 233.190 Cost: 7.000 ShieldInt: 12 ShieldDist: 13.897
arrive destination: True ,out of road:False   Total T: 839349 Episode Num: 2388 Episode T: 206 Reward: 232.599 Cost: 4.000 ShieldInt: 8 ShieldDist: 6.653
arrive destination: True ,out of road:False   Total T: 839558 Episode Num: 2389 Episode T: 209 Reward: 242.488 Cost: 0.000 ShieldInt: 6 ShieldDist: 0.822
---------------------------------------
Evaluation over 20 episodes: 0.800 Cost 14.150.             SafeRL used : use_qpsl
---------------------------------------
[34;1m
Time: 2026-07-01 22:56:55, Time spent from previous logger: 178.115 s[0m
[34;1mCustomLogger with fileds: ['total_steps', 'EpRet', 'EpCost', 'CostRate'][0m
[34;1mfieldvalues: [840000, 0.8, 14.15, 0.036488138676355565]
[0m
arrive destination: True ,out of road:False   Total T: 840302 Episode Num: 2390 Episode T: 744 Reward: 747.845 Cost: 40.000 ShieldInt: 16 ShieldDist: 18.902
arrive destination: True ,out of road:False   Total T: 840644 Episode Num: 2391 Episode T: 342 Reward: 367.044 Cost: 11.000 ShieldInt: 16 ShieldDist: 11.378
arrive destination: True ,out of road:False   Total T: 840894 Episode Num: 2392 Episode T: 250 Reward: 295.410 Cost: 15.000 ShieldInt: 7 ShieldDist: 1.037
arrive destination: True ,out of road:False   Total T: 841297 Episode Num: 2393 Episode T: 403 Reward: 374.774 Cost: 30.000 ShieldInt: 57 ShieldDist: 35.315
arrive destination: False ,out of road:True   Total T: 841405 Episode Num: 2394 Episode T: 108 Reward: 92.408 Cost: 2.000 ShieldInt: 4 ShieldDist: 0.554
arrive destination: True ,out of road:False   Total T: 841601 Episode Num: 2395 Episode T: 196 Reward: 269.306 Cost: 5.000 ShieldInt: 2 ShieldDist: 0.300
arrive destination: True ,out of road:False   Total T: 842081 Episode Num: 2396 Episode T: 480 Reward: 492.019 Cost: 28.000 ShieldInt: 36 ShieldDist: 28.067
arrive destination: True ,out of road:False   Total T: 842521 Episode Num: 2397 Episode T: 440 Reward: 483.841 Cost: 16.000 ShieldInt: 25 ShieldDist: 27.716
arrive destination: False ,out of road:True   Total T: 842997 Episode Num: 2398 Episode T: 476 Reward: 344.626 Cost: 55.000 ShieldInt: 92 ShieldDist: 90.661
arrive destination: True ,out of road:False   Total T: 843342 Episode Num: 2399 Episode T: 345 Reward: 335.402 Cost: 13.000 ShieldInt: 12 ShieldDist: 1.753
arrive destination: True ,out of road:False   Total T: 843560 Episode Num: 2400 Episode T: 218 Reward: 286.498 Cost: 0.000 ShieldInt: 16 ShieldDist: 2.227
arrive destination: True ,out of road:False   Total T: 843781 Episode Num: 2401 Episode T: 221 Reward: 232.482 Cost: 7.000 ShieldInt: 5 ShieldDist: 2.442
arrive destination: True ,out of road:False   Total T: 843989 Episode Num: 2402 Episode T: 208 Reward: 285.279 Cost: 0.000 ShieldInt: 11 ShieldDist: 1.580
arrive destination: True ,out of road:False   Total T: 844465 Episode Num: 2403 Episode T: 476 Reward: 475.399 Cost: 13.000 ShieldInt: 29 ShieldDist: 27.806
arrive destination: False ,out of road:True   Total T: 844853 Episode Num: 2404 Episode T: 388 Reward: 396.490 Cost: 27.000 ShieldInt: 33 ShieldDist: 34.275
arrive destination: False ,out of road:False   Total T: 845853 Episode Num: 2405 Episode T: 1000 Reward: 127.798 Cost: 19.000 ShieldInt: 789 ShieldDist: 1362.252
arrive destination: False ,out of road:True   Total T: 846093 Episode Num: 2406 Episode T: 240 Reward: 223.444 Cost: 5.000 ShieldInt: 21 ShieldDist: 26.525
arrive destination: False ,out of road:True   Total T: 846190 Episode Num: 2407 Episode T: 97 Reward: 77.876 Cost: 3.000 ShieldInt: 2 ShieldDist: 2.150
arrive destination: True ,out of road:False   Total T: 846420 Episode Num: 2408 Episode T: 230 Reward: 295.289 Cost: 10.000 ShieldInt: 11 ShieldDist: 5.215
arrive destination: False ,out of road:True   Total T: 846514 Episode Num: 2409 Episode T: 94 Reward: 75.892 Cost: 4.000 ShieldInt: 1 ShieldDist: 0.301
arrive destination: True ,out of road:False   Total T: 846994 Episode Num: 2410 Episode T: 480 Reward: 409.089 Cost: 32.000 ShieldInt: 46 ShieldDist: 35.504
arrive destination: True ,out of road:False   Total T: 847387 Episode Num: 2411 Episode T: 393 Reward: 417.212 Cost: 24.000 ShieldInt: 24 ShieldDist: 30.109
arrive destination: False ,out of road:True   Total T: 847556 Episode Num: 2412 Episode T: 169 Reward: 216.628 Cost: 3.000 ShieldInt: 3 ShieldDist: 0.705
arrive destination: True ,out of road:False   Total T: 847886 Episode Num: 2413 Episode T: 330 Reward: 398.827 Cost: 0.000 ShieldInt: 9 ShieldDist: 1.350
arrive destination: False ,out of road:True   Total T: 848013 Episode Num: 2414 Episode T: 127 Reward: 132.747 Cost: 1.000 ShieldInt: 1 ShieldDist: 0.150
arrive destination: True ,out of road:False   Total T: 848248 Episode Num: 2415 Episode T: 235 Reward: 296.018 Cost: 4.000 ShieldInt: 4 ShieldDist: 0.560
arrive destination: True ,out of road:False   Total T: 848719 Episode Num: 2416 Episode T: 471 Reward: 501.611 Cost: 24.000 ShieldInt: 33 ShieldDist: 49.167
arrive destination: True ,out of road:False   Total T: 849085 Episode Num: 2417 Episode T: 366 Reward: 415.660 Cost: 19.000 ShieldInt: 18 ShieldDist: 9.721
arrive destination: True ,out of road:True   Total T: 849405 Episode Num: 2418 Episode T: 320 Reward: 405.971 Cost: 15.000 ShieldInt: 15 ShieldDist: 10.306
arrive destination: True ,out of road:False   Total T: 849670 Episode Num: 2419 Episode T: 265 Reward: 264.848 Cost: 12.000 ShieldInt: 8 ShieldDist: 11.206
arrive destination: True ,out of road:False   Total T: 849977 Episode Num: 2420 Episode T: 307 Reward: 295.812 Cost: 18.000 ShieldInt: 39 ShieldDist: 51.267
---------------------------------------
Evaluation over 20 episodes: 0.850 Cost 13.800.             SafeRL used : use_qpsl
---------------------------------------
[34;1m
Time: 2026-07-01 23:00:01, Time spent from previous logger: 185.746 s[0m
[34;1mCustomLogger with fileds: ['total_steps', 'EpRet', 'EpCost', 'CostRate'][0m
[34;1mfieldvalues: [850000, 0.85, 13.8, 0.036568278315621545]
[0m
arrive destination: True ,out of road:False   Total T: 850611 Episode Num: 2421 Episode T: 634 Reward: 409.659 Cost: 49.000 ShieldInt: 159 ShieldDist: 232.217
arrive destination: False ,out of road:True   Total T: 850730 Episode Num: 2422 Episode T: 119 Reward: 110.826 Cost: 1.000 ShieldInt: 2 ShieldDist: 0.300
arrive destination: False ,out of road:True   Total T: 850823 Episode Num: 2423 Episode T: 93 Reward: 79.302 Cost: 1.000 ShieldInt: 1 ShieldDist: 0.150
arrive destination: True ,out of road:False   Total T: 851077 Episode Num: 2424 Episode T: 254 Reward: 346.674 Cost: 0.000 ShieldInt: 9 ShieldDist: 1.302
arrive destination: True ,out of road:False   Total T: 851328 Episode Num: 2425 Episode T: 251 Reward: 295.769 Cost: 7.000 ShieldInt: 9 ShieldDist: 6.628
arrive destination: True ,out of road:False   Total T: 851654 Episode Num: 2426 Episode T: 326 Reward: 398.723 Cost: 9.000 ShieldInt: 12 ShieldDist: 6.200
arrive destination: True ,out of road:False   Total T: 851845 Episode Num: 2427 Episode T: 191 Reward: 269.804 Cost: 0.000 ShieldInt: 6 ShieldDist: 0.900
arrive destination: True ,out of road:False   Total T: 852173 Episode Num: 2428 Episode T: 328 Reward: 387.530 Cost: 0.000 ShieldInt: 3 ShieldDist: 0.442
arrive destination: True ,out of road:False   Total T: 852420 Episode Num: 2429 Episode T: 247 Reward: 345.918 Cost: 4.000 ShieldInt: 1 ShieldDist: 0.150
arrive destination: True ,out of road:False   Total T: 852847 Episode Num: 2430 Episode T: 427 Reward: 398.622 Cost: 18.000 ShieldInt: 14 ShieldDist: 5.393
arrive destination: True ,out of road:False   Total T: 853271 Episode Num: 2431 Episode T: 424 Reward: 407.742 Cost: 20.000 ShieldInt: 23 ShieldDist: 7.952
arrive destination: True ,out of road:False   Total T: 853692 Episode Num: 2432 Episode T: 421 Reward: 502.159 Cost: 9.000 ShieldInt: 4 ShieldDist: 2.355
arrive destination: True ,out of road:False   Total T: 853965 Episode Num: 2433 Episode T: 273 Reward: 296.111 Cost: 17.000 ShieldInt: 23 ShieldDist: 21.294
arrive destination: True ,out of road:False   Total T: 854278 Episode Num: 2434 Episode T: 313 Reward: 267.598 Cost: 11.000 ShieldInt: 19 ShieldDist: 19.476
arrive destination: True ,out of road:False   Total T: 854506 Episode Num: 2435 Episode T: 228 Reward: 266.757 Cost: 2.000 ShieldInt: 2 ShieldDist: 0.279
arrive destination: True ,out of road:False   Total T: 854803 Episode Num: 2436 Episode T: 297 Reward: 267.844 Cost: 15.000 ShieldInt: 7 ShieldDist: 1.007
arrive destination: False ,out of road:True   Total T: 855019 Episode Num: 2437 Episode T: 216 Reward: 225.439 Cost: 12.000 ShieldInt: 14 ShieldDist: 14.238
arrive destination: False ,out of road:True   Total T: 855108 Episode Num: 2438 Episode T: 89 Reward: 70.295 Cost: 8.000 ShieldInt: 3 ShieldDist: 4.024
arrive destination: True ,out of road:False   Total T: 855437 Episode Num: 2439 Episode T: 329 Reward: 392.022 Cost: 0.000 ShieldInt: 0 ShieldDist: 0.000
arrive destination: True ,out of road:False   Total T: 855651 Episode Num: 2440 Episode T: 214 Reward: 284.868 Cost: 0.000 ShieldInt: 4 ShieldDist: 0.589
arrive destination: False ,out of road:True   Total T: 855793 Episode Num: 2441 Episode T: 142 Reward: 162.335 Cost: 5.000 ShieldInt: 2 ShieldDist: 0.300
arrive destination: True ,out of road:False   Total T: 856020 Episode Num: 2442 Episode T: 227 Reward: 272.874 Cost: 0.000 ShieldInt: 7 ShieldDist: 0.969
arrive destination: True ,out of road:False   Total T: 856276 Episode Num: 2443 Episode T: 256 Reward: 265.138 Cost: 6.000 ShieldInt: 4 ShieldDist: 0.579
arrive destination: True ,out of road:False   Total T: 856605 Episode Num: 2444 Episode T: 329 Reward: 355.854 Cost: 19.000 ShieldInt: 15 ShieldDist: 15.120
arrive destination: True ,out of road:False   Total T: 856914 Episode Num: 2445 Episode T: 309 Reward: 365.722 Cost: 0.000 ShieldInt: 9 ShieldDist: 1.244
arrive destination: True ,out of road:False   Total T: 857110 Episode Num: 2446 Episode T: 196 Reward: 269.240 Cost: 4.000 ShieldInt: 5 ShieldDist: 0.702
arrive destination: True ,out of road:False   Total T: 857508 Episode Num: 2447 Episode T: 398 Reward: 501.116 Cost: 12.000 ShieldInt: 11 ShieldDist: 1.514
arrive destination: True ,out of road:False   Total T: 857728 Episode Num: 2448 Episode T: 220 Reward: 285.442 Cost: 0.000 ShieldInt: 5 ShieldDist: 0.728
arrive destination: True ,out of road:False   Total T: 858065 Episode Num: 2449 Episode T: 337 Reward: 336.198 Cost: 20.000 ShieldInt: 18 ShieldDist: 27.191
arrive destination: True ,out of road:False   Total T: 858531 Episode Num: 2450 Episode T: 466 Reward: 507.854 Cost: 32.000 ShieldInt: 25 ShieldDist: 15.180
arrive destination: False ,out of road:True   Total T: 858744 Episode Num: 2451 Episode T: 213 Reward: 191.051 Cost: 15.000 ShieldInt: 1 ShieldDist: 0.150
arrive destination: True ,out of road:False   Total T: 859040 Episode Num: 2452 Episode T: 296 Reward: 374.164 Cost: 9.000 ShieldInt: 3 ShieldDist: 0.450
arrive destination: True ,out of road:False   Total T: 859373 Episode Num: 2453 Episode T: 333 Reward: 335.771 Cost: 11.000 ShieldInt: 17 ShieldDist: 12.891
arrive destination: True ,out of road:False   Total T: 859597 Episode Num: 2454 Episode T: 224 Reward: 274.965 Cost: 3.000 ShieldInt: 6 ShieldDist: 0.838
arrive destination: True ,out of road:False   Total T: 859791 Episode Num: 2455 Episode T: 194 Reward: 269.311 Cost: 6.000 ShieldInt: 8 ShieldDist: 1.200
---------------------------------------
Evaluation over 20 episodes: 0.650 Cost 13.350.             SafeRL used : use_qpsl
---------------------------------------
[34;1m
Time: 2026-07-01 23:02:53, Time spent from previous logger: 171.531 s[0m
[34;1mCustomLogger with fileds: ['total_steps', 'EpRet', 'EpCost', 'CostRate'][0m
[34;1mfieldvalues: [860000, 0.65, 13.35, 0.036520972698805464]
[0m
arrive destination: True ,out of road:False   Total T: 860372 Episode Num: 2456 Episode T: 581 Reward: 640.866 Cost: 19.000 ShieldInt: 31 ShieldDist: 31.648
arrive destination: True ,out of road:False   Total T: 860630 Episode Num: 2457 Episode T: 258 Reward: 270.050 Cost: 6.000 ShieldInt: 4 ShieldDist: 0.588
arrive destination: False ,out of road:True   Total T: 860715 Episode Num: 2458 Episode T: 85 Reward: 60.875 Cost: 1.000 ShieldInt: 2 ShieldDist: 0.282
arrive destination: True ,out of road:False   Total T: 861007 Episode Num: 2459 Episode T: 292 Reward: 336.201 Cost: 14.000 ShieldInt: 19 ShieldDist: 19.819
arrive destination: False ,out of road:True   Total T: 861238 Episode Num: 2460 Episode T: 231 Reward: 223.838 Cost: 7.000 ShieldInt: 6 ShieldDist: 0.869
arrive destination: True ,out of road:False   Total T: 861462 Episode Num: 2461 Episode T: 224 Reward: 274.046 Cost: 1.000 ShieldInt: 4 ShieldDist: 0.553
arrive destination: True ,out of road:False   Total T: 861736 Episode Num: 2462 Episode T: 274 Reward: 352.363 Cost: 1.000 ShieldInt: 7 ShieldDist: 1.044
arrive destination: False ,out of road:True   Total T: 861975 Episode Num: 2463 Episode T: 239 Reward: 266.887 Cost: 17.000 ShieldInt: 6 ShieldDist: 6.408
arrive destination: True ,out of road:False   Total T: 862682 Episode Num: 2464 Episode T: 707 Reward: 401.737 Cost: 51.000 ShieldInt: 284 ShieldDist: 447.841
arrive destination: True ,out of road:False   Total T: 862901 Episode Num: 2465 Episode T: 219 Reward: 285.411 Cost: 0.000 ShieldInt: 8 ShieldDist: 1.121
arrive destination: False ,out of road:True   Total T: 863004 Episode Num: 2466 Episode T: 103 Reward: 86.827 Cost: 2.000 ShieldInt: 5 ShieldDist: 0.701
arrive destination: True ,out of road:False   Total T: 863205 Episode Num: 2467 Episode T: 201 Reward: 238.400 Cost: 0.000 ShieldInt: 2 ShieldDist: 0.297
arrive destination: True ,out of road:False   Total T: 863460 Episode Num: 2468 Episode T: 255 Reward: 266.149 Cost: 7.000 ShieldInt: 14 ShieldDist: 7.481
arrive destination: True ,out of road:False   Total T: 863782 Episode Num: 2469 Episode T: 322 Reward: 372.220 Cost: 6.000 ShieldInt: 18 ShieldDist: 22.032
arrive destination: True ,out of road:False   Total T: 863977 Episode Num: 2470 Episode T: 195 Reward: 231.797 Cost: 2.000 ShieldInt: 6 ShieldDist: 0.874
arrive destination: True ,out of road:False   Total T: 864434 Episode Num: 2471 Episode T: 457 Reward: 492.856 Cost: 25.000 ShieldInt: 19 ShieldDist: 13.276
arrive destination: True ,out of road:False   Total T: 864655 Episode Num: 2472 Episode T: 221 Reward: 295.378 Cost: 1.000 ShieldInt: 9 ShieldDist: 4.998
arrive destination: False ,out of road:True   Total T: 864759 Episode Num: 2473 Episode T: 104 Reward: 92.394 Cost: 1.000 ShieldInt: 1 ShieldDist: 0.133
arrive destination: False ,out of road:True   Total T: 864959 Episode Num: 2474 Episode T: 200 Reward: 234.555 Cost: 7.000 ShieldInt: 9 ShieldDist: 4.297
arrive destination: True ,out of road:False   Total T: 865164 Episode Num: 2475 Episode T: 205 Reward: 233.172 Cost: 3.000 ShieldInt: 5 ShieldDist: 0.715
arrive destination: True ,out of road:False   Total T: 865704 Episode Num: 2476 Episode T: 540 Reward: 372.336 Cost: 42.000 ShieldInt: 44 ShieldDist: 61.362
arrive destination: True ,out of road:False   Total T: 865914 Episode Num: 2477 Episode T: 210 Reward: 285.462 Cost: 0.000 ShieldInt: 3 ShieldDist: 0.450
arrive destination: False ,out of road:True   Total T: 865981 Episode Num: 2478 Episode T: 67 Reward: 42.095 Cost: 1.000 ShieldInt: 2 ShieldDist: 0.300
arrive destination: True ,out of road:False   Total T: 866306 Episode Num: 2479 Episode T: 325 Reward: 364.775 Cost: 16.000 ShieldInt: 13 ShieldDist: 13.222
arrive destination: True ,out of road:False   Total T: 866752 Episode Num: 2480 Episode T: 446 Reward: 496.846 Cost: 23.000 ShieldInt: 23 ShieldDist: 20.922
arrive destination: True ,out of road:False   Total T: 867212 Episode Num: 2481 Episode T: 460 Reward: 412.446 Cost: 26.000 ShieldInt: 38 ShieldDist: 42.194
arrive destination: True ,out of road:False   Total T: 867720 Episode Num: 2482 Episode T: 508 Reward: 495.606 Cost: 25.000 ShieldInt: 30 ShieldDist: 26.563
arrive destination: True ,out of road:False   Total T: 867918 Episode Num: 2483 Episode T: 198 Reward: 269.436 Cost: 2.000 ShieldInt: 2 ShieldDist: 0.218
arrive destination: True ,out of road:False   Total T: 868286 Episode Num: 2484 Episode T: 368 Reward: 375.872 Cost: 26.000 ShieldInt: 28 ShieldDist: 33.101
arrive destination: True ,out of road:False   Total T: 868509 Episode Num: 2485 Episode T: 223 Reward: 270.747 Cost: 0.000 ShieldInt: 13 ShieldDist: 1.870
arrive destination: True ,out of road:False   Total T: 868836 Episode Num: 2486 Episode T: 327 Reward: 403.284 Cost: 0.000 ShieldInt: 12 ShieldDist: 5.093
arrive destination: False ,out of road:True   Total T: 868935 Episode Num: 2487 Episode T: 99 Reward: 83.481 Cost: 2.000 ShieldInt: 3 ShieldDist: 0.404
arrive destination: True ,out of road:False   Total T: 869564 Episode Num: 2488 Episode T: 629 Reward: 363.244 Cost: 18.000 ShieldInt: 239 ShieldDist: 445.304
arrive destination: True ,out of road:False   Total T: 869791 Episode Num: 2489 Episode T: 227 Reward: 296.161 Cost: 11.000 ShieldInt: 7 ShieldDist: 1.207
---------------------------------------
Evaluation over 20 episodes: 0.700 Cost 6.900.             SafeRL used : use_qpsl
---------------------------------------
[34;1m
Time: 2026-07-01 23:05:50, Time spent from previous logger: 177.490 s[0m
[34;1mCustomLogger with fileds: ['total_steps', 'EpRet', 'EpCost', 'CostRate'][0m
[34;1mfieldvalues: [870000, 0.7, 6.9, 0.03651843277980779]
[0m
arrive destination: True ,out of road:False   Total T: 870421 Episode Num: 2490 Episode T: 630 Reward: 773.915 Cost: 15.000 ShieldInt: 15 ShieldDist: 2.186
arrive destination: True ,out of road:False   Total T: 870684 Episode Num: 2491 Episode T: 263 Reward: 269.854 Cost: 12.000 ShieldInt: 15 ShieldDist: 11.783
arrive destination: True ,out of road:False   Total T: 870891 Episode Num: 2492 Episode T: 207 Reward: 284.565 Cost: 0.000 ShieldInt: 7 ShieldDist: 0.923
arrive destination: True ,out of road:False   Total T: 871079 Episode Num: 2493 Episode T: 188 Reward: 270.067 Cost: 6.000 ShieldInt: 10 ShieldDist: 1.350
arrive destination: True ,out of road:False   Total T: 871356 Episode Num: 2494 Episode T: 277 Reward: 354.865 Cost: 7.000 ShieldInt: 21 ShieldDist: 8.623
arrive destination: True ,out of road:False   Total T: 871575 Episode Num: 2495 Episode T: 219 Reward: 241.954 Cost: 0.000 ShieldInt: 4 ShieldDist: 0.512
arrive destination: False ,out of road:True   Total T: 871710 Episode Num: 2496 Episode T: 135 Reward: 126.051 Cost: 1.000 ShieldInt: 5 ShieldDist: 0.708
arrive destination: False ,out of road:True   Total T: 872060 Episode Num: 2497 Episode T: 350 Reward: 345.477 Cost: 11.000 ShieldInt: 26 ShieldDist: 29.120
arrive destination: False ,out of road:True   Total T: 872841 Episode Num: 2498 Episode T: 781 Reward: 312.524 Cost: 41.000 ShieldInt: 301 ShieldDist: 306.793
arrive destination: True ,out of road:False   Total T: 873171 Episode Num: 2499 Episode T: 330 Reward: 378.935 Cost: 10.000 ShieldInt: 12 ShieldDist: 12.692
arrive destination: True ,out of road:False   Total T: 873641 Episode Num: 2500 Episode T: 470 Reward: 505.998 Cost: 16.000 ShieldInt: 24 ShieldDist: 21.370
arrive destination: True ,out of road:False   Total T: 873886 Episode Num: 2501 Episode T: 245 Reward: 346.760 Cost: 1.000 ShieldInt: 9 ShieldDist: 1.293
arrive destination: False ,out of road:True   Total T: 874172 Episode Num: 2502 Episode T: 286 Reward: 347.886 Cost: 5.000 ShieldInt: 8 ShieldDist: 1.148
arrive destination: False ,out of road:True   Total T: 874389 Episode Num: 2503 Episode T: 217 Reward: 206.015 Cost: 14.000 ShieldInt: 17 ShieldDist: 27.392
arrive destination: True ,out of road:False   Total T: 874672 Episode Num: 2504 Episode T: 283 Reward: 294.519 Cost: 8.000 ShieldInt: 18 ShieldDist: 2.661
arrive destination: True ,out of road:False   Total T: 875074 Episode Num: 2505 Episode T: 402 Reward: 417.053 Cost: 15.000 ShieldInt: 25 ShieldDist: 21.974
arrive destination: True ,out of road:False   Total T: 875311 Episode Num: 2506 Episode T: 237 Reward: 295.368 Cost: 5.000 ShieldInt: 7 ShieldDist: 4.595
arrive destination: True ,out of road:False   Total T: 875716 Episode Num: 2507 Episode T: 405 Reward: 408.565 Cost: 25.000 ShieldInt: 32 ShieldDist: 28.382
arrive destination: False ,out of road:True   Total T: 876095 Episode Num: 2508 Episode T: 379 Reward: 388.657 Cost: 16.000 ShieldInt: 26 ShieldDist: 33.659
arrive destination: True ,out of road:False   Total T: 876291 Episode Num: 2509 Episode T: 196 Reward: 270.040 Cost: 4.000 ShieldInt: 4 ShieldDist: 0.556
arrive destination: True ,out of road:False   Total T: 876677 Episode Num: 2510 Episode T: 386 Reward: 379.201 Cost: 7.000 ShieldInt: 20 ShieldDist: 14.516
arrive destination: True ,out of road:False   Total T: 877010 Episode Num: 2511 Episode T: 333 Reward: 411.714 Cost: 14.000 ShieldInt: 9 ShieldDist: 1.386
arrive destination: False ,out of road:True   Total T: 877107 Episode Num: 2512 Episode T: 97 Reward: 76.708 Cost: 2.000 ShieldInt: 1 ShieldDist: 0.150
arrive destination: True ,out of road:False   Total T: 877295 Episode Num: 2513 Episode T: 188 Reward: 268.512 Cost: 1.000 ShieldInt: 6 ShieldDist: 0.836
arrive destination: False ,out of road:True   Total T: 877463 Episode Num: 2514 Episode T: 168 Reward: 207.732 Cost: 5.000 ShieldInt: 6 ShieldDist: 0.900
arrive destination: True ,out of road:False   Total T: 877689 Episode Num: 2515 Episode T: 226 Reward: 273.556 Cost: 3.000 ShieldInt: 11 ShieldDist: 1.543
arrive destination: True ,out of road:False   Total T: 877916 Episode Num: 2516 Episode T: 227 Reward: 272.847 Cost: 2.000 ShieldInt: 17 ShieldDist: 12.636
arrive destination: False ,out of road:True   Total T: 878181 Episode Num: 2517 Episode T: 265 Reward: 203.417 Cost: 11.000 ShieldInt: 16 ShieldDist: 24.109
arrive destination: True ,out of road:False   Total T: 878512 Episode Num: 2518 Episode T: 331 Reward: 397.681 Cost: 5.000 ShieldInt: 3 ShieldDist: 2.268
arrive destination: True ,out of road:False   Total T: 878726 Episode Num: 2519 Episode T: 214 Reward: 285.373 Cost: 0.000 ShieldInt: 9 ShieldDist: 1.347
arrive destination: True ,out of road:False   Total T: 878960 Episode Num: 2520 Episode T: 234 Reward: 273.280 Cost: 1.000 ShieldInt: 13 ShieldDist: 10.372
arrive destination: True ,out of road:False   Total T: 879231 Episode Num: 2521 Episode T: 271 Reward: 373.336 Cost: 8.000 ShieldInt: 4 ShieldDist: 0.551
arrive destination: True ,out of road:False   Total T: 879669 Episode Num: 2522 Episode T: 438 Reward: 493.028 Cost: 22.000 ShieldInt: 29 ShieldDist: 28.143
arrive destination: True ,out of road:False   Total T: 879864 Episode Num: 2523 Episode T: 195 Reward: 269.380 Cost: 7.000 ShieldInt: 2 ShieldDist: 0.280
arrive destination: False ,out of road:True   Total T: 879958 Episode Num: 2524 Episode T: 94 Reward: 83.793 Cost: 3.000 ShieldInt: 3 ShieldDist: 0.438
---------------------------------------
Evaluation over 20 episodes: 0.350 Cost 5.450.             SafeRL used : use_qpsl
---------------------------------------
[34;1m
Time: 2026-07-01 23:08:31, Time spent from previous logger: 160.653 s[0m
[34;1mCustomLogger with fileds: ['total_steps', 'EpRet', 'EpCost', 'CostRate'][0m
[34;1mfieldvalues: [880000, 0.35, 5.45, 0.03644776869064624]
[0m
arrive destination: False ,out of road:True   Total T: 880020 Episode Num: 2525 Episode T: 62 Reward: 13.444 Cost: 1.000 ShieldInt: 0 ShieldDist: 0.000
arrive destination: True ,out of road:False   Total T: 880270 Episode Num: 2526 Episode T: 250 Reward: 345.847 Cost: 2.000 ShieldInt: 4 ShieldDist: 0.600
arrive destination: True ,out of road:False   Total T: 880526 Episode Num: 2527 Episode T: 256 Reward: 267.205 Cost: 14.000 ShieldInt: 18 ShieldDist: 12.440
arrive destination: True ,out of road:False   Total T: 880881 Episode Num: 2528 Episode T: 355 Reward: 413.486 Cost: 10.000 ShieldInt: 14 ShieldDist: 7.151
arrive destination: True ,out of road:False   Total T: 881277 Episode Num: 2529 Episode T: 396 Reward: 501.677 Cost: 10.000 ShieldInt: 10 ShieldDist: 5.131
arrive destination: True ,out of road:False   Total T: 881786 Episode Num: 2530 Episode T: 509 Reward: 491.582 Cost: 33.000 ShieldInt: 27 ShieldDist: 24.408
arrive destination: True ,out of road:False   Total T: 882040 Episode Num: 2531 Episode T: 254 Reward: 264.681 Cost: 6.000 ShieldInt: 6 ShieldDist: 0.807
arrive destination: True ,out of road:False   Total T: 882522 Episode Num: 2532 Episode T: 482 Reward: 410.521 Cost: 39.000 ShieldInt: 99 ShieldDist: 109.275
arrive destination: True ,out of road:False   Total T: 882994 Episode Num: 2533 Episode T: 472 Reward: 406.184 Cost: 43.000 ShieldInt: 94 ShieldDist: 112.557
arrive destination: True ,out of road:False   Total T: 883186 Episode Num: 2534 Episode T: 192 Reward: 269.510 Cost: 2.000 ShieldInt: 2 ShieldDist: 0.259
arrive destination: False ,out of road:True   Total T: 883377 Episode Num: 2535 Episode T: 191 Reward: 234.571 Cost: 3.000 ShieldInt: 0 ShieldDist: 0.000
arrive destination: True ,out of road:False   Total T: 883866 Episode Num: 2536 Episode T: 489 Reward: 491.103 Cost: 16.000 ShieldInt: 38 ShieldDist: 48.410
arrive destination: False ,out of road:True   Total T: 883999 Episode Num: 2537 Episode T: 133 Reward: 121.227 Cost: 3.000 ShieldInt: 4 ShieldDist: 0.511
arrive destination: True ,out of road:False   Total T: 884483 Episode Num: 2538 Episode T: 484 Reward: 473.081 Cost: 22.000 ShieldInt: 23 ShieldDist: 25.237
arrive destination: True ,out of road:False   Total T: 884910 Episode Num: 2539 Episode T: 427 Reward: 409.007 Cost: 22.000 ShieldInt: 10 ShieldDist: 3.220
arrive destination: True ,out of road:False   Total T: 885175 Episode Num: 2540 Episode T: 265 Reward: 374.648 Cost: 9.000 ShieldInt: 6 ShieldDist: 2.701
arrive destination: False ,out of road:True   Total T: 885483 Episode Num: 2541 Episode T: 308 Reward: 263.798 Cost: 22.000 ShieldInt: 24 ShieldDist: 11.195
arrive destination: True ,out of road:False   Total T: 885976 Episode Num: 2542 Episode T: 493 Reward: 403.304 Cost: 22.000 ShieldInt: 54 ShieldDist: 56.201
arrive destination: True ,out of road:False   Total T: 886181 Episode Num: 2543 Episode T: 205 Reward: 242.108 Cost: 0.000 ShieldInt: 3 ShieldDist: 0.437
arrive destination: True ,out of road:False   Total T: 886496 Episode Num: 2544 Episode T: 315 Reward: 363.696 Cost: 0.000 ShieldInt: 11 ShieldDist: 1.548
arrive destination: True ,out of road:False   Total T: 886790 Episode Num: 2545 Episode T: 294 Reward: 268.887 Cost: 17.000 ShieldInt: 9 ShieldDist: 3.761
arrive destination: True ,out of road:False   Total T: 887117 Episode Num: 2546 Episode T: 327 Reward: 394.374 Cost: 0.000 ShieldInt: 2 ShieldDist: 0.270
arrive destination: True ,out of road:False   Total T: 887466 Episode Num: 2547 Episode T: 349 Reward: 398.685 Cost: 4.000 ShieldInt: 21 ShieldDist: 10.313
arrive destination: True ,out of road:False   Total T: 887774 Episode Num: 2548 Episode T: 308 Reward: 348.008 Cost: 11.000 ShieldInt: 23 ShieldDist: 26.162
arrive destination: True ,out of road:False   Total T: 887989 Episode Num: 2549 Episode T: 215 Reward: 286.036 Cost: 0.000 ShieldInt: 5 ShieldDist: 0.738
arrive destination: True ,out of road:False   Total T: 888272 Episode Num: 2550 Episode T: 283 Reward: 336.107 Cost: 8.000 ShieldInt: 3 ShieldDist: 0.407
arrive destination: True ,out of road:False   Total T: 888465 Episode Num: 2551 Episode T: 193 Reward: 269.932 Cost: 1.000 ShieldInt: 6 ShieldDist: 2.717
arrive destination: False ,out of road:True   Total T: 888878 Episode Num: 2552 Episode T: 413 Reward: 429.783 Cost: 23.000 ShieldInt: 11 ShieldDist: 5.264
arrive destination: True ,out of road:False   Total T: 889356 Episode Num: 2553 Episode T: 478 Reward: 405.042 Cost: 22.000 ShieldInt: 30 ShieldDist: 32.037
arrive destination: False ,out of road:True   Total T: 889521 Episode Num: 2554 Episode T: 165 Reward: 200.042 Cost: 1.000 ShieldInt: 5 ShieldDist: 0.727
arrive destination: True ,out of road:False   Total T: 889809 Episode Num: 2555 Episode T: 288 Reward: 294.181 Cost: 13.000 ShieldInt: 21 ShieldDist: 24.036
---------------------------------------
Evaluation over 20 episodes: 0.800 Cost 13.250.             SafeRL used : use_qpsl
---------------------------------------
[34;1m
Time: 2026-07-01 23:11:38, Time spent from previous logger: 187.248 s[0m
[34;1mCustomLogger with fileds: ['total_steps', 'EpRet', 'EpCost', 'CostRate'][0m
[34;1mfieldvalues: [890000, 0.8, 13.25, 0.03646408591470327]
[0m
arrive destination: False ,out of road:True   Total T: 890020 Episode Num: 2556 Episode T: 211 Reward: 214.581 Cost: 1.000 ShieldInt: 0 ShieldDist: 0.000
arrive destination: True ,out of road:False   Total T: 890274 Episode Num: 2557 Episode T: 254 Reward: 265.852 Cost: 12.000 ShieldInt: 14 ShieldDist: 9.402
arrive destination: True ,out of road:False   Total T: 890553 Episode Num: 2558 Episode T: 279 Reward: 304.234 Cost: 21.000 ShieldInt: 15 ShieldDist: 12.011
arrive destination: True ,out of road:False   Total T: 890745 Episode Num: 2559 Episode T: 192 Reward: 269.044 Cost: 3.000 ShieldInt: 3 ShieldDist: 2.090
arrive destination: True ,out of road:False   Total T: 890974 Episode Num: 2560 Episode T: 229 Reward: 295.721 Cost: 11.000 ShieldInt: 8 ShieldDist: 1.114
arrive destination: True ,out of road:False   Total T: 891280 Episode Num: 2561 Episode T: 306 Reward: 267.643 Cost: 12.000 ShieldInt: 26 ShieldDist: 21.939
arrive destination: False ,out of road:True   Total T: 891376 Episode Num: 2562 Episode T: 96 Reward: 78.460 Cost: 3.000 ShieldInt: 0 ShieldDist: 0.000
arrive destination: False ,out of road:True   Total T: 891724 Episode Num: 2563 Episode T: 348 Reward: 246.748 Cost: 39.000 ShieldInt: 64 ShieldDist: 97.111
arrive destination: True ,out of road:False   Total T: 891945 Episode Num: 2564 Episode T: 221 Reward: 270.721 Cost: 4.000 ShieldInt: 10 ShieldDist: 1.461
arrive destination: True ,out of road:False   Total T: 892152 Episode Num: 2565 Episode T: 207 Reward: 242.109 Cost: 0.000 ShieldInt: 3 ShieldDist: 0.331
arrive destination: False ,out of road:True   Total T: 892431 Episode Num: 2566 Episode T: 279 Reward: 286.363 Cost: 12.000 ShieldInt: 6 ShieldDist: 0.869
arrive destination: False ,out of road:True   Total T: 892617 Episode Num: 2567 Episode T: 186 Reward: 211.999 Cost: 7.000 ShieldInt: 6 ShieldDist: 0.824
arrive destination: False ,out of road:True   Total T: 892714 Episode Num: 2568 Episode T: 97 Reward: 67.963 Cost: 5.000 ShieldInt: 1 ShieldDist: 2.000
arrive destination: True ,out of road:False   Total T: 892939 Episode Num: 2569 Episode T: 225 Reward: 232.232 Cost: 7.000 ShieldInt: 2 ShieldDist: 0.285
arrive destination: True ,out of road:False   Total T: 893145 Episode Num: 2570 Episode T: 206 Reward: 242.852 Cost: 0.000 ShieldInt: 4 ShieldDist: 0.545
arrive destination: True ,out of road:False   Total T: 893373 Episode Num: 2571 Episode T: 228 Reward: 271.876 Cost: 2.000 ShieldInt: 12 ShieldDist: 7.032
arrive destination: False ,out of road:True   Total T: 893469 Episode Num: 2572 Episode T: 96 Reward: 77.230 Cost: 3.000 ShieldInt: 0 ShieldDist: 0.000
arrive destination: True ,out of road:False   Total T: 893969 Episode Num: 2573 Episode T: 500 Reward: 336.101 Cost: 55.000 ShieldInt: 65 ShieldDist: 77.136
arrive destination: True ,out of road:False   Total T: 894557 Episode Num: 2574 Episode T: 588 Reward: 412.763 Cost: 34.000 ShieldInt: 41 ShieldDist: 38.946
arrive destination: True ,out of road:False   Total T: 894768 Episode Num: 2575 Episode T: 211 Reward: 243.438 Cost: 0.000 ShieldInt: 7 ShieldDist: 1.050
arrive destination: True ,out of road:False   Total T: 894980 Episode Num: 2576 Episode T: 212 Reward: 232.969 Cost: 1.000 ShieldInt: 3 ShieldDist: 0.431
arrive destination: True ,out of road:False   Total T: 895320 Episode Num: 2577 Episode T: 340 Reward: 372.719 Cost: 28.000 ShieldInt: 25 ShieldDist: 33.240
arrive destination: True ,out of road:False   Total T: 895762 Episode Num: 2578 Episode T: 442 Reward: 470.527 Cost: 15.000 ShieldInt: 19 ShieldDist: 28.215
arrive destination: True ,out of road:False   Total T: 895972 Episode Num: 2579 Episode T: 210 Reward: 243.188 Cost: 0.000 ShieldInt: 14 ShieldDist: 2.019
arrive destination: True ,out of road:False   Total T: 896386 Episode Num: 2580 Episode T: 414 Reward: 477.994 Cost: 11.000 ShieldInt: 22 ShieldDist: 17.660
arrive destination: False ,out of road:True   Total T: 896560 Episode Num: 2581 Episode T: 174 Reward: 217.550 Cost: 1.000 ShieldInt: 7 ShieldDist: 1.028
arrive destination: False ,out of road:True   Total T: 896764 Episode Num: 2582 Episode T: 204 Reward: 190.227 Cost: 11.000 ShieldInt: 7 ShieldDist: 2.760
arrive destination: True ,out of road:False   Total T: 897115 Episode Num: 2583 Episode T: 351 Reward: 416.750 Cost: 8.000 ShieldInt: 13 ShieldDist: 7.236
arrive destination: False ,out of road:True   Total T: 897386 Episode Num: 2584 Episode T: 271 Reward: 294.617 Cost: 12.000 ShieldInt: 3 ShieldDist: 0.450
arrive destination: True ,out of road:False   Total T: 897580 Episode Num: 2585 Episode T: 194 Reward: 269.669 Cost: 5.000 ShieldInt: 3 ShieldDist: 0.423
arrive destination: True ,out of road:False   Total T: 897791 Episode Num: 2586 Episode T: 211 Reward: 232.570 Cost: 3.000 ShieldInt: 5 ShieldDist: 4.339
arrive destination: True ,out of road:False   Total T: 898300 Episode Num: 2587 Episode T: 509 Reward: 470.297 Cost: 27.000 ShieldInt: 46 ShieldDist: 60.335
arrive destination: False ,out of road:True   Total T: 898396 Episode Num: 2588 Episode T: 96 Reward: 80.080 Cost: 2.000 ShieldInt: 1 ShieldDist: 0.150
arrive destination: False ,out of road:True   Total T: 898773 Episode Num: 2589 Episode T: 377 Reward: 359.142 Cost: 18.000 ShieldInt: 22 ShieldDist: 23.218
arrive destination: True ,out of road:False   Total T: 899247 Episode Num: 2590 Episode T: 474 Reward: 370.617 Cost: 31.000 ShieldInt: 64 ShieldDist: 88.497
arrive destination: True ,out of road:False   Total T: 899438 Episode Num: 2591 Episode T: 191 Reward: 269.641 Cost: 4.000 ShieldInt: 5 ShieldDist: 0.711
arrive destination: True ,out of road:False   Total T: 899637 Episode Num: 2592 Episode T: 199 Reward: 270.006 Cost: 0.000 ShieldInt: 1 ShieldDist: 0.150
---------------------------------------
Evaluation over 20 episodes: 0.650 Cost 11.850.             SafeRL used : use_qpsl
---------------------------------------
[34;1m
Time: 2026-07-01 23:14:29, Time spent from previous logger: 171.180 s[0m
[34;1mCustomLogger with fileds: ['total_steps', 'EpRet', 'EpCost', 'CostRate'][0m
[34;1mfieldvalues: [900000, 0.65, 11.85, 0.03653115170127967]
[0m
arrive destination: True ,out of road:False   Total T: 900330 Episode Num: 2593 Episode T: 693 Reward: 694.931 Cost: 17.000 ShieldInt: 3 ShieldDist: 0.450
arrive destination: True ,out of road:False   Total T: 900653 Episode Num: 2594 Episode T: 323 Reward: 365.280 Cost: 4.000 ShieldInt: 13 ShieldDist: 5.475
arrive destination: True ,out of road:False   Total T: 901185 Episode Num: 2595 Episode T: 532 Reward: 493.971 Cost: 36.000 ShieldInt: 19 ShieldDist: 19.141
arrive destination: True ,out of road:False   Total T: 901497 Episode Num: 2596 Episode T: 312 Reward: 365.906 Cost: 2.000 ShieldInt: 6 ShieldDist: 2.750
arrive destination: True ,out of road:False   Total T: 901782 Episode Num: 2597 Episode T: 285 Reward: 335.696 Cost: 5.000 ShieldInt: 5 ShieldDist: 7.329
arrive destination: True ,out of road:False   Total T: 902000 Episode Num: 2598 Episode T: 218 Reward: 233.371 Cost: 3.000 ShieldInt: 3 ShieldDist: 2.265
arrive destination: True ,out of road:False   Total T: 902210 Episode Num: 2599 Episode T: 210 Reward: 284.594 Cost: 4.000 ShieldInt: 9 ShieldDist: 3.119
arrive destination: True ,out of road:False   Total T: 902727 Episode Num: 2600 Episode T: 517 Reward: 373.616 Cost: 23.000 ShieldInt: 24 ShieldDist: 22.100
arrive destination: True ,out of road:False   Total T: 903104 Episode Num: 2601 Episode T: 377 Reward: 403.260 Cost: 15.000 ShieldInt: 15 ShieldDist: 11.883
arrive destination: True ,out of road:False   Total T: 903547 Episode Num: 2602 Episode T: 443 Reward: 478.877 Cost: 13.000 ShieldInt: 17 ShieldDist: 25.401
arrive destination: True ,out of road:False   Total T: 903778 Episode Num: 2603 Episode T: 231 Reward: 264.457 Cost: 2.000 ShieldInt: 9 ShieldDist: 1.243
arrive destination: True ,out of road:False   Total T: 904195 Episode Num: 2604 Episode T: 417 Reward: 367.594 Cost: 15.000 ShieldInt: 25 ShieldDist: 28.662
arrive destination: True ,out of road:False   Total T: 904392 Episode Num: 2605 Episode T: 197 Reward: 269.656 Cost: 7.000 ShieldInt: 4 ShieldDist: 0.571
arrive destination: True ,out of road:False   Total T: 904649 Episode Num: 2606 Episode T: 257 Reward: 267.469 Cost: 6.000 ShieldInt: 8 ShieldDist: 1.115
arrive destination: True ,out of road:False   Total T: 904843 Episode Num: 2607 Episode T: 194 Reward: 269.281 Cost: 0.000 ShieldInt: 8 ShieldDist: 1.200
arrive destination: True ,out of road:False   Total T: 905052 Episode Num: 2608 Episode T: 209 Reward: 232.597 Cost: 3.000 ShieldInt: 3 ShieldDist: 0.423
arrive destination: True ,out of road:False   Total T: 905307 Episode Num: 2609 Episode T: 255 Reward: 277.525 Cost: 7.000 ShieldInt: 4 ShieldDist: 0.586
arrive destination: True ,out of road:False   Total T: 905593 Episode Num: 2610 Episode T: 286 Reward: 294.487 Cost: 17.000 ShieldInt: 15 ShieldDist: 12.319
arrive destination: True ,out of road:False   Total T: 905817 Episode Num: 2611 Episode T: 224 Reward: 274.618 Cost: 0.000 ShieldInt: 7 ShieldDist: 1.031
arrive destination: False ,out of road:True   Total T: 905987 Episode Num: 2612 Episode T: 170 Reward: 184.395 Cost: 2.000 ShieldInt: 4 ShieldDist: 4.210
arrive destination: True ,out of road:False   Total T: 906310 Episode Num: 2613 Episode T: 323 Reward: 391.164 Cost: 0.000 ShieldInt: 2 ShieldDist: 0.282
arrive destination: False ,out of road:True   Total T: 906555 Episode Num: 2614 Episode T: 245 Reward: 231.305 Cost: 10.000 ShieldInt: 12 ShieldDist: 10.678
arrive destination: True ,out of road:False   Total T: 906784 Episode Num: 2615 Episode T: 229 Reward: 275.183 Cost: 0.000 ShieldInt: 8 ShieldDist: 1.122
arrive destination: True ,out of road:False   Total T: 907137 Episode Num: 2616 Episode T: 353 Reward: 376.569 Cost: 22.000 ShieldInt: 23 ShieldDist: 19.619
arrive destination: True ,out of road:False   Total T: 907577 Episode Num: 2617 Episode T: 440 Reward: 503.842 Cost: 15.000 ShieldInt: 24 ShieldDist: 18.704
arrive destination: True ,out of road:False   Total T: 907917 Episode Num: 2618 Episode T: 340 Reward: 335.407 Cost: 8.000 ShieldInt: 13 ShieldDist: 7.346
arrive destination: True ,out of road:False   Total T: 908140 Episode Num: 2619 Episode T: 223 Reward: 286.270 Cost: 0.000 ShieldInt: 5 ShieldDist: 0.707
arrive destination: True ,out of road:False   Total T: 908405 Episode Num: 2620 Episode T: 265 Reward: 294.345 Cost: 10.000 ShieldInt: 12 ShieldDist: 1.787
arrive destination: True ,out of road:False   Total T: 908610 Episode Num: 2621 Episode T: 205 Reward: 232.197 Cost: 3.000 ShieldInt: 1 ShieldDist: 0.106
arrive destination: True ,out of road:False   Total T: 908812 Episode Num: 2622 Episode T: 202 Reward: 269.565 Cost: 3.000 ShieldInt: 9 ShieldDist: 3.103
arrive destination: True ,out of road:False   Total T: 909094 Episode Num: 2623 Episode T: 282 Reward: 294.516 Cost: 12.000 ShieldInt: 8 ShieldDist: 1.161
arrive destination: True ,out of road:False   Total T: 909550 Episode Num: 2624 Episode T: 456 Reward: 336.360 Cost: 27.000 ShieldInt: 18 ShieldDist: 16.070
arrive destination: False ,out of road:True   Total T: 909570 Episode Num: 2625 Episode T: 20 Reward: -4.065 Cost: 1.000 ShieldInt: 0 ShieldDist: 0.000
arrive destination: True ,out of road:False   Total T: 909808 Episode Num: 2626 Episode T: 238 Reward: 268.123 Cost: 10.000 ShieldInt: 3 ShieldDist: 4.146
---------------------------------------
Evaluation over 20 episodes: 0.750 Cost 7.750.             SafeRL used : use_qpsl
---------------------------------------
[34;1m
Time: 2026-07-01 23:17:23, Time spent from previous logger: 173.618 s[0m
[34;1mCustomLogger with fileds: ['total_steps', 'EpRet', 'EpCost', 'CostRate'][0m
[34;1mfieldvalues: [910000, 0.75, 7.75, 0.03644619389691637]
[0m
arrive destination: True ,out of road:False   Total T: 910214 Episode Num: 2627 Episode T: 406 Reward: 499.498 Cost: 3.000 ShieldInt: 7 ShieldDist: 0.987
arrive destination: True ,out of road:False   Total T: 910641 Episode Num: 2628 Episode T: 427 Reward: 368.324 Cost: 27.000 ShieldInt: 30 ShieldDist: 23.797
arrive destination: True ,out of road:False   Total T: 910992 Episode Num: 2629 Episode T: 351 Reward: 378.224 Cost: 21.000 ShieldInt: 28 ShieldDist: 42.125
arrive destination: True ,out of road:False   Total T: 911209 Episode Num: 2630 Episode T: 217 Reward: 285.837 Cost: 0.000 ShieldInt: 12 ShieldDist: 1.736
arrive destination: True ,out of road:False   Total T: 911395 Episode Num: 2631 Episode T: 186 Reward: 269.268 Cost: 4.000 ShieldInt: 6 ShieldDist: 1.361
arrive destination: True ,out of road:False   Total T: 911619 Episode Num: 2632 Episode T: 224 Reward: 270.563 Cost: 0.000 ShieldInt: 4 ShieldDist: 0.591
arrive destination: False ,out of road:True   Total T: 911716 Episode Num: 2633 Episode T: 97 Reward: 72.215 Cost: 4.000 ShieldInt: 2 ShieldDist: 0.181
arrive destination: True ,out of road:False   Total T: 911930 Episode Num: 2634 Episode T: 214 Reward: 285.149 Cost: 0.000 ShieldInt: 2 ShieldDist: 0.272
arrive destination: True ,out of road:False   Total T: 912137 Episode Num: 2635 Episode T: 207 Reward: 283.909 Cost: 0.000 ShieldInt: 0 ShieldDist: 0.000
arrive destination: True ,out of road:False   Total T: 912343 Episode Num: 2636 Episode T: 206 Reward: 232.767 Cost: 6.000 ShieldInt: 4 ShieldDist: 4.671
arrive destination: True ,out of road:False   Total T: 912771 Episode Num: 2637 Episode T: 428 Reward: 373.583 Cost: 22.000 ShieldInt: 28 ShieldDist: 25.447
arrive destination: True ,out of road:False   Total T: 913121 Episode Num: 2638 Episode T: 350 Reward: 401.292 Cost: 0.000 ShieldInt: 11 ShieldDist: 1.563
arrive destination: True ,out of road:False   Total T: 913329 Episode Num: 2639 Episode T: 208 Reward: 269.709 Cost: 5.000 ShieldInt: 5 ShieldDist: 0.716
arrive destination: True ,out of road:False   Total T: 913591 Episode Num: 2640 Episode T: 262 Reward: 335.714 Cost: 1.000 ShieldInt: 8 ShieldDist: 4.555
arrive destination: True ,out of road:False   Total T: 913814 Episode Num: 2641 Episode T: 223 Reward: 272.939 Cost: 1.000 ShieldInt: 9 ShieldDist: 3.115
arrive destination: True ,out of road:False   Total T: 914271 Episode Num: 2642 Episode T: 457 Reward: 492.109 Cost: 26.000 ShieldInt: 39 ShieldDist: 48.564
arrive destination: True ,out of road:False   Total T: 914528 Episode Num: 2643 Episode T: 257 Reward: 267.715 Cost: 11.000 ShieldInt: 7 ShieldDist: 4.685
arrive destination: True ,out of road:False   Total T: 914732 Episode Num: 2644 Episode T: 204 Reward: 241.061 Cost: 0.000 ShieldInt: 4 ShieldDist: 0.518
arrive destination: True ,out of road:False   Total T: 915012 Episode Num: 2645 Episode T: 280 Reward: 345.757 Cost: 10.000 ShieldInt: 9 ShieldDist: 6.900
arrive destination: False ,out of road:True   Total T: 915118 Episode Num: 2646 Episode T: 106 Reward: 94.132 Cost: 3.000 ShieldInt: 11 ShieldDist: 1.506
arrive destination: True ,out of road:False   Total T: 915314 Episode Num: 2647 Episode T: 196 Reward: 233.348 Cost: 2.000 ShieldInt: 6 ShieldDist: 0.833
arrive destination: True ,out of road:False   Total T: 915534 Episode Num: 2648 Episode T: 220 Reward: 272.203 Cost: 4.000 ShieldInt: 6 ShieldDist: 0.849
arrive destination: False ,out of road:True   Total T: 915700 Episode Num: 2649 Episode T: 166 Reward: 183.942 Cost: 3.000 ShieldInt: 3 ShieldDist: 0.450
arrive destination: True ,out of road:False   Total T: 915926 Episode Num: 2650 Episode T: 226 Reward: 272.939 Cost: 2.000 ShieldInt: 9 ShieldDist: 1.260
arrive destination: True ,out of road:False   Total T: 916138 Episode Num: 2651 Episode T: 212 Reward: 232.490 Cost: 6.000 ShieldInt: 11 ShieldDist: 11.934
arrive destination: True ,out of road:False   Total T: 916632 Episode Num: 2652 Episode T: 494 Reward: 473.830 Cost: 23.000 ShieldInt: 29 ShieldDist: 36.314
arrive destination: True ,out of road:False   Total T: 916960 Episode Num: 2653 Episode T: 328 Reward: 407.898 Cost: 0.000 ShieldInt: 9 ShieldDist: 1.243
arrive destination: False ,out of road:True   Total T: 917104 Episode Num: 2654 Episode T: 144 Reward: 118.704 Cost: 6.000 ShieldInt: 1 ShieldDist: 0.150
arrive destination: False ,out of road:True   Total T: 917382 Episode Num: 2655 Episode T: 278 Reward: 237.015 Cost: 18.000 ShieldInt: 26 ShieldDist: 36.409
arrive destination: True ,out of road:False   Total T: 917605 Episode Num: 2656 Episode T: 223 Reward: 271.836 Cost: 2.000 ShieldInt: 7 ShieldDist: 1.026
arrive destination: True ,out of road:False   Total T: 917805 Episode Num: 2657 Episode T: 200 Reward: 268.787 Cost: 1.000 ShieldInt: 5 ShieldDist: 0.698
arrive destination: True ,out of road:False   Total T: 918067 Episode Num: 2658 Episode T: 262 Reward: 296.121 Cost: 11.000 ShieldInt: 22 ShieldDist: 31.740
arrive destination: False ,out of road:True   Total T: 918274 Episode Num: 2659 Episode T: 207 Reward: 189.226 Cost: 9.000 ShieldInt: 15 ShieldDist: 18.233
arrive destination: True ,out of road:False   Total T: 918507 Episode Num: 2660 Episode T: 233 Reward: 295.867 Cost: 7.000 ShieldInt: 9 ShieldDist: 10.149
arrive destination: True ,out of road:False   Total T: 918829 Episode Num: 2661 Episode T: 322 Reward: 379.054 Cost: 24.000 ShieldInt: 24 ShieldDist: 23.305
arrive destination: True ,out of road:False   Total T: 919140 Episode Num: 2662 Episode T: 311 Reward: 373.261 Cost: 9.000 ShieldInt: 12 ShieldDist: 1.762
arrive destination: False ,out of road:True   Total T: 919238 Episode Num: 2663 Episode T: 98 Reward: 77.587 Cost: 6.000 ShieldInt: 3 ShieldDist: 0.404
arrive destination: True ,out of road:False   Total T: 919626 Episode Num: 2664 Episode T: 388 Reward: 382.331 Cost: 25.000 ShieldInt: 23 ShieldDist: 27.289
---------------------------------------
Evaluation over 20 episodes: 0.800 Cost 11.800.             SafeRL used : use_qpsl
---------------------------------------
[34;1m
Time: 2026-07-01 23:20:14, Time spent from previous logger: 170.790 s[0m
[34;1mCustomLogger with fileds: ['total_steps', 'EpRet', 'EpCost', 'CostRate'][0m
[34;1mfieldvalues: [920000, 0.8, 11.8, 0.03639025694593146]
[0m
arrive destination: True ,out of road:False   Total T: 920486 Episode Num: 2665 Episode T: 860 Reward: 842.326 Cost: 31.000 ShieldInt: 34 ShieldDist: 29.804
arrive destination: False ,out of road:True   Total T: 920666 Episode Num: 2666 Episode T: 180 Reward: 207.707 Cost: 8.000 ShieldInt: 9 ShieldDist: 4.945
arrive destination: True ,out of road:False   Total T: 921046 Episode Num: 2667 Episode T: 380 Reward: 412.532 Cost: 5.000 ShieldInt: 29 ShieldDist: 13.107
arrive destination: True ,out of road:False   Total T: 921528 Episode Num: 2668 Episode T: 482 Reward: 407.951 Cost: 38.000 ShieldInt: 30 ShieldDist: 25.515
arrive destination: False ,out of road:True   Total T: 921699 Episode Num: 2669 Episode T: 171 Reward: 72.347 Cost: 2.000 ShieldInt: 25 ShieldDist: 3.605
arrive destination: False ,out of road:True   Total T: 921869 Episode Num: 2670 Episode T: 170 Reward: 215.269 Cost: 1.000 ShieldInt: 1 ShieldDist: 0.101
arrive destination: True ,out of road:False   Total T: 922139 Episode Num: 2671 Episode T: 270 Reward: 295.440 Cost: 8.000 ShieldInt: 13 ShieldDist: 20.680
arrive destination: False ,out of road:True   Total T: 922235 Episode Num: 2672 Episode T: 96 Reward: 76.636 Cost: 4.000 ShieldInt: 1 ShieldDist: 0.150
arrive destination: True ,out of road:False   Total T: 922568 Episode Num: 2673 Episode T: 333 Reward: 377.697 Cost: 19.000 ShieldInt: 15 ShieldDist: 8.905
arrive destination: True ,out of road:False   Total T: 922788 Episode Num: 2674 Episode T: 220 Reward: 272.970 Cost: 0.000 ShieldInt: 6 ShieldDist: 0.875
arrive destination: True ,out of road:False   Total T: 922982 Episode Num: 2675 Episode T: 194 Reward: 237.728 Cost: 0.000 ShieldInt: 4 ShieldDist: 0.600
arrive destination: True ,out of road:False   Total T: 923428 Episode Num: 2676 Episode T: 446 Reward: 473.558 Cost: 7.000 ShieldInt: 37 ShieldDist: 46.945
arrive destination: True ,out of road:False   Total T: 923648 Episode Num: 2677 Episode T: 220 Reward: 286.416 Cost: 0.000 ShieldInt: 13 ShieldDist: 1.889
arrive destination: True ,out of road:False   Total T: 923873 Episode Num: 2678 Episode T: 225 Reward: 274.323 Cost: 0.000 ShieldInt: 5 ShieldDist: 0.705
arrive destination: True ,out of road:False   Total T: 924228 Episode Num: 2679 Episode T: 355 Reward: 407.211 Cost: 21.000 ShieldInt: 14 ShieldDist: 7.593
arrive destination: True ,out of road:False   Total T: 924430 Episode Num: 2680 Episode T: 202 Reward: 244.131 Cost: 0.000 ShieldInt: 1 ShieldDist: 0.150
arrive destination: False ,out of road:True   Total T: 924630 Episode Num: 2681 Episode T: 200 Reward: 147.874 Cost: 9.000 ShieldInt: 15 ShieldDist: 15.787
arrive destination: True ,out of road:False   Total T: 925193 Episode Num: 2682 Episode T: 563 Reward: 421.855 Cost: 42.000 ShieldInt: 91 ShieldDist: 132.924
arrive destination: True ,out of road:False   Total T: 925583 Episode Num: 2683 Episode T: 390 Reward: 505.456 Cost: 11.000 ShieldInt: 9 ShieldDist: 4.957
arrive destination: True ,out of road:False   Total T: 925845 Episode Num: 2684 Episode T: 262 Reward: 359.268 Cost: 6.000 ShieldInt: 10 ShieldDist: 1.431
arrive destination: False ,out of road:True   Total T: 926087 Episode Num: 2685 Episode T: 242 Reward: 250.024 Cost: 12.000 ShieldInt: 12 ShieldDist: 8.802
arrive destination: True ,out of road:False   Total T: 926302 Episode Num: 2686 Episode T: 215 Reward: 285.526 Cost: 0.000 ShieldInt: 6 ShieldDist: 0.831
arrive destination: True ,out of road:False   Total T: 926664 Episode Num: 2687 Episode T: 362 Reward: 366.232 Cost: 17.000 ShieldInt: 19 ShieldDist: 13.569
arrive destination: True ,out of road:False   Total T: 926958 Episode Num: 2688 Episode T: 294 Reward: 266.830 Cost: 13.000 ShieldInt: 27 ShieldDist: 20.634
arrive destination: True ,out of road:False   Total T: 927181 Episode Num: 2689 Episode T: 223 Reward: 231.844 Cost: 6.000 ShieldInt: 8 ShieldDist: 1.148
arrive destination: True ,out of road:False   Total T: 927432 Episode Num: 2690 Episode T: 251 Reward: 335.644 Cost: 3.000 ShieldInt: 1 ShieldDist: 1.679
arrive destination: True ,out of road:False   Total T: 927885 Episode Num: 2691 Episode T: 453 Reward: 419.663 Cost: 28.000 ShieldInt: 35 ShieldDist: 47.417
arrive destination: True ,out of road:False   Total T: 928108 Episode Num: 2692 Episode T: 223 Reward: 274.680 Cost: 3.000 ShieldInt: 9 ShieldDist: 1.323
arrive destination: True ,out of road:False   Total T: 928299 Episode Num: 2693 Episode T: 191 Reward: 270.035 Cost: 0.000 ShieldInt: 2 ShieldDist: 0.300
arrive destination: True ,out of road:False   Total T: 928782 Episode Num: 2694 Episode T: 483 Reward: 491.826 Cost: 24.000 ShieldInt: 29 ShieldDist: 26.056
arrive destination: False ,out of road:True   Total T: 928891 Episode Num: 2695 Episode T: 109 Reward: 115.430 Cost: 1.000 ShieldInt: 2 ShieldDist: 0.285
arrive destination: False ,out of road:True   Total T: 929002 Episode Num: 2696 Episode T: 111 Reward: 81.960 Cost: 6.000 ShieldInt: 8 ShieldDist: 1.194
arrive destination: True ,out of road:False   Total T: 929420 Episode Num: 2697 Episode T: 418 Reward: 474.323 Cost: 10.000 ShieldInt: 20 ShieldDist: 13.115
arrive destination: True ,out of road:False   Total T: 929838 Episode Num: 2698 Episode T: 418 Reward: 369.842 Cost: 17.000 ShieldInt: 38 ShieldDist: 41.394
---------------------------------------
Evaluation over 20 episodes: 0.900 Cost 9.500.             SafeRL used : use_qpsl
---------------------------------------
[34;1m
Time: 2026-07-01 23:23:14, Time spent from previous logger: 180.586 s[0m
[34;1mCustomLogger with fileds: ['total_steps', 'EpRet', 'EpCost', 'CostRate'][0m
[34;1mfieldvalues: [930000, 0.9, 9.5, 0.036371006850545]
[0m
arrive destination: True ,out of road:False   Total T: 930225 Episode Num: 2699 Episode T: 387 Reward: 460.323 Cost: 11.000 ShieldInt: 12 ShieldDist: 1.642
arrive destination: True ,out of road:False   Total T: 930423 Episode Num: 2700 Episode T: 198 Reward: 269.408 Cost: 4.000 ShieldInt: 4 ShieldDist: 0.598
arrive destination: True ,out of road:False   Total T: 930902 Episode Num: 2701 Episode T: 479 Reward: 490.716 Cost: 23.000 ShieldInt: 28 ShieldDist: 37.411
arrive destination: True ,out of road:False   Total T: 931196 Episode Num: 2702 Episode T: 294 Reward: 346.671 Cost: 4.000 ShieldInt: 18 ShieldDist: 18.989
arrive destination: True ,out of road:False   Total T: 931511 Episode Num: 2703 Episode T: 315 Reward: 398.590 Cost: 12.000 ShieldInt: 12 ShieldDist: 5.301
arrive destination: True ,out of road:False   Total T: 931898 Episode Num: 2704 Episode T: 387 Reward: 404.078 Cost: 15.000 ShieldInt: 22 ShieldDist: 16.292
arrive destination: True ,out of road:False   Total T: 932157 Episode Num: 2705 Episode T: 259 Reward: 266.542 Cost: 8.000 ShieldInt: 13 ShieldDist: 1.788
arrive destination: True ,out of road:False   Total T: 932375 Episode Num: 2706 Episode T: 218 Reward: 285.873 Cost: 1.000 ShieldInt: 7 ShieldDist: 0.987
arrive destination: False ,out of road:True   Total T: 932453 Episode Num: 2707 Episode T: 78 Reward: 56.057 Cost: 1.000 ShieldInt: 1 ShieldDist: 0.150
arrive destination: True ,out of road:False   Total T: 932942 Episode Num: 2708 Episode T: 489 Reward: 494.638 Cost: 21.000 ShieldInt: 33 ShieldDist: 43.225
arrive destination: True ,out of road:False   Total T: 933187 Episode Num: 2709 Episode T: 245 Reward: 267.343 Cost: 0.000 ShieldInt: 3 ShieldDist: 0.448
arrive destination: False ,out of road:True   Total T: 933348 Episode Num: 2710 Episode T: 161 Reward: 157.288 Cost: 3.000 ShieldInt: 2 ShieldDist: 2.951
arrive destination: True ,out of road:False   Total T: 933672 Episode Num: 2711 Episode T: 324 Reward: 389.097 Cost: 0.000 ShieldInt: 0 ShieldDist: 0.000
arrive destination: False ,out of road:True   Total T: 933815 Episode Num: 2712 Episode T: 143 Reward: 127.894 Cost: 5.000 ShieldInt: 10 ShieldDist: 4.867
arrive destination: True ,out of road:False   Total T: 934095 Episode Num: 2713 Episode T: 280 Reward: 294.691 Cost: 18.000 ShieldInt: 15 ShieldDist: 11.240
arrive destination: False ,out of road:True   Total T: 934242 Episode Num: 2714 Episode T: 147 Reward: 163.652 Cost: 6.000 ShieldInt: 5 ShieldDist: 0.738
arrive destination: False ,out of road:True   Total T: 934484 Episode Num: 2715 Episode T: 242 Reward: 188.211 Cost: 15.000 ShieldInt: 6 ShieldDist: 0.810
arrive destination: False ,out of road:True   Total T: 934648 Episode Num: 2716 Episode T: 164 Reward: 165.954 Cost: 3.000 ShieldInt: 10 ShieldDist: 6.723
arrive destination: True ,out of road:False   Total T: 934856 Episode Num: 2717 Episode T: 208 Reward: 232.656 Cost: 5.000 ShieldInt: 5 ShieldDist: 0.750
arrive destination: True ,out of road:False   Total T: 935087 Episode Num: 2718 Episode T: 231 Reward: 295.609 Cost: 5.000 ShieldInt: 4 ShieldDist: 2.373
arrive destination: True ,out of road:False   Total T: 935286 Episode Num: 2719 Episode T: 199 Reward: 269.394 Cost: 3.000 ShieldInt: 3 ShieldDist: 0.405
arrive destination: True ,out of road:False   Total T: 935847 Episode Num: 2720 Episode T: 561 Reward: 497.549 Cost: 24.000 ShieldInt: 41 ShieldDist: 44.158
arrive destination: True ,out of road:False   Total T: 936236 Episode Num: 2721 Episode T: 389 Reward: 335.871 Cost: 14.000 ShieldInt: 25 ShieldDist: 29.692
arrive destination: True ,out of road:False   Total T: 936638 Episode Num: 2722 Episode T: 402 Reward: 512.804 Cost: 10.000 ShieldInt: 18 ShieldDist: 5.761
arrive destination: True ,out of road:False   Total T: 936842 Episode Num: 2723 Episode T: 204 Reward: 242.316 Cost: 0.000 ShieldInt: 9 ShieldDist: 1.302
arrive destination: True ,out of road:False   Total T: 937110 Episode Num: 2724 Episode T: 268 Reward: 294.306 Cost: 11.000 ShieldInt: 19 ShieldDist: 9.872
arrive destination: True ,out of road:False   Total T: 937557 Episode Num: 2725 Episode T: 447 Reward: 414.261 Cost: 12.000 ShieldInt: 35 ShieldDist: 35.278
arrive destination: True ,out of road:False   Total T: 937776 Episode Num: 2726 Episode T: 219 Reward: 271.408 Cost: 4.000 ShieldInt: 10 ShieldDist: 8.569
arrive destination: False ,out of road:True   Total T: 938052 Episode Num: 2727 Episode T: 276 Reward: 213.353 Cost: 17.000 ShieldInt: 17 ShieldDist: 17.044
arrive destination: True ,out of road:False   Total T: 938267 Episode Num: 2728 Episode T: 215 Reward: 285.568 Cost: 0.000 ShieldInt: 3 ShieldDist: 0.421
arrive destination: True ,out of road:False   Total T: 938585 Episode Num: 2729 Episode T: 318 Reward: 374.033 Cost: 7.000 ShieldInt: 8 ShieldDist: 2.630
arrive destination: True ,out of road:False   Total T: 938807 Episode Num: 2730 Episode T: 222 Reward: 286.089 Cost: 0.000 ShieldInt: 14 ShieldDist: 1.964
arrive destination: True ,out of road:False   Total T: 939111 Episode Num: 2731 Episode T: 304 Reward: 404.868 Cost: 3.000 ShieldInt: 13 ShieldDist: 1.776
arrive destination: True ,out of road:False   Total T: 939481 Episode Num: 2732 Episode T: 370 Reward: 402.563 Cost: 24.000 ShieldInt: 12 ShieldDist: 3.575
---------------------------------------
Evaluation over 20 episodes: 0.850 Cost 15.250.             SafeRL used : use_qpsl
---------------------------------------
[34;1m
Time: 2026-07-01 23:26:13, Time spent from previous logger: 178.488 s[0m
[34;1mCustomLogger with fileds: ['total_steps', 'EpRet', 'EpCost', 'CostRate'][0m
[34;1mfieldvalues: [940000, 0.85, 15.25, 0.03632131523544174]
[0m
arrive destination: False ,out of road:True   Total T: 940020 Episode Num: 2733 Episode T: 539 Reward: 375.551 Cost: 37.000 ShieldInt: 0 ShieldDist: 0.000
arrive destination: True ,out of road:False   Total T: 940407 Episode Num: 2734 Episode T: 387 Reward: 509.258 Cost: 11.000 ShieldInt: 10 ShieldDist: 3.167
arrive destination: True ,out of road:False   Total T: 940742 Episode Num: 2735 Episode T: 335 Reward: 418.578 Cost: 8.000 ShieldInt: 16 ShieldDist: 13.256
arrive destination: False ,out of road:True   Total T: 940779 Episode Num: 2736 Episode T: 37 Reward: 5.688 Cost: 1.000 ShieldInt: 0 ShieldDist: 0.000
arrive destination: True ,out of road:False   Total T: 941101 Episode Num: 2737 Episode T: 322 Reward: 389.951 Cost: 0.000 ShieldInt: 2 ShieldDist: 0.300
arrive destination: False ,out of road:True   Total T: 941361 Episode Num: 2738 Episode T: 260 Reward: 225.233 Cost: 28.000 ShieldInt: 13 ShieldDist: 1.852
arrive destination: False ,out of road:True   Total T: 941416 Episode Num: 2739 Episode T: 55 Reward: 19.935 Cost: 1.000 ShieldInt: 0 ShieldDist: 0.000
arrive destination: True ,out of road:False   Total T: 941790 Episode Num: 2740 Episode T: 374 Reward: 501.943 Cost: 9.000 ShieldInt: 13 ShieldDist: 3.699
arrive destination: True ,out of road:False   Total T: 942002 Episode Num: 2741 Episode T: 212 Reward: 284.084 Cost: 0.000 ShieldInt: 3 ShieldDist: 0.428
arrive destination: True ,out of road:False   Total T: 942200 Episode Num: 2742 Episode T: 198 Reward: 232.400 Cost: 2.000 ShieldInt: 4 ShieldDist: 0.551
arrive destination: False ,out of road:False   Total T: 943200 Episode Num: 2743 Episode T: 1000 Reward: 281.766 Cost: 18.000 ShieldInt: 45 ShieldDist: 8.231
arrive destination: True ,out of road:False   Total T: 943395 Episode Num: 2744 Episode T: 195 Reward: 269.977 Cost: 5.000 ShieldInt: 7 ShieldDist: 2.866
arrive destination: True ,out of road:False   Total T: 943600 Episode Num: 2745 Episode T: 205 Reward: 270.169 Cost: 1.000 ShieldInt: 3 ShieldDist: 0.428
arrive destination: True ,out of road:False   Total T: 944020 Episode Num: 2746 Episode T: 420 Reward: 404.664 Cost: 17.000 ShieldInt: 27 ShieldDist: 21.749
arrive destination: True ,out of road:False   Total T: 944410 Episode Num: 2747 Episode T: 390 Reward: 379.594 Cost: 21.000 ShieldInt: 29 ShieldDist: 30.789
arrive destination: True ,out of road:False   Total T: 944768 Episode Num: 2748 Episode T: 358 Reward: 405.229 Cost: 6.000 ShieldInt: 6 ShieldDist: 0.896
arrive destination: True ,out of road:False   Total T: 945064 Episode Num: 2749 Episode T: 296 Reward: 268.339 Cost: 8.000 ShieldInt: 24 ShieldDist: 21.857
arrive destination: True ,out of road:False   Total T: 945288 Episode Num: 2750 Episode T: 224 Reward: 274.140 Cost: 2.000 ShieldInt: 3 ShieldDist: 0.424
arrive destination: True ,out of road:False   Total T: 945650 Episode Num: 2751 Episode T: 362 Reward: 406.891 Cost: 8.000 ShieldInt: 10 ShieldDist: 1.379
arrive destination: True ,out of road:False   Total T: 946079 Episode Num: 2752 Episode T: 429 Reward: 294.083 Cost: 39.000 ShieldInt: 25 ShieldDist: 12.717
arrive destination: True ,out of road:False   Total T: 946476 Episode Num: 2753 Episode T: 397 Reward: 335.543 Cost: 18.000 ShieldInt: 21 ShieldDist: 19.859
arrive destination: True ,out of road:False   Total T: 947029 Episode Num: 2754 Episode T: 553 Reward: 495.189 Cost: 29.000 ShieldInt: 43 ShieldDist: 37.757
arrive destination: True ,out of road:False   Total T: 947389 Episode Num: 2755 Episode T: 360 Reward: 420.213 Cost: 8.000 ShieldInt: 23 ShieldDist: 19.273
arrive destination: False ,out of road:True   Total T: 947652 Episode Num: 2756 Episode T: 263 Reward: 265.610 Cost: 14.000 ShieldInt: 18 ShieldDist: 4.216
arrive destination: True ,out of road:False   Total T: 947940 Episode Num: 2757 Episode T: 288 Reward: 270.408 Cost: 10.000 ShieldInt: 24 ShieldDist: 33.767
arrive destination: True ,out of road:False   Total T: 948177 Episode Num: 2758 Episode T: 237 Reward: 272.676 Cost: 3.000 ShieldInt: 13 ShieldDist: 1.867
arrive destination: True ,out of road:False   Total T: 948382 Episode Num: 2759 Episode T: 205 Reward: 244.249 Cost: 0.000 ShieldInt: 8 ShieldDist: 1.031
arrive destination: True ,out of road:False   Total T: 948893 Episode Num: 2760 Episode T: 511 Reward: 493.167 Cost: 39.000 ShieldInt: 52 ShieldDist: 71.163
arrive destination: False ,out of road:True   Total T: 949242 Episode Num: 2761 Episode T: 349 Reward: 367.284 Cost: 27.000 ShieldInt: 15 ShieldDist: 5.769
arrive destination: True ,out of road:False   Total T: 949570 Episode Num: 2762 Episode T: 328 Reward: 397.541 Cost: 0.000 ShieldInt: 4 ShieldDist: 0.560
arrive destination: True ,out of road:False   Total T: 949767 Episode Num: 2763 Episode T: 197 Reward: 240.173 Cost: 0.000 ShieldInt: 2 ShieldDist: 0.300
---------------------------------------
Evaluation over 20 episodes: 0.700 Cost 11.950.             SafeRL used : use_qpsl
---------------------------------------
[34;1m
Time: 2026-07-01 23:29:15, Time spent from previous logger: 182.238 s[0m
[34;1mCustomLogger with fileds: ['total_steps', 'EpRet', 'EpCost', 'CostRate'][0m
[34;1mfieldvalues: [950000, 0.7, 11.95, 0.036300038210566536]
[0m
arrive destination: True ,out of road:False   Total T: 950330 Episode Num: 2764 Episode T: 563 Reward: 614.667 Cost: 20.000 ShieldInt: 17 ShieldDist: 7.827
arrive destination: True ,out of road:False   Total T: 950617 Episode Num: 2765 Episode T: 287 Reward: 398.448 Cost: 10.000 ShieldInt: 9 ShieldDist: 1.304
arrive destination: True ,out of road:False   Total T: 950889 Episode Num: 2766 Episode T: 272 Reward: 335.855 Cost: 3.000 ShieldInt: 4 ShieldDist: 1.721
arrive destination: True ,out of road:False   Total T: 951307 Episode Num: 2767 Episode T: 418 Reward: 475.303 Cost: 7.000 ShieldInt: 7 ShieldDist: 4.133
arrive destination: True ,out of road:False   Total T: 951534 Episode Num: 2768 Episode T: 227 Reward: 295.412 Cost: 5.000 ShieldInt: 7 ShieldDist: 2.618
arrive destination: True ,out of road:False   Total T: 951741 Episode Num: 2769 Episode T: 207 Reward: 243.601 Cost: 0.000 ShieldInt: 5 ShieldDist: 0.721
arrive destination: False ,out of road:True   Total T: 951888 Episode Num: 2770 Episode T: 147 Reward: 181.538 Cost: 1.000 ShieldInt: 1 ShieldDist: 0.150
arrive destination: False ,out of road:True   Total T: 952080 Episode Num: 2771 Episode T: 192 Reward: 223.494 Cost: 10.000 ShieldInt: 7 ShieldDist: 1.050
arrive destination: True ,out of road:False   Total T: 952292 Episode Num: 2772 Episode T: 212 Reward: 232.154 Cost: 8.000 ShieldInt: 3 ShieldDist: 4.119
arrive destination: True ,out of road:False   Total T: 952516 Episode Num: 2773 Episode T: 224 Reward: 273.135 Cost: 5.000 ShieldInt: 11 ShieldDist: 1.591
arrive destination: True ,out of road:False   Total T: 952744 Episode Num: 2774 Episode T: 228 Reward: 270.759 Cost: 0.000 ShieldInt: 5 ShieldDist: 0.750
arrive destination: True ,out of road:False   Total T: 952969 Episode Num: 2775 Episode T: 225 Reward: 295.434 Cost: 4.000 ShieldInt: 8 ShieldDist: 1.106
arrive destination: True ,out of road:False   Total T: 953170 Episode Num: 2776 Episode T: 201 Reward: 269.146 Cost: 4.000 ShieldInt: 4 ShieldDist: 0.600
arrive destination: True ,out of road:False   Total T: 953586 Episode Num: 2777 Episode T: 416 Reward: 375.438 Cost: 23.000 ShieldInt: 25 ShieldDist: 23.057
arrive destination: True ,out of road:False   Total T: 953979 Episode Num: 2778 Episode T: 393 Reward: 361.686 Cost: 21.000 ShieldInt: 28 ShieldDist: 32.963
arrive destination: True ,out of road:False   Total T: 954310 Episode Num: 2779 Episode T: 331 Reward: 401.951 Cost: 8.000 ShieldInt: 11 ShieldDist: 2.992
arrive destination: False ,out of road:True   Total T: 954583 Episode Num: 2780 Episode T: 273 Reward: 340.877 Cost: 7.000 ShieldInt: 7 ShieldDist: 1.034
arrive destination: True ,out of road:False   Total T: 954809 Episode Num: 2781 Episode T: 226 Reward: 273.412 Cost: 0.000 ShieldInt: 10 ShieldDist: 1.498
arrive destination: True ,out of road:False   Total T: 955089 Episode Num: 2782 Episode T: 280 Reward: 294.342 Cost: 19.000 ShieldInt: 11 ShieldDist: 9.122
arrive destination: False ,out of road:True   Total T: 955230 Episode Num: 2783 Episode T: 141 Reward: 116.804 Cost: 2.000 ShieldInt: 4 ShieldDist: 2.370
arrive destination: True ,out of road:False   Total T: 955507 Episode Num: 2784 Episode T: 277 Reward: 356.307 Cost: 8.000 ShieldInt: 14 ShieldDist: 2.033
arrive destination: False ,out of road:True   Total T: 955796 Episode Num: 2785 Episode T: 289 Reward: 351.820 Cost: 5.000 ShieldInt: 13 ShieldDist: 1.950
arrive destination: True ,out of road:False   Total T: 956014 Episode Num: 2786 Episode T: 218 Reward: 273.951 Cost: 1.000 ShieldInt: 6 ShieldDist: 2.641
arrive destination: False ,out of road:True   Total T: 956151 Episode Num: 2787 Episode T: 137 Reward: 128.814 Cost: 8.000 ShieldInt: 7 ShieldDist: 1.021
arrive destination: True ,out of road:False   Total T: 956374 Episode Num: 2788 Episode T: 223 Reward: 295.348 Cost: 1.000 ShieldInt: 12 ShieldDist: 8.806
arrive destination: False ,out of road:True   Total T: 956555 Episode Num: 2789 Episode T: 181 Reward: 163.915 Cost: 8.000 ShieldInt: 5 ShieldDist: 0.692
arrive destination: True ,out of road:False   Total T: 956984 Episode Num: 2790 Episode T: 429 Reward: 509.264 Cost: 17.000 ShieldInt: 24 ShieldDist: 3.200
arrive destination: True ,out of road:False   Total T: 957246 Episode Num: 2791 Episode T: 262 Reward: 352.394 Cost: 6.000 ShieldInt: 15 ShieldDist: 2.157
arrive destination: True ,out of road:False   Total T: 957712 Episode Num: 2792 Episode T: 466 Reward: 406.891 Cost: 24.000 ShieldInt: 23 ShieldDist: 21.933
arrive destination: True ,out of road:False   Total T: 957919 Episode Num: 2793 Episode T: 207 Reward: 242.363 Cost: 0.000 ShieldInt: 12 ShieldDist: 1.719
arrive destination: True ,out of road:False   Total T: 958209 Episode Num: 2794 Episode T: 290 Reward: 397.700 Cost: 8.000 ShieldInt: 6 ShieldDist: 0.891
arrive destination: False ,out of road:True   Total T: 958680 Episode Num: 2795 Episode T: 471 Reward: 426.916 Cost: 36.000 ShieldInt: 41 ShieldDist: 55.688
arrive destination: True ,out of road:False   Total T: 959129 Episode Num: 2796 Episode T: 449 Reward: 465.096 Cost: 17.000 ShieldInt: 20 ShieldDist: 19.725
arrive destination: True ,out of road:False   Total T: 959390 Episode Num: 2797 Episode T: 261 Reward: 294.314 Cost: 12.000 ShieldInt: 5 ShieldDist: 0.750
---------------------------------------
Evaluation over 20 episodes: 0.600 Cost 5.250.             SafeRL used : use_qpsl
---------------------------------------
[34;1m
Time: 2026-07-01 23:32:04, Time spent from previous logger: 169.338 s[0m
[34;1mCustomLogger with fileds: ['total_steps', 'EpRet', 'EpCost', 'CostRate'][0m
[34;1mfieldvalues: [960000, 0.6, 5.25, 0.03630941282230502]
[0m
arrive destination: True ,out of road:False   Total T: 960208 Episode Num: 2798 Episode T: 818 Reward: 706.198 Cost: 73.000 ShieldInt: 1 ShieldDist: 0.150
arrive destination: True ,out of road:False   Total T: 960538 Episode Num: 2799 Episode T: 330 Reward: 392.530 Cost: 0.000 ShieldInt: 3 ShieldDist: 0.414
arrive destination: True ,out of road:False   Total T: 960870 Episode Num: 2800 Episode T: 332 Reward: 390.381 Cost: 0.000 ShieldInt: 14 ShieldDist: 2.053
arrive destination: True ,out of road:False   Total T: 961344 Episode Num: 2801 Episode T: 474 Reward: 510.227 Cost: 18.000 ShieldInt: 32 ShieldDist: 27.751
arrive destination: False ,out of road:True   Total T: 961442 Episode Num: 2802 Episode T: 98 Reward: 77.155 Cost: 4.000 ShieldInt: 0 ShieldDist: 0.000
arrive destination: True ,out of road:False   Total T: 962000 Episode Num: 2803 Episode T: 558 Reward: 368.982 Cost: 33.000 ShieldInt: 156 ShieldDist: 263.078
arrive destination: False ,out of road:True   Total T: 962097 Episode Num: 2804 Episode T: 97 Reward: 75.803 Cost: 5.000 ShieldInt: 0 ShieldDist: 0.000
arrive destination: True ,out of road:False   Total T: 962295 Episode Num: 2805 Episode T: 198 Reward: 269.357 Cost: 3.000 ShieldInt: 3 ShieldDist: 0.450
arrive destination: True ,out of road:False   Total T: 962700 Episode Num: 2806 Episode T: 405 Reward: 472.245 Cost: 7.000 ShieldInt: 11 ShieldDist: 5.947
arrive destination: True ,out of road:False   Total T: 963141 Episode Num: 2807 Episode T: 441 Reward: 473.098 Cost: 25.000 ShieldInt: 19 ShieldDist: 9.805
arrive destination: True ,out of road:False   Total T: 963367 Episode Num: 2808 Episode T: 226 Reward: 272.439 Cost: 2.000 ShieldInt: 3 ShieldDist: 0.448
arrive destination: True ,out of road:False   Total T: 963589 Episode Num: 2809 Episode T: 222 Reward: 272.521 Cost: 2.000 ShieldInt: 12 ShieldDist: 1.617
arrive destination: True ,out of road:False   Total T: 963780 Episode Num: 2810 Episode T: 191 Reward: 269.043 Cost: 1.000 ShieldInt: 3 ShieldDist: 0.432
arrive destination: True ,out of road:False   Total T: 963995 Episode Num: 2811 Episode T: 215 Reward: 232.665 Cost: 4.000 ShieldInt: 3 ShieldDist: 0.450
arrive destination: False ,out of road:True   Total T: 964253 Episode Num: 2812 Episode T: 258 Reward: 303.014 Cost: 1.000 ShieldInt: 1 ShieldDist: 0.150
arrive destination: True ,out of road:False   Total T: 964652 Episode Num: 2813 Episode T: 399 Reward: 469.954 Cost: 14.000 ShieldInt: 10 ShieldDist: 10.596
arrive destination: True ,out of road:False   Total T: 964976 Episode Num: 2814 Episode T: 324 Reward: 395.756 Cost: 0.000 ShieldInt: 1 ShieldDist: 0.113
arrive destination: True ,out of road:False   Total T: 965178 Episode Num: 2815 Episode T: 202 Reward: 241.394 Cost: 0.000 ShieldInt: 1 ShieldDist: 0.150
arrive destination: False ,out of road:True   Total T: 965275 Episode Num: 2816 Episode T: 97 Reward: 78.628 Cost: 2.000 ShieldInt: 2 ShieldDist: 0.300
arrive destination: True ,out of road:False   Total T: 965541 Episode Num: 2817 Episode T: 266 Reward: 267.535 Cost: 15.000 ShieldInt: 5 ShieldDist: 2.388
arrive destination: True ,out of road:False   Total T: 965836 Episode Num: 2818 Episode T: 295 Reward: 336.335 Cost: 3.000 ShieldInt: 17 ShieldDist: 22.585
arrive destination: True ,out of road:False   Total T: 966057 Episode Num: 2819 Episode T: 221 Reward: 243.246 Cost: 0.000 ShieldInt: 7 ShieldDist: 1.001
arrive destination: True ,out of road:False   Total T: 966312 Episode Num: 2820 Episode T: 255 Reward: 270.547 Cost: 11.000 ShieldInt: 12 ShieldDist: 1.707
arrive destination: True ,out of road:False   Total T: 966570 Episode Num: 2821 Episode T: 258 Reward: 266.169 Cost: 6.000 ShieldInt: 14 ShieldDist: 7.464
arrive destination: True ,out of road:False   Total T: 966796 Episode Num: 2822 Episode T: 226 Reward: 266.530 Cost: 0.000 ShieldInt: 0 ShieldDist: 0.000
arrive destination: True ,out of road:False   Total T: 967091 Episode Num: 2823 Episode T: 295 Reward: 336.298 Cost: 9.000 ShieldInt: 17 ShieldDist: 19.288
arrive destination: True ,out of road:False   Total T: 967301 Episode Num: 2824 Episode T: 210 Reward: 286.099 Cost: 0.000 ShieldInt: 9 ShieldDist: 1.350
arrive destination: True ,out of road:False   Total T: 967637 Episode Num: 2825 Episode T: 336 Reward: 365.662 Cost: 19.000 ShieldInt: 32 ShieldDist: 21.138
arrive destination: True ,out of road:False   Total T: 967861 Episode Num: 2826 Episode T: 224 Reward: 273.354 Cost: 4.000 ShieldInt: 13 ShieldDist: 1.855
arrive destination: True ,out of road:False   Total T: 968334 Episode Num: 2827 Episode T: 473 Reward: 463.650 Cost: 13.000 ShieldInt: 13 ShieldDist: 7.261
arrive destination: True ,out of road:False   Total T: 968529 Episode Num: 2828 Episode T: 195 Reward: 269.737 Cost: 1.000 ShieldInt: 3 ShieldDist: 0.450
arrive destination: True ,out of road:False   Total T: 968848 Episode Num: 2829 Episode T: 319 Reward: 390.350 Cost: 0.000 ShieldInt: 4 ShieldDist: 0.600
arrive destination: True ,out of road:False   Total T: 969207 Episode Num: 2830 Episode T: 359 Reward: 409.291 Cost: 10.000 ShieldInt: 10 ShieldDist: 3.095
arrive destination: True ,out of road:False   Total T: 969576 Episode Num: 2831 Episode T: 369 Reward: 410.360 Cost: 10.000 ShieldInt: 13 ShieldDist: 5.484
arrive destination: True ,out of road:False   Total T: 969928 Episode Num: 2832 Episode T: 352 Reward: 503.883 Cost: 1.000 ShieldInt: 12 ShieldDist: 3.200
---------------------------------------
Evaluation over 20 episodes: 0.950 Cost 13.200.             SafeRL used : use_qpsl
---------------------------------------
[34;1m
Time: 2026-07-01 23:35:04, Time spent from previous logger: 179.194 s[0m
[34;1mCustomLogger with fileds: ['total_steps', 'EpRet', 'EpCost', 'CostRate'][0m
[34;1mfieldvalues: [970000, 0.95, 13.2, 0.0361649857370987]
[0m
arrive destination: True ,out of road:False   Total T: 970304 Episode Num: 2833 Episode T: 376 Reward: 346.912 Cost: 20.000 ShieldInt: 24 ShieldDist: 17.188
arrive destination: False ,out of road:True   Total T: 970476 Episode Num: 2834 Episode T: 172 Reward: 220.351 Cost: 3.000 ShieldInt: 2 ShieldDist: 0.300
arrive destination: True ,out of road:False   Total T: 970805 Episode Num: 2835 Episode T: 329 Reward: 400.441 Cost: 0.000 ShieldInt: 1 ShieldDist: 0.150
arrive destination: True ,out of road:False   Total T: 971057 Episode Num: 2836 Episode T: 252 Reward: 345.807 Cost: 0.000 ShieldInt: 17 ShieldDist: 2.359
arrive destination: True ,out of road:False   Total T: 971312 Episode Num: 2837 Episode T: 255 Reward: 350.078 Cost: 6.000 ShieldInt: 8 ShieldDist: 1.122
arrive destination: True ,out of road:False   Total T: 971507 Episode Num: 2838 Episode T: 195 Reward: 242.916 Cost: 5.000 ShieldInt: 2 ShieldDist: 0.290
arrive destination: False ,out of road:True   Total T: 971653 Episode Num: 2839 Episode T: 146 Reward: 166.258 Cost: 8.000 ShieldInt: 6 ShieldDist: 2.604
arrive destination: True ,out of road:False   Total T: 971851 Episode Num: 2840 Episode T: 198 Reward: 269.661 Cost: 2.000 ShieldInt: 4 ShieldDist: 0.584
arrive destination: True ,out of road:False   Total T: 972338 Episode Num: 2841 Episode T: 487 Reward: 420.782 Cost: 34.000 ShieldInt: 111 ShieldDist: 188.858
arrive destination: False ,out of road:True   Total T: 972434 Episode Num: 2842 Episode T: 96 Reward: 80.171 Cost: 2.000 ShieldInt: 2 ShieldDist: 0.300
arrive destination: False ,out of road:True   Total T: 972648 Episode Num: 2843 Episode T: 214 Reward: 240.646 Cost: 6.000 ShieldInt: 13 ShieldDist: 13.933
arrive destination: True ,out of road:False   Total T: 972870 Episode Num: 2844 Episode T: 222 Reward: 273.423 Cost: 0.000 ShieldInt: 11 ShieldDist: 1.598
arrive destination: True ,out of road:False   Total T: 973381 Episode Num: 2845 Episode T: 511 Reward: 361.471 Cost: 19.000 ShieldInt: 53 ShieldDist: 65.619
arrive destination: True ,out of road:False   Total T: 973722 Episode Num: 2846 Episode T: 341 Reward: 336.229 Cost: 12.000 ShieldInt: 20 ShieldDist: 16.871
arrive destination: False ,out of road:True   Total T: 973818 Episode Num: 2847 Episode T: 96 Reward: 78.793 Cost: 2.000 ShieldInt: 2 ShieldDist: 0.300
arrive destination: False ,out of road:True   Total T: 973912 Episode Num: 2848 Episode T: 94 Reward: 77.624 Cost: 4.000 ShieldInt: 1 ShieldDist: 0.061
arrive destination: True ,out of road:False   Total T: 974307 Episode Num: 2849 Episode T: 395 Reward: 416.548 Cost: 16.000 ShieldInt: 26 ShieldDist: 12.999
arrive destination: False ,out of road:True   Total T: 974475 Episode Num: 2850 Episode T: 168 Reward: 194.527 Cost: 3.000 ShieldInt: 6 ShieldDist: 0.899
arrive destination: True ,out of road:False   Total T: 974779 Episode Num: 2851 Episode T: 304 Reward: 373.248 Cost: 0.000 ShieldInt: 13 ShieldDist: 1.922
arrive destination: True ,out of road:False   Total T: 975185 Episode Num: 2852 Episode T: 406 Reward: 360.383 Cost: 13.000 ShieldInt: 25 ShieldDist: 27.735
arrive destination: True ,out of road:False   Total T: 975405 Episode Num: 2853 Episode T: 220 Reward: 273.073 Cost: 0.000 ShieldInt: 6 ShieldDist: 6.406
arrive destination: True ,out of road:False   Total T: 975599 Episode Num: 2854 Episode T: 194 Reward: 268.730 Cost: 0.000 ShieldInt: 5 ShieldDist: 0.703
arrive destination: True ,out of road:False   Total T: 975823 Episode Num: 2855 Episode T: 224 Reward: 273.187 Cost: 1.000 ShieldInt: 6 ShieldDist: 0.867
arrive destination: True ,out of road:False   Total T: 976120 Episode Num: 2856 Episode T: 297 Reward: 336.020 Cost: 7.000 ShieldInt: 8 ShieldDist: 4.580
arrive destination: False ,out of road:True   Total T: 976172 Episode Num: 2857 Episode T: 52 Reward: 19.706 Cost: 1.000 ShieldInt: 0 ShieldDist: 0.000
arrive destination: True ,out of road:False   Total T: 976562 Episode Num: 2858 Episode T: 390 Reward: 409.672 Cost: 10.000 ShieldInt: 21 ShieldDist: 10.233
arrive destination: True ,out of road:False   Total T: 976964 Episode Num: 2859 Episode T: 402 Reward: 497.662 Cost: 12.000 ShieldInt: 18 ShieldDist: 8.191
arrive destination: True ,out of road:False   Total T: 977220 Episode Num: 2860 Episode T: 256 Reward: 348.960 Cost: 5.000 ShieldInt: 10 ShieldDist: 3.270
arrive destination: True ,out of road:False   Total T: 977464 Episode Num: 2861 Episode T: 244 Reward: 234.854 Cost: 9.000 ShieldInt: 25 ShieldDist: 29.007
arrive destination: True ,out of road:False   Total T: 977840 Episode Num: 2862 Episode T: 376 Reward: 491.967 Cost: 4.000 ShieldInt: 10 ShieldDist: 1.317
arrive destination: True ,out of road:False   Total T: 978102 Episode Num: 2863 Episode T: 262 Reward: 273.459 Cost: 5.000 ShieldInt: 9 ShieldDist: 1.259
arrive destination: True ,out of road:False   Total T: 978351 Episode Num: 2864 Episode T: 249 Reward: 295.305 Cost: 9.000 ShieldInt: 6 ShieldDist: 6.450
arrive destination: True ,out of road:False   Total T: 978894 Episode Num: 2865 Episode T: 543 Reward: 495.873 Cost: 43.000 ShieldInt: 47 ShieldDist: 36.996
arrive destination: False ,out of road:True   Total T: 978947 Episode Num: 2866 Episode T: 53 Reward: 21.446 Cost: 1.000 ShieldInt: 0 ShieldDist: 0.000
arrive destination: True ,out of road:False   Total T: 979195 Episode Num: 2867 Episode T: 248 Reward: 233.349 Cost: 17.000 ShieldInt: 24 ShieldDist: 30.851
arrive destination: True ,out of road:False   Total T: 979518 Episode Num: 2868 Episode T: 323 Reward: 335.923 Cost: 6.000 ShieldInt: 15 ShieldDist: 14.597
arrive destination: True ,out of road:False   Total T: 979830 Episode Num: 2869 Episode T: 312 Reward: 269.241 Cost: 17.000 ShieldInt: 26 ShieldDist: 33.485
---------------------------------------
Evaluation over 20 episodes: 0.800 Cost 14.350.             SafeRL used : use_qpsl
---------------------------------------
[34;1m
Time: 2026-07-01 23:37:58, Time spent from previous logger: 174.767 s[0m
[34;1mCustomLogger with fileds: ['total_steps', 'EpRet', 'EpCost', 'CostRate'][0m
[34;1mfieldvalues: [980000, 0.8, 14.35, 0.03610411847359028]
[0m
arrive destination: True ,out of road:False   Total T: 980408 Episode Num: 2870 Episode T: 578 Reward: 643.163 Cost: 11.000 ShieldInt: 10 ShieldDist: 8.826
arrive destination: True ,out of road:False   Total T: 980598 Episode Num: 2871 Episode T: 190 Reward: 269.903 Cost: 0.000 ShieldInt: 3 ShieldDist: 2.192
arrive destination: False ,out of road:True   Total T: 981045 Episode Num: 2872 Episode T: 447 Reward: 332.062 Cost: 63.000 ShieldInt: 23 ShieldDist: 13.883
arrive destination: False ,out of road:True   Total T: 981167 Episode Num: 2873 Episode T: 122 Reward: 110.680 Cost: 3.000 ShieldInt: 5 ShieldDist: 0.747
arrive destination: False ,out of road:True   Total T: 981268 Episode Num: 2874 Episode T: 101 Reward: 77.652 Cost: 5.000 ShieldInt: 3 ShieldDist: 2.288
arrive destination: True ,out of road:False   Total T: 981595 Episode Num: 2875 Episode T: 327 Reward: 394.021 Cost: 0.000 ShieldInt: 3 ShieldDist: 0.406
arrive destination: True ,out of road:False   Total T: 982035 Episode Num: 2876 Episode T: 440 Reward: 469.408 Cost: 17.000 ShieldInt: 21 ShieldDist: 24.670
arrive destination: True ,out of road:False   Total T: 982294 Episode Num: 2877 Episode T: 259 Reward: 267.772 Cost: 8.000 ShieldInt: 9 ShieldDist: 2.769
arrive destination: True ,out of road:False   Total T: 982700 Episode Num: 2878 Episode T: 406 Reward: 494.452 Cost: 15.000 ShieldInt: 19 ShieldDist: 20.572
arrive destination: True ,out of road:False   Total T: 983005 Episode Num: 2879 Episode T: 305 Reward: 269.791 Cost: 11.000 ShieldInt: 25 ShieldDist: 23.068
arrive destination: True ,out of road:False   Total T: 983203 Episode Num: 2880 Episode T: 198 Reward: 279.690 Cost: 2.000 ShieldInt: 3 ShieldDist: 0.450
arrive destination: True ,out of road:False   Total T: 983412 Episode Num: 2881 Episode T: 209 Reward: 285.720 Cost: 0.000 ShieldInt: 1 ShieldDist: 0.121
arrive destination: True ,out of road:False   Total T: 983756 Episode Num: 2882 Episode T: 344 Reward: 433.509 Cost: 19.000 ShieldInt: 21 ShieldDist: 11.581
arrive destination: True ,out of road:False   Total T: 983993 Episode Num: 2883 Episode T: 237 Reward: 295.618 Cost: 8.000 ShieldInt: 5 ShieldDist: 0.700
arrive destination: True ,out of road:False   Total T: 984216 Episode Num: 2884 Episode T: 223 Reward: 267.556 Cost: 1.000 ShieldInt: 6 ShieldDist: 0.834
arrive destination: True ,out of road:False   Total T: 984474 Episode Num: 2885 Episode T: 258 Reward: 352.579 Cost: 1.000 ShieldInt: 11 ShieldDist: 1.603
arrive destination: True ,out of road:False   Total T: 984738 Episode Num: 2886 Episode T: 264 Reward: 348.348 Cost: 4.000 ShieldInt: 9 ShieldDist: 1.297
arrive destination: True ,out of road:False   Total T: 984960 Episode Num: 2887 Episode T: 222 Reward: 272.730 Cost: 0.000 ShieldInt: 5 ShieldDist: 0.750
arrive destination: True ,out of road:False   Total T: 985188 Episode Num: 2888 Episode T: 228 Reward: 305.996 Cost: 4.000 ShieldInt: 8 ShieldDist: 4.206
arrive destination: True ,out of road:False   Total T: 985422 Episode Num: 2889 Episode T: 234 Reward: 272.567 Cost: 4.000 ShieldInt: 8 ShieldDist: 3.000
arrive destination: True ,out of road:False   Total T: 985681 Episode Num: 2890 Episode T: 259 Reward: 354.402 Cost: 0.000 ShieldInt: 6 ShieldDist: 0.804
arrive destination: False ,out of road:True   Total T: 985779 Episode Num: 2891 Episode T: 98 Reward: 85.880 Cost: 2.000 ShieldInt: 5 ShieldDist: 0.648
arrive destination: True ,out of road:False   Total T: 985988 Episode Num: 2892 Episode T: 209 Reward: 284.859 Cost: 0.000 ShieldInt: 4 ShieldDist: 0.561
arrive destination: True ,out of road:False   Total T: 986235 Episode Num: 2893 Episode T: 247 Reward: 306.226 Cost: 11.000 ShieldInt: 13 ShieldDist: 10.963
arrive destination: True ,out of road:False   Total T: 986492 Episode Num: 2894 Episode T: 257 Reward: 270.136 Cost: 13.000 ShieldInt: 12 ShieldDist: 4.570
arrive destination: True ,out of road:False   Total T: 986849 Episode Num: 2895 Episode T: 357 Reward: 416.968 Cost: 10.000 ShieldInt: 26 ShieldDist: 19.696
arrive destination: True ,out of road:False   Total T: 987349 Episode Num: 2896 Episode T: 500 Reward: 505.051 Cost: 17.000 ShieldInt: 32 ShieldDist: 38.691
arrive destination: True ,out of road:False   Total T: 987634 Episode Num: 2897 Episode T: 285 Reward: 294.280 Cost: 15.000 ShieldInt: 15 ShieldDist: 14.736
arrive destination: True ,out of road:False   Total T: 988104 Episode Num: 2898 Episode T: 470 Reward: 506.207 Cost: 26.000 ShieldInt: 21 ShieldDist: 10.051
arrive destination: True ,out of road:False   Total T: 988500 Episode Num: 2899 Episode T: 396 Reward: 491.819 Cost: 12.000 ShieldInt: 18 ShieldDist: 2.485
arrive destination: True ,out of road:False   Total T: 988947 Episode Num: 2900 Episode T: 447 Reward: 371.284 Cost: 11.000 ShieldInt: 11 ShieldDist: 1.601
arrive destination: True ,out of road:False   Total T: 989167 Episode Num: 2901 Episode T: 220 Reward: 271.742 Cost: 2.000 ShieldInt: 10 ShieldDist: 1.416
arrive destination: True ,out of road:False   Total T: 989489 Episode Num: 2902 Episode T: 322 Reward: 363.118 Cost: 8.000 ShieldInt: 14 ShieldDist: 1.943
arrive destination: True ,out of road:False   Total T: 989736 Episode Num: 2903 Episode T: 247 Reward: 232.974 Cost: 6.000 ShieldInt: 9 ShieldDist: 8.691
---------------------------------------
Evaluation over 20 episodes: 0.850 Cost 14.300.             SafeRL used : use_qpsl
---------------------------------------
[34;1m
Time: 2026-07-01 23:41:04, Time spent from previous logger: 185.956 s[0m
[34;1mCustomLogger with fileds: ['total_steps', 'EpRet', 'EpCost', 'CostRate'][0m
[34;1mfieldvalues: [990000, 0.85, 14.3, 0.036062662689558274]
[0m
arrive destination: True ,out of road:False   Total T: 990196 Episode Num: 2904 Episode T: 460 Reward: 493.229 Cost: 11.000 ShieldInt: 8 ShieldDist: 1.140
arrive destination: True ,out of road:False   Total T: 990604 Episode Num: 2905 Episode T: 408 Reward: 473.309 Cost: 8.000 ShieldInt: 16 ShieldDist: 7.845
arrive destination: True ,out of road:False   Total T: 990971 Episode Num: 2906 Episode T: 367 Reward: 413.796 Cost: 12.000 ShieldInt: 18 ShieldDist: 7.923
arrive destination: True ,out of road:False   Total T: 991186 Episode Num: 2907 Episode T: 215 Reward: 285.525 Cost: 0.000 ShieldInt: 2 ShieldDist: 0.284
arrive destination: False ,out of road:True   Total T: 991293 Episode Num: 2908 Episode T: 107 Reward: 88.948 Cost: 1.000 ShieldInt: 0 ShieldDist: 0.000
arrive destination: True ,out of road:False   Total T: 991516 Episode Num: 2909 Episode T: 223 Reward: 286.413 Cost: 0.000 ShieldInt: 12 ShieldDist: 1.686
arrive destination: True ,out of road:False   Total T: 991795 Episode Num: 2910 Episode T: 279 Reward: 294.370 Cost: 13.000 ShieldInt: 15 ShieldDist: 2.191
arrive destination: False ,out of road:True   Total T: 992025 Episode Num: 2911 Episode T: 230 Reward: 243.366 Cost: 6.000 ShieldInt: 13 ShieldDist: 1.911
arrive destination: False ,out of road:True   Total T: 992214 Episode Num: 2912 Episode T: 189 Reward: 206.950 Cost: 10.000 ShieldInt: 2 ShieldDist: 0.291
arrive destination: True ,out of road:False   Total T: 992431 Episode Num: 2913 Episode T: 217 Reward: 285.351 Cost: 0.000 ShieldInt: 8 ShieldDist: 1.149
arrive destination: False ,out of road:True   Total T: 992594 Episode Num: 2914 Episode T: 163 Reward: 165.365 Cost: 3.000 ShieldInt: 7 ShieldDist: 2.772
arrive destination: True ,out of road:False   Total T: 992808 Episode Num: 2915 Episode T: 214 Reward: 286.065 Cost: 0.000 ShieldInt: 9 ShieldDist: 1.271
arrive destination: False ,out of road:True   Total T: 993154 Episode Num: 2916 Episode T: 346 Reward: 383.372 Cost: 15.000 ShieldInt: 24 ShieldDist: 8.464
arrive destination: True ,out of road:False   Total T: 993344 Episode Num: 2917 Episode T: 190 Reward: 269.836 Cost: 0.000 ShieldInt: 3 ShieldDist: 0.450
arrive destination: True ,out of road:False   Total T: 993722 Episode Num: 2918 Episode T: 378 Reward: 366.528 Cost: 31.000 ShieldInt: 42 ShieldDist: 25.497
arrive destination: True ,out of road:False   Total T: 994171 Episode Num: 2919 Episode T: 449 Reward: 414.346 Cost: 21.000 ShieldInt: 50 ShieldDist: 43.779
arrive destination: True ,out of road:False   Total T: 994396 Episode Num: 2920 Episode T: 225 Reward: 270.620 Cost: 0.000 ShieldInt: 5 ShieldDist: 0.642
arrive destination: False ,out of road:True   Total T: 994495 Episode Num: 2921 Episode T: 99 Reward: 69.834 Cost: 5.000 ShieldInt: 2 ShieldDist: 0.903
arrive destination: True ,out of road:False   Total T: 994755 Episode Num: 2922 Episode T: 260 Reward: 268.562 Cost: 11.000 ShieldInt: 11 ShieldDist: 1.630
arrive destination: False ,out of road:True   Total T: 994924 Episode Num: 2923 Episode T: 169 Reward: 184.539 Cost: 3.000 ShieldInt: 6 ShieldDist: 3.156
arrive destination: False ,out of road:True   Total T: 995310 Episode Num: 2924 Episode T: 386 Reward: 397.632 Cost: 18.000 ShieldInt: 29 ShieldDist: 36.372
arrive destination: True ,out of road:False   Total T: 995662 Episode Num: 2925 Episode T: 352 Reward: 417.018 Cost: 15.000 ShieldInt: 15 ShieldDist: 3.863
arrive destination: True ,out of road:False   Total T: 995877 Episode Num: 2926 Episode T: 215 Reward: 283.557 Cost: 0.000 ShieldInt: 3 ShieldDist: 0.423
arrive destination: True ,out of road:False   Total T: 996374 Episode Num: 2927 Episode T: 497 Reward: 491.471 Cost: 21.000 ShieldInt: 37 ShieldDist: 41.877
arrive destination: True ,out of road:False   Total T: 996814 Episode Num: 2928 Episode T: 440 Reward: 393.486 Cost: 20.000 ShieldInt: 41 ShieldDist: 53.751
arrive destination: True ,out of road:False   Total T: 997025 Episode Num: 2929 Episode T: 211 Reward: 233.282 Cost: 4.000 ShieldInt: 8 ShieldDist: 1.175
arrive destination: True ,out of road:False   Total T: 997372 Episode Num: 2930 Episode T: 347 Reward: 367.404 Cost: 20.000 ShieldInt: 21 ShieldDist: 24.349
arrive destination: True ,out of road:False   Total T: 997891 Episode Num: 2931 Episode T: 519 Reward: 411.814 Cost: 31.000 ShieldInt: 15 ShieldDist: 2.250
arrive destination: True ,out of road:False   Total T: 998095 Episode Num: 2932 Episode T: 204 Reward: 233.244 Cost: 2.000 ShieldInt: 10 ShieldDist: 5.488
arrive destination: False ,out of road:True   Total T: 998486 Episode Num: 2933 Episode T: 391 Reward: 486.144 Cost: 14.000 ShieldInt: 8 ShieldDist: 1.151
arrive destination: True ,out of road:False   Total T: 999098 Episode Num: 2934 Episode T: 612 Reward: 492.728 Cost: 55.000 ShieldInt: 83 ShieldDist: 103.427
arrive destination: True ,out of road:False   Total T: 999349 Episode Num: 2935 Episode T: 251 Reward: 295.422 Cost: 16.000 ShieldInt: 12 ShieldDist: 4.731
arrive destination: True ,out of road:False   Total T: 999702 Episode Num: 2936 Episode T: 353 Reward: 502.730 Cost: 1.000 ShieldInt: 14 ShieldDist: 1.959
arrive destination: True ,out of road:False   Total T: 999941 Episode Num: 2937 Episode T: 239 Reward: 295.445 Cost: 20.000 ShieldInt: 14 ShieldDist: 15.112
---------------------------------------
Evaluation over 20 episodes: 0.850 Cost 11.000.             SafeRL used : use_qpsl
---------------------------------------
[34;1m
Time: 2026-07-01 23:44:04, Time spent from previous logger: 179.429 s[0m
[34;1mCustomLogger with fileds: ['total_steps', 'EpRet', 'EpCost', 'CostRate'][0m
[34;1mfieldvalues: [1000000, 0.85, 11.0, 0.03607803607803608]
[0m
Successfully registered the following environments: ['MetaDrive-validation-v0', 'MetaDrive-10env-v0', 'MetaDrive-100envs-v0', 'MetaDrive-1000envs-v0', 'SafeMetaDrive-validation-v0', 'SafeMetaDrive-10env-v0', 'SafeMetaDrive-100envs-v0', 'SafeMetaDrive-1000envs-v0', 'MARLTollgate-v0', 'MARLBottleneck-v0', 'MARLRoundabout-v0', 'MARLIntersection-v0', 'MARLParkingLot-v0', 'MARLMetaDrive-v0'].
