Running full paper-style training: tag=paper_1m_20260629 algo=td3 seed=2 task=2
Successfully registered the following environments: ['MetaDrive-validation-v0', 'MetaDrive-10env-v0', 'MetaDrive-100envs-v0', 'MetaDrive-1000envs-v0', 'SafeMetaDrive-validation-v0', 'SafeMetaDrive-10env-v0', 'SafeMetaDrive-100envs-v0', 'SafeMetaDrive-1000envs-v0', 'MARLTollgate-v0', 'MARLBottleneck-v0', 'MARLRoundabout-v0', 'MARLIntersection-v0', 'MARLParkingLot-v0', 'MARLMetaDrive-v0'].
arrive destination: False ,out of road:False   Total T: 1000 Episode Num: 1 Episode T: 1000 Reward: 9.352 Cost: 0.000
arrive destination: False ,out of road:False   Total T: 2000 Episode Num: 2 Episode T: 1000 Reward: 10.349 Cost: 0.000
arrive destination: False ,out of road:False   Total T: 3000 Episode Num: 3 Episode T: 1000 Reward: 11.244 Cost: 0.000
arrive destination: False ,out of road:False   Total T: 4000 Episode Num: 4 Episode T: 1000 Reward: 11.309 Cost: 0.000
arrive destination: False ,out of road:True   Total T: 4847 Episode Num: 5 Episode T: 847 Reward: 4.368 Cost: 1.000
arrive destination: False ,out of road:False   Total T: 5847 Episode Num: 6 Episode T: 1000 Reward: 10.905 Cost: 0.000
arrive destination: False ,out of road:False   Total T: 6847 Episode Num: 7 Episode T: 1000 Reward: 11.399 Cost: 0.000
arrive destination: False ,out of road:False   Total T: 7847 Episode Num: 8 Episode T: 1000 Reward: 11.484 Cost: 0.000
arrive destination: False ,out of road:False   Total T: 8847 Episode Num: 9 Episode T: 1000 Reward: 10.168 Cost: 0.000
arrive destination: False ,out of road:False   Total T: 9847 Episode Num: 10 Episode T: 1000 Reward: 11.446 Cost: 0.000
---------------------------------------
Evaluation over 20 episodes: 0.000 Cost 0.850.             SafeRL used : use_td3
---------------------------------------
[34;1m
Time: 2026-06-29 13:27:08, Time spent from previous logger: 70.046 s[0m
[34;1mCustomLogger with fileds: ['total_steps', 'EpRet', 'EpCost', 'CostRate'][0m
[34;1mfieldvalues: [10000, 0.0, 0.85, 0.00010001000100010001]
[0m
arrive destination: False ,out of road:True   Total T: 10036 Episode Num: 11 Episode T: 189 Reward: 3.912 Cost: 1.000
arrive destination: False ,out of road:True   Total T: 10065 Episode Num: 12 Episode T: 29 Reward: -1.703 Cost: 1.000
arrive destination: False ,out of road:True   Total T: 10106 Episode Num: 13 Episode T: 41 Reward: 5.208 Cost: 1.000
arrive destination: False ,out of road:True   Total T: 10122 Episode Num: 14 Episode T: 16 Reward: -5.121 Cost: 1.000
arrive destination: False ,out of road:True   Total T: 10161 Episode Num: 15 Episode T: 39 Reward: 6.112 Cost: 1.000
arrive destination: False ,out of road:True   Total T: 10186 Episode Num: 16 Episode T: 25 Reward: -3.324 Cost: 1.000
arrive destination: False ,out of road:True   Total T: 10212 Episode Num: 17 Episode T: 26 Reward: -3.538 Cost: 1.000
arrive destination: False ,out of road:True   Total T: 10238 Episode Num: 18 Episode T: 26 Reward: -3.467 Cost: 1.000
arrive destination: False ,out of road:True   Total T: 10275 Episode Num: 19 Episode T: 37 Reward: 3.828 Cost: 1.000
arrive destination: False ,out of road:True   Total T: 10293 Episode Num: 20 Episode T: 18 Reward: -4.547 Cost: 1.000
arrive destination: False ,out of road:True   Total T: 10320 Episode Num: 21 Episode T: 27 Reward: -2.190 Cost: 1.000
arrive destination: False ,out of road:True   Total T: 10347 Episode Num: 22 Episode T: 27 Reward: -2.106 Cost: 1.000
arrive destination: False ,out of road:True   Total T: 10413 Episode Num: 23 Episode T: 66 Reward: 12.038 Cost: 1.000
arrive destination: False ,out of road:True   Total T: 10530 Episode Num: 24 Episode T: 117 Reward: 31.931 Cost: 1.000
arrive destination: False ,out of road:True   Total T: 10568 Episode Num: 25 Episode T: 38 Reward: 2.742 Cost: 1.000
arrive destination: False ,out of road:True   Total T: 10604 Episode Num: 26 Episode T: 36 Reward: 3.084 Cost: 1.000
arrive destination: False ,out of road:True   Total T: 10640 Episode Num: 27 Episode T: 36 Reward: 2.668 Cost: 1.000
arrive destination: False ,out of road:True   Total T: 10687 Episode Num: 28 Episode T: 47 Reward: 13.683 Cost: 1.000
arrive destination: False ,out of road:True   Total T: 10728 Episode Num: 29 Episode T: 41 Reward: 7.682 Cost: 1.000
arrive destination: False ,out of road:True   Total T: 10771 Episode Num: 30 Episode T: 43 Reward: 9.962 Cost: 1.000
arrive destination: False ,out of road:True   Total T: 10796 Episode Num: 31 Episode T: 25 Reward: -1.893 Cost: 1.000
arrive destination: False ,out of road:True   Total T: 10823 Episode Num: 32 Episode T: 27 Reward: -0.897 Cost: 1.000
arrive destination: False ,out of road:True   Total T: 10859 Episode Num: 33 Episode T: 36 Reward: 4.369 Cost: 1.000
arrive destination: False ,out of road:True   Total T: 10895 Episode Num: 34 Episode T: 36 Reward: 3.740 Cost: 1.000
arrive destination: False ,out of road:True   Total T: 10915 Episode Num: 35 Episode T: 20 Reward: -3.940 Cost: 1.000
arrive destination: False ,out of road:True   Total T: 10937 Episode Num: 36 Episode T: 22 Reward: -3.190 Cost: 1.000
arrive destination: False ,out of road:True   Total T: 10981 Episode Num: 37 Episode T: 44 Reward: 10.936 Cost: 1.000
arrive destination: False ,out of road:True   Total T: 11012 Episode Num: 38 Episode T: 31 Reward: 1.231 Cost: 1.000
arrive destination: False ,out of road:True   Total T: 11046 Episode Num: 39 Episode T: 34 Reward: 2.568 Cost: 1.000
arrive destination: False ,out of road:True   Total T: 11081 Episode Num: 40 Episode T: 35 Reward: 4.547 Cost: 1.000
arrive destination: False ,out of road:True   Total T: 11120 Episode Num: 41 Episode T: 39 Reward: 6.738 Cost: 1.000
arrive destination: False ,out of road:True   Total T: 11142 Episode Num: 42 Episode T: 22 Reward: -3.115 Cost: 1.000
arrive destination: False ,out of road:True   Total T: 11180 Episode Num: 43 Episode T: 38 Reward: 4.354 Cost: 1.000
arrive destination: False ,out of road:True   Total T: 11212 Episode Num: 44 Episode T: 32 Reward: 1.435 Cost: 1.000
arrive destination: False ,out of road:True   Total T: 11250 Episode Num: 45 Episode T: 38 Reward: 5.945 Cost: 1.000
arrive destination: False ,out of road:True   Total T: 11285 Episode Num: 46 Episode T: 35 Reward: 3.934 Cost: 1.000
arrive destination: False ,out of road:True   Total T: 11316 Episode Num: 47 Episode T: 31 Reward: 0.847 Cost: 1.000
arrive destination: False ,out of road:True   Total T: 11352 Episode Num: 48 Episode T: 36 Reward: 3.914 Cost: 1.000
arrive destination: False ,out of road:True   Total T: 11404 Episode Num: 49 Episode T: 52 Reward: 20.000 Cost: 1.000
arrive destination: False ,out of road:True   Total T: 11455 Episode Num: 50 Episode T: 51 Reward: 18.697 Cost: 1.000
arrive destination: False ,out of road:True   Total T: 11476 Episode Num: 51 Episode T: 21 Reward: -3.655 Cost: 1.000
arrive destination: False ,out of road:True   Total T: 11522 Episode Num: 52 Episode T: 46 Reward: 11.838 Cost: 1.000
arrive destination: False ,out of road:True   Total T: 11565 Episode Num: 53 Episode T: 43 Reward: 9.631 Cost: 1.000
arrive destination: False ,out of road:True   Total T: 11606 Episode Num: 54 Episode T: 41 Reward: 8.307 Cost: 1.000
arrive destination: False ,out of road:True   Total T: 11640 Episode Num: 55 Episode T: 34 Reward: 2.665 Cost: 1.000
arrive destination: False ,out of road:True   Total T: 11675 Episode Num: 56 Episode T: 35 Reward: 3.024 Cost: 1.000
arrive destination: False ,out of road:True   Total T: 11719 Episode Num: 57 Episode T: 44 Reward: 10.524 Cost: 1.000
arrive destination: False ,out of road:True   Total T: 11772 Episode Num: 58 Episode T: 53 Reward: 23.354 Cost: 1.000
arrive destination: False ,out of road:True   Total T: 11836 Episode Num: 59 Episode T: 64 Reward: 34.756 Cost: 1.000
arrive destination: False ,out of road:True   Total T: 11920 Episode Num: 60 Episode T: 84 Reward: 67.473 Cost: 1.000
arrive destination: False ,out of road:True   Total T: 12117 Episode Num: 61 Episode T: 197 Reward: 236.220 Cost: 2.000
arrive destination: True ,out of road:False   Total T: 12362 Episode Num: 62 Episode T: 245 Reward: 234.060 Cost: 58.000
arrive destination: False ,out of road:True   Total T: 12461 Episode Num: 63 Episode T: 99 Reward: 76.071 Cost: 5.000
arrive destination: False ,out of road:True   Total T: 12598 Episode Num: 64 Episode T: 137 Reward: 135.023 Cost: 1.000
arrive destination: True ,out of road:False   Total T: 12931 Episode Num: 65 Episode T: 333 Reward: 346.003 Cost: 78.000
arrive destination: True ,out of road:False   Total T: 13333 Episode Num: 66 Episode T: 402 Reward: 367.720 Cost: 67.000
arrive destination: True ,out of road:True   Total T: 13662 Episode Num: 67 Episode T: 329 Reward: 374.452 Cost: 33.000
arrive destination: False ,out of road:True   Total T: 13843 Episode Num: 68 Episode T: 181 Reward: 145.204 Cost: 5.000
arrive destination: False ,out of road:True   Total T: 13923 Episode Num: 69 Episode T: 80 Reward: 56.081 Cost: 1.000
arrive destination: False ,out of road:True   Total T: 14096 Episode Num: 70 Episode T: 173 Reward: 165.309 Cost: 18.000
arrive destination: False ,out of road:True   Total T: 14234 Episode Num: 71 Episode T: 138 Reward: 147.216 Cost: 1.000
arrive destination: False ,out of road:True   Total T: 14405 Episode Num: 72 Episode T: 171 Reward: 182.423 Cost: 11.000
arrive destination: False ,out of road:True   Total T: 14572 Episode Num: 73 Episode T: 167 Reward: 158.489 Cost: 7.000
arrive destination: False ,out of road:True   Total T: 14693 Episode Num: 74 Episode T: 121 Reward: 113.436 Cost: 5.000
arrive destination: True ,out of road:False   Total T: 14965 Episode Num: 75 Episode T: 272 Reward: 289.472 Cost: 10.000
arrive destination: False ,out of road:True   Total T: 15098 Episode Num: 76 Episode T: 133 Reward: 133.242 Cost: 4.000
arrive destination: True ,out of road:False   Total T: 15553 Episode Num: 77 Episode T: 455 Reward: 417.579 Cost: 60.000
arrive destination: True ,out of road:False   Total T: 15796 Episode Num: 78 Episode T: 243 Reward: 232.887 Cost: 53.000
arrive destination: False ,out of road:True   Total T: 16008 Episode Num: 79 Episode T: 212 Reward: 239.498 Cost: 4.000
arrive destination: True ,out of road:False   Total T: 16419 Episode Num: 80 Episode T: 411 Reward: 374.745 Cost: 55.000
arrive destination: False ,out of road:True   Total T: 16694 Episode Num: 81 Episode T: 275 Reward: 259.566 Cost: 45.000
arrive destination: False ,out of road:True   Total T: 16817 Episode Num: 82 Episode T: 123 Reward: 150.904 Cost: 7.000
arrive destination: False ,out of road:True   Total T: 16951 Episode Num: 83 Episode T: 134 Reward: 133.111 Cost: 4.000
arrive destination: True ,out of road:False   Total T: 17194 Episode Num: 84 Episode T: 243 Reward: 235.009 Cost: 35.000
arrive destination: False ,out of road:True   Total T: 17420 Episode Num: 85 Episode T: 226 Reward: 237.553 Cost: 7.000
arrive destination: True ,out of road:False   Total T: 17664 Episode Num: 86 Episode T: 244 Reward: 242.660 Cost: 48.000
arrive destination: False ,out of road:True   Total T: 17739 Episode Num: 87 Episode T: 75 Reward: 52.683 Cost: 1.000
arrive destination: False ,out of road:True   Total T: 17841 Episode Num: 88 Episode T: 102 Reward: 98.341 Cost: 8.000
arrive destination: False ,out of road:True   Total T: 17981 Episode Num: 89 Episode T: 140 Reward: 176.477 Cost: 17.000
arrive destination: True ,out of road:False   Total T: 18275 Episode Num: 90 Episode T: 294 Reward: 267.046 Cost: 55.000
arrive destination: False ,out of road:True   Total T: 18355 Episode Num: 91 Episode T: 80 Reward: 54.491 Cost: 1.000
arrive destination: False ,out of road:True   Total T: 18501 Episode Num: 92 Episode T: 146 Reward: 172.508 Cost: 6.000
arrive destination: False ,out of road:True   Total T: 18577 Episode Num: 93 Episode T: 76 Reward: 52.990 Cost: 1.000
arrive destination: False ,out of road:True   Total T: 18716 Episode Num: 94 Episode T: 139 Reward: 154.185 Cost: 8.000
arrive destination: False ,out of road:True   Total T: 18954 Episode Num: 95 Episode T: 238 Reward: 218.077 Cost: 41.000
arrive destination: True ,out of road:False   Total T: 19198 Episode Num: 96 Episode T: 244 Reward: 233.236 Cost: 46.000
arrive destination: False ,out of road:True   Total T: 19349 Episode Num: 97 Episode T: 151 Reward: 79.729 Cost: 19.000
arrive destination: False ,out of road:True   Total T: 19430 Episode Num: 98 Episode T: 81 Reward: 55.563 Cost: 1.000
arrive destination: False ,out of road:True   Total T: 19522 Episode Num: 99 Episode T: 92 Reward: 68.817 Cost: 4.000
arrive destination: False ,out of road:True   Total T: 19913 Episode Num: 100 Episode T: 391 Reward: 357.271 Cost: 69.000
---------------------------------------
Evaluation over 20 episodes: 0.300 Cost 21.900.             SafeRL used : use_td3
---------------------------------------
[34;1m
Time: 2026-06-29 13:29:06, Time spent from previous logger: 117.410 s[0m
[34;1mCustomLogger with fileds: ['total_steps', 'EpRet', 'EpCost', 'CostRate'][0m
[34;1mfieldvalues: [20000, 0.3, 21.9, 0.04760238011900595]
[0m
arrive destination: False ,out of road:True   Total T: 20134 Episode Num: 101 Episode T: 221 Reward: 253.066 Cost: 8.000
arrive destination: True ,out of road:False   Total T: 20303 Episode Num: 102 Episode T: 169 Reward: 268.742 Cost: 2.000
arrive destination: False ,out of road:True   Total T: 20536 Episode Num: 103 Episode T: 233 Reward: 227.463 Cost: 20.000
arrive destination: True ,out of road:False   Total T: 20827 Episode Num: 104 Episode T: 291 Reward: 266.883 Cost: 56.000
arrive destination: True ,out of road:False   Total T: 21124 Episode Num: 105 Episode T: 297 Reward: 268.630 Cost: 38.000
arrive destination: False ,out of road:True   Total T: 21214 Episode Num: 106 Episode T: 90 Reward: 77.809 Cost: 3.000
arrive destination: True ,out of road:False   Total T: 21515 Episode Num: 107 Episode T: 301 Reward: 336.350 Cost: 41.000
arrive destination: False ,out of road:True   Total T: 21643 Episode Num: 108 Episode T: 128 Reward: 156.986 Cost: 4.000
arrive destination: False ,out of road:True   Total T: 21777 Episode Num: 109 Episode T: 134 Reward: 154.319 Cost: 1.000
arrive destination: True ,out of road:False   Total T: 22014 Episode Num: 110 Episode T: 237 Reward: 234.846 Cost: 45.000
arrive destination: True ,out of road:False   Total T: 22306 Episode Num: 111 Episode T: 292 Reward: 294.497 Cost: 39.000
arrive destination: False ,out of road:True   Total T: 22508 Episode Num: 112 Episode T: 202 Reward: 233.824 Cost: 13.000
arrive destination: False ,out of road:True   Total T: 22641 Episode Num: 113 Episode T: 133 Reward: 173.223 Cost: 1.000
arrive destination: False ,out of road:True   Total T: 22802 Episode Num: 114 Episode T: 161 Reward: 160.560 Cost: 23.000
arrive destination: True ,out of road:False   Total T: 22982 Episode Num: 115 Episode T: 180 Reward: 269.536 Cost: 2.000
arrive destination: True ,out of road:False   Total T: 23314 Episode Num: 116 Episode T: 332 Reward: 335.902 Cost: 42.000
arrive destination: True ,out of road:False   Total T: 23586 Episode Num: 117 Episode T: 272 Reward: 294.862 Cost: 17.000
arrive destination: False ,out of road:True   Total T: 23761 Episode Num: 118 Episode T: 175 Reward: 141.583 Cost: 10.000
arrive destination: False ,out of road:True   Total T: 24074 Episode Num: 119 Episode T: 313 Reward: 298.996 Cost: 41.000
arrive destination: True ,out of road:False   Total T: 24406 Episode Num: 120 Episode T: 332 Reward: 345.862 Cost: 53.000
arrive destination: True ,out of road:False   Total T: 24787 Episode Num: 121 Episode T: 381 Reward: 375.660 Cost: 55.000
arrive destination: False ,out of road:True   Total T: 24865 Episode Num: 122 Episode T: 78 Reward: 54.241 Cost: 1.000
arrive destination: True ,out of road:False   Total T: 25114 Episode Num: 123 Episode T: 249 Reward: 295.740 Cost: 29.000
arrive destination: False ,out of road:True   Total T: 25348 Episode Num: 124 Episode T: 234 Reward: 196.339 Cost: 25.000
arrive destination: False ,out of road:True   Total T: 25427 Episode Num: 125 Episode T: 79 Reward: 56.990 Cost: 1.000
arrive destination: True ,out of road:False   Total T: 25606 Episode Num: 126 Episode T: 179 Reward: 269.044 Cost: 2.000
arrive destination: False ,out of road:True   Total T: 25729 Episode Num: 127 Episode T: 123 Reward: 155.042 Cost: 2.000
arrive destination: False ,out of road:True   Total T: 25913 Episode Num: 128 Episode T: 184 Reward: 140.266 Cost: 12.000
arrive destination: True ,out of road:False   Total T: 26159 Episode Num: 129 Episode T: 246 Reward: 232.657 Cost: 65.000
arrive destination: False ,out of road:True   Total T: 26446 Episode Num: 130 Episode T: 287 Reward: 265.827 Cost: 54.000
arrive destination: False ,out of road:True   Total T: 26561 Episode Num: 131 Episode T: 115 Reward: 130.354 Cost: 1.000
arrive destination: False ,out of road:True   Total T: 26661 Episode Num: 132 Episode T: 100 Reward: 102.157 Cost: 1.000
arrive destination: False ,out of road:True   Total T: 26749 Episode Num: 133 Episode T: 88 Reward: 75.412 Cost: 1.000
arrive destination: True ,out of road:False   Total T: 27084 Episode Num: 134 Episode T: 335 Reward: 334.916 Cost: 34.000
arrive destination: True ,out of road:False   Total T: 27340 Episode Num: 135 Episode T: 256 Reward: 294.628 Cost: 25.000
arrive destination: True ,out of road:False   Total T: 27531 Episode Num: 136 Episode T: 191 Reward: 268.767 Cost: 5.000
arrive destination: True ,out of road:False   Total T: 27782 Episode Num: 137 Episode T: 251 Reward: 305.622 Cost: 26.000
arrive destination: True ,out of road:False   Total T: 28194 Episode Num: 138 Episode T: 412 Reward: 411.563 Cost: 64.000
arrive destination: False ,out of road:True   Total T: 28363 Episode Num: 139 Episode T: 169 Reward: 207.161 Cost: 15.000
arrive destination: True ,out of road:False   Total T: 28665 Episode Num: 140 Episode T: 302 Reward: 397.024 Cost: 36.000
arrive destination: True ,out of road:False   Total T: 28945 Episode Num: 141 Episode T: 280 Reward: 335.129 Cost: 21.000
arrive destination: False ,out of road:True   Total T: 29038 Episode Num: 142 Episode T: 93 Reward: 79.383 Cost: 2.000
arrive destination: True ,out of road:False   Total T: 29410 Episode Num: 143 Episode T: 372 Reward: 366.690 Cost: 69.000
arrive destination: True ,out of road:False   Total T: 29692 Episode Num: 144 Episode T: 282 Reward: 353.303 Cost: 31.000
arrive destination: True ,out of road:False   Total T: 29948 Episode Num: 145 Episode T: 256 Reward: 353.422 Cost: 12.000
---------------------------------------
Evaluation over 20 episodes: 0.100 Cost 11.700.             SafeRL used : use_td3
---------------------------------------
[34;1m
Time: 2026-06-29 13:31:05, Time spent from previous logger: 118.707 s[0m
[34;1mCustomLogger with fileds: ['total_steps', 'EpRet', 'EpCost', 'CostRate'][0m
[34;1mfieldvalues: [30000, 0.1, 11.7, 0.06666888896296544]
[0m
arrive destination: True ,out of road:False   Total T: 30179 Episode Num: 146 Episode T: 231 Reward: 297.625 Cost: 1.000
arrive destination: False ,out of road:True   Total T: 30258 Episode Num: 147 Episode T: 79 Reward: 57.211 Cost: 1.000
arrive destination: False ,out of road:True   Total T: 30434 Episode Num: 148 Episode T: 176 Reward: 143.204 Cost: 15.000
arrive destination: True ,out of road:False   Total T: 30634 Episode Num: 149 Episode T: 200 Reward: 269.385 Cost: 0.000
arrive destination: False ,out of road:True   Total T: 30822 Episode Num: 150 Episode T: 188 Reward: 138.634 Cost: 11.000
arrive destination: False ,out of road:True   Total T: 30902 Episode Num: 151 Episode T: 80 Reward: 58.594 Cost: 1.000
arrive destination: False ,out of road:True   Total T: 31198 Episode Num: 152 Episode T: 296 Reward: 283.912 Cost: 18.000
arrive destination: True ,out of road:False   Total T: 31691 Episode Num: 153 Episode T: 493 Reward: 364.204 Cost: 33.000
arrive destination: False ,out of road:True   Total T: 31878 Episode Num: 154 Episode T: 187 Reward: 138.628 Cost: 9.000
arrive destination: True ,out of road:False   Total T: 32070 Episode Num: 155 Episode T: 192 Reward: 269.443 Cost: 2.000
arrive destination: True ,out of road:False   Total T: 32248 Episode Num: 156 Episode T: 178 Reward: 270.043 Cost: 1.000
arrive destination: True ,out of road:False   Total T: 32541 Episode Num: 157 Episode T: 293 Reward: 265.938 Cost: 42.000
arrive destination: False ,out of road:False   Total T: 33541 Episode Num: 158 Episode T: 1000 Reward: 82.937 Cost: 21.000
arrive destination: True ,out of road:False   Total T: 33836 Episode Num: 159 Episode T: 295 Reward: 267.856 Cost: 33.000
arrive destination: True ,out of road:False   Total T: 34119 Episode Num: 160 Episode T: 283 Reward: 272.339 Cost: 2.000
arrive destination: False ,out of road:True   Total T: 34307 Episode Num: 161 Episode T: 188 Reward: 171.537 Cost: 13.000
arrive destination: False ,out of road:True   Total T: 34432 Episode Num: 162 Episode T: 125 Reward: 114.172 Cost: 1.000
arrive destination: False ,out of road:True   Total T: 34657 Episode Num: 163 Episode T: 225 Reward: 236.214 Cost: 27.000
arrive destination: False ,out of road:True   Total T: 34777 Episode Num: 164 Episode T: 120 Reward: 129.315 Cost: 1.000
arrive destination: False ,out of road:True   Total T: 34859 Episode Num: 165 Episode T: 82 Reward: 58.467 Cost: 1.000
arrive destination: False ,out of road:True   Total T: 35009 Episode Num: 166 Episode T: 150 Reward: 128.814 Cost: 17.000
arrive destination: False ,out of road:True   Total T: 35131 Episode Num: 167 Episode T: 122 Reward: 111.829 Cost: 1.000
arrive destination: False ,out of road:True   Total T: 35278 Episode Num: 168 Episode T: 147 Reward: 146.014 Cost: 16.000
arrive destination: False ,out of road:True   Total T: 35697 Episode Num: 169 Episode T: 419 Reward: 358.993 Cost: 81.000
arrive destination: False ,out of road:True   Total T: 35817 Episode Num: 170 Episode T: 120 Reward: 104.101 Cost: 11.000
arrive destination: True ,out of road:False   Total T: 35998 Episode Num: 171 Episode T: 181 Reward: 269.157 Cost: 1.000
arrive destination: False ,out of road:True   Total T: 36225 Episode Num: 172 Episode T: 227 Reward: 234.440 Cost: 12.000
arrive destination: False ,out of road:True   Total T: 36342 Episode Num: 173 Episode T: 117 Reward: 130.509 Cost: 1.000
arrive destination: False ,out of road:True   Total T: 36473 Episode Num: 174 Episode T: 131 Reward: 151.065 Cost: 8.000
arrive destination: True ,out of road:False   Total T: 36985 Episode Num: 175 Episode T: 512 Reward: 408.010 Cost: 67.000
arrive destination: False ,out of road:True   Total T: 37126 Episode Num: 176 Episode T: 141 Reward: 156.060 Cost: 1.000
arrive destination: False ,out of road:True   Total T: 37270 Episode Num: 177 Episode T: 144 Reward: 111.490 Cost: 1.000
arrive destination: False ,out of road:True   Total T: 37391 Episode Num: 178 Episode T: 121 Reward: 142.761 Cost: 6.000
arrive destination: False ,out of road:True   Total T: 37528 Episode Num: 179 Episode T: 137 Reward: 153.724 Cost: 1.000
arrive destination: False ,out of road:True   Total T: 37676 Episode Num: 180 Episode T: 148 Reward: 152.801 Cost: 7.000
arrive destination: False ,out of road:True   Total T: 37750 Episode Num: 181 Episode T: 74 Reward: 49.525 Cost: 1.000
arrive destination: True ,out of road:False   Total T: 38016 Episode Num: 182 Episode T: 266 Reward: 264.186 Cost: 6.000
arrive destination: True ,out of road:False   Total T: 38387 Episode Num: 183 Episode T: 371 Reward: 335.684 Cost: 21.000
arrive destination: False ,out of road:True   Total T: 38478 Episode Num: 184 Episode T: 91 Reward: 78.601 Cost: 1.000
arrive destination: False ,out of road:True   Total T: 38580 Episode Num: 185 Episode T: 102 Reward: 107.155 Cost: 1.000
arrive destination: False ,out of road:True   Total T: 38877 Episode Num: 186 Episode T: 297 Reward: 231.310 Cost: 30.000
arrive destination: False ,out of road:True   Total T: 38967 Episode Num: 187 Episode T: 90 Reward: 78.984 Cost: 1.000
arrive destination: True ,out of road:False   Total T: 39374 Episode Num: 188 Episode T: 407 Reward: 335.888 Cost: 55.000
arrive destination: True ,out of road:False   Total T: 39671 Episode Num: 189 Episode T: 297 Reward: 295.578 Cost: 28.000
arrive destination: True ,out of road:False   Total T: 39853 Episode Num: 190 Episode T: 182 Reward: 268.369 Cost: 2.000
---------------------------------------
Evaluation over 20 episodes: 0.300 Cost 14.750.             SafeRL used : use_td3
---------------------------------------
[34;1m
Time: 2026-06-29 13:33:09, Time spent from previous logger: 123.974 s[0m
[34;1mCustomLogger with fileds: ['total_steps', 'EpRet', 'EpCost', 'CostRate'][0m
[34;1mfieldvalues: [40000, 0.3, 14.75, 0.0654766369159229]
[0m
arrive destination: False ,out of road:True   Total T: 40134 Episode Num: 191 Episode T: 281 Reward: 311.472 Cost: 16.000
arrive destination: True ,out of road:False   Total T: 40515 Episode Num: 192 Episode T: 381 Reward: 269.050 Cost: 11.000
arrive destination: False ,out of road:True   Total T: 40680 Episode Num: 193 Episode T: 165 Reward: 159.616 Cost: 21.000
arrive destination: False ,out of road:True   Total T: 40770 Episode Num: 194 Episode T: 90 Reward: 76.648 Cost: 1.000
arrive destination: False ,out of road:True   Total T: 40875 Episode Num: 195 Episode T: 105 Reward: 80.090 Cost: 2.000
arrive destination: False ,out of road:True   Total T: 40994 Episode Num: 196 Episode T: 119 Reward: 130.544 Cost: 1.000
arrive destination: False ,out of road:True   Total T: 41098 Episode Num: 197 Episode T: 104 Reward: 95.254 Cost: 3.000
arrive destination: True ,out of road:False   Total T: 41400 Episode Num: 198 Episode T: 302 Reward: 268.240 Cost: 41.000
arrive destination: False ,out of road:True   Total T: 41599 Episode Num: 199 Episode T: 199 Reward: 243.855 Cost: 14.000
arrive destination: True ,out of road:False   Total T: 41849 Episode Num: 200 Episode T: 250 Reward: 234.494 Cost: 25.000
arrive destination: False ,out of road:True   Total T: 41928 Episode Num: 201 Episode T: 79 Reward: 55.220 Cost: 1.000
arrive destination: True ,out of road:False   Total T: 42199 Episode Num: 202 Episode T: 271 Reward: 295.977 Cost: 12.000
arrive destination: False ,out of road:False   Total T: 43199 Episode Num: 203 Episode T: 1000 Reward: 330.918 Cost: 65.000
arrive destination: False ,out of road:True   Total T: 43376 Episode Num: 204 Episode T: 177 Reward: 236.195 Cost: 10.000
arrive destination: True ,out of road:False   Total T: 43582 Episode Num: 205 Episode T: 206 Reward: 268.024 Cost: 4.000
arrive destination: True ,out of road:False   Total T: 43853 Episode Num: 206 Episode T: 271 Reward: 295.473 Cost: 27.000
arrive destination: False ,out of road:True   Total T: 43958 Episode Num: 207 Episode T: 105 Reward: 104.541 Cost: 1.000
arrive destination: False ,out of road:True   Total T: 44092 Episode Num: 208 Episode T: 134 Reward: 156.480 Cost: 1.000
arrive destination: False ,out of road:True   Total T: 44208 Episode Num: 209 Episode T: 116 Reward: 130.355 Cost: 1.000
arrive destination: False ,out of road:True   Total T: 44563 Episode Num: 210 Episode T: 355 Reward: 308.918 Cost: 42.000
arrive destination: False ,out of road:True   Total T: 44732 Episode Num: 211 Episode T: 169 Reward: 160.622 Cost: 16.000
arrive destination: True ,out of road:False   Total T: 45695 Episode Num: 212 Episode T: 963 Reward: 262.671 Cost: 55.000
arrive destination: True ,out of road:False   Total T: 45986 Episode Num: 213 Episode T: 291 Reward: 296.125 Cost: 34.000
arrive destination: True ,out of road:False   Total T: 46524 Episode Num: 214 Episode T: 538 Reward: 415.675 Cost: 70.000
arrive destination: False ,out of road:False   Total T: 47524 Episode Num: 215 Episode T: 1000 Reward: 45.052 Cost: 0.000
arrive destination: True ,out of road:False   Total T: 48122 Episode Num: 216 Episode T: 598 Reward: 492.229 Cost: 63.000
arrive destination: True ,out of road:False   Total T: 48415 Episode Num: 217 Episode T: 293 Reward: 357.016 Cost: 26.000
arrive destination: False ,out of road:True   Total T: 48878 Episode Num: 218 Episode T: 463 Reward: 415.976 Cost: 55.000
arrive destination: True ,out of road:False   Total T: 49072 Episode Num: 219 Episode T: 194 Reward: 269.735 Cost: 2.000
arrive destination: False ,out of road:True   Total T: 49120 Episode Num: 220 Episode T: 48 Reward: 15.719 Cost: 1.000
arrive destination: True ,out of road:False   Total T: 49368 Episode Num: 221 Episode T: 248 Reward: 244.589 Cost: 26.000
---------------------------------------
Evaluation over 20 episodes: 0.400 Cost 17.150.             SafeRL used : use_td3
---------------------------------------
[34;1m
Time: 2026-06-29 13:35:12, Time spent from previous logger: 123.096 s[0m
[34;1mCustomLogger with fileds: ['total_steps', 'EpRet', 'EpCost', 'CostRate'][0m
[34;1mfieldvalues: [50000, 0.4, 17.15, 0.06578131562631252]
[0m
arrive destination: False ,out of road:True   Total T: 50154 Episode Num: 222 Episode T: 786 Reward: 498.392 Cost: 36.000
arrive destination: False ,out of road:False   Total T: 51154 Episode Num: 223 Episode T: 1000 Reward: 150.154 Cost: 10.000
arrive destination: False ,out of road:True   Total T: 51305 Episode Num: 224 Episode T: 151 Reward: 138.682 Cost: 2.000
arrive destination: False ,out of road:True   Total T: 52098 Episode Num: 225 Episode T: 793 Reward: 182.663 Cost: 11.000
arrive destination: True ,out of road:False   Total T: 52370 Episode Num: 226 Episode T: 272 Reward: 289.270 Cost: 22.000
arrive destination: False ,out of road:False   Total T: 53370 Episode Num: 227 Episode T: 1000 Reward: 249.381 Cost: 9.000
arrive destination: False ,out of road:True   Total T: 53467 Episode Num: 228 Episode T: 97 Reward: 82.063 Cost: 1.000
arrive destination: False ,out of road:True   Total T: 53646 Episode Num: 229 Episode T: 179 Reward: 190.530 Cost: 14.000
arrive destination: True ,out of road:False   Total T: 53895 Episode Num: 230 Episode T: 249 Reward: 264.679 Cost: 12.000
arrive destination: True ,out of road:False   Total T: 54163 Episode Num: 231 Episode T: 268 Reward: 289.342 Cost: 28.000
arrive destination: False ,out of road:True   Total T: 54502 Episode Num: 232 Episode T: 339 Reward: 353.018 Cost: 1.000
arrive destination: False ,out of road:True   Total T: 54802 Episode Num: 233 Episode T: 300 Reward: 153.298 Cost: 14.000
arrive destination: True ,out of road:False   Total T: 55083 Episode Num: 234 Episode T: 281 Reward: 277.132 Cost: 20.000
arrive destination: True ,out of road:False   Total T: 55719 Episode Num: 235 Episode T: 636 Reward: 460.640 Cost: 54.000
arrive destination: False ,out of road:True   Total T: 55819 Episode Num: 236 Episode T: 100 Reward: 80.132 Cost: 3.000
arrive destination: False ,out of road:True   Total T: 56503 Episode Num: 237 Episode T: 684 Reward: 74.243 Cost: 4.000
arrive destination: True ,out of road:True   Total T: 56892 Episode Num: 238 Episode T: 389 Reward: 376.998 Cost: 44.000
arrive destination: False ,out of road:False   Total T: 57892 Episode Num: 239 Episode T: 1000 Reward: 215.131 Cost: 23.000
arrive destination: False ,out of road:True   Total T: 58075 Episode Num: 240 Episode T: 183 Reward: 178.871 Cost: 1.000
arrive destination: True ,out of road:False   Total T: 58336 Episode Num: 241 Episode T: 261 Reward: 304.286 Cost: 18.000
arrive destination: True ,out of road:False   Total T: 58764 Episode Num: 242 Episode T: 428 Reward: 385.272 Cost: 84.000
arrive destination: False ,out of road:True   Total T: 58998 Episode Num: 243 Episode T: 234 Reward: 146.679 Cost: 14.000
arrive destination: False ,out of road:True   Total T: 59099 Episode Num: 244 Episode T: 101 Reward: 82.251 Cost: 3.000
arrive destination: False ,out of road:True   Total T: 59244 Episode Num: 245 Episode T: 145 Reward: 160.786 Cost: 2.000
arrive destination: False ,out of road:True   Total T: 59516 Episode Num: 246 Episode T: 272 Reward: 250.237 Cost: 17.000
arrive destination: True ,out of road:False   Total T: 59935 Episode Num: 247 Episode T: 419 Reward: 463.615 Cost: 21.000
---------------------------------------
Evaluation over 20 episodes: 0.250 Cost 21.850.             SafeRL used : use_td3
---------------------------------------
[34;1m
Time: 2026-06-29 13:37:16, Time spent from previous logger: 124.770 s[0m
[34;1mCustomLogger with fileds: ['total_steps', 'EpRet', 'EpCost', 'CostRate'][0m
[34;1mfieldvalues: [60000, 0.25, 21.85, 0.06208436807280121]
[0m
arrive destination: False ,out of road:True   Total T: 60142 Episode Num: 248 Episode T: 207 Reward: 190.049 Cost: 5.000
arrive destination: False ,out of road:True   Total T: 60443 Episode Num: 249 Episode T: 301 Reward: 352.288 Cost: 1.000
arrive destination: True ,out of road:False   Total T: 60720 Episode Num: 250 Episode T: 277 Reward: 289.883 Cost: 32.000
arrive destination: False ,out of road:True   Total T: 60828 Episode Num: 251 Episode T: 108 Reward: 92.856 Cost: 4.000
arrive destination: True ,out of road:False   Total T: 61176 Episode Num: 252 Episode T: 348 Reward: 336.273 Cost: 24.000
arrive destination: True ,out of road:False   Total T: 61603 Episode Num: 253 Episode T: 427 Reward: 376.042 Cost: 89.000
arrive destination: True ,out of road:False   Total T: 61965 Episode Num: 254 Episode T: 362 Reward: 356.920 Cost: 63.000
arrive destination: True ,out of road:False   Total T: 62488 Episode Num: 255 Episode T: 523 Reward: 397.199 Cost: 71.000
arrive destination: True ,out of road:False   Total T: 62792 Episode Num: 256 Episode T: 304 Reward: 295.624 Cost: 22.000
arrive destination: True ,out of road:False   Total T: 63217 Episode Num: 257 Episode T: 425 Reward: 368.778 Cost: 45.000
arrive destination: True ,out of road:False   Total T: 63394 Episode Num: 258 Episode T: 177 Reward: 269.059 Cost: 0.000
arrive destination: False ,out of road:False   Total T: 64394 Episode Num: 259 Episode T: 1000 Reward: 231.386 Cost: 23.000
arrive destination: True ,out of road:False   Total T: 64744 Episode Num: 260 Episode T: 350 Reward: 335.221 Cost: 41.000
arrive destination: True ,out of road:False   Total T: 65210 Episode Num: 261 Episode T: 466 Reward: 403.077 Cost: 47.000
arrive destination: False ,out of road:True   Total T: 65417 Episode Num: 262 Episode T: 207 Reward: 189.019 Cost: 29.000
arrive destination: True ,out of road:False   Total T: 65875 Episode Num: 263 Episode T: 458 Reward: 406.343 Cost: 80.000
arrive destination: True ,out of road:False   Total T: 66271 Episode Num: 264 Episode T: 396 Reward: 362.043 Cost: 33.000
arrive destination: False ,out of road:True   Total T: 66368 Episode Num: 265 Episode T: 97 Reward: 80.536 Cost: 5.000
arrive destination: True ,out of road:False   Total T: 66629 Episode Num: 266 Episode T: 261 Reward: 272.369 Cost: 3.000
arrive destination: False ,out of road:True   Total T: 66827 Episode Num: 267 Episode T: 198 Reward: 200.625 Cost: 7.000
arrive destination: False ,out of road:True   Total T: 67003 Episode Num: 268 Episode T: 176 Reward: 169.615 Cost: 3.000
arrive destination: True ,out of road:False   Total T: 67260 Episode Num: 269 Episode T: 257 Reward: 270.180 Cost: 20.000
arrive destination: True ,out of road:False   Total T: 67608 Episode Num: 270 Episode T: 348 Reward: 336.316 Cost: 39.000
arrive destination: False ,out of road:True   Total T: 67720 Episode Num: 271 Episode T: 112 Reward: 81.915 Cost: 11.000
arrive destination: False ,out of road:True   Total T: 67969 Episode Num: 272 Episode T: 249 Reward: 205.415 Cost: 24.000
arrive destination: True ,out of road:False   Total T: 68279 Episode Num: 273 Episode T: 310 Reward: 270.842 Cost: 34.000
arrive destination: True ,out of road:False   Total T: 68760 Episode Num: 274 Episode T: 481 Reward: 405.830 Cost: 91.000
arrive destination: True ,out of road:False   Total T: 69188 Episode Num: 275 Episode T: 428 Reward: 367.244 Cost: 39.000
arrive destination: True ,out of road:False   Total T: 69466 Episode Num: 276 Episode T: 278 Reward: 295.944 Cost: 19.000
arrive destination: False ,out of road:True   Total T: 69567 Episode Num: 277 Episode T: 101 Reward: 77.694 Cost: 5.000
arrive destination: False ,out of road:True   Total T: 69827 Episode Num: 278 Episode T: 260 Reward: 216.657 Cost: 29.000
---------------------------------------
Evaluation over 20 episodes: 0.500 Cost 32.900.             SafeRL used : use_td3
---------------------------------------
[34;1m
Time: 2026-06-29 13:39:28, Time spent from previous logger: 131.308 s[0m
[34;1mCustomLogger with fileds: ['total_steps', 'EpRet', 'EpCost', 'CostRate'][0m
[34;1mfieldvalues: [70000, 0.5, 32.9, 0.06661523736053372]
[0m
arrive destination: False ,out of road:True   Total T: 70219 Episode Num: 279 Episode T: 392 Reward: 365.687 Cost: 32.000
arrive destination: False ,out of road:True   Total T: 70363 Episode Num: 280 Episode T: 144 Reward: 156.722 Cost: 7.000
arrive destination: False ,out of road:True   Total T: 70758 Episode Num: 281 Episode T: 395 Reward: 282.632 Cost: 55.000
arrive destination: True ,out of road:False   Total T: 71061 Episode Num: 282 Episode T: 303 Reward: 295.221 Cost: 33.000
arrive destination: False ,out of road:True   Total T: 71270 Episode Num: 283 Episode T: 209 Reward: 221.598 Cost: 11.000
arrive destination: True ,out of road:False   Total T: 71566 Episode Num: 284 Episode T: 296 Reward: 294.745 Cost: 14.000
arrive destination: False ,out of road:True   Total T: 71698 Episode Num: 285 Episode T: 132 Reward: 134.077 Cost: 6.000
arrive destination: True ,out of road:False   Total T: 71889 Episode Num: 286 Episode T: 191 Reward: 269.673 Cost: 0.000
arrive destination: True ,out of road:False   Total T: 72147 Episode Num: 287 Episode T: 258 Reward: 233.601 Cost: 38.000
arrive destination: True ,out of road:False   Total T: 72513 Episode Num: 288 Episode T: 366 Reward: 358.456 Cost: 57.000
arrive destination: True ,out of road:False   Total T: 72925 Episode Num: 289 Episode T: 412 Reward: 369.899 Cost: 46.000
arrive destination: True ,out of road:False   Total T: 73352 Episode Num: 290 Episode T: 427 Reward: 397.794 Cost: 56.000
arrive destination: False ,out of road:True   Total T: 73650 Episode Num: 291 Episode T: 298 Reward: 330.018 Cost: 8.000
arrive destination: True ,out of road:False   Total T: 73954 Episode Num: 292 Episode T: 304 Reward: 269.402 Cost: 38.000
arrive destination: True ,out of road:False   Total T: 74389 Episode Num: 293 Episode T: 435 Reward: 396.582 Cost: 57.000
arrive destination: False ,out of road:True   Total T: 74595 Episode Num: 294 Episode T: 206 Reward: 197.917 Cost: 1.000
arrive destination: True ,out of road:False   Total T: 74860 Episode Num: 295 Episode T: 265 Reward: 288.511 Cost: 10.000
arrive destination: True ,out of road:False   Total T: 75401 Episode Num: 296 Episode T: 541 Reward: 407.306 Cost: 81.000
arrive destination: True ,out of road:False   Total T: 75737 Episode Num: 297 Episode T: 336 Reward: 399.602 Cost: 5.000
arrive destination: True ,out of road:False   Total T: 76228 Episode Num: 298 Episode T: 491 Reward: 392.188 Cost: 67.000
arrive destination: True ,out of road:False   Total T: 76621 Episode Num: 299 Episode T: 393 Reward: 379.094 Cost: 61.000
arrive destination: True ,out of road:False   Total T: 76884 Episode Num: 300 Episode T: 263 Reward: 289.515 Cost: 31.000
arrive destination: True ,out of road:False   Total T: 77070 Episode Num: 301 Episode T: 186 Reward: 270.137 Cost: 0.000
arrive destination: False ,out of road:True   Total T: 77312 Episode Num: 302 Episode T: 242 Reward: 243.451 Cost: 45.000
arrive destination: False ,out of road:True   Total T: 77556 Episode Num: 303 Episode T: 244 Reward: 250.128 Cost: 13.000
arrive destination: True ,out of road:False   Total T: 77906 Episode Num: 304 Episode T: 350 Reward: 398.121 Cost: 17.000
arrive destination: False ,out of road:True   Total T: 78217 Episode Num: 305 Episode T: 311 Reward: 200.724 Cost: 55.000
arrive destination: True ,out of road:False   Total T: 78403 Episode Num: 306 Episode T: 186 Reward: 268.886 Cost: 0.000
arrive destination: True ,out of road:False   Total T: 78745 Episode Num: 307 Episode T: 342 Reward: 336.082 Cost: 37.000
arrive destination: True ,out of road:False   Total T: 79221 Episode Num: 308 Episode T: 476 Reward: 407.155 Cost: 83.000
---------------------------------------
Evaluation over 20 episodes: 0.400 Cost 26.600.             SafeRL used : use_td3
---------------------------------------
[34;1m
Time: 2026-06-29 13:41:44, Time spent from previous logger: 136.751 s[0m
[34;1mCustomLogger with fileds: ['total_steps', 'EpRet', 'EpCost', 'CostRate'][0m
[34;1mfieldvalues: [80000, 0.4, 26.6, 0.07038837985474819]
[0m
arrive destination: False ,out of road:False   Total T: 80221 Episode Num: 309 Episode T: 1000 Reward: 248.030 Cost: 23.000
arrive destination: True ,out of road:False   Total T: 80522 Episode Num: 310 Episode T: 301 Reward: 268.473 Cost: 45.000
arrive destination: True ,out of road:False   Total T: 80717 Episode Num: 311 Episode T: 195 Reward: 269.466 Cost: 1.000
arrive destination: True ,out of road:True   Total T: 81350 Episode Num: 312 Episode T: 633 Reward: 515.164 Cost: 81.000
arrive destination: True ,out of road:False   Total T: 81604 Episode Num: 313 Episode T: 254 Reward: 276.176 Cost: 6.000
arrive destination: True ,out of road:False   Total T: 81950 Episode Num: 314 Episode T: 346 Reward: 336.015 Cost: 36.000
arrive destination: False ,out of road:True   Total T: 82272 Episode Num: 315 Episode T: 322 Reward: 313.160 Cost: 68.000
arrive destination: True ,out of road:False   Total T: 82686 Episode Num: 316 Episode T: 414 Reward: 368.193 Cost: 50.000
arrive destination: True ,out of road:False   Total T: 82864 Episode Num: 317 Episode T: 178 Reward: 269.929 Cost: 0.000
arrive destination: True ,out of road:False   Total T: 83049 Episode Num: 318 Episode T: 185 Reward: 269.679 Cost: 0.000
arrive destination: False ,out of road:True   Total T: 83145 Episode Num: 319 Episode T: 96 Reward: 77.053 Cost: 2.000
arrive destination: False ,out of road:False   Total T: 84145 Episode Num: 320 Episode T: 1000 Reward: 85.561 Cost: 9.000
arrive destination: True ,out of road:False   Total T: 84426 Episode Num: 321 Episode T: 281 Reward: 273.417 Cost: 9.000
arrive destination: True ,out of road:False   Total T: 84862 Episode Num: 322 Episode T: 436 Reward: 463.888 Cost: 29.000
arrive destination: False ,out of road:True   Total T: 85146 Episode Num: 323 Episode T: 284 Reward: 220.530 Cost: 43.000
arrive destination: True ,out of road:False   Total T: 85457 Episode Num: 324 Episode T: 311 Reward: 266.428 Cost: 31.000
arrive destination: True ,out of road:False   Total T: 85722 Episode Num: 325 Episode T: 265 Reward: 262.549 Cost: 0.000
arrive destination: False ,out of road:True   Total T: 86332 Episode Num: 326 Episode T: 610 Reward: 178.030 Cost: 34.000
arrive destination: False ,out of road:True   Total T: 86450 Episode Num: 327 Episode T: 118 Reward: 112.412 Cost: 12.000
arrive destination: True ,out of road:False   Total T: 86774 Episode Num: 328 Episode T: 324 Reward: 270.208 Cost: 58.000
arrive destination: True ,out of road:False   Total T: 87170 Episode Num: 329 Episode T: 396 Reward: 263.332 Cost: 22.000
arrive destination: False ,out of road:True   Total T: 87315 Episode Num: 330 Episode T: 145 Reward: 116.583 Cost: 19.000
arrive destination: True ,out of road:False   Total T: 87772 Episode Num: 331 Episode T: 457 Reward: 463.890 Cost: 42.000
arrive destination: False ,out of road:True   Total T: 88050 Episode Num: 332 Episode T: 278 Reward: 188.390 Cost: 4.000
arrive destination: True ,out of road:False   Total T: 88321 Episode Num: 333 Episode T: 271 Reward: 264.799 Cost: 0.000
arrive destination: True ,out of road:False   Total T: 88719 Episode Num: 334 Episode T: 398 Reward: 364.772 Cost: 37.000
arrive destination: False ,out of road:True   Total T: 88854 Episode Num: 335 Episode T: 135 Reward: 132.137 Cost: 1.000
arrive destination: False ,out of road:True   Total T: 89243 Episode Num: 336 Episode T: 389 Reward: 264.318 Cost: 64.000
---------------------------------------
Evaluation over 20 episodes: 0.500 Cost 28.450.             SafeRL used : use_td3
---------------------------------------
[34;1m
Time: 2026-06-29 13:44:04, Time spent from previous logger: 139.314 s[0m
[34;1mCustomLogger with fileds: ['total_steps', 'EpRet', 'EpCost', 'CostRate'][0m
[34;1mfieldvalues: [90000, 0.5, 28.45, 0.07076745297169969]
[0m
arrive destination: False ,out of road:False   Total T: 90243 Episode Num: 337 Episode T: 1000 Reward: 427.752 Cost: 57.000
arrive destination: False ,out of road:True   Total T: 90538 Episode Num: 338 Episode T: 295 Reward: 242.744 Cost: 42.000
arrive destination: True ,out of road:False   Total T: 91123 Episode Num: 339 Episode T: 585 Reward: 495.480 Cost: 61.000
arrive destination: True ,out of road:False   Total T: 91617 Episode Num: 340 Episode T: 494 Reward: 398.449 Cost: 29.000
arrive destination: False ,out of road:True   Total T: 91801 Episode Num: 341 Episode T: 184 Reward: 201.603 Cost: 14.000
arrive destination: False ,out of road:False   Total T: 92801 Episode Num: 342 Episode T: 1000 Reward: 219.815 Cost: 36.000
arrive destination: False ,out of road:True   Total T: 92896 Episode Num: 343 Episode T: 95 Reward: 79.107 Cost: 5.000
arrive destination: True ,out of road:False   Total T: 93260 Episode Num: 344 Episode T: 364 Reward: 294.793 Cost: 14.000
arrive destination: False ,out of road:True   Total T: 93468 Episode Num: 345 Episode T: 208 Reward: 213.691 Cost: 12.000
arrive destination: False ,out of road:True   Total T: 93572 Episode Num: 346 Episode T: 104 Reward: 82.107 Cost: 2.000
arrive destination: True ,out of road:False   Total T: 93818 Episode Num: 347 Episode T: 246 Reward: 233.069 Cost: 34.000
arrive destination: True ,out of road:False   Total T: 94289 Episode Num: 348 Episode T: 471 Reward: 467.343 Cost: 15.000
arrive destination: False ,out of road:True   Total T: 94531 Episode Num: 349 Episode T: 242 Reward: 198.602 Cost: 11.000
arrive destination: True ,out of road:False   Total T: 95025 Episode Num: 350 Episode T: 494 Reward: 470.407 Cost: 24.000
arrive destination: True ,out of road:False   Total T: 95302 Episode Num: 351 Episode T: 277 Reward: 295.397 Cost: 14.000
arrive destination: True ,out of road:False   Total T: 95705 Episode Num: 352 Episode T: 403 Reward: 403.667 Cost: 13.000
arrive destination: True ,out of road:False   Total T: 96196 Episode Num: 353 Episode T: 491 Reward: 498.772 Cost: 78.000
arrive destination: True ,out of road:False   Total T: 96491 Episode Num: 354 Episode T: 295 Reward: 295.296 Cost: 11.000
arrive destination: True ,out of road:False   Total T: 96753 Episode Num: 355 Episode T: 262 Reward: 295.746 Cost: 20.000
arrive destination: False ,out of road:False   Total T: 97753 Episode Num: 356 Episode T: 1000 Reward: 255.606 Cost: 27.000
arrive destination: True ,out of road:False   Total T: 98120 Episode Num: 357 Episode T: 367 Reward: 355.669 Cost: 61.000
arrive destination: True ,out of road:False   Total T: 98637 Episode Num: 358 Episode T: 517 Reward: 412.153 Cost: 96.000
arrive destination: True ,out of road:False   Total T: 99199 Episode Num: 359 Episode T: 562 Reward: 403.077 Cost: 92.000
arrive destination: True ,out of road:False   Total T: 99622 Episode Num: 360 Episode T: 423 Reward: 377.366 Cost: 64.000
---------------------------------------
Evaluation over 20 episodes: 0.800 Cost 26.050.             SafeRL used : use_td3
---------------------------------------
[34;1m
Time: 2026-06-29 13:46:21, Time spent from previous logger: 137.482 s[0m
[34;1mCustomLogger with fileds: ['total_steps', 'EpRet', 'EpCost', 'CostRate'][0m
[34;1mfieldvalues: [100000, 0.8, 26.05, 0.07237072370723707]
[0m
arrive destination: True ,out of road:False   Total T: 100266 Episode Num: 361 Episode T: 644 Reward: 522.591 Cost: 52.000
arrive destination: True ,out of road:False   Total T: 100586 Episode Num: 362 Episode T: 320 Reward: 269.103 Cost: 55.000
arrive destination: True ,out of road:False   Total T: 101163 Episode Num: 363 Episode T: 577 Reward: 376.325 Cost: 53.000
arrive destination: True ,out of road:False   Total T: 101410 Episode Num: 364 Episode T: 247 Reward: 262.689 Cost: 1.000
arrive destination: True ,out of road:False   Total T: 101857 Episode Num: 365 Episode T: 447 Reward: 421.221 Cost: 64.000
arrive destination: True ,out of road:False   Total T: 102382 Episode Num: 366 Episode T: 525 Reward: 396.342 Cost: 45.000
arrive destination: True ,out of road:False   Total T: 102643 Episode Num: 367 Episode T: 261 Reward: 264.657 Cost: 0.000
arrive destination: True ,out of road:False   Total T: 103211 Episode Num: 368 Episode T: 568 Reward: 445.168 Cost: 63.000
arrive destination: True ,out of road:False   Total T: 103723 Episode Num: 369 Episode T: 512 Reward: 505.659 Cost: 60.000
arrive destination: True ,out of road:False   Total T: 103989 Episode Num: 370 Episode T: 266 Reward: 267.826 Cost: 5.000
arrive destination: True ,out of road:False   Total T: 104166 Episode Num: 371 Episode T: 177 Reward: 269.272 Cost: 0.000
arrive destination: True ,out of road:False   Total T: 104630 Episode Num: 372 Episode T: 464 Reward: 394.865 Cost: 73.000
arrive destination: False ,out of road:False   Total T: 105630 Episode Num: 373 Episode T: 1000 Reward: 257.280 Cost: 9.000
arrive destination: False ,out of road:False   Total T: 106630 Episode Num: 374 Episode T: 1000 Reward: 239.383 Cost: 14.000
arrive destination: True ,out of road:False   Total T: 106877 Episode Num: 375 Episode T: 247 Reward: 274.664 Cost: 5.000
arrive destination: True ,out of road:False   Total T: 107161 Episode Num: 376 Episode T: 284 Reward: 275.319 Cost: 40.000
arrive destination: False ,out of road:False   Total T: 108161 Episode Num: 377 Episode T: 1000 Reward: 480.294 Cost: 81.000
arrive destination: True ,out of road:False   Total T: 108654 Episode Num: 378 Episode T: 493 Reward: 505.437 Cost: 79.000
arrive destination: False ,out of road:True   Total T: 108951 Episode Num: 379 Episode T: 297 Reward: 308.447 Cost: 4.000
arrive destination: True ,out of road:False   Total T: 109139 Episode Num: 380 Episode T: 188 Reward: 269.897 Cost: 0.000
arrive destination: True ,out of road:False   Total T: 109574 Episode Num: 381 Episode T: 435 Reward: 377.950 Cost: 49.000
---------------------------------------
Evaluation over 20 episodes: 0.500 Cost 22.550.             SafeRL used : use_td3
---------------------------------------
[34;1m
Time: 2026-06-29 13:48:37, Time spent from previous logger: 135.304 s[0m
[34;1mCustomLogger with fileds: ['total_steps', 'EpRet', 'EpCost', 'CostRate'][0m
[34;1mfieldvalues: [110000, 0.5, 22.55, 0.07255520504731862]
[0m
arrive destination: True ,out of road:False   Total T: 110303 Episode Num: 382 Episode T: 729 Reward: 746.980 Cost: 62.000
arrive destination: True ,out of road:False   Total T: 110651 Episode Num: 383 Episode T: 348 Reward: 393.439 Cost: 1.000
arrive destination: False ,out of road:True   Total T: 111054 Episode Num: 384 Episode T: 403 Reward: 235.419 Cost: 12.000
arrive destination: True ,out of road:False   Total T: 111525 Episode Num: 385 Episode T: 471 Reward: 406.855 Cost: 73.000
arrive destination: True ,out of road:False   Total T: 111961 Episode Num: 386 Episode T: 436 Reward: 401.805 Cost: 71.000
arrive destination: True ,out of road:False   Total T: 112485 Episode Num: 387 Episode T: 524 Reward: 401.897 Cost: 67.000
arrive destination: False ,out of road:False   Total T: 113485 Episode Num: 388 Episode T: 1000 Reward: 226.221 Cost: 60.000
arrive destination: False ,out of road:True   Total T: 113689 Episode Num: 389 Episode T: 204 Reward: 231.669 Cost: 5.000
arrive destination: True ,out of road:True   Total T: 113931 Episode Num: 390 Episode T: 242 Reward: 375.733 Cost: 10.000
arrive destination: False ,out of road:False   Total T: 114931 Episode Num: 391 Episode T: 1000 Reward: 76.113 Cost: 4.000
arrive destination: True ,out of road:False   Total T: 115450 Episode Num: 392 Episode T: 519 Reward: 491.654 Cost: 63.000
arrive destination: True ,out of road:False   Total T: 115943 Episode Num: 393 Episode T: 493 Reward: 494.817 Cost: 63.000
arrive destination: False ,out of road:True   Total T: 116092 Episode Num: 394 Episode T: 149 Reward: 166.894 Cost: 1.000
arrive destination: True ,out of road:False   Total T: 116286 Episode Num: 395 Episode T: 194 Reward: 270.082 Cost: 1.000
arrive destination: True ,out of road:False   Total T: 116557 Episode Num: 396 Episode T: 271 Reward: 272.026 Cost: 9.000
arrive destination: False ,out of road:True   Total T: 116854 Episode Num: 397 Episode T: 297 Reward: 164.070 Cost: 5.000
arrive destination: False ,out of road:False   Total T: 117854 Episode Num: 398 Episode T: 1000 Reward: 481.332 Cost: 75.000
arrive destination: True ,out of road:False   Total T: 118327 Episode Num: 399 Episode T: 473 Reward: 403.893 Cost: 84.000
arrive destination: True ,out of road:False   Total T: 118865 Episode Num: 400 Episode T: 538 Reward: 494.019 Cost: 62.000
arrive destination: True ,out of road:False   Total T: 119335 Episode Num: 401 Episode T: 470 Reward: 403.598 Cost: 73.000
arrive destination: False ,out of road:True   Total T: 119468 Episode Num: 402 Episode T: 133 Reward: 131.845 Cost: 2.000
arrive destination: True ,out of road:False   Total T: 119714 Episode Num: 403 Episode T: 246 Reward: 234.927 Cost: 41.000
arrive destination: True ,out of road:False   Total T: 119979 Episode Num: 404 Episode T: 265 Reward: 264.314 Cost: 0.000
---------------------------------------
Evaluation over 20 episodes: 0.550 Cost 28.600.             SafeRL used : use_td3
---------------------------------------
[34;1m
Time: 2026-06-29 13:50:52, Time spent from previous logger: 135.218 s[0m
[34;1mCustomLogger with fileds: ['total_steps', 'EpRet', 'EpCost', 'CostRate'][0m
[34;1mfieldvalues: [120000, 0.55, 28.6, 0.07317560979674831]
[0m
arrive destination: False ,out of road:True   Total T: 120280 Episode Num: 405 Episode T: 301 Reward: 173.461 Cost: 33.000
arrive destination: True ,out of road:False   Total T: 120524 Episode Num: 406 Episode T: 244 Reward: 232.528 Cost: 53.000
arrive destination: False ,out of road:False   Total T: 121524 Episode Num: 407 Episode T: 1000 Reward: 76.623 Cost: 5.000
arrive destination: True ,out of road:False   Total T: 121770 Episode Num: 408 Episode T: 246 Reward: 235.911 Cost: 35.000
arrive destination: True ,out of road:False   Total T: 122058 Episode Num: 409 Episode T: 288 Reward: 295.608 Cost: 9.000
arrive destination: True ,out of road:False   Total T: 122561 Episode Num: 410 Episode T: 503 Reward: 378.858 Cost: 47.000
arrive destination: True ,out of road:False   Total T: 122992 Episode Num: 411 Episode T: 431 Reward: 398.485 Cost: 63.000
arrive destination: False ,out of road:True   Total T: 123139 Episode Num: 412 Episode T: 147 Reward: 118.046 Cost: 5.000
arrive destination: True ,out of road:False   Total T: 123429 Episode Num: 413 Episode T: 290 Reward: 294.550 Cost: 46.000
arrive destination: True ,out of road:False   Total T: 123867 Episode Num: 414 Episode T: 438 Reward: 402.962 Cost: 40.000
arrive destination: True ,out of road:False   Total T: 124129 Episode Num: 415 Episode T: 262 Reward: 295.941 Cost: 32.000
arrive destination: False ,out of road:True   Total T: 124254 Episode Num: 416 Episode T: 125 Reward: 124.736 Cost: 2.000
arrive destination: False ,out of road:True   Total T: 124385 Episode Num: 417 Episode T: 131 Reward: 134.789 Cost: 1.000
arrive destination: False ,out of road:True   Total T: 124521 Episode Num: 418 Episode T: 136 Reward: 93.463 Cost: 9.000
arrive destination: True ,out of road:False   Total T: 125164 Episode Num: 419 Episode T: 643 Reward: 493.331 Cost: 99.000
arrive destination: True ,out of road:False   Total T: 125456 Episode Num: 420 Episode T: 292 Reward: 352.426 Cost: 26.000
arrive destination: True ,out of road:False   Total T: 125738 Episode Num: 421 Episode T: 282 Reward: 270.408 Cost: 12.000
arrive destination: True ,out of road:False   Total T: 125921 Episode Num: 422 Episode T: 183 Reward: 269.805 Cost: 0.000
arrive destination: False ,out of road:True   Total T: 126056 Episode Num: 423 Episode T: 135 Reward: 126.753 Cost: 5.000
arrive destination: False ,out of road:True   Total T: 126175 Episode Num: 424 Episode T: 119 Reward: 112.404 Cost: 11.000
arrive destination: True ,out of road:False   Total T: 126486 Episode Num: 425 Episode T: 311 Reward: 266.258 Cost: 50.000
arrive destination: True ,out of road:False   Total T: 126944 Episode Num: 426 Episode T: 458 Reward: 394.804 Cost: 79.000
arrive destination: True ,out of road:False   Total T: 127936 Episode Num: 427 Episode T: 992 Reward: 400.915 Cost: 49.000
arrive destination: True ,out of road:False   Total T: 128368 Episode Num: 428 Episode T: 432 Reward: 403.682 Cost: 47.000
arrive destination: True ,out of road:False   Total T: 128711 Episode Num: 429 Episode T: 343 Reward: 396.102 Cost: 0.000
arrive destination: True ,out of road:False   Total T: 129120 Episode Num: 430 Episode T: 409 Reward: 378.138 Cost: 60.000
arrive destination: True ,out of road:False   Total T: 129625 Episode Num: 431 Episode T: 505 Reward: 419.040 Cost: 60.000
arrive destination: True ,out of road:False   Total T: 129959 Episode Num: 432 Episode T: 334 Reward: 266.466 Cost: 2.000
---------------------------------------
Evaluation over 20 episodes: 0.900 Cost 46.850.             SafeRL used : use_td3
---------------------------------------
[34;1m
Time: 2026-06-29 13:53:15, Time spent from previous logger: 142.768 s[0m
[34;1mCustomLogger with fileds: ['total_steps', 'EpRet', 'EpCost', 'CostRate'][0m
[34;1mfieldvalues: [130000, 0.9, 46.85, 0.07431595627658674]
[0m
arrive destination: True ,out of road:False   Total T: 130317 Episode Num: 433 Episode T: 358 Reward: 300.419 Cost: 46.000
arrive destination: True ,out of road:False   Total T: 130823 Episode Num: 434 Episode T: 506 Reward: 376.226 Cost: 58.000
arrive destination: True ,out of road:False   Total T: 131146 Episode Num: 435 Episode T: 323 Reward: 266.973 Cost: 26.000
arrive destination: False ,out of road:True   Total T: 131296 Episode Num: 436 Episode T: 150 Reward: 161.118 Cost: 2.000
arrive destination: True ,out of road:False   Total T: 131555 Episode Num: 437 Episode T: 259 Reward: 294.718 Cost: 28.000
arrive destination: True ,out of road:False   Total T: 131901 Episode Num: 438 Episode T: 346 Reward: 397.797 Cost: 0.000
arrive destination: True ,out of road:False   Total T: 132373 Episode Num: 439 Episode T: 472 Reward: 465.786 Cost: 36.000
arrive destination: True ,out of road:False   Total T: 132658 Episode Num: 440 Episode T: 285 Reward: 284.700 Cost: 8.000
arrive destination: True ,out of road:False   Total T: 132909 Episode Num: 441 Episode T: 251 Reward: 263.644 Cost: 0.000
arrive destination: True ,out of road:False   Total T: 133182 Episode Num: 442 Episode T: 273 Reward: 266.481 Cost: 0.000
arrive destination: True ,out of road:False   Total T: 133562 Episode Num: 443 Episode T: 380 Reward: 364.349 Cost: 53.000
arrive destination: True ,out of road:False   Total T: 133916 Episode Num: 444 Episode T: 354 Reward: 396.191 Cost: 5.000
arrive destination: False ,out of road:True   Total T: 134013 Episode Num: 445 Episode T: 97 Reward: 76.027 Cost: 3.000
arrive destination: True ,out of road:False   Total T: 134537 Episode Num: 446 Episode T: 524 Reward: 541.277 Cost: 88.000
arrive destination: True ,out of road:False   Total T: 134792 Episode Num: 447 Episode T: 255 Reward: 262.500 Cost: 0.000
arrive destination: True ,out of road:False   Total T: 135249 Episode Num: 448 Episode T: 457 Reward: 415.829 Cost: 67.000
arrive destination: True ,out of road:False   Total T: 135732 Episode Num: 449 Episode T: 483 Reward: 398.225 Cost: 40.000
arrive destination: True ,out of road:False   Total T: 136100 Episode Num: 450 Episode T: 368 Reward: 428.593 Cost: 60.000
arrive destination: True ,out of road:False   Total T: 136347 Episode Num: 451 Episode T: 247 Reward: 233.259 Cost: 40.000
arrive destination: True ,out of road:False   Total T: 136688 Episode Num: 452 Episode T: 341 Reward: 395.685 Cost: 0.000
arrive destination: True ,out of road:False   Total T: 136865 Episode Num: 453 Episode T: 177 Reward: 269.455 Cost: 0.000
arrive destination: True ,out of road:False   Total T: 137345 Episode Num: 454 Episode T: 480 Reward: 407.789 Cost: 31.000
arrive destination: True ,out of road:False   Total T: 137598 Episode Num: 455 Episode T: 253 Reward: 305.723 Cost: 28.000
arrive destination: True ,out of road:False   Total T: 137893 Episode Num: 456 Episode T: 295 Reward: 294.196 Cost: 14.000
arrive destination: True ,out of road:False   Total T: 138423 Episode Num: 457 Episode T: 530 Reward: 416.773 Cost: 89.000
arrive destination: True ,out of road:False   Total T: 138728 Episode Num: 458 Episode T: 305 Reward: 266.549 Cost: 40.000
arrive destination: True ,out of road:False   Total T: 139057 Episode Num: 459 Episode T: 329 Reward: 286.691 Cost: 30.000
arrive destination: False ,out of road:True   Total T: 139315 Episode Num: 460 Episode T: 258 Reward: 220.182 Cost: 13.000
arrive destination: False ,out of road:True   Total T: 139807 Episode Num: 461 Episode T: 492 Reward: 444.732 Cost: 74.000
---------------------------------------
Evaluation over 20 episodes: 0.850 Cost 28.300.             SafeRL used : use_td3
---------------------------------------
[34;1m
Time: 2026-06-29 13:55:31, Time spent from previous logger: 136.588 s[0m
[34;1mCustomLogger with fileds: ['total_steps', 'EpRet', 'EpCost', 'CostRate'][0m
[34;1mfieldvalues: [140000, 0.85, 28.3, 0.07528625204465746]
[0m
arrive destination: True ,out of road:False   Total T: 140546 Episode Num: 462 Episode T: 739 Reward: 668.691 Cost: 93.000
arrive destination: True ,out of road:False   Total T: 140987 Episode Num: 463 Episode T: 441 Reward: 465.255 Cost: 45.000
arrive destination: False ,out of road:False   Total T: 141987 Episode Num: 464 Episode T: 1000 Reward: 335.358 Cost: 33.000
arrive destination: False ,out of road:False   Total T: 142987 Episode Num: 465 Episode T: 1000 Reward: 196.106 Cost: 38.000
arrive destination: False ,out of road:True   Total T: 143174 Episode Num: 466 Episode T: 187 Reward: 181.357 Cost: 1.000
arrive destination: True ,out of road:False   Total T: 143355 Episode Num: 467 Episode T: 181 Reward: 270.041 Cost: 0.000
arrive destination: True ,out of road:False   Total T: 143845 Episode Num: 468 Episode T: 490 Reward: 412.831 Cost: 62.000
arrive destination: True ,out of road:False   Total T: 144367 Episode Num: 469 Episode T: 522 Reward: 419.275 Cost: 36.000
arrive destination: True ,out of road:False   Total T: 145021 Episode Num: 470 Episode T: 654 Reward: 501.173 Cost: 103.000
arrive destination: False ,out of road:True   Total T: 145124 Episode Num: 471 Episode T: 103 Reward: 79.330 Cost: 2.000
arrive destination: True ,out of road:False   Total T: 145434 Episode Num: 472 Episode T: 310 Reward: 266.172 Cost: 62.000
arrive destination: True ,out of road:False   Total T: 145631 Episode Num: 473 Episode T: 197 Reward: 234.312 Cost: 8.000
arrive destination: True ,out of road:False   Total T: 145813 Episode Num: 474 Episode T: 182 Reward: 269.444 Cost: 0.000
arrive destination: False ,out of road:True   Total T: 146018 Episode Num: 475 Episode T: 205 Reward: 188.803 Cost: 24.000
arrive destination: False ,out of road:True   Total T: 146347 Episode Num: 476 Episode T: 329 Reward: 353.475 Cost: 9.000
arrive destination: False ,out of road:False   Total T: 147347 Episode Num: 477 Episode T: 1000 Reward: 379.336 Cost: 25.000
arrive destination: True ,out of road:False   Total T: 147761 Episode Num: 478 Episode T: 414 Reward: 379.107 Cost: 27.000
arrive destination: True ,out of road:False   Total T: 148339 Episode Num: 479 Episode T: 578 Reward: 368.157 Cost: 70.000
arrive destination: True ,out of road:False   Total T: 148737 Episode Num: 480 Episode T: 398 Reward: 366.458 Cost: 57.000
arrive destination: True ,out of road:False   Total T: 149203 Episode Num: 481 Episode T: 466 Reward: 464.876 Cost: 83.000
arrive destination: False ,out of road:True   Total T: 149471 Episode Num: 482 Episode T: 268 Reward: 278.627 Cost: 9.000
arrive destination: False ,out of road:True   Total T: 149574 Episode Num: 483 Episode T: 103 Reward: 82.075 Cost: 3.000
arrive destination: False ,out of road:True   Total T: 149719 Episode Num: 484 Episode T: 145 Reward: 164.905 Cost: 1.000
---------------------------------------
Evaluation over 20 episodes: 0.650 Cost 30.450.             SafeRL used : use_td3
---------------------------------------
[34;1m
Time: 2026-06-29 13:57:49, Time spent from previous logger: 138.212 s[0m
[34;1mCustomLogger with fileds: ['total_steps', 'EpRet', 'EpCost', 'CostRate'][0m
[34;1mfieldvalues: [150000, 0.65, 30.45, 0.07573383822558817]
[0m
arrive destination: False ,out of road:True   Total T: 150133 Episode Num: 485 Episode T: 414 Reward: 446.280 Cost: 34.000
arrive destination: True ,out of road:False   Total T: 150420 Episode Num: 486 Episode T: 287 Reward: 353.409 Cost: 33.000
arrive destination: True ,out of road:False   Total T: 151167 Episode Num: 487 Episode T: 747 Reward: 467.806 Cost: 33.000
arrive destination: True ,out of road:False   Total T: 151598 Episode Num: 488 Episode T: 431 Reward: 402.331 Cost: 58.000
arrive destination: True ,out of road:False   Total T: 152011 Episode Num: 489 Episode T: 413 Reward: 397.825 Cost: 63.000
arrive destination: True ,out of road:False   Total T: 152428 Episode Num: 490 Episode T: 417 Reward: 409.854 Cost: 36.000
arrive destination: True ,out of road:False   Total T: 152836 Episode Num: 491 Episode T: 408 Reward: 464.070 Cost: 38.000
arrive destination: True ,out of road:False   Total T: 153022 Episode Num: 492 Episode T: 186 Reward: 268.507 Cost: 2.000
arrive destination: True ,out of road:False   Total T: 153350 Episode Num: 493 Episode T: 328 Reward: 294.552 Cost: 13.000
arrive destination: False ,out of road:True   Total T: 153445 Episode Num: 494 Episode T: 95 Reward: 74.261 Cost: 5.000
arrive destination: True ,out of road:False   Total T: 153903 Episode Num: 495 Episode T: 458 Reward: 463.525 Cost: 51.000
arrive destination: True ,out of road:False   Total T: 154122 Episode Num: 496 Episode T: 219 Reward: 233.385 Cost: 15.000
arrive destination: False ,out of road:False   Total T: 155122 Episode Num: 497 Episode T: 1000 Reward: 70.178 Cost: 5.000
arrive destination: True ,out of road:False   Total T: 155380 Episode Num: 498 Episode T: 258 Reward: 275.717 Cost: 1.000
arrive destination: True ,out of road:False   Total T: 155607 Episode Num: 499 Episode T: 227 Reward: 234.450 Cost: 27.000
arrive destination: True ,out of road:False   Total T: 155859 Episode Num: 500 Episode T: 252 Reward: 295.493 Cost: 26.000
arrive destination: True ,out of road:False   Total T: 156119 Episode Num: 501 Episode T: 260 Reward: 295.319 Cost: 33.000
arrive destination: True ,out of road:False   Total T: 156431 Episode Num: 502 Episode T: 312 Reward: 336.097 Cost: 17.000
arrive destination: False ,out of road:True   Total T: 156523 Episode Num: 503 Episode T: 92 Reward: 76.822 Cost: 4.000
arrive destination: True ,out of road:False   Total T: 156906 Episode Num: 504 Episode T: 383 Reward: 365.642 Cost: 70.000
arrive destination: True ,out of road:False   Total T: 157090 Episode Num: 505 Episode T: 184 Reward: 269.398 Cost: 0.000
arrive destination: False ,out of road:True   Total T: 157185 Episode Num: 506 Episode T: 95 Reward: 74.763 Cost: 5.000
arrive destination: True ,out of road:False   Total T: 157443 Episode Num: 507 Episode T: 258 Reward: 263.381 Cost: 0.000
arrive destination: True ,out of road:False   Total T: 157956 Episode Num: 508 Episode T: 513 Reward: 408.100 Cost: 69.000
arrive destination: True ,out of road:False   Total T: 158374 Episode Num: 509 Episode T: 418 Reward: 404.699 Cost: 52.000
arrive destination: True ,out of road:False   Total T: 158780 Episode Num: 510 Episode T: 406 Reward: 363.972 Cost: 55.000
arrive destination: True ,out of road:False   Total T: 159259 Episode Num: 511 Episode T: 479 Reward: 407.680 Cost: 56.000
arrive destination: True ,out of road:False   Total T: 159504 Episode Num: 512 Episode T: 245 Reward: 295.146 Cost: 26.000
arrive destination: True ,out of road:False   Total T: 159834 Episode Num: 513 Episode T: 330 Reward: 395.372 Cost: 0.000
---------------------------------------
Evaluation over 20 episodes: 0.850 Cost 28.800.             SafeRL used : use_td3
---------------------------------------
[34;1m
Time: 2026-06-29 14:00:01, Time spent from previous logger: 131.190 s[0m
[34;1mCustomLogger with fileds: ['total_steps', 'EpRet', 'EpCost', 'CostRate'][0m
[34;1mfieldvalues: [160000, 0.85, 28.8, 0.07608172551078445]
[0m
arrive destination: True ,out of road:False   Total T: 160445 Episode Num: 514 Episode T: 611 Reward: 532.820 Cost: 108.000
arrive destination: True ,out of road:False   Total T: 160851 Episode Num: 515 Episode T: 406 Reward: 457.640 Cost: 45.000
arrive destination: True ,out of road:False   Total T: 161220 Episode Num: 516 Episode T: 369 Reward: 417.015 Cost: 42.000
arrive destination: False ,out of road:True   Total T: 161494 Episode Num: 517 Episode T: 274 Reward: 301.233 Cost: 4.000
arrive destination: True ,out of road:False   Total T: 161698 Episode Num: 518 Episode T: 204 Reward: 286.539 Cost: 9.000
arrive destination: True ,out of road:False   Total T: 162081 Episode Num: 519 Episode T: 383 Reward: 397.176 Cost: 5.000
arrive destination: True ,out of road:False   Total T: 162260 Episode Num: 520 Episode T: 179 Reward: 269.987 Cost: 0.000
arrive destination: True ,out of road:False   Total T: 162585 Episode Num: 521 Episode T: 325 Reward: 276.255 Cost: 2.000
arrive destination: False ,out of road:True   Total T: 162710 Episode Num: 522 Episode T: 125 Reward: 127.696 Cost: 6.000
arrive destination: True ,out of road:False   Total T: 163120 Episode Num: 523 Episode T: 410 Reward: 478.758 Cost: 29.000
arrive destination: True ,out of road:False   Total T: 163580 Episode Num: 524 Episode T: 460 Reward: 466.971 Cost: 60.000
arrive destination: False ,out of road:True   Total T: 163792 Episode Num: 525 Episode T: 212 Reward: 228.564 Cost: 11.000
arrive destination: False ,out of road:True   Total T: 163940 Episode Num: 526 Episode T: 148 Reward: 156.581 Cost: 14.000
arrive destination: True ,out of road:False   Total T: 164186 Episode Num: 527 Episode T: 246 Reward: 232.859 Cost: 13.000
arrive destination: True ,out of road:False   Total T: 164437 Episode Num: 528 Episode T: 251 Reward: 263.220 Cost: 0.000
arrive destination: True ,out of road:False   Total T: 164910 Episode Num: 529 Episode T: 473 Reward: 463.918 Cost: 42.000
arrive destination: True ,out of road:False   Total T: 165086 Episode Num: 530 Episode T: 176 Reward: 269.458 Cost: 0.000
arrive destination: True ,out of road:False   Total T: 165347 Episode Num: 531 Episode T: 261 Reward: 295.955 Cost: 20.000
arrive destination: True ,out of road:False   Total T: 165672 Episode Num: 532 Episode T: 325 Reward: 396.214 Cost: 0.000
arrive destination: True ,out of road:False   Total T: 165972 Episode Num: 533 Episode T: 300 Reward: 293.962 Cost: 14.000
arrive destination: False ,out of road:True   Total T: 166065 Episode Num: 534 Episode T: 93 Reward: 83.389 Cost: 3.000
arrive destination: True ,out of road:False   Total T: 166317 Episode Num: 535 Episode T: 252 Reward: 295.319 Cost: 39.000
arrive destination: True ,out of road:False   Total T: 166657 Episode Num: 536 Episode T: 340 Reward: 295.902 Cost: 32.000
arrive destination: True ,out of road:False   Total T: 166848 Episode Num: 537 Episode T: 191 Reward: 235.658 Cost: 9.000
arrive destination: True ,out of road:False   Total T: 167108 Episode Num: 538 Episode T: 260 Reward: 263.848 Cost: 0.000
arrive destination: False ,out of road:True   Total T: 167204 Episode Num: 539 Episode T: 96 Reward: 76.680 Cost: 4.000
arrive destination: True ,out of road:False   Total T: 167440 Episode Num: 540 Episode T: 236 Reward: 275.453 Cost: 0.000
arrive destination: False ,out of road:False   Total T: 168440 Episode Num: 541 Episode T: 1000 Reward: 371.626 Cost: 42.000
arrive destination: True ,out of road:False   Total T: 168689 Episode Num: 542 Episode T: 249 Reward: 335.017 Cost: 13.000
arrive destination: False ,out of road:True   Total T: 168868 Episode Num: 543 Episode T: 179 Reward: 174.290 Cost: 10.000
arrive destination: True ,out of road:False   Total T: 169169 Episode Num: 544 Episode T: 301 Reward: 371.530 Cost: 25.000
arrive destination: True ,out of road:False   Total T: 169362 Episode Num: 545 Episode T: 193 Reward: 233.611 Cost: 20.000
arrive destination: True ,out of road:False   Total T: 169657 Episode Num: 546 Episode T: 295 Reward: 295.274 Cost: 7.000
---------------------------------------
Evaluation over 20 episodes: 0.600 Cost 30.750.             SafeRL used : use_td3
---------------------------------------
[34;1m
Time: 2026-06-29 14:02:18, Time spent from previous logger: 137.397 s[0m
[34;1mCustomLogger with fileds: ['total_steps', 'EpRet', 'EpCost', 'CostRate'][0m
[34;1mfieldvalues: [170000, 0.6, 30.75, 0.0754122083071077]
[0m
arrive destination: True ,out of road:False   Total T: 170269 Episode Num: 547 Episode T: 612 Reward: 625.578 Cost: 36.000
arrive destination: True ,out of road:False   Total T: 170511 Episode Num: 548 Episode T: 242 Reward: 274.017 Cost: 1.000
arrive destination: True ,out of road:False   Total T: 170721 Episode Num: 549 Episode T: 210 Reward: 287.053 Cost: 4.000
arrive destination: True ,out of road:False   Total T: 170983 Episode Num: 550 Episode T: 262 Reward: 233.187 Cost: 4.000
arrive destination: False ,out of road:True   Total T: 171106 Episode Num: 551 Episode T: 123 Reward: 133.606 Cost: 1.000
arrive destination: True ,out of road:False   Total T: 171430 Episode Num: 552 Episode T: 324 Reward: 364.417 Cost: 20.000
arrive destination: True ,out of road:False   Total T: 171662 Episode Num: 553 Episode T: 232 Reward: 274.491 Cost: 10.000
arrive destination: True ,out of road:False   Total T: 172068 Episode Num: 554 Episode T: 406 Reward: 407.884 Cost: 50.000
arrive destination: False ,out of road:True   Total T: 172165 Episode Num: 555 Episode T: 97 Reward: 76.842 Cost: 4.000
arrive destination: True ,out of road:False   Total T: 172499 Episode Num: 556 Episode T: 334 Reward: 397.069 Cost: 0.000
arrive destination: False ,out of road:True   Total T: 172592 Episode Num: 557 Episode T: 93 Reward: 77.093 Cost: 3.000
arrive destination: True ,out of road:False   Total T: 173040 Episode Num: 558 Episode T: 448 Reward: 376.396 Cost: 29.000
arrive destination: True ,out of road:False   Total T: 173284 Episode Num: 559 Episode T: 244 Reward: 292.592 Cost: 11.000
arrive destination: False ,out of road:True   Total T: 173401 Episode Num: 560 Episode T: 117 Reward: 122.873 Cost: 1.000
arrive destination: True ,out of road:False   Total T: 173614 Episode Num: 561 Episode T: 213 Reward: 286.046 Cost: 9.000
arrive destination: True ,out of road:False   Total T: 174031 Episode Num: 562 Episode T: 417 Reward: 415.740 Cost: 25.000
arrive destination: False ,out of road:True   Total T: 174619 Episode Num: 563 Episode T: 588 Reward: 325.306 Cost: 51.000
arrive destination: True ,out of road:False   Total T: 175048 Episode Num: 564 Episode T: 429 Reward: 406.622 Cost: 65.000
arrive destination: True ,out of road:False   Total T: 175304 Episode Num: 565 Episode T: 256 Reward: 295.486 Cost: 22.000
arrive destination: True ,out of road:False   Total T: 175573 Episode Num: 566 Episode T: 269 Reward: 270.810 Cost: 7.000
arrive destination: True ,out of road:False   Total T: 176003 Episode Num: 567 Episode T: 430 Reward: 402.100 Cost: 33.000
arrive destination: True ,out of road:False   Total T: 176232 Episode Num: 568 Episode T: 229 Reward: 336.048 Cost: 4.000
arrive destination: True ,out of road:False   Total T: 176591 Episode Num: 569 Episode T: 359 Reward: 294.710 Cost: 25.000
arrive destination: False ,out of road:False   Total T: 177591 Episode Num: 570 Episode T: 1000 Reward: 450.108 Cost: 67.000
arrive destination: True ,out of road:False   Total T: 178017 Episode Num: 571 Episode T: 426 Reward: 464.931 Cost: 54.000
arrive destination: True ,out of road:False   Total T: 178280 Episode Num: 572 Episode T: 263 Reward: 295.995 Cost: 6.000
arrive destination: True ,out of road:False   Total T: 178619 Episode Num: 573 Episode T: 339 Reward: 397.421 Cost: 0.000
arrive destination: True ,out of road:False   Total T: 178878 Episode Num: 574 Episode T: 259 Reward: 263.987 Cost: 0.000
arrive destination: True ,out of road:False   Total T: 179837 Episode Num: 575 Episode T: 959 Reward: 374.708 Cost: 73.000
arrive destination: False ,out of road:True   Total T: 179994 Episode Num: 576 Episode T: 157 Reward: 175.888 Cost: 8.000
---------------------------------------
Evaluation over 20 episodes: 0.700 Cost 21.600.             SafeRL used : use_td3
---------------------------------------
[34;1m
Time: 2026-06-29 14:04:32, Time spent from previous logger: 133.771 s[0m
[34;1mCustomLogger with fileds: ['total_steps', 'EpRet', 'EpCost', 'CostRate'][0m
[34;1mfieldvalues: [180000, 0.7, 21.6, 0.07449485830476836]
[0m
arrive destination: False ,out of road:True   Total T: 180259 Episode Num: 577 Episode T: 265 Reward: 280.444 Cost: 6.000
arrive destination: True ,out of road:False   Total T: 180522 Episode Num: 578 Episode T: 263 Reward: 263.584 Cost: 0.000
arrive destination: True ,out of road:False   Total T: 180875 Episode Num: 579 Episode T: 353 Reward: 364.209 Cost: 51.000
arrive destination: True ,out of road:False   Total T: 181164 Episode Num: 580 Episode T: 289 Reward: 284.749 Cost: 15.000
arrive destination: True ,out of road:False   Total T: 181653 Episode Num: 581 Episode T: 489 Reward: 496.370 Cost: 64.000
arrive destination: False ,out of road:True   Total T: 181933 Episode Num: 582 Episode T: 280 Reward: 315.825 Cost: 3.000
arrive destination: True ,out of road:False   Total T: 182195 Episode Num: 583 Episode T: 262 Reward: 263.352 Cost: 0.000
arrive destination: True ,out of road:False   Total T: 182508 Episode Num: 584 Episode T: 313 Reward: 265.632 Cost: 12.000
arrive destination: True ,out of road:False   Total T: 182724 Episode Num: 585 Episode T: 216 Reward: 287.672 Cost: 7.000
arrive destination: True ,out of road:False   Total T: 183055 Episode Num: 586 Episode T: 331 Reward: 396.356 Cost: 0.000
arrive destination: True ,out of road:False   Total T: 183420 Episode Num: 587 Episode T: 365 Reward: 397.358 Cost: 0.000
arrive destination: False ,out of road:True   Total T: 183514 Episode Num: 588 Episode T: 94 Reward: 77.238 Cost: 5.000
arrive destination: False ,out of road:True   Total T: 183798 Episode Num: 589 Episode T: 284 Reward: 231.393 Cost: 32.000
arrive destination: True ,out of road:False   Total T: 184138 Episode Num: 590 Episode T: 340 Reward: 363.678 Cost: 37.000
arrive destination: False ,out of road:True   Total T: 184384 Episode Num: 591 Episode T: 246 Reward: 266.290 Cost: 19.000
arrive destination: True ,out of road:False   Total T: 184793 Episode Num: 592 Episode T: 409 Reward: 401.441 Cost: 65.000
arrive destination: True ,out of road:False   Total T: 185338 Episode Num: 593 Episode T: 545 Reward: 400.601 Cost: 61.000
arrive destination: False ,out of road:True   Total T: 185716 Episode Num: 594 Episode T: 378 Reward: 376.434 Cost: 27.000
arrive destination: True ,out of road:False   Total T: 185952 Episode Num: 595 Episode T: 236 Reward: 289.301 Cost: 16.000
arrive destination: False ,out of road:True   Total T: 186285 Episode Num: 596 Episode T: 333 Reward: 252.207 Cost: 30.000
arrive destination: True ,out of road:False   Total T: 186608 Episode Num: 597 Episode T: 323 Reward: 234.883 Cost: 69.000
arrive destination: True ,out of road:False   Total T: 186880 Episode Num: 598 Episode T: 272 Reward: 295.810 Cost: 10.000
arrive destination: True ,out of road:False   Total T: 187389 Episode Num: 599 Episode T: 509 Reward: 427.753 Cost: 64.000
arrive destination: True ,out of road:False   Total T: 187762 Episode Num: 600 Episode T: 373 Reward: 364.181 Cost: 39.000
arrive destination: True ,out of road:False   Total T: 188098 Episode Num: 601 Episode T: 336 Reward: 405.755 Cost: 37.000
arrive destination: True ,out of road:False   Total T: 188460 Episode Num: 602 Episode T: 362 Reward: 396.829 Cost: 4.000
arrive destination: True ,out of road:False   Total T: 188859 Episode Num: 603 Episode T: 399 Reward: 365.803 Cost: 48.000
arrive destination: True ,out of road:False   Total T: 189193 Episode Num: 604 Episode T: 334 Reward: 419.164 Cost: 55.000
arrive destination: True ,out of road:False   Total T: 189597 Episode Num: 605 Episode T: 404 Reward: 364.275 Cost: 41.000
---------------------------------------
Evaluation over 20 episodes: 0.600 Cost 27.000.             SafeRL used : use_td3
---------------------------------------
[34;1m
Time: 2026-06-29 14:07:01, Time spent from previous logger: 149.152 s[0m
[34;1mCustomLogger with fileds: ['total_steps', 'EpRet', 'EpCost', 'CostRate'][0m
[34;1mfieldvalues: [190000, 0.6, 27.0, 0.07512144800762109]
[0m
arrive destination: True ,out of road:False   Total T: 190263 Episode Num: 606 Episode T: 666 Reward: 641.799 Cost: 48.000
arrive destination: False ,out of road:True   Total T: 190366 Episode Num: 607 Episode T: 103 Reward: 77.344 Cost: 4.000
arrive destination: True ,out of road:False   Total T: 190545 Episode Num: 608 Episode T: 179 Reward: 269.606 Cost: 0.000
arrive destination: True ,out of road:False   Total T: 190792 Episode Num: 609 Episode T: 247 Reward: 272.940 Cost: 1.000
arrive destination: True ,out of road:False   Total T: 191193 Episode Num: 610 Episode T: 401 Reward: 284.888 Cost: 28.000
arrive destination: True ,out of road:False   Total T: 191454 Episode Num: 611 Episode T: 261 Reward: 264.452 Cost: 0.000
arrive destination: True ,out of road:False   Total T: 191634 Episode Num: 612 Episode T: 180 Reward: 269.344 Cost: 0.000
arrive destination: True ,out of road:False   Total T: 191894 Episode Num: 613 Episode T: 260 Reward: 264.681 Cost: 0.000
arrive destination: True ,out of road:False   Total T: 192248 Episode Num: 614 Episode T: 354 Reward: 407.879 Cost: 41.000
arrive destination: False ,out of road:True   Total T: 192428 Episode Num: 615 Episode T: 180 Reward: 180.194 Cost: 1.000
arrive destination: True ,out of road:False   Total T: 192653 Episode Num: 616 Episode T: 225 Reward: 234.171 Cost: 14.000
arrive destination: True ,out of road:False   Total T: 193039 Episode Num: 617 Episode T: 386 Reward: 304.219 Cost: 31.000
arrive destination: False ,out of road:True   Total T: 193262 Episode Num: 618 Episode T: 223 Reward: 185.646 Cost: 14.000
arrive destination: False ,out of road:True   Total T: 193491 Episode Num: 619 Episode T: 229 Reward: 221.975 Cost: 5.000
arrive destination: False ,out of road:True   Total T: 193706 Episode Num: 620 Episode T: 215 Reward: 226.514 Cost: 26.000
arrive destination: True ,out of road:False   Total T: 194173 Episode Num: 621 Episode T: 467 Reward: 457.832 Cost: 37.000
arrive destination: True ,out of road:False   Total T: 194410 Episode Num: 622 Episode T: 237 Reward: 282.323 Cost: 1.000
arrive destination: True ,out of road:False   Total T: 194657 Episode Num: 623 Episode T: 247 Reward: 234.940 Cost: 22.000
arrive destination: True ,out of road:False   Total T: 195105 Episode Num: 624 Episode T: 448 Reward: 457.369 Cost: 59.000
arrive destination: True ,out of road:False   Total T: 195486 Episode Num: 625 Episode T: 381 Reward: 406.945 Cost: 38.000
arrive destination: True ,out of road:False   Total T: 195735 Episode Num: 626 Episode T: 249 Reward: 270.026 Cost: 10.000
arrive destination: True ,out of road:False   Total T: 195998 Episode Num: 627 Episode T: 263 Reward: 350.852 Cost: 10.000
arrive destination: False ,out of road:True   Total T: 196105 Episode Num: 628 Episode T: 107 Reward: 107.588 Cost: 1.000
arrive destination: True ,out of road:False   Total T: 196338 Episode Num: 629 Episode T: 233 Reward: 271.386 Cost: 9.000
arrive destination: True ,out of road:False   Total T: 196592 Episode Num: 630 Episode T: 254 Reward: 295.605 Cost: 19.000
arrive destination: True ,out of road:False   Total T: 197047 Episode Num: 631 Episode T: 455 Reward: 397.348 Cost: 79.000
arrive destination: True ,out of road:False   Total T: 197500 Episode Num: 632 Episode T: 453 Reward: 459.721 Cost: 44.000
arrive destination: True ,out of road:False   Total T: 197919 Episode Num: 633 Episode T: 419 Reward: 459.372 Cost: 48.000
arrive destination: True ,out of road:False   Total T: 198095 Episode Num: 634 Episode T: 176 Reward: 269.350 Cost: 0.000
arrive destination: True ,out of road:False   Total T: 198505 Episode Num: 635 Episode T: 410 Reward: 406.639 Cost: 55.000
arrive destination: True ,out of road:False   Total T: 198899 Episode Num: 636 Episode T: 394 Reward: 375.557 Cost: 85.000
arrive destination: True ,out of road:False   Total T: 199339 Episode Num: 637 Episode T: 440 Reward: 377.581 Cost: 71.000
arrive destination: True ,out of road:False   Total T: 199608 Episode Num: 638 Episode T: 269 Reward: 294.544 Cost: 30.000
---------------------------------------
Evaluation over 20 episodes: 0.800 Cost 20.600.             SafeRL used : use_td3
---------------------------------------
[34;1m
Time: 2026-06-29 14:09:21, Time spent from previous logger: 139.679 s[0m
[34;1mCustomLogger with fileds: ['total_steps', 'EpRet', 'EpCost', 'CostRate'][0m
[34;1mfieldvalues: [200000, 0.8, 20.6, 0.07553037765188826]
[0m
arrive destination: True ,out of road:False   Total T: 200445 Episode Num: 639 Episode T: 837 Reward: 839.921 Cost: 87.000
arrive destination: True ,out of road:False   Total T: 200939 Episode Num: 640 Episode T: 494 Reward: 492.772 Cost: 59.000
arrive destination: True ,out of road:False   Total T: 201355 Episode Num: 641 Episode T: 416 Reward: 462.155 Cost: 37.000
arrive destination: True ,out of road:False   Total T: 201539 Episode Num: 642 Episode T: 184 Reward: 268.869 Cost: 1.000
arrive destination: True ,out of road:False   Total T: 201793 Episode Num: 643 Episode T: 254 Reward: 294.212 Cost: 28.000
arrive destination: False ,out of road:True   Total T: 201885 Episode Num: 644 Episode T: 92 Reward: 82.652 Cost: 2.000
arrive destination: True ,out of road:False   Total T: 202355 Episode Num: 645 Episode T: 470 Reward: 374.885 Cost: 64.000
arrive destination: True ,out of road:False   Total T: 202573 Episode Num: 646 Episode T: 218 Reward: 234.733 Cost: 21.000
arrive destination: True ,out of road:False   Total T: 202781 Episode Num: 647 Episode T: 208 Reward: 235.054 Cost: 13.000
arrive destination: True ,out of road:False   Total T: 203112 Episode Num: 648 Episode T: 331 Reward: 398.384 Cost: 0.000
arrive destination: True ,out of road:False   Total T: 203407 Episode Num: 649 Episode T: 295 Reward: 265.396 Cost: 43.000
arrive destination: False ,out of road:True   Total T: 203561 Episode Num: 650 Episode T: 154 Reward: 171.718 Cost: 2.000
arrive destination: True ,out of road:False   Total T: 204060 Episode Num: 651 Episode T: 499 Reward: 491.354 Cost: 58.000
arrive destination: True ,out of road:False   Total T: 204286 Episode Num: 652 Episode T: 226 Reward: 287.531 Cost: 20.000
arrive destination: True ,out of road:False   Total T: 204620 Episode Num: 653 Episode T: 334 Reward: 345.641 Cost: 43.000
arrive destination: True ,out of road:False   Total T: 204949 Episode Num: 654 Episode T: 329 Reward: 396.723 Cost: 0.000
arrive destination: True ,out of road:False   Total T: 205206 Episode Num: 655 Episode T: 257 Reward: 359.477 Cost: 15.000
arrive destination: False ,out of road:True   Total T: 205578 Episode Num: 656 Episode T: 372 Reward: 370.532 Cost: 38.000
arrive destination: True ,out of road:False   Total T: 205968 Episode Num: 657 Episode T: 390 Reward: 294.632 Cost: 8.000
arrive destination: True ,out of road:False   Total T: 206331 Episode Num: 658 Episode T: 363 Reward: 426.354 Cost: 40.000
arrive destination: True ,out of road:False   Total T: 206778 Episode Num: 659 Episode T: 447 Reward: 464.914 Cost: 41.000
arrive destination: True ,out of road:False   Total T: 207182 Episode Num: 660 Episode T: 404 Reward: 467.269 Cost: 38.000
arrive destination: False ,out of road:True   Total T: 207348 Episode Num: 661 Episode T: 166 Reward: 183.803 Cost: 10.000
arrive destination: True ,out of road:False   Total T: 207517 Episode Num: 662 Episode T: 169 Reward: 269.765 Cost: 0.000
arrive destination: True ,out of road:False   Total T: 207856 Episode Num: 663 Episode T: 339 Reward: 271.777 Cost: 6.000
arrive destination: True ,out of road:False   Total T: 208144 Episode Num: 664 Episode T: 288 Reward: 265.073 Cost: 1.000
arrive destination: True ,out of road:False   Total T: 208441 Episode Num: 665 Episode T: 297 Reward: 276.698 Cost: 61.000
arrive destination: True ,out of road:False   Total T: 208618 Episode Num: 666 Episode T: 177 Reward: 270.002 Cost: 0.000
arrive destination: True ,out of road:False   Total T: 209085 Episode Num: 667 Episode T: 467 Reward: 467.488 Cost: 62.000
arrive destination: False ,out of road:True   Total T: 209182 Episode Num: 668 Episode T: 97 Reward: 77.254 Cost: 4.000
arrive destination: True ,out of road:False   Total T: 209571 Episode Num: 669 Episode T: 389 Reward: 375.649 Cost: 73.000
arrive destination: False ,out of road:True   Total T: 209915 Episode Num: 670 Episode T: 344 Reward: 377.808 Cost: 29.000
---------------------------------------
Evaluation over 20 episodes: 0.700 Cost 25.550.             SafeRL used : use_td3
---------------------------------------
[34;1m
Time: 2026-06-29 14:11:42, Time spent from previous logger: 141.938 s[0m
[34;1mCustomLogger with fileds: ['total_steps', 'EpRet', 'EpCost', 'CostRate'][0m
[34;1mfieldvalues: [210000, 0.7, 25.55, 0.07601940961623627]
[0m
arrive destination: True ,out of road:False   Total T: 210257 Episode Num: 671 Episode T: 342 Reward: 341.789 Cost: 3.000
arrive destination: True ,out of road:False   Total T: 210648 Episode Num: 672 Episode T: 391 Reward: 268.781 Cost: 35.000
arrive destination: True ,out of road:False   Total T: 210994 Episode Num: 673 Episode T: 346 Reward: 399.854 Cost: 0.000
arrive destination: True ,out of road:False   Total T: 211233 Episode Num: 674 Episode T: 239 Reward: 271.818 Cost: 10.000
arrive destination: True ,out of road:False   Total T: 211482 Episode Num: 675 Episode T: 249 Reward: 245.046 Cost: 21.000
arrive destination: True ,out of road:False   Total T: 211724 Episode Num: 676 Episode T: 242 Reward: 272.520 Cost: 7.000
arrive destination: True ,out of road:False   Total T: 212291 Episode Num: 677 Episode T: 567 Reward: 495.334 Cost: 71.000
arrive destination: True ,out of road:False   Total T: 212813 Episode Num: 678 Episode T: 522 Reward: 505.654 Cost: 74.000
arrive destination: False ,out of road:True   Total T: 213040 Episode Num: 679 Episode T: 227 Reward: 189.273 Cost: 14.000
arrive destination: True ,out of road:False   Total T: 213373 Episode Num: 680 Episode T: 333 Reward: 345.790 Cost: 39.000
arrive destination: True ,out of road:False   Total T: 213603 Episode Num: 681 Episode T: 230 Reward: 271.742 Cost: 12.000
arrive destination: True ,out of road:False   Total T: 213919 Episode Num: 682 Episode T: 316 Reward: 398.021 Cost: 17.000
arrive destination: True ,out of road:False   Total T: 214172 Episode Num: 683 Episode T: 253 Reward: 295.735 Cost: 14.000
arrive destination: True ,out of road:False   Total T: 214508 Episode Num: 684 Episode T: 336 Reward: 356.162 Cost: 43.000
arrive destination: True ,out of road:False   Total T: 214863 Episode Num: 685 Episode T: 355 Reward: 398.841 Cost: 33.000
arrive destination: True ,out of road:False   Total T: 215193 Episode Num: 686 Episode T: 330 Reward: 396.380 Cost: 8.000
arrive destination: True ,out of road:False   Total T: 215423 Episode Num: 687 Episode T: 230 Reward: 235.713 Cost: 12.000
arrive destination: True ,out of road:False   Total T: 215959 Episode Num: 688 Episode T: 536 Reward: 496.261 Cost: 62.000
arrive destination: True ,out of road:False   Total T: 216219 Episode Num: 689 Episode T: 260 Reward: 286.607 Cost: 10.000
arrive destination: True ,out of road:False   Total T: 216507 Episode Num: 690 Episode T: 288 Reward: 295.190 Cost: 25.000
arrive destination: True ,out of road:False   Total T: 216864 Episode Num: 691 Episode T: 357 Reward: 399.198 Cost: 14.000
arrive destination: True ,out of road:False   Total T: 217158 Episode Num: 692 Episode T: 294 Reward: 314.622 Cost: 25.000
arrive destination: True ,out of road:False   Total T: 217391 Episode Num: 693 Episode T: 233 Reward: 274.534 Cost: 3.000
arrive destination: False ,out of road:True   Total T: 217531 Episode Num: 694 Episode T: 140 Reward: 133.124 Cost: 3.000
arrive destination: True ,out of road:False   Total T: 217776 Episode Num: 695 Episode T: 245 Reward: 278.686 Cost: 11.000
arrive destination: True ,out of road:False   Total T: 217995 Episode Num: 696 Episode T: 219 Reward: 235.151 Cost: 18.000
arrive destination: True ,out of road:False   Total T: 218212 Episode Num: 697 Episode T: 217 Reward: 234.150 Cost: 22.000
arrive destination: False ,out of road:True   Total T: 218813 Episode Num: 698 Episode T: 601 Reward: 474.618 Cost: 87.000
arrive destination: True ,out of road:False   Total T: 219071 Episode Num: 699 Episode T: 258 Reward: 289.582 Cost: 21.000
arrive destination: True ,out of road:True   Total T: 219326 Episode Num: 700 Episode T: 255 Reward: 386.094 Cost: 12.000
arrive destination: True ,out of road:False   Total T: 219762 Episode Num: 701 Episode T: 436 Reward: 464.175 Cost: 30.000
---------------------------------------
Evaluation over 20 episodes: 0.750 Cost 33.300.             SafeRL used : use_td3
---------------------------------------
[34;1m
Time: 2026-06-29 14:14:01, Time spent from previous logger: 138.397 s[0m
[34;1mCustomLogger with fileds: ['total_steps', 'EpRet', 'EpCost', 'CostRate'][0m
[34;1mfieldvalues: [220000, 0.75, 33.3, 0.07622307374124428]
[0m
arrive destination: True ,out of road:False   Total T: 220210 Episode Num: 702 Episode T: 448 Reward: 489.139 Cost: 67.000
arrive destination: True ,out of road:False   Total T: 220542 Episode Num: 703 Episode T: 332 Reward: 336.211 Cost: 44.000
arrive destination: True ,out of road:False   Total T: 220808 Episode Num: 704 Episode T: 266 Reward: 295.500 Cost: 7.000
arrive destination: True ,out of road:False   Total T: 221159 Episode Num: 705 Episode T: 351 Reward: 397.201 Cost: 6.000
arrive destination: True ,out of road:False   Total T: 221645 Episode Num: 706 Episode T: 486 Reward: 493.176 Cost: 68.000
arrive destination: False ,out of road:False   Total T: 222645 Episode Num: 707 Episode T: 1000 Reward: 468.291 Cost: 101.000
arrive destination: True ,out of road:False   Total T: 222834 Episode Num: 708 Episode T: 189 Reward: 269.479 Cost: 1.000
arrive destination: True ,out of road:False   Total T: 223127 Episode Num: 709 Episode T: 293 Reward: 267.474 Cost: 48.000
arrive destination: True ,out of road:False   Total T: 223568 Episode Num: 710 Episode T: 441 Reward: 485.983 Cost: 33.000
arrive destination: True ,out of road:False   Total T: 223914 Episode Num: 711 Episode T: 346 Reward: 377.307 Cost: 66.000
arrive destination: True ,out of road:False   Total T: 224177 Episode Num: 712 Episode T: 263 Reward: 294.513 Cost: 22.000
arrive destination: True ,out of road:False   Total T: 224400 Episode Num: 713 Episode T: 223 Reward: 236.085 Cost: 14.000
arrive destination: True ,out of road:False   Total T: 224655 Episode Num: 714 Episode T: 255 Reward: 265.765 Cost: 0.000
arrive destination: True ,out of road:False   Total T: 224992 Episode Num: 715 Episode T: 337 Reward: 363.930 Cost: 16.000
arrive destination: False ,out of road:True   Total T: 225291 Episode Num: 716 Episode T: 299 Reward: 286.520 Cost: 46.000
arrive destination: True ,out of road:False   Total T: 225581 Episode Num: 717 Episode T: 290 Reward: 352.601 Cost: 29.000
arrive destination: False ,out of road:True   Total T: 225674 Episode Num: 718 Episode T: 93 Reward: 81.854 Cost: 2.000
arrive destination: True ,out of road:False   Total T: 225940 Episode Num: 719 Episode T: 266 Reward: 266.058 Cost: 21.000
arrive destination: True ,out of road:False   Total T: 226330 Episode Num: 720 Episode T: 390 Reward: 385.044 Cost: 45.000
arrive destination: True ,out of road:True   Total T: 226574 Episode Num: 721 Episode T: 244 Reward: 385.466 Cost: 18.000
arrive destination: True ,out of road:False   Total T: 226828 Episode Num: 722 Episode T: 254 Reward: 295.943 Cost: 31.000
arrive destination: True ,out of road:False   Total T: 227002 Episode Num: 723 Episode T: 174 Reward: 268.730 Cost: 0.000
arrive destination: True ,out of road:False   Total T: 227272 Episode Num: 724 Episode T: 270 Reward: 273.562 Cost: 12.000
arrive destination: True ,out of road:False   Total T: 227680 Episode Num: 725 Episode T: 408 Reward: 427.812 Cost: 45.000
arrive destination: True ,out of road:False   Total T: 227901 Episode Num: 726 Episode T: 221 Reward: 289.273 Cost: 13.000
arrive destination: True ,out of road:False   Total T: 228301 Episode Num: 727 Episode T: 400 Reward: 364.343 Cost: 68.000
arrive destination: True ,out of road:False   Total T: 228596 Episode Num: 728 Episode T: 295 Reward: 294.698 Cost: 22.000
arrive destination: True ,out of road:False   Total T: 228951 Episode Num: 729 Episode T: 355 Reward: 419.024 Cost: 45.000
arrive destination: True ,out of road:False   Total T: 229303 Episode Num: 730 Episode T: 352 Reward: 397.940 Cost: 8.000
arrive destination: True ,out of road:False   Total T: 229602 Episode Num: 731 Episode T: 299 Reward: 351.440 Cost: 20.000
arrive destination: True ,out of road:False   Total T: 229839 Episode Num: 732 Episode T: 237 Reward: 235.104 Cost: 25.000
---------------------------------------
Evaluation over 20 episodes: 0.700 Cost 26.900.             SafeRL used : use_td3
---------------------------------------
[34;1m
Time: 2026-06-29 14:16:15, Time spent from previous logger: 134.604 s[0m
[34;1mCustomLogger with fileds: ['total_steps', 'EpRet', 'EpCost', 'CostRate'][0m
[34;1mfieldvalues: [230000, 0.7, 26.9, 0.07680033391449528]
[0m
arrive destination: True ,out of road:False   Total T: 230266 Episode Num: 733 Episode T: 427 Reward: 409.865 Cost: 8.000
arrive destination: True ,out of road:False   Total T: 230597 Episode Num: 734 Episode T: 331 Reward: 391.773 Cost: 0.000
arrive destination: True ,out of road:False   Total T: 230857 Episode Num: 735 Episode T: 260 Reward: 267.713 Cost: 2.000
arrive destination: True ,out of road:False   Total T: 231300 Episode Num: 736 Episode T: 443 Reward: 405.320 Cost: 59.000
arrive destination: True ,out of road:False   Total T: 231483 Episode Num: 737 Episode T: 183 Reward: 270.064 Cost: 1.000
arrive destination: True ,out of road:False   Total T: 231921 Episode Num: 738 Episode T: 438 Reward: 378.108 Cost: 33.000
arrive destination: True ,out of road:False   Total T: 232264 Episode Num: 739 Episode T: 343 Reward: 376.955 Cost: 43.000
arrive destination: True ,out of road:False   Total T: 232673 Episode Num: 740 Episode T: 409 Reward: 420.216 Cost: 43.000
arrive destination: True ,out of road:False   Total T: 232971 Episode Num: 741 Episode T: 298 Reward: 352.741 Cost: 39.000
arrive destination: True ,out of road:False   Total T: 233388 Episode Num: 742 Episode T: 417 Reward: 376.433 Cost: 40.000
arrive destination: True ,out of road:False   Total T: 233644 Episode Num: 743 Episode T: 256 Reward: 265.152 Cost: 0.000
arrive destination: True ,out of road:False   Total T: 233923 Episode Num: 744 Episode T: 279 Reward: 266.228 Cost: 0.000
arrive destination: True ,out of road:False   Total T: 234169 Episode Num: 745 Episode T: 246 Reward: 272.114 Cost: 11.000
arrive destination: True ,out of road:False   Total T: 234615 Episode Num: 746 Episode T: 446 Reward: 470.890 Cost: 56.000
arrive destination: True ,out of road:False   Total T: 234880 Episode Num: 747 Episode T: 265 Reward: 265.168 Cost: 0.000
arrive destination: True ,out of road:False   Total T: 235284 Episode Num: 748 Episode T: 404 Reward: 377.263 Cost: 55.000
arrive destination: False ,out of road:True   Total T: 235616 Episode Num: 749 Episode T: 332 Reward: 376.199 Cost: 26.000
arrive destination: True ,out of road:False   Total T: 236022 Episode Num: 750 Episode T: 406 Reward: 378.660 Cost: 65.000
arrive destination: True ,out of road:False   Total T: 236405 Episode Num: 751 Episode T: 383 Reward: 376.836 Cost: 57.000
arrive destination: True ,out of road:False   Total T: 236715 Episode Num: 752 Episode T: 310 Reward: 269.840 Cost: 43.000
arrive destination: False ,out of road:True   Total T: 236992 Episode Num: 753 Episode T: 277 Reward: 247.669 Cost: 38.000
arrive destination: True ,out of road:False   Total T: 237257 Episode Num: 754 Episode T: 265 Reward: 264.926 Cost: 0.000
arrive destination: True ,out of road:False   Total T: 237575 Episode Num: 755 Episode T: 318 Reward: 395.596 Cost: 0.000
arrive destination: True ,out of road:False   Total T: 237811 Episode Num: 756 Episode T: 236 Reward: 287.651 Cost: 7.000
arrive destination: True ,out of road:False   Total T: 238195 Episode Num: 757 Episode T: 384 Reward: 377.096 Cost: 67.000
arrive destination: False ,out of road:True   Total T: 238382 Episode Num: 758 Episode T: 187 Reward: 195.767 Cost: 1.000
arrive destination: False ,out of road:True   Total T: 238489 Episode Num: 759 Episode T: 107 Reward: 97.554 Cost: 11.000
arrive destination: True ,out of road:False   Total T: 238821 Episode Num: 760 Episode T: 332 Reward: 397.834 Cost: 36.000
arrive destination: True ,out of road:False   Total T: 239122 Episode Num: 761 Episode T: 301 Reward: 353.838 Cost: 34.000
arrive destination: True ,out of road:False   Total T: 239353 Episode Num: 762 Episode T: 231 Reward: 295.419 Cost: 28.000
---------------------------------------
Evaluation over 20 episodes: 0.800 Cost 31.800.             SafeRL used : use_td3
---------------------------------------
[34;1m
Time: 2026-06-29 14:18:30, Time spent from previous logger: 134.297 s[0m
[34;1mCustomLogger with fileds: ['total_steps', 'EpRet', 'EpCost', 'CostRate'][0m
[34;1mfieldvalues: [240000, 0.8, 31.8, 0.07702532093883724]
[0m
arrive destination: False ,out of road:False   Total T: 240353 Episode Num: 763 Episode T: 1000 Reward: 447.925 Cost: 42.000
arrive destination: True ,out of road:False   Total T: 240796 Episode Num: 764 Episode T: 443 Reward: 465.795 Cost: 36.000
arrive destination: True ,out of road:False   Total T: 241041 Episode Num: 765 Episode T: 245 Reward: 234.183 Cost: 9.000
arrive destination: True ,out of road:False   Total T: 241461 Episode Num: 766 Episode T: 420 Reward: 496.625 Cost: 57.000
arrive destination: False ,out of road:True   Total T: 241556 Episode Num: 767 Episode T: 95 Reward: 81.143 Cost: 2.000
arrive destination: True ,out of road:False   Total T: 241782 Episode Num: 768 Episode T: 226 Reward: 364.852 Cost: 7.000
arrive destination: False ,out of road:True   Total T: 241968 Episode Num: 769 Episode T: 186 Reward: 180.232 Cost: 1.000
arrive destination: True ,out of road:False   Total T: 242274 Episode Num: 770 Episode T: 306 Reward: 397.450 Cost: 22.000
arrive destination: True ,out of road:False   Total T: 242546 Episode Num: 771 Episode T: 272 Reward: 270.694 Cost: 15.000
arrive destination: True ,out of road:False   Total T: 242795 Episode Num: 772 Episode T: 249 Reward: 305.902 Cost: 38.000
arrive destination: False ,out of road:True   Total T: 242892 Episode Num: 773 Episode T: 97 Reward: 77.990 Cost: 2.000
arrive destination: False ,out of road:True   Total T: 243182 Episode Num: 774 Episode T: 290 Reward: 378.775 Cost: 18.000
arrive destination: True ,out of road:False   Total T: 243488 Episode Num: 775 Episode T: 306 Reward: 354.082 Cost: 15.000
arrive destination: True ,out of road:False   Total T: 243806 Episode Num: 776 Episode T: 318 Reward: 354.467 Cost: 14.000
arrive destination: True ,out of road:False   Total T: 244059 Episode Num: 777 Episode T: 253 Reward: 265.491 Cost: 6.000
arrive destination: False ,out of road:True   Total T: 244312 Episode Num: 778 Episode T: 253 Reward: 356.785 Cost: 13.000
arrive destination: True ,out of road:False   Total T: 244757 Episode Num: 779 Episode T: 445 Reward: 469.325 Cost: 50.000
arrive destination: False ,out of road:True   Total T: 244871 Episode Num: 780 Episode T: 114 Reward: 55.252 Cost: 8.000
arrive destination: True ,out of road:False   Total T: 245131 Episode Num: 781 Episode T: 260 Reward: 268.093 Cost: 0.000
arrive destination: True ,out of road:False   Total T: 245446 Episode Num: 782 Episode T: 315 Reward: 357.414 Cost: 12.000
arrive destination: False ,out of road:True   Total T: 245831 Episode Num: 783 Episode T: 385 Reward: 323.796 Cost: 79.000
arrive destination: True ,out of road:False   Total T: 246007 Episode Num: 784 Episode T: 176 Reward: 268.844 Cost: 0.000
arrive destination: True ,out of road:False   Total T: 246331 Episode Num: 785 Episode T: 324 Reward: 399.728 Cost: 11.000
arrive destination: True ,out of road:False   Total T: 246583 Episode Num: 786 Episode T: 252 Reward: 305.608 Cost: 33.000
arrive destination: False ,out of road:True   Total T: 246686 Episode Num: 787 Episode T: 103 Reward: 72.557 Cost: 5.000
arrive destination: True ,out of road:False   Total T: 246953 Episode Num: 788 Episode T: 267 Reward: 265.896 Cost: 0.000
arrive destination: True ,out of road:False   Total T: 247275 Episode Num: 789 Episode T: 322 Reward: 280.004 Cost: 37.000
arrive destination: True ,out of road:False   Total T: 247665 Episode Num: 790 Episode T: 390 Reward: 366.732 Cost: 41.000
arrive destination: True ,out of road:False   Total T: 247917 Episode Num: 791 Episode T: 252 Reward: 295.487 Cost: 18.000
arrive destination: True ,out of road:False   Total T: 248167 Episode Num: 792 Episode T: 250 Reward: 275.765 Cost: 1.000
arrive destination: True ,out of road:False   Total T: 248469 Episode Num: 793 Episode T: 302 Reward: 286.108 Cost: 23.000
arrive destination: True ,out of road:False   Total T: 248721 Episode Num: 794 Episode T: 252 Reward: 296.080 Cost: 22.000
arrive destination: True ,out of road:False   Total T: 248974 Episode Num: 795 Episode T: 253 Reward: 288.741 Cost: 22.000
arrive destination: True ,out of road:False   Total T: 249360 Episode Num: 796 Episode T: 386 Reward: 376.400 Cost: 52.000
arrive destination: True ,out of road:False   Total T: 249754 Episode Num: 797 Episode T: 394 Reward: 376.230 Cost: 34.000
arrive destination: True ,out of road:False   Total T: 249935 Episode Num: 798 Episode T: 181 Reward: 268.540 Cost: 1.000
---------------------------------------
Evaluation over 20 episodes: 1.000 Cost 26.650.             SafeRL used : use_td3
---------------------------------------
[34;1m
Time: 2026-06-29 14:20:48, Time spent from previous logger: 137.937 s[0m
[34;1mCustomLogger with fileds: ['total_steps', 'EpRet', 'EpCost', 'CostRate'][0m
[34;1mfieldvalues: [250000, 1.0, 26.65, 0.07683630734522938]
[0m
arrive destination: True ,out of road:False   Total T: 250243 Episode Num: 799 Episode T: 308 Reward: 315.782 Cost: 14.000
arrive destination: True ,out of road:False   Total T: 250541 Episode Num: 800 Episode T: 298 Reward: 274.626 Cost: 5.000
arrive destination: True ,out of road:False   Total T: 250730 Episode Num: 801 Episode T: 189 Reward: 269.104 Cost: 1.000
arrive destination: True ,out of road:False   Total T: 251117 Episode Num: 802 Episode T: 387 Reward: 398.731 Cost: 45.000
arrive destination: False ,out of road:True   Total T: 251326 Episode Num: 803 Episode T: 209 Reward: 249.057 Cost: 9.000
arrive destination: True ,out of road:False   Total T: 251647 Episode Num: 804 Episode T: 321 Reward: 392.984 Cost: 0.000
arrive destination: True ,out of road:False   Total T: 251896 Episode Num: 805 Episode T: 249 Reward: 295.707 Cost: 29.000
arrive destination: True ,out of road:False   Total T: 252176 Episode Num: 806 Episode T: 280 Reward: 294.632 Cost: 18.000
arrive destination: True ,out of road:False   Total T: 252446 Episode Num: 807 Episode T: 270 Reward: 267.178 Cost: 2.000
arrive destination: True ,out of road:False   Total T: 252902 Episode Num: 808 Episode T: 456 Reward: 497.077 Cost: 52.000
arrive destination: True ,out of road:False   Total T: 253375 Episode Num: 809 Episode T: 473 Reward: 274.681 Cost: 2.000
arrive destination: False ,out of road:True   Total T: 253719 Episode Num: 810 Episode T: 344 Reward: 78.037 Cost: 10.000
arrive destination: False ,out of road:True   Total T: 254000 Episode Num: 811 Episode T: 281 Reward: 348.467 Cost: 19.000
arrive destination: True ,out of road:False   Total T: 254405 Episode Num: 812 Episode T: 405 Reward: 409.774 Cost: 76.000
arrive destination: True ,out of road:False   Total T: 254653 Episode Num: 813 Episode T: 248 Reward: 305.630 Cost: 35.000
arrive destination: True ,out of road:False   Total T: 254893 Episode Num: 814 Episode T: 240 Reward: 235.360 Cost: 39.000
arrive destination: True ,out of road:False   Total T: 255190 Episode Num: 815 Episode T: 297 Reward: 398.195 Cost: 34.000
arrive destination: True ,out of road:False   Total T: 255369 Episode Num: 816 Episode T: 179 Reward: 269.839 Cost: 0.000
arrive destination: True ,out of road:False   Total T: 255695 Episode Num: 817 Episode T: 326 Reward: 265.924 Cost: 38.000
arrive destination: False ,out of road:True   Total T: 255923 Episode Num: 818 Episode T: 228 Reward: 243.503 Cost: 3.000
arrive destination: True ,out of road:False   Total T: 256347 Episode Num: 819 Episode T: 424 Reward: 376.500 Cost: 84.000
arrive destination: True ,out of road:False   Total T: 257157 Episode Num: 820 Episode T: 810 Reward: 414.215 Cost: 46.000
arrive destination: True ,out of road:False   Total T: 257541 Episode Num: 821 Episode T: 384 Reward: 376.678 Cost: 68.000
arrive destination: True ,out of road:False   Total T: 257781 Episode Num: 822 Episode T: 240 Reward: 287.955 Cost: 17.000
arrive destination: True ,out of road:False   Total T: 258205 Episode Num: 823 Episode T: 424 Reward: 365.630 Cost: 35.000
arrive destination: True ,out of road:False   Total T: 258444 Episode Num: 824 Episode T: 239 Reward: 268.148 Cost: 5.000
arrive destination: True ,out of road:False   Total T: 258720 Episode Num: 825 Episode T: 276 Reward: 295.298 Cost: 16.000
arrive destination: True ,out of road:False   Total T: 258970 Episode Num: 826 Episode T: 250 Reward: 288.964 Cost: 3.000
arrive destination: True ,out of road:False   Total T: 259341 Episode Num: 827 Episode T: 371 Reward: 376.822 Cost: 36.000
arrive destination: True ,out of road:True   Total T: 259582 Episode Num: 828 Episode T: 241 Reward: 386.096 Cost: 13.000
arrive destination: False ,out of road:True   Total T: 259842 Episode Num: 829 Episode T: 260 Reward: 246.254 Cost: 27.000
arrive destination: False ,out of road:True   Total T: 260000 Episode Num: 830 Episode T: 158 Reward: 166.888 Cost: 16.000
---------------------------------------
Evaluation over 20 episodes: 0.850 Cost 22.100.             SafeRL used : use_td3
---------------------------------------
[34;1m
Time: 2026-06-29 14:23:01, Time spent from previous logger: 133.013 s[0m
[34;1mCustomLogger with fileds: ['total_steps', 'EpRet', 'EpCost', 'CostRate'][0m
[34;1mfieldvalues: [260000, 0.85, 22.1, 0.07694644979403767]
[0m
arrive destination: True ,out of road:False   Total T: 260255 Episode Num: 831 Episode T: 255 Reward: 348.928 Cost: 14.000
arrive destination: True ,out of road:False   Total T: 260489 Episode Num: 832 Episode T: 234 Reward: 272.129 Cost: 11.000
arrive destination: False ,out of road:True   Total T: 260803 Episode Num: 833 Episode T: 314 Reward: 331.088 Cost: 20.000
arrive destination: True ,out of road:False   Total T: 261230 Episode Num: 834 Episode T: 427 Reward: 466.944 Cost: 49.000
arrive destination: True ,out of road:False   Total T: 261546 Episode Num: 835 Episode T: 316 Reward: 399.745 Cost: 17.000
arrive destination: True ,out of road:False   Total T: 261837 Episode Num: 836 Episode T: 291 Reward: 396.744 Cost: 26.000
arrive destination: True ,out of road:False   Total T: 262277 Episode Num: 837 Episode T: 440 Reward: 483.304 Cost: 47.000
arrive destination: True ,out of road:False   Total T: 262541 Episode Num: 838 Episode T: 264 Reward: 294.228 Cost: 21.000
arrive destination: True ,out of road:False   Total T: 262772 Episode Num: 839 Episode T: 231 Reward: 290.378 Cost: 11.000
arrive destination: True ,out of road:False   Total T: 263020 Episode Num: 840 Episode T: 248 Reward: 233.783 Cost: 53.000
arrive destination: True ,out of road:False   Total T: 263391 Episode Num: 841 Episode T: 371 Reward: 376.668 Cost: 51.000
arrive destination: False ,out of road:True   Total T: 263693 Episode Num: 842 Episode T: 302 Reward: 213.031 Cost: 24.000
arrive destination: False ,out of road:True   Total T: 263865 Episode Num: 843 Episode T: 172 Reward: 195.283 Cost: 17.000
arrive destination: True ,out of road:False   Total T: 264113 Episode Num: 844 Episode T: 248 Reward: 296.068 Cost: 26.000
arrive destination: True ,out of road:False   Total T: 264350 Episode Num: 845 Episode T: 237 Reward: 276.982 Cost: 8.000
arrive destination: False ,out of road:True   Total T: 264445 Episode Num: 846 Episode T: 95 Reward: 83.357 Cost: 3.000
arrive destination: True ,out of road:False   Total T: 264733 Episode Num: 847 Episode T: 288 Reward: 267.305 Cost: 0.000
arrive destination: False ,out of road:True   Total T: 265022 Episode Num: 848 Episode T: 289 Reward: 278.973 Cost: 31.000
arrive destination: True ,out of road:False   Total T: 265350 Episode Num: 849 Episode T: 328 Reward: 398.313 Cost: 0.000
arrive destination: True ,out of road:False   Total T: 265694 Episode Num: 850 Episode T: 344 Reward: 268.838 Cost: 12.000
arrive destination: False ,out of road:True   Total T: 265980 Episode Num: 851 Episode T: 286 Reward: 269.327 Cost: 37.000
arrive destination: True ,out of road:False   Total T: 266230 Episode Num: 852 Episode T: 250 Reward: 295.832 Cost: 37.000
arrive destination: True ,out of road:False   Total T: 266521 Episode Num: 853 Episode T: 291 Reward: 305.770 Cost: 14.000
arrive destination: True ,out of road:False   Total T: 266914 Episode Num: 854 Episode T: 393 Reward: 377.834 Cost: 57.000
arrive destination: True ,out of road:False   Total T: 267245 Episode Num: 855 Episode T: 331 Reward: 399.793 Cost: 18.000
arrive destination: True ,out of road:False   Total T: 267540 Episode Num: 856 Episode T: 295 Reward: 351.469 Cost: 15.000
arrive destination: True ,out of road:False   Total T: 267730 Episode Num: 857 Episode T: 190 Reward: 268.566 Cost: 3.000
arrive destination: True ,out of road:False   Total T: 268174 Episode Num: 858 Episode T: 444 Reward: 483.141 Cost: 59.000
arrive destination: True ,out of road:False   Total T: 268537 Episode Num: 859 Episode T: 363 Reward: 390.494 Cost: 56.000
arrive destination: True ,out of road:False   Total T: 269024 Episode Num: 860 Episode T: 487 Reward: 414.310 Cost: 60.000
arrive destination: True ,out of road:False   Total T: 269219 Episode Num: 861 Episode T: 195 Reward: 234.577 Cost: 1.000
arrive destination: True ,out of road:False   Total T: 269459 Episode Num: 862 Episode T: 240 Reward: 269.735 Cost: 16.000
arrive destination: True ,out of road:False   Total T: 269841 Episode Num: 863 Episode T: 382 Reward: 409.457 Cost: 49.000
---------------------------------------
Evaluation over 20 episodes: 0.850 Cost 22.750.             SafeRL used : use_td3
---------------------------------------
[34;1m
Time: 2026-06-29 14:25:16, Time spent from previous logger: 135.648 s[0m
[34;1mCustomLogger with fileds: ['total_steps', 'EpRet', 'EpCost', 'CostRate'][0m
[34;1mfieldvalues: [270000, 0.85, 22.75, 0.0772928788625143]
[0m
arrive destination: True ,out of road:False   Total T: 270267 Episode Num: 864 Episode T: 426 Reward: 496.061 Cost: 20.000
arrive destination: True ,out of road:False   Total T: 270594 Episode Num: 865 Episode T: 327 Reward: 398.620 Cost: 0.000
arrive destination: False ,out of road:True   Total T: 270692 Episode Num: 866 Episode T: 98 Reward: 79.809 Cost: 3.000
arrive destination: True ,out of road:False   Total T: 271124 Episode Num: 867 Episode T: 432 Reward: 419.352 Cost: 45.000
arrive destination: False ,out of road:True   Total T: 271438 Episode Num: 868 Episode T: 314 Reward: 367.622 Cost: 45.000
arrive destination: True ,out of road:False   Total T: 271743 Episode Num: 869 Episode T: 305 Reward: 398.764 Cost: 23.000
arrive destination: True ,out of road:False   Total T: 272193 Episode Num: 870 Episode T: 450 Reward: 470.643 Cost: 43.000
arrive destination: True ,out of road:False   Total T: 272820 Episode Num: 871 Episode T: 627 Reward: 497.154 Cost: 123.000
arrive destination: False ,out of road:True   Total T: 273131 Episode Num: 872 Episode T: 311 Reward: 336.260 Cost: 35.000
arrive destination: True ,out of road:False   Total T: 273559 Episode Num: 873 Episode T: 428 Reward: 467.496 Cost: 38.000
arrive destination: True ,out of road:False   Total T: 273811 Episode Num: 874 Episode T: 252 Reward: 270.008 Cost: 2.000
arrive destination: True ,out of road:False   Total T: 274071 Episode Num: 875 Episode T: 260 Reward: 336.081 Cost: 16.000
arrive destination: True ,out of road:False   Total T: 274378 Episode Num: 876 Episode T: 307 Reward: 406.843 Cost: 36.000
arrive destination: True ,out of road:False   Total T: 274768 Episode Num: 877 Episode T: 390 Reward: 462.239 Cost: 28.000
arrive destination: True ,out of road:False   Total T: 275084 Episode Num: 878 Episode T: 316 Reward: 398.805 Cost: 17.000
arrive destination: True ,out of road:False   Total T: 275335 Episode Num: 879 Episode T: 251 Reward: 265.811 Cost: 0.000
arrive destination: True ,out of road:False   Total T: 275583 Episode Num: 880 Episode T: 248 Reward: 233.877 Cost: 8.000
arrive destination: True ,out of road:False   Total T: 275905 Episode Num: 881 Episode T: 322 Reward: 418.327 Cost: 65.000
arrive destination: False ,out of road:True   Total T: 276132 Episode Num: 882 Episode T: 227 Reward: 228.043 Cost: 10.000
arrive destination: False ,out of road:True   Total T: 276229 Episode Num: 883 Episode T: 97 Reward: 81.541 Cost: 3.000
arrive destination: True ,out of road:False   Total T: 276454 Episode Num: 884 Episode T: 225 Reward: 267.738 Cost: 11.000
arrive destination: True ,out of road:False   Total T: 276784 Episode Num: 885 Episode T: 330 Reward: 395.608 Cost: 0.000
arrive destination: False ,out of road:True   Total T: 276888 Episode Num: 886 Episode T: 104 Reward: 78.391 Cost: 9.000
arrive destination: True ,out of road:False   Total T: 277207 Episode Num: 887 Episode T: 319 Reward: 394.142 Cost: 0.000
arrive destination: True ,out of road:False   Total T: 277429 Episode Num: 888 Episode T: 222 Reward: 234.044 Cost: 19.000
arrive destination: True ,out of road:False   Total T: 277813 Episode Num: 889 Episode T: 384 Reward: 377.913 Cost: 82.000
arrive destination: False ,out of road:True   Total T: 278190 Episode Num: 890 Episode T: 377 Reward: 375.903 Cost: 49.000
arrive destination: False ,out of road:True   Total T: 278347 Episode Num: 891 Episode T: 157 Reward: 194.582 Cost: 13.000
arrive destination: True ,out of road:False   Total T: 278645 Episode Num: 892 Episode T: 298 Reward: 295.606 Cost: 18.000
arrive destination: True ,out of road:False   Total T: 278980 Episode Num: 893 Episode T: 335 Reward: 365.787 Cost: 35.000
arrive destination: True ,out of road:False   Total T: 279194 Episode Num: 894 Episode T: 214 Reward: 232.488 Cost: 14.000
arrive destination: True ,out of road:False   Total T: 279633 Episode Num: 895 Episode T: 439 Reward: 465.490 Cost: 43.000
arrive destination: True ,out of road:False   Total T: 279910 Episode Num: 896 Episode T: 277 Reward: 294.482 Cost: 26.000
---------------------------------------
Evaluation over 20 episodes: 0.850 Cost 22.700.             SafeRL used : use_td3
---------------------------------------
[34;1m
Time: 2026-06-29 14:27:36, Time spent from previous logger: 139.854 s[0m
[34;1mCustomLogger with fileds: ['total_steps', 'EpRet', 'EpCost', 'CostRate'][0m
[34;1mfieldvalues: [280000, 0.85, 22.7, 0.07767170597037847]
[0m
arrive destination: True ,out of road:False   Total T: 280268 Episode Num: 897 Episode T: 358 Reward: 356.174 Cost: 17.000
arrive destination: True ,out of road:False   Total T: 280510 Episode Num: 898 Episode T: 242 Reward: 266.782 Cost: 11.000
arrive destination: True ,out of road:False   Total T: 281001 Episode Num: 899 Episode T: 491 Reward: 491.363 Cost: 75.000
arrive destination: True ,out of road:False   Total T: 281349 Episode Num: 900 Episode T: 348 Reward: 374.871 Cost: 36.000
arrive destination: True ,out of road:False   Total T: 281617 Episode Num: 901 Episode T: 268 Reward: 268.984 Cost: 26.000
arrive destination: True ,out of road:False   Total T: 281889 Episode Num: 902 Episode T: 272 Reward: 294.395 Cost: 33.000
arrive destination: True ,out of road:False   Total T: 282140 Episode Num: 903 Episode T: 251 Reward: 305.821 Cost: 47.000
arrive destination: True ,out of road:False   Total T: 282392 Episode Num: 904 Episode T: 252 Reward: 305.226 Cost: 25.000
arrive destination: True ,out of road:False   Total T: 282734 Episode Num: 905 Episode T: 342 Reward: 396.460 Cost: 29.000
arrive destination: True ,out of road:False   Total T: 283172 Episode Num: 906 Episode T: 438 Reward: 417.072 Cost: 50.000
arrive destination: False ,out of road:True   Total T: 283268 Episode Num: 907 Episode T: 96 Reward: 82.035 Cost: 2.000
arrive destination: True ,out of road:False   Total T: 283513 Episode Num: 908 Episode T: 245 Reward: 233.081 Cost: 33.000
arrive destination: True ,out of road:False   Total T: 283780 Episode Num: 909 Episode T: 267 Reward: 294.236 Cost: 23.000
arrive destination: False ,out of road:True   Total T: 283903 Episode Num: 910 Episode T: 123 Reward: 125.696 Cost: 4.000
arrive destination: True ,out of road:False   Total T: 284286 Episode Num: 911 Episode T: 383 Reward: 376.581 Cost: 59.000
arrive destination: True ,out of road:False   Total T: 284739 Episode Num: 912 Episode T: 453 Reward: 458.936 Cost: 37.000
arrive destination: False ,out of road:True   Total T: 284831 Episode Num: 913 Episode T: 92 Reward: 78.346 Cost: 2.000
arrive destination: True ,out of road:False   Total T: 285049 Episode Num: 914 Episode T: 218 Reward: 288.995 Cost: 2.000
arrive destination: True ,out of road:False   Total T: 285224 Episode Num: 915 Episode T: 175 Reward: 268.971 Cost: 0.000
arrive destination: True ,out of road:False   Total T: 285498 Episode Num: 916 Episode T: 274 Reward: 296.062 Cost: 20.000
arrive destination: True ,out of road:False   Total T: 285745 Episode Num: 917 Episode T: 247 Reward: 242.651 Cost: 27.000
arrive destination: True ,out of road:False   Total T: 285995 Episode Num: 918 Episode T: 250 Reward: 295.763 Cost: 28.000
arrive destination: False ,out of road:True   Total T: 286414 Episode Num: 919 Episode T: 419 Reward: 438.504 Cost: 31.000
arrive destination: True ,out of road:False   Total T: 286716 Episode Num: 920 Episode T: 302 Reward: 270.125 Cost: 34.000
arrive destination: True ,out of road:False   Total T: 287105 Episode Num: 921 Episode T: 389 Reward: 388.608 Cost: 70.000
arrive destination: True ,out of road:False   Total T: 287364 Episode Num: 922 Episode T: 259 Reward: 293.629 Cost: 21.000
arrive destination: True ,out of road:False   Total T: 287708 Episode Num: 923 Episode T: 344 Reward: 365.891 Cost: 33.000
arrive destination: True ,out of road:False   Total T: 287935 Episode Num: 924 Episode T: 227 Reward: 284.906 Cost: 8.000
arrive destination: True ,out of road:False   Total T: 288184 Episode Num: 925 Episode T: 249 Reward: 270.307 Cost: 5.000
arrive destination: True ,out of road:False   Total T: 288635 Episode Num: 926 Episode T: 451 Reward: 417.633 Cost: 47.000
arrive destination: True ,out of road:False   Total T: 288868 Episode Num: 927 Episode T: 233 Reward: 289.140 Cost: 6.000
arrive destination: True ,out of road:False   Total T: 289129 Episode Num: 928 Episode T: 261 Reward: 295.626 Cost: 19.000
arrive destination: True ,out of road:False   Total T: 289570 Episode Num: 929 Episode T: 441 Reward: 467.189 Cost: 46.000
arrive destination: True ,out of road:False   Total T: 289822 Episode Num: 930 Episode T: 252 Reward: 264.921 Cost: 0.000
---------------------------------------
Evaluation over 20 episodes: 0.900 Cost 32.200.             SafeRL used : use_td3
---------------------------------------
[34;1m
Time: 2026-06-29 14:29:51, Time spent from previous logger: 135.177 s[0m
[34;1mCustomLogger with fileds: ['total_steps', 'EpRet', 'EpCost', 'CostRate'][0m
[34;1mfieldvalues: [290000, 0.9, 32.2, 0.07814854533981151]
[0m
arrive destination: True ,out of road:False   Total T: 290423 Episode Num: 931 Episode T: 601 Reward: 650.376 Cost: 83.000
arrive destination: True ,out of road:False   Total T: 290647 Episode Num: 932 Episode T: 224 Reward: 276.293 Cost: 6.000
arrive destination: True ,out of road:False   Total T: 290937 Episode Num: 933 Episode T: 290 Reward: 268.318 Cost: 40.000
arrive destination: True ,out of road:False   Total T: 291460 Episode Num: 934 Episode T: 523 Reward: 497.389 Cost: 71.000
arrive destination: True ,out of road:False   Total T: 291743 Episode Num: 935 Episode T: 283 Reward: 351.239 Cost: 17.000
arrive destination: True ,out of road:False   Total T: 291994 Episode Num: 936 Episode T: 251 Reward: 295.980 Cost: 31.000
arrive destination: False ,out of road:True   Total T: 292084 Episode Num: 937 Episode T: 90 Reward: 52.880 Cost: 1.000
arrive destination: True ,out of road:False   Total T: 292473 Episode Num: 938 Episode T: 389 Reward: 431.328 Cost: 69.000
arrive destination: True ,out of road:False   Total T: 292674 Episode Num: 939 Episode T: 201 Reward: 269.544 Cost: 1.000
arrive destination: True ,out of road:False   Total T: 293059 Episode Num: 940 Episode T: 385 Reward: 377.274 Cost: 76.000
arrive destination: False ,out of road:True   Total T: 293258 Episode Num: 941 Episode T: 199 Reward: 177.559 Cost: 19.000
arrive destination: True ,out of road:False   Total T: 293508 Episode Num: 942 Episode T: 250 Reward: 232.542 Cost: 3.000
arrive destination: True ,out of road:False   Total T: 293691 Episode Num: 943 Episode T: 183 Reward: 269.620 Cost: 0.000
arrive destination: True ,out of road:False   Total T: 294158 Episode Num: 944 Episode T: 467 Reward: 469.703 Cost: 44.000
arrive destination: True ,out of road:False   Total T: 294498 Episode Num: 945 Episode T: 340 Reward: 395.490 Cost: 0.000
arrive destination: True ,out of road:False   Total T: 294884 Episode Num: 946 Episode T: 386 Reward: 405.253 Cost: 41.000
arrive destination: True ,out of road:False   Total T: 295272 Episode Num: 947 Episode T: 388 Reward: 392.434 Cost: 82.000
arrive destination: True ,out of road:False   Total T: 295535 Episode Num: 948 Episode T: 263 Reward: 294.384 Cost: 13.000
arrive destination: False ,out of road:True   Total T: 295739 Episode Num: 949 Episode T: 204 Reward: 197.277 Cost: 1.000
arrive destination: True ,out of road:False   Total T: 296613 Episode Num: 950 Episode T: 874 Reward: 233.620 Cost: 42.000
arrive destination: True ,out of road:False   Total T: 296785 Episode Num: 951 Episode T: 172 Reward: 269.648 Cost: 0.000
arrive destination: True ,out of road:False   Total T: 297043 Episode Num: 952 Episode T: 258 Reward: 304.229 Cost: 33.000
arrive destination: True ,out of road:False   Total T: 297464 Episode Num: 953 Episode T: 421 Reward: 465.763 Cost: 35.000
arrive destination: False ,out of road:True   Total T: 297809 Episode Num: 954 Episode T: 345 Reward: 345.470 Cost: 36.000
arrive destination: False ,out of road:True   Total T: 297909 Episode Num: 955 Episode T: 100 Reward: 80.974 Cost: 3.000
arrive destination: True ,out of road:False   Total T: 298202 Episode Num: 956 Episode T: 293 Reward: 266.510 Cost: 28.000
arrive destination: True ,out of road:False   Total T: 298458 Episode Num: 957 Episode T: 256 Reward: 265.555 Cost: 5.000
arrive destination: True ,out of road:False   Total T: 298759 Episode Num: 958 Episode T: 301 Reward: 267.305 Cost: 35.000
arrive destination: True ,out of road:False   Total T: 299169 Episode Num: 959 Episode T: 410 Reward: 473.996 Cost: 37.000
arrive destination: True ,out of road:False   Total T: 299635 Episode Num: 960 Episode T: 466 Reward: 464.029 Cost: 61.000
---------------------------------------
Evaluation over 20 episodes: 0.650 Cost 20.050.             SafeRL used : use_td3
---------------------------------------
[34;1m
Time: 2026-06-29 14:32:13, Time spent from previous logger: 141.939 s[0m
[34;1mCustomLogger with fileds: ['total_steps', 'EpRet', 'EpCost', 'CostRate'][0m
[34;1mfieldvalues: [300000, 0.65, 20.05, 0.07869026230087434]
[0m
arrive destination: True ,out of road:False   Total T: 300358 Episode Num: 961 Episode T: 723 Reward: 752.766 Cost: 76.000
arrive destination: True ,out of road:False   Total T: 300602 Episode Num: 962 Episode T: 244 Reward: 288.799 Cost: 19.000
arrive destination: True ,out of road:False   Total T: 300840 Episode Num: 963 Episode T: 238 Reward: 268.237 Cost: 6.000
arrive destination: True ,out of road:False   Total T: 301699 Episode Num: 964 Episode T: 859 Reward: 422.855 Cost: 62.000
arrive destination: True ,out of road:False   Total T: 302255 Episode Num: 965 Episode T: 556 Reward: 419.731 Cost: 80.000
arrive destination: True ,out of road:False   Total T: 302689 Episode Num: 966 Episode T: 434 Reward: 479.251 Cost: 17.000
arrive destination: True ,out of road:False   Total T: 303048 Episode Num: 967 Episode T: 359 Reward: 252.646 Cost: 47.000
arrive destination: True ,out of road:False   Total T: 303297 Episode Num: 968 Episode T: 249 Reward: 295.856 Cost: 27.000
arrive destination: True ,out of road:False   Total T: 303546 Episode Num: 969 Episode T: 249 Reward: 295.952 Cost: 22.000
arrive destination: True ,out of road:False   Total T: 303972 Episode Num: 970 Episode T: 426 Reward: 458.299 Cost: 23.000
arrive destination: True ,out of road:False   Total T: 304221 Episode Num: 971 Episode T: 249 Reward: 268.475 Cost: 4.000
arrive destination: True ,out of road:False   Total T: 304537 Episode Num: 972 Episode T: 316 Reward: 397.832 Cost: 20.000
arrive destination: True ,out of road:False   Total T: 304920 Episode Num: 973 Episode T: 383 Reward: 399.913 Cost: 36.000
arrive destination: True ,out of road:False   Total T: 305313 Episode Num: 974 Episode T: 393 Reward: 469.057 Cost: 29.000
arrive destination: True ,out of road:False   Total T: 305765 Episode Num: 975 Episode T: 452 Reward: 416.740 Cost: 38.000
arrive destination: True ,out of road:False   Total T: 306263 Episode Num: 976 Episode T: 498 Reward: 495.283 Cost: 71.000
arrive destination: True ,out of road:False   Total T: 306843 Episode Num: 977 Episode T: 580 Reward: 368.810 Cost: 61.000
arrive destination: True ,out of road:False   Total T: 307176 Episode Num: 978 Episode T: 333 Reward: 335.831 Cost: 27.000
arrive destination: True ,out of road:False   Total T: 307558 Episode Num: 979 Episode T: 382 Reward: 386.873 Cost: 70.000
arrive destination: True ,out of road:False   Total T: 307863 Episode Num: 980 Episode T: 305 Reward: 267.590 Cost: 40.000
arrive destination: True ,out of road:False   Total T: 308151 Episode Num: 981 Episode T: 288 Reward: 351.310 Cost: 24.000
arrive destination: True ,out of road:False   Total T: 308549 Episode Num: 982 Episode T: 398 Reward: 425.965 Cost: 48.000
arrive destination: True ,out of road:False   Total T: 308965 Episode Num: 983 Episode T: 416 Reward: 380.861 Cost: 55.000
arrive destination: True ,out of road:False   Total T: 309417 Episode Num: 984 Episode T: 452 Reward: 336.140 Cost: 50.000
arrive destination: True ,out of road:False   Total T: 309670 Episode Num: 985 Episode T: 253 Reward: 269.179 Cost: 0.000
---------------------------------------
Evaluation over 20 episodes: 0.750 Cost 31.800.             SafeRL used : use_td3
---------------------------------------
[34;1m
Time: 2026-06-29 14:34:34, Time spent from previous logger: 140.783 s[0m
[34;1mCustomLogger with fileds: ['total_steps', 'EpRet', 'EpCost', 'CostRate'][0m
[34;1mfieldvalues: [310000, 0.75, 31.8, 0.07919057803412269]
[0m
arrive destination: False ,out of road:True   Total T: 310123 Episode Num: 986 Episode T: 453 Reward: 440.196 Cost: 38.000
arrive destination: True ,out of road:False   Total T: 310579 Episode Num: 987 Episode T: 456 Reward: 493.808 Cost: 61.000
arrive destination: True ,out of road:False   Total T: 310845 Episode Num: 988 Episode T: 266 Reward: 294.158 Cost: 20.000
arrive destination: True ,out of road:False   Total T: 311066 Episode Num: 989 Episode T: 221 Reward: 268.984 Cost: 8.000
arrive destination: False ,out of road:True   Total T: 311343 Episode Num: 990 Episode T: 277 Reward: 348.772 Cost: 22.000
arrive destination: True ,out of road:False   Total T: 311566 Episode Num: 991 Episode T: 223 Reward: 271.292 Cost: 16.000
arrive destination: True ,out of road:False   Total T: 311843 Episode Num: 992 Episode T: 277 Reward: 294.561 Cost: 20.000
arrive destination: True ,out of road:False   Total T: 312292 Episode Num: 993 Episode T: 449 Reward: 411.786 Cost: 53.000
arrive destination: True ,out of road:False   Total T: 312530 Episode Num: 994 Episode T: 238 Reward: 274.526 Cost: 8.000
arrive destination: True ,out of road:False   Total T: 312790 Episode Num: 995 Episode T: 260 Reward: 265.801 Cost: 0.000
arrive destination: True ,out of road:False   Total T: 313015 Episode Num: 996 Episode T: 225 Reward: 272.175 Cost: 5.000
arrive destination: True ,out of road:False   Total T: 313359 Episode Num: 997 Episode T: 344 Reward: 398.621 Cost: 0.000
arrive destination: True ,out of road:False   Total T: 313768 Episode Num: 998 Episode T: 409 Reward: 418.198 Cost: 69.000
arrive destination: True ,out of road:False   Total T: 313945 Episode Num: 999 Episode T: 177 Reward: 269.978 Cost: 0.000
arrive destination: True ,out of road:False   Total T: 314141 Episode Num: 1000 Episode T: 196 Reward: 270.134 Cost: 1.000
arrive destination: True ,out of road:False   Total T: 314408 Episode Num: 1001 Episode T: 267 Reward: 269.813 Cost: 0.000
arrive destination: True ,out of road:False   Total T: 314852 Episode Num: 1002 Episode T: 444 Reward: 411.138 Cost: 50.000
arrive destination: True ,out of road:False   Total T: 315235 Episode Num: 1003 Episode T: 383 Reward: 377.829 Cost: 64.000
arrive destination: False ,out of road:True   Total T: 315445 Episode Num: 1004 Episode T: 210 Reward: 177.121 Cost: 20.000
arrive destination: True ,out of road:False   Total T: 315819 Episode Num: 1005 Episode T: 374 Reward: 335.821 Cost: 57.000
arrive destination: True ,out of road:False   Total T: 316277 Episode Num: 1006 Episode T: 458 Reward: 397.708 Cost: 0.000
arrive destination: True ,out of road:False   Total T: 316536 Episode Num: 1007 Episode T: 259 Reward: 270.512 Cost: 6.000
arrive destination: True ,out of road:False   Total T: 316991 Episode Num: 1008 Episode T: 455 Reward: 469.403 Cost: 41.000
arrive destination: True ,out of road:False   Total T: 317488 Episode Num: 1009 Episode T: 497 Reward: 493.371 Cost: 85.000
arrive destination: True ,out of road:False   Total T: 317962 Episode Num: 1010 Episode T: 474 Reward: 407.054 Cost: 64.000
arrive destination: True ,out of road:False   Total T: 318304 Episode Num: 1011 Episode T: 342 Reward: 388.059 Cost: 32.000
arrive destination: True ,out of road:False   Total T: 318602 Episode Num: 1012 Episode T: 298 Reward: 355.759 Cost: 9.000
arrive destination: True ,out of road:False   Total T: 318843 Episode Num: 1013 Episode T: 241 Reward: 288.751 Cost: 23.000
arrive destination: False ,out of road:True   Total T: 319237 Episode Num: 1014 Episode T: 394 Reward: 453.057 Cost: 55.000
arrive destination: True ,out of road:False   Total T: 319414 Episode Num: 1015 Episode T: 177 Reward: 269.344 Cost: 0.000
arrive destination: True ,out of road:False   Total T: 319684 Episode Num: 1016 Episode T: 270 Reward: 293.894 Cost: 14.000
arrive destination: True ,out of road:False   Total T: 319997 Episode Num: 1017 Episode T: 313 Reward: 390.924 Cost: 1.000
---------------------------------------
Evaluation over 20 episodes: 0.550 Cost 36.750.             SafeRL used : use_td3
---------------------------------------
[34;1m
Time: 2026-06-29 14:36:58, Time spent from previous logger: 144.233 s[0m
[34;1mCustomLogger with fileds: ['total_steps', 'EpRet', 'EpCost', 'CostRate'][0m
[34;1mfieldvalues: [320000, 0.55, 36.75, 0.07925337266678958]
[0m
arrive destination: True ,out of road:True   Total T: 320406 Episode Num: 1018 Episode T: 409 Reward: 533.768 Cost: 29.000
arrive destination: True ,out of road:False   Total T: 320819 Episode Num: 1019 Episode T: 413 Reward: 417.066 Cost: 51.000
arrive destination: True ,out of road:False   Total T: 321255 Episode Num: 1020 Episode T: 436 Reward: 410.127 Cost: 58.000
arrive destination: True ,out of road:False   Total T: 321514 Episode Num: 1021 Episode T: 259 Reward: 267.904 Cost: 0.000
arrive destination: False ,out of road:True   Total T: 321616 Episode Num: 1022 Episode T: 102 Reward: 87.558 Cost: 2.000
arrive destination: True ,out of road:False   Total T: 321990 Episode Num: 1023 Episode T: 374 Reward: 370.589 Cost: 23.000
arrive destination: True ,out of road:False   Total T: 322286 Episode Num: 1024 Episode T: 296 Reward: 324.491 Cost: 37.000
arrive destination: True ,out of road:False   Total T: 322689 Episode Num: 1025 Episode T: 403 Reward: 368.671 Cost: 44.000
arrive destination: False ,out of road:True   Total T: 322859 Episode Num: 1026 Episode T: 170 Reward: 185.126 Cost: 5.000
arrive destination: True ,out of road:False   Total T: 323033 Episode Num: 1027 Episode T: 174 Reward: 270.100 Cost: 0.000
arrive destination: True ,out of road:False   Total T: 323264 Episode Num: 1028 Episode T: 231 Reward: 284.567 Cost: 2.000
arrive destination: True ,out of road:False   Total T: 323672 Episode Num: 1029 Episode T: 408 Reward: 373.895 Cost: 61.000
arrive destination: True ,out of road:False   Total T: 323949 Episode Num: 1030 Episode T: 277 Reward: 303.019 Cost: 31.000
arrive destination: True ,out of road:False   Total T: 324311 Episode Num: 1031 Episode T: 362 Reward: 403.609 Cost: 18.000
arrive destination: True ,out of road:False   Total T: 324654 Episode Num: 1032 Episode T: 343 Reward: 365.616 Cost: 52.000
arrive destination: False ,out of road:True   Total T: 324754 Episode Num: 1033 Episode T: 100 Reward: 84.915 Cost: 2.000
arrive destination: True ,out of road:False   Total T: 325004 Episode Num: 1034 Episode T: 250 Reward: 284.273 Cost: 16.000
arrive destination: True ,out of road:False   Total T: 325202 Episode Num: 1035 Episode T: 198 Reward: 242.594 Cost: 13.000
arrive destination: True ,out of road:False   Total T: 325381 Episode Num: 1036 Episode T: 179 Reward: 268.625 Cost: 0.000
arrive destination: True ,out of road:False   Total T: 325782 Episode Num: 1037 Episode T: 401 Reward: 369.915 Cost: 58.000
arrive destination: True ,out of road:False   Total T: 326071 Episode Num: 1038 Episode T: 289 Reward: 304.311 Cost: 15.000
arrive destination: True ,out of road:False   Total T: 326562 Episode Num: 1039 Episode T: 491 Reward: 492.336 Cost: 64.000
arrive destination: True ,out of road:False   Total T: 327060 Episode Num: 1040 Episode T: 498 Reward: 491.342 Cost: 79.000
arrive destination: True ,out of road:False   Total T: 327298 Episode Num: 1041 Episode T: 238 Reward: 286.704 Cost: 30.000
arrive destination: True ,out of road:False   Total T: 327565 Episode Num: 1042 Episode T: 267 Reward: 234.244 Cost: 0.000
arrive destination: True ,out of road:False   Total T: 327951 Episode Num: 1043 Episode T: 386 Reward: 345.749 Cost: 24.000
arrive destination: True ,out of road:False   Total T: 328454 Episode Num: 1044 Episode T: 503 Reward: 404.608 Cost: 49.000
arrive destination: True ,out of road:False   Total T: 328851 Episode Num: 1045 Episode T: 397 Reward: 375.627 Cost: 63.000
arrive destination: True ,out of road:False   Total T: 329261 Episode Num: 1046 Episode T: 410 Reward: 411.123 Cost: 15.000
arrive destination: False ,out of road:True   Total T: 329583 Episode Num: 1047 Episode T: 322 Reward: 341.446 Cost: 40.000
arrive destination: True ,out of road:False   Total T: 329813 Episode Num: 1048 Episode T: 230 Reward: 288.362 Cost: 30.000
---------------------------------------
Evaluation over 20 episodes: 0.650 Cost 26.350.             SafeRL used : use_td3
---------------------------------------
[34;1m
Time: 2026-06-29 14:39:19, Time spent from previous logger: 140.620 s[0m
[34;1mCustomLogger with fileds: ['total_steps', 'EpRet', 'EpCost', 'CostRate'][0m
[34;1mfieldvalues: [330000, 0.65, 26.35, 0.07966387776932657]
[0m
arrive destination: True ,out of road:False   Total T: 330174 Episode Num: 1049 Episode T: 361 Reward: 495.026 Cost: 21.000
arrive destination: True ,out of road:False   Total T: 330393 Episode Num: 1050 Episode T: 219 Reward: 277.171 Cost: 10.000
arrive destination: False ,out of road:True   Total T: 330543 Episode Num: 1051 Episode T: 150 Reward: 193.700 Cost: 7.000
arrive destination: True ,out of road:False   Total T: 330902 Episode Num: 1052 Episode T: 359 Reward: 366.645 Cost: 60.000
arrive destination: True ,out of road:False   Total T: 331258 Episode Num: 1053 Episode T: 356 Reward: 457.444 Cost: 29.000
arrive destination: True ,out of road:False   Total T: 331486 Episode Num: 1054 Episode T: 228 Reward: 279.158 Cost: 4.000
arrive destination: True ,out of road:False   Total T: 331779 Episode Num: 1055 Episode T: 293 Reward: 398.291 Cost: 11.000
arrive destination: True ,out of road:False   Total T: 332037 Episode Num: 1056 Episode T: 258 Reward: 268.623 Cost: 0.000
arrive destination: True ,out of road:False   Total T: 332289 Episode Num: 1057 Episode T: 252 Reward: 234.026 Cost: 3.000
arrive destination: True ,out of road:False   Total T: 332462 Episode Num: 1058 Episode T: 173 Reward: 270.091 Cost: 0.000
arrive destination: True ,out of road:False   Total T: 332959 Episode Num: 1059 Episode T: 497 Reward: 419.124 Cost: 50.000
arrive destination: True ,out of road:False   Total T: 333399 Episode Num: 1060 Episode T: 440 Reward: 469.686 Cost: 46.000
arrive destination: True ,out of road:False   Total T: 333872 Episode Num: 1061 Episode T: 473 Reward: 481.294 Cost: 42.000
arrive destination: True ,out of road:False   Total T: 334128 Episode Num: 1062 Episode T: 256 Reward: 294.638 Cost: 31.000
arrive destination: True ,out of road:False   Total T: 334365 Episode Num: 1063 Episode T: 237 Reward: 272.854 Cost: 1.000
arrive destination: True ,out of road:False   Total T: 334591 Episode Num: 1064 Episode T: 226 Reward: 285.285 Cost: 5.000
arrive destination: False ,out of road:True   Total T: 334737 Episode Num: 1065 Episode T: 146 Reward: 177.624 Cost: 8.000
arrive destination: True ,out of road:False   Total T: 335162 Episode Num: 1066 Episode T: 425 Reward: 378.914 Cost: 66.000
arrive destination: True ,out of road:False   Total T: 335509 Episode Num: 1067 Episode T: 347 Reward: 386.959 Cost: 64.000
arrive destination: True ,out of road:False   Total T: 335945 Episode Num: 1068 Episode T: 436 Reward: 472.038 Cost: 44.000
arrive destination: True ,out of road:False   Total T: 336278 Episode Num: 1069 Episode T: 333 Reward: 369.832 Cost: 20.000
arrive destination: True ,out of road:False   Total T: 336549 Episode Num: 1070 Episode T: 271 Reward: 294.486 Cost: 15.000
arrive destination: True ,out of road:False   Total T: 336960 Episode Num: 1071 Episode T: 411 Reward: 470.438 Cost: 47.000
arrive destination: True ,out of road:False   Total T: 337213 Episode Num: 1072 Episode T: 253 Reward: 266.188 Cost: 3.000
arrive destination: True ,out of road:False   Total T: 337530 Episode Num: 1073 Episode T: 317 Reward: 398.661 Cost: 5.000
arrive destination: False ,out of road:True   Total T: 337687 Episode Num: 1074 Episode T: 157 Reward: 190.069 Cost: 1.000
arrive destination: True ,out of road:False   Total T: 338093 Episode Num: 1075 Episode T: 406 Reward: 410.044 Cost: 39.000
arrive destination: True ,out of road:False   Total T: 338450 Episode Num: 1076 Episode T: 357 Reward: 413.299 Cost: 42.000
arrive destination: False ,out of road:True   Total T: 338673 Episode Num: 1077 Episode T: 223 Reward: 193.308 Cost: 9.000
arrive destination: True ,out of road:False   Total T: 339246 Episode Num: 1078 Episode T: 573 Reward: 492.813 Cost: 85.000
arrive destination: True ,out of road:False   Total T: 339682 Episode Num: 1079 Episode T: 436 Reward: 375.908 Cost: 43.000
arrive destination: True ,out of road:False   Total T: 339857 Episode Num: 1080 Episode T: 175 Reward: 269.234 Cost: 0.000
---------------------------------------
Evaluation over 20 episodes: 0.600 Cost 29.600.             SafeRL used : use_td3
---------------------------------------
[34;1m
Time: 2026-06-29 14:41:37, Time spent from previous logger: 138.183 s[0m
[34;1mCustomLogger with fileds: ['total_steps', 'EpRet', 'EpCost', 'CostRate'][0m
[34;1mfieldvalues: [340000, 0.6, 29.6, 0.07967082256124283]
[0m
arrive destination: True ,out of road:False   Total T: 340462 Episode Num: 1081 Episode T: 605 Reward: 534.126 Cost: 52.000
arrive destination: True ,out of road:False   Total T: 340724 Episode Num: 1082 Episode T: 262 Reward: 308.254 Cost: 37.000
arrive destination: True ,out of road:False   Total T: 341047 Episode Num: 1083 Episode T: 323 Reward: 396.584 Cost: 0.000
arrive destination: True ,out of road:False   Total T: 341474 Episode Num: 1084 Episode T: 427 Reward: 464.928 Cost: 53.000
arrive destination: True ,out of road:False   Total T: 341735 Episode Num: 1085 Episode T: 261 Reward: 293.601 Cost: 24.000
arrive destination: True ,out of road:False   Total T: 341990 Episode Num: 1086 Episode T: 255 Reward: 295.317 Cost: 20.000
arrive destination: True ,out of road:False   Total T: 342269 Episode Num: 1087 Episode T: 279 Reward: 355.164 Cost: 17.000
arrive destination: False ,out of road:True   Total T: 342433 Episode Num: 1088 Episode T: 164 Reward: 137.050 Cost: 24.000
arrive destination: True ,out of road:False   Total T: 342726 Episode Num: 1089 Episode T: 293 Reward: 294.708 Cost: 16.000
arrive destination: True ,out of road:False   Total T: 343171 Episode Num: 1090 Episode T: 445 Reward: 474.509 Cost: 54.000
arrive destination: False ,out of road:True   Total T: 343267 Episode Num: 1091 Episode T: 96 Reward: 80.385 Cost: 2.000
arrive destination: True ,out of road:False   Total T: 343601 Episode Num: 1092 Episode T: 334 Reward: 395.108 Cost: 0.000
arrive destination: True ,out of road:False   Total T: 344060 Episode Num: 1093 Episode T: 459 Reward: 473.484 Cost: 38.000
arrive destination: True ,out of road:False   Total T: 344284 Episode Num: 1094 Episode T: 224 Reward: 284.745 Cost: 5.000
arrive destination: True ,out of road:False   Total T: 344463 Episode Num: 1095 Episode T: 179 Reward: 269.421 Cost: 0.000
arrive destination: True ,out of road:False   Total T: 344807 Episode Num: 1096 Episode T: 344 Reward: 400.792 Cost: 0.000
arrive destination: True ,out of road:False   Total T: 345260 Episode Num: 1097 Episode T: 453 Reward: 495.173 Cost: 62.000
arrive destination: True ,out of road:False   Total T: 345481 Episode Num: 1098 Episode T: 221 Reward: 287.415 Cost: 10.000
arrive destination: True ,out of road:False   Total T: 345864 Episode Num: 1099 Episode T: 383 Reward: 388.972 Cost: 65.000
arrive destination: False ,out of road:True   Total T: 346024 Episode Num: 1100 Episode T: 160 Reward: 190.856 Cost: 10.000
arrive destination: True ,out of road:False   Total T: 346314 Episode Num: 1101 Episode T: 290 Reward: 304.069 Cost: 12.000
arrive destination: True ,out of road:False   Total T: 346578 Episode Num: 1102 Episode T: 264 Reward: 398.542 Cost: 9.000
arrive destination: True ,out of road:False   Total T: 346840 Episode Num: 1103 Episode T: 262 Reward: 295.565 Cost: 20.000
arrive destination: True ,out of road:False   Total T: 347252 Episode Num: 1104 Episode T: 412 Reward: 410.255 Cost: 60.000
arrive destination: True ,out of road:False   Total T: 347582 Episode Num: 1105 Episode T: 330 Reward: 418.033 Cost: 25.000
arrive destination: True ,out of road:False   Total T: 347966 Episode Num: 1106 Episode T: 384 Reward: 376.784 Cost: 47.000
arrive destination: True ,out of road:False   Total T: 348326 Episode Num: 1107 Episode T: 360 Reward: 419.958 Cost: 35.000
arrive destination: False ,out of road:True   Total T: 348530 Episode Num: 1108 Episode T: 204 Reward: 228.063 Cost: 12.000
arrive destination: False ,out of road:True   Total T: 348782 Episode Num: 1109 Episode T: 252 Reward: 243.886 Cost: 6.000
arrive destination: False ,out of road:True   Total T: 348913 Episode Num: 1110 Episode T: 131 Reward: 137.195 Cost: 5.000
arrive destination: True ,out of road:False   Total T: 349143 Episode Num: 1111 Episode T: 230 Reward: 274.627 Cost: 5.000
arrive destination: True ,out of road:False   Total T: 349401 Episode Num: 1112 Episode T: 258 Reward: 294.710 Cost: 22.000
arrive destination: True ,out of road:False   Total T: 349656 Episode Num: 1113 Episode T: 255 Reward: 295.484 Cost: 29.000
arrive destination: True ,out of road:False   Total T: 349908 Episode Num: 1114 Episode T: 252 Reward: 306.093 Cost: 22.000
---------------------------------------
Evaluation over 20 episodes: 0.750 Cost 24.150.             SafeRL used : use_td3
---------------------------------------
[34;1m
Time: 2026-06-29 14:43:55, Time spent from previous logger: 137.650 s[0m
[34;1mCustomLogger with fileds: ['total_steps', 'EpRet', 'EpCost', 'CostRate'][0m
[34;1mfieldvalues: [350000, 0.75, 24.15, 0.0796602276006503]
[0m
arrive destination: True ,out of road:False   Total T: 350331 Episode Num: 1115 Episode T: 423 Reward: 409.789 Cost: 32.000
arrive destination: False ,out of road:True   Total T: 350501 Episode Num: 1116 Episode T: 170 Reward: 162.191 Cost: 20.000
arrive destination: True ,out of road:False   Total T: 350808 Episode Num: 1117 Episode T: 307 Reward: 272.052 Cost: 13.000
arrive destination: True ,out of road:False   Total T: 351311 Episode Num: 1118 Episode T: 503 Reward: 492.357 Cost: 92.000
arrive destination: False ,out of road:True   Total T: 351410 Episode Num: 1119 Episode T: 99 Reward: 90.635 Cost: 2.000
arrive destination: True ,out of road:False   Total T: 351794 Episode Num: 1120 Episode T: 384 Reward: 386.519 Cost: 63.000
arrive destination: True ,out of road:False   Total T: 352104 Episode Num: 1121 Episode T: 310 Reward: 400.264 Cost: 8.000
arrive destination: True ,out of road:False   Total T: 352413 Episode Num: 1122 Episode T: 309 Reward: 371.625 Cost: 18.000
arrive destination: True ,out of road:False   Total T: 352754 Episode Num: 1123 Episode T: 341 Reward: 398.204 Cost: 0.000
arrive destination: True ,out of road:False   Total T: 353173 Episode Num: 1124 Episode T: 419 Reward: 371.417 Cost: 28.000
arrive destination: False ,out of road:True   Total T: 353507 Episode Num: 1125 Episode T: 334 Reward: 344.506 Cost: 22.000
arrive destination: True ,out of road:False   Total T: 353756 Episode Num: 1126 Episode T: 249 Reward: 285.686 Cost: 13.000
arrive destination: True ,out of road:False   Total T: 354097 Episode Num: 1127 Episode T: 341 Reward: 396.691 Cost: 5.000
arrive destination: True ,out of road:False   Total T: 354431 Episode Num: 1128 Episode T: 334 Reward: 355.885 Cost: 43.000
arrive destination: True ,out of road:False   Total T: 354672 Episode Num: 1129 Episode T: 241 Reward: 352.731 Cost: 3.000
arrive destination: False ,out of road:True   Total T: 354780 Episode Num: 1130 Episode T: 108 Reward: 91.894 Cost: 3.000
arrive destination: True ,out of road:False   Total T: 355068 Episode Num: 1131 Episode T: 288 Reward: 351.009 Cost: 14.000
arrive destination: True ,out of road:False   Total T: 355303 Episode Num: 1132 Episode T: 235 Reward: 312.419 Cost: 11.000
arrive destination: True ,out of road:False   Total T: 355653 Episode Num: 1133 Episode T: 350 Reward: 377.109 Cost: 37.000
arrive destination: True ,out of road:False   Total T: 355832 Episode Num: 1134 Episode T: 179 Reward: 270.028 Cost: 0.000
arrive destination: True ,out of road:False   Total T: 356097 Episode Num: 1135 Episode T: 265 Reward: 295.215 Cost: 18.000
arrive destination: True ,out of road:False   Total T: 356485 Episode Num: 1136 Episode T: 388 Reward: 496.834 Cost: 46.000
arrive destination: True ,out of road:False   Total T: 356769 Episode Num: 1137 Episode T: 284 Reward: 269.362 Cost: 26.000
arrive destination: True ,out of road:False   Total T: 357099 Episode Num: 1138 Episode T: 330 Reward: 410.752 Cost: 24.000
arrive destination: True ,out of road:False   Total T: 357527 Episode Num: 1139 Episode T: 428 Reward: 403.842 Cost: 68.000
arrive destination: True ,out of road:False   Total T: 357952 Episode Num: 1140 Episode T: 425 Reward: 421.119 Cost: 34.000
arrive destination: True ,out of road:False   Total T: 358243 Episode Num: 1141 Episode T: 291 Reward: 304.596 Cost: 20.000
arrive destination: False ,out of road:True   Total T: 358554 Episode Num: 1142 Episode T: 311 Reward: 375.304 Cost: 24.000
arrive destination: True ,out of road:False   Total T: 358867 Episode Num: 1143 Episode T: 313 Reward: 272.075 Cost: 24.000
arrive destination: True ,out of road:False   Total T: 359147 Episode Num: 1144 Episode T: 280 Reward: 294.581 Cost: 19.000
arrive destination: True ,out of road:False   Total T: 359381 Episode Num: 1145 Episode T: 234 Reward: 270.876 Cost: 12.000
arrive destination: True ,out of road:False   Total T: 359646 Episode Num: 1146 Episode T: 265 Reward: 267.957 Cost: 0.000
arrive destination: True ,out of road:False   Total T: 359915 Episode Num: 1147 Episode T: 269 Reward: 294.003 Cost: 28.000
---------------------------------------
Evaluation over 20 episodes: 0.700 Cost 23.550.             SafeRL used : use_td3
---------------------------------------
[34;1m
Time: 2026-06-29 14:46:12, Time spent from previous logger: 136.798 s[0m
[34;1mCustomLogger with fileds: ['total_steps', 'EpRet', 'EpCost', 'CostRate'][0m
[34;1mfieldvalues: [360000, 0.7, 23.55, 0.07958633218425606]
[0m
arrive destination: True ,out of road:False   Total T: 360275 Episode Num: 1148 Episode T: 360 Reward: 420.453 Cost: 8.000
arrive destination: False ,out of road:True   Total T: 360372 Episode Num: 1149 Episode T: 97 Reward: 88.665 Cost: 2.000
arrive destination: True ,out of road:False   Total T: 360551 Episode Num: 1150 Episode T: 179 Reward: 269.690 Cost: 0.000
arrive destination: True ,out of road:False   Total T: 360813 Episode Num: 1151 Episode T: 262 Reward: 352.729 Cost: 12.000
arrive destination: True ,out of road:False   Total T: 361069 Episode Num: 1152 Episode T: 256 Reward: 269.179 Cost: 6.000
arrive destination: True ,out of road:False   Total T: 361506 Episode Num: 1153 Episode T: 437 Reward: 473.379 Cost: 36.000
arrive destination: False ,out of road:True   Total T: 361784 Episode Num: 1154 Episode T: 278 Reward: 329.554 Cost: 25.000
arrive destination: True ,out of road:False   Total T: 362127 Episode Num: 1155 Episode T: 343 Reward: 373.516 Cost: 31.000
arrive destination: False ,out of road:False   Total T: 363127 Episode Num: 1156 Episode T: 1000 Reward: 419.932 Cost: 45.000
arrive destination: True ,out of road:False   Total T: 363431 Episode Num: 1157 Episode T: 304 Reward: 271.048 Cost: 24.000
arrive destination: True ,out of road:False   Total T: 363815 Episode Num: 1158 Episode T: 384 Reward: 335.795 Cost: 39.000
arrive destination: True ,out of road:False   Total T: 364305 Episode Num: 1159 Episode T: 490 Reward: 468.987 Cost: 15.000
arrive destination: True ,out of road:False   Total T: 364638 Episode Num: 1160 Episode T: 333 Reward: 345.500 Cost: 48.000
arrive destination: True ,out of road:False   Total T: 365025 Episode Num: 1161 Episode T: 387 Reward: 377.533 Cost: 54.000
arrive destination: True ,out of road:False   Total T: 365321 Episode Num: 1162 Episode T: 296 Reward: 268.408 Cost: 28.000
arrive destination: True ,out of road:True   Total T: 365566 Episode Num: 1163 Episode T: 245 Reward: 322.117 Cost: 10.000
arrive destination: True ,out of road:False   Total T: 365821 Episode Num: 1164 Episode T: 255 Reward: 234.675 Cost: 0.000
arrive destination: True ,out of road:False   Total T: 366317 Episode Num: 1165 Episode T: 496 Reward: 493.483 Cost: 77.000
arrive destination: True ,out of road:False   Total T: 366576 Episode Num: 1166 Episode T: 259 Reward: 271.162 Cost: 1.000
arrive destination: True ,out of road:False   Total T: 366842 Episode Num: 1167 Episode T: 266 Reward: 266.980 Cost: 0.000
arrive destination: True ,out of road:False   Total T: 367218 Episode Num: 1168 Episode T: 376 Reward: 345.627 Cost: 38.000
arrive destination: False ,out of road:True   Total T: 367396 Episode Num: 1169 Episode T: 178 Reward: 210.099 Cost: 14.000
arrive destination: True ,out of road:False   Total T: 367736 Episode Num: 1170 Episode T: 340 Reward: 394.628 Cost: 0.000
arrive destination: True ,out of road:False   Total T: 367987 Episode Num: 1171 Episode T: 251 Reward: 295.475 Cost: 25.000
arrive destination: True ,out of road:False   Total T: 368490 Episode Num: 1172 Episode T: 503 Reward: 493.827 Cost: 86.000
arrive destination: True ,out of road:False   Total T: 368840 Episode Num: 1173 Episode T: 350 Reward: 389.631 Cost: 51.000
arrive destination: True ,out of road:False   Total T: 369360 Episode Num: 1174 Episode T: 520 Reward: 423.857 Cost: 67.000
arrive destination: True ,out of road:False   Total T: 369770 Episode Num: 1175 Episode T: 410 Reward: 471.756 Cost: 34.000
---------------------------------------
Evaluation over 20 episodes: 0.850 Cost 23.950.             SafeRL used : use_td3
---------------------------------------
[34;1m
Time: 2026-06-29 14:48:31, Time spent from previous logger: 139.451 s[0m
[34;1mCustomLogger with fileds: ['total_steps', 'EpRet', 'EpCost', 'CostRate'][0m
[34;1mfieldvalues: [370000, 0.85, 23.95, 0.07958399887567263]
[0m
arrive destination: True ,out of road:False   Total T: 370482 Episode Num: 1176 Episode T: 712 Reward: 716.105 Cost: 98.000
arrive destination: True ,out of road:False   Total T: 370800 Episode Num: 1177 Episode T: 318 Reward: 370.269 Cost: 26.000
arrive destination: True ,out of road:False   Total T: 371015 Episode Num: 1178 Episode T: 215 Reward: 285.952 Cost: 6.000
arrive destination: True ,out of road:False   Total T: 371559 Episode Num: 1179 Episode T: 544 Reward: 497.067 Cost: 68.000
arrive destination: True ,out of road:True   Total T: 371805 Episode Num: 1180 Episode T: 246 Reward: 385.018 Cost: 14.000
arrive destination: True ,out of road:False   Total T: 372485 Episode Num: 1181 Episode T: 680 Reward: 492.852 Cost: 106.000
arrive destination: False ,out of road:True   Total T: 372640 Episode Num: 1182 Episode T: 155 Reward: 176.002 Cost: 6.000
arrive destination: True ,out of road:False   Total T: 372898 Episode Num: 1183 Episode T: 258 Reward: 267.329 Cost: 0.000
arrive destination: True ,out of road:False   Total T: 373156 Episode Num: 1184 Episode T: 258 Reward: 267.990 Cost: 3.000
arrive destination: True ,out of road:False   Total T: 373405 Episode Num: 1185 Episode T: 249 Reward: 233.347 Cost: 34.000
arrive destination: True ,out of road:False   Total T: 373762 Episode Num: 1186 Episode T: 357 Reward: 396.049 Cost: 0.000
arrive destination: False ,out of road:True   Total T: 374039 Episode Num: 1187 Episode T: 277 Reward: 216.842 Cost: 18.000
arrive destination: True ,out of road:False   Total T: 374289 Episode Num: 1188 Episode T: 250 Reward: 253.109 Cost: 47.000
arrive destination: True ,out of road:False   Total T: 374542 Episode Num: 1189 Episode T: 253 Reward: 269.799 Cost: 4.000
arrive destination: False ,out of road:True   Total T: 374793 Episode Num: 1190 Episode T: 251 Reward: 193.344 Cost: 30.000
arrive destination: True ,out of road:False   Total T: 375175 Episode Num: 1191 Episode T: 382 Reward: 375.780 Cost: 64.000
arrive destination: True ,out of road:False   Total T: 375772 Episode Num: 1192 Episode T: 597 Reward: 494.841 Cost: 68.000
arrive destination: True ,out of road:False   Total T: 376025 Episode Num: 1193 Episode T: 253 Reward: 265.716 Cost: 0.000
arrive destination: True ,out of road:False   Total T: 376340 Episode Num: 1194 Episode T: 315 Reward: 335.528 Cost: 25.000
arrive destination: True ,out of road:False   Total T: 376676 Episode Num: 1195 Episode T: 336 Reward: 393.220 Cost: 1.000
arrive destination: True ,out of road:False   Total T: 377265 Episode Num: 1196 Episode T: 589 Reward: 493.849 Cost: 93.000
arrive destination: True ,out of road:False   Total T: 377598 Episode Num: 1197 Episode T: 333 Reward: 394.838 Cost: 0.000
arrive destination: True ,out of road:False   Total T: 377946 Episode Num: 1198 Episode T: 348 Reward: 457.633 Cost: 27.000
arrive destination: True ,out of road:False   Total T: 378175 Episode Num: 1199 Episode T: 229 Reward: 286.978 Cost: 5.000
arrive destination: True ,out of road:False   Total T: 378425 Episode Num: 1200 Episode T: 250 Reward: 295.790 Cost: 26.000
arrive destination: True ,out of road:False   Total T: 378681 Episode Num: 1201 Episode T: 256 Reward: 271.735 Cost: 0.000
arrive destination: True ,out of road:False   Total T: 378916 Episode Num: 1202 Episode T: 235 Reward: 275.569 Cost: 2.000
arrive destination: True ,out of road:False   Total T: 379305 Episode Num: 1203 Episode T: 389 Reward: 379.395 Cost: 60.000
arrive destination: True ,out of road:False   Total T: 379498 Episode Num: 1204 Episode T: 193 Reward: 269.705 Cost: 2.000
arrive destination: True ,out of road:False   Total T: 379837 Episode Num: 1205 Episode T: 339 Reward: 272.950 Cost: 27.000
---------------------------------------
Evaluation over 20 episodes: 0.700 Cost 24.750.             SafeRL used : use_td3
---------------------------------------
[34;1m
Time: 2026-06-29 14:50:48, Time spent from previous logger: 136.976 s[0m
[34;1mCustomLogger with fileds: ['total_steps', 'EpRet', 'EpCost', 'CostRate'][0m
[34;1mfieldvalues: [380000, 0.7, 24.75, 0.07971863083850221]
[0m
arrive destination: True ,out of road:False   Total T: 380232 Episode Num: 1206 Episode T: 395 Reward: 460.757 Cost: 15.000
arrive destination: True ,out of road:False   Total T: 380496 Episode Num: 1207 Episode T: 264 Reward: 232.422 Cost: 21.000
arrive destination: True ,out of road:False   Total T: 380697 Episode Num: 1208 Episode T: 201 Reward: 234.734 Cost: 8.000
arrive destination: True ,out of road:False   Total T: 380984 Episode Num: 1209 Episode T: 287 Reward: 294.357 Cost: 19.000
arrive destination: True ,out of road:False   Total T: 381287 Episode Num: 1210 Episode T: 303 Reward: 267.908 Cost: 10.000
arrive destination: True ,out of road:False   Total T: 381540 Episode Num: 1211 Episode T: 253 Reward: 267.183 Cost: 0.000
arrive destination: True ,out of road:False   Total T: 381887 Episode Num: 1212 Episode T: 347 Reward: 377.021 Cost: 54.000
arrive destination: True ,out of road:False   Total T: 382090 Episode Num: 1213 Episode T: 203 Reward: 233.219 Cost: 11.000
arrive destination: False ,out of road:True   Total T: 382343 Episode Num: 1214 Episode T: 253 Reward: 237.680 Cost: 41.000
arrive destination: True ,out of road:False   Total T: 382600 Episode Num: 1215 Episode T: 257 Reward: 269.591 Cost: 3.000
arrive destination: True ,out of road:False   Total T: 382890 Episode Num: 1216 Episode T: 290 Reward: 314.452 Cost: 35.000
arrive destination: True ,out of road:False   Total T: 383222 Episode Num: 1217 Episode T: 332 Reward: 394.023 Cost: 0.000
arrive destination: True ,out of road:False   Total T: 383524 Episode Num: 1218 Episode T: 302 Reward: 268.814 Cost: 53.000
arrive destination: True ,out of road:False   Total T: 383753 Episode Num: 1219 Episode T: 229 Reward: 355.440 Cost: 10.000
arrive destination: True ,out of road:False   Total T: 384022 Episode Num: 1220 Episode T: 269 Reward: 267.858 Cost: 17.000
arrive destination: True ,out of road:False   Total T: 384436 Episode Num: 1221 Episode T: 414 Reward: 469.009 Cost: 31.000
arrive destination: True ,out of road:False   Total T: 384700 Episode Num: 1222 Episode T: 264 Reward: 295.151 Cost: 17.000
arrive destination: True ,out of road:False   Total T: 384998 Episode Num: 1223 Episode T: 298 Reward: 269.816 Cost: 55.000
arrive destination: True ,out of road:False   Total T: 385347 Episode Num: 1224 Episode T: 349 Reward: 377.898 Cost: 35.000
arrive destination: False ,out of road:True   Total T: 385587 Episode Num: 1225 Episode T: 240 Reward: 268.381 Cost: 6.000
arrive destination: True ,out of road:False   Total T: 385803 Episode Num: 1226 Episode T: 216 Reward: 233.086 Cost: 9.000
arrive destination: True ,out of road:False   Total T: 386301 Episode Num: 1227 Episode T: 498 Reward: 496.277 Cost: 62.000
arrive destination: True ,out of road:False   Total T: 386706 Episode Num: 1228 Episode T: 405 Reward: 369.622 Cost: 35.000
arrive destination: True ,out of road:False   Total T: 387013 Episode Num: 1229 Episode T: 307 Reward: 294.364 Cost: 30.000
arrive destination: False ,out of road:True   Total T: 387264 Episode Num: 1230 Episode T: 251 Reward: 199.715 Cost: 31.000
arrive destination: True ,out of road:False   Total T: 387604 Episode Num: 1231 Episode T: 340 Reward: 418.214 Cost: 43.000
arrive destination: True ,out of road:False   Total T: 388057 Episode Num: 1232 Episode T: 453 Reward: 471.098 Cost: 34.000
arrive destination: True ,out of road:False   Total T: 388382 Episode Num: 1233 Episode T: 325 Reward: 366.285 Cost: 27.000
arrive destination: True ,out of road:False   Total T: 388731 Episode Num: 1234 Episode T: 349 Reward: 400.740 Cost: 6.000
arrive destination: True ,out of road:False   Total T: 389027 Episode Num: 1235 Episode T: 296 Reward: 268.098 Cost: 53.000
arrive destination: True ,out of road:False   Total T: 389389 Episode Num: 1236 Episode T: 362 Reward: 376.449 Cost: 47.000
arrive destination: True ,out of road:False   Total T: 389650 Episode Num: 1237 Episode T: 261 Reward: 295.859 Cost: 32.000
arrive destination: False ,out of road:True   Total T: 389750 Episode Num: 1238 Episode T: 100 Reward: 77.569 Cost: 4.000
arrive destination: True ,out of road:False   Total T: 389984 Episode Num: 1239 Episode T: 234 Reward: 277.233 Cost: 0.000
---------------------------------------
Evaluation over 20 episodes: 0.900 Cost 28.500.             SafeRL used : use_td3
---------------------------------------
[34;1m
Time: 2026-06-29 14:53:04, Time spent from previous logger: 135.709 s[0m
[34;1mCustomLogger with fileds: ['total_steps', 'EpRet', 'EpCost', 'CostRate'][0m
[34;1mfieldvalues: [390000, 0.9, 28.5, 0.07984892268954535]
[0m
arrive destination: True ,out of road:False   Total T: 390250 Episode Num: 1240 Episode T: 266 Reward: 268.098 Cost: 0.000
arrive destination: True ,out of road:False   Total T: 390592 Episode Num: 1241 Episode T: 342 Reward: 399.583 Cost: 16.000
arrive destination: False ,out of road:True   Total T: 390726 Episode Num: 1242 Episode T: 134 Reward: 112.357 Cost: 6.000
arrive destination: True ,out of road:False   Total T: 391016 Episode Num: 1243 Episode T: 290 Reward: 335.558 Cost: 33.000
arrive destination: True ,out of road:False   Total T: 391310 Episode Num: 1244 Episode T: 294 Reward: 269.131 Cost: 52.000
arrive destination: False ,out of road:True   Total T: 391516 Episode Num: 1245 Episode T: 206 Reward: 202.884 Cost: 2.000
arrive destination: True ,out of road:True   Total T: 391942 Episode Num: 1246 Episode T: 426 Reward: 457.176 Cost: 45.000
arrive destination: True ,out of road:False   Total T: 392261 Episode Num: 1247 Episode T: 319 Reward: 390.947 Cost: 0.000
arrive destination: True ,out of road:False   Total T: 392443 Episode Num: 1248 Episode T: 182 Reward: 269.327 Cost: 0.000
arrive destination: True ,out of road:False   Total T: 392783 Episode Num: 1249 Episode T: 340 Reward: 394.415 Cost: 0.000
arrive destination: True ,out of road:False   Total T: 393132 Episode Num: 1250 Episode T: 349 Reward: 376.916 Cost: 58.000
arrive destination: True ,out of road:False   Total T: 393577 Episode Num: 1251 Episode T: 445 Reward: 379.611 Cost: 56.000
arrive destination: True ,out of road:False   Total T: 393829 Episode Num: 1252 Episode T: 252 Reward: 295.862 Cost: 25.000
arrive destination: False ,out of road:True   Total T: 394164 Episode Num: 1253 Episode T: 335 Reward: 403.231 Cost: 25.000
arrive destination: True ,out of road:False   Total T: 394387 Episode Num: 1254 Episode T: 223 Reward: 280.588 Cost: 10.000
arrive destination: True ,out of road:False   Total T: 394605 Episode Num: 1255 Episode T: 218 Reward: 287.864 Cost: 6.000
arrive destination: True ,out of road:False   Total T: 394937 Episode Num: 1256 Episode T: 332 Reward: 393.136 Cost: 0.000
arrive destination: True ,out of road:False   Total T: 395155 Episode Num: 1257 Episode T: 218 Reward: 232.679 Cost: 10.000
arrive destination: False ,out of road:True   Total T: 395318 Episode Num: 1258 Episode T: 163 Reward: 192.732 Cost: 12.000
arrive destination: True ,out of road:False   Total T: 395591 Episode Num: 1259 Episode T: 273 Reward: 233.028 Cost: 19.000
arrive destination: False ,out of road:True   Total T: 395801 Episode Num: 1260 Episode T: 210 Reward: 192.672 Cost: 18.000
arrive destination: False ,out of road:True   Total T: 395904 Episode Num: 1261 Episode T: 103 Reward: 81.703 Cost: 1.000
arrive destination: True ,out of road:False   Total T: 396154 Episode Num: 1262 Episode T: 250 Reward: 276.178 Cost: 3.000
arrive destination: False ,out of road:True   Total T: 396256 Episode Num: 1263 Episode T: 102 Reward: 77.569 Cost: 4.000
arrive destination: True ,out of road:False   Total T: 396514 Episode Num: 1264 Episode T: 258 Reward: 286.274 Cost: 12.000
arrive destination: True ,out of road:False   Total T: 396770 Episode Num: 1265 Episode T: 256 Reward: 233.087 Cost: 4.000
arrive destination: True ,out of road:False   Total T: 397130 Episode Num: 1266 Episode T: 360 Reward: 418.736 Cost: 42.000
arrive destination: True ,out of road:False   Total T: 397379 Episode Num: 1267 Episode T: 249 Reward: 233.115 Cost: 32.000
arrive destination: True ,out of road:False   Total T: 397719 Episode Num: 1268 Episode T: 340 Reward: 399.067 Cost: 18.000
arrive destination: True ,out of road:False   Total T: 397995 Episode Num: 1269 Episode T: 276 Reward: 336.239 Cost: 19.000
arrive destination: True ,out of road:False   Total T: 398361 Episode Num: 1270 Episode T: 366 Reward: 417.081 Cost: 43.000
arrive destination: True ,out of road:False   Total T: 398619 Episode Num: 1271 Episode T: 258 Reward: 267.193 Cost: 0.000
arrive destination: True ,out of road:False   Total T: 398884 Episode Num: 1272 Episode T: 265 Reward: 271.865 Cost: 17.000
arrive destination: True ,out of road:False   Total T: 399301 Episode Num: 1273 Episode T: 417 Reward: 474.011 Cost: 46.000
arrive destination: False ,out of road:True   Total T: 399398 Episode Num: 1274 Episode T: 97 Reward: 84.118 Cost: 3.000
arrive destination: True ,out of road:False   Total T: 399729 Episode Num: 1275 Episode T: 331 Reward: 367.322 Cost: 25.000
---------------------------------------
Evaluation over 20 episodes: 0.650 Cost 23.800.             SafeRL used : use_td3
---------------------------------------
[34;1m
Time: 2026-06-29 14:55:19, Time spent from previous logger: 134.919 s[0m
[34;1mCustomLogger with fileds: ['total_steps', 'EpRet', 'EpCost', 'CostRate'][0m
[34;1mfieldvalues: [400000, 0.65, 23.8, 0.07959769899424748]
[0m
arrive destination: True ,out of road:False   Total T: 400246 Episode Num: 1276 Episode T: 517 Reward: 623.416 Cost: 38.000
arrive destination: True ,out of road:False   Total T: 400643 Episode Num: 1277 Episode T: 397 Reward: 396.349 Cost: 63.000
arrive destination: True ,out of road:False   Total T: 400895 Episode Num: 1278 Episode T: 252 Reward: 266.709 Cost: 0.000
arrive destination: True ,out of road:False   Total T: 401347 Episode Num: 1279 Episode T: 452 Reward: 416.696 Cost: 44.000
arrive destination: True ,out of road:False   Total T: 401686 Episode Num: 1280 Episode T: 339 Reward: 394.052 Cost: 0.000
arrive destination: True ,out of road:False   Total T: 402052 Episode Num: 1281 Episode T: 366 Reward: 398.548 Cost: 25.000
arrive destination: True ,out of road:False   Total T: 402302 Episode Num: 1282 Episode T: 250 Reward: 233.000 Cost: 10.000
arrive destination: True ,out of road:False   Total T: 402677 Episode Num: 1283 Episode T: 375 Reward: 335.855 Cost: 49.000
arrive destination: False ,out of road:True   Total T: 402867 Episode Num: 1284 Episode T: 190 Reward: 172.191 Cost: 32.000
arrive destination: True ,out of road:False   Total T: 403249 Episode Num: 1285 Episode T: 382 Reward: 380.377 Cost: 75.000
arrive destination: True ,out of road:False   Total T: 403466 Episode Num: 1286 Episode T: 217 Reward: 288.217 Cost: 8.000
arrive destination: True ,out of road:False   Total T: 403806 Episode Num: 1287 Episode T: 340 Reward: 408.272 Cost: 19.000
arrive destination: True ,out of road:False   Total T: 404091 Episode Num: 1288 Episode T: 285 Reward: 304.066 Cost: 30.000
arrive destination: True ,out of road:False   Total T: 404331 Episode Num: 1289 Episode T: 240 Reward: 351.264 Cost: 10.000
arrive destination: True ,out of road:False   Total T: 404744 Episode Num: 1290 Episode T: 413 Reward: 462.989 Cost: 38.000
arrive destination: True ,out of road:False   Total T: 405114 Episode Num: 1291 Episode T: 370 Reward: 418.084 Cost: 27.000
arrive destination: True ,out of road:False   Total T: 405448 Episode Num: 1292 Episode T: 334 Reward: 397.801 Cost: 0.000
arrive destination: True ,out of road:True   Total T: 405858 Episode Num: 1293 Episode T: 410 Reward: 421.167 Cost: 67.000
arrive destination: True ,out of road:False   Total T: 406081 Episode Num: 1294 Episode T: 223 Reward: 273.993 Cost: 11.000
arrive destination: True ,out of road:False   Total T: 406526 Episode Num: 1295 Episode T: 445 Reward: 474.654 Cost: 27.000
arrive destination: True ,out of road:False   Total T: 406821 Episode Num: 1296 Episode T: 295 Reward: 350.689 Cost: 20.000
arrive destination: True ,out of road:False   Total T: 407355 Episode Num: 1297 Episode T: 534 Reward: 381.211 Cost: 81.000
arrive destination: False ,out of road:True   Total T: 407576 Episode Num: 1298 Episode T: 221 Reward: 216.053 Cost: 9.000
arrive destination: True ,out of road:False   Total T: 408004 Episode Num: 1299 Episode T: 428 Reward: 494.858 Cost: 34.000
arrive destination: True ,out of road:False   Total T: 408433 Episode Num: 1300 Episode T: 429 Reward: 377.050 Cost: 62.000
arrive destination: True ,out of road:False   Total T: 408795 Episode Num: 1301 Episode T: 362 Reward: 397.834 Cost: 12.000
arrive destination: True ,out of road:False   Total T: 409294 Episode Num: 1302 Episode T: 499 Reward: 493.841 Cost: 69.000
arrive destination: True ,out of road:False   Total T: 409522 Episode Num: 1303 Episode T: 228 Reward: 288.353 Cost: 10.000
arrive destination: True ,out of road:False   Total T: 409770 Episode Num: 1304 Episode T: 248 Reward: 335.794 Cost: 1.000
arrive destination: True ,out of road:False   Total T: 409992 Episode Num: 1305 Episode T: 222 Reward: 277.033 Cost: 24.000
---------------------------------------
Evaluation over 20 episodes: 0.800 Cost 23.450.             SafeRL used : use_td3
---------------------------------------
[34;1m
Time: 2026-06-29 14:57:39, Time spent from previous logger: 140.253 s[0m
[34;1mCustomLogger with fileds: ['total_steps', 'EpRet', 'EpCost', 'CostRate'][0m
[34;1mfieldvalues: [410000, 0.8, 23.45, 0.0797514140278391]
[0m
arrive destination: True ,out of road:False   Total T: 410410 Episode Num: 1306 Episode T: 418 Reward: 473.225 Cost: 30.000
arrive destination: True ,out of road:False   Total T: 410740 Episode Num: 1307 Episode T: 330 Reward: 394.178 Cost: 0.000
arrive destination: True ,out of road:False   Total T: 410962 Episode Num: 1308 Episode T: 222 Reward: 278.094 Cost: 4.000
arrive destination: False ,out of road:True   Total T: 411241 Episode Num: 1309 Episode T: 279 Reward: 186.575 Cost: 15.000
arrive destination: True ,out of road:False   Total T: 411490 Episode Num: 1310 Episode T: 249 Reward: 305.286 Cost: 32.000
arrive destination: True ,out of road:False   Total T: 411738 Episode Num: 1311 Episode T: 248 Reward: 266.557 Cost: 0.000
arrive destination: False ,out of road:True   Total T: 411838 Episode Num: 1312 Episode T: 100 Reward: 77.422 Cost: 5.000
arrive destination: True ,out of road:False   Total T: 412244 Episode Num: 1313 Episode T: 406 Reward: 491.304 Cost: 39.000
arrive destination: True ,out of road:False   Total T: 412471 Episode Num: 1314 Episode T: 227 Reward: 287.031 Cost: 8.000
arrive destination: True ,out of road:False   Total T: 412668 Episode Num: 1315 Episode T: 197 Reward: 232.402 Cost: 7.000
arrive destination: False ,out of road:True   Total T: 412971 Episode Num: 1316 Episode T: 303 Reward: 254.191 Cost: 40.000
arrive destination: False ,out of road:True   Total T: 413282 Episode Num: 1317 Episode T: 311 Reward: 343.685 Cost: 38.000
arrive destination: True ,out of road:False   Total T: 413526 Episode Num: 1318 Episode T: 244 Reward: 269.690 Cost: 9.000
arrive destination: True ,out of road:False   Total T: 413845 Episode Num: 1319 Episode T: 319 Reward: 394.155 Cost: 0.000
arrive destination: True ,out of road:False   Total T: 414025 Episode Num: 1320 Episode T: 180 Reward: 269.616 Cost: 0.000
arrive destination: True ,out of road:False   Total T: 414333 Episode Num: 1321 Episode T: 308 Reward: 368.317 Cost: 11.000
arrive destination: True ,out of road:False   Total T: 414544 Episode Num: 1322 Episode T: 211 Reward: 287.675 Cost: 8.000
arrive destination: True ,out of road:False   Total T: 414873 Episode Num: 1323 Episode T: 329 Reward: 345.792 Cost: 22.000
arrive destination: True ,out of road:False   Total T: 415220 Episode Num: 1324 Episode T: 347 Reward: 377.283 Cost: 43.000
arrive destination: True ,out of road:False   Total T: 415588 Episode Num: 1325 Episode T: 368 Reward: 336.192 Cost: 49.000
arrive destination: True ,out of road:False   Total T: 415876 Episode Num: 1326 Episode T: 288 Reward: 335.535 Cost: 29.000
arrive destination: True ,out of road:False   Total T: 416193 Episode Num: 1327 Episode T: 317 Reward: 397.683 Cost: 21.000
arrive destination: True ,out of road:False   Total T: 416443 Episode Num: 1328 Episode T: 250 Reward: 267.145 Cost: 0.000
arrive destination: True ,out of road:False   Total T: 416789 Episode Num: 1329 Episode T: 346 Reward: 403.857 Cost: 25.000
arrive destination: True ,out of road:False   Total T: 417039 Episode Num: 1330 Episode T: 250 Reward: 265.923 Cost: 0.000
arrive destination: True ,out of road:False   Total T: 417330 Episode Num: 1331 Episode T: 291 Reward: 363.273 Cost: 28.000
arrive destination: False ,out of road:True   Total T: 417570 Episode Num: 1332 Episode T: 240 Reward: 63.693 Cost: 21.000
arrive destination: False ,out of road:True   Total T: 417889 Episode Num: 1333 Episode T: 319 Reward: 248.415 Cost: 62.000
arrive destination: True ,out of road:False   Total T: 418174 Episode Num: 1334 Episode T: 285 Reward: 396.960 Cost: 18.000
arrive destination: True ,out of road:False   Total T: 418499 Episode Num: 1335 Episode T: 325 Reward: 371.393 Cost: 20.000
arrive destination: True ,out of road:False   Total T: 418980 Episode Num: 1336 Episode T: 481 Reward: 473.034 Cost: 56.000
arrive destination: True ,out of road:False   Total T: 419278 Episode Num: 1337 Episode T: 298 Reward: 294.707 Cost: 28.000
arrive destination: True ,out of road:False   Total T: 419597 Episode Num: 1338 Episode T: 319 Reward: 393.466 Cost: 0.000
arrive destination: True ,out of road:False   Total T: 419858 Episode Num: 1339 Episode T: 261 Reward: 350.872 Cost: 6.000
---------------------------------------
Evaluation over 20 episodes: 0.650 Cost 20.800.             SafeRL used : use_td3
---------------------------------------
[34;1m
Time: 2026-06-29 14:59:52, Time spent from previous logger: 133.147 s[0m
[34;1mCustomLogger with fileds: ['total_steps', 'EpRet', 'EpCost', 'CostRate'][0m
[34;1mfieldvalues: [420000, 0.65, 20.8, 0.07947399874761607]
[0m
arrive destination: True ,out of road:False   Total T: 420355 Episode Num: 1340 Episode T: 497 Reward: 571.204 Cost: 31.000
arrive destination: True ,out of road:False   Total T: 420605 Episode Num: 1341 Episode T: 250 Reward: 252.039 Cost: 13.000
arrive destination: True ,out of road:False   Total T: 420832 Episode Num: 1342 Episode T: 227 Reward: 273.531 Cost: 8.000
arrive destination: True ,out of road:False   Total T: 421226 Episode Num: 1343 Episode T: 394 Reward: 463.255 Cost: 18.000
arrive destination: True ,out of road:False   Total T: 421689 Episode Num: 1344 Episode T: 463 Reward: 415.290 Cost: 34.000
arrive destination: False ,out of road:True   Total T: 421802 Episode Num: 1345 Episode T: 113 Reward: 77.827 Cost: 6.000
arrive destination: True ,out of road:False   Total T: 422094 Episode Num: 1346 Episode T: 292 Reward: 370.950 Cost: 10.000
arrive destination: True ,out of road:False   Total T: 422319 Episode Num: 1347 Episode T: 225 Reward: 233.076 Cost: 17.000
arrive destination: True ,out of road:False   Total T: 422569 Episode Num: 1348 Episode T: 250 Reward: 295.471 Cost: 25.000
arrive destination: True ,out of road:False   Total T: 422996 Episode Num: 1349 Episode T: 427 Reward: 466.198 Cost: 22.000
arrive destination: True ,out of road:False   Total T: 423176 Episode Num: 1350 Episode T: 180 Reward: 270.013 Cost: 0.000
arrive destination: True ,out of road:False   Total T: 423721 Episode Num: 1351 Episode T: 545 Reward: 460.201 Cost: 37.000
arrive destination: False ,out of road:True   Total T: 423954 Episode Num: 1352 Episode T: 233 Reward: 226.625 Cost: 12.000
arrive destination: True ,out of road:False   Total T: 424304 Episode Num: 1353 Episode T: 350 Reward: 380.575 Cost: 49.000
arrive destination: True ,out of road:False   Total T: 424688 Episode Num: 1354 Episode T: 384 Reward: 366.089 Cost: 45.000
arrive destination: True ,out of road:False   Total T: 424990 Episode Num: 1355 Episode T: 302 Reward: 294.446 Cost: 12.000
arrive destination: True ,out of road:False   Total T: 425376 Episode Num: 1356 Episode T: 386 Reward: 464.640 Cost: 4.000
arrive destination: True ,out of road:False   Total T: 425790 Episode Num: 1357 Episode T: 414 Reward: 474.269 Cost: 24.000
arrive destination: True ,out of road:False   Total T: 425972 Episode Num: 1358 Episode T: 182 Reward: 270.074 Cost: 0.000
arrive destination: False ,out of road:True   Total T: 426103 Episode Num: 1359 Episode T: 131 Reward: 156.531 Cost: 1.000
arrive destination: False ,out of road:True   Total T: 426472 Episode Num: 1360 Episode T: 369 Reward: 418.263 Cost: 24.000
arrive destination: False ,out of road:True   Total T: 426740 Episode Num: 1361 Episode T: 268 Reward: 306.535 Cost: 5.000
arrive destination: True ,out of road:False   Total T: 427165 Episode Num: 1362 Episode T: 425 Reward: 496.743 Cost: 56.000
arrive destination: True ,out of road:False   Total T: 427417 Episode Num: 1363 Episode T: 252 Reward: 288.238 Cost: 38.000
arrive destination: True ,out of road:False   Total T: 427696 Episode Num: 1364 Episode T: 279 Reward: 346.011 Cost: 21.000
arrive destination: True ,out of road:False   Total T: 428046 Episode Num: 1365 Episode T: 350 Reward: 419.487 Cost: 53.000
arrive destination: False ,out of road:True   Total T: 428349 Episode Num: 1366 Episode T: 303 Reward: 335.101 Cost: 32.000
arrive destination: True ,out of road:False   Total T: 428578 Episode Num: 1367 Episode T: 229 Reward: 279.865 Cost: 3.000
arrive destination: True ,out of road:False   Total T: 428890 Episode Num: 1368 Episode T: 312 Reward: 398.321 Cost: 14.000
arrive destination: True ,out of road:False   Total T: 429136 Episode Num: 1369 Episode T: 246 Reward: 284.076 Cost: 10.000
arrive destination: True ,out of road:False   Total T: 429359 Episode Num: 1370 Episode T: 223 Reward: 275.967 Cost: 3.000
arrive destination: True ,out of road:False   Total T: 429720 Episode Num: 1371 Episode T: 361 Reward: 456.544 Cost: 16.000
arrive destination: True ,out of road:False   Total T: 429941 Episode Num: 1372 Episode T: 221 Reward: 276.988 Cost: 4.000
---------------------------------------
Evaluation over 20 episodes: 0.600 Cost 27.000.             SafeRL used : use_td3
---------------------------------------
[34;1m
Time: 2026-06-29 15:02:11, Time spent from previous logger: 138.443 s[0m
[34;1mCustomLogger with fileds: ['total_steps', 'EpRet', 'EpCost', 'CostRate'][0m
[34;1mfieldvalues: [430000, 0.6, 27.0, 0.07911413747473832]
[0m
arrive destination: True ,out of road:False   Total T: 430253 Episode Num: 1373 Episode T: 312 Reward: 322.172 Cost: 6.000
arrive destination: True ,out of road:False   Total T: 430703 Episode Num: 1374 Episode T: 450 Reward: 375.139 Cost: 82.000
arrive destination: True ,out of road:False   Total T: 431004 Episode Num: 1375 Episode T: 301 Reward: 377.857 Cost: 37.000
arrive destination: True ,out of road:False   Total T: 431267 Episode Num: 1376 Episode T: 263 Reward: 271.880 Cost: 0.000
arrive destination: True ,out of road:False   Total T: 431551 Episode Num: 1377 Episode T: 284 Reward: 398.425 Cost: 17.000
arrive destination: True ,out of road:False   Total T: 431913 Episode Num: 1378 Episode T: 362 Reward: 455.914 Cost: 22.000
arrive destination: True ,out of road:False   Total T: 432246 Episode Num: 1379 Episode T: 333 Reward: 336.139 Cost: 45.000
arrive destination: True ,out of road:False   Total T: 432572 Episode Num: 1380 Episode T: 326 Reward: 393.006 Cost: 0.000
arrive destination: True ,out of road:False   Total T: 432796 Episode Num: 1381 Episode T: 224 Reward: 277.667 Cost: 4.000
arrive destination: True ,out of road:False   Total T: 432972 Episode Num: 1382 Episode T: 176 Reward: 269.775 Cost: 0.000
arrive destination: True ,out of road:False   Total T: 433207 Episode Num: 1383 Episode T: 235 Reward: 268.286 Cost: 2.000
arrive destination: True ,out of road:False   Total T: 433571 Episode Num: 1384 Episode T: 364 Reward: 459.834 Cost: 6.000
arrive destination: True ,out of road:False   Total T: 433956 Episode Num: 1385 Episode T: 385 Reward: 378.824 Cost: 57.000
arrive destination: True ,out of road:False   Total T: 434216 Episode Num: 1386 Episode T: 260 Reward: 233.354 Cost: 3.000
arrive destination: True ,out of road:False   Total T: 434456 Episode Num: 1387 Episode T: 240 Reward: 286.041 Cost: 14.000
arrive destination: True ,out of road:False   Total T: 434770 Episode Num: 1388 Episode T: 314 Reward: 389.717 Cost: 0.000
arrive destination: True ,out of road:False   Total T: 435068 Episode Num: 1389 Episode T: 298 Reward: 268.653 Cost: 12.000
arrive destination: True ,out of road:False   Total T: 435377 Episode Num: 1390 Episode T: 309 Reward: 396.799 Cost: 17.000
arrive destination: True ,out of road:False   Total T: 435692 Episode Num: 1391 Episode T: 315 Reward: 393.920 Cost: 0.000
arrive destination: True ,out of road:False   Total T: 435983 Episode Num: 1392 Episode T: 291 Reward: 294.540 Cost: 20.000
arrive destination: False ,out of road:False   Total T: 436983 Episode Num: 1393 Episode T: 1000 Reward: 327.667 Cost: 46.000
arrive destination: True ,out of road:False   Total T: 437262 Episode Num: 1394 Episode T: 279 Reward: 294.819 Cost: 17.000
arrive destination: True ,out of road:False   Total T: 437531 Episode Num: 1395 Episode T: 269 Reward: 232.515 Cost: 1.000
arrive destination: True ,out of road:False   Total T: 437874 Episode Num: 1396 Episode T: 343 Reward: 382.799 Cost: 60.000
arrive destination: True ,out of road:False   Total T: 438203 Episode Num: 1397 Episode T: 329 Reward: 295.615 Cost: 27.000
arrive destination: True ,out of road:False   Total T: 438550 Episode Num: 1398 Episode T: 347 Reward: 377.953 Cost: 41.000
arrive destination: True ,out of road:False   Total T: 438831 Episode Num: 1399 Episode T: 281 Reward: 270.575 Cost: 19.000
arrive destination: True ,out of road:False   Total T: 439274 Episode Num: 1400 Episode T: 443 Reward: 471.916 Cost: 48.000
arrive destination: True ,out of road:False   Total T: 439507 Episode Num: 1401 Episode T: 233 Reward: 280.278 Cost: 0.000
arrive destination: True ,out of road:False   Total T: 439936 Episode Num: 1402 Episode T: 429 Reward: 470.178 Cost: 51.000
---------------------------------------
Evaluation over 20 episodes: 0.550 Cost 15.650.             SafeRL used : use_td3
---------------------------------------
[34;1m
Time: 2026-06-29 15:04:16, Time spent from previous logger: 125.801 s[0m
[34;1mCustomLogger with fileds: ['total_steps', 'EpRet', 'EpCost', 'CostRate'][0m
[34;1mfieldvalues: [440000, 0.55, 15.65, 0.07880245182375414]
[0m
arrive destination: True ,out of road:False   Total T: 440394 Episode Num: 1403 Episode T: 458 Reward: 510.971 Cost: 50.000
arrive destination: False ,out of road:True   Total T: 440494 Episode Num: 1404 Episode T: 100 Reward: 77.433 Cost: 3.000
arrive destination: True ,out of road:False   Total T: 440998 Episode Num: 1405 Episode T: 504 Reward: 495.274 Cost: 79.000
arrive destination: False ,out of road:True   Total T: 441153 Episode Num: 1406 Episode T: 155 Reward: 177.072 Cost: 5.000
arrive destination: True ,out of road:False   Total T: 441428 Episode Num: 1407 Episode T: 275 Reward: 232.432 Cost: 1.000
arrive destination: True ,out of road:False   Total T: 441648 Episode Num: 1408 Episode T: 220 Reward: 286.350 Cost: 4.000
arrive destination: True ,out of road:False   Total T: 441956 Episode Num: 1409 Episode T: 308 Reward: 269.869 Cost: 42.000
arrive destination: True ,out of road:False   Total T: 442334 Episode Num: 1410 Episode T: 378 Reward: 416.483 Cost: 41.000
arrive destination: True ,out of road:False   Total T: 442674 Episode Num: 1411 Episode T: 340 Reward: 398.261 Cost: 15.000
arrive destination: True ,out of road:False   Total T: 443093 Episode Num: 1412 Episode T: 419 Reward: 466.565 Cost: 24.000
arrive destination: True ,out of road:False   Total T: 443364 Episode Num: 1413 Episode T: 271 Reward: 352.253 Cost: 8.000
arrive destination: False ,out of road:True   Total T: 443570 Episode Num: 1414 Episode T: 206 Reward: 191.217 Cost: 31.000
arrive destination: False ,out of road:True   Total T: 443842 Episode Num: 1415 Episode T: 272 Reward: 217.191 Cost: 32.000
arrive destination: True ,out of road:False   Total T: 444111 Episode Num: 1416 Episode T: 269 Reward: 271.245 Cost: 0.000
arrive destination: False ,out of road:True   Total T: 444378 Episode Num: 1417 Episode T: 267 Reward: 291.704 Cost: 18.000
arrive destination: True ,out of road:False   Total T: 444628 Episode Num: 1418 Episode T: 250 Reward: 235.149 Cost: 14.000
arrive destination: True ,out of road:False   Total T: 444996 Episode Num: 1419 Episode T: 368 Reward: 411.916 Cost: 34.000
arrive destination: True ,out of road:False   Total T: 445245 Episode Num: 1420 Episode T: 249 Reward: 288.803 Cost: 30.000
arrive destination: False ,out of road:True   Total T: 445461 Episode Num: 1421 Episode T: 216 Reward: 226.823 Cost: 16.000
arrive destination: True ,out of road:False   Total T: 445811 Episode Num: 1422 Episode T: 350 Reward: 376.710 Cost: 43.000
arrive destination: True ,out of road:False   Total T: 446042 Episode Num: 1423 Episode T: 231 Reward: 288.013 Cost: 3.000
arrive destination: True ,out of road:False   Total T: 446460 Episode Num: 1424 Episode T: 418 Reward: 378.087 Cost: 46.000
arrive destination: True ,out of road:False   Total T: 446856 Episode Num: 1425 Episode T: 396 Reward: 431.492 Cost: 47.000
arrive destination: True ,out of road:False   Total T: 447242 Episode Num: 1426 Episode T: 386 Reward: 412.320 Cost: 58.000
arrive destination: True ,out of road:False   Total T: 447539 Episode Num: 1427 Episode T: 297 Reward: 350.570 Cost: 26.000
arrive destination: True ,out of road:False   Total T: 447769 Episode Num: 1428 Episode T: 230 Reward: 234.675 Cost: 18.000
arrive destination: True ,out of road:False   Total T: 448114 Episode Num: 1429 Episode T: 345 Reward: 377.543 Cost: 37.000
arrive destination: True ,out of road:False   Total T: 448384 Episode Num: 1430 Episode T: 270 Reward: 233.633 Cost: 2.000
arrive destination: False ,out of road:True   Total T: 448590 Episode Num: 1431 Episode T: 206 Reward: 189.619 Cost: 34.000
arrive destination: True ,out of road:False   Total T: 448951 Episode Num: 1432 Episode T: 361 Reward: 459.727 Cost: 6.000
arrive destination: True ,out of road:False   Total T: 449200 Episode Num: 1433 Episode T: 249 Reward: 266.056 Cost: 0.000
arrive destination: True ,out of road:False   Total T: 449458 Episode Num: 1434 Episode T: 258 Reward: 266.427 Cost: 0.000
arrive destination: False ,out of road:True   Total T: 449670 Episode Num: 1435 Episode T: 212 Reward: 231.877 Cost: 4.000
---------------------------------------
Evaluation over 20 episodes: 0.750 Cost 18.100.             SafeRL used : use_td3
---------------------------------------
[34;1m
Time: 2026-06-29 15:06:31, Time spent from previous logger: 134.223 s[0m
[34;1mCustomLogger with fileds: ['total_steps', 'EpRet', 'EpCost', 'CostRate'][0m
[34;1mfieldvalues: [450000, 0.75, 18.1, 0.07884906410903135]
[0m
arrive destination: False ,out of road:True   Total T: 450157 Episode Num: 1436 Episode T: 487 Reward: 547.554 Cost: 46.000
arrive destination: True ,out of road:False   Total T: 450411 Episode Num: 1437 Episode T: 254 Reward: 233.088 Cost: 9.000
arrive destination: True ,out of road:False   Total T: 450773 Episode Num: 1438 Episode T: 362 Reward: 419.812 Cost: 34.000
arrive destination: True ,out of road:False   Total T: 451110 Episode Num: 1439 Episode T: 337 Reward: 407.453 Cost: 27.000
arrive destination: True ,out of road:False   Total T: 451520 Episode Num: 1440 Episode T: 410 Reward: 336.254 Cost: 39.000
arrive destination: True ,out of road:False   Total T: 451758 Episode Num: 1441 Episode T: 238 Reward: 286.456 Cost: 13.000
arrive destination: True ,out of road:False   Total T: 452060 Episode Num: 1442 Episode T: 302 Reward: 287.748 Cost: 39.000
arrive destination: True ,out of road:False   Total T: 452490 Episode Num: 1443 Episode T: 430 Reward: 474.168 Cost: 26.000
arrive destination: False ,out of road:True   Total T: 452721 Episode Num: 1444 Episode T: 231 Reward: 268.433 Cost: 25.000
arrive destination: True ,out of road:False   Total T: 452972 Episode Num: 1445 Episode T: 251 Reward: 295.773 Cost: 32.000
arrive destination: True ,out of road:False   Total T: 453317 Episode Num: 1446 Episode T: 345 Reward: 416.418 Cost: 54.000
arrive destination: False ,out of road:True   Total T: 453527 Episode Num: 1447 Episode T: 210 Reward: 226.196 Cost: 15.000
arrive destination: True ,out of road:False   Total T: 453858 Episode Num: 1448 Episode T: 331 Reward: 294.723 Cost: 17.000
arrive destination: True ,out of road:False   Total T: 454375 Episode Num: 1449 Episode T: 517 Reward: 492.416 Cost: 84.000
arrive destination: True ,out of road:False   Total T: 454619 Episode Num: 1450 Episode T: 244 Reward: 288.590 Cost: 18.000
arrive destination: True ,out of road:False   Total T: 454934 Episode Num: 1451 Episode T: 315 Reward: 397.010 Cost: 20.000
arrive destination: True ,out of road:False   Total T: 455113 Episode Num: 1452 Episode T: 179 Reward: 269.466 Cost: 0.000
arrive destination: True ,out of road:False   Total T: 455290 Episode Num: 1453 Episode T: 177 Reward: 269.993 Cost: 0.000
arrive destination: True ,out of road:False   Total T: 455555 Episode Num: 1454 Episode T: 265 Reward: 295.086 Cost: 16.000
arrive destination: True ,out of road:False   Total T: 455806 Episode Num: 1455 Episode T: 251 Reward: 295.571 Cost: 34.000
arrive destination: True ,out of road:False   Total T: 455981 Episode Num: 1456 Episode T: 175 Reward: 269.448 Cost: 0.000
arrive destination: True ,out of road:False   Total T: 456239 Episode Num: 1457 Episode T: 258 Reward: 294.837 Cost: 14.000
arrive destination: True ,out of road:False   Total T: 456639 Episode Num: 1458 Episode T: 400 Reward: 406.452 Cost: 44.000
arrive destination: True ,out of road:False   Total T: 456876 Episode Num: 1459 Episode T: 237 Reward: 290.928 Cost: 7.000
arrive destination: True ,out of road:False   Total T: 457310 Episode Num: 1460 Episode T: 434 Reward: 382.411 Cost: 72.000
arrive destination: True ,out of road:False   Total T: 457593 Episode Num: 1461 Episode T: 283 Reward: 233.118 Cost: 2.000
arrive destination: True ,out of road:False   Total T: 457841 Episode Num: 1462 Episode T: 248 Reward: 268.203 Cost: 0.000
arrive destination: True ,out of road:False   Total T: 458092 Episode Num: 1463 Episode T: 251 Reward: 295.841 Cost: 19.000
arrive destination: True ,out of road:False   Total T: 458644 Episode Num: 1464 Episode T: 552 Reward: 493.513 Cost: 66.000
arrive destination: True ,out of road:False   Total T: 458866 Episode Num: 1465 Episode T: 222 Reward: 335.015 Cost: 0.000
arrive destination: True ,out of road:False   Total T: 459194 Episode Num: 1466 Episode T: 328 Reward: 392.177 Cost: 0.000
arrive destination: False ,out of road:True   Total T: 459338 Episode Num: 1467 Episode T: 144 Reward: 178.128 Cost: 1.000
arrive destination: True ,out of road:False   Total T: 459657 Episode Num: 1468 Episode T: 319 Reward: 370.524 Cost: 33.000
arrive destination: True ,out of road:False   Total T: 459979 Episode Num: 1469 Episode T: 322 Reward: 417.304 Cost: 41.000
---------------------------------------
Evaluation over 20 episodes: 1.000 Cost 30.250.             SafeRL used : use_td3
---------------------------------------
[34;1m
Time: 2026-06-29 15:08:49, Time spent from previous logger: 138.804 s[0m
[34;1mCustomLogger with fileds: ['total_steps', 'EpRet', 'EpCost', 'CostRate'][0m
[34;1mfieldvalues: [460000, 1.0, 30.25, 0.07889364976880385]
[0m
arrive destination: True ,out of road:False   Total T: 460255 Episode Num: 1470 Episode T: 276 Reward: 292.261 Cost: 32.000
arrive destination: True ,out of road:False   Total T: 460821 Episode Num: 1471 Episode T: 566 Reward: 496.252 Cost: 61.000
arrive destination: True ,out of road:False   Total T: 461172 Episode Num: 1472 Episode T: 351 Reward: 398.548 Cost: 13.000
arrive destination: True ,out of road:False   Total T: 461351 Episode Num: 1473 Episode T: 179 Reward: 269.768 Cost: 0.000
arrive destination: True ,out of road:False   Total T: 461704 Episode Num: 1474 Episode T: 353 Reward: 369.004 Cost: 42.000
arrive destination: True ,out of road:False   Total T: 461951 Episode Num: 1475 Episode T: 247 Reward: 233.312 Cost: 11.000
arrive destination: True ,out of road:False   Total T: 462182 Episode Num: 1476 Episode T: 231 Reward: 278.929 Cost: 8.000
arrive destination: True ,out of road:False   Total T: 462420 Episode Num: 1477 Episode T: 238 Reward: 279.166 Cost: 1.000
arrive destination: True ,out of road:False   Total T: 462745 Episode Num: 1478 Episode T: 325 Reward: 394.286 Cost: 0.000
arrive destination: True ,out of road:False   Total T: 463023 Episode Num: 1479 Episode T: 278 Reward: 353.919 Cost: 23.000
arrive destination: True ,out of road:False   Total T: 463350 Episode Num: 1480 Episode T: 327 Reward: 366.428 Cost: 40.000
arrive destination: True ,out of road:False   Total T: 463716 Episode Num: 1481 Episode T: 366 Reward: 379.286 Cost: 44.000
arrive destination: True ,out of road:False   Total T: 463951 Episode Num: 1482 Episode T: 235 Reward: 336.132 Cost: 17.000
arrive destination: True ,out of road:False   Total T: 464384 Episode Num: 1483 Episode T: 433 Reward: 506.551 Cost: 51.000
arrive destination: False ,out of road:True   Total T: 464538 Episode Num: 1484 Episode T: 154 Reward: 176.864 Cost: 7.000
arrive destination: True ,out of road:False   Total T: 465010 Episode Num: 1485 Episode T: 472 Reward: 497.475 Cost: 79.000
arrive destination: True ,out of road:False   Total T: 465357 Episode Num: 1486 Episode T: 347 Reward: 459.056 Cost: 50.000
arrive destination: False ,out of road:True   Total T: 465455 Episode Num: 1487 Episode T: 98 Reward: 88.536 Cost: 3.000
arrive destination: True ,out of road:False   Total T: 465852 Episode Num: 1488 Episode T: 397 Reward: 461.320 Cost: 29.000
arrive destination: True ,out of road:False   Total T: 466098 Episode Num: 1489 Episode T: 246 Reward: 235.371 Cost: 22.000
arrive destination: True ,out of road:False   Total T: 466391 Episode Num: 1490 Episode T: 293 Reward: 336.170 Cost: 9.000
arrive destination: False ,out of road:True   Total T: 466547 Episode Num: 1491 Episode T: 156 Reward: 178.777 Cost: 4.000
arrive destination: True ,out of road:False   Total T: 466885 Episode Num: 1492 Episode T: 338 Reward: 410.084 Cost: 17.000
arrive destination: True ,out of road:False   Total T: 467112 Episode Num: 1493 Episode T: 227 Reward: 288.415 Cost: 11.000
arrive destination: True ,out of road:False   Total T: 467448 Episode Num: 1494 Episode T: 336 Reward: 420.486 Cost: 38.000
arrive destination: True ,out of road:False   Total T: 467936 Episode Num: 1495 Episode T: 488 Reward: 481.823 Cost: 42.000
arrive destination: True ,out of road:False   Total T: 468189 Episode Num: 1496 Episode T: 253 Reward: 295.566 Cost: 20.000
arrive destination: True ,out of road:False   Total T: 468525 Episode Num: 1497 Episode T: 336 Reward: 395.907 Cost: 0.000
arrive destination: True ,out of road:False   Total T: 468859 Episode Num: 1498 Episode T: 334 Reward: 335.864 Cost: 40.000
arrive destination: True ,out of road:False   Total T: 469089 Episode Num: 1499 Episode T: 230 Reward: 266.744 Cost: 8.000
arrive destination: True ,out of road:False   Total T: 469631 Episode Num: 1500 Episode T: 542 Reward: 495.781 Cost: 83.000
arrive destination: True ,out of road:False   Total T: 469925 Episode Num: 1501 Episode T: 294 Reward: 271.831 Cost: 41.000
---------------------------------------
Evaluation over 20 episodes: 0.850 Cost 27.300.             SafeRL used : use_td3
---------------------------------------
[34;1m
Time: 2026-06-29 15:11:09, Time spent from previous logger: 139.532 s[0m
[34;1mCustomLogger with fileds: ['total_steps', 'EpRet', 'EpCost', 'CostRate'][0m
[34;1mfieldvalues: [470000, 0.85, 27.3, 0.0790150617341739]
[0m
arrive destination: True ,out of road:False   Total T: 470315 Episode Num: 1502 Episode T: 390 Reward: 326.737 Cost: 22.000
arrive destination: True ,out of road:False   Total T: 470641 Episode Num: 1503 Episode T: 326 Reward: 407.631 Cost: 31.000
arrive destination: False ,out of road:True   Total T: 470954 Episode Num: 1504 Episode T: 313 Reward: 244.956 Cost: 53.000
arrive destination: False ,out of road:True   Total T: 471389 Episode Num: 1505 Episode T: 435 Reward: 448.672 Cost: 49.000
arrive destination: True ,out of road:False   Total T: 471648 Episode Num: 1506 Episode T: 259 Reward: 273.603 Cost: 25.000
arrive destination: True ,out of road:False   Total T: 471897 Episode Num: 1507 Episode T: 249 Reward: 295.452 Cost: 24.000
arrive destination: True ,out of road:False   Total T: 472333 Episode Num: 1508 Episode T: 436 Reward: 483.250 Cost: 46.000
arrive destination: True ,out of road:False   Total T: 472570 Episode Num: 1509 Episode T: 237 Reward: 272.846 Cost: 22.000
arrive destination: False ,out of road:True   Total T: 472727 Episode Num: 1510 Episode T: 157 Reward: 166.448 Cost: 3.000
arrive destination: True ,out of road:False   Total T: 473114 Episode Num: 1511 Episode T: 387 Reward: 378.174 Cost: 53.000
arrive destination: True ,out of road:True   Total T: 473522 Episode Num: 1512 Episode T: 408 Reward: 521.951 Cost: 42.000
arrive destination: True ,out of road:False   Total T: 473773 Episode Num: 1513 Episode T: 251 Reward: 232.810 Cost: 3.000
arrive destination: True ,out of road:False   Total T: 474182 Episode Num: 1514 Episode T: 409 Reward: 506.090 Cost: 56.000
arrive destination: True ,out of road:False   Total T: 474422 Episode Num: 1515 Episode T: 240 Reward: 288.869 Cost: 14.000
arrive destination: True ,out of road:False   Total T: 474688 Episode Num: 1516 Episode T: 266 Reward: 269.403 Cost: 0.000
arrive destination: True ,out of road:False   Total T: 475105 Episode Num: 1517 Episode T: 417 Reward: 368.981 Cost: 75.000
arrive destination: True ,out of road:False   Total T: 475281 Episode Num: 1518 Episode T: 176 Reward: 269.642 Cost: 0.000
arrive destination: True ,out of road:False   Total T: 475568 Episode Num: 1519 Episode T: 287 Reward: 295.855 Cost: 45.000
arrive destination: True ,out of road:False   Total T: 475911 Episode Num: 1520 Episode T: 343 Reward: 368.457 Cost: 48.000
arrive destination: True ,out of road:False   Total T: 476252 Episode Num: 1521 Episode T: 341 Reward: 428.671 Cost: 41.000
arrive destination: True ,out of road:False   Total T: 476506 Episode Num: 1522 Episode T: 254 Reward: 295.775 Cost: 23.000
arrive destination: True ,out of road:False   Total T: 476734 Episode Num: 1523 Episode T: 228 Reward: 286.687 Cost: 3.000
arrive destination: False ,out of road:True   Total T: 476949 Episode Num: 1524 Episode T: 215 Reward: 261.693 Cost: 7.000
arrive destination: True ,out of road:False   Total T: 477312 Episode Num: 1525 Episode T: 363 Reward: 459.418 Cost: 9.000
arrive destination: False ,out of road:True   Total T: 477411 Episode Num: 1526 Episode T: 99 Reward: 77.400 Cost: 5.000
arrive destination: False ,out of road:True   Total T: 477517 Episode Num: 1527 Episode T: 106 Reward: 98.267 Cost: 2.000
arrive destination: False ,out of road:True   Total T: 477936 Episode Num: 1528 Episode T: 419 Reward: 436.340 Cost: 51.000
arrive destination: True ,out of road:False   Total T: 478190 Episode Num: 1529 Episode T: 254 Reward: 294.379 Cost: 18.000
arrive destination: True ,out of road:False   Total T: 478534 Episode Num: 1530 Episode T: 344 Reward: 365.404 Cost: 39.000
arrive destination: True ,out of road:False   Total T: 478782 Episode Num: 1531 Episode T: 248 Reward: 362.338 Cost: 18.000
arrive destination: True ,out of road:False   Total T: 479047 Episode Num: 1532 Episode T: 265 Reward: 269.313 Cost: 31.000
arrive destination: True ,out of road:False   Total T: 479455 Episode Num: 1533 Episode T: 408 Reward: 472.244 Cost: 24.000
arrive destination: True ,out of road:False   Total T: 479679 Episode Num: 1534 Episode T: 224 Reward: 271.682 Cost: 4.000
---------------------------------------
Evaluation over 20 episodes: 0.700 Cost 12.750.             SafeRL used : use_td3
---------------------------------------
[34;1m
Time: 2026-06-29 15:13:19, Time spent from previous logger: 130.456 s[0m
[34;1mCustomLogger with fileds: ['total_steps', 'EpRet', 'EpCost', 'CostRate'][0m
[34;1mfieldvalues: [480000, 0.7, 12.75, 0.07922724839010081]
[0m
arrive destination: True ,out of road:False   Total T: 480227 Episode Num: 1535 Episode T: 548 Reward: 411.261 Cost: 15.000
arrive destination: False ,out of road:True   Total T: 480403 Episode Num: 1536 Episode T: 176 Reward: 218.944 Cost: 10.000
arrive destination: True ,out of road:False   Total T: 480648 Episode Num: 1537 Episode T: 245 Reward: 233.597 Cost: 10.000
arrive destination: True ,out of road:False   Total T: 480903 Episode Num: 1538 Episode T: 255 Reward: 296.054 Cost: 32.000
arrive destination: True ,out of road:False   Total T: 481205 Episode Num: 1539 Episode T: 302 Reward: 270.321 Cost: 31.000
arrive destination: True ,out of road:False   Total T: 481529 Episode Num: 1540 Episode T: 324 Reward: 393.156 Cost: 0.000
arrive destination: True ,out of road:False   Total T: 481742 Episode Num: 1541 Episode T: 213 Reward: 288.552 Cost: 13.000
arrive destination: True ,out of road:False   Total T: 481966 Episode Num: 1542 Episode T: 224 Reward: 296.104 Cost: 19.000
arrive destination: False ,out of road:True   Total T: 482070 Episode Num: 1543 Episode T: 104 Reward: 86.507 Cost: 3.000
arrive destination: True ,out of road:False   Total T: 482455 Episode Num: 1544 Episode T: 385 Reward: 404.362 Cost: 73.000
arrive destination: True ,out of road:False   Total T: 482896 Episode Num: 1545 Episode T: 441 Reward: 416.846 Cost: 66.000
arrive destination: False ,out of road:True   Total T: 483097 Episode Num: 1546 Episode T: 201 Reward: 243.523 Cost: 8.000
arrive destination: True ,out of road:False   Total T: 483479 Episode Num: 1547 Episode T: 382 Reward: 378.342 Cost: 63.000
arrive destination: True ,out of road:False   Total T: 483889 Episode Num: 1548 Episode T: 410 Reward: 466.051 Cost: 35.000
arrive destination: True ,out of road:False   Total T: 484065 Episode Num: 1549 Episode T: 176 Reward: 269.228 Cost: 0.000
arrive destination: True ,out of road:False   Total T: 484397 Episode Num: 1550 Episode T: 332 Reward: 460.697 Cost: 0.000
arrive destination: True ,out of road:False   Total T: 484706 Episode Num: 1551 Episode T: 309 Reward: 270.779 Cost: 36.000
arrive destination: True ,out of road:False   Total T: 484931 Episode Num: 1552 Episode T: 225 Reward: 271.425 Cost: 0.000
arrive destination: True ,out of road:False   Total T: 485276 Episode Num: 1553 Episode T: 345 Reward: 376.130 Cost: 61.000
arrive destination: True ,out of road:False   Total T: 485616 Episode Num: 1554 Episode T: 340 Reward: 377.514 Cost: 49.000
arrive destination: True ,out of road:False   Total T: 485867 Episode Num: 1555 Episode T: 251 Reward: 295.519 Cost: 23.000
arrive destination: True ,out of road:False   Total T: 486127 Episode Num: 1556 Episode T: 260 Reward: 271.194 Cost: 38.000
arrive destination: True ,out of road:False   Total T: 486472 Episode Num: 1557 Episode T: 345 Reward: 400.005 Cost: 28.000
arrive destination: True ,out of road:False   Total T: 486717 Episode Num: 1558 Episode T: 245 Reward: 288.401 Cost: 25.000
arrive destination: True ,out of road:False   Total T: 487044 Episode Num: 1559 Episode T: 327 Reward: 459.105 Cost: 1.000
arrive destination: False ,out of road:True   Total T: 487254 Episode Num: 1560 Episode T: 210 Reward: 307.939 Cost: 11.000
arrive destination: True ,out of road:False   Total T: 487520 Episode Num: 1561 Episode T: 266 Reward: 270.738 Cost: 31.000
arrive destination: True ,out of road:False   Total T: 487830 Episode Num: 1562 Episode T: 310 Reward: 369.096 Cost: 28.000
arrive destination: True ,out of road:False   Total T: 488080 Episode Num: 1563 Episode T: 250 Reward: 295.787 Cost: 33.000
arrive destination: True ,out of road:False   Total T: 488382 Episode Num: 1564 Episode T: 302 Reward: 294.402 Cost: 20.000
arrive destination: True ,out of road:False   Total T: 488611 Episode Num: 1565 Episode T: 229 Reward: 298.272 Cost: 8.000
arrive destination: True ,out of road:False   Total T: 489065 Episode Num: 1566 Episode T: 454 Reward: 497.657 Cost: 45.000
arrive destination: True ,out of road:False   Total T: 489320 Episode Num: 1567 Episode T: 255 Reward: 347.334 Cost: 2.000
arrive destination: True ,out of road:False   Total T: 489567 Episode Num: 1568 Episode T: 247 Reward: 242.884 Cost: 7.000
arrive destination: True ,out of road:False   Total T: 489817 Episode Num: 1569 Episode T: 250 Reward: 305.500 Cost: 25.000
---------------------------------------
Evaluation over 20 episodes: 0.700 Cost 22.350.             SafeRL used : use_td3
---------------------------------------
[34;1m
Time: 2026-06-29 15:15:38, Time spent from previous logger: 138.475 s[0m
[34;1mCustomLogger with fileds: ['total_steps', 'EpRet', 'EpCost', 'CostRate'][0m
[34;1mfieldvalues: [490000, 0.7, 22.35, 0.07937567219524938]
[0m
arrive destination: True ,out of road:False   Total T: 490249 Episode Num: 1570 Episode T: 432 Reward: 457.158 Cost: 39.000
arrive destination: True ,out of road:False   Total T: 490613 Episode Num: 1571 Episode T: 364 Reward: 462.849 Cost: 9.000
arrive destination: True ,out of road:False   Total T: 490850 Episode Num: 1572 Episode T: 237 Reward: 288.507 Cost: 15.000
arrive destination: True ,out of road:False   Total T: 491242 Episode Num: 1573 Episode T: 392 Reward: 378.520 Cost: 59.000
arrive destination: True ,out of road:False   Total T: 491559 Episode Num: 1574 Episode T: 317 Reward: 336.053 Cost: 23.000
arrive destination: False ,out of road:False   Total T: 492559 Episode Num: 1575 Episode T: 1000 Reward: 85.602 Cost: 7.000
arrive destination: True ,out of road:False   Total T: 492806 Episode Num: 1576 Episode T: 247 Reward: 288.629 Cost: 25.000
arrive destination: True ,out of road:False   Total T: 493047 Episode Num: 1577 Episode T: 241 Reward: 271.602 Cost: 18.000
arrive destination: True ,out of road:False   Total T: 493285 Episode Num: 1578 Episode T: 238 Reward: 299.415 Cost: 8.000
arrive destination: True ,out of road:False   Total T: 493695 Episode Num: 1579 Episode T: 410 Reward: 462.658 Cost: 43.000
arrive destination: True ,out of road:False   Total T: 494083 Episode Num: 1580 Episode T: 388 Reward: 465.842 Cost: 17.000
arrive destination: True ,out of road:False   Total T: 494332 Episode Num: 1581 Episode T: 249 Reward: 267.173 Cost: 0.000
arrive destination: True ,out of road:False   Total T: 494562 Episode Num: 1582 Episode T: 230 Reward: 276.524 Cost: 13.000
arrive destination: True ,out of road:False   Total T: 494811 Episode Num: 1583 Episode T: 249 Reward: 268.271 Cost: 0.000
arrive destination: True ,out of road:False   Total T: 495045 Episode Num: 1584 Episode T: 234 Reward: 269.432 Cost: 0.000
arrive destination: True ,out of road:False   Total T: 495301 Episode Num: 1585 Episode T: 256 Reward: 267.927 Cost: 2.000
arrive destination: True ,out of road:False   Total T: 495795 Episode Num: 1586 Episode T: 494 Reward: 493.097 Cost: 74.000
arrive destination: False ,out of road:True   Total T: 496032 Episode Num: 1587 Episode T: 237 Reward: 310.820 Cost: 5.000
arrive destination: True ,out of road:False   Total T: 496428 Episode Num: 1588 Episode T: 396 Reward: 472.426 Cost: 21.000
arrive destination: True ,out of road:False   Total T: 496655 Episode Num: 1589 Episode T: 227 Reward: 277.400 Cost: 2.000
arrive destination: True ,out of road:False   Total T: 496835 Episode Num: 1590 Episode T: 180 Reward: 269.021 Cost: 0.000
arrive destination: True ,out of road:False   Total T: 497198 Episode Num: 1591 Episode T: 363 Reward: 420.486 Cost: 39.000
arrive destination: True ,out of road:False   Total T: 497542 Episode Num: 1592 Episode T: 344 Reward: 398.004 Cost: 4.000
arrive destination: True ,out of road:False   Total T: 497764 Episode Num: 1593 Episode T: 222 Reward: 284.537 Cost: 6.000
arrive destination: True ,out of road:False   Total T: 498146 Episode Num: 1594 Episode T: 382 Reward: 386.599 Cost: 63.000
arrive destination: True ,out of road:False   Total T: 498366 Episode Num: 1595 Episode T: 220 Reward: 275.621 Cost: 12.000
arrive destination: True ,out of road:False   Total T: 498589 Episode Num: 1596 Episode T: 223 Reward: 286.382 Cost: 9.000
arrive destination: True ,out of road:False   Total T: 498876 Episode Num: 1597 Episode T: 287 Reward: 335.758 Cost: 15.000
arrive destination: True ,out of road:False   Total T: 499098 Episode Num: 1598 Episode T: 222 Reward: 273.813 Cost: 0.000
arrive destination: True ,out of road:True   Total T: 499345 Episode Num: 1599 Episode T: 247 Reward: 304.144 Cost: 15.000
arrive destination: True ,out of road:False   Total T: 499563 Episode Num: 1600 Episode T: 218 Reward: 274.653 Cost: 10.000
arrive destination: True ,out of road:False   Total T: 499950 Episode Num: 1601 Episode T: 387 Reward: 377.655 Cost: 68.000
---------------------------------------
Evaluation over 20 episodes: 0.750 Cost 19.500.             SafeRL used : use_td3
---------------------------------------
[34;1m
Time: 2026-06-29 15:17:50, Time spent from previous logger: 132.401 s[0m
[34;1mCustomLogger with fileds: ['total_steps', 'EpRet', 'EpCost', 'CostRate'][0m
[34;1mfieldvalues: [500000, 0.75, 19.5, 0.07898615797231595]
[0m
arrive destination: True ,out of road:False   Total T: 500255 Episode Num: 1602 Episode T: 305 Reward: 374.250 Cost: 3.000
arrive destination: True ,out of road:False   Total T: 500492 Episode Num: 1603 Episode T: 237 Reward: 266.338 Cost: 7.000
arrive destination: True ,out of road:False   Total T: 500778 Episode Num: 1604 Episode T: 286 Reward: 268.975 Cost: 9.000
arrive destination: True ,out of road:False   Total T: 501094 Episode Num: 1605 Episode T: 316 Reward: 393.536 Cost: 0.000
arrive destination: True ,out of road:False   Total T: 501418 Episode Num: 1606 Episode T: 324 Reward: 368.060 Cost: 25.000
arrive destination: True ,out of road:False   Total T: 501596 Episode Num: 1607 Episode T: 178 Reward: 269.667 Cost: 0.000
arrive destination: True ,out of road:False   Total T: 501982 Episode Num: 1608 Episode T: 386 Reward: 379.430 Cost: 68.000
arrive destination: True ,out of road:False   Total T: 502245 Episode Num: 1609 Episode T: 263 Reward: 273.512 Cost: 30.000
arrive destination: True ,out of road:False   Total T: 502486 Episode Num: 1610 Episode T: 241 Reward: 292.472 Cost: 12.000
arrive destination: True ,out of road:False   Total T: 502823 Episode Num: 1611 Episode T: 337 Reward: 335.574 Cost: 31.000
arrive destination: True ,out of road:False   Total T: 503071 Episode Num: 1612 Episode T: 248 Reward: 244.434 Cost: 17.000
arrive destination: False ,out of road:True   Total T: 503256 Episode Num: 1613 Episode T: 185 Reward: 219.663 Cost: 11.000
arrive destination: False ,out of road:True   Total T: 503362 Episode Num: 1614 Episode T: 106 Reward: 94.125 Cost: 2.000
arrive destination: False ,out of road:True   Total T: 503459 Episode Num: 1615 Episode T: 97 Reward: 77.100 Cost: 3.000
arrive destination: True ,out of road:False   Total T: 503687 Episode Num: 1616 Episode T: 228 Reward: 278.294 Cost: 4.000
arrive destination: False ,out of road:True   Total T: 503876 Episode Num: 1617 Episode T: 189 Reward: 247.401 Cost: 8.000
arrive destination: True ,out of road:False   Total T: 504269 Episode Num: 1618 Episode T: 393 Reward: 380.019 Cost: 42.000
arrive destination: True ,out of road:False   Total T: 504524 Episode Num: 1619 Episode T: 255 Reward: 354.683 Cost: 17.000
arrive destination: True ,out of road:False   Total T: 504769 Episode Num: 1620 Episode T: 245 Reward: 265.931 Cost: 0.000
arrive destination: True ,out of road:False   Total T: 505012 Episode Num: 1621 Episode T: 243 Reward: 266.950 Cost: 2.000
arrive destination: True ,out of road:False   Total T: 505415 Episode Num: 1622 Episode T: 403 Reward: 459.692 Cost: 25.000
arrive destination: True ,out of road:False   Total T: 505586 Episode Num: 1623 Episode T: 171 Reward: 268.743 Cost: 0.000
arrive destination: True ,out of road:False   Total T: 505823 Episode Num: 1624 Episode T: 237 Reward: 274.281 Cost: 10.000
arrive destination: True ,out of road:False   Total T: 506046 Episode Num: 1625 Episode T: 223 Reward: 289.045 Cost: 1.000
arrive destination: True ,out of road:False   Total T: 506385 Episode Num: 1626 Episode T: 339 Reward: 459.008 Cost: 10.000
arrive destination: False ,out of road:True   Total T: 506610 Episode Num: 1627 Episode T: 225 Reward: 193.963 Cost: 14.000
arrive destination: True ,out of road:True   Total T: 506877 Episode Num: 1628 Episode T: 267 Reward: 347.911 Cost: 12.000
arrive destination: True ,out of road:False   Total T: 507145 Episode Num: 1629 Episode T: 268 Reward: 271.252 Cost: 20.000
arrive destination: True ,out of road:False   Total T: 507757 Episode Num: 1630 Episode T: 612 Reward: 439.140 Cost: 68.000
arrive destination: False ,out of road:True   Total T: 507870 Episode Num: 1631 Episode T: 113 Reward: 80.479 Cost: 12.000
arrive destination: False ,out of road:True   Total T: 508055 Episode Num: 1632 Episode T: 185 Reward: 234.748 Cost: 1.000
arrive destination: True ,out of road:False   Total T: 508361 Episode Num: 1633 Episode T: 306 Reward: 408.954 Cost: 28.000
arrive destination: True ,out of road:False   Total T: 508699 Episode Num: 1634 Episode T: 338 Reward: 457.377 Cost: 11.000
arrive destination: True ,out of road:False   Total T: 509051 Episode Num: 1635 Episode T: 352 Reward: 365.728 Cost: 44.000
arrive destination: True ,out of road:False   Total T: 509388 Episode Num: 1636 Episode T: 337 Reward: 412.700 Cost: 12.000
arrive destination: True ,out of road:False   Total T: 509641 Episode Num: 1637 Episode T: 253 Reward: 350.272 Cost: 14.000
arrive destination: True ,out of road:False   Total T: 509981 Episode Num: 1638 Episode T: 340 Reward: 438.808 Cost: 43.000
---------------------------------------
Evaluation over 20 episodes: 0.700 Cost 21.300.             SafeRL used : use_td3
---------------------------------------
[34;1m
Time: 2026-06-29 15:20:07, Time spent from previous logger: 137.148 s[0m
[34;1mCustomLogger with fileds: ['total_steps', 'EpRet', 'EpCost', 'CostRate'][0m
[34;1mfieldvalues: [510000, 0.7, 21.3, 0.07864525224559264]
[0m
arrive destination: True ,out of road:False   Total T: 510226 Episode Num: 1639 Episode T: 245 Reward: 278.621 Cost: 4.000
arrive destination: True ,out of road:False   Total T: 510539 Episode Num: 1640 Episode T: 313 Reward: 389.794 Cost: 0.000
arrive destination: True ,out of road:False   Total T: 510877 Episode Num: 1641 Episode T: 338 Reward: 377.391 Cost: 28.000
arrive destination: True ,out of road:False   Total T: 511175 Episode Num: 1642 Episode T: 298 Reward: 375.407 Cost: 30.000
arrive destination: True ,out of road:False   Total T: 511345 Episode Num: 1643 Episode T: 170 Reward: 269.895 Cost: 0.000
arrive destination: True ,out of road:False   Total T: 511588 Episode Num: 1644 Episode T: 243 Reward: 269.107 Cost: 0.000
arrive destination: True ,out of road:False   Total T: 511912 Episode Num: 1645 Episode T: 324 Reward: 399.465 Cost: 19.000
arrive destination: True ,out of road:False   Total T: 512156 Episode Num: 1646 Episode T: 244 Reward: 267.204 Cost: 0.000
arrive destination: True ,out of road:False   Total T: 512709 Episode Num: 1647 Episode T: 553 Reward: 502.839 Cost: 78.000
arrive destination: True ,out of road:False   Total T: 513031 Episode Num: 1648 Episode T: 322 Reward: 416.474 Cost: 25.000
arrive destination: True ,out of road:False   Total T: 513255 Episode Num: 1649 Episode T: 224 Reward: 274.619 Cost: 4.000
arrive destination: True ,out of road:False   Total T: 513490 Episode Num: 1650 Episode T: 235 Reward: 350.907 Cost: 8.000
arrive destination: True ,out of road:False   Total T: 513727 Episode Num: 1651 Episode T: 237 Reward: 273.042 Cost: 23.000
arrive destination: True ,out of road:False   Total T: 514000 Episode Num: 1652 Episode T: 273 Reward: 335.885 Cost: 14.000
arrive destination: True ,out of road:False   Total T: 514303 Episode Num: 1653 Episode T: 303 Reward: 396.026 Cost: 26.000
arrive destination: True ,out of road:False   Total T: 514542 Episode Num: 1654 Episode T: 239 Reward: 271.936 Cost: 10.000
arrive destination: True ,out of road:False   Total T: 514793 Episode Num: 1655 Episode T: 251 Reward: 295.708 Cost: 23.000
arrive destination: True ,out of road:False   Total T: 514994 Episode Num: 1656 Episode T: 201 Reward: 283.800 Cost: 0.000
arrive destination: True ,out of road:False   Total T: 515233 Episode Num: 1657 Episode T: 239 Reward: 272.240 Cost: 4.000
arrive destination: True ,out of road:False   Total T: 515550 Episode Num: 1658 Episode T: 317 Reward: 396.048 Cost: 17.000
arrive destination: True ,out of road:False   Total T: 515803 Episode Num: 1659 Episode T: 253 Reward: 345.998 Cost: 18.000
arrive destination: True ,out of road:False   Total T: 516134 Episode Num: 1660 Episode T: 331 Reward: 368.250 Cost: 39.000
arrive destination: True ,out of road:False   Total T: 516441 Episode Num: 1661 Episode T: 307 Reward: 397.193 Cost: 10.000
arrive destination: True ,out of road:False   Total T: 516617 Episode Num: 1662 Episode T: 176 Reward: 268.957 Cost: 0.000
arrive destination: True ,out of road:False   Total T: 516862 Episode Num: 1663 Episode T: 245 Reward: 235.230 Cost: 8.000
arrive destination: True ,out of road:False   Total T: 517095 Episode Num: 1664 Episode T: 233 Reward: 272.569 Cost: 8.000
arrive destination: True ,out of road:False   Total T: 517416 Episode Num: 1665 Episode T: 321 Reward: 408.421 Cost: 19.000
arrive destination: True ,out of road:False   Total T: 517674 Episode Num: 1666 Episode T: 258 Reward: 355.308 Cost: 16.000
arrive destination: False ,out of road:True   Total T: 517975 Episode Num: 1667 Episode T: 301 Reward: 236.393 Cost: 64.000
arrive destination: True ,out of road:False   Total T: 518156 Episode Num: 1668 Episode T: 181 Reward: 269.986 Cost: 0.000
arrive destination: True ,out of road:False   Total T: 518338 Episode Num: 1669 Episode T: 182 Reward: 269.831 Cost: 0.000
arrive destination: False ,out of road:True   Total T: 518561 Episode Num: 1670 Episode T: 223 Reward: 225.490 Cost: 17.000
arrive destination: True ,out of road:False   Total T: 518886 Episode Num: 1671 Episode T: 325 Reward: 366.895 Cost: 31.000
arrive destination: True ,out of road:False   Total T: 519058 Episode Num: 1672 Episode T: 172 Reward: 269.863 Cost: 0.000
arrive destination: True ,out of road:False   Total T: 519280 Episode Num: 1673 Episode T: 222 Reward: 315.843 Cost: 22.000
arrive destination: True ,out of road:False   Total T: 519684 Episode Num: 1674 Episode T: 404 Reward: 471.460 Cost: 32.000
arrive destination: True ,out of road:False   Total T: 519935 Episode Num: 1675 Episode T: 251 Reward: 296.069 Cost: 21.000
---------------------------------------
Evaluation over 20 episodes: 0.850 Cost 26.400.             SafeRL used : use_td3
---------------------------------------
[34;1m
Time: 2026-06-29 15:22:23, Time spent from previous logger: 135.297 s[0m
[34;1mCustomLogger with fileds: ['total_steps', 'EpRet', 'EpCost', 'CostRate'][0m
[34;1mfieldvalues: [520000, 0.85, 26.4, 0.07832130446404705]
[0m
arrive destination: True ,out of road:False   Total T: 520250 Episode Num: 1676 Episode T: 315 Reward: 277.393 Cost: 2.000
arrive destination: True ,out of road:False   Total T: 520550 Episode Num: 1677 Episode T: 300 Reward: 265.412 Cost: 55.000
arrive destination: True ,out of road:False   Total T: 520895 Episode Num: 1678 Episode T: 345 Reward: 374.586 Cost: 52.000
arrive destination: True ,out of road:False   Total T: 521408 Episode Num: 1679 Episode T: 513 Reward: 492.804 Cost: 68.000
arrive destination: False ,out of road:True   Total T: 521522 Episode Num: 1680 Episode T: 114 Reward: 78.253 Cost: 6.000
arrive destination: True ,out of road:False   Total T: 521859 Episode Num: 1681 Episode T: 337 Reward: 335.605 Cost: 13.000
arrive destination: True ,out of road:False   Total T: 522136 Episode Num: 1682 Episode T: 277 Reward: 294.046 Cost: 14.000
arrive destination: True ,out of road:False   Total T: 522349 Episode Num: 1683 Episode T: 213 Reward: 284.507 Cost: 3.000
arrive destination: True ,out of road:False   Total T: 522572 Episode Num: 1684 Episode T: 223 Reward: 288.989 Cost: 9.000
arrive destination: True ,out of road:False   Total T: 523049 Episode Num: 1685 Episode T: 477 Reward: 346.344 Cost: 32.000
arrive destination: False ,out of road:True   Total T: 523228 Episode Num: 1686 Episode T: 179 Reward: 222.082 Cost: 9.000
arrive destination: True ,out of road:False   Total T: 523408 Episode Num: 1687 Episode T: 180 Reward: 269.617 Cost: 0.000
arrive destination: True ,out of road:False   Total T: 523760 Episode Num: 1688 Episode T: 352 Reward: 419.961 Cost: 28.000
arrive destination: True ,out of road:False   Total T: 524057 Episode Num: 1689 Episode T: 297 Reward: 368.737 Cost: 21.000
arrive destination: True ,out of road:False   Total T: 524471 Episode Num: 1690 Episode T: 414 Reward: 472.725 Cost: 28.000
arrive destination: True ,out of road:False   Total T: 524885 Episode Num: 1691 Episode T: 414 Reward: 464.357 Cost: 34.000
arrive destination: False ,out of road:True   Total T: 525132 Episode Num: 1692 Episode T: 247 Reward: 248.027 Cost: 25.000
arrive destination: True ,out of road:False   Total T: 525476 Episode Num: 1693 Episode T: 344 Reward: 456.265 Cost: 9.000
arrive destination: True ,out of road:False   Total T: 525953 Episode Num: 1694 Episode T: 477 Reward: 506.404 Cost: 65.000
arrive destination: True ,out of road:False   Total T: 526137 Episode Num: 1695 Episode T: 184 Reward: 269.819 Cost: 0.000
arrive destination: True ,out of road:False   Total T: 526369 Episode Num: 1696 Episode T: 232 Reward: 286.678 Cost: 22.000
arrive destination: True ,out of road:False   Total T: 526688 Episode Num: 1697 Episode T: 319 Reward: 389.262 Cost: 0.000
arrive destination: True ,out of road:False   Total T: 527025 Episode Num: 1698 Episode T: 337 Reward: 461.042 Cost: 3.000
arrive destination: False ,out of road:True   Total T: 527262 Episode Num: 1699 Episode T: 237 Reward: 265.781 Cost: 30.000
arrive destination: False ,out of road:True   Total T: 527366 Episode Num: 1700 Episode T: 104 Reward: 95.752 Cost: 2.000
arrive destination: True ,out of road:False   Total T: 527677 Episode Num: 1701 Episode T: 311 Reward: 386.483 Cost: 0.000
arrive destination: True ,out of road:False   Total T: 528115 Episode Num: 1702 Episode T: 438 Reward: 483.457 Cost: 44.000
arrive destination: True ,out of road:False   Total T: 528294 Episode Num: 1703 Episode T: 179 Reward: 268.587 Cost: 0.000
arrive destination: True ,out of road:False   Total T: 528554 Episode Num: 1704 Episode T: 260 Reward: 351.972 Cost: 14.000
arrive destination: True ,out of road:False   Total T: 528780 Episode Num: 1705 Episode T: 226 Reward: 294.911 Cost: 14.000
arrive destination: True ,out of road:False   Total T: 529022 Episode Num: 1706 Episode T: 242 Reward: 266.987 Cost: 0.000
arrive destination: True ,out of road:False   Total T: 529198 Episode Num: 1707 Episode T: 176 Reward: 268.867 Cost: 0.000
arrive destination: True ,out of road:False   Total T: 529552 Episode Num: 1708 Episode T: 354 Reward: 370.425 Cost: 44.000
arrive destination: True ,out of road:False   Total T: 529784 Episode Num: 1709 Episode T: 232 Reward: 272.289 Cost: 4.000
---------------------------------------
Evaluation over 20 episodes: 0.700 Cost 25.500.             SafeRL used : use_td3
---------------------------------------
[34;1m
Time: 2026-06-29 15:24:40, Time spent from previous logger: 137.013 s[0m
[34;1mCustomLogger with fileds: ['total_steps', 'EpRet', 'EpCost', 'CostRate'][0m
[34;1mfieldvalues: [530000, 0.7, 25.5, 0.07808316619465319]
[0m
arrive destination: True ,out of road:False   Total T: 530324 Episode Num: 1710 Episode T: 540 Reward: 719.988 Cost: 17.000
arrive destination: True ,out of road:False   Total T: 530573 Episode Num: 1711 Episode T: 249 Reward: 350.981 Cost: 17.000
arrive destination: True ,out of road:False   Total T: 531014 Episode Num: 1712 Episode T: 441 Reward: 463.916 Cost: 31.000
arrive destination: False ,out of road:True   Total T: 531255 Episode Num: 1713 Episode T: 241 Reward: 389.954 Cost: 16.000
arrive destination: True ,out of road:False   Total T: 531751 Episode Num: 1714 Episode T: 496 Reward: 496.367 Cost: 68.000
arrive destination: True ,out of road:False   Total T: 531970 Episode Num: 1715 Episode T: 219 Reward: 277.579 Cost: 11.000
arrive destination: True ,out of road:False   Total T: 532197 Episode Num: 1716 Episode T: 227 Reward: 277.990 Cost: 7.000
arrive destination: True ,out of road:False   Total T: 532454 Episode Num: 1717 Episode T: 257 Reward: 268.637 Cost: 5.000
arrive destination: True ,out of road:False   Total T: 532786 Episode Num: 1718 Episode T: 332 Reward: 335.481 Cost: 45.000
arrive destination: True ,out of road:False   Total T: 532996 Episode Num: 1719 Episode T: 210 Reward: 288.331 Cost: 7.000
arrive destination: True ,out of road:False   Total T: 533379 Episode Num: 1720 Episode T: 383 Reward: 398.429 Cost: 78.000
arrive destination: True ,out of road:False   Total T: 533710 Episode Num: 1721 Episode T: 331 Reward: 447.023 Cost: 11.000
arrive destination: True ,out of road:False   Total T: 534128 Episode Num: 1722 Episode T: 418 Reward: 404.843 Cost: 54.000
arrive destination: True ,out of road:False   Total T: 534350 Episode Num: 1723 Episode T: 222 Reward: 273.208 Cost: 12.000
arrive destination: False ,out of road:True   Total T: 534529 Episode Num: 1724 Episode T: 179 Reward: 223.293 Cost: 8.000
arrive destination: True ,out of road:False   Total T: 534721 Episode Num: 1725 Episode T: 192 Reward: 245.355 Cost: 17.000
arrive destination: True ,out of road:False   Total T: 534942 Episode Num: 1726 Episode T: 221 Reward: 277.032 Cost: 7.000
arrive destination: True ,out of road:False   Total T: 535207 Episode Num: 1727 Episode T: 265 Reward: 234.062 Cost: 0.000
arrive destination: True ,out of road:False   Total T: 535422 Episode Num: 1728 Episode T: 215 Reward: 275.675 Cost: 6.000
arrive destination: True ,out of road:False   Total T: 535753 Episode Num: 1729 Episode T: 331 Reward: 458.761 Cost: 11.000
arrive destination: True ,out of road:False   Total T: 536139 Episode Num: 1730 Episode T: 386 Reward: 417.239 Cost: 54.000
arrive destination: True ,out of road:False   Total T: 536317 Episode Num: 1731 Episode T: 178 Reward: 269.202 Cost: 0.000
arrive destination: True ,out of road:False   Total T: 536497 Episode Num: 1732 Episode T: 180 Reward: 268.796 Cost: 0.000
arrive destination: True ,out of road:False   Total T: 536752 Episode Num: 1733 Episode T: 255 Reward: 267.096 Cost: 0.000
arrive destination: True ,out of road:False   Total T: 536927 Episode Num: 1734 Episode T: 175 Reward: 270.087 Cost: 0.000
arrive destination: True ,out of road:False   Total T: 537261 Episode Num: 1735 Episode T: 334 Reward: 355.549 Cost: 41.000
arrive destination: True ,out of road:False   Total T: 537482 Episode Num: 1736 Episode T: 221 Reward: 315.858 Cost: 23.000
arrive destination: False ,out of road:True   Total T: 537622 Episode Num: 1737 Episode T: 140 Reward: 175.429 Cost: 1.000
arrive destination: True ,out of road:False   Total T: 537951 Episode Num: 1738 Episode T: 329 Reward: 409.055 Cost: 23.000
arrive destination: True ,out of road:False   Total T: 538388 Episode Num: 1739 Episode T: 437 Reward: 464.124 Cost: 38.000
arrive destination: True ,out of road:False   Total T: 538711 Episode Num: 1740 Episode T: 323 Reward: 394.576 Cost: 0.000
arrive destination: True ,out of road:False   Total T: 539029 Episode Num: 1741 Episode T: 318 Reward: 418.706 Cost: 32.000
arrive destination: True ,out of road:False   Total T: 539334 Episode Num: 1742 Episode T: 305 Reward: 370.118 Cost: 8.000
arrive destination: True ,out of road:False   Total T: 539667 Episode Num: 1743 Episode T: 333 Reward: 336.214 Cost: 40.000
arrive destination: True ,out of road:False   Total T: 539869 Episode Num: 1744 Episode T: 202 Reward: 283.128 Cost: 3.000
---------------------------------------
Evaluation over 20 episodes: 0.950 Cost 20.900.             SafeRL used : use_td3
---------------------------------------
[34;1m
Time: 2026-06-29 15:26:54, Time spent from previous logger: 134.712 s[0m
[34;1mCustomLogger with fileds: ['total_steps', 'EpRet', 'EpCost', 'CostRate'][0m
[34;1mfieldvalues: [540000, 0.95, 20.9, 0.07792421837818218]
[0m
arrive destination: True ,out of road:False   Total T: 540283 Episode Num: 1745 Episode T: 414 Reward: 396.683 Cost: 11.000
arrive destination: True ,out of road:False   Total T: 540567 Episode Num: 1746 Episode T: 284 Reward: 232.367 Cost: 0.000
arrive destination: True ,out of road:False   Total T: 540864 Episode Num: 1747 Episode T: 297 Reward: 395.405 Cost: 15.000
arrive destination: True ,out of road:False   Total T: 541339 Episode Num: 1748 Episode T: 475 Reward: 499.377 Cost: 95.000
arrive destination: True ,out of road:False   Total T: 541557 Episode Num: 1749 Episode T: 218 Reward: 296.094 Cost: 21.000
arrive destination: True ,out of road:False   Total T: 541875 Episode Num: 1750 Episode T: 318 Reward: 389.723 Cost: 0.000
arrive destination: True ,out of road:False   Total T: 542169 Episode Num: 1751 Episode T: 294 Reward: 267.507 Cost: 38.000
arrive destination: True ,out of road:False   Total T: 542660 Episode Num: 1752 Episode T: 491 Reward: 492.795 Cost: 65.000
arrive destination: True ,out of road:False   Total T: 542888 Episode Num: 1753 Episode T: 228 Reward: 276.896 Cost: 5.000
arrive destination: True ,out of road:False   Total T: 543368 Episode Num: 1754 Episode T: 480 Reward: 375.833 Cost: 51.000
arrive destination: True ,out of road:False   Total T: 543801 Episode Num: 1755 Episode T: 433 Reward: 491.869 Cost: 88.000
arrive destination: True ,out of road:False   Total T: 544004 Episode Num: 1756 Episode T: 203 Reward: 289.130 Cost: 10.000
arrive destination: True ,out of road:False   Total T: 544301 Episode Num: 1757 Episode T: 297 Reward: 407.200 Cost: 23.000
arrive destination: True ,out of road:False   Total T: 544538 Episode Num: 1758 Episode T: 237 Reward: 345.888 Cost: 12.000
arrive destination: True ,out of road:False   Total T: 544761 Episode Num: 1759 Episode T: 223 Reward: 315.753 Cost: 36.000
arrive destination: True ,out of road:False   Total T: 545069 Episode Num: 1760 Episode T: 308 Reward: 367.033 Cost: 18.000
arrive destination: True ,out of road:False   Total T: 545470 Episode Num: 1761 Episode T: 401 Reward: 415.238 Cost: 65.000
arrive destination: True ,out of road:False   Total T: 545882 Episode Num: 1762 Episode T: 412 Reward: 473.671 Cost: 23.000
arrive destination: True ,out of road:False   Total T: 546788 Episode Num: 1763 Episode T: 906 Reward: 335.624 Cost: 64.000
arrive destination: False ,out of road:True   Total T: 547028 Episode Num: 1764 Episode T: 240 Reward: 281.428 Cost: 1.000
arrive destination: True ,out of road:False   Total T: 547351 Episode Num: 1765 Episode T: 323 Reward: 418.094 Cost: 57.000
arrive destination: True ,out of road:False   Total T: 547629 Episode Num: 1766 Episode T: 278 Reward: 396.223 Cost: 16.000
arrive destination: False ,out of road:True   Total T: 547887 Episode Num: 1767 Episode T: 258 Reward: 309.817 Cost: 7.000
arrive destination: True ,out of road:False   Total T: 548152 Episode Num: 1768 Episode T: 265 Reward: 266.644 Cost: 0.000
arrive destination: True ,out of road:False   Total T: 548404 Episode Num: 1769 Episode T: 252 Reward: 358.734 Cost: 5.000
arrive destination: True ,out of road:True   Total T: 548740 Episode Num: 1770 Episode T: 336 Reward: 422.359 Cost: 46.000
arrive destination: True ,out of road:False   Total T: 549155 Episode Num: 1771 Episode T: 415 Reward: 465.505 Cost: 41.000
arrive destination: True ,out of road:False   Total T: 549550 Episode Num: 1772 Episode T: 395 Reward: 379.501 Cost: 57.000
arrive destination: True ,out of road:False   Total T: 549933 Episode Num: 1773 Episode T: 383 Reward: 381.012 Cost: 69.000
---------------------------------------
Evaluation over 20 episodes: 0.750 Cost 28.500.             SafeRL used : use_td3
---------------------------------------
[34;1m
Time: 2026-06-29 15:29:13, Time spent from previous logger: 139.101 s[0m
[34;1mCustomLogger with fileds: ['total_steps', 'EpRet', 'EpCost', 'CostRate'][0m
[34;1mfieldvalues: [550000, 0.75, 28.5, 0.07819468762670477]
[0m
arrive destination: True ,out of road:False   Total T: 550326 Episode Num: 1774 Episode T: 393 Reward: 441.112 Cost: 0.000
arrive destination: False ,out of road:True   Total T: 550694 Episode Num: 1775 Episode T: 368 Reward: 358.487 Cost: 43.000
arrive destination: True ,out of road:False   Total T: 551001 Episode Num: 1776 Episode T: 307 Reward: 406.040 Cost: 36.000
arrive destination: False ,out of road:True   Total T: 551209 Episode Num: 1777 Episode T: 208 Reward: 260.711 Cost: 6.000
arrive destination: True ,out of road:False   Total T: 551551 Episode Num: 1778 Episode T: 342 Reward: 380.306 Cost: 39.000
arrive destination: True ,out of road:False   Total T: 551988 Episode Num: 1779 Episode T: 437 Reward: 476.266 Cost: 51.000
arrive destination: True ,out of road:False   Total T: 552231 Episode Num: 1780 Episode T: 243 Reward: 266.402 Cost: 0.000
arrive destination: False ,out of road:True   Total T: 552453 Episode Num: 1781 Episode T: 222 Reward: 260.288 Cost: 25.000
arrive destination: True ,out of road:False   Total T: 552828 Episode Num: 1782 Episode T: 375 Reward: 410.377 Cost: 25.000
arrive destination: True ,out of road:False   Total T: 553216 Episode Num: 1783 Episode T: 388 Reward: 380.101 Cost: 69.000
arrive destination: True ,out of road:False   Total T: 553582 Episode Num: 1784 Episode T: 366 Reward: 468.078 Cost: 5.000
arrive destination: True ,out of road:False   Total T: 553816 Episode Num: 1785 Episode T: 234 Reward: 270.793 Cost: 7.000
arrive destination: True ,out of road:False   Total T: 554149 Episode Num: 1786 Episode T: 333 Reward: 355.529 Cost: 31.000
arrive destination: True ,out of road:False   Total T: 554321 Episode Num: 1787 Episode T: 172 Reward: 268.439 Cost: 0.000
arrive destination: True ,out of road:False   Total T: 554655 Episode Num: 1788 Episode T: 334 Reward: 457.870 Cost: 1.000
arrive destination: True ,out of road:False   Total T: 554830 Episode Num: 1789 Episode T: 175 Reward: 268.790 Cost: 0.000
arrive destination: False ,out of road:True   Total T: 555038 Episode Num: 1790 Episode T: 208 Reward: 224.661 Cost: 10.000
arrive destination: True ,out of road:False   Total T: 555424 Episode Num: 1791 Episode T: 386 Reward: 475.926 Cost: 13.000
arrive destination: True ,out of road:False   Total T: 555860 Episode Num: 1792 Episode T: 436 Reward: 492.422 Cost: 42.000
arrive destination: True ,out of road:False   Total T: 556095 Episode Num: 1793 Episode T: 235 Reward: 270.665 Cost: 4.000
arrive destination: False ,out of road:True   Total T: 556270 Episode Num: 1794 Episode T: 175 Reward: 218.884 Cost: 12.000
arrive destination: True ,out of road:False   Total T: 556619 Episode Num: 1795 Episode T: 349 Reward: 457.900 Cost: 12.000
arrive destination: False ,out of road:True   Total T: 556871 Episode Num: 1796 Episode T: 252 Reward: 262.340 Cost: 44.000
arrive destination: True ,out of road:False   Total T: 557181 Episode Num: 1797 Episode T: 310 Reward: 407.420 Cost: 17.000
arrive destination: True ,out of road:False   Total T: 557609 Episode Num: 1798 Episode T: 428 Reward: 469.819 Cost: 38.000
arrive destination: True ,out of road:False   Total T: 557962 Episode Num: 1799 Episode T: 353 Reward: 459.231 Cost: 12.000
arrive destination: True ,out of road:False   Total T: 558350 Episode Num: 1800 Episode T: 388 Reward: 463.829 Cost: 11.000
arrive destination: True ,out of road:False   Total T: 558673 Episode Num: 1801 Episode T: 323 Reward: 388.895 Cost: 0.000
arrive destination: True ,out of road:False   Total T: 558984 Episode Num: 1802 Episode T: 311 Reward: 397.796 Cost: 18.000
arrive destination: True ,out of road:False   Total T: 559234 Episode Num: 1803 Episode T: 250 Reward: 305.886 Cost: 23.000
arrive destination: True ,out of road:False   Total T: 559415 Episode Num: 1804 Episode T: 181 Reward: 269.559 Cost: 1.000
arrive destination: True ,out of road:False   Total T: 559617 Episode Num: 1805 Episode T: 202 Reward: 234.710 Cost: 12.000
arrive destination: True ,out of road:False   Total T: 559793 Episode Num: 1806 Episode T: 176 Reward: 269.406 Cost: 0.000
---------------------------------------
Evaluation over 20 episodes: 0.950 Cost 31.550.             SafeRL used : use_td3
---------------------------------------
[34;1m
Time: 2026-06-29 15:31:33, Time spent from previous logger: 139.272 s[0m
[34;1mCustomLogger with fileds: ['total_steps', 'EpRet', 'EpCost', 'CostRate'][0m
[34;1mfieldvalues: [560000, 0.95, 31.55, 0.0779251391520342]
[0m
arrive destination: True ,out of road:False   Total T: 560250 Episode Num: 1807 Episode T: 457 Reward: 422.339 Cost: 26.000
arrive destination: True ,out of road:False   Total T: 560620 Episode Num: 1808 Episode T: 370 Reward: 461.117 Cost: 20.000
arrive destination: True ,out of road:False   Total T: 560861 Episode Num: 1809 Episode T: 241 Reward: 264.179 Cost: 0.000
arrive destination: False ,out of road:True   Total T: 561080 Episode Num: 1810 Episode T: 219 Reward: 217.131 Cost: 10.000
arrive destination: False ,out of road:True   Total T: 561181 Episode Num: 1811 Episode T: 101 Reward: 91.647 Cost: 2.000
arrive destination: True ,out of road:False   Total T: 561355 Episode Num: 1812 Episode T: 174 Reward: 269.083 Cost: 0.000
arrive destination: True ,out of road:False   Total T: 561649 Episode Num: 1813 Episode T: 294 Reward: 266.284 Cost: 21.000
arrive destination: True ,out of road:False   Total T: 561963 Episode Num: 1814 Episode T: 314 Reward: 374.330 Cost: 32.000
arrive destination: True ,out of road:False   Total T: 562303 Episode Num: 1815 Episode T: 340 Reward: 415.257 Cost: 42.000
arrive destination: True ,out of road:False   Total T: 562553 Episode Num: 1816 Episode T: 250 Reward: 305.625 Cost: 32.000
arrive destination: True ,out of road:False   Total T: 562898 Episode Num: 1817 Episode T: 345 Reward: 417.931 Cost: 50.000
arrive destination: True ,out of road:False   Total T: 563157 Episode Num: 1818 Episode T: 259 Reward: 359.524 Cost: 4.000
arrive destination: True ,out of road:False   Total T: 563608 Episode Num: 1819 Episode T: 451 Reward: 507.593 Cost: 68.000
arrive destination: True ,out of road:False   Total T: 563910 Episode Num: 1820 Episode T: 302 Reward: 411.740 Cost: 37.000
arrive destination: False ,out of road:True   Total T: 564073 Episode Num: 1821 Episode T: 163 Reward: 198.234 Cost: 8.000
arrive destination: True ,out of road:False   Total T: 564260 Episode Num: 1822 Episode T: 187 Reward: 269.861 Cost: 1.000
arrive destination: True ,out of road:False   Total T: 564570 Episode Num: 1823 Episode T: 310 Reward: 269.735 Cost: 7.000
arrive destination: True ,out of road:False   Total T: 564850 Episode Num: 1824 Episode T: 280 Reward: 335.276 Cost: 23.000
arrive destination: True ,out of road:False   Total T: 565097 Episode Num: 1825 Episode T: 247 Reward: 233.128 Cost: 17.000
arrive destination: True ,out of road:False   Total T: 565277 Episode Num: 1826 Episode T: 180 Reward: 269.523 Cost: 1.000
arrive destination: True ,out of road:False   Total T: 565526 Episode Num: 1827 Episode T: 249 Reward: 295.271 Cost: 28.000
arrive destination: True ,out of road:False   Total T: 565860 Episode Num: 1828 Episode T: 334 Reward: 460.904 Cost: 12.000
arrive destination: True ,out of road:False   Total T: 566137 Episode Num: 1829 Episode T: 277 Reward: 336.258 Cost: 18.000
arrive destination: True ,out of road:False   Total T: 566508 Episode Num: 1830 Episode T: 371 Reward: 506.060 Cost: 53.000
arrive destination: True ,out of road:False   Total T: 566839 Episode Num: 1831 Episode T: 331 Reward: 335.907 Cost: 59.000
arrive destination: True ,out of road:False   Total T: 567120 Episode Num: 1832 Episode T: 281 Reward: 335.848 Cost: 21.000
arrive destination: True ,out of road:False   Total T: 567416 Episode Num: 1833 Episode T: 296 Reward: 377.141 Cost: 50.000
arrive destination: True ,out of road:False   Total T: 567652 Episode Num: 1834 Episode T: 236 Reward: 295.065 Cost: 34.000
arrive destination: True ,out of road:False   Total T: 567886 Episode Num: 1835 Episode T: 234 Reward: 272.374 Cost: 7.000
arrive destination: True ,out of road:False   Total T: 568205 Episode Num: 1836 Episode T: 319 Reward: 414.668 Cost: 34.000
arrive destination: False ,out of road:True   Total T: 568412 Episode Num: 1837 Episode T: 207 Reward: 221.238 Cost: 13.000
arrive destination: True ,out of road:False   Total T: 568696 Episode Num: 1838 Episode T: 284 Reward: 294.574 Cost: 22.000
arrive destination: False ,out of road:True   Total T: 568900 Episode Num: 1839 Episode T: 204 Reward: 237.130 Cost: 3.000
arrive destination: True ,out of road:False   Total T: 569175 Episode Num: 1840 Episode T: 275 Reward: 334.964 Cost: 19.000
arrive destination: True ,out of road:False   Total T: 569489 Episode Num: 1841 Episode T: 314 Reward: 391.772 Cost: 0.000
arrive destination: True ,out of road:False   Total T: 569875 Episode Num: 1842 Episode T: 386 Reward: 378.915 Cost: 51.000
---------------------------------------
Evaluation over 20 episodes: 0.700 Cost 25.300.             SafeRL used : use_td3
---------------------------------------
[34;1m
Time: 2026-06-29 15:33:51, Time spent from previous logger: 138.495 s[0m
[34;1mCustomLogger with fileds: ['total_steps', 'EpRet', 'EpCost', 'CostRate'][0m
[34;1mfieldvalues: [570000, 0.7, 25.3, 0.0779632946724468]
[0m
arrive destination: True ,out of road:False   Total T: 570325 Episode Num: 1843 Episode T: 450 Reward: 527.204 Cost: 11.000
arrive destination: True ,out of road:False   Total T: 570644 Episode Num: 1844 Episode T: 319 Reward: 388.160 Cost: 0.000
arrive destination: True ,out of road:False   Total T: 571117 Episode Num: 1845 Episode T: 473 Reward: 494.050 Cost: 70.000
arrive destination: True ,out of road:False   Total T: 571350 Episode Num: 1846 Episode T: 233 Reward: 276.516 Cost: 3.000
arrive destination: True ,out of road:False   Total T: 571627 Episode Num: 1847 Episode T: 277 Reward: 334.960 Cost: 16.000
arrive destination: True ,out of road:False   Total T: 571987 Episode Num: 1848 Episode T: 360 Reward: 463.911 Cost: 26.000
arrive destination: True ,out of road:False   Total T: 572252 Episode Num: 1849 Episode T: 265 Reward: 295.238 Cost: 3.000
arrive destination: True ,out of road:False   Total T: 572506 Episode Num: 1850 Episode T: 254 Reward: 267.342 Cost: 0.000
arrive destination: False ,out of road:True   Total T: 572817 Episode Num: 1851 Episode T: 311 Reward: 328.072 Cost: 37.000
arrive destination: True ,out of road:False   Total T: 573197 Episode Num: 1852 Episode T: 380 Reward: 405.456 Cost: 58.000
arrive destination: True ,out of road:False   Total T: 573550 Episode Num: 1853 Episode T: 353 Reward: 294.690 Cost: 29.000
arrive destination: True ,out of road:False   Total T: 573998 Episode Num: 1854 Episode T: 448 Reward: 464.231 Cost: 31.000
arrive destination: True ,out of road:False   Total T: 574307 Episode Num: 1855 Episode T: 309 Reward: 394.989 Cost: 19.000
arrive destination: True ,out of road:False   Total T: 574710 Episode Num: 1856 Episode T: 403 Reward: 495.556 Cost: 38.000
arrive destination: True ,out of road:False   Total T: 574976 Episode Num: 1857 Episode T: 266 Reward: 335.550 Cost: 18.000
arrive destination: True ,out of road:False   Total T: 575274 Episode Num: 1858 Episode T: 298 Reward: 335.668 Cost: 24.000
arrive destination: True ,out of road:False   Total T: 575513 Episode Num: 1859 Episode T: 239 Reward: 353.442 Cost: 19.000
arrive destination: True ,out of road:False   Total T: 575853 Episode Num: 1860 Episode T: 340 Reward: 379.673 Cost: 41.000
arrive destination: True ,out of road:False   Total T: 576087 Episode Num: 1861 Episode T: 234 Reward: 290.365 Cost: 7.000
arrive destination: True ,out of road:False   Total T: 576558 Episode Num: 1862 Episode T: 471 Reward: 503.579 Cost: 50.000
arrive destination: False ,out of road:True   Total T: 576744 Episode Num: 1863 Episode T: 186 Reward: 230.259 Cost: 1.000
arrive destination: True ,out of road:False   Total T: 577085 Episode Num: 1864 Episode T: 341 Reward: 461.281 Cost: 11.000
arrive destination: True ,out of road:False   Total T: 577403 Episode Num: 1865 Episode T: 318 Reward: 417.881 Cost: 37.000
arrive destination: True ,out of road:True   Total T: 577658 Episode Num: 1866 Episode T: 255 Reward: 365.790 Cost: 12.000
arrive destination: True ,out of road:False   Total T: 577942 Episode Num: 1867 Episode T: 284 Reward: 395.273 Cost: 22.000
arrive destination: True ,out of road:False   Total T: 578202 Episode Num: 1868 Episode T: 260 Reward: 281.265 Cost: 33.000
arrive destination: True ,out of road:False   Total T: 578614 Episode Num: 1869 Episode T: 412 Reward: 471.441 Cost: 36.000
arrive destination: True ,out of road:False   Total T: 578846 Episode Num: 1870 Episode T: 232 Reward: 262.371 Cost: 0.000
arrive destination: True ,out of road:False   Total T: 579165 Episode Num: 1871 Episode T: 319 Reward: 396.220 Cost: 19.000
arrive destination: True ,out of road:False   Total T: 579415 Episode Num: 1872 Episode T: 250 Reward: 233.080 Cost: 1.000
arrive destination: True ,out of road:False   Total T: 579668 Episode Num: 1873 Episode T: 253 Reward: 235.029 Cost: 0.000
arrive destination: True ,out of road:False   Total T: 579894 Episode Num: 1874 Episode T: 226 Reward: 273.524 Cost: 3.000
---------------------------------------
Evaluation over 20 episodes: 0.750 Cost 26.200.             SafeRL used : use_td3
---------------------------------------
[34;1m
Time: 2026-06-29 15:36:08, Time spent from previous logger: 136.978 s[0m
[34;1mCustomLogger with fileds: ['total_steps', 'EpRet', 'EpCost', 'CostRate'][0m
[34;1mfieldvalues: [580000, 0.75, 26.2, 0.07778289272912539]
[0m
arrive destination: True ,out of road:False   Total T: 580224 Episode Num: 1875 Episode T: 330 Reward: 389.096 Cost: 3.000
arrive destination: True ,out of road:False   Total T: 580460 Episode Num: 1876 Episode T: 236 Reward: 280.521 Cost: 9.000
arrive destination: True ,out of road:False   Total T: 580689 Episode Num: 1877 Episode T: 229 Reward: 290.354 Cost: 11.000
arrive destination: True ,out of road:False   Total T: 581040 Episode Num: 1878 Episode T: 351 Reward: 459.776 Cost: 8.000
arrive destination: False ,out of road:True   Total T: 581288 Episode Num: 1879 Episode T: 248 Reward: 345.824 Cost: 15.000
arrive destination: True ,out of road:False   Total T: 581600 Episode Num: 1880 Episode T: 312 Reward: 368.565 Cost: 39.000
arrive destination: True ,out of road:False   Total T: 581837 Episode Num: 1881 Episode T: 237 Reward: 265.118 Cost: 0.000
arrive destination: True ,out of road:False   Total T: 582162 Episode Num: 1882 Episode T: 325 Reward: 411.083 Cost: 10.000
arrive destination: True ,out of road:True   Total T: 582600 Episode Num: 1883 Episode T: 438 Reward: 513.173 Cost: 45.000
arrive destination: True ,out of road:False   Total T: 582861 Episode Num: 1884 Episode T: 261 Reward: 356.666 Cost: 6.000
arrive destination: True ,out of road:False   Total T: 583101 Episode Num: 1885 Episode T: 240 Reward: 264.204 Cost: 0.000
arrive destination: True ,out of road:False   Total T: 583466 Episode Num: 1886 Episode T: 365 Reward: 427.080 Cost: 47.000
arrive destination: True ,out of road:False   Total T: 583661 Episode Num: 1887 Episode T: 195 Reward: 269.053 Cost: 3.000
arrive destination: True ,out of road:False   Total T: 583903 Episode Num: 1888 Episode T: 242 Reward: 264.211 Cost: 0.000
arrive destination: True ,out of road:False   Total T: 584302 Episode Num: 1889 Episode T: 399 Reward: 425.014 Cost: 62.000
arrive destination: True ,out of road:False   Total T: 584733 Episode Num: 1890 Episode T: 431 Reward: 402.381 Cost: 69.000
arrive destination: True ,out of road:False   Total T: 585050 Episode Num: 1891 Episode T: 317 Reward: 392.223 Cost: 0.000
arrive destination: True ,out of road:False   Total T: 585251 Episode Num: 1892 Episode T: 201 Reward: 288.546 Cost: 6.000
arrive destination: True ,out of road:False   Total T: 585565 Episode Num: 1893 Episode T: 314 Reward: 366.738 Cost: 27.000
arrive destination: True ,out of road:False   Total T: 585873 Episode Num: 1894 Episode T: 308 Reward: 397.813 Cost: 18.000
arrive destination: True ,out of road:False   Total T: 586190 Episode Num: 1895 Episode T: 317 Reward: 396.595 Cost: 15.000
arrive destination: True ,out of road:False   Total T: 586428 Episode Num: 1896 Episode T: 238 Reward: 269.321 Cost: 5.000
arrive destination: True ,out of road:False   Total T: 586642 Episode Num: 1897 Episode T: 214 Reward: 288.428 Cost: 1.000
arrive destination: True ,out of road:False   Total T: 586899 Episode Num: 1898 Episode T: 257 Reward: 355.940 Cost: 10.000
arrive destination: True ,out of road:False   Total T: 587297 Episode Num: 1899 Episode T: 398 Reward: 433.218 Cost: 63.000
arrive destination: True ,out of road:False   Total T: 587507 Episode Num: 1900 Episode T: 210 Reward: 284.306 Cost: 2.000
arrive destination: True ,out of road:False   Total T: 587731 Episode Num: 1901 Episode T: 224 Reward: 286.500 Cost: 6.000
arrive destination: True ,out of road:False   Total T: 588084 Episode Num: 1902 Episode T: 353 Reward: 458.663 Cost: 4.000
arrive destination: True ,out of road:False   Total T: 588492 Episode Num: 1903 Episode T: 408 Reward: 496.718 Cost: 44.000
arrive destination: True ,out of road:True   Total T: 588735 Episode Num: 1904 Episode T: 243 Reward: 385.923 Cost: 11.000
arrive destination: True ,out of road:False   Total T: 588991 Episode Num: 1905 Episode T: 256 Reward: 295.916 Cost: 1.000
arrive destination: True ,out of road:False   Total T: 589225 Episode Num: 1906 Episode T: 234 Reward: 347.312 Cost: 4.000
arrive destination: True ,out of road:False   Total T: 589471 Episode Num: 1907 Episode T: 246 Reward: 265.821 Cost: 0.000
arrive destination: False ,out of road:True   Total T: 589678 Episode Num: 1908 Episode T: 207 Reward: 228.363 Cost: 8.000
---------------------------------------
Evaluation over 20 episodes: 0.700 Cost 15.200.             SafeRL used : use_td3
---------------------------------------
[34;1m
Time: 2026-06-29 15:38:22, Time spent from previous logger: 134.068 s[0m
[34;1mCustomLogger with fileds: ['total_steps', 'EpRet', 'EpCost', 'CostRate'][0m
[34;1mfieldvalues: [590000, 0.7, 15.2, 0.07745436856672638]
[0m
arrive destination: True ,out of road:False   Total T: 590402 Episode Num: 1909 Episode T: 724 Reward: 752.032 Cost: 83.000
arrive destination: True ,out of road:False   Total T: 590693 Episode Num: 1910 Episode T: 291 Reward: 397.038 Cost: 32.000
arrive destination: True ,out of road:False   Total T: 590999 Episode Num: 1911 Episode T: 306 Reward: 371.729 Cost: 29.000
arrive destination: True ,out of road:False   Total T: 591261 Episode Num: 1912 Episode T: 262 Reward: 267.742 Cost: 26.000
arrive destination: True ,out of road:False   Total T: 591529 Episode Num: 1913 Episode T: 268 Reward: 335.649 Cost: 13.000
arrive destination: True ,out of road:False   Total T: 591811 Episode Num: 1914 Episode T: 282 Reward: 397.847 Cost: 22.000
arrive destination: True ,out of road:False   Total T: 592150 Episode Num: 1915 Episode T: 339 Reward: 457.504 Cost: 9.000
arrive destination: True ,out of road:False   Total T: 592409 Episode Num: 1916 Episode T: 259 Reward: 264.189 Cost: 34.000
arrive destination: True ,out of road:False   Total T: 592670 Episode Num: 1917 Episode T: 261 Reward: 274.209 Cost: 21.000
arrive destination: True ,out of road:False   Total T: 592929 Episode Num: 1918 Episode T: 259 Reward: 304.046 Cost: 14.000
arrive destination: True ,out of road:False   Total T: 593340 Episode Num: 1919 Episode T: 411 Reward: 466.063 Cost: 36.000
arrive destination: True ,out of road:False   Total T: 593598 Episode Num: 1920 Episode T: 258 Reward: 295.588 Cost: 3.000
arrive destination: True ,out of road:False   Total T: 593869 Episode Num: 1921 Episode T: 271 Reward: 347.835 Cost: 21.000
arrive destination: True ,out of road:False   Total T: 594118 Episode Num: 1922 Episode T: 249 Reward: 295.485 Cost: 22.000
arrive destination: True ,out of road:False   Total T: 594459 Episode Num: 1923 Episode T: 341 Reward: 414.763 Cost: 21.000
arrive destination: True ,out of road:False   Total T: 594763 Episode Num: 1924 Episode T: 304 Reward: 378.907 Cost: 26.000
arrive destination: True ,out of road:False   Total T: 595241 Episode Num: 1925 Episode T: 478 Reward: 492.853 Cost: 69.000
arrive destination: True ,out of road:False   Total T: 595581 Episode Num: 1926 Episode T: 340 Reward: 372.187 Cost: 54.000
arrive destination: True ,out of road:False   Total T: 595790 Episode Num: 1927 Episode T: 209 Reward: 286.570 Cost: 6.000
arrive destination: True ,out of road:False   Total T: 596014 Episode Num: 1928 Episode T: 224 Reward: 274.729 Cost: 7.000
arrive destination: True ,out of road:False   Total T: 596314 Episode Num: 1929 Episode T: 300 Reward: 369.306 Cost: 23.000
arrive destination: True ,out of road:False   Total T: 596630 Episode Num: 1930 Episode T: 316 Reward: 417.221 Cost: 41.000
arrive destination: True ,out of road:False   Total T: 597185 Episode Num: 1931 Episode T: 555 Reward: 502.136 Cost: 95.000
arrive destination: True ,out of road:False   Total T: 597406 Episode Num: 1932 Episode T: 221 Reward: 295.943 Cost: 19.000
arrive destination: False ,out of road:True   Total T: 597614 Episode Num: 1933 Episode T: 208 Reward: 273.996 Cost: 8.000
arrive destination: True ,out of road:False   Total T: 597970 Episode Num: 1934 Episode T: 356 Reward: 503.123 Cost: 23.000
arrive destination: False ,out of road:True   Total T: 598176 Episode Num: 1935 Episode T: 206 Reward: 224.328 Cost: 24.000
arrive destination: False ,out of road:True   Total T: 598633 Episode Num: 1936 Episode T: 457 Reward: 353.410 Cost: 45.000
arrive destination: True ,out of road:False   Total T: 598953 Episode Num: 1937 Episode T: 320 Reward: 294.289 Cost: 19.000
arrive destination: True ,out of road:False   Total T: 599184 Episode Num: 1938 Episode T: 231 Reward: 268.461 Cost: 5.000
arrive destination: True ,out of road:False   Total T: 599427 Episode Num: 1939 Episode T: 243 Reward: 286.139 Cost: 21.000
arrive destination: True ,out of road:False   Total T: 599730 Episode Num: 1940 Episode T: 303 Reward: 378.424 Cost: 27.000
arrive destination: True ,out of road:False   Total T: 599984 Episode Num: 1941 Episode T: 254 Reward: 295.440 Cost: 21.000
---------------------------------------
Evaluation over 20 episodes: 0.750 Cost 18.150.             SafeRL used : use_td3
---------------------------------------
[34;1m
Time: 2026-06-29 15:40:45, Time spent from previous logger: 142.908 s[0m
[34;1mCustomLogger with fileds: ['total_steps', 'EpRet', 'EpCost', 'CostRate'][0m
[34;1mfieldvalues: [600000, 0.75, 18.15, 0.07764179606966011]
[0m
arrive destination: False ,out of road:True   Total T: 600095 Episode Num: 1942 Episode T: 111 Reward: 82.088 Cost: 2.000
arrive destination: True ,out of road:False   Total T: 600452 Episode Num: 1943 Episode T: 357 Reward: 376.424 Cost: 49.000
arrive destination: True ,out of road:False   Total T: 600835 Episode Num: 1944 Episode T: 383 Reward: 378.697 Cost: 54.000
arrive destination: True ,out of road:False   Total T: 601245 Episode Num: 1945 Episode T: 410 Reward: 469.675 Cost: 33.000
arrive destination: True ,out of road:False   Total T: 601559 Episode Num: 1946 Episode T: 314 Reward: 389.694 Cost: 0.000
arrive destination: True ,out of road:False   Total T: 601779 Episode Num: 1947 Episode T: 220 Reward: 273.966 Cost: 8.000
arrive destination: False ,out of road:True   Total T: 601985 Episode Num: 1948 Episode T: 206 Reward: 235.962 Cost: 10.000
arrive destination: True ,out of road:False   Total T: 602163 Episode Num: 1949 Episode T: 178 Reward: 269.509 Cost: 0.000
arrive destination: True ,out of road:False   Total T: 602494 Episode Num: 1950 Episode T: 331 Reward: 335.832 Cost: 39.000
arrive destination: True ,out of road:False   Total T: 603077 Episode Num: 1951 Episode T: 583 Reward: 513.495 Cost: 94.000
arrive destination: True ,out of road:False   Total T: 603330 Episode Num: 1952 Episode T: 253 Reward: 266.548 Cost: 0.000
arrive destination: True ,out of road:False   Total T: 603735 Episode Num: 1953 Episode T: 405 Reward: 482.326 Cost: 18.000
arrive destination: True ,out of road:False   Total T: 603974 Episode Num: 1954 Episode T: 239 Reward: 264.905 Cost: 1.000
arrive destination: True ,out of road:False   Total T: 604338 Episode Num: 1955 Episode T: 364 Reward: 405.995 Cost: 38.000
arrive destination: True ,out of road:False   Total T: 604702 Episode Num: 1956 Episode T: 364 Reward: 413.752 Cost: 36.000
arrive destination: True ,out of road:False   Total T: 604874 Episode Num: 1957 Episode T: 172 Reward: 268.483 Cost: 0.000
arrive destination: True ,out of road:False   Total T: 605048 Episode Num: 1958 Episode T: 174 Reward: 268.963 Cost: 4.000
arrive destination: True ,out of road:False   Total T: 605359 Episode Num: 1959 Episode T: 311 Reward: 391.369 Cost: 0.000
arrive destination: True ,out of road:False   Total T: 605618 Episode Num: 1960 Episode T: 259 Reward: 268.106 Cost: 35.000
arrive destination: True ,out of road:False   Total T: 605862 Episode Num: 1961 Episode T: 244 Reward: 310.909 Cost: 8.000
arrive destination: True ,out of road:False   Total T: 606120 Episode Num: 1962 Episode T: 258 Reward: 296.036 Cost: 32.000
arrive destination: True ,out of road:False   Total T: 606561 Episode Num: 1963 Episode T: 441 Reward: 493.687 Cost: 59.000
arrive destination: True ,out of road:False   Total T: 606828 Episode Num: 1964 Episode T: 267 Reward: 268.787 Cost: 27.000
arrive destination: True ,out of road:False   Total T: 607226 Episode Num: 1965 Episode T: 398 Reward: 472.413 Cost: 19.000
arrive destination: True ,out of road:False   Total T: 607438 Episode Num: 1966 Episode T: 212 Reward: 283.346 Cost: 14.000
arrive destination: True ,out of road:False   Total T: 607735 Episode Num: 1967 Episode T: 297 Reward: 379.176 Cost: 42.000
arrive destination: True ,out of road:False   Total T: 608079 Episode Num: 1968 Episode T: 344 Reward: 364.635 Cost: 43.000
arrive destination: True ,out of road:False   Total T: 608311 Episode Num: 1969 Episode T: 232 Reward: 283.632 Cost: 2.000
arrive destination: True ,out of road:False   Total T: 608623 Episode Num: 1970 Episode T: 312 Reward: 365.984 Cost: 29.000
arrive destination: True ,out of road:False   Total T: 608847 Episode Num: 1971 Episode T: 224 Reward: 273.531 Cost: 5.000
arrive destination: True ,out of road:False   Total T: 609138 Episode Num: 1972 Episode T: 291 Reward: 398.091 Cost: 18.000
arrive destination: True ,out of road:False   Total T: 609460 Episode Num: 1973 Episode T: 322 Reward: 416.285 Cost: 37.000
arrive destination: True ,out of road:False   Total T: 609853 Episode Num: 1974 Episode T: 393 Reward: 379.793 Cost: 68.000
---------------------------------------
Evaluation over 20 episodes: 0.850 Cost 31.450.             SafeRL used : use_td3
---------------------------------------
[34;1m
Time: 2026-06-29 15:43:09, Time spent from previous logger: 144.110 s[0m
[34;1mCustomLogger with fileds: ['total_steps', 'EpRet', 'EpCost', 'CostRate'][0m
[34;1mfieldvalues: [610000, 0.85, 31.45, 0.07773455366320273]
[0m
arrive destination: True ,out of road:False   Total T: 610237 Episode Num: 1975 Episode T: 384 Reward: 365.037 Cost: 20.000
arrive destination: True ,out of road:False   Total T: 610478 Episode Num: 1976 Episode T: 241 Reward: 289.133 Cost: 13.000
arrive destination: True ,out of road:False   Total T: 610657 Episode Num: 1977 Episode T: 179 Reward: 270.177 Cost: 0.000
arrive destination: True ,out of road:False   Total T: 610937 Episode Num: 1978 Episode T: 280 Reward: 293.973 Cost: 10.000
arrive destination: True ,out of road:False   Total T: 611124 Episode Num: 1979 Episode T: 187 Reward: 254.895 Cost: 16.000
arrive destination: True ,out of road:False   Total T: 611487 Episode Num: 1980 Episode T: 363 Reward: 464.277 Cost: 7.000
arrive destination: True ,out of road:False   Total T: 611770 Episode Num: 1981 Episode T: 283 Reward: 295.697 Cost: 2.000
arrive destination: True ,out of road:False   Total T: 612140 Episode Num: 1982 Episode T: 370 Reward: 412.214 Cost: 17.000
arrive destination: True ,out of road:False   Total T: 612380 Episode Num: 1983 Episode T: 240 Reward: 271.301 Cost: 6.000
arrive destination: True ,out of road:False   Total T: 612767 Episode Num: 1984 Episode T: 387 Reward: 379.139 Cost: 57.000
arrive destination: True ,out of road:False   Total T: 613024 Episode Num: 1985 Episode T: 257 Reward: 270.037 Cost: 29.000
arrive destination: True ,out of road:False   Total T: 613201 Episode Num: 1986 Episode T: 177 Reward: 269.188 Cost: 0.000
arrive destination: True ,out of road:False   Total T: 613520 Episode Num: 1987 Episode T: 319 Reward: 396.448 Cost: 31.000
arrive destination: True ,out of road:False   Total T: 613797 Episode Num: 1988 Episode T: 277 Reward: 269.494 Cost: 6.000
arrive destination: True ,out of road:False   Total T: 614235 Episode Num: 1989 Episode T: 438 Reward: 493.007 Cost: 48.000
arrive destination: False ,out of road:True   Total T: 614580 Episode Num: 1990 Episode T: 345 Reward: 159.547 Cost: 42.000
arrive destination: True ,out of road:False   Total T: 614998 Episode Num: 1991 Episode T: 418 Reward: 402.021 Cost: 65.000
arrive destination: True ,out of road:False   Total T: 615172 Episode Num: 1992 Episode T: 174 Reward: 269.162 Cost: 0.000
arrive destination: True ,out of road:False   Total T: 615419 Episode Num: 1993 Episode T: 247 Reward: 232.963 Cost: 3.000
arrive destination: True ,out of road:False   Total T: 615666 Episode Num: 1994 Episode T: 247 Reward: 265.796 Cost: 6.000
arrive destination: True ,out of road:False   Total T: 615989 Episode Num: 1995 Episode T: 323 Reward: 409.177 Cost: 23.000
arrive destination: True ,out of road:False   Total T: 616430 Episode Num: 1996 Episode T: 441 Reward: 490.809 Cost: 58.000
arrive destination: True ,out of road:False   Total T: 616795 Episode Num: 1997 Episode T: 365 Reward: 417.653 Cost: 37.000
arrive destination: True ,out of road:False   Total T: 617007 Episode Num: 1998 Episode T: 212 Reward: 274.208 Cost: 19.000
arrive destination: True ,out of road:False   Total T: 617244 Episode Num: 1999 Episode T: 237 Reward: 294.478 Cost: 22.000
arrive destination: True ,out of road:False   Total T: 617457 Episode Num: 2000 Episode T: 213 Reward: 286.263 Cost: 1.000
arrive destination: True ,out of road:False   Total T: 617634 Episode Num: 2001 Episode T: 177 Reward: 268.941 Cost: 0.000
arrive destination: True ,out of road:False   Total T: 617952 Episode Num: 2002 Episode T: 318 Reward: 417.722 Cost: 47.000
arrive destination: True ,out of road:False   Total T: 618324 Episode Num: 2003 Episode T: 372 Reward: 418.024 Cost: 15.000
arrive destination: True ,out of road:False   Total T: 618568 Episode Num: 2004 Episode T: 244 Reward: 351.546 Cost: 0.000
arrive destination: False ,out of road:True   Total T: 618890 Episode Num: 2005 Episode T: 322 Reward: 369.006 Cost: 46.000
arrive destination: True ,out of road:False   Total T: 619203 Episode Num: 2006 Episode T: 313 Reward: 414.057 Cost: 42.000
arrive destination: True ,out of road:False   Total T: 619661 Episode Num: 2007 Episode T: 458 Reward: 496.286 Cost: 48.000
arrive destination: True ,out of road:False   Total T: 619875 Episode Num: 2008 Episode T: 214 Reward: 232.490 Cost: 26.000
---------------------------------------
Evaluation over 20 episodes: 0.900 Cost 13.150.             SafeRL used : use_td3
---------------------------------------
[34;1m
Time: 2026-06-29 15:45:29, Time spent from previous logger: 140.115 s[0m
[34;1mCustomLogger with fileds: ['total_steps', 'EpRet', 'EpCost', 'CostRate'][0m
[34;1mfieldvalues: [620000, 0.9, 13.15, 0.07769528660530098]
[0m
arrive destination: True ,out of road:False   Total T: 620276 Episode Num: 2009 Episode T: 401 Reward: 467.410 Cost: 23.000
arrive destination: True ,out of road:False   Total T: 620606 Episode Num: 2010 Episode T: 330 Reward: 335.484 Cost: 62.000
arrive destination: True ,out of road:False   Total T: 620877 Episode Num: 2011 Episode T: 271 Reward: 294.010 Cost: 31.000
arrive destination: True ,out of road:False   Total T: 621082 Episode Num: 2012 Episode T: 205 Reward: 285.686 Cost: 6.000
arrive destination: True ,out of road:False   Total T: 621329 Episode Num: 2013 Episode T: 247 Reward: 268.535 Cost: 2.000
arrive destination: True ,out of road:False   Total T: 621721 Episode Num: 2014 Episode T: 392 Reward: 465.604 Cost: 35.000
arrive destination: True ,out of road:False   Total T: 622128 Episode Num: 2015 Episode T: 407 Reward: 379.626 Cost: 62.000
arrive destination: True ,out of road:False   Total T: 622452 Episode Num: 2016 Episode T: 324 Reward: 381.037 Cost: 35.000
arrive destination: True ,out of road:False   Total T: 622749 Episode Num: 2017 Episode T: 297 Reward: 369.100 Cost: 35.000
arrive destination: True ,out of road:False   Total T: 623190 Episode Num: 2018 Episode T: 441 Reward: 494.588 Cost: 43.000
arrive destination: True ,out of road:False   Total T: 623659 Episode Num: 2019 Episode T: 469 Reward: 494.355 Cost: 60.000
arrive destination: True ,out of road:False   Total T: 623895 Episode Num: 2020 Episode T: 236 Reward: 349.935 Cost: 5.000
arrive destination: True ,out of road:False   Total T: 624164 Episode Num: 2021 Episode T: 269 Reward: 272.122 Cost: 7.000
arrive destination: True ,out of road:False   Total T: 624470 Episode Num: 2022 Episode T: 306 Reward: 369.566 Cost: 21.000
arrive destination: False ,out of road:True   Total T: 624611 Episode Num: 2023 Episode T: 141 Reward: 175.589 Cost: 1.000
arrive destination: True ,out of road:False   Total T: 625025 Episode Num: 2024 Episode T: 414 Reward: 465.723 Cost: 31.000
arrive destination: True ,out of road:False   Total T: 625403 Episode Num: 2025 Episode T: 378 Reward: 470.300 Cost: 25.000
arrive destination: True ,out of road:False   Total T: 625792 Episode Num: 2026 Episode T: 389 Reward: 378.666 Cost: 63.000
arrive destination: True ,out of road:False   Total T: 626038 Episode Num: 2027 Episode T: 246 Reward: 266.665 Cost: 3.000
arrive destination: True ,out of road:False   Total T: 626403 Episode Num: 2028 Episode T: 365 Reward: 399.953 Cost: 54.000
arrive destination: True ,out of road:False   Total T: 626635 Episode Num: 2029 Episode T: 232 Reward: 291.969 Cost: 11.000
arrive destination: True ,out of road:False   Total T: 626867 Episode Num: 2030 Episode T: 232 Reward: 270.286 Cost: 21.000
arrive destination: True ,out of road:False   Total T: 627188 Episode Num: 2031 Episode T: 321 Reward: 394.476 Cost: 0.000
arrive destination: True ,out of road:False   Total T: 627695 Episode Num: 2032 Episode T: 507 Reward: 492.358 Cost: 76.000
arrive destination: True ,out of road:False   Total T: 627937 Episode Num: 2033 Episode T: 242 Reward: 265.184 Cost: 0.000
arrive destination: True ,out of road:False   Total T: 628369 Episode Num: 2034 Episode T: 432 Reward: 465.496 Cost: 51.000
arrive destination: True ,out of road:False   Total T: 628709 Episode Num: 2035 Episode T: 340 Reward: 458.910 Cost: 31.000
arrive destination: True ,out of road:False   Total T: 628927 Episode Num: 2036 Episode T: 218 Reward: 296.132 Cost: 17.000
arrive destination: True ,out of road:False   Total T: 629265 Episode Num: 2037 Episode T: 338 Reward: 439.835 Cost: 54.000
arrive destination: False ,out of road:True   Total T: 629378 Episode Num: 2038 Episode T: 113 Reward: 90.020 Cost: 6.000
arrive destination: True ,out of road:False   Total T: 629818 Episode Num: 2039 Episode T: 440 Reward: 376.594 Cost: 71.000
---------------------------------------
Evaluation over 20 episodes: 0.850 Cost 17.000.             SafeRL used : use_td3
---------------------------------------
[34;1m
Time: 2026-06-29 15:47:50, Time spent from previous logger: 141.056 s[0m
[34;1mCustomLogger with fileds: ['total_steps', 'EpRet', 'EpCost', 'CostRate'][0m
[34;1mfieldvalues: [630000, 0.85, 17.0, 0.07795726659883587]
[0m
arrive destination: True ,out of road:False   Total T: 630202 Episode Num: 2040 Episode T: 384 Reward: 484.984 Cost: 8.000
arrive destination: True ,out of road:False   Total T: 630567 Episode Num: 2041 Episode T: 365 Reward: 373.233 Cost: 53.000
arrive destination: True ,out of road:False   Total T: 630899 Episode Num: 2042 Episode T: 332 Reward: 461.358 Cost: 2.000
arrive destination: True ,out of road:False   Total T: 631231 Episode Num: 2043 Episode T: 332 Reward: 335.972 Cost: 21.000
arrive destination: True ,out of road:False   Total T: 631552 Episode Num: 2044 Episode T: 321 Reward: 395.441 Cost: 0.000
arrive destination: True ,out of road:False   Total T: 631801 Episode Num: 2045 Episode T: 249 Reward: 234.598 Cost: 1.000
arrive destination: True ,out of road:False   Total T: 632059 Episode Num: 2046 Episode T: 258 Reward: 270.569 Cost: 38.000
arrive destination: True ,out of road:False   Total T: 632382 Episode Num: 2047 Episode T: 323 Reward: 396.392 Cost: 16.000
arrive destination: True ,out of road:False   Total T: 632750 Episode Num: 2048 Episode T: 368 Reward: 495.312 Cost: 21.000
arrive destination: True ,out of road:False   Total T: 633045 Episode Num: 2049 Episode T: 295 Reward: 398.394 Cost: 16.000
arrive destination: True ,out of road:False   Total T: 633568 Episode Num: 2050 Episode T: 523 Reward: 492.879 Cost: 60.000
arrive destination: True ,out of road:False   Total T: 633770 Episode Num: 2051 Episode T: 202 Reward: 286.948 Cost: 1.000
arrive destination: True ,out of road:False   Total T: 634166 Episode Num: 2052 Episode T: 396 Reward: 471.151 Cost: 32.000
arrive destination: True ,out of road:False   Total T: 634425 Episode Num: 2053 Episode T: 259 Reward: 279.300 Cost: 31.000
arrive destination: True ,out of road:False   Total T: 634632 Episode Num: 2054 Episode T: 207 Reward: 284.732 Cost: 9.000
arrive destination: True ,out of road:False   Total T: 634974 Episode Num: 2055 Episode T: 342 Reward: 448.106 Cost: 47.000
arrive destination: True ,out of road:False   Total T: 635197 Episode Num: 2056 Episode T: 223 Reward: 294.395 Cost: 12.000
arrive destination: True ,out of road:False   Total T: 635432 Episode Num: 2057 Episode T: 235 Reward: 270.886 Cost: 7.000
arrive destination: True ,out of road:False   Total T: 635749 Episode Num: 2058 Episode T: 317 Reward: 390.139 Cost: 0.000
arrive destination: True ,out of road:False   Total T: 636054 Episode Num: 2059 Episode T: 305 Reward: 387.941 Cost: 0.000
arrive destination: True ,out of road:False   Total T: 636290 Episode Num: 2060 Episode T: 236 Reward: 348.851 Cost: 1.000
arrive destination: False ,out of road:True   Total T: 636531 Episode Num: 2061 Episode T: 241 Reward: 341.349 Cost: 16.000
arrive destination: True ,out of road:False   Total T: 636869 Episode Num: 2062 Episode T: 338 Reward: 452.440 Cost: 13.000
arrive destination: False ,out of road:True   Total T: 636976 Episode Num: 2063 Episode T: 107 Reward: 89.232 Cost: 2.000
arrive destination: True ,out of road:False   Total T: 637318 Episode Num: 2064 Episode T: 342 Reward: 427.996 Cost: 45.000
arrive destination: True ,out of road:False   Total T: 637597 Episode Num: 2065 Episode T: 279 Reward: 335.068 Cost: 26.000
arrive destination: False ,out of road:True   Total T: 637771 Episode Num: 2066 Episode T: 174 Reward: 251.720 Cost: 6.000
arrive destination: True ,out of road:False   Total T: 638077 Episode Num: 2067 Episode T: 306 Reward: 425.209 Cost: 51.000
arrive destination: True ,out of road:False   Total T: 638394 Episode Num: 2068 Episode T: 317 Reward: 382.194 Cost: 41.000
arrive destination: True ,out of road:False   Total T: 638637 Episode Num: 2069 Episode T: 243 Reward: 351.518 Cost: 5.000
arrive destination: True ,out of road:False   Total T: 638970 Episode Num: 2070 Episode T: 333 Reward: 368.771 Cost: 32.000
arrive destination: False ,out of road:True   Total T: 639187 Episode Num: 2071 Episode T: 217 Reward: 225.125 Cost: 2.000
arrive destination: True ,out of road:False   Total T: 639628 Episode Num: 2072 Episode T: 441 Reward: 475.231 Cost: 43.000
arrive destination: True ,out of road:False   Total T: 639936 Episode Num: 2073 Episode T: 308 Reward: 377.487 Cost: 37.000
---------------------------------------
Evaluation over 20 episodes: 0.850 Cost 18.600.             SafeRL used : use_td3
---------------------------------------
[34;1m
Time: 2026-06-29 15:50:10, Time spent from previous logger: 139.394 s[0m
[34;1mCustomLogger with fileds: ['total_steps', 'EpRet', 'EpCost', 'CostRate'][0m
[34;1mfieldvalues: [640000, 0.85, 18.6, 0.0778251216017525]
[0m
arrive destination: True ,out of road:False   Total T: 640226 Episode Num: 2074 Episode T: 290 Reward: 337.330 Cost: 5.000
arrive destination: True ,out of road:False   Total T: 640475 Episode Num: 2075 Episode T: 249 Reward: 267.426 Cost: 38.000
arrive destination: True ,out of road:False   Total T: 640712 Episode Num: 2076 Episode T: 237 Reward: 352.291 Cost: 17.000
arrive destination: False ,out of road:True   Total T: 640916 Episode Num: 2077 Episode T: 204 Reward: 246.260 Cost: 10.000
arrive destination: True ,out of road:False   Total T: 641157 Episode Num: 2078 Episode T: 241 Reward: 349.673 Cost: 6.000
arrive destination: True ,out of road:False   Total T: 641577 Episode Num: 2079 Episode T: 420 Reward: 493.919 Cost: 27.000
arrive destination: True ,out of road:False   Total T: 641836 Episode Num: 2080 Episode T: 259 Reward: 270.739 Cost: 29.000
arrive destination: True ,out of road:False   Total T: 642261 Episode Num: 2081 Episode T: 425 Reward: 472.448 Cost: 42.000
arrive destination: True ,out of road:False   Total T: 642633 Episode Num: 2082 Episode T: 372 Reward: 379.237 Cost: 51.000
arrive destination: True ,out of road:False   Total T: 642940 Episode Num: 2083 Episode T: 307 Reward: 364.700 Cost: 30.000
arrive destination: True ,out of road:False   Total T: 643141 Episode Num: 2084 Episode T: 201 Reward: 287.459 Cost: 6.000
arrive destination: True ,out of road:False   Total T: 643436 Episode Num: 2085 Episode T: 295 Reward: 269.579 Cost: 28.000
arrive destination: True ,out of road:False   Total T: 643811 Episode Num: 2086 Episode T: 375 Reward: 335.944 Cost: 36.000
arrive destination: True ,out of road:False   Total T: 644058 Episode Num: 2087 Episode T: 247 Reward: 234.626 Cost: 5.000
arrive destination: True ,out of road:False   Total T: 644284 Episode Num: 2088 Episode T: 226 Reward: 276.182 Cost: 5.000
arrive destination: True ,out of road:False   Total T: 644503 Episode Num: 2089 Episode T: 219 Reward: 274.689 Cost: 3.000
arrive destination: True ,out of road:False   Total T: 644873 Episode Num: 2090 Episode T: 370 Reward: 494.081 Cost: 11.000
arrive destination: True ,out of road:False   Total T: 645118 Episode Num: 2091 Episode T: 245 Reward: 285.688 Cost: 18.000
arrive destination: True ,out of road:False   Total T: 645523 Episode Num: 2092 Episode T: 405 Reward: 467.489 Cost: 35.000
arrive destination: True ,out of road:False   Total T: 645892 Episode Num: 2093 Episode T: 369 Reward: 414.982 Cost: 43.000
arrive destination: True ,out of road:False   Total T: 646133 Episode Num: 2094 Episode T: 241 Reward: 265.131 Cost: 0.000
arrive destination: True ,out of road:False   Total T: 646448 Episode Num: 2095 Episode T: 315 Reward: 393.223 Cost: 0.000
arrive destination: True ,out of road:False   Total T: 646760 Episode Num: 2096 Episode T: 312 Reward: 395.622 Cost: 18.000
arrive destination: True ,out of road:False   Total T: 647006 Episode Num: 2097 Episode T: 246 Reward: 232.874 Cost: 20.000
arrive destination: True ,out of road:False   Total T: 647354 Episode Num: 2098 Episode T: 348 Reward: 429.312 Cost: 27.000
arrive destination: False ,out of road:True   Total T: 647563 Episode Num: 2099 Episode T: 209 Reward: 225.795 Cost: 15.000
arrive destination: True ,out of road:False   Total T: 647808 Episode Num: 2100 Episode T: 245 Reward: 268.506 Cost: 7.000
arrive destination: True ,out of road:False   Total T: 648067 Episode Num: 2101 Episode T: 259 Reward: 270.990 Cost: 32.000
arrive destination: True ,out of road:False   Total T: 648294 Episode Num: 2102 Episode T: 227 Reward: 295.027 Cost: 30.000
arrive destination: True ,out of road:False   Total T: 648669 Episode Num: 2103 Episode T: 375 Reward: 462.416 Cost: 22.000
arrive destination: True ,out of road:False   Total T: 648965 Episode Num: 2104 Episode T: 296 Reward: 270.601 Cost: 34.000
arrive destination: True ,out of road:False   Total T: 649270 Episode Num: 2105 Episode T: 305 Reward: 397.230 Cost: 21.000
arrive destination: True ,out of road:False   Total T: 649473 Episode Num: 2106 Episode T: 203 Reward: 283.808 Cost: 5.000
arrive destination: True ,out of road:False   Total T: 649801 Episode Num: 2107 Episode T: 328 Reward: 396.293 Cost: 10.000
---------------------------------------
Evaluation over 20 episodes: 0.900 Cost 24.500.             SafeRL used : use_td3
---------------------------------------
[34;1m
Time: 2026-06-29 15:52:24, Time spent from previous logger: 134.504 s[0m
[34;1mCustomLogger with fileds: ['total_steps', 'EpRet', 'EpCost', 'CostRate'][0m
[34;1mfieldvalues: [650000, 0.9, 24.5, 0.07771396571379341]
[0m
arrive destination: True ,out of road:False   Total T: 650308 Episode Num: 2108 Episode T: 507 Reward: 669.858 Cost: 78.000
arrive destination: True ,out of road:False   Total T: 650543 Episode Num: 2109 Episode T: 235 Reward: 348.434 Cost: 11.000
arrive destination: True ,out of road:False   Total T: 650786 Episode Num: 2110 Episode T: 243 Reward: 304.262 Cost: 23.000
arrive destination: False ,out of road:True   Total T: 651008 Episode Num: 2111 Episode T: 222 Reward: 307.402 Cost: 8.000
arrive destination: True ,out of road:False   Total T: 651241 Episode Num: 2112 Episode T: 233 Reward: 277.061 Cost: 8.000
arrive destination: True ,out of road:False   Total T: 651511 Episode Num: 2113 Episode T: 270 Reward: 294.144 Cost: 18.000
arrive destination: True ,out of road:False   Total T: 651735 Episode Num: 2114 Episode T: 224 Reward: 273.702 Cost: 12.000
arrive destination: True ,out of road:False   Total T: 652001 Episode Num: 2115 Episode T: 266 Reward: 295.307 Cost: 4.000
arrive destination: True ,out of road:False   Total T: 652203 Episode Num: 2116 Episode T: 202 Reward: 286.544 Cost: 0.000
arrive destination: False ,out of road:True   Total T: 652562 Episode Num: 2117 Episode T: 359 Reward: 358.066 Cost: 64.000
arrive destination: True ,out of road:False   Total T: 652848 Episode Num: 2118 Episode T: 286 Reward: 294.583 Cost: 23.000
arrive destination: True ,out of road:False   Total T: 653094 Episode Num: 2119 Episode T: 246 Reward: 335.571 Cost: 7.000
arrive destination: True ,out of road:False   Total T: 653291 Episode Num: 2120 Episode T: 197 Reward: 284.631 Cost: 5.000
arrive destination: True ,out of road:False   Total T: 653615 Episode Num: 2121 Episode T: 324 Reward: 294.485 Cost: 34.000
arrive destination: True ,out of road:False   Total T: 653928 Episode Num: 2122 Episode T: 313 Reward: 389.320 Cost: 0.000
arrive destination: False ,out of road:True   Total T: 654133 Episode Num: 2123 Episode T: 205 Reward: 239.327 Cost: 16.000
arrive destination: True ,out of road:False   Total T: 654494 Episode Num: 2124 Episode T: 361 Reward: 419.194 Cost: 51.000
arrive destination: True ,out of road:False   Total T: 654719 Episode Num: 2125 Episode T: 225 Reward: 304.494 Cost: 22.000
arrive destination: True ,out of road:False   Total T: 655057 Episode Num: 2126 Episode T: 338 Reward: 456.814 Cost: 30.000
arrive destination: True ,out of road:False   Total T: 655369 Episode Num: 2127 Episode T: 312 Reward: 371.284 Cost: 41.000
arrive destination: True ,out of road:False   Total T: 655598 Episode Num: 2128 Episode T: 229 Reward: 270.664 Cost: 0.000
arrive destination: True ,out of road:False   Total T: 655904 Episode Num: 2129 Episode T: 306 Reward: 414.988 Cost: 21.000
arrive destination: True ,out of road:False   Total T: 656129 Episode Num: 2130 Episode T: 225 Reward: 276.558 Cost: 2.000
arrive destination: False ,out of road:True   Total T: 656528 Episode Num: 2131 Episode T: 399 Reward: 454.620 Cost: 61.000
arrive destination: True ,out of road:False   Total T: 656777 Episode Num: 2132 Episode T: 249 Reward: 295.444 Cost: 25.000
arrive destination: True ,out of road:False   Total T: 656950 Episode Num: 2133 Episode T: 173 Reward: 269.597 Cost: 0.000
arrive destination: True ,out of road:False   Total T: 657205 Episode Num: 2134 Episode T: 255 Reward: 269.202 Cost: 33.000
arrive destination: True ,out of road:False   Total T: 657587 Episode Num: 2135 Episode T: 382 Reward: 459.339 Cost: 24.000
arrive destination: True ,out of road:False   Total T: 657809 Episode Num: 2136 Episode T: 222 Reward: 277.062 Cost: 18.000
arrive destination: False ,out of road:True   Total T: 657956 Episode Num: 2137 Episode T: 147 Reward: 177.048 Cost: 7.000
arrive destination: True ,out of road:False   Total T: 658199 Episode Num: 2138 Episode T: 243 Reward: 268.093 Cost: 0.000
arrive destination: True ,out of road:False   Total T: 658561 Episode Num: 2139 Episode T: 362 Reward: 405.060 Cost: 34.000
arrive destination: True ,out of road:False   Total T: 658872 Episode Num: 2140 Episode T: 311 Reward: 392.378 Cost: 0.000
arrive destination: False ,out of road:True   Total T: 658983 Episode Num: 2141 Episode T: 111 Reward: 118.363 Cost: 1.000
arrive destination: True ,out of road:False   Total T: 659241 Episode Num: 2142 Episode T: 258 Reward: 295.274 Cost: 6.000
arrive destination: True ,out of road:False   Total T: 659541 Episode Num: 2143 Episode T: 300 Reward: 366.926 Cost: 31.000
arrive destination: True ,out of road:False   Total T: 659950 Episode Num: 2144 Episode T: 409 Reward: 403.953 Cost: 22.000
---------------------------------------
Evaluation over 20 episodes: 0.950 Cost 21.850.             SafeRL used : use_td3
---------------------------------------
[34;1m
Time: 2026-06-29 15:54:41, Time spent from previous logger: 136.213 s[0m
[34;1mCustomLogger with fileds: ['total_steps', 'EpRet', 'EpCost', 'CostRate'][0m
[34;1mfieldvalues: [660000, 0.95, 21.85, 0.07762739034453082]
[0m
arrive destination: True ,out of road:False   Total T: 660304 Episode Num: 2145 Episode T: 354 Reward: 394.566 Cost: 43.000
arrive destination: True ,out of road:False   Total T: 660731 Episode Num: 2146 Episode T: 427 Reward: 465.021 Cost: 39.000
arrive destination: True ,out of road:False   Total T: 660988 Episode Num: 2147 Episode T: 257 Reward: 294.866 Cost: 24.000
arrive destination: True ,out of road:False   Total T: 661300 Episode Num: 2148 Episode T: 312 Reward: 371.165 Cost: 31.000
arrive destination: True ,out of road:False   Total T: 661632 Episode Num: 2149 Episode T: 332 Reward: 336.250 Cost: 26.000
arrive destination: True ,out of road:False   Total T: 661943 Episode Num: 2150 Episode T: 311 Reward: 417.872 Cost: 22.000
arrive destination: True ,out of road:False   Total T: 662183 Episode Num: 2151 Episode T: 240 Reward: 264.142 Cost: 0.000
arrive destination: True ,out of road:False   Total T: 662476 Episode Num: 2152 Episode T: 293 Reward: 374.638 Cost: 27.000
arrive destination: True ,out of road:False   Total T: 662722 Episode Num: 2153 Episode T: 246 Reward: 334.964 Cost: 4.000
arrive destination: True ,out of road:False   Total T: 663026 Episode Num: 2154 Episode T: 304 Reward: 397.069 Cost: 31.000
arrive destination: True ,out of road:False   Total T: 663460 Episode Num: 2155 Episode T: 434 Reward: 379.812 Cost: 68.000
arrive destination: True ,out of road:False   Total T: 663765 Episode Num: 2156 Episode T: 305 Reward: 417.368 Cost: 41.000
arrive destination: True ,out of road:False   Total T: 664003 Episode Num: 2157 Episode T: 238 Reward: 272.841 Cost: 7.000
arrive destination: True ,out of road:False   Total T: 664236 Episode Num: 2158 Episode T: 233 Reward: 280.644 Cost: 6.000
arrive destination: True ,out of road:False   Total T: 664556 Episode Num: 2159 Episode T: 320 Reward: 394.851 Cost: 0.000
arrive destination: True ,out of road:False   Total T: 664805 Episode Num: 2160 Episode T: 249 Reward: 296.011 Cost: 22.000
arrive destination: True ,out of road:False   Total T: 665127 Episode Num: 2161 Episode T: 322 Reward: 410.477 Cost: 10.000
arrive destination: False ,out of road:True   Total T: 665225 Episode Num: 2162 Episode T: 98 Reward: 88.441 Cost: 6.000
arrive destination: True ,out of road:False   Total T: 665489 Episode Num: 2163 Episode T: 264 Reward: 266.738 Cost: 17.000
arrive destination: True ,out of road:False   Total T: 665737 Episode Num: 2164 Episode T: 248 Reward: 304.027 Cost: 31.000
arrive destination: True ,out of road:False   Total T: 666111 Episode Num: 2165 Episode T: 374 Reward: 460.010 Cost: 26.000
arrive destination: True ,out of road:False   Total T: 666337 Episode Num: 2166 Episode T: 226 Reward: 271.386 Cost: 0.000
arrive destination: True ,out of road:False   Total T: 666612 Episode Num: 2167 Episode T: 275 Reward: 295.726 Cost: 3.000
arrive destination: True ,out of road:False   Total T: 666926 Episode Num: 2168 Episode T: 314 Reward: 390.105 Cost: 0.000
arrive destination: True ,out of road:False   Total T: 667186 Episode Num: 2169 Episode T: 260 Reward: 270.908 Cost: 39.000
arrive destination: True ,out of road:False   Total T: 667436 Episode Num: 2170 Episode T: 250 Reward: 295.375 Cost: 23.000
arrive destination: True ,out of road:False   Total T: 667740 Episode Num: 2171 Episode T: 304 Reward: 396.222 Cost: 32.000
arrive destination: True ,out of road:False   Total T: 668011 Episode Num: 2172 Episode T: 271 Reward: 294.549 Cost: 21.000
arrive destination: True ,out of road:False   Total T: 668393 Episode Num: 2173 Episode T: 382 Reward: 460.828 Cost: 43.000
arrive destination: True ,out of road:False   Total T: 668714 Episode Num: 2174 Episode T: 321 Reward: 395.566 Cost: 0.000
arrive destination: True ,out of road:False   Total T: 669186 Episode Num: 2175 Episode T: 472 Reward: 489.837 Cost: 87.000
arrive destination: True ,out of road:False   Total T: 669429 Episode Num: 2176 Episode T: 243 Reward: 265.715 Cost: 0.000
arrive destination: True ,out of road:False   Total T: 669825 Episode Num: 2177 Episode T: 396 Reward: 463.352 Cost: 22.000
---------------------------------------
Evaluation over 20 episodes: 0.850 Cost 22.200.             SafeRL used : use_td3
---------------------------------------
[34;1m
Time: 2026-06-29 15:56:56, Time spent from previous logger: 135.382 s[0m
[34;1mCustomLogger with fileds: ['total_steps', 'EpRet', 'EpCost', 'CostRate'][0m
[34;1mfieldvalues: [670000, 0.85, 22.2, 0.07758966804428066]
[0m
arrive destination: True ,out of road:False   Total T: 670319 Episode Num: 2178 Episode T: 494 Reward: 617.804 Cost: 26.000
arrive destination: True ,out of road:False   Total T: 670559 Episode Num: 2179 Episode T: 240 Reward: 335.803 Cost: 5.000
arrive destination: True ,out of road:False   Total T: 670801 Episode Num: 2180 Episode T: 242 Reward: 264.828 Cost: 0.000
arrive destination: True ,out of road:False   Total T: 671132 Episode Num: 2181 Episode T: 331 Reward: 417.464 Cost: 47.000
arrive destination: True ,out of road:False   Total T: 671527 Episode Num: 2182 Episode T: 395 Reward: 469.114 Cost: 22.000
arrive destination: True ,out of road:False   Total T: 671798 Episode Num: 2183 Episode T: 271 Reward: 265.991 Cost: 32.000
arrive destination: True ,out of road:False   Total T: 672045 Episode Num: 2184 Episode T: 247 Reward: 233.248 Cost: 13.000
arrive destination: True ,out of road:False   Total T: 672336 Episode Num: 2185 Episode T: 291 Reward: 336.017 Cost: 15.000
arrive destination: True ,out of road:False   Total T: 672688 Episode Num: 2186 Episode T: 352 Reward: 416.536 Cost: 42.000
arrive destination: True ,out of road:False   Total T: 672937 Episode Num: 2187 Episode T: 249 Reward: 295.996 Cost: 28.000
arrive destination: True ,out of road:False   Total T: 673136 Episode Num: 2188 Episode T: 199 Reward: 288.616 Cost: 11.000
arrive destination: True ,out of road:False   Total T: 673324 Episode Num: 2189 Episode T: 188 Reward: 269.604 Cost: 6.000
arrive destination: True ,out of road:False   Total T: 673734 Episode Num: 2190 Episode T: 410 Reward: 462.351 Cost: 32.000
arrive destination: True ,out of road:False   Total T: 674149 Episode Num: 2191 Episode T: 415 Reward: 467.012 Cost: 44.000
arrive destination: True ,out of road:False   Total T: 674514 Episode Num: 2192 Episode T: 365 Reward: 421.947 Cost: 44.000
arrive destination: True ,out of road:True   Total T: 674748 Episode Num: 2193 Episode T: 234 Reward: 302.274 Cost: 12.000
arrive destination: True ,out of road:False   Total T: 675001 Episode Num: 2194 Episode T: 253 Reward: 268.094 Cost: 0.000
arrive destination: True ,out of road:False   Total T: 675248 Episode Num: 2195 Episode T: 247 Reward: 267.657 Cost: 0.000
arrive destination: True ,out of road:False   Total T: 675482 Episode Num: 2196 Episode T: 234 Reward: 350.553 Cost: 10.000
arrive destination: True ,out of road:False   Total T: 675797 Episode Num: 2197 Episode T: 315 Reward: 391.462 Cost: 0.000
arrive destination: True ,out of road:False   Total T: 676161 Episode Num: 2198 Episode T: 364 Reward: 419.720 Cost: 41.000
arrive destination: False ,out of road:True   Total T: 676385 Episode Num: 2199 Episode T: 224 Reward: 310.165 Cost: 8.000
arrive destination: True ,out of road:False   Total T: 676689 Episode Num: 2200 Episode T: 304 Reward: 369.680 Cost: 26.000
arrive destination: True ,out of road:False   Total T: 677001 Episode Num: 2201 Episode T: 312 Reward: 405.326 Cost: 24.000
arrive destination: True ,out of road:False   Total T: 677270 Episode Num: 2202 Episode T: 269 Reward: 347.483 Cost: 35.000
arrive destination: True ,out of road:False   Total T: 677577 Episode Num: 2203 Episode T: 307 Reward: 397.874 Cost: 13.000
arrive destination: True ,out of road:False   Total T: 677804 Episode Num: 2204 Episode T: 227 Reward: 288.272 Cost: 10.000
arrive destination: True ,out of road:False   Total T: 678183 Episode Num: 2205 Episode T: 379 Reward: 400.410 Cost: 48.000
arrive destination: True ,out of road:False   Total T: 678521 Episode Num: 2206 Episode T: 338 Reward: 403.384 Cost: 43.000
arrive destination: True ,out of road:False   Total T: 678846 Episode Num: 2207 Episode T: 325 Reward: 409.959 Cost: 7.000
arrive destination: True ,out of road:False   Total T: 679023 Episode Num: 2208 Episode T: 177 Reward: 269.925 Cost: 2.000
arrive destination: True ,out of road:False   Total T: 679355 Episode Num: 2209 Episode T: 332 Reward: 454.257 Cost: 8.000
arrive destination: True ,out of road:False   Total T: 679606 Episode Num: 2210 Episode T: 251 Reward: 266.930 Cost: 0.000
arrive destination: True ,out of road:False   Total T: 679857 Episode Num: 2211 Episode T: 251 Reward: 271.758 Cost: 28.000
---------------------------------------
Evaluation over 20 episodes: 0.950 Cost 9.000.             SafeRL used : use_td3
---------------------------------------
[34;1m
Time: 2026-06-29 15:59:06, Time spent from previous logger: 130.274 s[0m
[34;1mCustomLogger with fileds: ['total_steps', 'EpRet', 'EpCost', 'CostRate'][0m
[34;1mfieldvalues: [680000, 0.95, 9.0, 0.07745158448762425]
[0m
arrive destination: True ,out of road:False   Total T: 680219 Episode Num: 2212 Episode T: 362 Reward: 465.776 Cost: 19.000
arrive destination: True ,out of road:False   Total T: 680755 Episode Num: 2213 Episode T: 536 Reward: 502.560 Cost: 74.000
arrive destination: False ,out of road:True   Total T: 680956 Episode Num: 2214 Episode T: 201 Reward: 223.552 Cost: 1.000
arrive destination: False ,out of road:True   Total T: 681110 Episode Num: 2215 Episode T: 154 Reward: 141.449 Cost: 10.000
arrive destination: True ,out of road:False   Total T: 681323 Episode Num: 2216 Episode T: 213 Reward: 287.027 Cost: 11.000
arrive destination: True ,out of road:False   Total T: 681559 Episode Num: 2217 Episode T: 236 Reward: 274.245 Cost: 19.000
arrive destination: True ,out of road:False   Total T: 681862 Episode Num: 2218 Episode T: 303 Reward: 381.292 Cost: 51.000
arrive destination: False ,out of road:True   Total T: 681979 Episode Num: 2219 Episode T: 117 Reward: 132.849 Cost: 1.000
arrive destination: True ,out of road:False   Total T: 682232 Episode Num: 2220 Episode T: 253 Reward: 305.536 Cost: 18.000
arrive destination: True ,out of road:False   Total T: 682494 Episode Num: 2221 Episode T: 262 Reward: 271.488 Cost: 23.000
arrive destination: True ,out of road:False   Total T: 682745 Episode Num: 2222 Episode T: 251 Reward: 269.108 Cost: 0.000
arrive destination: True ,out of road:False   Total T: 682966 Episode Num: 2223 Episode T: 221 Reward: 316.086 Cost: 32.000
arrive destination: True ,out of road:False   Total T: 683356 Episode Num: 2224 Episode T: 390 Reward: 380.604 Cost: 63.000
arrive destination: True ,out of road:False   Total T: 683699 Episode Num: 2225 Episode T: 343 Reward: 460.179 Cost: 27.000
arrive destination: True ,out of road:False   Total T: 683872 Episode Num: 2226 Episode T: 173 Reward: 268.551 Cost: 4.000
arrive destination: True ,out of road:False   Total T: 684187 Episode Num: 2227 Episode T: 315 Reward: 391.084 Cost: 0.000
arrive destination: False ,out of road:True   Total T: 684288 Episode Num: 2228 Episode T: 101 Reward: 77.294 Cost: 6.000
arrive destination: True ,out of road:False   Total T: 684631 Episode Num: 2229 Episode T: 343 Reward: 386.499 Cost: 48.000
arrive destination: True ,out of road:False   Total T: 684816 Episode Num: 2230 Episode T: 185 Reward: 269.571 Cost: 2.000
arrive destination: True ,out of road:False   Total T: 685247 Episode Num: 2231 Episode T: 431 Reward: 482.878 Cost: 42.000
arrive destination: True ,out of road:False   Total T: 685423 Episode Num: 2232 Episode T: 176 Reward: 268.569 Cost: 2.000
arrive destination: True ,out of road:False   Total T: 685598 Episode Num: 2233 Episode T: 175 Reward: 268.994 Cost: 4.000
arrive destination: True ,out of road:False   Total T: 685770 Episode Num: 2234 Episode T: 172 Reward: 268.551 Cost: 0.000
arrive destination: True ,out of road:False   Total T: 685960 Episode Num: 2235 Episode T: 190 Reward: 269.148 Cost: 4.000
arrive destination: True ,out of road:False   Total T: 686223 Episode Num: 2236 Episode T: 263 Reward: 282.529 Cost: 28.000
arrive destination: True ,out of road:False   Total T: 686589 Episode Num: 2237 Episode T: 366 Reward: 376.808 Cost: 61.000
arrive destination: True ,out of road:False   Total T: 686837 Episode Num: 2238 Episode T: 248 Reward: 244.034 Cost: 8.000
arrive destination: True ,out of road:False   Total T: 687142 Episode Num: 2239 Episode T: 305 Reward: 389.343 Cost: 0.000
arrive destination: True ,out of road:False   Total T: 687396 Episode Num: 2240 Episode T: 254 Reward: 353.967 Cost: 6.000
arrive destination: True ,out of road:False   Total T: 687623 Episode Num: 2241 Episode T: 227 Reward: 280.562 Cost: 14.000
arrive destination: True ,out of road:False   Total T: 687870 Episode Num: 2242 Episode T: 247 Reward: 233.382 Cost: 13.000
arrive destination: True ,out of road:False   Total T: 688122 Episode Num: 2243 Episode T: 252 Reward: 305.585 Cost: 17.000
arrive destination: True ,out of road:False   Total T: 688477 Episode Num: 2244 Episode T: 355 Reward: 502.808 Cost: 20.000
arrive destination: True ,out of road:False   Total T: 688657 Episode Num: 2245 Episode T: 180 Reward: 270.088 Cost: 2.000
arrive destination: True ,out of road:False   Total T: 689071 Episode Num: 2246 Episode T: 414 Reward: 473.713 Cost: 40.000
arrive destination: True ,out of road:False   Total T: 689328 Episode Num: 2247 Episode T: 257 Reward: 304.525 Cost: 20.000
arrive destination: True ,out of road:False   Total T: 689590 Episode Num: 2248 Episode T: 262 Reward: 273.631 Cost: 21.000
arrive destination: True ,out of road:False   Total T: 689814 Episode Num: 2249 Episode T: 224 Reward: 287.704 Cost: 26.000
---------------------------------------
Evaluation over 20 episodes: 0.650 Cost 18.650.             SafeRL used : use_td3
---------------------------------------
[34;1m
Time: 2026-06-29 16:01:12, Time spent from previous logger: 125.788 s[0m
[34;1mCustomLogger with fileds: ['total_steps', 'EpRet', 'EpCost', 'CostRate'][0m
[34;1mfieldvalues: [690000, 0.65, 18.65, 0.07741025711631466]
[0m
arrive destination: True ,out of road:False   Total T: 690210 Episode Num: 2250 Episode T: 396 Reward: 489.723 Cost: 9.000
arrive destination: True ,out of road:False   Total T: 690621 Episode Num: 2251 Episode T: 411 Reward: 407.678 Cost: 21.000
arrive destination: True ,out of road:False   Total T: 690988 Episode Num: 2252 Episode T: 367 Reward: 418.295 Cost: 46.000
arrive destination: True ,out of road:False   Total T: 691336 Episode Num: 2253 Episode T: 348 Reward: 376.195 Cost: 58.000
arrive destination: False ,out of road:True   Total T: 691618 Episode Num: 2254 Episode T: 282 Reward: 342.743 Cost: 19.000
arrive destination: True ,out of road:False   Total T: 691932 Episode Num: 2255 Episode T: 314 Reward: 390.618 Cost: 0.000
arrive destination: True ,out of road:False   Total T: 692107 Episode Num: 2256 Episode T: 175 Reward: 269.979 Cost: 0.000
arrive destination: False ,out of road:True   Total T: 692319 Episode Num: 2257 Episode T: 212 Reward: 223.138 Cost: 1.000
arrive destination: True ,out of road:False   Total T: 692587 Episode Num: 2258 Episode T: 268 Reward: 345.175 Cost: 10.000
arrive destination: True ,out of road:False   Total T: 692942 Episode Num: 2259 Episode T: 355 Reward: 404.306 Cost: 46.000
arrive destination: True ,out of road:False   Total T: 693227 Episode Num: 2260 Episode T: 285 Reward: 304.522 Cost: 27.000
arrive destination: True ,out of road:False   Total T: 693480 Episode Num: 2261 Episode T: 253 Reward: 269.180 Cost: 0.000
arrive destination: False ,out of road:True   Total T: 693650 Episode Num: 2262 Episode T: 170 Reward: 206.994 Cost: 11.000
arrive destination: True ,out of road:False   Total T: 694056 Episode Num: 2263 Episode T: 406 Reward: 470.368 Cost: 30.000
arrive destination: True ,out of road:False   Total T: 694459 Episode Num: 2264 Episode T: 403 Reward: 467.810 Cost: 42.000
arrive destination: True ,out of road:False   Total T: 694672 Episode Num: 2265 Episode T: 213 Reward: 284.878 Cost: 9.000
arrive destination: True ,out of road:False   Total T: 694922 Episode Num: 2266 Episode T: 250 Reward: 336.031 Cost: 8.000
arrive destination: True ,out of road:False   Total T: 695101 Episode Num: 2267 Episode T: 179 Reward: 268.855 Cost: 4.000
arrive destination: False ,out of road:True   Total T: 695237 Episode Num: 2268 Episode T: 136 Reward: 114.361 Cost: 13.000
arrive destination: True ,out of road:False   Total T: 695475 Episode Num: 2269 Episode T: 238 Reward: 266.907 Cost: 12.000
arrive destination: True ,out of road:False   Total T: 695734 Episode Num: 2270 Episode T: 259 Reward: 293.901 Cost: 22.000
arrive destination: True ,out of road:False   Total T: 695986 Episode Num: 2271 Episode T: 252 Reward: 335.398 Cost: 12.000
arrive destination: True ,out of road:False   Total T: 696294 Episode Num: 2272 Episode T: 308 Reward: 392.160 Cost: 0.000
arrive destination: True ,out of road:False   Total T: 696529 Episode Num: 2273 Episode T: 235 Reward: 284.059 Cost: 9.000
arrive destination: True ,out of road:False   Total T: 696897 Episode Num: 2274 Episode T: 368 Reward: 463.797 Cost: 29.000
arrive destination: True ,out of road:False   Total T: 697129 Episode Num: 2275 Episode T: 232 Reward: 274.212 Cost: 8.000
arrive destination: True ,out of road:False   Total T: 697340 Episode Num: 2276 Episode T: 211 Reward: 276.398 Cost: 0.000
arrive destination: True ,out of road:False   Total T: 697570 Episode Num: 2277 Episode T: 230 Reward: 271.294 Cost: 8.000
arrive destination: True ,out of road:False   Total T: 697775 Episode Num: 2278 Episode T: 205 Reward: 271.394 Cost: 0.000
arrive destination: True ,out of road:False   Total T: 697996 Episode Num: 2279 Episode T: 221 Reward: 305.395 Cost: 6.000
arrive destination: True ,out of road:False   Total T: 698326 Episode Num: 2280 Episode T: 330 Reward: 378.271 Cost: 16.000
arrive destination: True ,out of road:False   Total T: 698758 Episode Num: 2281 Episode T: 432 Reward: 426.091 Cost: 72.000
arrive destination: True ,out of road:False   Total T: 699022 Episode Num: 2282 Episode T: 264 Reward: 272.033 Cost: 19.000
arrive destination: True ,out of road:False   Total T: 699409 Episode Num: 2283 Episode T: 387 Reward: 418.382 Cost: 45.000
arrive destination: True ,out of road:False   Total T: 699655 Episode Num: 2284 Episode T: 246 Reward: 293.978 Cost: 27.000
arrive destination: True ,out of road:False   Total T: 699865 Episode Num: 2285 Episode T: 210 Reward: 285.327 Cost: 11.000
---------------------------------------
Evaluation over 20 episodes: 0.800 Cost 17.500.             SafeRL used : use_td3
---------------------------------------
[34;1m
Time: 2026-06-29 16:03:24, Time spent from previous logger: 132.258 s[0m
[34;1mCustomLogger with fileds: ['total_steps', 'EpRet', 'EpCost', 'CostRate'][0m
[34;1mfieldvalues: [700000, 0.8, 17.5, 0.07722011031444331]
[0m
arrive destination: True ,out of road:False   Total T: 700307 Episode Num: 2286 Episode T: 442 Reward: 544.406 Cost: 45.000
arrive destination: True ,out of road:False   Total T: 700611 Episode Num: 2287 Episode T: 304 Reward: 369.273 Cost: 20.000
arrive destination: False ,out of road:True   Total T: 700911 Episode Num: 2288 Episode T: 300 Reward: 356.435 Cost: 3.000
arrive destination: True ,out of road:False   Total T: 701222 Episode Num: 2289 Episode T: 311 Reward: 393.105 Cost: 0.000
arrive destination: True ,out of road:False   Total T: 701561 Episode Num: 2290 Episode T: 339 Reward: 456.280 Cost: 17.000
arrive destination: True ,out of road:False   Total T: 701816 Episode Num: 2291 Episode T: 255 Reward: 352.344 Cost: 11.000
arrive destination: True ,out of road:False   Total T: 702089 Episode Num: 2292 Episode T: 273 Reward: 336.212 Cost: 29.000
arrive destination: True ,out of road:False   Total T: 702338 Episode Num: 2293 Episode T: 249 Reward: 296.057 Cost: 26.000
arrive destination: False ,out of road:True   Total T: 702589 Episode Num: 2294 Episode T: 251 Reward: 221.670 Cost: 20.000
arrive destination: False ,out of road:True   Total T: 702785 Episode Num: 2295 Episode T: 196 Reward: 212.403 Cost: 20.000
arrive destination: True ,out of road:False   Total T: 703144 Episode Num: 2296 Episode T: 359 Reward: 405.247 Cost: 22.000
arrive destination: True ,out of road:False   Total T: 703442 Episode Num: 2297 Episode T: 298 Reward: 367.600 Cost: 13.000
arrive destination: True ,out of road:False   Total T: 703700 Episode Num: 2298 Episode T: 258 Reward: 270.109 Cost: 31.000
arrive destination: True ,out of road:False   Total T: 703958 Episode Num: 2299 Episode T: 258 Reward: 269.989 Cost: 24.000
arrive destination: True ,out of road:False   Total T: 704277 Episode Num: 2300 Episode T: 319 Reward: 371.780 Cost: 21.000
arrive destination: True ,out of road:False   Total T: 704527 Episode Num: 2301 Episode T: 250 Reward: 267.483 Cost: 0.000
arrive destination: True ,out of road:False   Total T: 704840 Episode Num: 2302 Episode T: 313 Reward: 365.522 Cost: 27.000
arrive destination: True ,out of road:False   Total T: 705094 Episode Num: 2303 Episode T: 254 Reward: 294.368 Cost: 28.000
arrive destination: True ,out of road:False   Total T: 705315 Episode Num: 2304 Episode T: 221 Reward: 274.452 Cost: 7.000
arrive destination: True ,out of road:False   Total T: 705534 Episode Num: 2305 Episode T: 219 Reward: 287.302 Cost: 2.000
arrive destination: True ,out of road:False   Total T: 705717 Episode Num: 2306 Episode T: 183 Reward: 269.412 Cost: 0.000
arrive destination: True ,out of road:False   Total T: 706190 Episode Num: 2307 Episode T: 473 Reward: 503.404 Cost: 69.000
arrive destination: True ,out of road:False   Total T: 706573 Episode Num: 2308 Episode T: 383 Reward: 466.834 Cost: 12.000
arrive destination: True ,out of road:False   Total T: 706920 Episode Num: 2309 Episode T: 347 Reward: 407.510 Cost: 43.000
arrive destination: True ,out of road:False   Total T: 707241 Episode Num: 2310 Episode T: 321 Reward: 395.978 Cost: 0.000
arrive destination: True ,out of road:False   Total T: 707532 Episode Num: 2311 Episode T: 291 Reward: 397.428 Cost: 14.000
arrive destination: True ,out of road:False   Total T: 707940 Episode Num: 2312 Episode T: 408 Reward: 490.875 Cost: 72.000
arrive destination: True ,out of road:False   Total T: 708273 Episode Num: 2313 Episode T: 333 Reward: 380.198 Cost: 43.000
arrive destination: True ,out of road:False   Total T: 708540 Episode Num: 2314 Episode T: 267 Reward: 293.757 Cost: 23.000
arrive destination: True ,out of road:False   Total T: 708874 Episode Num: 2315 Episode T: 334 Reward: 462.804 Cost: 24.000
arrive destination: True ,out of road:False   Total T: 709236 Episode Num: 2316 Episode T: 362 Reward: 420.274 Cost: 39.000
arrive destination: True ,out of road:False   Total T: 709513 Episode Num: 2317 Episode T: 277 Reward: 334.740 Cost: 21.000
arrive destination: True ,out of road:False   Total T: 709792 Episode Num: 2318 Episode T: 279 Reward: 366.631 Cost: 5.000
---------------------------------------
Evaluation over 20 episodes: 0.650 Cost 17.400.             SafeRL used : use_td3
---------------------------------------
[34;1m
Time: 2026-06-29 16:05:41, Time spent from previous logger: 136.999 s[0m
[34;1mCustomLogger with fileds: ['total_steps', 'EpRet', 'EpCost', 'CostRate'][0m
[34;1mfieldvalues: [710000, 0.65, 17.4, 0.07719870027985955]
[0m
arrive destination: True ,out of road:False   Total T: 710279 Episode Num: 2319 Episode T: 487 Reward: 601.042 Cost: 35.000
arrive destination: True ,out of road:False   Total T: 710627 Episode Num: 2320 Episode T: 348 Reward: 459.449 Cost: 8.000
arrive destination: True ,out of road:False   Total T: 710887 Episode Num: 2321 Episode T: 260 Reward: 336.158 Cost: 12.000
arrive destination: True ,out of road:False   Total T: 711204 Episode Num: 2322 Episode T: 317 Reward: 391.738 Cost: 0.000
arrive destination: True ,out of road:False   Total T: 711513 Episode Num: 2323 Episode T: 309 Reward: 392.248 Cost: 0.000
arrive destination: True ,out of road:False   Total T: 711762 Episode Num: 2324 Episode T: 249 Reward: 269.626 Cost: 0.000
arrive destination: True ,out of road:False   Total T: 712020 Episode Num: 2325 Episode T: 258 Reward: 280.799 Cost: 41.000
arrive destination: True ,out of road:False   Total T: 712310 Episode Num: 2326 Episode T: 290 Reward: 377.263 Cost: 33.000
arrive destination: True ,out of road:False   Total T: 712522 Episode Num: 2327 Episode T: 212 Reward: 289.574 Cost: 2.000
arrive destination: True ,out of road:False   Total T: 712755 Episode Num: 2328 Episode T: 233 Reward: 285.543 Cost: 14.000
arrive destination: True ,out of road:False   Total T: 713109 Episode Num: 2329 Episode T: 354 Reward: 396.709 Cost: 17.000
arrive destination: True ,out of road:False   Total T: 713437 Episode Num: 2330 Episode T: 328 Reward: 459.158 Cost: 0.000
arrive destination: True ,out of road:False   Total T: 713609 Episode Num: 2331 Episode T: 172 Reward: 269.155 Cost: 3.000
arrive destination: True ,out of road:False   Total T: 713982 Episode Num: 2332 Episode T: 373 Reward: 423.704 Cost: 44.000
arrive destination: True ,out of road:False   Total T: 714207 Episode Num: 2333 Episode T: 225 Reward: 268.245 Cost: 0.000
arrive destination: True ,out of road:False   Total T: 714630 Episode Num: 2334 Episode T: 423 Reward: 493.474 Cost: 46.000
arrive destination: True ,out of road:False   Total T: 715198 Episode Num: 2335 Episode T: 568 Reward: 401.132 Cost: 42.000
arrive destination: True ,out of road:False   Total T: 715596 Episode Num: 2336 Episode T: 398 Reward: 472.066 Cost: 32.000
arrive destination: True ,out of road:False   Total T: 715817 Episode Num: 2337 Episode T: 221 Reward: 295.551 Cost: 14.000
arrive destination: True ,out of road:False   Total T: 716120 Episode Num: 2338 Episode T: 303 Reward: 406.451 Cost: 18.000
arrive destination: True ,out of road:False   Total T: 716489 Episode Num: 2339 Episode T: 369 Reward: 397.645 Cost: 13.000
arrive destination: True ,out of road:False   Total T: 716748 Episode Num: 2340 Episode T: 259 Reward: 285.033 Cost: 22.000
arrive destination: True ,out of road:False   Total T: 716953 Episode Num: 2341 Episode T: 205 Reward: 285.139 Cost: 2.000
arrive destination: True ,out of road:False   Total T: 717210 Episode Num: 2342 Episode T: 257 Reward: 353.026 Cost: 10.000
arrive destination: True ,out of road:False   Total T: 717437 Episode Num: 2343 Episode T: 227 Reward: 271.665 Cost: 0.000
arrive destination: True ,out of road:False   Total T: 717656 Episode Num: 2344 Episode T: 219 Reward: 295.348 Cost: 12.000
arrive destination: True ,out of road:False   Total T: 717883 Episode Num: 2345 Episode T: 227 Reward: 270.488 Cost: 0.000
arrive destination: True ,out of road:False   Total T: 718280 Episode Num: 2346 Episode T: 397 Reward: 378.491 Cost: 67.000
arrive destination: True ,out of road:False   Total T: 718506 Episode Num: 2347 Episode T: 226 Reward: 273.556 Cost: 13.000
arrive destination: True ,out of road:False   Total T: 718875 Episode Num: 2348 Episode T: 369 Reward: 418.523 Cost: 41.000
arrive destination: True ,out of road:False   Total T: 719120 Episode Num: 2349 Episode T: 245 Reward: 268.812 Cost: 0.000
arrive destination: True ,out of road:False   Total T: 719465 Episode Num: 2350 Episode T: 345 Reward: 405.043 Cost: 29.000
arrive destination: True ,out of road:False   Total T: 719667 Episode Num: 2351 Episode T: 202 Reward: 286.745 Cost: 5.000
arrive destination: True ,out of road:False   Total T: 719903 Episode Num: 2352 Episode T: 236 Reward: 289.029 Cost: 17.000
---------------------------------------
Evaluation over 20 episodes: 0.850 Cost 19.150.             SafeRL used : use_td3
---------------------------------------
[34;1m
Time: 2026-06-29 16:07:53, Time spent from previous logger: 131.673 s[0m
[34;1mCustomLogger with fileds: ['total_steps', 'EpRet', 'EpCost', 'CostRate'][0m
[34;1mfieldvalues: [720000, 0.85, 19.15, 0.07691260682306503]
[0m
arrive destination: True ,out of road:False   Total T: 720309 Episode Num: 2353 Episode T: 406 Reward: 465.893 Cost: 22.000
arrive destination: True ,out of road:False   Total T: 720484 Episode Num: 2354 Episode T: 175 Reward: 269.351 Cost: 4.000
arrive destination: True ,out of road:False   Total T: 720720 Episode Num: 2355 Episode T: 236 Reward: 272.227 Cost: 7.000
arrive destination: True ,out of road:False   Total T: 720981 Episode Num: 2356 Episode T: 261 Reward: 270.098 Cost: 23.000
arrive destination: True ,out of road:False   Total T: 721386 Episode Num: 2357 Episode T: 405 Reward: 463.431 Cost: 31.000
arrive destination: True ,out of road:False   Total T: 721614 Episode Num: 2358 Episode T: 228 Reward: 270.650 Cost: 0.000
arrive destination: True ,out of road:False   Total T: 721814 Episode Num: 2359 Episode T: 200 Reward: 285.713 Cost: 0.000
arrive destination: True ,out of road:False   Total T: 722040 Episode Num: 2360 Episode T: 226 Reward: 274.401 Cost: 3.000
arrive destination: True ,out of road:False   Total T: 722365 Episode Num: 2361 Episode T: 325 Reward: 501.808 Cost: 20.000
arrive destination: True ,out of road:False   Total T: 722647 Episode Num: 2362 Episode T: 282 Reward: 335.022 Cost: 9.000
arrive destination: True ,out of road:False   Total T: 723023 Episode Num: 2363 Episode T: 376 Reward: 468.992 Cost: 36.000
arrive destination: True ,out of road:False   Total T: 723313 Episode Num: 2364 Episode T: 290 Reward: 376.789 Cost: 21.000
arrive destination: True ,out of road:False   Total T: 723707 Episode Num: 2365 Episode T: 394 Reward: 485.334 Cost: 59.000
arrive destination: True ,out of road:False   Total T: 724034 Episode Num: 2366 Episode T: 327 Reward: 380.534 Cost: 34.000
arrive destination: True ,out of road:False   Total T: 724258 Episode Num: 2367 Episode T: 224 Reward: 294.366 Cost: 8.000
arrive destination: True ,out of road:False   Total T: 724507 Episode Num: 2368 Episode T: 249 Reward: 350.499 Cost: 7.000
arrive destination: True ,out of road:False   Total T: 724684 Episode Num: 2369 Episode T: 177 Reward: 269.713 Cost: 4.000
arrive destination: True ,out of road:False   Total T: 724959 Episode Num: 2370 Episode T: 275 Reward: 335.917 Cost: 2.000
arrive destination: True ,out of road:False   Total T: 725274 Episode Num: 2371 Episode T: 315 Reward: 390.313 Cost: 0.000
arrive destination: False ,out of road:True   Total T: 725376 Episode Num: 2372 Episode T: 102 Reward: 77.401 Cost: 6.000
arrive destination: True ,out of road:False   Total T: 725626 Episode Num: 2373 Episode T: 250 Reward: 305.657 Cost: 25.000
arrive destination: True ,out of road:False   Total T: 725933 Episode Num: 2374 Episode T: 307 Reward: 424.955 Cost: 29.000
arrive destination: True ,out of road:False   Total T: 726180 Episode Num: 2375 Episode T: 247 Reward: 233.131 Cost: 8.000
arrive destination: True ,out of road:False   Total T: 726509 Episode Num: 2376 Episode T: 329 Reward: 411.337 Cost: 10.000
arrive destination: True ,out of road:False   Total T: 726905 Episode Num: 2377 Episode T: 396 Reward: 493.933 Cost: 36.000
arrive destination: True ,out of road:False   Total T: 727152 Episode Num: 2378 Episode T: 247 Reward: 348.780 Cost: 3.000
arrive destination: True ,out of road:False   Total T: 727519 Episode Num: 2379 Episode T: 367 Reward: 419.992 Cost: 31.000
arrive destination: True ,out of road:False   Total T: 727851 Episode Num: 2380 Episode T: 332 Reward: 345.555 Cost: 49.000
arrive destination: True ,out of road:False   Total T: 728106 Episode Num: 2381 Episode T: 255 Reward: 286.752 Cost: 27.000
arrive destination: True ,out of road:False   Total T: 728491 Episode Num: 2382 Episode T: 385 Reward: 378.698 Cost: 63.000
arrive destination: True ,out of road:False   Total T: 728738 Episode Num: 2383 Episode T: 247 Reward: 243.925 Cost: 18.000
arrive destination: True ,out of road:False   Total T: 729119 Episode Num: 2384 Episode T: 381 Reward: 468.200 Cost: 13.000
arrive destination: False ,out of road:True   Total T: 729331 Episode Num: 2385 Episode T: 212 Reward: 226.185 Cost: 12.000
arrive destination: True ,out of road:False   Total T: 729616 Episode Num: 2386 Episode T: 285 Reward: 336.266 Cost: 13.000
arrive destination: True ,out of road:False   Total T: 729952 Episode Num: 2387 Episode T: 336 Reward: 460.384 Cost: 5.000
---------------------------------------
Evaluation over 20 episodes: 0.900 Cost 27.700.             SafeRL used : use_td3
---------------------------------------
[34;1m
Time: 2026-06-29 16:10:09, Time spent from previous logger: 136.242 s[0m
[34;1mCustomLogger with fileds: ['total_steps', 'EpRet', 'EpCost', 'CostRate'][0m
[34;1mfieldvalues: [730000, 0.9, 27.7, 0.07673298182600251]
[0m
arrive destination: True ,out of road:False   Total T: 730336 Episode Num: 2388 Episode T: 384 Reward: 424.937 Cost: 37.000
arrive destination: True ,out of road:False   Total T: 730594 Episode Num: 2389 Episode T: 258 Reward: 298.721 Cost: 22.000
arrive destination: True ,out of road:True   Total T: 730984 Episode Num: 2390 Episode T: 390 Reward: 458.845 Cost: 68.000
arrive destination: True ,out of road:False   Total T: 731397 Episode Num: 2391 Episode T: 413 Reward: 467.290 Cost: 48.000
arrive destination: True ,out of road:False   Total T: 731708 Episode Num: 2392 Episode T: 311 Reward: 389.869 Cost: 0.000
arrive destination: True ,out of road:False   Total T: 731961 Episode Num: 2393 Episode T: 253 Reward: 335.210 Cost: 12.000
arrive destination: True ,out of road:False   Total T: 732265 Episode Num: 2394 Episode T: 304 Reward: 405.658 Cost: 15.000
arrive destination: True ,out of road:False   Total T: 732443 Episode Num: 2395 Episode T: 178 Reward: 269.490 Cost: 0.000
arrive destination: True ,out of road:False   Total T: 732677 Episode Num: 2396 Episode T: 234 Reward: 278.406 Cost: 6.000
arrive destination: True ,out of road:False   Total T: 732924 Episode Num: 2397 Episode T: 247 Reward: 294.519 Cost: 18.000
arrive destination: True ,out of road:False   Total T: 733178 Episode Num: 2398 Episode T: 254 Reward: 335.402 Cost: 3.000
arrive destination: True ,out of road:False   Total T: 733410 Episode Num: 2399 Episode T: 232 Reward: 294.436 Cost: 13.000
arrive destination: True ,out of road:False   Total T: 733687 Episode Num: 2400 Episode T: 277 Reward: 349.553 Cost: 8.000
arrive destination: True ,out of road:False   Total T: 734022 Episode Num: 2401 Episode T: 335 Reward: 458.340 Cost: 2.000
arrive destination: True ,out of road:False   Total T: 734267 Episode Num: 2402 Episode T: 245 Reward: 276.372 Cost: 32.000
arrive destination: True ,out of road:False   Total T: 734604 Episode Num: 2403 Episode T: 337 Reward: 459.932 Cost: 10.000
arrive destination: True ,out of road:False   Total T: 735034 Episode Num: 2404 Episode T: 430 Reward: 493.159 Cost: 66.000
arrive destination: True ,out of road:False   Total T: 735271 Episode Num: 2405 Episode T: 237 Reward: 346.271 Cost: 8.000
arrive destination: True ,out of road:False   Total T: 735490 Episode Num: 2406 Episode T: 219 Reward: 295.771 Cost: 22.000
arrive destination: True ,out of road:False   Total T: 735751 Episode Num: 2407 Episode T: 261 Reward: 267.178 Cost: 23.000
arrive destination: True ,out of road:False   Total T: 736056 Episode Num: 2408 Episode T: 305 Reward: 408.242 Cost: 26.000
arrive destination: True ,out of road:False   Total T: 736367 Episode Num: 2409 Episode T: 311 Reward: 389.225 Cost: 0.000
arrive destination: False ,out of road:True   Total T: 737149 Episode Num: 2410 Episode T: 782 Reward: 138.050 Cost: 11.000
arrive destination: True ,out of road:False   Total T: 737394 Episode Num: 2411 Episode T: 245 Reward: 350.260 Cost: 0.000
arrive destination: False ,out of road:True   Total T: 737602 Episode Num: 2412 Episode T: 208 Reward: 252.021 Cost: 18.000
arrive destination: False ,out of road:True   Total T: 737770 Episode Num: 2413 Episode T: 168 Reward: 159.953 Cost: 12.000
arrive destination: True ,out of road:False   Total T: 738030 Episode Num: 2414 Episode T: 260 Reward: 272.119 Cost: 31.000
arrive destination: True ,out of road:False   Total T: 738328 Episode Num: 2415 Episode T: 298 Reward: 405.387 Cost: 4.000
arrive destination: True ,out of road:False   Total T: 738633 Episode Num: 2416 Episode T: 305 Reward: 398.057 Cost: 36.000
arrive destination: True ,out of road:False   Total T: 738881 Episode Num: 2417 Episode T: 248 Reward: 293.890 Cost: 23.000
arrive destination: True ,out of road:False   Total T: 739209 Episode Num: 2418 Episode T: 328 Reward: 460.549 Cost: 0.000
arrive destination: True ,out of road:False   Total T: 739467 Episode Num: 2419 Episode T: 258 Reward: 398.277 Cost: 9.000
arrive destination: True ,out of road:False   Total T: 739723 Episode Num: 2420 Episode T: 256 Reward: 357.094 Cost: 10.000
---------------------------------------
Evaluation over 20 episodes: 0.900 Cost 24.200.             SafeRL used : use_td3
---------------------------------------
[34;1m
Time: 2026-06-29 16:12:32, Time spent from previous logger: 142.572 s[0m
[34;1mCustomLogger with fileds: ['total_steps', 'EpRet', 'EpCost', 'CostRate'][0m
[34;1mfieldvalues: [740000, 0.9, 24.2, 0.07652848179524567]
[0m
arrive destination: True ,out of road:False   Total T: 740340 Episode Num: 2421 Episode T: 617 Reward: 747.370 Cost: 34.000
arrive destination: True ,out of road:False   Total T: 740582 Episode Num: 2422 Episode T: 242 Reward: 315.842 Cost: 42.000
arrive destination: True ,out of road:False   Total T: 740811 Episode Num: 2423 Episode T: 229 Reward: 286.164 Cost: 17.000
arrive destination: True ,out of road:False   Total T: 741062 Episode Num: 2424 Episode T: 251 Reward: 276.891 Cost: 26.000
arrive destination: True ,out of road:False   Total T: 741368 Episode Num: 2425 Episode T: 306 Reward: 378.051 Cost: 35.000
arrive destination: True ,out of road:False   Total T: 741587 Episode Num: 2426 Episode T: 219 Reward: 305.265 Cost: 31.000
arrive destination: True ,out of road:False   Total T: 741947 Episode Num: 2427 Episode T: 360 Reward: 415.113 Cost: 42.000
arrive destination: True ,out of road:False   Total T: 742166 Episode Num: 2428 Episode T: 219 Reward: 295.970 Cost: 14.000
arrive destination: True ,out of road:False   Total T: 742447 Episode Num: 2429 Episode T: 281 Reward: 293.869 Cost: 26.000
arrive destination: True ,out of road:False   Total T: 742821 Episode Num: 2430 Episode T: 374 Reward: 468.315 Cost: 20.000
arrive destination: True ,out of road:False   Total T: 743102 Episode Num: 2431 Episode T: 281 Reward: 376.582 Cost: 30.000
arrive destination: True ,out of road:False   Total T: 743405 Episode Num: 2432 Episode T: 303 Reward: 264.971 Cost: 9.000
arrive destination: True ,out of road:False   Total T: 743652 Episode Num: 2433 Episode T: 247 Reward: 232.720 Cost: 3.000
arrive destination: True ,out of road:False   Total T: 743933 Episode Num: 2434 Episode T: 281 Reward: 371.650 Cost: 17.000
arrive destination: True ,out of road:False   Total T: 744192 Episode Num: 2435 Episode T: 259 Reward: 269.536 Cost: 40.000
arrive destination: True ,out of road:False   Total T: 744441 Episode Num: 2436 Episode T: 249 Reward: 305.399 Cost: 26.000
arrive destination: True ,out of road:False   Total T: 744681 Episode Num: 2437 Episode T: 240 Reward: 335.793 Cost: 5.000
arrive destination: True ,out of road:False   Total T: 744900 Episode Num: 2438 Episode T: 219 Reward: 305.365 Cost: 32.000
arrive destination: True ,out of road:False   Total T: 745151 Episode Num: 2439 Episode T: 251 Reward: 295.959 Cost: 36.000
arrive destination: True ,out of road:False   Total T: 745530 Episode Num: 2440 Episode T: 379 Reward: 468.791 Cost: 31.000
arrive destination: True ,out of road:False   Total T: 745842 Episode Num: 2441 Episode T: 312 Reward: 416.275 Cost: 29.000
arrive destination: True ,out of road:False   Total T: 746097 Episode Num: 2442 Episode T: 255 Reward: 361.739 Cost: 14.000
arrive destination: True ,out of road:False   Total T: 746391 Episode Num: 2443 Episode T: 294 Reward: 272.175 Cost: 50.000
arrive destination: True ,out of road:False   Total T: 746620 Episode Num: 2444 Episode T: 229 Reward: 288.226 Cost: 10.000
arrive destination: True ,out of road:False   Total T: 746923 Episode Num: 2445 Episode T: 303 Reward: 397.678 Cost: 37.000
arrive destination: False ,out of road:True   Total T: 747146 Episode Num: 2446 Episode T: 223 Reward: 310.304 Cost: 7.000
arrive destination: True ,out of road:False   Total T: 747318 Episode Num: 2447 Episode T: 172 Reward: 269.063 Cost: 2.000
arrive destination: True ,out of road:False   Total T: 747526 Episode Num: 2448 Episode T: 208 Reward: 286.069 Cost: 5.000
arrive destination: True ,out of road:False   Total T: 747864 Episode Num: 2449 Episode T: 338 Reward: 411.741 Cost: 26.000
arrive destination: True ,out of road:False   Total T: 748090 Episode Num: 2450 Episode T: 226 Reward: 267.888 Cost: 5.000
arrive destination: True ,out of road:False   Total T: 748334 Episode Num: 2451 Episode T: 244 Reward: 335.695 Cost: 10.000
arrive destination: False ,out of road:True   Total T: 748576 Episode Num: 2452 Episode T: 242 Reward: 334.838 Cost: 5.000
arrive destination: True ,out of road:False   Total T: 748893 Episode Num: 2453 Episode T: 317 Reward: 370.458 Cost: 23.000
arrive destination: True ,out of road:False   Total T: 749143 Episode Num: 2454 Episode T: 250 Reward: 305.904 Cost: 29.000
arrive destination: False ,out of road:True   Total T: 749246 Episode Num: 2455 Episode T: 103 Reward: 90.296 Cost: 4.000
arrive destination: False ,out of road:True   Total T: 749477 Episode Num: 2456 Episode T: 231 Reward: 224.602 Cost: 5.000
arrive destination: True ,out of road:False   Total T: 749734 Episode Num: 2457 Episode T: 257 Reward: 268.791 Cost: 46.000
---------------------------------------
Evaluation over 20 episodes: 0.750 Cost 21.000.             SafeRL used : use_td3
---------------------------------------
[34;1m
Time: 2026-06-29 16:14:45, Time spent from previous logger: 133.552 s[0m
[34;1mCustomLogger with fileds: ['total_steps', 'EpRet', 'EpCost', 'CostRate'][0m
[34;1mfieldvalues: [750000, 0.75, 21.0, 0.0765787687716917]
[0m
arrive destination: True ,out of road:False   Total T: 750259 Episode Num: 2458 Episode T: 525 Reward: 600.776 Cost: 11.000
arrive destination: True ,out of road:False   Total T: 750519 Episode Num: 2459 Episode T: 260 Reward: 278.631 Cost: 30.000
arrive destination: True ,out of road:False   Total T: 750930 Episode Num: 2460 Episode T: 411 Reward: 493.582 Cost: 50.000
arrive destination: False ,out of road:True   Total T: 751029 Episode Num: 2461 Episode T: 99 Reward: 87.328 Cost: 2.000
arrive destination: False ,out of road:True   Total T: 751260 Episode Num: 2462 Episode T: 231 Reward: 202.004 Cost: 1.000
arrive destination: True ,out of road:False   Total T: 751697 Episode Num: 2463 Episode T: 437 Reward: 503.759 Cost: 60.000
arrive destination: True ,out of road:False   Total T: 751950 Episode Num: 2464 Episode T: 253 Reward: 335.129 Cost: 19.000
arrive destination: True ,out of road:False   Total T: 752208 Episode Num: 2465 Episode T: 258 Reward: 267.201 Cost: 27.000
arrive destination: True ,out of road:False   Total T: 752525 Episode Num: 2466 Episode T: 317 Reward: 399.075 Cost: 32.000
arrive destination: True ,out of road:False   Total T: 752816 Episode Num: 2467 Episode T: 291 Reward: 398.094 Cost: 23.000
arrive destination: True ,out of road:False   Total T: 753084 Episode Num: 2468 Episode T: 268 Reward: 269.106 Cost: 0.000
arrive destination: False ,out of road:True   Total T: 753323 Episode Num: 2469 Episode T: 239 Reward: 200.081 Cost: 21.000
arrive destination: True ,out of road:False   Total T: 753623 Episode Num: 2470 Episode T: 300 Reward: 375.189 Cost: 41.000
arrive destination: True ,out of road:False   Total T: 753870 Episode Num: 2471 Episode T: 247 Reward: 266.862 Cost: 0.000
arrive destination: True ,out of road:False   Total T: 754122 Episode Num: 2472 Episode T: 252 Reward: 335.503 Cost: 8.000
arrive destination: False ,out of road:True   Total T: 754421 Episode Num: 2473 Episode T: 299 Reward: 334.230 Cost: 55.000
arrive destination: True ,out of road:False   Total T: 754838 Episode Num: 2474 Episode T: 417 Reward: 492.282 Cost: 31.000
arrive destination: True ,out of road:False   Total T: 755151 Episode Num: 2475 Episode T: 313 Reward: 393.382 Cost: 0.000
arrive destination: False ,out of road:True   Total T: 755318 Episode Num: 2476 Episode T: 167 Reward: 214.914 Cost: 3.000
arrive destination: True ,out of road:False   Total T: 755495 Episode Num: 2477 Episode T: 177 Reward: 269.090 Cost: 4.000
arrive destination: True ,out of road:False   Total T: 755739 Episode Num: 2478 Episode T: 244 Reward: 355.420 Cost: 11.000
arrive destination: True ,out of road:False   Total T: 756153 Episode Num: 2479 Episode T: 414 Reward: 469.272 Cost: 47.000
arrive destination: True ,out of road:False   Total T: 756550 Episode Num: 2480 Episode T: 397 Reward: 417.350 Cost: 56.000
arrive destination: True ,out of road:False   Total T: 756919 Episode Num: 2481 Episode T: 369 Reward: 461.066 Cost: 24.000
arrive destination: True ,out of road:False   Total T: 757229 Episode Num: 2482 Episode T: 310 Reward: 406.196 Cost: 30.000
arrive destination: True ,out of road:False   Total T: 757463 Episode Num: 2483 Episode T: 234 Reward: 267.206 Cost: 0.000
arrive destination: True ,out of road:False   Total T: 757685 Episode Num: 2484 Episode T: 222 Reward: 285.833 Cost: 12.000
arrive destination: True ,out of road:False   Total T: 758042 Episode Num: 2485 Episode T: 357 Reward: 431.466 Cost: 41.000
arrive destination: True ,out of road:False   Total T: 758293 Episode Num: 2486 Episode T: 251 Reward: 345.468 Cost: 4.000
arrive destination: True ,out of road:False   Total T: 758468 Episode Num: 2487 Episode T: 175 Reward: 269.463 Cost: 3.000
arrive destination: True ,out of road:False   Total T: 758747 Episode Num: 2488 Episode T: 279 Reward: 352.032 Cost: 9.000
arrive destination: True ,out of road:False   Total T: 758985 Episode Num: 2489 Episode T: 238 Reward: 272.637 Cost: 5.000
arrive destination: True ,out of road:False   Total T: 759317 Episode Num: 2490 Episode T: 332 Reward: 461.785 Cost: 6.000
arrive destination: True ,out of road:False   Total T: 759693 Episode Num: 2491 Episode T: 376 Reward: 420.680 Cost: 25.000
---------------------------------------
Evaluation over 20 episodes: 0.950 Cost 20.600.             SafeRL used : use_td3
---------------------------------------
[34;1m
Time: 2026-06-29 16:17:06, Time spent from previous logger: 140.632 s[0m
[34;1mCustomLogger with fileds: ['total_steps', 'EpRet', 'EpCost', 'CostRate'][0m
[34;1mfieldvalues: [760000, 0.95, 20.6, 0.07647641641633739]
[0m
arrive destination: True ,out of road:False   Total T: 760295 Episode Num: 2492 Episode T: 602 Reward: 641.950 Cost: 45.000
arrive destination: True ,out of road:False   Total T: 760795 Episode Num: 2493 Episode T: 500 Reward: 502.694 Cost: 51.000
arrive destination: True ,out of road:False   Total T: 761223 Episode Num: 2494 Episode T: 428 Reward: 496.514 Cost: 53.000
arrive destination: True ,out of road:False   Total T: 761505 Episode Num: 2495 Episode T: 282 Reward: 395.962 Cost: 25.000
arrive destination: True ,out of road:False   Total T: 761687 Episode Num: 2496 Episode T: 182 Reward: 268.718 Cost: 7.000
arrive destination: True ,out of road:False   Total T: 761899 Episode Num: 2497 Episode T: 212 Reward: 289.533 Cost: 0.000
arrive destination: False ,out of road:True   Total T: 762036 Episode Num: 2498 Episode T: 137 Reward: 125.531 Cost: 16.000
arrive destination: False ,out of road:True   Total T: 762248 Episode Num: 2499 Episode T: 212 Reward: 265.535 Cost: 6.000
arrive destination: True ,out of road:False   Total T: 762502 Episode Num: 2500 Episode T: 254 Reward: 293.827 Cost: 19.000
arrive destination: True ,out of road:False   Total T: 762776 Episode Num: 2501 Episode T: 274 Reward: 335.921 Cost: 19.000
arrive destination: True ,out of road:False   Total T: 763000 Episode Num: 2502 Episode T: 224 Reward: 271.146 Cost: 3.000
arrive destination: True ,out of road:False   Total T: 763229 Episode Num: 2503 Episode T: 229 Reward: 265.584 Cost: 7.000
arrive destination: True ,out of road:False   Total T: 763452 Episode Num: 2504 Episode T: 223 Reward: 285.854 Cost: 19.000
arrive destination: True ,out of road:False   Total T: 763629 Episode Num: 2505 Episode T: 177 Reward: 269.491 Cost: 5.000
arrive destination: True ,out of road:False   Total T: 763876 Episode Num: 2506 Episode T: 247 Reward: 267.882 Cost: 0.000
arrive destination: True ,out of road:False   Total T: 764102 Episode Num: 2507 Episode T: 226 Reward: 274.506 Cost: 5.000
arrive destination: True ,out of road:False   Total T: 764445 Episode Num: 2508 Episode T: 343 Reward: 458.555 Cost: 6.000
arrive destination: True ,out of road:False   Total T: 764699 Episode Num: 2509 Episode T: 254 Reward: 335.605 Cost: 13.000
arrive destination: True ,out of road:False   Total T: 765050 Episode Num: 2510 Episode T: 351 Reward: 422.417 Cost: 44.000
arrive destination: True ,out of road:False   Total T: 765321 Episode Num: 2511 Episode T: 271 Reward: 336.319 Cost: 17.000
arrive destination: True ,out of road:False   Total T: 765530 Episode Num: 2512 Episode T: 209 Reward: 232.827 Cost: 23.000
arrive destination: True ,out of road:False   Total T: 765744 Episode Num: 2513 Episode T: 214 Reward: 288.084 Cost: 0.000
arrive destination: True ,out of road:False   Total T: 765990 Episode Num: 2514 Episode T: 246 Reward: 234.604 Cost: 8.000
arrive destination: True ,out of road:False   Total T: 766331 Episode Num: 2515 Episode T: 341 Reward: 377.462 Cost: 47.000
arrive destination: False ,out of road:True   Total T: 766633 Episode Num: 2516 Episode T: 302 Reward: 351.092 Cost: 50.000
arrive destination: True ,out of road:False   Total T: 766860 Episode Num: 2517 Episode T: 227 Reward: 232.905 Cost: 31.000
arrive destination: True ,out of road:False   Total T: 767035 Episode Num: 2518 Episode T: 175 Reward: 269.008 Cost: 0.000
arrive destination: True ,out of road:False   Total T: 767218 Episode Num: 2519 Episode T: 183 Reward: 269.434 Cost: 1.000
arrive destination: True ,out of road:False   Total T: 767457 Episode Num: 2520 Episode T: 239 Reward: 336.195 Cost: 5.000
arrive destination: True ,out of road:False   Total T: 767704 Episode Num: 2521 Episode T: 247 Reward: 267.355 Cost: 0.000
arrive destination: True ,out of road:False   Total T: 767965 Episode Num: 2522 Episode T: 261 Reward: 356.430 Cost: 3.000
arrive destination: True ,out of road:False   Total T: 768332 Episode Num: 2523 Episode T: 367 Reward: 416.607 Cost: 57.000
arrive destination: True ,out of road:False   Total T: 768587 Episode Num: 2524 Episode T: 255 Reward: 336.304 Cost: 12.000
arrive destination: True ,out of road:False   Total T: 768859 Episode Num: 2525 Episode T: 272 Reward: 397.387 Cost: 13.000
arrive destination: True ,out of road:False   Total T: 769302 Episode Num: 2526 Episode T: 443 Reward: 464.128 Cost: 41.000
arrive destination: True ,out of road:False   Total T: 769564 Episode Num: 2527 Episode T: 262 Reward: 335.984 Cost: 14.000
---------------------------------------
Evaluation over 20 episodes: 0.900 Cost 17.800.             SafeRL used : use_td3
---------------------------------------
[34;1m
Time: 2026-06-29 16:19:22, Time spent from previous logger: 135.746 s[0m
[34;1mCustomLogger with fileds: ['total_steps', 'EpRet', 'EpCost', 'CostRate'][0m
[34;1mfieldvalues: [770000, 0.9, 17.8, 0.07641828106270268]
[0m
arrive destination: True ,out of road:False   Total T: 770387 Episode Num: 2528 Episode T: 823 Reward: 792.407 Cost: 83.000
arrive destination: True ,out of road:False   Total T: 770640 Episode Num: 2529 Episode T: 253 Reward: 335.679 Cost: 15.000
arrive destination: False ,out of road:True   Total T: 770739 Episode Num: 2530 Episode T: 99 Reward: 76.435 Cost: 3.000
arrive destination: True ,out of road:False   Total T: 770958 Episode Num: 2531 Episode T: 219 Reward: 295.679 Cost: 23.000
arrive destination: True ,out of road:False   Total T: 771278 Episode Num: 2532 Episode T: 320 Reward: 392.991 Cost: 0.000
arrive destination: True ,out of road:False   Total T: 771642 Episode Num: 2533 Episode T: 364 Reward: 406.527 Cost: 23.000
arrive destination: False ,out of road:True   Total T: 771884 Episode Num: 2534 Episode T: 242 Reward: 345.204 Cost: 17.000
arrive destination: True ,out of road:False   Total T: 772094 Episode Num: 2535 Episode T: 210 Reward: 234.980 Cost: 7.000
arrive destination: True ,out of road:False   Total T: 772352 Episode Num: 2536 Episode T: 258 Reward: 267.117 Cost: 25.000
arrive destination: False ,out of road:True   Total T: 772490 Episode Num: 2537 Episode T: 138 Reward: 126.613 Cost: 18.000
arrive destination: True ,out of road:False   Total T: 772667 Episode Num: 2538 Episode T: 177 Reward: 269.280 Cost: 3.000
arrive destination: True ,out of road:False   Total T: 773040 Episode Num: 2539 Episode T: 373 Reward: 469.891 Cost: 15.000
arrive destination: True ,out of road:False   Total T: 773362 Episode Num: 2540 Episode T: 322 Reward: 368.674 Cost: 54.000
arrive destination: True ,out of road:False   Total T: 773591 Episode Num: 2541 Episode T: 229 Reward: 270.841 Cost: 9.000
arrive destination: True ,out of road:False   Total T: 773855 Episode Num: 2542 Episode T: 264 Reward: 271.010 Cost: 25.000
arrive destination: True ,out of road:False   Total T: 774128 Episode Num: 2543 Episode T: 273 Reward: 371.568 Cost: 23.000
arrive destination: True ,out of road:False   Total T: 774496 Episode Num: 2544 Episode T: 368 Reward: 480.514 Cost: 24.000
arrive destination: True ,out of road:False   Total T: 774891 Episode Num: 2545 Episode T: 395 Reward: 482.410 Cost: 32.000
arrive destination: True ,out of road:False   Total T: 775227 Episode Num: 2546 Episode T: 336 Reward: 458.021 Cost: 20.000
arrive destination: False ,out of road:True   Total T: 775450 Episode Num: 2547 Episode T: 223 Reward: 202.829 Cost: 26.000
arrive destination: True ,out of road:False   Total T: 775767 Episode Num: 2548 Episode T: 317 Reward: 369.062 Cost: 32.000
arrive destination: True ,out of road:False   Total T: 776021 Episode Num: 2549 Episode T: 254 Reward: 267.950 Cost: 0.000
arrive destination: True ,out of road:False   Total T: 776231 Episode Num: 2550 Episode T: 210 Reward: 287.653 Cost: 2.000
arrive destination: True ,out of road:False   Total T: 776562 Episode Num: 2551 Episode T: 331 Reward: 380.418 Cost: 18.000
arrive destination: False ,out of road:True   Total T: 776843 Episode Num: 2552 Episode T: 281 Reward: 319.712 Cost: 9.000
arrive destination: False ,out of road:True   Total T: 777170 Episode Num: 2553 Episode T: 327 Reward: 341.995 Cost: 29.000
arrive destination: True ,out of road:False   Total T: 777493 Episode Num: 2554 Episode T: 323 Reward: 419.007 Cost: 29.000
arrive destination: True ,out of road:False   Total T: 777750 Episode Num: 2555 Episode T: 257 Reward: 278.280 Cost: 33.000
arrive destination: True ,out of road:False   Total T: 778019 Episode Num: 2556 Episode T: 269 Reward: 356.639 Cost: 7.000
arrive destination: True ,out of road:False   Total T: 778415 Episode Num: 2557 Episode T: 396 Reward: 379.181 Cost: 70.000
arrive destination: True ,out of road:False   Total T: 778622 Episode Num: 2558 Episode T: 207 Reward: 286.101 Cost: 0.000
arrive destination: True ,out of road:False   Total T: 778945 Episode Num: 2559 Episode T: 323 Reward: 379.526 Cost: 46.000
arrive destination: True ,out of road:False   Total T: 779212 Episode Num: 2560 Episode T: 267 Reward: 355.489 Cost: 0.000
arrive destination: True ,out of road:False   Total T: 779470 Episode Num: 2561 Episode T: 258 Reward: 265.898 Cost: 31.000
arrive destination: True ,out of road:False   Total T: 779641 Episode Num: 2562 Episode T: 171 Reward: 270.029 Cost: 3.000
arrive destination: True ,out of road:False   Total T: 779962 Episode Num: 2563 Episode T: 321 Reward: 336.063 Cost: 55.000
---------------------------------------
Evaluation over 20 episodes: 0.950 Cost 22.500.             SafeRL used : use_td3
---------------------------------------
[34;1m
Time: 2026-06-29 16:21:37, Time spent from previous logger: 135.734 s[0m
[34;1mCustomLogger with fileds: ['total_steps', 'EpRet', 'EpCost', 'CostRate'][0m
[34;1mfieldvalues: [780000, 0.95, 22.5, 0.07640522616054636]
[0m
arrive destination: True ,out of road:False   Total T: 780176 Episode Num: 2564 Episode T: 214 Reward: 283.441 Cost: 2.000
arrive destination: False ,out of road:True   Total T: 780317 Episode Num: 2565 Episode T: 141 Reward: 145.469 Cost: 1.000
arrive destination: True ,out of road:False   Total T: 780643 Episode Num: 2566 Episode T: 326 Reward: 380.087 Cost: 44.000
arrive destination: True ,out of road:False   Total T: 780859 Episode Num: 2567 Episode T: 216 Reward: 286.011 Cost: 0.000
arrive destination: True ,out of road:False   Total T: 781289 Episode Num: 2568 Episode T: 430 Reward: 473.092 Cost: 45.000
arrive destination: True ,out of road:False   Total T: 781605 Episode Num: 2569 Episode T: 316 Reward: 394.366 Cost: 0.000
arrive destination: True ,out of road:False   Total T: 781992 Episode Num: 2570 Episode T: 387 Reward: 504.808 Cost: 37.000
arrive destination: True ,out of road:False   Total T: 782253 Episode Num: 2571 Episode T: 261 Reward: 269.979 Cost: 24.000
arrive destination: True ,out of road:False   Total T: 782528 Episode Num: 2572 Episode T: 275 Reward: 397.093 Cost: 15.000
arrive destination: True ,out of road:False   Total T: 782850 Episode Num: 2573 Episode T: 322 Reward: 396.223 Cost: 32.000
arrive destination: True ,out of road:False   Total T: 783108 Episode Num: 2574 Episode T: 258 Reward: 279.212 Cost: 32.000
arrive destination: True ,out of road:False   Total T: 783354 Episode Num: 2575 Episode T: 246 Reward: 335.918 Cost: 2.000
arrive destination: False ,out of road:True   Total T: 783558 Episode Num: 2576 Episode T: 204 Reward: 182.551 Cost: 30.000
arrive destination: False ,out of road:True   Total T: 783800 Episode Num: 2577 Episode T: 242 Reward: 353.899 Cost: 14.000
arrive destination: True ,out of road:False   Total T: 784114 Episode Num: 2578 Episode T: 314 Reward: 406.685 Cost: 8.000
arrive destination: True ,out of road:False   Total T: 784378 Episode Num: 2579 Episode T: 264 Reward: 334.719 Cost: 17.000
arrive destination: True ,out of road:False   Total T: 784697 Episode Num: 2580 Episode T: 319 Reward: 393.078 Cost: 0.000
arrive destination: True ,out of road:False   Total T: 784938 Episode Num: 2581 Episode T: 241 Reward: 336.156 Cost: 7.000
arrive destination: True ,out of road:False   Total T: 785147 Episode Num: 2582 Episode T: 209 Reward: 285.795 Cost: 0.000
arrive destination: True ,out of road:False   Total T: 785474 Episode Num: 2583 Episode T: 327 Reward: 459.462 Cost: 0.000
arrive destination: True ,out of road:False   Total T: 785751 Episode Num: 2584 Episode T: 277 Reward: 294.521 Cost: 30.000
arrive destination: True ,out of road:False   Total T: 785924 Episode Num: 2585 Episode T: 173 Reward: 269.494 Cost: 0.000
arrive destination: True ,out of road:False   Total T: 786135 Episode Num: 2586 Episode T: 211 Reward: 289.177 Cost: 6.000
arrive destination: True ,out of road:False   Total T: 786460 Episode Num: 2587 Episode T: 325 Reward: 405.446 Cost: 34.000
arrive destination: True ,out of road:False   Total T: 786737 Episode Num: 2588 Episode T: 277 Reward: 335.013 Cost: 26.000
arrive destination: True ,out of road:False   Total T: 787152 Episode Num: 2589 Episode T: 415 Reward: 471.375 Cost: 40.000
arrive destination: True ,out of road:False   Total T: 787407 Episode Num: 2590 Episode T: 255 Reward: 294.176 Cost: 22.000
arrive destination: True ,out of road:False   Total T: 787685 Episode Num: 2591 Episode T: 278 Reward: 294.472 Cost: 29.000
arrive destination: True ,out of road:False   Total T: 788053 Episode Num: 2592 Episode T: 368 Reward: 471.350 Cost: 26.000
arrive destination: True ,out of road:False   Total T: 788282 Episode Num: 2593 Episode T: 229 Reward: 276.351 Cost: 2.000
arrive destination: True ,out of road:False   Total T: 788597 Episode Num: 2594 Episode T: 315 Reward: 418.686 Cost: 24.000
arrive destination: False ,out of road:True   Total T: 788883 Episode Num: 2595 Episode T: 286 Reward: 344.122 Cost: 35.000
arrive destination: True ,out of road:False   Total T: 789269 Episode Num: 2596 Episode T: 386 Reward: 472.209 Cost: 16.000
arrive destination: True ,out of road:False   Total T: 789617 Episode Num: 2597 Episode T: 348 Reward: 379.555 Cost: 37.000
arrive destination: True ,out of road:False   Total T: 789856 Episode Num: 2598 Episode T: 239 Reward: 271.974 Cost: 8.000
---------------------------------------
Evaluation over 20 episodes: 0.900 Cost 17.100.             SafeRL used : use_td3
---------------------------------------
[34;1m
Time: 2026-06-29 16:23:51, Time spent from previous logger: 133.990 s[0m
[34;1mCustomLogger with fileds: ['total_steps', 'EpRet', 'EpCost', 'CostRate'][0m
[34;1mfieldvalues: [790000, 0.9, 17.1, 0.07625452690446444]
[0m
arrive destination: True ,out of road:False   Total T: 790171 Episode Num: 2599 Episode T: 315 Reward: 409.886 Cost: 0.000
arrive destination: True ,out of road:False   Total T: 790554 Episode Num: 2600 Episode T: 383 Reward: 463.632 Cost: 23.000
arrive destination: True ,out of road:False   Total T: 790878 Episode Num: 2601 Episode T: 324 Reward: 419.461 Cost: 31.000
arrive destination: True ,out of road:False   Total T: 791098 Episode Num: 2602 Episode T: 220 Reward: 284.157 Cost: 13.000
arrive destination: True ,out of road:False   Total T: 791409 Episode Num: 2603 Episode T: 311 Reward: 416.884 Cost: 19.000
arrive destination: True ,out of road:False   Total T: 791725 Episode Num: 2604 Episode T: 316 Reward: 395.393 Cost: 0.000
arrive destination: True ,out of road:False   Total T: 792039 Episode Num: 2605 Episode T: 314 Reward: 392.567 Cost: 0.000
arrive destination: True ,out of road:False   Total T: 792360 Episode Num: 2606 Episode T: 321 Reward: 392.273 Cost: 0.000
arrive destination: True ,out of road:False   Total T: 792551 Episode Num: 2607 Episode T: 191 Reward: 243.061 Cost: 17.000
arrive destination: True ,out of road:False   Total T: 792895 Episode Num: 2608 Episode T: 344 Reward: 429.416 Cost: 40.000
arrive destination: True ,out of road:False   Total T: 793179 Episode Num: 2609 Episode T: 284 Reward: 304.472 Cost: 24.000
arrive destination: True ,out of road:False   Total T: 793526 Episode Num: 2610 Episode T: 347 Reward: 417.540 Cost: 42.000
arrive destination: True ,out of road:True   Total T: 793771 Episode Num: 2611 Episode T: 245 Reward: 375.030 Cost: 11.000
arrive destination: True ,out of road:False   Total T: 793998 Episode Num: 2612 Episode T: 227 Reward: 274.632 Cost: 4.000
arrive destination: True ,out of road:False   Total T: 794236 Episode Num: 2613 Episode T: 238 Reward: 265.396 Cost: 2.000
arrive destination: True ,out of road:False   Total T: 794501 Episode Num: 2614 Episode T: 265 Reward: 295.874 Cost: 19.000
arrive destination: True ,out of road:False   Total T: 794759 Episode Num: 2615 Episode T: 258 Reward: 354.405 Cost: 2.000
arrive destination: True ,out of road:False   Total T: 794951 Episode Num: 2616 Episode T: 192 Reward: 244.025 Cost: 11.000
arrive destination: True ,out of road:False   Total T: 795515 Episode Num: 2617 Episode T: 564 Reward: 415.516 Cost: 47.000
arrive destination: True ,out of road:False   Total T: 795826 Episode Num: 2618 Episode T: 311 Reward: 394.111 Cost: 0.000
arrive destination: True ,out of road:False   Total T: 796007 Episode Num: 2619 Episode T: 181 Reward: 269.708 Cost: 0.000
arrive destination: True ,out of road:False   Total T: 796332 Episode Num: 2620 Episode T: 325 Reward: 419.390 Cost: 42.000
arrive destination: False ,out of road:True   Total T: 796572 Episode Num: 2621 Episode T: 240 Reward: 344.078 Cost: 13.000
arrive destination: True ,out of road:False   Total T: 796777 Episode Num: 2622 Episode T: 205 Reward: 286.097 Cost: 4.000
arrive destination: True ,out of road:False   Total T: 797179 Episode Num: 2623 Episode T: 402 Reward: 493.874 Cost: 45.000
arrive destination: True ,out of road:False   Total T: 797525 Episode Num: 2624 Episode T: 346 Reward: 379.426 Cost: 39.000
arrive destination: True ,out of road:False   Total T: 797839 Episode Num: 2625 Episode T: 314 Reward: 406.749 Cost: 30.000
arrive destination: True ,out of road:False   Total T: 798143 Episode Num: 2626 Episode T: 304 Reward: 368.851 Cost: 20.000
arrive destination: True ,out of road:False   Total T: 798364 Episode Num: 2627 Episode T: 221 Reward: 284.886 Cost: 21.000
arrive destination: True ,out of road:False   Total T: 798593 Episode Num: 2628 Episode T: 229 Reward: 269.668 Cost: 3.000
arrive destination: True ,out of road:False   Total T: 798850 Episode Num: 2629 Episode T: 257 Reward: 271.664 Cost: 15.000
arrive destination: True ,out of road:False   Total T: 799199 Episode Num: 2630 Episode T: 349 Reward: 379.605 Cost: 45.000
arrive destination: True ,out of road:False   Total T: 799471 Episode Num: 2631 Episode T: 272 Reward: 397.720 Cost: 8.000
arrive destination: True ,out of road:False   Total T: 799706 Episode Num: 2632 Episode T: 235 Reward: 273.704 Cost: 8.000
---------------------------------------
Evaluation over 20 episodes: 0.900 Cost 22.550.             SafeRL used : use_td3
---------------------------------------
[34;1m
Time: 2026-06-29 16:26:09, Time spent from previous logger: 137.331 s[0m
[34;1mCustomLogger with fileds: ['total_steps', 'EpRet', 'EpCost', 'CostRate'][0m
[34;1mfieldvalues: [800000, 0.9, 22.55, 0.07608759510949388]
[0m
arrive destination: True ,out of road:False   Total T: 800230 Episode Num: 2633 Episode T: 524 Reward: 591.984 Cost: 37.000
arrive destination: True ,out of road:False   Total T: 800615 Episode Num: 2634 Episode T: 385 Reward: 420.770 Cost: 35.000
arrive destination: True ,out of road:False   Total T: 801033 Episode Num: 2635 Episode T: 418 Reward: 463.607 Cost: 18.000
arrive destination: False ,out of road:True   Total T: 801321 Episode Num: 2636 Episode T: 288 Reward: 347.325 Cost: 18.000
arrive destination: False ,out of road:True   Total T: 801528 Episode Num: 2637 Episode T: 207 Reward: 228.358 Cost: 16.000
arrive destination: False ,out of road:True   Total T: 801726 Episode Num: 2638 Episode T: 198 Reward: 225.031 Cost: 17.000
arrive destination: True ,out of road:False   Total T: 802078 Episode Num: 2639 Episode T: 352 Reward: 460.101 Cost: 6.000
arrive destination: False ,out of road:True   Total T: 802273 Episode Num: 2640 Episode T: 195 Reward: 217.576 Cost: 17.000
arrive destination: True ,out of road:False   Total T: 802483 Episode Num: 2641 Episode T: 210 Reward: 285.663 Cost: 0.000
arrive destination: True ,out of road:False   Total T: 802948 Episode Num: 2642 Episode T: 465 Reward: 492.442 Cost: 78.000
arrive destination: True ,out of road:False   Total T: 803263 Episode Num: 2643 Episode T: 315 Reward: 389.576 Cost: 0.000
arrive destination: True ,out of road:False   Total T: 803570 Episode Num: 2644 Episode T: 307 Reward: 406.939 Cost: 27.000
arrive destination: True ,out of road:False   Total T: 803827 Episode Num: 2645 Episode T: 257 Reward: 268.869 Cost: 41.000
arrive destination: True ,out of road:False   Total T: 804144 Episode Num: 2646 Episode T: 317 Reward: 408.531 Cost: 27.000
arrive destination: True ,out of road:False   Total T: 804450 Episode Num: 2647 Episode T: 306 Reward: 414.954 Cost: 34.000
arrive destination: True ,out of road:False   Total T: 804718 Episode Num: 2648 Episode T: 268 Reward: 304.118 Cost: 25.000
arrive destination: False ,out of road:True   Total T: 804874 Episode Num: 2649 Episode T: 156 Reward: 175.880 Cost: 1.000
arrive destination: True ,out of road:False   Total T: 805230 Episode Num: 2650 Episode T: 356 Reward: 406.274 Cost: 25.000
arrive destination: True ,out of road:False   Total T: 805546 Episode Num: 2651 Episode T: 316 Reward: 415.707 Cost: 23.000
arrive destination: True ,out of road:False   Total T: 805821 Episode Num: 2652 Episode T: 275 Reward: 350.537 Cost: 12.000
arrive destination: True ,out of road:False   Total T: 806055 Episode Num: 2653 Episode T: 234 Reward: 268.901 Cost: 6.000
arrive destination: False ,out of road:True   Total T: 806291 Episode Num: 2654 Episode T: 236 Reward: 310.063 Cost: 15.000
arrive destination: True ,out of road:False   Total T: 806532 Episode Num: 2655 Episode T: 241 Reward: 347.364 Cost: 1.000
arrive destination: True ,out of road:False   Total T: 806841 Episode Num: 2656 Episode T: 309 Reward: 369.088 Cost: 35.000
arrive destination: False ,out of road:True   Total T: 806963 Episode Num: 2657 Episode T: 122 Reward: 126.631 Cost: 7.000
arrive destination: True ,out of road:False   Total T: 807265 Episode Num: 2658 Episode T: 302 Reward: 363.745 Cost: 32.000
arrive destination: True ,out of road:False   Total T: 807586 Episode Num: 2659 Episode T: 321 Reward: 420.610 Cost: 37.000
arrive destination: True ,out of road:False   Total T: 807867 Episode Num: 2660 Episode T: 281 Reward: 396.932 Cost: 20.000
arrive destination: True ,out of road:False   Total T: 808124 Episode Num: 2661 Episode T: 257 Reward: 357.263 Cost: 3.000
arrive destination: True ,out of road:False   Total T: 808449 Episode Num: 2662 Episode T: 325 Reward: 457.463 Cost: 8.000
arrive destination: True ,out of road:False   Total T: 808707 Episode Num: 2663 Episode T: 258 Reward: 335.627 Cost: 11.000
arrive destination: True ,out of road:False   Total T: 809115 Episode Num: 2664 Episode T: 408 Reward: 478.556 Cost: 12.000
arrive destination: True ,out of road:False   Total T: 809443 Episode Num: 2665 Episode T: 328 Reward: 420.734 Cost: 45.000
arrive destination: True ,out of road:False   Total T: 809653 Episode Num: 2666 Episode T: 210 Reward: 289.115 Cost: 0.000
arrive destination: True ,out of road:False   Total T: 809894 Episode Num: 2667 Episode T: 241 Reward: 335.366 Cost: 13.000
---------------------------------------
Evaluation over 20 episodes: 0.950 Cost 20.350.             SafeRL used : use_td3
---------------------------------------
[34;1m
Time: 2026-06-29 16:28:28, Time spent from previous logger: 139.064 s[0m
[34;1mCustomLogger with fileds: ['total_steps', 'EpRet', 'EpCost', 'CostRate'][0m
[34;1mfieldvalues: [810000, 0.95, 20.35, 0.07597663700819383]
[0m
arrive destination: True ,out of road:False   Total T: 810217 Episode Num: 2668 Episode T: 323 Reward: 407.633 Cost: 20.000
arrive destination: True ,out of road:False   Total T: 810453 Episode Num: 2669 Episode T: 236 Reward: 271.652 Cost: 3.000
arrive destination: True ,out of road:False   Total T: 810671 Episode Num: 2670 Episode T: 218 Reward: 274.265 Cost: 18.000
arrive destination: False ,out of road:True   Total T: 810902 Episode Num: 2671 Episode T: 231 Reward: 199.502 Cost: 14.000
arrive destination: True ,out of road:False   Total T: 811118 Episode Num: 2672 Episode T: 216 Reward: 272.344 Cost: 15.000
arrive destination: True ,out of road:False   Total T: 811338 Episode Num: 2673 Episode T: 220 Reward: 296.138 Cost: 26.000
arrive destination: True ,out of road:False   Total T: 811589 Episode Num: 2674 Episode T: 251 Reward: 355.397 Cost: 25.000
arrive destination: False ,out of road:True   Total T: 811798 Episode Num: 2675 Episode T: 209 Reward: 248.479 Cost: 11.000
arrive destination: True ,out of road:False   Total T: 812123 Episode Num: 2676 Episode T: 325 Reward: 369.644 Cost: 40.000
arrive destination: True ,out of road:False   Total T: 812369 Episode Num: 2677 Episode T: 246 Reward: 234.090 Cost: 36.000
arrive destination: True ,out of road:False   Total T: 812624 Episode Num: 2678 Episode T: 255 Reward: 270.506 Cost: 36.000
arrive destination: True ,out of road:False   Total T: 812858 Episode Num: 2679 Episode T: 234 Reward: 294.017 Cost: 17.000
arrive destination: True ,out of road:False   Total T: 813113 Episode Num: 2680 Episode T: 255 Reward: 294.330 Cost: 16.000
arrive destination: True ,out of road:True   Total T: 813430 Episode Num: 2681 Episode T: 317 Reward: 440.402 Cost: 31.000
arrive destination: True ,out of road:False   Total T: 813673 Episode Num: 2682 Episode T: 243 Reward: 345.235 Cost: 8.000
arrive destination: True ,out of road:False   Total T: 813842 Episode Num: 2683 Episode T: 169 Reward: 269.864 Cost: 0.000
arrive destination: True ,out of road:False   Total T: 814150 Episode Num: 2684 Episode T: 308 Reward: 406.198 Cost: 33.000
arrive destination: True ,out of road:False   Total T: 814442 Episode Num: 2685 Episode T: 292 Reward: 368.869 Cost: 12.000
arrive destination: True ,out of road:False   Total T: 814757 Episode Num: 2686 Episode T: 315 Reward: 395.208 Cost: 0.000
arrive destination: True ,out of road:False   Total T: 815060 Episode Num: 2687 Episode T: 303 Reward: 366.742 Cost: 21.000
arrive destination: True ,out of road:False   Total T: 815375 Episode Num: 2688 Episode T: 315 Reward: 390.079 Cost: 0.000
arrive destination: True ,out of road:False   Total T: 815600 Episode Num: 2689 Episode T: 225 Reward: 277.073 Cost: 10.000
arrive destination: False ,out of road:True   Total T: 815843 Episode Num: 2690 Episode T: 243 Reward: 288.192 Cost: 18.000
arrive destination: True ,out of road:False   Total T: 816083 Episode Num: 2691 Episode T: 240 Reward: 244.916 Cost: 41.000
arrive destination: False ,out of road:True   Total T: 816443 Episode Num: 2692 Episode T: 360 Reward: 457.480 Cost: 51.000
arrive destination: True ,out of road:False   Total T: 816705 Episode Num: 2693 Episode T: 262 Reward: 357.755 Cost: 1.000
arrive destination: True ,out of road:False   Total T: 817030 Episode Num: 2694 Episode T: 325 Reward: 421.543 Cost: 24.000
arrive destination: True ,out of road:False   Total T: 817367 Episode Num: 2695 Episode T: 337 Reward: 387.809 Cost: 45.000
arrive destination: False ,out of road:True   Total T: 817462 Episode Num: 2696 Episode T: 95 Reward: 79.139 Cost: 1.000
arrive destination: True ,out of road:False   Total T: 817681 Episode Num: 2697 Episode T: 219 Reward: 315.583 Cost: 24.000
arrive destination: True ,out of road:False   Total T: 817942 Episode Num: 2698 Episode T: 261 Reward: 293.841 Cost: 21.000
arrive destination: False ,out of road:True   Total T: 818152 Episode Num: 2699 Episode T: 210 Reward: 231.609 Cost: 11.000
arrive destination: False ,out of road:True   Total T: 818251 Episode Num: 2700 Episode T: 99 Reward: 82.865 Cost: 7.000
arrive destination: True ,out of road:False   Total T: 818493 Episode Num: 2701 Episode T: 242 Reward: 269.241 Cost: 0.000
arrive destination: True ,out of road:False   Total T: 818755 Episode Num: 2702 Episode T: 262 Reward: 295.340 Cost: 7.000
arrive destination: True ,out of road:False   Total T: 819001 Episode Num: 2703 Episode T: 246 Reward: 234.496 Cost: 33.000
arrive destination: True ,out of road:False   Total T: 819378 Episode Num: 2704 Episode T: 377 Reward: 462.829 Cost: 20.000
arrive destination: True ,out of road:False   Total T: 819609 Episode Num: 2705 Episode T: 231 Reward: 267.572 Cost: 7.000
arrive destination: True ,out of road:False   Total T: 819871 Episode Num: 2706 Episode T: 262 Reward: 318.364 Cost: 27.000
---------------------------------------
Evaluation over 20 episodes: 0.750 Cost 13.750.             SafeRL used : use_td3
---------------------------------------
[34;1m
Time: 2026-06-29 16:30:33, Time spent from previous logger: 125.338 s[0m
[34;1mCustomLogger with fileds: ['total_steps', 'EpRet', 'EpCost', 'CostRate'][0m
[34;1mfieldvalues: [820000, 0.75, 13.75, 0.07595009262206417]
[0m
arrive destination: True ,out of road:False   Total T: 820293 Episode Num: 2707 Episode T: 422 Reward: 510.906 Cost: 34.000
arrive destination: True ,out of road:False   Total T: 820607 Episode Num: 2708 Episode T: 314 Reward: 393.189 Cost: 0.000
arrive destination: True ,out of road:False   Total T: 820950 Episode Num: 2709 Episode T: 343 Reward: 398.381 Cost: 7.000
arrive destination: True ,out of road:False   Total T: 821122 Episode Num: 2710 Episode T: 172 Reward: 268.398 Cost: 3.000
arrive destination: True ,out of road:False   Total T: 821373 Episode Num: 2711 Episode T: 251 Reward: 296.051 Cost: 37.000
arrive destination: True ,out of road:False   Total T: 821630 Episode Num: 2712 Episode T: 257 Reward: 270.591 Cost: 27.000
arrive destination: True ,out of road:False   Total T: 821885 Episode Num: 2713 Episode T: 255 Reward: 334.730 Cost: 13.000
arrive destination: True ,out of road:False   Total T: 822116 Episode Num: 2714 Episode T: 231 Reward: 268.097 Cost: 10.000
arrive destination: True ,out of road:False   Total T: 822331 Episode Num: 2715 Episode T: 215 Reward: 287.310 Cost: 0.000
arrive destination: True ,out of road:False   Total T: 822704 Episode Num: 2716 Episode T: 373 Reward: 459.735 Cost: 18.000
arrive destination: True ,out of road:False   Total T: 823026 Episode Num: 2717 Episode T: 322 Reward: 393.782 Cost: 0.000
arrive destination: True ,out of road:False   Total T: 823285 Episode Num: 2718 Episode T: 259 Reward: 278.225 Cost: 27.000
arrive destination: True ,out of road:False   Total T: 823573 Episode Num: 2719 Episode T: 288 Reward: 407.858 Cost: 15.000
arrive destination: True ,out of road:False   Total T: 823750 Episode Num: 2720 Episode T: 177 Reward: 270.136 Cost: 0.000
arrive destination: True ,out of road:False   Total T: 824085 Episode Num: 2721 Episode T: 335 Reward: 460.321 Cost: 2.000
arrive destination: True ,out of road:False   Total T: 824492 Episode Num: 2722 Episode T: 407 Reward: 471.535 Cost: 33.000
arrive destination: True ,out of road:False   Total T: 824803 Episode Num: 2723 Episode T: 311 Reward: 380.580 Cost: 39.000
arrive destination: True ,out of road:False   Total T: 825058 Episode Num: 2724 Episode T: 255 Reward: 269.556 Cost: 32.000
arrive destination: True ,out of road:False   Total T: 825318 Episode Num: 2725 Episode T: 260 Reward: 269.706 Cost: 23.000
arrive destination: True ,out of road:False   Total T: 825604 Episode Num: 2726 Episode T: 286 Reward: 367.649 Cost: 9.000
arrive destination: True ,out of road:False   Total T: 825952 Episode Num: 2727 Episode T: 348 Reward: 421.254 Cost: 45.000
arrive destination: True ,out of road:False   Total T: 826176 Episode Num: 2728 Episode T: 224 Reward: 275.741 Cost: 8.000
arrive destination: True ,out of road:False   Total T: 826355 Episode Num: 2729 Episode T: 179 Reward: 268.515 Cost: 1.000
arrive destination: True ,out of road:True   Total T: 826658 Episode Num: 2730 Episode T: 303 Reward: 413.766 Cost: 40.000
arrive destination: True ,out of road:False   Total T: 826915 Episode Num: 2731 Episode T: 257 Reward: 269.603 Cost: 27.000
arrive destination: True ,out of road:False   Total T: 827165 Episode Num: 2732 Episode T: 250 Reward: 266.203 Cost: 2.000
arrive destination: True ,out of road:False   Total T: 827343 Episode Num: 2733 Episode T: 178 Reward: 268.778 Cost: 0.000
arrive destination: True ,out of road:False   Total T: 827617 Episode Num: 2734 Episode T: 274 Reward: 352.174 Cost: 20.000
arrive destination: False ,out of road:True   Total T: 827843 Episode Num: 2735 Episode T: 226 Reward: 183.425 Cost: 21.000
arrive destination: True ,out of road:False   Total T: 828124 Episode Num: 2736 Episode T: 281 Reward: 397.678 Cost: 20.000
arrive destination: True ,out of road:False   Total T: 828439 Episode Num: 2737 Episode T: 315 Reward: 393.372 Cost: 0.000
arrive destination: True ,out of road:False   Total T: 828641 Episode Num: 2738 Episode T: 202 Reward: 285.603 Cost: 0.000
arrive destination: False ,out of road:True   Total T: 828916 Episode Num: 2739 Episode T: 275 Reward: 316.121 Cost: 9.000
arrive destination: True ,out of road:False   Total T: 829244 Episode Num: 2740 Episode T: 328 Reward: 459.952 Cost: 7.000
arrive destination: True ,out of road:False   Total T: 829559 Episode Num: 2741 Episode T: 315 Reward: 426.909 Cost: 18.000
arrive destination: True ,out of road:False   Total T: 829873 Episode Num: 2742 Episode T: 314 Reward: 390.910 Cost: 0.000
---------------------------------------
Evaluation over 20 episodes: 0.850 Cost 15.400.             SafeRL used : use_td3
---------------------------------------
[34;1m
Time: 2026-06-29 16:32:41, Time spent from previous logger: 128.000 s[0m
[34;1mCustomLogger with fileds: ['total_steps', 'EpRet', 'EpCost', 'CostRate'][0m
[34;1mfieldvalues: [830000, 0.85, 15.4, 0.07568442853545607]
[0m
arrive destination: True ,out of road:False   Total T: 830250 Episode Num: 2743 Episode T: 377 Reward: 424.381 Cost: 0.000
arrive destination: True ,out of road:False   Total T: 830574 Episode Num: 2744 Episode T: 324 Reward: 419.809 Cost: 41.000
arrive destination: False ,out of road:True   Total T: 830816 Episode Num: 2745 Episode T: 242 Reward: 348.354 Cost: 16.000
arrive destination: True ,out of road:False   Total T: 831072 Episode Num: 2746 Episode T: 256 Reward: 294.501 Cost: 27.000
arrive destination: True ,out of road:False   Total T: 831353 Episode Num: 2747 Episode T: 281 Reward: 352.013 Cost: 12.000
arrive destination: True ,out of road:False   Total T: 831572 Episode Num: 2748 Episode T: 219 Reward: 269.706 Cost: 9.000
arrive destination: True ,out of road:False   Total T: 831817 Episode Num: 2749 Episode T: 245 Reward: 235.146 Cost: 37.000
arrive destination: False ,out of road:True   Total T: 832007 Episode Num: 2750 Episode T: 190 Reward: 262.615 Cost: 16.000
arrive destination: True ,out of road:False   Total T: 832344 Episode Num: 2751 Episode T: 337 Reward: 462.880 Cost: 7.000
arrive destination: False ,out of road:True   Total T: 832555 Episode Num: 2752 Episode T: 211 Reward: 249.053 Cost: 9.000
arrive destination: True ,out of road:True   Total T: 832799 Episode Num: 2753 Episode T: 244 Reward: 405.847 Cost: 20.000
arrive destination: True ,out of road:False   Total T: 832973 Episode Num: 2754 Episode T: 174 Reward: 269.389 Cost: 3.000
arrive destination: True ,out of road:False   Total T: 833287 Episode Num: 2755 Episode T: 314 Reward: 406.467 Cost: 34.000
arrive destination: True ,out of road:False   Total T: 833533 Episode Num: 2756 Episode T: 246 Reward: 234.521 Cost: 9.000
arrive destination: False ,out of road:True   Total T: 833665 Episode Num: 2757 Episode T: 132 Reward: 151.143 Cost: 4.000
arrive destination: True ,out of road:False   Total T: 833914 Episode Num: 2758 Episode T: 249 Reward: 272.671 Cost: 37.000
arrive destination: False ,out of road:True   Total T: 834143 Episode Num: 2759 Episode T: 229 Reward: 313.943 Cost: 4.000
arrive destination: True ,out of road:False   Total T: 834332 Episode Num: 2760 Episode T: 189 Reward: 269.637 Cost: 2.000
arrive destination: True ,out of road:False   Total T: 834649 Episode Num: 2761 Episode T: 317 Reward: 396.459 Cost: 0.000
arrive destination: False ,out of road:True   Total T: 834893 Episode Num: 2762 Episode T: 244 Reward: 348.909 Cost: 11.000
arrive destination: True ,out of road:False   Total T: 835146 Episode Num: 2763 Episode T: 253 Reward: 366.109 Cost: 5.000
arrive destination: False ,out of road:True   Total T: 835371 Episode Num: 2764 Episode T: 225 Reward: 199.391 Cost: 10.000
arrive destination: True ,out of road:False   Total T: 835596 Episode Num: 2765 Episode T: 225 Reward: 277.828 Cost: 11.000
arrive destination: True ,out of road:False   Total T: 835821 Episode Num: 2766 Episode T: 225 Reward: 277.429 Cost: 13.000
arrive destination: True ,out of road:False   Total T: 836071 Episode Num: 2767 Episode T: 250 Reward: 268.790 Cost: 0.000
arrive destination: True ,out of road:False   Total T: 836252 Episode Num: 2768 Episode T: 181 Reward: 269.956 Cost: 2.000
arrive destination: True ,out of road:False   Total T: 836508 Episode Num: 2769 Episode T: 256 Reward: 294.135 Cost: 21.000
arrive destination: True ,out of road:False   Total T: 836768 Episode Num: 2770 Episode T: 260 Reward: 335.752 Cost: 11.000
arrive destination: True ,out of road:False   Total T: 837036 Episode Num: 2771 Episode T: 268 Reward: 294.622 Cost: 19.000
arrive destination: True ,out of road:False   Total T: 837334 Episode Num: 2772 Episode T: 298 Reward: 407.201 Cost: 10.000
arrive destination: True ,out of road:False   Total T: 837588 Episode Num: 2773 Episode T: 254 Reward: 295.413 Cost: 14.000
arrive destination: True ,out of road:False   Total T: 837901 Episode Num: 2774 Episode T: 313 Reward: 392.457 Cost: 0.000
arrive destination: True ,out of road:False   Total T: 838149 Episode Num: 2775 Episode T: 248 Reward: 334.903 Cost: 17.000
arrive destination: True ,out of road:False   Total T: 838381 Episode Num: 2776 Episode T: 232 Reward: 270.065 Cost: 4.000
arrive destination: True ,out of road:False   Total T: 838609 Episode Num: 2777 Episode T: 228 Reward: 276.499 Cost: 10.000
arrive destination: True ,out of road:False   Total T: 838937 Episode Num: 2778 Episode T: 328 Reward: 393.318 Cost: 0.000
arrive destination: True ,out of road:False   Total T: 839229 Episode Num: 2779 Episode T: 292 Reward: 409.934 Cost: 10.000
arrive destination: True ,out of road:False   Total T: 839482 Episode Num: 2780 Episode T: 253 Reward: 295.718 Cost: 3.000
arrive destination: True ,out of road:False   Total T: 839801 Episode Num: 2781 Episode T: 319 Reward: 398.207 Cost: 11.000
---------------------------------------
Evaluation over 20 episodes: 0.950 Cost 18.400.             SafeRL used : use_td3
---------------------------------------
[34;1m
Time: 2026-06-29 16:34:53, Time spent from previous logger: 131.776 s[0m
[34;1mCustomLogger with fileds: ['total_steps', 'EpRet', 'EpCost', 'CostRate'][0m
[34;1mfieldvalues: [840000, 0.95, 18.4, 0.07534770874727231]
[0m
arrive destination: True ,out of road:False   Total T: 840305 Episode Num: 2782 Episode T: 504 Reward: 583.755 Cost: 17.000
arrive destination: True ,out of road:False   Total T: 840629 Episode Num: 2783 Episode T: 324 Reward: 456.440 Cost: 3.000
arrive destination: True ,out of road:False   Total T: 841089 Episode Num: 2784 Episode T: 460 Reward: 462.768 Cost: 27.000
arrive destination: True ,out of road:False   Total T: 841320 Episode Num: 2785 Episode T: 231 Reward: 288.437 Cost: 7.000
arrive destination: True ,out of road:False   Total T: 841574 Episode Num: 2786 Episode T: 254 Reward: 355.572 Cost: 1.000
arrive destination: True ,out of road:False   Total T: 841798 Episode Num: 2787 Episode T: 224 Reward: 274.255 Cost: 6.000
arrive destination: True ,out of road:False   Total T: 842017 Episode Num: 2788 Episode T: 219 Reward: 295.631 Cost: 17.000
arrive destination: True ,out of road:False   Total T: 842464 Episode Num: 2789 Episode T: 447 Reward: 503.362 Cost: 56.000
arrive destination: True ,out of road:False   Total T: 842699 Episode Num: 2790 Episode T: 235 Reward: 277.254 Cost: 1.000
arrive destination: True ,out of road:False   Total T: 842871 Episode Num: 2791 Episode T: 172 Reward: 268.905 Cost: 0.000
arrive destination: True ,out of road:False   Total T: 843118 Episode Num: 2792 Episode T: 247 Reward: 294.716 Cost: 18.000
arrive destination: True ,out of road:False   Total T: 843364 Episode Num: 2793 Episode T: 246 Reward: 243.793 Cost: 26.000
arrive destination: True ,out of road:False   Total T: 843643 Episode Num: 2794 Episode T: 279 Reward: 380.603 Cost: 20.000
arrive destination: True ,out of road:False   Total T: 843942 Episode Num: 2795 Episode T: 299 Reward: 366.142 Cost: 15.000
arrive destination: True ,out of road:False   Total T: 844356 Episode Num: 2796 Episode T: 414 Reward: 378.454 Cost: 67.000
arrive destination: True ,out of road:False   Total T: 844788 Episode Num: 2797 Episode T: 432 Reward: 500.355 Cost: 64.000
arrive destination: True ,out of road:False   Total T: 845039 Episode Num: 2798 Episode T: 251 Reward: 295.332 Cost: 28.000
arrive destination: True ,out of road:False   Total T: 845265 Episode Num: 2799 Episode T: 226 Reward: 322.570 Cost: 24.000
arrive destination: True ,out of road:False   Total T: 845511 Episode Num: 2800 Episode T: 246 Reward: 244.683 Cost: 34.000
arrive destination: True ,out of road:False   Total T: 845734 Episode Num: 2801 Episode T: 223 Reward: 269.528 Cost: 0.000
arrive destination: True ,out of road:False   Total T: 846058 Episode Num: 2802 Episode T: 324 Reward: 394.529 Cost: 0.000
arrive destination: True ,out of road:False   Total T: 846322 Episode Num: 2803 Episode T: 264 Reward: 357.083 Cost: 4.000
arrive destination: True ,out of road:False   Total T: 846579 Episode Num: 2804 Episode T: 257 Reward: 352.951 Cost: 2.000
arrive destination: True ,out of road:False   Total T: 846836 Episode Num: 2805 Episode T: 257 Reward: 335.514 Cost: 21.000
arrive destination: True ,out of road:False   Total T: 847220 Episode Num: 2806 Episode T: 384 Reward: 468.819 Cost: 22.000
arrive destination: True ,out of road:False   Total T: 847622 Episode Num: 2807 Episode T: 402 Reward: 493.493 Cost: 37.000
arrive destination: True ,out of road:False   Total T: 847855 Episode Num: 2808 Episode T: 233 Reward: 347.375 Cost: 18.000
arrive destination: True ,out of road:False   Total T: 848112 Episode Num: 2809 Episode T: 257 Reward: 357.655 Cost: 0.000
arrive destination: True ,out of road:False   Total T: 848443 Episode Num: 2810 Episode T: 331 Reward: 403.717 Cost: 17.000
arrive destination: True ,out of road:False   Total T: 848724 Episode Num: 2811 Episode T: 281 Reward: 365.655 Cost: 13.000
arrive destination: True ,out of road:False   Total T: 849137 Episode Num: 2812 Episode T: 413 Reward: 469.028 Cost: 43.000
arrive destination: False ,out of road:True   Total T: 849386 Episode Num: 2813 Episode T: 249 Reward: 327.012 Cost: 12.000
arrive destination: True ,out of road:False   Total T: 849768 Episode Num: 2814 Episode T: 382 Reward: 469.462 Cost: 26.000
---------------------------------------
Evaluation over 20 episodes: 0.900 Cost 19.050.             SafeRL used : use_td3
---------------------------------------
[34;1m
Time: 2026-06-29 16:37:08, Time spent from previous logger: 134.955 s[0m
[34;1mCustomLogger with fileds: ['total_steps', 'EpRet', 'EpCost', 'CostRate'][0m
[34;1mfieldvalues: [850000, 0.9, 19.05, 0.07523773557380656]
[0m
arrive destination: True ,out of road:False   Total T: 850306 Episode Num: 2815 Episode T: 538 Reward: 652.608 Cost: 58.000
arrive destination: True ,out of road:False   Total T: 850698 Episode Num: 2816 Episode T: 392 Reward: 417.138 Cost: 39.000
arrive destination: True ,out of road:False   Total T: 850938 Episode Num: 2817 Episode T: 240 Reward: 266.095 Cost: 0.000
arrive destination: False ,out of road:False   Total T: 851938 Episode Num: 2818 Episode T: 1000 Reward: 470.844 Cost: 33.000
arrive destination: True ,out of road:False   Total T: 852261 Episode Num: 2819 Episode T: 323 Reward: 391.734 Cost: 0.000
arrive destination: True ,out of road:False   Total T: 852490 Episode Num: 2820 Episode T: 229 Reward: 278.213 Cost: 9.000
arrive destination: True ,out of road:False   Total T: 852746 Episode Num: 2821 Episode T: 256 Reward: 280.643 Cost: 33.000
arrive destination: True ,out of road:False   Total T: 852952 Episode Num: 2822 Episode T: 206 Reward: 234.720 Cost: 6.000
arrive destination: True ,out of road:False   Total T: 853178 Episode Num: 2823 Episode T: 226 Reward: 270.944 Cost: 4.000
arrive destination: True ,out of road:False   Total T: 853406 Episode Num: 2824 Episode T: 228 Reward: 276.997 Cost: 11.000
arrive destination: True ,out of road:False   Total T: 853802 Episode Num: 2825 Episode T: 396 Reward: 417.979 Cost: 39.000
arrive destination: True ,out of road:False   Total T: 854091 Episode Num: 2826 Episode T: 289 Reward: 397.800 Cost: 17.000
arrive destination: True ,out of road:False   Total T: 854339 Episode Num: 2827 Episode T: 248 Reward: 285.273 Cost: 22.000
arrive destination: True ,out of road:False   Total T: 854511 Episode Num: 2828 Episode T: 172 Reward: 269.385 Cost: 0.000
arrive destination: True ,out of road:False   Total T: 854756 Episode Num: 2829 Episode T: 245 Reward: 267.715 Cost: 15.000
arrive destination: True ,out of road:False   Total T: 855117 Episode Num: 2830 Episode T: 361 Reward: 467.684 Cost: 20.000
arrive destination: True ,out of road:False   Total T: 855480 Episode Num: 2831 Episode T: 363 Reward: 462.327 Cost: 8.000
arrive destination: True ,out of road:False   Total T: 855714 Episode Num: 2832 Episode T: 234 Reward: 233.271 Cost: 31.000
arrive destination: False ,out of road:False   Total T: 856714 Episode Num: 2833 Episode T: 1000 Reward: 389.752 Cost: 66.000
arrive destination: False ,out of road:True   Total T: 856944 Episode Num: 2834 Episode T: 230 Reward: 314.284 Cost: 6.000
arrive destination: True ,out of road:False   Total T: 857174 Episode Num: 2835 Episode T: 230 Reward: 279.736 Cost: 10.000
arrive destination: False ,out of road:True   Total T: 857413 Episode Num: 2836 Episode T: 239 Reward: 353.786 Cost: 14.000
arrive destination: True ,out of road:False   Total T: 857683 Episode Num: 2837 Episode T: 270 Reward: 372.338 Cost: 13.000
arrive destination: False ,out of road:True   Total T: 857951 Episode Num: 2838 Episode T: 268 Reward: 319.705 Cost: 18.000
arrive destination: True ,out of road:False   Total T: 858175 Episode Num: 2839 Episode T: 224 Reward: 276.645 Cost: 9.000
arrive destination: True ,out of road:False   Total T: 858370 Episode Num: 2840 Episode T: 195 Reward: 234.653 Cost: 15.000
arrive destination: True ,out of road:False   Total T: 858711 Episode Num: 2841 Episode T: 341 Reward: 415.372 Cost: 31.000
arrive destination: True ,out of road:False   Total T: 858882 Episode Num: 2842 Episode T: 171 Reward: 269.564 Cost: 0.000
arrive destination: True ,out of road:False   Total T: 859106 Episode Num: 2843 Episode T: 224 Reward: 270.015 Cost: 20.000
arrive destination: False ,out of road:True   Total T: 859317 Episode Num: 2844 Episode T: 211 Reward: 200.171 Cost: 29.000
arrive destination: True ,out of road:False   Total T: 859546 Episode Num: 2845 Episode T: 229 Reward: 276.743 Cost: 10.000
arrive destination: True ,out of road:False   Total T: 859720 Episode Num: 2846 Episode T: 174 Reward: 269.477 Cost: 0.000
arrive destination: False ,out of road:True   Total T: 859888 Episode Num: 2847 Episode T: 168 Reward: 217.817 Cost: 9.000
---------------------------------------
Evaluation over 20 episodes: 0.800 Cost 14.050.             SafeRL used : use_td3
---------------------------------------
[34;1m
Time: 2026-06-29 16:39:17, Time spent from previous logger: 128.999 s[0m
[34;1mCustomLogger with fileds: ['total_steps', 'EpRet', 'EpCost', 'CostRate'][0m
[34;1mfieldvalues: [860000, 0.8, 14.05, 0.07503264538679696]
[0m
arrive destination: True ,out of road:False   Total T: 860353 Episode Num: 2848 Episode T: 465 Reward: 504.249 Cost: 30.000
arrive destination: True ,out of road:False   Total T: 860604 Episode Num: 2849 Episode T: 251 Reward: 335.217 Cost: 12.000
arrive destination: True ,out of road:False   Total T: 860921 Episode Num: 2850 Episode T: 317 Reward: 393.248 Cost: 0.000
arrive destination: True ,out of road:False   Total T: 861154 Episode Num: 2851 Episode T: 233 Reward: 293.804 Cost: 26.000
arrive destination: True ,out of road:False   Total T: 861417 Episode Num: 2852 Episode T: 263 Reward: 289.172 Cost: 24.000
arrive destination: True ,out of road:True   Total T: 861663 Episode Num: 2853 Episode T: 246 Reward: 355.754 Cost: 10.000
arrive destination: True ,out of road:False   Total T: 861910 Episode Num: 2854 Episode T: 247 Reward: 268.624 Cost: 24.000
arrive destination: True ,out of road:False   Total T: 862140 Episode Num: 2855 Episode T: 230 Reward: 277.686 Cost: 14.000
arrive destination: True ,out of road:False   Total T: 862386 Episode Num: 2856 Episode T: 246 Reward: 234.624 Cost: 26.000
arrive destination: True ,out of road:False   Total T: 862562 Episode Num: 2857 Episode T: 176 Reward: 269.392 Cost: 3.000
arrive destination: True ,out of road:False   Total T: 862906 Episode Num: 2858 Episode T: 344 Reward: 404.614 Cost: 30.000
arrive destination: True ,out of road:False   Total T: 863156 Episode Num: 2859 Episode T: 250 Reward: 305.840 Cost: 22.000
arrive destination: True ,out of road:False   Total T: 863388 Episode Num: 2860 Episode T: 232 Reward: 294.381 Cost: 19.000
arrive destination: True ,out of road:False   Total T: 863643 Episode Num: 2861 Episode T: 255 Reward: 269.482 Cost: 32.000
arrive destination: True ,out of road:False   Total T: 863903 Episode Num: 2862 Episode T: 260 Reward: 272.698 Cost: 23.000
arrive destination: True ,out of road:False   Total T: 864140 Episode Num: 2863 Episode T: 237 Reward: 278.335 Cost: 2.000
arrive destination: True ,out of road:False   Total T: 864520 Episode Num: 2864 Episode T: 380 Reward: 467.656 Cost: 19.000
arrive destination: False ,out of road:True   Total T: 864758 Episode Num: 2865 Episode T: 238 Reward: 344.179 Cost: 16.000
arrive destination: True ,out of road:False   Total T: 865106 Episode Num: 2866 Episode T: 348 Reward: 493.487 Cost: 24.000
arrive destination: True ,out of road:False   Total T: 865310 Episode Num: 2867 Episode T: 204 Reward: 287.387 Cost: 0.000
arrive destination: True ,out of road:False   Total T: 865733 Episode Num: 2868 Episode T: 423 Reward: 493.374 Cost: 42.000
arrive destination: True ,out of road:False   Total T: 866041 Episode Num: 2869 Episode T: 308 Reward: 380.106 Cost: 49.000
arrive destination: True ,out of road:False   Total T: 866306 Episode Num: 2870 Episode T: 265 Reward: 353.948 Cost: 13.000
arrive destination: True ,out of road:False   Total T: 866628 Episode Num: 2871 Episode T: 322 Reward: 454.150 Cost: 14.000
arrive destination: True ,out of road:False   Total T: 866853 Episode Num: 2872 Episode T: 225 Reward: 276.264 Cost: 14.000
arrive destination: True ,out of road:False   Total T: 867155 Episode Num: 2873 Episode T: 302 Reward: 377.666 Cost: 32.000
arrive destination: True ,out of road:False   Total T: 867389 Episode Num: 2874 Episode T: 234 Reward: 288.326 Cost: 10.000
arrive destination: True ,out of road:False   Total T: 867665 Episode Num: 2875 Episode T: 276 Reward: 335.986 Cost: 19.000
arrive destination: True ,out of road:False   Total T: 867899 Episode Num: 2876 Episode T: 234 Reward: 267.656 Cost: 8.000
arrive destination: True ,out of road:False   Total T: 868087 Episode Num: 2877 Episode T: 188 Reward: 269.903 Cost: 1.000
arrive destination: True ,out of road:False   Total T: 868311 Episode Num: 2878 Episode T: 224 Reward: 286.680 Cost: 10.000
arrive destination: False ,out of road:True   Total T: 868662 Episode Num: 2879 Episode T: 351 Reward: 476.526 Cost: 40.000
arrive destination: True ,out of road:False   Total T: 868975 Episode Num: 2880 Episode T: 313 Reward: 372.344 Cost: 32.000
arrive destination: True ,out of road:False   Total T: 869198 Episode Num: 2881 Episode T: 223 Reward: 270.169 Cost: 0.000
arrive destination: True ,out of road:False   Total T: 869479 Episode Num: 2882 Episode T: 281 Reward: 335.187 Cost: 20.000
arrive destination: True ,out of road:False   Total T: 869720 Episode Num: 2883 Episode T: 241 Reward: 271.639 Cost: 2.000
---------------------------------------
Evaluation over 20 episodes: 0.650 Cost 8.550.             SafeRL used : use_td3
---------------------------------------
[34;1m
Time: 2026-06-29 16:41:24, Time spent from previous logger: 127.424 s[0m
[34;1mCustomLogger with fileds: ['total_steps', 'EpRet', 'EpCost', 'CostRate'][0m
[34;1mfieldvalues: [870000, 0.65, 8.55, 0.07495985627569687]
[0m
arrive destination: True ,out of road:False   Total T: 870380 Episode Num: 2884 Episode T: 660 Reward: 748.251 Cost: 50.000
arrive destination: True ,out of road:False   Total T: 870602 Episode Num: 2885 Episode T: 222 Reward: 276.156 Cost: 16.000
arrive destination: True ,out of road:False   Total T: 870861 Episode Num: 2886 Episode T: 259 Reward: 274.047 Cost: 28.000
arrive destination: True ,out of road:False   Total T: 871078 Episode Num: 2887 Episode T: 217 Reward: 296.104 Cost: 11.000
arrive destination: True ,out of road:False   Total T: 871391 Episode Num: 2888 Episode T: 313 Reward: 377.452 Cost: 27.000
arrive destination: True ,out of road:False   Total T: 871635 Episode Num: 2889 Episode T: 244 Reward: 336.162 Cost: 3.000
arrive destination: True ,out of road:False   Total T: 871972 Episode Num: 2890 Episode T: 337 Reward: 387.301 Cost: 64.000
arrive destination: False ,out of road:True   Total T: 872256 Episode Num: 2891 Episode T: 284 Reward: 337.133 Cost: 43.000
arrive destination: True ,out of road:False   Total T: 872606 Episode Num: 2892 Episode T: 350 Reward: 407.533 Cost: 25.000
arrive destination: True ,out of road:False   Total T: 872863 Episode Num: 2893 Episode T: 257 Reward: 269.109 Cost: 30.000
arrive destination: True ,out of road:False   Total T: 873091 Episode Num: 2894 Episode T: 228 Reward: 267.217 Cost: 8.000
arrive destination: False ,out of road:True   Total T: 873193 Episode Num: 2895 Episode T: 102 Reward: 76.008 Cost: 5.000
arrive destination: True ,out of road:False   Total T: 873408 Episode Num: 2896 Episode T: 215 Reward: 295.421 Cost: 22.000
arrive destination: True ,out of road:False   Total T: 873616 Episode Num: 2897 Episode T: 208 Reward: 285.772 Cost: 3.000
arrive destination: True ,out of road:False   Total T: 873940 Episode Num: 2898 Episode T: 324 Reward: 389.868 Cost: 0.000
arrive destination: False ,out of road:True   Total T: 874089 Episode Num: 2899 Episode T: 149 Reward: 130.481 Cost: 16.000
arrive destination: False ,out of road:True   Total T: 874346 Episode Num: 2900 Episode T: 257 Reward: 343.636 Cost: 18.000
arrive destination: True ,out of road:False   Total T: 874595 Episode Num: 2901 Episode T: 249 Reward: 335.119 Cost: 12.000
arrive destination: True ,out of road:False   Total T: 874795 Episode Num: 2902 Episode T: 200 Reward: 286.616 Cost: 0.000
arrive destination: True ,out of road:False   Total T: 875046 Episode Num: 2903 Episode T: 251 Reward: 351.031 Cost: 3.000
arrive destination: True ,out of road:False   Total T: 875242 Episode Num: 2904 Episode T: 196 Reward: 284.350 Cost: 0.000
arrive destination: True ,out of road:False   Total T: 875577 Episode Num: 2905 Episode T: 335 Reward: 396.577 Cost: 72.000
arrive destination: True ,out of road:False   Total T: 875908 Episode Num: 2906 Episode T: 331 Reward: 458.726 Cost: 0.000
arrive destination: True ,out of road:False   Total T: 876164 Episode Num: 2907 Episode T: 256 Reward: 304.503 Cost: 27.000
arrive destination: True ,out of road:False   Total T: 876542 Episode Num: 2908 Episode T: 378 Reward: 469.473 Cost: 18.000
arrive destination: False ,out of road:True   Total T: 876665 Episode Num: 2909 Episode T: 123 Reward: 140.692 Cost: 1.000
arrive destination: True ,out of road:False   Total T: 876870 Episode Num: 2910 Episode T: 205 Reward: 288.338 Cost: 0.000
arrive destination: True ,out of road:False   Total T: 877130 Episode Num: 2911 Episode T: 260 Reward: 351.622 Cost: 12.000
arrive destination: True ,out of road:False   Total T: 877517 Episode Num: 2912 Episode T: 387 Reward: 479.594 Cost: 37.000
arrive destination: True ,out of road:False   Total T: 877904 Episode Num: 2913 Episode T: 387 Reward: 469.025 Cost: 19.000
arrive destination: True ,out of road:False   Total T: 878217 Episode Num: 2914 Episode T: 313 Reward: 394.403 Cost: 0.000
arrive destination: True ,out of road:False   Total T: 878548 Episode Num: 2915 Episode T: 331 Reward: 335.577 Cost: 43.000
arrive destination: True ,out of road:False   Total T: 878780 Episode Num: 2916 Episode T: 232 Reward: 290.182 Cost: 11.000
arrive destination: True ,out of road:False   Total T: 879022 Episode Num: 2917 Episode T: 242 Reward: 346.048 Cost: 17.000
arrive destination: True ,out of road:False   Total T: 879275 Episode Num: 2918 Episode T: 253 Reward: 397.707 Cost: 8.000
arrive destination: True ,out of road:False   Total T: 879449 Episode Num: 2919 Episode T: 174 Reward: 268.806 Cost: 0.000
arrive destination: True ,out of road:False   Total T: 879716 Episode Num: 2920 Episode T: 267 Reward: 365.699 Cost: 5.000
arrive destination: True ,out of road:False   Total T: 879974 Episode Num: 2921 Episode T: 258 Reward: 294.398 Cost: 16.000
---------------------------------------
Evaluation over 20 episodes: 0.800 Cost 17.650.             SafeRL used : use_td3
---------------------------------------
[34;1m
Time: 2026-06-29 16:43:36, Time spent from previous logger: 131.574 s[0m
[34;1mCustomLogger with fileds: ['total_steps', 'EpRet', 'EpCost', 'CostRate'][0m
[34;1mfieldvalues: [880000, 0.8, 17.65, 0.07484099413749334]
[0m
arrive destination: True ,out of road:False   Total T: 880335 Episode Num: 2922 Episode T: 361 Reward: 423.944 Cost: 44.000
arrive destination: True ,out of road:False   Total T: 880661 Episode Num: 2923 Episode T: 326 Reward: 459.477 Cost: 3.000
arrive destination: True ,out of road:False   Total T: 880910 Episode Num: 2924 Episode T: 249 Reward: 266.525 Cost: 0.000
arrive destination: True ,out of road:False   Total T: 881084 Episode Num: 2925 Episode T: 174 Reward: 269.721 Cost: 6.000
arrive destination: True ,out of road:False   Total T: 881309 Episode Num: 2926 Episode T: 225 Reward: 306.964 Cost: 11.000
arrive destination: True ,out of road:False   Total T: 881562 Episode Num: 2927 Episode T: 253 Reward: 294.005 Cost: 15.000
arrive destination: True ,out of road:False   Total T: 881829 Episode Num: 2928 Episode T: 267 Reward: 266.809 Cost: 4.000
arrive destination: True ,out of road:False   Total T: 882080 Episode Num: 2929 Episode T: 251 Reward: 266.391 Cost: 24.000
arrive destination: True ,out of road:False   Total T: 882261 Episode Num: 2930 Episode T: 181 Reward: 268.482 Cost: 3.000
arrive destination: False ,out of road:True   Total T: 882466 Episode Num: 2931 Episode T: 205 Reward: 245.784 Cost: 8.000
arrive destination: True ,out of road:False   Total T: 882768 Episode Num: 2932 Episode T: 302 Reward: 365.981 Cost: 14.000
arrive destination: True ,out of road:False   Total T: 883020 Episode Num: 2933 Episode T: 252 Reward: 296.032 Cost: 23.000
arrive destination: True ,out of road:False   Total T: 883215 Episode Num: 2934 Episode T: 195 Reward: 242.408 Cost: 5.000
arrive destination: True ,out of road:False   Total T: 883462 Episode Num: 2935 Episode T: 247 Reward: 267.952 Cost: 0.000
arrive destination: True ,out of road:False   Total T: 883714 Episode Num: 2936 Episode T: 252 Reward: 266.929 Cost: 0.000
arrive destination: True ,out of road:False   Total T: 883964 Episode Num: 2937 Episode T: 250 Reward: 268.531 Cost: 0.000
arrive destination: True ,out of road:False   Total T: 884198 Episode Num: 2938 Episode T: 234 Reward: 232.509 Cost: 8.000
arrive destination: True ,out of road:False   Total T: 884412 Episode Num: 2939 Episode T: 214 Reward: 294.859 Cost: 21.000
arrive destination: True ,out of road:False   Total T: 884650 Episode Num: 2940 Episode T: 238 Reward: 272.155 Cost: 10.000
arrive destination: True ,out of road:True   Total T: 884895 Episode Num: 2941 Episode T: 245 Reward: 375.627 Cost: 14.000
arrive destination: True ,out of road:False   Total T: 885151 Episode Num: 2942 Episode T: 256 Reward: 265.833 Cost: 0.000
arrive destination: True ,out of road:False   Total T: 885669 Episode Num: 2943 Episode T: 518 Reward: 499.892 Cost: 68.000
arrive destination: True ,out of road:False   Total T: 885930 Episode Num: 2944 Episode T: 261 Reward: 272.834 Cost: 24.000
arrive destination: True ,out of road:False   Total T: 886103 Episode Num: 2945 Episode T: 173 Reward: 269.753 Cost: 0.000
arrive destination: False ,out of road:True   Total T: 886334 Episode Num: 2946 Episode T: 231 Reward: 314.109 Cost: 5.000
arrive destination: True ,out of road:False   Total T: 886581 Episode Num: 2947 Episode T: 247 Reward: 350.650 Cost: 8.000
arrive destination: True ,out of road:False   Total T: 886923 Episode Num: 2948 Episode T: 342 Reward: 462.283 Cost: 23.000
arrive destination: True ,out of road:False   Total T: 887346 Episode Num: 2949 Episode T: 423 Reward: 496.886 Cost: 65.000
arrive destination: True ,out of road:False   Total T: 887661 Episode Num: 2950 Episode T: 315 Reward: 421.514 Cost: 31.000
arrive destination: True ,out of road:False   Total T: 887836 Episode Num: 2951 Episode T: 175 Reward: 269.377 Cost: 0.000
arrive destination: False ,out of road:True   Total T: 888044 Episode Num: 2952 Episode T: 208 Reward: 242.803 Cost: 11.000
arrive destination: True ,out of road:False   Total T: 888368 Episode Num: 2953 Episode T: 324 Reward: 418.214 Cost: 31.000
arrive destination: True ,out of road:False   Total T: 888593 Episode Num: 2954 Episode T: 225 Reward: 294.034 Cost: 15.000
arrive destination: True ,out of road:False   Total T: 888913 Episode Num: 2955 Episode T: 320 Reward: 404.067 Cost: 27.000
arrive destination: True ,out of road:False   Total T: 889263 Episode Num: 2956 Episode T: 350 Reward: 418.425 Cost: 54.000
arrive destination: True ,out of road:False   Total T: 889519 Episode Num: 2957 Episode T: 256 Reward: 354.052 Cost: 0.000
arrive destination: True ,out of road:False   Total T: 889775 Episode Num: 2958 Episode T: 256 Reward: 346.950 Cost: 10.000
arrive destination: True ,out of road:False   Total T: 889999 Episode Num: 2959 Episode T: 224 Reward: 274.717 Cost: 10.000
---------------------------------------
Evaluation over 20 episodes: 0.800 Cost 8.600.             SafeRL used : use_td3
---------------------------------------
[34;1m
Time: 2026-06-29 16:45:47, Time spent from previous logger: 131.157 s[0m
[34;1mCustomLogger with fileds: ['total_steps', 'EpRet', 'EpCost', 'CostRate'][0m
[34;1mfieldvalues: [890000, 0.8, 8.6, 0.07466862322317216]
[0m
arrive destination: True ,out of road:False   Total T: 890288 Episode Num: 2960 Episode T: 289 Reward: 380.479 Cost: 32.000
arrive destination: True ,out of road:False   Total T: 890712 Episode Num: 2961 Episode T: 424 Reward: 497.646 Cost: 22.000
arrive destination: True ,out of road:False   Total T: 890941 Episode Num: 2962 Episode T: 229 Reward: 289.264 Cost: 11.000
arrive destination: True ,out of road:False   Total T: 891158 Episode Num: 2963 Episode T: 217 Reward: 295.399 Cost: 27.000
arrive destination: True ,out of road:False   Total T: 891340 Episode Num: 2964 Episode T: 182 Reward: 268.915 Cost: 2.000
arrive destination: True ,out of road:False   Total T: 891571 Episode Num: 2965 Episode T: 231 Reward: 278.938 Cost: 0.000
arrive destination: True ,out of road:False   Total T: 891949 Episode Num: 2966 Episode T: 378 Reward: 460.069 Cost: 21.000
arrive destination: True ,out of road:False   Total T: 892213 Episode Num: 2967 Episode T: 264 Reward: 274.363 Cost: 28.000
arrive destination: True ,out of road:False   Total T: 892468 Episode Num: 2968 Episode T: 255 Reward: 294.403 Cost: 24.000
arrive destination: False ,out of road:True   Total T: 892598 Episode Num: 2969 Episode T: 130 Reward: 137.670 Cost: 1.000
arrive destination: True ,out of road:False   Total T: 892870 Episode Num: 2970 Episode T: 272 Reward: 364.250 Cost: 19.000
arrive destination: False ,out of road:True   Total T: 893153 Episode Num: 2971 Episode T: 283 Reward: 336.957 Cost: 8.000
arrive destination: True ,out of road:False   Total T: 893390 Episode Num: 2972 Episode T: 237 Reward: 335.396 Cost: 9.000
arrive destination: True ,out of road:False   Total T: 893731 Episode Num: 2973 Episode T: 341 Reward: 492.926 Cost: 37.000
arrive destination: True ,out of road:False   Total T: 893958 Episode Num: 2974 Episode T: 227 Reward: 277.586 Cost: 3.000
arrive destination: True ,out of road:False   Total T: 894180 Episode Num: 2975 Episode T: 222 Reward: 274.148 Cost: 10.000
arrive destination: True ,out of road:False   Total T: 894526 Episode Num: 2976 Episode T: 346 Reward: 416.649 Cost: 37.000
arrive destination: False ,out of road:True   Total T: 894747 Episode Num: 2977 Episode T: 221 Reward: 305.074 Cost: 5.000
arrive destination: True ,out of road:False   Total T: 894945 Episode Num: 2978 Episode T: 198 Reward: 285.399 Cost: 0.000
arrive destination: True ,out of road:False   Total T: 895243 Episode Num: 2979 Episode T: 298 Reward: 379.257 Cost: 44.000
arrive destination: False ,out of road:False   Total T: 896243 Episode Num: 2980 Episode T: 1000 Reward: 86.784 Cost: 0.000
arrive destination: True ,out of road:False   Total T: 896497 Episode Num: 2981 Episode T: 254 Reward: 273.785 Cost: 15.000
arrive destination: True ,out of road:False   Total T: 896893 Episode Num: 2982 Episode T: 396 Reward: 494.745 Cost: 28.000
arrive destination: True ,out of road:False   Total T: 897261 Episode Num: 2983 Episode T: 368 Reward: 411.520 Cost: 40.000
arrive destination: False ,out of road:True   Total T: 897502 Episode Num: 2984 Episode T: 241 Reward: 205.674 Cost: 13.000
arrive destination: True ,out of road:False   Total T: 897795 Episode Num: 2985 Episode T: 293 Reward: 373.885 Cost: 26.000
arrive destination: True ,out of road:False   Total T: 898128 Episode Num: 2986 Episode T: 333 Reward: 418.400 Cost: 50.000
arrive destination: True ,out of road:False   Total T: 898376 Episode Num: 2987 Episode T: 248 Reward: 267.429 Cost: 0.000
arrive destination: True ,out of road:False   Total T: 898624 Episode Num: 2988 Episode T: 248 Reward: 295.962 Cost: 32.000
arrive destination: False ,out of road:True   Total T: 898722 Episode Num: 2989 Episode T: 98 Reward: 90.188 Cost: 7.000
arrive destination: True ,out of road:False   Total T: 898972 Episode Num: 2990 Episode T: 250 Reward: 335.125 Cost: 11.000
arrive destination: True ,out of road:False   Total T: 899250 Episode Num: 2991 Episode T: 278 Reward: 366.166 Cost: 17.000
arrive destination: True ,out of road:False   Total T: 899540 Episode Num: 2992 Episode T: 290 Reward: 379.050 Cost: 27.000
arrive destination: True ,out of road:False   Total T: 899871 Episode Num: 2993 Episode T: 331 Reward: 459.859 Cost: 5.000
---------------------------------------
Evaluation over 20 episodes: 0.700 Cost 14.750.             SafeRL used : use_td3
---------------------------------------
[34;1m
Time: 2026-06-29 16:48:02, Time spent from previous logger: 134.648 s[0m
[34;1mCustomLogger with fileds: ['total_steps', 'EpRet', 'EpCost', 'CostRate'][0m
[34;1mfieldvalues: [900000, 0.7, 14.75, 0.07451897168774632]
[0m
arrive destination: True ,out of road:False   Total T: 900241 Episode Num: 2994 Episode T: 370 Reward: 482.873 Cost: 3.000
arrive destination: True ,out of road:False   Total T: 900584 Episode Num: 2995 Episode T: 343 Reward: 386.529 Cost: 66.000
arrive destination: True ,out of road:False   Total T: 900924 Episode Num: 2996 Episode T: 340 Reward: 375.689 Cost: 50.000
arrive destination: True ,out of road:False   Total T: 901096 Episode Num: 2997 Episode T: 172 Reward: 269.837 Cost: 1.000
arrive destination: True ,out of road:False   Total T: 901411 Episode Num: 2998 Episode T: 315 Reward: 392.536 Cost: 0.000
arrive destination: True ,out of road:False   Total T: 901725 Episode Num: 2999 Episode T: 314 Reward: 393.501 Cost: 0.000
arrive destination: True ,out of road:False   Total T: 902020 Episode Num: 3000 Episode T: 295 Reward: 406.631 Cost: 21.000
arrive destination: True ,out of road:False   Total T: 902204 Episode Num: 3001 Episode T: 184 Reward: 269.852 Cost: 1.000
arrive destination: True ,out of road:False   Total T: 902408 Episode Num: 3002 Episode T: 204 Reward: 288.571 Cost: 0.000
arrive destination: True ,out of road:False   Total T: 902727 Episode Num: 3003 Episode T: 319 Reward: 392.903 Cost: 0.000
arrive destination: True ,out of road:False   Total T: 902986 Episode Num: 3004 Episode T: 259 Reward: 272.263 Cost: 25.000
arrive destination: True ,out of road:False   Total T: 903399 Episode Num: 3005 Episode T: 413 Reward: 469.895 Cost: 32.000
arrive destination: True ,out of road:False   Total T: 903755 Episode Num: 3006 Episode T: 356 Reward: 406.940 Cost: 35.000
arrive destination: True ,out of road:False   Total T: 904072 Episode Num: 3007 Episode T: 317 Reward: 395.172 Cost: 0.000
arrive destination: True ,out of road:False   Total T: 904303 Episode Num: 3008 Episode T: 231 Reward: 271.233 Cost: 14.000
arrive destination: True ,out of road:False   Total T: 904662 Episode Num: 3009 Episode T: 359 Reward: 492.936 Cost: 27.000
arrive destination: True ,out of road:False   Total T: 904961 Episode Num: 3010 Episode T: 299 Reward: 376.513 Cost: 62.000
arrive destination: True ,out of road:False   Total T: 905329 Episode Num: 3011 Episode T: 368 Reward: 498.391 Cost: 33.000
arrive destination: True ,out of road:False   Total T: 905559 Episode Num: 3012 Episode T: 230 Reward: 276.570 Cost: 0.000
arrive destination: True ,out of road:False   Total T: 905976 Episode Num: 3013 Episode T: 417 Reward: 472.923 Cost: 35.000
arrive destination: True ,out of road:False   Total T: 906386 Episode Num: 3014 Episode T: 410 Reward: 498.057 Cost: 52.000
arrive destination: True ,out of road:False   Total T: 906588 Episode Num: 3015 Episode T: 202 Reward: 285.619 Cost: 0.000
arrive destination: True ,out of road:False   Total T: 906901 Episode Num: 3016 Episode T: 313 Reward: 367.905 Cost: 27.000
arrive destination: True ,out of road:False   Total T: 907127 Episode Num: 3017 Episode T: 226 Reward: 267.622 Cost: 0.000
arrive destination: True ,out of road:False   Total T: 907364 Episode Num: 3018 Episode T: 237 Reward: 278.209 Cost: 0.000
arrive destination: False ,out of road:True   Total T: 907591 Episode Num: 3019 Episode T: 227 Reward: 219.006 Cost: 19.000
arrive destination: False ,out of road:True   Total T: 907898 Episode Num: 3020 Episode T: 307 Reward: 390.418 Cost: 33.000
arrive destination: True ,out of road:False   Total T: 908073 Episode Num: 3021 Episode T: 175 Reward: 269.308 Cost: 0.000
arrive destination: True ,out of road:False   Total T: 908320 Episode Num: 3022 Episode T: 247 Reward: 252.916 Cost: 16.000
arrive destination: True ,out of road:False   Total T: 908579 Episode Num: 3023 Episode T: 259 Reward: 290.186 Cost: 33.000
arrive destination: True ,out of road:False   Total T: 908875 Episode Num: 3024 Episode T: 296 Reward: 411.183 Cost: 15.000
arrive destination: False ,out of road:True   Total T: 909233 Episode Num: 3025 Episode T: 358 Reward: 476.424 Cost: 31.000
arrive destination: True ,out of road:False   Total T: 909490 Episode Num: 3026 Episode T: 257 Reward: 336.256 Cost: 16.000
arrive destination: True ,out of road:False   Total T: 909659 Episode Num: 3027 Episode T: 169 Reward: 269.461 Cost: 0.000
arrive destination: True ,out of road:False   Total T: 909910 Episode Num: 3028 Episode T: 251 Reward: 266.121 Cost: 0.000
---------------------------------------
Evaluation over 20 episodes: 0.950 Cost 19.200.             SafeRL used : use_td3
---------------------------------------
[34;1m
Time: 2026-06-29 16:50:19, Time spent from previous logger: 137.340 s[0m
[34;1mCustomLogger with fileds: ['total_steps', 'EpRet', 'EpCost', 'CostRate'][0m
[34;1mfieldvalues: [910000, 0.95, 19.2, 0.07440997187908997]
[0m
arrive destination: True ,out of road:False   Total T: 910240 Episode Num: 3029 Episode T: 330 Reward: 353.768 Cost: 3.000
arrive destination: False ,out of road:True   Total T: 910367 Episode Num: 3030 Episode T: 127 Reward: 141.288 Cost: 1.000
arrive destination: True ,out of road:False   Total T: 910656 Episode Num: 3031 Episode T: 289 Reward: 360.767 Cost: 12.000
arrive destination: True ,out of road:False   Total T: 911087 Episode Num: 3032 Episode T: 431 Reward: 467.294 Cost: 50.000
arrive destination: True ,out of road:False   Total T: 911346 Episode Num: 3033 Episode T: 259 Reward: 271.381 Cost: 30.000
arrive destination: True ,out of road:False   Total T: 911640 Episode Num: 3034 Episode T: 294 Reward: 406.839 Cost: 20.000
arrive destination: True ,out of road:False   Total T: 911891 Episode Num: 3035 Episode T: 251 Reward: 354.441 Cost: 0.000
arrive destination: True ,out of road:False   Total T: 912133 Episode Num: 3036 Episode T: 242 Reward: 335.540 Cost: 12.000
arrive destination: True ,out of road:False   Total T: 912480 Episode Num: 3037 Episode T: 347 Reward: 460.673 Cost: 5.000
arrive destination: True ,out of road:False   Total T: 912734 Episode Num: 3038 Episode T: 254 Reward: 295.792 Cost: 21.000
arrive destination: True ,out of road:False   Total T: 912990 Episode Num: 3039 Episode T: 256 Reward: 269.143 Cost: 38.000
arrive destination: True ,out of road:False   Total T: 913304 Episode Num: 3040 Episode T: 314 Reward: 396.291 Cost: 0.000
arrive destination: True ,out of road:False   Total T: 913604 Episode Num: 3041 Episode T: 300 Reward: 368.137 Cost: 37.000
arrive destination: True ,out of road:False   Total T: 913855 Episode Num: 3042 Episode T: 251 Reward: 295.973 Cost: 27.000
arrive destination: True ,out of road:False   Total T: 914078 Episode Num: 3043 Episode T: 223 Reward: 276.137 Cost: 8.000
arrive destination: True ,out of road:False   Total T: 914411 Episode Num: 3044 Episode T: 333 Reward: 459.206 Cost: 3.000
arrive destination: True ,out of road:False   Total T: 914595 Episode Num: 3045 Episode T: 184 Reward: 269.695 Cost: 1.000
arrive destination: True ,out of road:False   Total T: 914968 Episode Num: 3046 Episode T: 373 Reward: 409.585 Cost: 11.000
arrive destination: True ,out of road:False   Total T: 915322 Episode Num: 3047 Episode T: 354 Reward: 406.140 Cost: 19.000
arrive destination: True ,out of road:False   Total T: 915676 Episode Num: 3048 Episode T: 354 Reward: 457.757 Cost: 11.000
arrive destination: True ,out of road:False   Total T: 916062 Episode Num: 3049 Episode T: 386 Reward: 468.628 Cost: 28.000
arrive destination: True ,out of road:False   Total T: 916338 Episode Num: 3050 Episode T: 276 Reward: 334.849 Cost: 31.000
arrive destination: True ,out of road:False   Total T: 916606 Episode Num: 3051 Episode T: 268 Reward: 368.110 Cost: 20.000
arrive destination: False ,out of road:True   Total T: 916825 Episode Num: 3052 Episode T: 219 Reward: 213.953 Cost: 12.000
arrive destination: True ,out of road:False   Total T: 916999 Episode Num: 3053 Episode T: 174 Reward: 268.794 Cost: 0.000
arrive destination: True ,out of road:False   Total T: 917211 Episode Num: 3054 Episode T: 212 Reward: 294.743 Cost: 28.000
arrive destination: True ,out of road:False   Total T: 917556 Episode Num: 3055 Episode T: 345 Reward: 380.335 Cost: 49.000
arrive destination: True ,out of road:False   Total T: 917877 Episode Num: 3056 Episode T: 321 Reward: 391.012 Cost: 0.000
arrive destination: True ,out of road:False   Total T: 918216 Episode Num: 3057 Episode T: 339 Reward: 424.301 Cost: 47.000
arrive destination: False ,out of road:True   Total T: 918473 Episode Num: 3058 Episode T: 257 Reward: 344.441 Cost: 16.000
arrive destination: False ,out of road:True   Total T: 918597 Episode Num: 3059 Episode T: 124 Reward: 135.013 Cost: 1.000
arrive destination: True ,out of road:False   Total T: 918907 Episode Num: 3060 Episode T: 310 Reward: 389.142 Cost: 0.000
arrive destination: True ,out of road:False   Total T: 919135 Episode Num: 3061 Episode T: 228 Reward: 277.151 Cost: 5.000
arrive destination: True ,out of road:False   Total T: 919352 Episode Num: 3062 Episode T: 217 Reward: 277.452 Cost: 6.000
arrive destination: True ,out of road:False   Total T: 919664 Episode Num: 3063 Episode T: 312 Reward: 407.526 Cost: 19.000
arrive destination: True ,out of road:False   Total T: 919891 Episode Num: 3064 Episode T: 227 Reward: 275.948 Cost: 0.000
---------------------------------------
Evaluation over 20 episodes: 0.950 Cost 16.750.             SafeRL used : use_td3
---------------------------------------
[34;1m
Time: 2026-06-29 16:52:30, Time spent from previous logger: 131.349 s[0m
[34;1mCustomLogger with fileds: ['total_steps', 'EpRet', 'EpCost', 'CostRate'][0m
[34;1mfieldvalues: [920000, 0.95, 16.75, 0.07422181980632588]
[0m
arrive destination: True ,out of road:False   Total T: 920393 Episode Num: 3065 Episode T: 502 Reward: 619.613 Cost: 21.000
arrive destination: True ,out of road:False   Total T: 920654 Episode Num: 3066 Episode T: 261 Reward: 266.571 Cost: 0.000
arrive destination: True ,out of road:False   Total T: 920852 Episode Num: 3067 Episode T: 198 Reward: 286.629 Cost: 0.000
arrive destination: True ,out of road:False   Total T: 921163 Episode Num: 3068 Episode T: 311 Reward: 419.030 Cost: 45.000
arrive destination: True ,out of road:False   Total T: 921334 Episode Num: 3069 Episode T: 171 Reward: 268.638 Cost: 0.000
arrive destination: True ,out of road:False   Total T: 921581 Episode Num: 3070 Episode T: 247 Reward: 274.471 Cost: 19.000
arrive destination: True ,out of road:False   Total T: 921837 Episode Num: 3071 Episode T: 256 Reward: 267.162 Cost: 0.000
arrive destination: True ,out of road:False   Total T: 922160 Episode Num: 3072 Episode T: 323 Reward: 397.839 Cost: 0.000
arrive destination: True ,out of road:False   Total T: 922404 Episode Num: 3073 Episode T: 244 Reward: 266.879 Cost: 0.000
arrive destination: True ,out of road:False   Total T: 922629 Episode Num: 3074 Episode T: 225 Reward: 268.199 Cost: 12.000
arrive destination: True ,out of road:False   Total T: 922898 Episode Num: 3075 Episode T: 269 Reward: 380.524 Cost: 23.000
arrive destination: True ,out of road:False   Total T: 923233 Episode Num: 3076 Episode T: 335 Reward: 492.962 Cost: 27.000
arrive destination: True ,out of road:False   Total T: 923485 Episode Num: 3077 Episode T: 252 Reward: 294.504 Cost: 23.000
arrive destination: True ,out of road:False   Total T: 923806 Episode Num: 3078 Episode T: 321 Reward: 414.915 Cost: 49.000
arrive destination: True ,out of road:False   Total T: 924058 Episode Num: 3079 Episode T: 252 Reward: 303.884 Cost: 24.000
arrive destination: True ,out of road:False   Total T: 924275 Episode Num: 3080 Episode T: 217 Reward: 295.348 Cost: 16.000
arrive destination: True ,out of road:False   Total T: 924531 Episode Num: 3081 Episode T: 256 Reward: 294.001 Cost: 19.000
arrive destination: True ,out of road:False   Total T: 924773 Episode Num: 3082 Episode T: 242 Reward: 270.820 Cost: 24.000
arrive destination: True ,out of road:False   Total T: 924983 Episode Num: 3083 Episode T: 210 Reward: 232.334 Cost: 7.000
arrive destination: False ,out of road:True   Total T: 925223 Episode Num: 3084 Episode T: 240 Reward: 353.078 Cost: 9.000
arrive destination: True ,out of road:False   Total T: 925532 Episode Num: 3085 Episode T: 309 Reward: 379.733 Cost: 37.000
arrive destination: True ,out of road:False   Total T: 925785 Episode Num: 3086 Episode T: 253 Reward: 266.903 Cost: 17.000
arrive destination: True ,out of road:False   Total T: 926193 Episode Num: 3087 Episode T: 408 Reward: 413.058 Cost: 26.000
arrive destination: False ,out of road:True   Total T: 926426 Episode Num: 3088 Episode T: 233 Reward: 234.606 Cost: 17.000
arrive destination: True ,out of road:False   Total T: 926712 Episode Num: 3089 Episode T: 286 Reward: 395.345 Cost: 14.000
arrive destination: True ,out of road:False   Total T: 926970 Episode Num: 3090 Episode T: 258 Reward: 294.786 Cost: 20.000
arrive destination: True ,out of road:False   Total T: 927192 Episode Num: 3091 Episode T: 222 Reward: 295.143 Cost: 21.000
arrive destination: True ,out of road:False   Total T: 927451 Episode Num: 3092 Episode T: 259 Reward: 335.761 Cost: 21.000
arrive destination: True ,out of road:False   Total T: 927673 Episode Num: 3093 Episode T: 222 Reward: 315.523 Cost: 14.000
arrive destination: True ,out of road:False   Total T: 927910 Episode Num: 3094 Episode T: 237 Reward: 269.515 Cost: 8.000
arrive destination: True ,out of road:False   Total T: 928157 Episode Num: 3095 Episode T: 247 Reward: 375.323 Cost: 22.000
arrive destination: True ,out of road:False   Total T: 928356 Episode Num: 3096 Episode T: 199 Reward: 235.220 Cost: 13.000
arrive destination: True ,out of road:False   Total T: 928689 Episode Num: 3097 Episode T: 333 Reward: 381.479 Cost: 37.000
arrive destination: True ,out of road:False   Total T: 929137 Episode Num: 3098 Episode T: 448 Reward: 381.339 Cost: 72.000
arrive destination: True ,out of road:False   Total T: 929396 Episode Num: 3099 Episode T: 259 Reward: 278.716 Cost: 34.000
arrive destination: True ,out of road:False   Total T: 929709 Episode Num: 3100 Episode T: 313 Reward: 389.216 Cost: 0.000
arrive destination: True ,out of road:False   Total T: 929921 Episode Num: 3101 Episode T: 212 Reward: 268.152 Cost: 12.000
---------------------------------------
Evaluation over 20 episodes: 0.750 Cost 14.150.             SafeRL used : use_td3
---------------------------------------
[34;1m
Time: 2026-06-29 16:54:45, Time spent from previous logger: 134.658 s[0m
[34;1mCustomLogger with fileds: ['total_steps', 'EpRet', 'EpCost', 'CostRate'][0m
[34;1mfieldvalues: [930000, 0.75, 14.15, 0.07417964965553726]
[0m
arrive destination: True ,out of road:False   Total T: 930254 Episode Num: 3102 Episode T: 333 Reward: 428.301 Cost: 7.000
arrive destination: True ,out of road:False   Total T: 930570 Episode Num: 3103 Episode T: 316 Reward: 394.516 Cost: 0.000
arrive destination: True ,out of road:False   Total T: 930951 Episode Num: 3104 Episode T: 381 Reward: 470.838 Cost: 13.000
arrive destination: False ,out of road:True   Total T: 931050 Episode Num: 3105 Episode T: 99 Reward: 77.344 Cost: 4.000
arrive destination: True ,out of road:False   Total T: 931356 Episode Num: 3106 Episode T: 306 Reward: 410.094 Cost: 16.000
arrive destination: True ,out of road:False   Total T: 931662 Episode Num: 3107 Episode T: 306 Reward: 400.764 Cost: 15.000
arrive destination: True ,out of road:False   Total T: 931886 Episode Num: 3108 Episode T: 224 Reward: 276.778 Cost: 10.000
arrive destination: True ,out of road:False   Total T: 932191 Episode Num: 3109 Episode T: 305 Reward: 439.911 Cost: 27.000
arrive destination: True ,out of road:False   Total T: 932543 Episode Num: 3110 Episode T: 352 Reward: 458.779 Cost: 13.000
arrive destination: True ,out of road:False   Total T: 932789 Episode Num: 3111 Episode T: 246 Reward: 305.551 Cost: 25.000
arrive destination: True ,out of road:False   Total T: 933048 Episode Num: 3112 Episode T: 259 Reward: 268.169 Cost: 2.000
arrive destination: True ,out of road:False   Total T: 933252 Episode Num: 3113 Episode T: 204 Reward: 287.721 Cost: 0.000
arrive destination: True ,out of road:False   Total T: 933601 Episode Num: 3114 Episode T: 349 Reward: 456.779 Cost: 10.000
arrive destination: True ,out of road:False   Total T: 933988 Episode Num: 3115 Episode T: 387 Reward: 493.622 Cost: 47.000
arrive destination: True ,out of road:False   Total T: 934331 Episode Num: 3116 Episode T: 343 Reward: 407.417 Cost: 21.000
arrive destination: True ,out of road:False   Total T: 934586 Episode Num: 3117 Episode T: 255 Reward: 304.659 Cost: 28.000
arrive destination: False ,out of road:True   Total T: 934797 Episode Num: 3118 Episode T: 211 Reward: 232.734 Cost: 3.000
arrive destination: True ,out of road:False   Total T: 935212 Episode Num: 3119 Episode T: 415 Reward: 472.636 Cost: 58.000
arrive destination: True ,out of road:False   Total T: 935513 Episode Num: 3120 Episode T: 301 Reward: 376.097 Cost: 41.000
arrive destination: True ,out of road:False   Total T: 935826 Episode Num: 3121 Episode T: 313 Reward: 381.675 Cost: 34.000
arrive destination: False ,out of road:True   Total T: 936064 Episode Num: 3122 Episode T: 238 Reward: 342.134 Cost: 22.000
arrive destination: True ,out of road:False   Total T: 936298 Episode Num: 3123 Episode T: 234 Reward: 294.018 Cost: 24.000
arrive destination: False ,out of road:True   Total T: 936432 Episode Num: 3124 Episode T: 134 Reward: 159.645 Cost: 1.000
arrive destination: True ,out of road:False   Total T: 936728 Episode Num: 3125 Episode T: 296 Reward: 414.197 Cost: 23.000
arrive destination: True ,out of road:False   Total T: 936933 Episode Num: 3126 Episode T: 205 Reward: 289.613 Cost: 0.000
arrive destination: True ,out of road:False   Total T: 937184 Episode Num: 3127 Episode T: 251 Reward: 295.429 Cost: 23.000
arrive destination: True ,out of road:False   Total T: 937575 Episode Num: 3128 Episode T: 391 Reward: 468.661 Cost: 13.000
arrive destination: True ,out of road:False   Total T: 937827 Episode Num: 3129 Episode T: 252 Reward: 353.715 Cost: 10.000
arrive destination: True ,out of road:False   Total T: 938046 Episode Num: 3130 Episode T: 219 Reward: 305.954 Cost: 13.000
arrive destination: True ,out of road:False   Total T: 938222 Episode Num: 3131 Episode T: 176 Reward: 269.817 Cost: 0.000
arrive destination: True ,out of road:False   Total T: 938465 Episode Num: 3132 Episode T: 243 Reward: 264.179 Cost: 0.000
arrive destination: True ,out of road:False   Total T: 938753 Episode Num: 3133 Episode T: 288 Reward: 403.105 Cost: 5.000
arrive destination: True ,out of road:False   Total T: 938956 Episode Num: 3134 Episode T: 203 Reward: 289.443 Cost: 6.000
arrive destination: True ,out of road:False   Total T: 939298 Episode Num: 3135 Episode T: 342 Reward: 462.667 Cost: 14.000
arrive destination: True ,out of road:False   Total T: 939503 Episode Num: 3136 Episode T: 205 Reward: 269.310 Cost: 4.000
arrive destination: True ,out of road:False   Total T: 939746 Episode Num: 3137 Episode T: 243 Reward: 294.149 Cost: 20.000
arrive destination: False ,out of road:True   Total T: 939987 Episode Num: 3138 Episode T: 241 Reward: 268.884 Cost: 24.000
---------------------------------------
Evaluation over 20 episodes: 0.950 Cost 20.950.             SafeRL used : use_td3
---------------------------------------
[34;1m
Time: 2026-06-29 16:57:02, Time spent from previous logger: 136.455 s[0m
[34;1mCustomLogger with fileds: ['total_steps', 'EpRet', 'EpCost', 'CostRate'][0m
[34;1mfieldvalues: [940000, 0.95, 20.95, 0.0740032702162449]
[0m
arrive destination: True ,out of road:False   Total T: 940228 Episode Num: 3139 Episode T: 241 Reward: 274.227 Cost: 7.000
arrive destination: True ,out of road:False   Total T: 940480 Episode Num: 3140 Episode T: 252 Reward: 353.092 Cost: 8.000
arrive destination: True ,out of road:True   Total T: 940718 Episode Num: 3141 Episode T: 238 Reward: 385.100 Cost: 12.000
arrive destination: True ,out of road:False   Total T: 940959 Episode Num: 3142 Episode T: 241 Reward: 233.171 Cost: 45.000
arrive destination: False ,out of road:True   Total T: 941165 Episode Num: 3143 Episode T: 206 Reward: 225.142 Cost: 20.000
arrive destination: True ,out of road:False   Total T: 941413 Episode Num: 3144 Episode T: 248 Reward: 347.337 Cost: 4.000
arrive destination: True ,out of road:False   Total T: 941776 Episode Num: 3145 Episode T: 363 Reward: 463.716 Cost: 16.000
arrive destination: False ,out of road:True   Total T: 942061 Episode Num: 3146 Episode T: 285 Reward: 297.559 Cost: 30.000
arrive destination: True ,out of road:False   Total T: 942384 Episode Num: 3147 Episode T: 323 Reward: 454.788 Cost: 10.000
arrive destination: True ,out of road:False   Total T: 942615 Episode Num: 3148 Episode T: 231 Reward: 336.057 Cost: 16.000
arrive destination: True ,out of road:False   Total T: 942968 Episode Num: 3149 Episode T: 353 Reward: 494.956 Cost: 36.000
arrive destination: True ,out of road:False   Total T: 943324 Episode Num: 3150 Episode T: 356 Reward: 492.685 Cost: 20.000
arrive destination: True ,out of road:False   Total T: 943653 Episode Num: 3151 Episode T: 329 Reward: 400.564 Cost: 35.000
arrive destination: True ,out of road:False   Total T: 943894 Episode Num: 3152 Episode T: 241 Reward: 335.653 Cost: 16.000
arrive destination: True ,out of road:False   Total T: 944158 Episode Num: 3153 Episode T: 264 Reward: 275.604 Cost: 30.000
arrive destination: False ,out of road:True   Total T: 944458 Episode Num: 3154 Episode T: 300 Reward: 369.078 Cost: 21.000
arrive destination: True ,out of road:False   Total T: 944700 Episode Num: 3155 Episode T: 242 Reward: 350.607 Cost: 0.000
arrive destination: True ,out of road:False   Total T: 944942 Episode Num: 3156 Episode T: 242 Reward: 335.575 Cost: 10.000
arrive destination: True ,out of road:False   Total T: 945351 Episode Num: 3157 Episode T: 409 Reward: 474.743 Cost: 35.000
arrive destination: True ,out of road:True   Total T: 945596 Episode Num: 3158 Episode T: 245 Reward: 395.075 Cost: 19.000
arrive destination: True ,out of road:False   Total T: 945927 Episode Num: 3159 Episode T: 331 Reward: 394.322 Cost: 0.000
arrive destination: False ,out of road:True   Total T: 946047 Episode Num: 3160 Episode T: 120 Reward: 134.261 Cost: 1.000
arrive destination: True ,out of road:False   Total T: 946332 Episode Num: 3161 Episode T: 285 Reward: 381.382 Cost: 41.000
arrive destination: True ,out of road:False   Total T: 946661 Episode Num: 3162 Episode T: 329 Reward: 458.772 Cost: 5.000
arrive destination: False ,out of road:True   Total T: 946783 Episode Num: 3163 Episode T: 122 Reward: 135.837 Cost: 1.000
arrive destination: True ,out of road:False   Total T: 947170 Episode Num: 3164 Episode T: 387 Reward: 464.744 Cost: 24.000
arrive destination: True ,out of road:False   Total T: 947415 Episode Num: 3165 Episode T: 245 Reward: 235.620 Cost: 27.000
arrive destination: True ,out of road:False   Total T: 947663 Episode Num: 3166 Episode T: 248 Reward: 294.692 Cost: 18.000
arrive destination: True ,out of road:False   Total T: 947977 Episode Num: 3167 Episode T: 314 Reward: 381.797 Cost: 25.000
arrive destination: True ,out of road:False   Total T: 948304 Episode Num: 3168 Episode T: 327 Reward: 456.354 Cost: 6.000
arrive destination: True ,out of road:False   Total T: 948612 Episode Num: 3169 Episode T: 308 Reward: 374.961 Cost: 43.000
arrive destination: True ,out of road:False   Total T: 948978 Episode Num: 3170 Episode T: 366 Reward: 465.385 Cost: 20.000
arrive destination: True ,out of road:False   Total T: 949306 Episode Num: 3171 Episode T: 328 Reward: 400.389 Cost: 19.000
arrive destination: True ,out of road:False   Total T: 949506 Episode Num: 3172 Episode T: 200 Reward: 233.276 Cost: 23.000
arrive destination: True ,out of road:False   Total T: 949717 Episode Num: 3173 Episode T: 211 Reward: 272.344 Cost: 5.000
arrive destination: True ,out of road:False   Total T: 949993 Episode Num: 3174 Episode T: 276 Reward: 376.459 Cost: 30.000
---------------------------------------
Evaluation over 20 episodes: 1.000 Cost 16.450.             SafeRL used : use_td3
---------------------------------------
[34;1m
Time: 2026-06-29 16:59:18, Time spent from previous logger: 136.284 s[0m
[34;1mCustomLogger with fileds: ['total_steps', 'EpRet', 'EpCost', 'CostRate'][0m
[34;1mfieldvalues: [950000, 1.0, 16.45, 0.07393797256628691]
[0m
arrive destination: True ,out of road:False   Total T: 950242 Episode Num: 3175 Episode T: 249 Reward: 294.163 Cost: 21.000
arrive destination: True ,out of road:False   Total T: 950488 Episode Num: 3176 Episode T: 246 Reward: 232.636 Cost: 4.000
arrive destination: True ,out of road:False   Total T: 950713 Episode Num: 3177 Episode T: 225 Reward: 275.510 Cost: 0.000
arrive destination: True ,out of road:False   Total T: 950965 Episode Num: 3178 Episode T: 252 Reward: 355.662 Cost: 6.000
arrive destination: True ,out of road:False   Total T: 951310 Episode Num: 3179 Episode T: 345 Reward: 387.611 Cost: 63.000
arrive destination: True ,out of road:False   Total T: 951538 Episode Num: 3180 Episode T: 228 Reward: 293.533 Cost: 11.000
arrive destination: True ,out of road:False   Total T: 951763 Episode Num: 3181 Episode T: 225 Reward: 334.203 Cost: 22.000
arrive destination: True ,out of road:False   Total T: 952323 Episode Num: 3182 Episode T: 560 Reward: 422.351 Cost: 56.000
arrive destination: True ,out of road:True   Total T: 952568 Episode Num: 3183 Episode T: 245 Reward: 405.554 Cost: 19.000
arrive destination: True ,out of road:False   Total T: 952806 Episode Num: 3184 Episode T: 238 Reward: 271.847 Cost: 27.000
arrive destination: True ,out of road:False   Total T: 953089 Episode Num: 3185 Episode T: 283 Reward: 361.805 Cost: 36.000
arrive destination: False ,out of road:True   Total T: 953334 Episode Num: 3186 Episode T: 245 Reward: 322.777 Cost: 11.000
arrive destination: True ,out of road:False   Total T: 953723 Episode Num: 3187 Episode T: 389 Reward: 471.082 Cost: 20.000
arrive destination: True ,out of road:False   Total T: 954029 Episode Num: 3188 Episode T: 306 Reward: 414.544 Cost: 10.000
arrive destination: True ,out of road:False   Total T: 954231 Episode Num: 3189 Episode T: 202 Reward: 285.952 Cost: 0.000
arrive destination: True ,out of road:False   Total T: 954491 Episode Num: 3190 Episode T: 260 Reward: 293.642 Cost: 18.000
arrive destination: True ,out of road:False   Total T: 954899 Episode Num: 3191 Episode T: 408 Reward: 463.975 Cost: 16.000
arrive destination: True ,out of road:False   Total T: 955076 Episode Num: 3192 Episode T: 177 Reward: 270.063 Cost: 0.000
arrive destination: True ,out of road:False   Total T: 955372 Episode Num: 3193 Episode T: 296 Reward: 414.209 Cost: 31.000
arrive destination: True ,out of road:False   Total T: 955678 Episode Num: 3194 Episode T: 306 Reward: 408.091 Cost: 28.000
arrive destination: True ,out of road:False   Total T: 955904 Episode Num: 3195 Episode T: 226 Reward: 268.401 Cost: 5.000
arrive destination: True ,out of road:False   Total T: 956136 Episode Num: 3196 Episode T: 232 Reward: 271.897 Cost: 8.000
arrive destination: True ,out of road:False   Total T: 956370 Episode Num: 3197 Episode T: 234 Reward: 336.195 Cost: 13.000
arrive destination: True ,out of road:False   Total T: 956667 Episode Num: 3198 Episode T: 297 Reward: 367.420 Cost: 22.000
arrive destination: True ,out of road:False   Total T: 956976 Episode Num: 3199 Episode T: 309 Reward: 414.710 Cost: 14.000
arrive destination: True ,out of road:True   Total T: 957267 Episode Num: 3200 Episode T: 291 Reward: 408.864 Cost: 11.000
arrive destination: True ,out of road:False   Total T: 957577 Episode Num: 3201 Episode T: 310 Reward: 390.877 Cost: 0.000
arrive destination: True ,out of road:False   Total T: 957827 Episode Num: 3202 Episode T: 250 Reward: 293.973 Cost: 32.000
arrive destination: True ,out of road:False   Total T: 958243 Episode Num: 3203 Episode T: 416 Reward: 472.896 Cost: 34.000
arrive destination: False ,out of road:True   Total T: 958500 Episode Num: 3204 Episode T: 257 Reward: 337.163 Cost: 26.000
arrive destination: True ,out of road:False   Total T: 958735 Episode Num: 3205 Episode T: 235 Reward: 271.975 Cost: 3.000
arrive destination: True ,out of road:False   Total T: 959063 Episode Num: 3206 Episode T: 328 Reward: 391.862 Cost: 0.000
arrive destination: True ,out of road:False   Total T: 959294 Episode Num: 3207 Episode T: 231 Reward: 280.080 Cost: 9.000
arrive destination: True ,out of road:False   Total T: 959521 Episode Num: 3208 Episode T: 227 Reward: 273.631 Cost: 11.000
arrive destination: True ,out of road:False   Total T: 959747 Episode Num: 3209 Episode T: 226 Reward: 270.909 Cost: 13.000
arrive destination: True ,out of road:False   Total T: 959918 Episode Num: 3210 Episode T: 171 Reward: 269.162 Cost: 0.000
---------------------------------------
Evaluation over 20 episodes: 0.700 Cost 14.400.             SafeRL used : use_td3
---------------------------------------
[34;1m
Time: 2026-06-29 17:01:30, Time spent from previous logger: 131.791 s[0m
[34;1mCustomLogger with fileds: ['total_steps', 'EpRet', 'EpCost', 'CostRate'][0m
[34;1mfieldvalues: [960000, 0.7, 14.4, 0.07379278520081792]
[0m
arrive destination: True ,out of road:False   Total T: 960284 Episode Num: 3211 Episode T: 366 Reward: 428.871 Cost: 5.000
arrive destination: True ,out of road:False   Total T: 960621 Episode Num: 3212 Episode T: 337 Reward: 404.929 Cost: 23.000
arrive destination: True ,out of road:False   Total T: 960933 Episode Num: 3213 Episode T: 312 Reward: 374.000 Cost: 16.000
arrive destination: True ,out of road:False   Total T: 961316 Episode Num: 3214 Episode T: 383 Reward: 379.590 Cost: 58.000
arrive destination: True ,out of road:False   Total T: 961617 Episode Num: 3215 Episode T: 301 Reward: 399.686 Cost: 10.000
arrive destination: True ,out of road:False   Total T: 961884 Episode Num: 3216 Episode T: 267 Reward: 366.203 Cost: 14.000
arrive destination: True ,out of road:False   Total T: 962172 Episode Num: 3217 Episode T: 288 Reward: 399.904 Cost: 17.000
arrive destination: False ,out of road:True   Total T: 962388 Episode Num: 3218 Episode T: 216 Reward: 277.631 Cost: 19.000
arrive destination: True ,out of road:False   Total T: 962640 Episode Num: 3219 Episode T: 252 Reward: 365.041 Cost: 6.000
arrive destination: False ,out of road:True   Total T: 962874 Episode Num: 3220 Episode T: 234 Reward: 345.027 Cost: 14.000
arrive destination: True ,out of road:False   Total T: 963101 Episode Num: 3221 Episode T: 227 Reward: 297.278 Cost: 16.000
arrive destination: True ,out of road:False   Total T: 963278 Episode Num: 3222 Episode T: 177 Reward: 269.338 Cost: 0.000
arrive destination: True ,out of road:False   Total T: 963646 Episode Num: 3223 Episode T: 368 Reward: 469.594 Cost: 15.000
arrive destination: False ,out of road:True   Total T: 963904 Episode Num: 3224 Episode T: 258 Reward: 315.026 Cost: 35.000
arrive destination: True ,out of road:False   Total T: 964164 Episode Num: 3225 Episode T: 260 Reward: 355.042 Cost: 5.000
arrive destination: True ,out of road:False   Total T: 964456 Episode Num: 3226 Episode T: 292 Reward: 372.873 Cost: 11.000
arrive destination: True ,out of road:False   Total T: 964707 Episode Num: 3227 Episode T: 251 Reward: 267.732 Cost: 0.000
arrive destination: True ,out of road:False   Total T: 964957 Episode Num: 3228 Episode T: 250 Reward: 335.904 Cost: 17.000
arrive destination: True ,out of road:False   Total T: 965332 Episode Num: 3229 Episode T: 375 Reward: 470.132 Cost: 5.000
arrive destination: True ,out of road:False   Total T: 965558 Episode Num: 3230 Episode T: 226 Reward: 274.506 Cost: 9.000
arrive destination: True ,out of road:False   Total T: 965765 Episode Num: 3231 Episode T: 207 Reward: 289.548 Cost: 0.000
arrive destination: True ,out of road:False   Total T: 966073 Episode Num: 3232 Episode T: 308 Reward: 279.726 Cost: 6.000
arrive destination: True ,out of road:False   Total T: 966337 Episode Num: 3233 Episode T: 264 Reward: 265.860 Cost: 6.000
arrive destination: True ,out of road:False   Total T: 966532 Episode Num: 3234 Episode T: 195 Reward: 232.897 Cost: 8.000
arrive destination: True ,out of road:False   Total T: 966809 Episode Num: 3235 Episode T: 277 Reward: 364.806 Cost: 10.000
arrive destination: True ,out of road:False   Total T: 967035 Episode Num: 3236 Episode T: 226 Reward: 294.877 Cost: 35.000
arrive destination: True ,out of road:False   Total T: 967390 Episode Num: 3237 Episode T: 355 Reward: 376.249 Cost: 39.000
arrive destination: True ,out of road:False   Total T: 967638 Episode Num: 3238 Episode T: 248 Reward: 296.128 Cost: 22.000
arrive destination: True ,out of road:False   Total T: 967847 Episode Num: 3239 Episode T: 209 Reward: 289.216 Cost: 1.000
arrive destination: False ,out of road:True   Total T: 967954 Episode Num: 3240 Episode T: 107 Reward: 77.856 Cost: 5.000
arrive destination: True ,out of road:False   Total T: 968125 Episode Num: 3241 Episode T: 171 Reward: 269.599 Cost: 0.000
arrive destination: True ,out of road:False   Total T: 968367 Episode Num: 3242 Episode T: 242 Reward: 265.594 Cost: 0.000
arrive destination: True ,out of road:False   Total T: 968644 Episode Num: 3243 Episode T: 277 Reward: 373.659 Cost: 9.000
arrive destination: False ,out of road:True   Total T: 968886 Episode Num: 3244 Episode T: 242 Reward: 353.891 Cost: 11.000
arrive destination: True ,out of road:False   Total T: 969138 Episode Num: 3245 Episode T: 252 Reward: 305.936 Cost: 29.000
arrive destination: True ,out of road:False   Total T: 969454 Episode Num: 3246 Episode T: 316 Reward: 418.465 Cost: 32.000
arrive destination: True ,out of road:False   Total T: 969704 Episode Num: 3247 Episode T: 250 Reward: 355.375 Cost: 4.000
---------------------------------------
Evaluation over 20 episodes: 0.850 Cost 10.250.             SafeRL used : use_td3
---------------------------------------
[34;1m
Time: 2026-06-29 17:03:36, Time spent from previous logger: 126.574 s[0m
[34;1mCustomLogger with fileds: ['total_steps', 'EpRet', 'EpCost', 'CostRate'][0m
[34;1mfieldvalues: [970000, 0.85, 10.25, 0.07360523052085621]
[0m
arrive destination: True ,out of road:False   Total T: 970267 Episode Num: 3248 Episode T: 563 Reward: 608.438 Cost: 64.000
arrive destination: True ,out of road:False   Total T: 970647 Episode Num: 3249 Episode T: 380 Reward: 468.939 Cost: 30.000
arrive destination: True ,out of road:False   Total T: 970942 Episode Num: 3250 Episode T: 295 Reward: 374.928 Cost: 29.000
arrive destination: True ,out of road:False   Total T: 971146 Episode Num: 3251 Episode T: 204 Reward: 285.990 Cost: 6.000
arrive destination: True ,out of road:False   Total T: 971403 Episode Num: 3252 Episode T: 257 Reward: 358.602 Cost: 7.000
arrive destination: False ,out of road:True   Total T: 971634 Episode Num: 3253 Episode T: 231 Reward: 163.198 Cost: 18.000
arrive destination: True ,out of road:False   Total T: 971962 Episode Num: 3254 Episode T: 328 Reward: 491.852 Cost: 21.000
arrive destination: True ,out of road:False   Total T: 972208 Episode Num: 3255 Episode T: 246 Reward: 233.456 Cost: 6.000
arrive destination: True ,out of road:False   Total T: 972432 Episode Num: 3256 Episode T: 224 Reward: 272.839 Cost: 12.000
arrive destination: False ,out of road:True   Total T: 972688 Episode Num: 3257 Episode T: 256 Reward: 294.913 Cost: 1.000
arrive destination: True ,out of road:False   Total T: 972867 Episode Num: 3258 Episode T: 179 Reward: 268.991 Cost: 0.000
arrive destination: True ,out of road:False   Total T: 973063 Episode Num: 3259 Episode T: 196 Reward: 233.131 Cost: 11.000
arrive destination: False ,out of road:True   Total T: 973299 Episode Num: 3260 Episode T: 236 Reward: 285.075 Cost: 21.000
arrive destination: True ,out of road:False   Total T: 973639 Episode Num: 3261 Episode T: 340 Reward: 386.252 Cost: 51.000
arrive destination: True ,out of road:True   Total T: 973950 Episode Num: 3262 Episode T: 311 Reward: 449.537 Cost: 29.000
arrive destination: True ,out of road:False   Total T: 974172 Episode Num: 3263 Episode T: 222 Reward: 271.685 Cost: 0.000
arrive destination: True ,out of road:False   Total T: 974529 Episode Num: 3264 Episode T: 357 Reward: 406.093 Cost: 22.000
arrive destination: True ,out of road:False   Total T: 974799 Episode Num: 3265 Episode T: 270 Reward: 353.332 Cost: 20.000
arrive destination: True ,out of road:False   Total T: 974976 Episode Num: 3266 Episode T: 177 Reward: 233.469 Cost: 1.000
arrive destination: False ,out of road:True   Total T: 975074 Episode Num: 3267 Episode T: 98 Reward: 88.668 Cost: 2.000
arrive destination: True ,out of road:False   Total T: 975334 Episode Num: 3268 Episode T: 260 Reward: 275.121 Cost: 21.000
arrive destination: True ,out of road:False   Total T: 975574 Episode Num: 3269 Episode T: 240 Reward: 234.324 Cost: 39.000
arrive destination: True ,out of road:False   Total T: 975818 Episode Num: 3270 Episode T: 244 Reward: 280.728 Cost: 13.000
arrive destination: True ,out of road:False   Total T: 976111 Episode Num: 3271 Episode T: 293 Reward: 378.204 Cost: 28.000
arrive destination: False ,out of road:True   Total T: 976302 Episode Num: 3272 Episode T: 191 Reward: 268.049 Cost: 1.000
arrive destination: True ,out of road:False   Total T: 976477 Episode Num: 3273 Episode T: 175 Reward: 269.540 Cost: 0.000
arrive destination: True ,out of road:False   Total T: 976672 Episode Num: 3274 Episode T: 195 Reward: 283.927 Cost: 0.000
arrive destination: False ,out of road:True   Total T: 977306 Episode Num: 3275 Episode T: 634 Reward: 340.797 Cost: 28.000
arrive destination: True ,out of road:False   Total T: 977524 Episode Num: 3276 Episode T: 218 Reward: 295.726 Cost: 13.000
arrive destination: True ,out of road:False   Total T: 977777 Episode Num: 3277 Episode T: 253 Reward: 270.157 Cost: 0.000
arrive destination: True ,out of road:False   Total T: 978100 Episode Num: 3278 Episode T: 323 Reward: 455.277 Cost: 2.000
arrive destination: True ,out of road:False   Total T: 978350 Episode Num: 3279 Episode T: 250 Reward: 305.505 Cost: 31.000
arrive destination: True ,out of road:False   Total T: 978606 Episode Num: 3280 Episode T: 256 Reward: 267.891 Cost: 37.000
arrive destination: True ,out of road:False   Total T: 978867 Episode Num: 3281 Episode T: 261 Reward: 294.700 Cost: 17.000
arrive destination: True ,out of road:False   Total T: 979252 Episode Num: 3282 Episode T: 385 Reward: 470.567 Cost: 25.000
arrive destination: True ,out of road:False   Total T: 979560 Episode Num: 3283 Episode T: 308 Reward: 454.064 Cost: 11.000
arrive destination: False ,out of road:True   Total T: 979719 Episode Num: 3284 Episode T: 159 Reward: 166.842 Cost: 21.000
arrive destination: True ,out of road:False   Total T: 979972 Episode Num: 3285 Episode T: 253 Reward: 274.109 Cost: 41.000
---------------------------------------
Evaluation over 20 episodes: 0.850 Cost 20.300.             SafeRL used : use_td3
---------------------------------------
[34;1m
Time: 2026-06-29 17:05:51, Time spent from previous logger: 134.873 s[0m
[34;1mCustomLogger with fileds: ['total_steps', 'EpRet', 'EpCost', 'CostRate'][0m
[34;1mfieldvalues: [980000, 0.85, 20.3, 0.07350211581848552]
[0m
arrive destination: True ,out of road:False   Total T: 980225 Episode Num: 3286 Episode T: 253 Reward: 280.108 Cost: 13.000
arrive destination: True ,out of road:False   Total T: 980463 Episode Num: 3287 Episode T: 238 Reward: 273.044 Cost: 7.000
arrive destination: True ,out of road:False   Total T: 980743 Episode Num: 3288 Episode T: 280 Reward: 367.032 Cost: 17.000
arrive destination: True ,out of road:False   Total T: 981134 Episode Num: 3289 Episode T: 391 Reward: 471.742 Cost: 39.000
arrive destination: True ,out of road:False   Total T: 981351 Episode Num: 3290 Episode T: 217 Reward: 296.121 Cost: 20.000
arrive destination: True ,out of road:False   Total T: 981578 Episode Num: 3291 Episode T: 227 Reward: 295.851 Cost: 21.000
arrive destination: True ,out of road:False   Total T: 982340 Episode Num: 3292 Episode T: 762 Reward: 401.867 Cost: 18.000
arrive destination: True ,out of road:False   Total T: 982610 Episode Num: 3293 Episode T: 270 Reward: 373.158 Cost: 13.000
arrive destination: True ,out of road:False   Total T: 982828 Episode Num: 3294 Episode T: 218 Reward: 295.476 Cost: 17.000
arrive destination: True ,out of road:False   Total T: 983113 Episode Num: 3295 Episode T: 285 Reward: 380.695 Cost: 23.000
arrive destination: True ,out of road:False   Total T: 983438 Episode Num: 3296 Episode T: 325 Reward: 460.098 Cost: 0.000
arrive destination: True ,out of road:False   Total T: 983694 Episode Num: 3297 Episode T: 256 Reward: 294.663 Cost: 21.000
arrive destination: True ,out of road:False   Total T: 984064 Episode Num: 3298 Episode T: 370 Reward: 457.949 Cost: 23.000
arrive destination: True ,out of road:False   Total T: 984478 Episode Num: 3299 Episode T: 414 Reward: 473.791 Cost: 37.000
arrive destination: True ,out of road:False   Total T: 984707 Episode Num: 3300 Episode T: 229 Reward: 277.341 Cost: 2.000
arrive destination: True ,out of road:False   Total T: 984885 Episode Num: 3301 Episode T: 178 Reward: 269.744 Cost: 0.000
arrive destination: True ,out of road:False   Total T: 985158 Episode Num: 3302 Episode T: 273 Reward: 379.336 Cost: 24.000
arrive destination: True ,out of road:False   Total T: 985466 Episode Num: 3303 Episode T: 308 Reward: 399.072 Cost: 21.000
arrive destination: True ,out of road:False   Total T: 985770 Episode Num: 3304 Episode T: 304 Reward: 373.741 Cost: 40.000
arrive destination: False ,out of road:True   Total T: 986015 Episode Num: 3305 Episode T: 245 Reward: 356.011 Cost: 15.000
arrive destination: True ,out of road:False   Total T: 986265 Episode Num: 3306 Episode T: 250 Reward: 295.713 Cost: 35.000
arrive destination: True ,out of road:False   Total T: 986691 Episode Num: 3307 Episode T: 426 Reward: 471.362 Cost: 37.000
arrive destination: False ,out of road:True   Total T: 986815 Episode Num: 3308 Episode T: 124 Reward: 144.290 Cost: 1.000
arrive destination: True ,out of road:False   Total T: 987073 Episode Num: 3309 Episode T: 258 Reward: 277.708 Cost: 37.000
arrive destination: True ,out of road:False   Total T: 987272 Episode Num: 3310 Episode T: 199 Reward: 286.527 Cost: 0.000
arrive destination: True ,out of road:False   Total T: 987475 Episode Num: 3311 Episode T: 203 Reward: 288.504 Cost: 0.000
arrive destination: True ,out of road:False   Total T: 987815 Episode Num: 3312 Episode T: 340 Reward: 494.838 Cost: 34.000
arrive destination: True ,out of road:False   Total T: 988014 Episode Num: 3313 Episode T: 199 Reward: 287.190 Cost: 0.000
arrive destination: False ,out of road:True   Total T: 988116 Episode Num: 3314 Episode T: 102 Reward: 77.682 Cost: 5.000
arrive destination: True ,out of road:False   Total T: 988371 Episode Num: 3315 Episode T: 255 Reward: 400.074 Cost: 16.000
arrive destination: True ,out of road:False   Total T: 988669 Episode Num: 3316 Episode T: 298 Reward: 409.430 Cost: 19.000
arrive destination: True ,out of road:False   Total T: 989041 Episode Num: 3317 Episode T: 372 Reward: 457.348 Cost: 19.000
arrive destination: True ,out of road:False   Total T: 989246 Episode Num: 3318 Episode T: 205 Reward: 288.775 Cost: 6.000
arrive destination: True ,out of road:False   Total T: 989560 Episode Num: 3319 Episode T: 314 Reward: 391.986 Cost: 0.000
arrive destination: True ,out of road:False   Total T: 989889 Episode Num: 3320 Episode T: 329 Reward: 398.292 Cost: 0.000
---------------------------------------
Evaluation over 20 episodes: 0.750 Cost 17.050.             SafeRL used : use_td3
---------------------------------------
[34;1m
Time: 2026-06-29 17:08:03, Time spent from previous logger: 131.916 s[0m
[34;1mCustomLogger with fileds: ['total_steps', 'EpRet', 'EpCost', 'CostRate'][0m
[34;1mfieldvalues: [990000, 0.75, 17.05, 0.07335461955012076]
[0m
arrive destination: True ,out of road:False   Total T: 990323 Episode Num: 3321 Episode T: 434 Reward: 516.893 Cost: 37.000
arrive destination: True ,out of road:False   Total T: 990499 Episode Num: 3322 Episode T: 176 Reward: 269.285 Cost: 3.000
arrive destination: True ,out of road:False   Total T: 990795 Episode Num: 3323 Episode T: 296 Reward: 370.915 Cost: 14.000
arrive destination: False ,out of road:True   Total T: 990941 Episode Num: 3324 Episode T: 146 Reward: 168.559 Cost: 1.000
arrive destination: True ,out of road:False   Total T: 991257 Episode Num: 3325 Episode T: 316 Reward: 420.253 Cost: 13.000
arrive destination: True ,out of road:False   Total T: 991508 Episode Num: 3326 Episode T: 251 Reward: 335.552 Cost: 15.000
arrive destination: True ,out of road:True   Total T: 991738 Episode Num: 3327 Episode T: 230 Reward: 269.143 Cost: 15.000
arrive destination: True ,out of road:False   Total T: 992060 Episode Num: 3328 Episode T: 322 Reward: 395.976 Cost: 2.000
arrive destination: False ,out of road:True   Total T: 992287 Episode Num: 3329 Episode T: 227 Reward: 142.083 Cost: 16.000
arrive destination: True ,out of road:False   Total T: 992530 Episode Num: 3330 Episode T: 243 Reward: 349.212 Cost: 0.000
arrive destination: True ,out of road:False   Total T: 992726 Episode Num: 3331 Episode T: 196 Reward: 288.534 Cost: 0.000
arrive destination: True ,out of road:False   Total T: 992951 Episode Num: 3332 Episode T: 225 Reward: 277.747 Cost: 2.000
arrive destination: True ,out of road:False   Total T: 993197 Episode Num: 3333 Episode T: 246 Reward: 294.318 Cost: 26.000
arrive destination: True ,out of road:False   Total T: 993430 Episode Num: 3334 Episode T: 233 Reward: 263.879 Cost: 7.000
arrive destination: True ,out of road:False   Total T: 993606 Episode Num: 3335 Episode T: 176 Reward: 269.323 Cost: 0.000
arrive destination: True ,out of road:False   Total T: 993807 Episode Num: 3336 Episode T: 201 Reward: 283.771 Cost: 0.000
arrive destination: True ,out of road:False   Total T: 993980 Episode Num: 3337 Episode T: 173 Reward: 269.524 Cost: 0.000
arrive destination: True ,out of road:False   Total T: 994232 Episode Num: 3338 Episode T: 252 Reward: 353.672 Cost: 0.000
arrive destination: True ,out of road:False   Total T: 994459 Episode Num: 3339 Episode T: 227 Reward: 294.952 Cost: 22.000
arrive destination: True ,out of road:False   Total T: 994770 Episode Num: 3340 Episode T: 311 Reward: 402.970 Cost: 20.000
arrive destination: True ,out of road:False   Total T: 995129 Episode Num: 3341 Episode T: 359 Reward: 494.278 Cost: 32.000
arrive destination: True ,out of road:False   Total T: 995426 Episode Num: 3342 Episode T: 297 Reward: 412.013 Cost: 18.000
arrive destination: True ,out of road:False   Total T: 995662 Episode Num: 3343 Episode T: 236 Reward: 267.314 Cost: 5.000
arrive destination: True ,out of road:False   Total T: 995970 Episode Num: 3344 Episode T: 308 Reward: 377.987 Cost: 57.000
arrive destination: True ,out of road:False   Total T: 996293 Episode Num: 3345 Episode T: 323 Reward: 458.628 Cost: 0.000
arrive destination: True ,out of road:False   Total T: 996713 Episode Num: 3346 Episode T: 420 Reward: 495.027 Cost: 42.000
arrive destination: False ,out of road:True   Total T: 996952 Episode Num: 3347 Episode T: 239 Reward: 349.387 Cost: 12.000
arrive destination: True ,out of road:True   Total T: 997203 Episode Num: 3348 Episode T: 251 Reward: 397.938 Cost: 15.000
arrive destination: True ,out of road:False   Total T: 997534 Episode Num: 3349 Episode T: 331 Reward: 418.355 Cost: 44.000
arrive destination: True ,out of road:False   Total T: 997787 Episode Num: 3350 Episode T: 253 Reward: 335.510 Cost: 15.000
arrive destination: True ,out of road:False   Total T: 998116 Episode Num: 3351 Episode T: 329 Reward: 395.781 Cost: 0.000
arrive destination: True ,out of road:False   Total T: 998390 Episode Num: 3352 Episode T: 274 Reward: 377.049 Cost: 21.000
arrive destination: True ,out of road:False   Total T: 998791 Episode Num: 3353 Episode T: 401 Reward: 416.974 Cost: 47.000
arrive destination: True ,out of road:False   Total T: 999021 Episode Num: 3354 Episode T: 230 Reward: 278.490 Cost: 13.000
arrive destination: True ,out of road:False   Total T: 999361 Episode Num: 3355 Episode T: 340 Reward: 373.157 Cost: 36.000
arrive destination: True ,out of road:False   Total T: 999666 Episode Num: 3356 Episode T: 305 Reward: 409.693 Cost: 11.000
arrive destination: False ,out of road:True   Total T: 999794 Episode Num: 3357 Episode T: 128 Reward: 138.034 Cost: 2.000
---------------------------------------
Evaluation over 20 episodes: 0.700 Cost 18.400.             SafeRL used : use_td3
---------------------------------------
[34;1m
Time: 2026-06-29 17:10:18, Time spent from previous logger: 134.680 s[0m
[34;1mCustomLogger with fileds: ['total_steps', 'EpRet', 'EpCost', 'CostRate'][0m
[34;1mfieldvalues: [1000000, 0.7, 18.4, 0.07317707317707317]
[0m
