Running full paper-style training: tag=paper_1m_20260629 algo=recovery seed=0 task=20
Successfully registered the following environments: ['MetaDrive-validation-v0', 'MetaDrive-10env-v0', 'MetaDrive-100envs-v0', 'MetaDrive-1000envs-v0', 'SafeMetaDrive-validation-v0', 'SafeMetaDrive-10env-v0', 'SafeMetaDrive-100envs-v0', 'SafeMetaDrive-1000envs-v0', 'MARLTollgate-v0', 'MARLBottleneck-v0', 'MARLRoundabout-v0', 'MARLIntersection-v0', 'MARLParkingLot-v0', 'MARLMetaDrive-v0'].
arrive destination: False ,out of road:False   Total T: 1000 Episode Num: 1 Episode T: 1000 Reward: 12.356 Cost: 0.000
arrive destination: False ,out of road:False   Total T: 2000 Episode Num: 2 Episode T: 1000 Reward: 10.008 Cost: 0.000
arrive destination: False ,out of road:False   Total T: 3000 Episode Num: 3 Episode T: 1000 Reward: 11.053 Cost: 0.000
arrive destination: False ,out of road:False   Total T: 4000 Episode Num: 4 Episode T: 1000 Reward: 11.626 Cost: 0.000
arrive destination: False ,out of road:False   Total T: 5000 Episode Num: 5 Episode T: 1000 Reward: 10.233 Cost: 0.000
arrive destination: False ,out of road:False   Total T: 6000 Episode Num: 6 Episode T: 1000 Reward: 10.358 Cost: 0.000
arrive destination: False ,out of road:False   Total T: 7000 Episode Num: 7 Episode T: 1000 Reward: 12.812 Cost: 0.000
arrive destination: False ,out of road:False   Total T: 8000 Episode Num: 8 Episode T: 1000 Reward: 11.100 Cost: 0.000
arrive destination: False ,out of road:False   Total T: 9000 Episode Num: 9 Episode T: 1000 Reward: 9.595 Cost: 0.000
arrive destination: False ,out of road:False   Total T: 10000 Episode Num: 10 Episode T: 1000 Reward: 10.153 Cost: 0.000
---------------------------------------
Evaluation over 20 episodes: 0.000 Cost 1.000.             SafeRL used : use_recovery
---------------------------------------
[34;1m
Time: 2026-06-30 02:01:30, Time spent from previous logger: 41.314 s[0m
[34;1mCustomLogger with fileds: ['total_steps', 'EpRet', 'EpCost', 'CostRate'][0m
[34;1mfieldvalues: [10000, 0.0, 1.0, 0.0]
[0m
arrive destination: False ,out of road:True   Total T: 10042 Episode Num: 11 Episode T: 42 Reward: 5.807 Cost: 1.000
arrive destination: False ,out of road:True   Total T: 10057 Episode Num: 12 Episode T: 15 Reward: -5.373 Cost: 1.000
arrive destination: False ,out of road:True   Total T: 10089 Episode Num: 13 Episode T: 32 Reward: -3.352 Cost: 1.000
arrive destination: False ,out of road:True   Total T: 10121 Episode Num: 14 Episode T: 32 Reward: -0.146 Cost: 1.000
arrive destination: False ,out of road:True   Total T: 10153 Episode Num: 15 Episode T: 32 Reward: -3.083 Cost: 1.000
arrive destination: False ,out of road:True   Total T: 10178 Episode Num: 16 Episode T: 25 Reward: -3.402 Cost: 1.000
arrive destination: False ,out of road:True   Total T: 10204 Episode Num: 17 Episode T: 26 Reward: -3.370 Cost: 1.000
arrive destination: False ,out of road:True   Total T: 10230 Episode Num: 18 Episode T: 26 Reward: -3.485 Cost: 1.000
arrive destination: False ,out of road:True   Total T: 10261 Episode Num: 19 Episode T: 31 Reward: -3.243 Cost: 1.000
arrive destination: False ,out of road:True   Total T: 10282 Episode Num: 20 Episode T: 21 Reward: -3.716 Cost: 1.000
arrive destination: False ,out of road:True   Total T: 10376 Episode Num: 21 Episode T: 94 Reward: 7.185 Cost: 1.000
arrive destination: False ,out of road:True   Total T: 10466 Episode Num: 22 Episode T: 90 Reward: 26.390 Cost: 1.000
arrive destination: False ,out of road:True   Total T: 10529 Episode Num: 23 Episode T: 63 Reward: 19.863 Cost: 1.000
arrive destination: False ,out of road:True   Total T: 10563 Episode Num: 24 Episode T: 34 Reward: 2.511 Cost: 1.000
arrive destination: False ,out of road:True   Total T: 10589 Episode Num: 25 Episode T: 26 Reward: -2.435 Cost: 1.000
arrive destination: False ,out of road:True   Total T: 10645 Episode Num: 26 Episode T: 56 Reward: 23.978 Cost: 1.000
arrive destination: False ,out of road:True   Total T: 10675 Episode Num: 27 Episode T: 30 Reward: 0.146 Cost: 1.000
arrive destination: False ,out of road:True   Total T: 10714 Episode Num: 28 Episode T: 39 Reward: 6.508 Cost: 1.000
arrive destination: False ,out of road:True   Total T: 10760 Episode Num: 29 Episode T: 46 Reward: 12.976 Cost: 1.000
arrive destination: False ,out of road:True   Total T: 10813 Episode Num: 30 Episode T: 53 Reward: 21.259 Cost: 1.000
arrive destination: False ,out of road:True   Total T: 10860 Episode Num: 31 Episode T: 47 Reward: 13.011 Cost: 1.000
arrive destination: False ,out of road:True   Total T: 10894 Episode Num: 32 Episode T: 34 Reward: 3.250 Cost: 1.000
arrive destination: False ,out of road:True   Total T: 10918 Episode Num: 33 Episode T: 24 Reward: -2.348 Cost: 1.000
arrive destination: False ,out of road:True   Total T: 10994 Episode Num: 34 Episode T: 76 Reward: 49.893 Cost: 1.000
arrive destination: False ,out of road:True   Total T: 11047 Episode Num: 35 Episode T: 53 Reward: 22.280 Cost: 1.000
arrive destination: False ,out of road:True   Total T: 11070 Episode Num: 36 Episode T: 23 Reward: -2.573 Cost: 1.000
arrive destination: False ,out of road:True   Total T: 11116 Episode Num: 37 Episode T: 46 Reward: 14.438 Cost: 1.000
arrive destination: False ,out of road:True   Total T: 11158 Episode Num: 38 Episode T: 42 Reward: 8.750 Cost: 1.000
arrive destination: False ,out of road:True   Total T: 11182 Episode Num: 39 Episode T: 24 Reward: -2.155 Cost: 1.000
arrive destination: False ,out of road:True   Total T: 11213 Episode Num: 40 Episode T: 31 Reward: 1.268 Cost: 1.000
arrive destination: False ,out of road:True   Total T: 11237 Episode Num: 41 Episode T: 24 Reward: -2.240 Cost: 1.000
arrive destination: False ,out of road:True   Total T: 11314 Episode Num: 42 Episode T: 77 Reward: 53.699 Cost: 1.000
arrive destination: False ,out of road:True   Total T: 11353 Episode Num: 43 Episode T: 39 Reward: 6.278 Cost: 1.000
arrive destination: False ,out of road:True   Total T: 11407 Episode Num: 44 Episode T: 54 Reward: 20.898 Cost: 1.000
arrive destination: False ,out of road:True   Total T: 11490 Episode Num: 45 Episode T: 83 Reward: 57.152 Cost: 1.000
arrive destination: False ,out of road:True   Total T: 11529 Episode Num: 46 Episode T: 39 Reward: 7.847 Cost: 1.000
arrive destination: False ,out of road:True   Total T: 11579 Episode Num: 47 Episode T: 50 Reward: 17.341 Cost: 1.000
arrive destination: False ,out of road:True   Total T: 11640 Episode Num: 48 Episode T: 61 Reward: 28.720 Cost: 1.000
arrive destination: False ,out of road:True   Total T: 11730 Episode Num: 49 Episode T: 90 Reward: 71.172 Cost: 1.000
arrive destination: False ,out of road:True   Total T: 11793 Episode Num: 50 Episode T: 63 Reward: 33.490 Cost: 1.000
arrive destination: False ,out of road:True   Total T: 11855 Episode Num: 51 Episode T: 62 Reward: 30.669 Cost: 1.000
arrive destination: False ,out of road:True   Total T: 11958 Episode Num: 52 Episode T: 103 Reward: 72.977 Cost: 3.000
arrive destination: False ,out of road:True   Total T: 12046 Episode Num: 53 Episode T: 88 Reward: 55.252 Cost: 1.000
arrive destination: True ,out of road:False   Total T: 12350 Episode Num: 54 Episode T: 304 Reward: 294.071 Cost: 20.000
arrive destination: False ,out of road:True   Total T: 12524 Episode Num: 55 Episode T: 174 Reward: 212.803 Cost: 14.000
arrive destination: False ,out of road:True   Total T: 12569 Episode Num: 56 Episode T: 45 Reward: 10.297 Cost: 1.000
arrive destination: False ,out of road:True   Total T: 12696 Episode Num: 57 Episode T: 127 Reward: 89.236 Cost: 1.000
arrive destination: False ,out of road:True   Total T: 12792 Episode Num: 58 Episode T: 96 Reward: 70.712 Cost: 5.000
arrive destination: False ,out of road:True   Total T: 12833 Episode Num: 59 Episode T: 41 Reward: 8.939 Cost: 1.000
arrive destination: False ,out of road:True   Total T: 12942 Episode Num: 60 Episode T: 109 Reward: 66.649 Cost: 4.000
arrive destination: False ,out of road:True   Total T: 12984 Episode Num: 61 Episode T: 42 Reward: 8.291 Cost: 1.000
arrive destination: False ,out of road:True   Total T: 13167 Episode Num: 62 Episode T: 183 Reward: 209.887 Cost: 2.000
arrive destination: False ,out of road:True   Total T: 13245 Episode Num: 63 Episode T: 78 Reward: 39.760 Cost: 1.000
arrive destination: False ,out of road:True   Total T: 13340 Episode Num: 64 Episode T: 95 Reward: 61.470 Cost: 1.000
arrive destination: False ,out of road:True   Total T: 13536 Episode Num: 65 Episode T: 196 Reward: 56.154 Cost: 40.000
arrive destination: False ,out of road:True   Total T: 13632 Episode Num: 66 Episode T: 96 Reward: 82.819 Cost: 2.000
arrive destination: False ,out of road:True   Total T: 13677 Episode Num: 67 Episode T: 45 Reward: 9.286 Cost: 1.000
arrive destination: False ,out of road:True   Total T: 13751 Episode Num: 68 Episode T: 74 Reward: 37.147 Cost: 1.000
arrive destination: False ,out of road:True   Total T: 13866 Episode Num: 69 Episode T: 115 Reward: 74.430 Cost: 1.000
arrive destination: False ,out of road:True   Total T: 13909 Episode Num: 70 Episode T: 43 Reward: 7.846 Cost: 1.000
arrive destination: False ,out of road:True   Total T: 13975 Episode Num: 71 Episode T: 66 Reward: 26.598 Cost: 1.000
arrive destination: False ,out of road:True   Total T: 14017 Episode Num: 72 Episode T: 42 Reward: 7.236 Cost: 1.000
arrive destination: False ,out of road:True   Total T: 14055 Episode Num: 73 Episode T: 38 Reward: 4.853 Cost: 1.000
arrive destination: False ,out of road:True   Total T: 14146 Episode Num: 74 Episode T: 91 Reward: 60.117 Cost: 1.000
arrive destination: False ,out of road:True   Total T: 14184 Episode Num: 75 Episode T: 38 Reward: 4.975 Cost: 1.000
arrive destination: False ,out of road:True   Total T: 14229 Episode Num: 76 Episode T: 45 Reward: 7.442 Cost: 1.000
arrive destination: False ,out of road:True   Total T: 14282 Episode Num: 77 Episode T: 53 Reward: 22.150 Cost: 1.000
arrive destination: False ,out of road:True   Total T: 14330 Episode Num: 78 Episode T: 48 Reward: 11.674 Cost: 1.000
arrive destination: False ,out of road:True   Total T: 14439 Episode Num: 79 Episode T: 109 Reward: 76.802 Cost: 1.000
arrive destination: False ,out of road:True   Total T: 14559 Episode Num: 80 Episode T: 120 Reward: 92.392 Cost: 2.000
arrive destination: False ,out of road:True   Total T: 14844 Episode Num: 81 Episode T: 285 Reward: 230.495 Cost: 9.000
arrive destination: False ,out of road:True   Total T: 14902 Episode Num: 82 Episode T: 58 Reward: 18.261 Cost: 1.000
arrive destination: False ,out of road:True   Total T: 14965 Episode Num: 83 Episode T: 63 Reward: 26.592 Cost: 1.000
arrive destination: False ,out of road:True   Total T: 15097 Episode Num: 84 Episode T: 132 Reward: 90.054 Cost: 1.000
arrive destination: False ,out of road:True   Total T: 15146 Episode Num: 85 Episode T: 49 Reward: 12.929 Cost: 1.000
arrive destination: False ,out of road:True   Total T: 15265 Episode Num: 86 Episode T: 119 Reward: 104.811 Cost: 4.000
arrive destination: False ,out of road:True   Total T: 15430 Episode Num: 87 Episode T: 165 Reward: 169.453 Cost: 1.000
arrive destination: True ,out of road:False   Total T: 15755 Episode Num: 88 Episode T: 325 Reward: 273.127 Cost: 27.000
arrive destination: False ,out of road:True   Total T: 15857 Episode Num: 89 Episode T: 102 Reward: 89.975 Cost: 1.000
arrive destination: False ,out of road:True   Total T: 15942 Episode Num: 90 Episode T: 85 Reward: 58.075 Cost: 1.000
arrive destination: False ,out of road:True   Total T: 16130 Episode Num: 91 Episode T: 188 Reward: 217.297 Cost: 16.000
arrive destination: False ,out of road:True   Total T: 16318 Episode Num: 92 Episode T: 188 Reward: 192.825 Cost: 14.000
arrive destination: False ,out of road:True   Total T: 16400 Episode Num: 93 Episode T: 82 Reward: 51.719 Cost: 1.000
arrive destination: False ,out of road:True   Total T: 16517 Episode Num: 94 Episode T: 117 Reward: 93.629 Cost: 1.000
arrive destination: False ,out of road:True   Total T: 16736 Episode Num: 95 Episode T: 219 Reward: 183.250 Cost: 42.000
arrive destination: False ,out of road:True   Total T: 17025 Episode Num: 96 Episode T: 289 Reward: 234.753 Cost: 41.000
arrive destination: True ,out of road:False   Total T: 17246 Episode Num: 97 Episode T: 221 Reward: 294.397 Cost: 21.000
arrive destination: False ,out of road:True   Total T: 17339 Episode Num: 98 Episode T: 93 Reward: 77.417 Cost: 5.000
arrive destination: False ,out of road:True   Total T: 17617 Episode Num: 99 Episode T: 278 Reward: 222.676 Cost: 49.000
arrive destination: False ,out of road:True   Total T: 17696 Episode Num: 100 Episode T: 79 Reward: 54.863 Cost: 1.000
arrive destination: False ,out of road:True   Total T: 17921 Episode Num: 101 Episode T: 225 Reward: 216.026 Cost: 30.000
arrive destination: False ,out of road:True   Total T: 18037 Episode Num: 102 Episode T: 116 Reward: 108.077 Cost: 6.000
arrive destination: False ,out of road:True   Total T: 18129 Episode Num: 103 Episode T: 92 Reward: 65.166 Cost: 3.000
arrive destination: False ,out of road:True   Total T: 18335 Episode Num: 104 Episode T: 206 Reward: 229.402 Cost: 5.000
arrive destination: False ,out of road:True   Total T: 18478 Episode Num: 105 Episode T: 143 Reward: 158.691 Cost: 10.000
arrive destination: True ,out of road:False   Total T: 18990 Episode Num: 106 Episode T: 512 Reward: 496.390 Cost: 82.000
arrive destination: False ,out of road:True   Total T: 19273 Episode Num: 107 Episode T: 283 Reward: 227.928 Cost: 52.000
arrive destination: False ,out of road:True   Total T: 19412 Episode Num: 108 Episode T: 139 Reward: 131.106 Cost: 21.000
arrive destination: False ,out of road:True   Total T: 19490 Episode Num: 109 Episode T: 78 Reward: 56.390 Cost: 1.000
arrive destination: False ,out of road:True   Total T: 19781 Episode Num: 110 Episode T: 291 Reward: 317.207 Cost: 29.000
---------------------------------------
Evaluation over 20 episodes: 0.050 Cost 5.050.             SafeRL used : use_recovery
---------------------------------------
[34;1m
Time: 2026-06-30 02:04:12, Time spent from previous logger: 162.321 s[0m
[34;1mCustomLogger with fileds: ['total_steps', 'EpRet', 'EpCost', 'CostRate'][0m
[34;1mfieldvalues: [20000, 0.05, 5.05, 0.03300165008250412]
[0m
arrive destination: True ,out of road:False   Total T: 20391 Episode Num: 111 Episode T: 610 Reward: 594.229 Cost: 68.000
arrive destination: False ,out of road:True   Total T: 20823 Episode Num: 112 Episode T: 432 Reward: 344.035 Cost: 62.000
arrive destination: True ,out of road:False   Total T: 21060 Episode Num: 113 Episode T: 237 Reward: 293.933 Cost: 17.000
arrive destination: False ,out of road:True   Total T: 21154 Episode Num: 114 Episode T: 94 Reward: 77.871 Cost: 1.000
arrive destination: True ,out of road:False   Total T: 21449 Episode Num: 115 Episode T: 295 Reward: 265.578 Cost: 45.000
arrive destination: True ,out of road:False   Total T: 21898 Episode Num: 116 Episode T: 449 Reward: 402.716 Cost: 74.000
arrive destination: False ,out of road:True   Total T: 22062 Episode Num: 117 Episode T: 164 Reward: 161.664 Cost: 3.000
arrive destination: False ,out of road:True   Total T: 22162 Episode Num: 118 Episode T: 100 Reward: 97.512 Cost: 1.000
arrive destination: False ,out of road:True   Total T: 22427 Episode Num: 119 Episode T: 265 Reward: 286.975 Cost: 40.000
arrive destination: True ,out of road:False   Total T: 22625 Episode Num: 120 Episode T: 198 Reward: 269.606 Cost: 1.000
arrive destination: True ,out of road:False   Total T: 22921 Episode Num: 121 Episode T: 296 Reward: 268.291 Cost: 40.000
arrive destination: False ,out of road:True   Total T: 23002 Episode Num: 122 Episode T: 81 Reward: 58.152 Cost: 1.000
arrive destination: True ,out of road:False   Total T: 23264 Episode Num: 123 Episode T: 262 Reward: 290.098 Cost: 36.000
arrive destination: True ,out of road:False   Total T: 23594 Episode Num: 124 Episode T: 330 Reward: 272.895 Cost: 33.000
arrive destination: True ,out of road:False   Total T: 24165 Episode Num: 125 Episode T: 571 Reward: 495.011 Cost: 61.000
arrive destination: False ,out of road:True   Total T: 24289 Episode Num: 126 Episode T: 124 Reward: 133.772 Cost: 1.000
arrive destination: True ,out of road:False   Total T: 24537 Episode Num: 127 Episode T: 248 Reward: 233.415 Cost: 14.000
arrive destination: True ,out of road:False   Total T: 24801 Episode Num: 128 Episode T: 264 Reward: 289.104 Cost: 39.000
arrive destination: True ,out of road:False   Total T: 25255 Episode Num: 129 Episode T: 454 Reward: 469.660 Cost: 30.000
arrive destination: False ,out of road:True   Total T: 25388 Episode Num: 130 Episode T: 133 Reward: 136.850 Cost: 5.000
arrive destination: True ,out of road:False   Total T: 25954 Episode Num: 131 Episode T: 566 Reward: 419.927 Cost: 36.000
arrive destination: True ,out of road:False   Total T: 26422 Episode Num: 132 Episode T: 468 Reward: 403.184 Cost: 36.000
arrive destination: False ,out of road:True   Total T: 26503 Episode Num: 133 Episode T: 81 Reward: 59.417 Cost: 1.000
arrive destination: False ,out of road:True   Total T: 26636 Episode Num: 134 Episode T: 133 Reward: 120.128 Cost: 6.000
arrive destination: False ,out of road:True   Total T: 26729 Episode Num: 135 Episode T: 93 Reward: 68.591 Cost: 3.000
arrive destination: True ,out of road:False   Total T: 26915 Episode Num: 136 Episode T: 186 Reward: 270.047 Cost: 7.000
arrive destination: True ,out of road:False   Total T: 27163 Episode Num: 137 Episode T: 248 Reward: 288.927 Cost: 22.000
arrive destination: True ,out of road:False   Total T: 27344 Episode Num: 138 Episode T: 181 Reward: 269.749 Cost: 7.000
arrive destination: False ,out of road:True   Total T: 27619 Episode Num: 139 Episode T: 275 Reward: 227.022 Cost: 27.000
arrive destination: False ,out of road:True   Total T: 27844 Episode Num: 140 Episode T: 225 Reward: 221.795 Cost: 15.000
arrive destination: False ,out of road:True   Total T: 27963 Episode Num: 141 Episode T: 119 Reward: 133.113 Cost: 1.000
arrive destination: False ,out of road:True   Total T: 28182 Episode Num: 142 Episode T: 219 Reward: 225.986 Cost: 4.000
arrive destination: True ,out of road:False   Total T: 28459 Episode Num: 143 Episode T: 277 Reward: 335.922 Cost: 31.000
arrive destination: False ,out of road:True   Total T: 28586 Episode Num: 144 Episode T: 127 Reward: 133.759 Cost: 2.000
arrive destination: False ,out of road:True   Total T: 28669 Episode Num: 145 Episode T: 83 Reward: 62.256 Cost: 1.000
arrive destination: True ,out of road:False   Total T: 29287 Episode Num: 146 Episode T: 618 Reward: 417.969 Cost: 67.000
arrive destination: False ,out of road:True   Total T: 29445 Episode Num: 147 Episode T: 158 Reward: 126.974 Cost: 14.000
arrive destination: True ,out of road:False   Total T: 29636 Episode Num: 148 Episode T: 191 Reward: 269.846 Cost: 2.000
---------------------------------------
Evaluation over 20 episodes: 0.300 Cost 8.400.             SafeRL used : use_recovery
---------------------------------------
[34;1m
Time: 2026-06-30 02:07:03, Time spent from previous logger: 171.095 s[0m
[34;1mCustomLogger with fileds: ['total_steps', 'EpRet', 'EpCost', 'CostRate'][0m
[34;1mfieldvalues: [30000, 0.3, 8.4, 0.050668355611853726]
[0m
arrive destination: True ,out of road:False   Total T: 30290 Episode Num: 149 Episode T: 654 Reward: 678.856 Cost: 49.000
arrive destination: True ,out of road:False   Total T: 30545 Episode Num: 150 Episode T: 255 Reward: 294.726 Cost: 16.000
arrive destination: False ,out of road:True   Total T: 30738 Episode Num: 151 Episode T: 193 Reward: 234.743 Cost: 2.000
arrive destination: False ,out of road:True   Total T: 30851 Episode Num: 152 Episode T: 113 Reward: 107.155 Cost: 4.000
arrive destination: True ,out of road:False   Total T: 31148 Episode Num: 153 Episode T: 297 Reward: 267.535 Cost: 10.000
arrive destination: False ,out of road:True   Total T: 31258 Episode Num: 154 Episode T: 110 Reward: 102.345 Cost: 3.000
arrive destination: False ,out of road:True   Total T: 31368 Episode Num: 155 Episode T: 110 Reward: 102.788 Cost: 9.000
arrive destination: False ,out of road:True   Total T: 31621 Episode Num: 156 Episode T: 253 Reward: 190.067 Cost: 20.000
arrive destination: False ,out of road:True   Total T: 31879 Episode Num: 157 Episode T: 258 Reward: 212.526 Cost: 14.000
arrive destination: True ,out of road:False   Total T: 32183 Episode Num: 158 Episode T: 304 Reward: 267.501 Cost: 7.000
arrive destination: False ,out of road:True   Total T: 32465 Episode Num: 159 Episode T: 282 Reward: 223.582 Cost: 19.000
arrive destination: True ,out of road:False   Total T: 32723 Episode Num: 160 Episode T: 258 Reward: 295.933 Cost: 22.000
arrive destination: False ,out of road:True   Total T: 32844 Episode Num: 161 Episode T: 121 Reward: 132.839 Cost: 1.000
arrive destination: True ,out of road:False   Total T: 33169 Episode Num: 162 Episode T: 325 Reward: 397.322 Cost: 38.000
arrive destination: True ,out of road:False   Total T: 33426 Episode Num: 163 Episode T: 257 Reward: 294.850 Cost: 5.000
arrive destination: False ,out of road:True   Total T: 33507 Episode Num: 164 Episode T: 81 Reward: 54.641 Cost: 1.000
arrive destination: False ,out of road:True   Total T: 33628 Episode Num: 165 Episode T: 121 Reward: 131.027 Cost: 4.000
arrive destination: True ,out of road:False   Total T: 33930 Episode Num: 166 Episode T: 302 Reward: 266.861 Cost: 8.000
arrive destination: True ,out of road:False   Total T: 34187 Episode Num: 167 Episode T: 257 Reward: 294.761 Cost: 16.000
arrive destination: False ,out of road:True   Total T: 34384 Episode Num: 168 Episode T: 197 Reward: 176.922 Cost: 14.000
arrive destination: False ,out of road:True   Total T: 34494 Episode Num: 169 Episode T: 110 Reward: 103.199 Cost: 3.000
arrive destination: False ,out of road:True   Total T: 34574 Episode Num: 170 Episode T: 80 Reward: 56.259 Cost: 1.000
arrive destination: True ,out of road:False   Total T: 34751 Episode Num: 171 Episode T: 177 Reward: 268.167 Cost: 3.000
arrive destination: False ,out of road:True   Total T: 34871 Episode Num: 172 Episode T: 120 Reward: 131.034 Cost: 1.000
arrive destination: True ,out of road:False   Total T: 35165 Episode Num: 173 Episode T: 294 Reward: 360.022 Cost: 4.000
arrive destination: True ,out of road:False   Total T: 35458 Episode Num: 174 Episode T: 293 Reward: 268.497 Cost: 10.000
arrive destination: False ,out of road:True   Total T: 35641 Episode Num: 175 Episode T: 183 Reward: 169.818 Cost: 12.000
arrive destination: True ,out of road:False   Total T: 35974 Episode Num: 176 Episode T: 333 Reward: 336.051 Cost: 20.000
arrive destination: True ,out of road:False   Total T: 36350 Episode Num: 177 Episode T: 376 Reward: 335.827 Cost: 27.000
arrive destination: True ,out of road:False   Total T: 36656 Episode Num: 178 Episode T: 306 Reward: 267.114 Cost: 16.000
arrive destination: False ,out of road:True   Total T: 36855 Episode Num: 179 Episode T: 199 Reward: 179.059 Cost: 16.000
arrive destination: False ,out of road:True   Total T: 36979 Episode Num: 180 Episode T: 124 Reward: 129.116 Cost: 7.000
arrive destination: False ,out of road:True   Total T: 37197 Episode Num: 181 Episode T: 218 Reward: 181.124 Cost: 14.000
arrive destination: False ,out of road:True   Total T: 37279 Episode Num: 182 Episode T: 82 Reward: 61.440 Cost: 1.000
arrive destination: False ,out of road:True   Total T: 37389 Episode Num: 183 Episode T: 110 Reward: 107.398 Cost: 1.000
arrive destination: True ,out of road:False   Total T: 37690 Episode Num: 184 Episode T: 301 Reward: 264.372 Cost: 25.000
arrive destination: False ,out of road:True   Total T: 37913 Episode Num: 185 Episode T: 223 Reward: 214.269 Cost: 6.000
arrive destination: False ,out of road:True   Total T: 37994 Episode Num: 186 Episode T: 81 Reward: 57.336 Cost: 1.000
arrive destination: True ,out of road:False   Total T: 38307 Episode Num: 187 Episode T: 313 Reward: 261.832 Cost: 22.000
arrive destination: True ,out of road:False   Total T: 38566 Episode Num: 188 Episode T: 259 Reward: 285.321 Cost: 26.000
arrive destination: False ,out of road:True   Total T: 38646 Episode Num: 189 Episode T: 80 Reward: 55.875 Cost: 1.000
arrive destination: False ,out of road:True   Total T: 38747 Episode Num: 190 Episode T: 101 Reward: 82.726 Cost: 4.000
arrive destination: False ,out of road:True   Total T: 38963 Episode Num: 191 Episode T: 216 Reward: 235.495 Cost: 3.000
arrive destination: False ,out of road:True   Total T: 39171 Episode Num: 192 Episode T: 208 Reward: 179.951 Cost: 14.000
arrive destination: False ,out of road:True   Total T: 39439 Episode Num: 193 Episode T: 268 Reward: 183.388 Cost: 9.000
arrive destination: False ,out of road:True   Total T: 39645 Episode Num: 194 Episode T: 206 Reward: 144.234 Cost: 8.000
arrive destination: True ,out of road:False   Total T: 39996 Episode Num: 195 Episode T: 351 Reward: 335.925 Cost: 17.000
---------------------------------------
Evaluation over 20 episodes: 0.300 Cost 13.650.             SafeRL used : use_recovery
---------------------------------------
[34;1m
Time: 2026-06-30 02:09:53, Time spent from previous logger: 169.858 s[0m
[34;1mCustomLogger with fileds: ['total_steps', 'EpRet', 'EpCost', 'CostRate'][0m
[34;1mfieldvalues: [40000, 0.3, 13.65, 0.05045126128153204]
[0m
arrive destination: True ,out of road:False   Total T: 40268 Episode Num: 196 Episode T: 272 Reward: 295.232 Cost: 10.000
arrive destination: False ,out of road:True   Total T: 40511 Episode Num: 197 Episode T: 243 Reward: 181.182 Cost: 13.000
arrive destination: False ,out of road:True   Total T: 40615 Episode Num: 198 Episode T: 104 Reward: 89.276 Cost: 7.000
arrive destination: True ,out of road:False   Total T: 40968 Episode Num: 199 Episode T: 353 Reward: 368.789 Cost: 24.000
arrive destination: False ,out of road:True   Total T: 41051 Episode Num: 200 Episode T: 83 Reward: 58.678 Cost: 1.000
arrive destination: True ,out of road:False   Total T: 41387 Episode Num: 201 Episode T: 336 Reward: 335.901 Cost: 23.000
arrive destination: False ,out of road:True   Total T: 41578 Episode Num: 202 Episode T: 191 Reward: 235.247 Cost: 1.000
arrive destination: False ,out of road:True   Total T: 41663 Episode Num: 203 Episode T: 85 Reward: 56.794 Cost: 1.000
arrive destination: True ,out of road:False   Total T: 41922 Episode Num: 204 Episode T: 259 Reward: 294.309 Cost: 21.000
arrive destination: True ,out of road:False   Total T: 42174 Episode Num: 205 Episode T: 252 Reward: 233.790 Cost: 23.000
arrive destination: False ,out of road:True   Total T: 42312 Episode Num: 206 Episode T: 138 Reward: 145.221 Cost: 3.000
arrive destination: True ,out of road:False   Total T: 42558 Episode Num: 207 Episode T: 246 Reward: 232.358 Cost: 28.000
arrive destination: False ,out of road:True   Total T: 42748 Episode Num: 208 Episode T: 190 Reward: 236.331 Cost: 1.000
arrive destination: False ,out of road:True   Total T: 42871 Episode Num: 209 Episode T: 123 Reward: 108.399 Cost: 14.000
arrive destination: False ,out of road:True   Total T: 43123 Episode Num: 210 Episode T: 252 Reward: 262.137 Cost: 29.000
arrive destination: False ,out of road:True   Total T: 43204 Episode Num: 211 Episode T: 81 Reward: 55.944 Cost: 1.000
arrive destination: False ,out of road:True   Total T: 43355 Episode Num: 212 Episode T: 151 Reward: 173.532 Cost: 1.000
arrive destination: False ,out of road:False   Total T: 44355 Episode Num: 213 Episode T: 1000 Reward: 109.508 Cost: 1.000
arrive destination: False ,out of road:False   Total T: 45355 Episode Num: 214 Episode T: 1000 Reward: 123.542 Cost: 12.000
arrive destination: True ,out of road:False   Total T: 45614 Episode Num: 215 Episode T: 259 Reward: 294.713 Cost: 5.000
arrive destination: False ,out of road:False   Total T: 46614 Episode Num: 216 Episode T: 1000 Reward: 46.289 Cost: 0.000
arrive destination: False ,out of road:False   Total T: 47614 Episode Num: 217 Episode T: 1000 Reward: 169.873 Cost: 27.000
arrive destination: False ,out of road:False   Total T: 48614 Episode Num: 218 Episode T: 1000 Reward: 112.538 Cost: 4.000
arrive destination: True ,out of road:False   Total T: 48853 Episode Num: 219 Episode T: 239 Reward: 244.760 Cost: 0.000
arrive destination: False ,out of road:True   Total T: 48951 Episode Num: 220 Episode T: 98 Reward: 65.017 Cost: 1.000
arrive destination: True ,out of road:False   Total T: 49364 Episode Num: 221 Episode T: 413 Reward: 395.985 Cost: 21.000
---------------------------------------
Evaluation over 20 episodes: 0.350 Cost 9.250.             SafeRL used : use_recovery
---------------------------------------
[34;1m
Time: 2026-06-30 02:12:48, Time spent from previous logger: 174.698 s[0m
[34;1mCustomLogger with fileds: ['total_steps', 'EpRet', 'EpCost', 'CostRate'][0m
[34;1mfieldvalues: [50000, 0.35, 9.25, 0.04580091601832036]
[0m
arrive destination: True ,out of road:False   Total T: 50255 Episode Num: 222 Episode T: 891 Reward: 439.995 Cost: 25.000
arrive destination: False ,out of road:True   Total T: 50348 Episode Num: 223 Episode T: 93 Reward: 77.136 Cost: 4.000
arrive destination: False ,out of road:True   Total T: 50532 Episode Num: 224 Episode T: 184 Reward: 123.418 Cost: 10.000
arrive destination: True ,out of road:False   Total T: 50865 Episode Num: 225 Episode T: 333 Reward: 232.885 Cost: 8.000
arrive destination: True ,out of road:False   Total T: 51077 Episode Num: 226 Episode T: 212 Reward: 283.727 Cost: 0.000
arrive destination: False ,out of road:False   Total T: 52077 Episode Num: 227 Episode T: 1000 Reward: 70.237 Cost: 0.000
arrive destination: False ,out of road:False   Total T: 53077 Episode Num: 228 Episode T: 1000 Reward: 159.619 Cost: 11.000
arrive destination: True ,out of road:False   Total T: 53342 Episode Num: 229 Episode T: 265 Reward: 283.955 Cost: 20.000
arrive destination: False ,out of road:True   Total T: 53540 Episode Num: 230 Episode T: 198 Reward: 163.894 Cost: 6.000
arrive destination: True ,out of road:False   Total T: 53784 Episode Num: 231 Episode T: 244 Reward: 231.801 Cost: 13.000
arrive destination: False ,out of road:True   Total T: 54241 Episode Num: 232 Episode T: 457 Reward: 279.790 Cost: 30.000
arrive destination: True ,out of road:False   Total T: 54624 Episode Num: 233 Episode T: 383 Reward: 356.958 Cost: 19.000
arrive destination: True ,out of road:False   Total T: 55548 Episode Num: 234 Episode T: 924 Reward: 242.390 Cost: 0.000
arrive destination: False ,out of road:False   Total T: 56548 Episode Num: 235 Episode T: 1000 Reward: 46.149 Cost: 0.000
arrive destination: False ,out of road:False   Total T: 57548 Episode Num: 236 Episode T: 1000 Reward: 166.029 Cost: 0.000
arrive destination: False ,out of road:False   Total T: 58548 Episode Num: 237 Episode T: 1000 Reward: 66.663 Cost: 0.000
arrive destination: False ,out of road:False   Total T: 59548 Episode Num: 238 Episode T: 1000 Reward: 186.626 Cost: 0.000
arrive destination: True ,out of road:False   Total T: 59796 Episode Num: 239 Episode T: 248 Reward: 243.200 Cost: 12.000
arrive destination: False ,out of road:True   Total T: 59951 Episode Num: 240 Episode T: 155 Reward: 116.242 Cost: 13.000
---------------------------------------
Evaluation over 20 episodes: 0.500 Cost 10.550.             SafeRL used : use_recovery
---------------------------------------
[34;1m
Time: 2026-06-30 02:15:32, Time spent from previous logger: 163.946 s[0m
[34;1mCustomLogger with fileds: ['total_steps', 'EpRet', 'EpCost', 'CostRate'][0m
[34;1mfieldvalues: [60000, 0.5, 10.55, 0.041017350289171486]
[0m
arrive destination: False ,out of road:True   Total T: 60300 Episode Num: 241 Episode T: 349 Reward: 74.556 Cost: 1.000
arrive destination: True ,out of road:False   Total T: 60662 Episode Num: 242 Episode T: 362 Reward: 273.079 Cost: 14.000
arrive destination: False ,out of road:False   Total T: 61662 Episode Num: 243 Episode T: 1000 Reward: 187.304 Cost: 0.000
arrive destination: False ,out of road:False   Total T: 62662 Episode Num: 244 Episode T: 1000 Reward: 247.506 Cost: 40.000
arrive destination: False ,out of road:False   Total T: 63662 Episode Num: 245 Episode T: 1000 Reward: 81.887 Cost: 4.000
arrive destination: False ,out of road:True   Total T: 63765 Episode Num: 246 Episode T: 103 Reward: 77.180 Cost: 5.000
arrive destination: True ,out of road:False   Total T: 63946 Episode Num: 247 Episode T: 181 Reward: 268.759 Cost: 0.000
arrive destination: False ,out of road:True   Total T: 64160 Episode Num: 248 Episode T: 214 Reward: 223.213 Cost: 21.000
arrive destination: False ,out of road:True   Total T: 64293 Episode Num: 249 Episode T: 133 Reward: 137.638 Cost: 3.000
arrive destination: False ,out of road:False   Total T: 65293 Episode Num: 250 Episode T: 1000 Reward: 180.593 Cost: 0.000
arrive destination: True ,out of road:False   Total T: 65788 Episode Num: 251 Episode T: 495 Reward: 510.362 Cost: 62.000
arrive destination: False ,out of road:True   Total T: 65994 Episode Num: 252 Episode T: 206 Reward: 191.895 Cost: 20.000
arrive destination: True ,out of road:False   Total T: 66303 Episode Num: 253 Episode T: 309 Reward: 264.936 Cost: 22.000
arrive destination: True ,out of road:False   Total T: 66578 Episode Num: 254 Episode T: 275 Reward: 294.720 Cost: 17.000
arrive destination: False ,out of road:True   Total T: 67048 Episode Num: 255 Episode T: 470 Reward: 259.957 Cost: 35.000
arrive destination: True ,out of road:False   Total T: 67637 Episode Num: 256 Episode T: 589 Reward: 393.997 Cost: 12.000
arrive destination: True ,out of road:False   Total T: 67910 Episode Num: 257 Episode T: 273 Reward: 335.945 Cost: 10.000
arrive destination: False ,out of road:True   Total T: 68064 Episode Num: 258 Episode T: 154 Reward: 123.512 Cost: 7.000
arrive destination: False ,out of road:True   Total T: 68285 Episode Num: 259 Episode T: 221 Reward: 201.778 Cost: 18.000
arrive destination: True ,out of road:False   Total T: 68541 Episode Num: 260 Episode T: 256 Reward: 296.064 Cost: 7.000
arrive destination: False ,out of road:True   Total T: 68888 Episode Num: 261 Episode T: 347 Reward: 358.552 Cost: 4.000
arrive destination: True ,out of road:False   Total T: 69165 Episode Num: 262 Episode T: 277 Reward: 271.385 Cost: 22.000
---------------------------------------
Evaluation over 20 episodes: 0.450 Cost 13.900.             SafeRL used : use_recovery
---------------------------------------
[34;1m
Time: 2026-06-30 02:18:26, Time spent from previous logger: 174.150 s[0m
[34;1mCustomLogger with fileds: ['total_steps', 'EpRet', 'EpCost', 'CostRate'][0m
[34;1mfieldvalues: [70000, 0.45, 13.9, 0.03987199817140245]
[0m
arrive destination: False ,out of road:False   Total T: 70165 Episode Num: 263 Episode T: 1000 Reward: 255.614 Cost: 18.000
arrive destination: True ,out of road:False   Total T: 70552 Episode Num: 264 Episode T: 387 Reward: 358.584 Cost: 30.000
arrive destination: False ,out of road:True   Total T: 70759 Episode Num: 265 Episode T: 207 Reward: 167.517 Cost: 9.000
arrive destination: False ,out of road:True   Total T: 70859 Episode Num: 266 Episode T: 100 Reward: 76.843 Cost: 5.000
arrive destination: False ,out of road:True   Total T: 70995 Episode Num: 267 Episode T: 136 Reward: 125.387 Cost: 5.000
arrive destination: False ,out of road:True   Total T: 71131 Episode Num: 268 Episode T: 136 Reward: 115.467 Cost: 12.000
arrive destination: True ,out of road:False   Total T: 71376 Episode Num: 269 Episode T: 245 Reward: 242.759 Cost: 0.000
arrive destination: True ,out of road:False   Total T: 71624 Episode Num: 270 Episode T: 248 Reward: 335.926 Cost: 3.000
arrive destination: True ,out of road:False   Total T: 71798 Episode Num: 271 Episode T: 174 Reward: 269.492 Cost: 0.000
arrive destination: False ,out of road:True   Total T: 71905 Episode Num: 272 Episode T: 107 Reward: 82.484 Cost: 6.000
arrive destination: True ,out of road:False   Total T: 72148 Episode Num: 273 Episode T: 243 Reward: 295.686 Cost: 10.000
arrive destination: True ,out of road:False   Total T: 72396 Episode Num: 274 Episode T: 248 Reward: 233.221 Cost: 19.000
arrive destination: True ,out of road:False   Total T: 73223 Episode Num: 275 Episode T: 827 Reward: 373.935 Cost: 20.000
arrive destination: True ,out of road:False   Total T: 73485 Episode Num: 276 Episode T: 262 Reward: 307.444 Cost: 29.000
arrive destination: False ,out of road:True   Total T: 73588 Episode Num: 277 Episode T: 103 Reward: 77.495 Cost: 5.000
arrive destination: True ,out of road:False   Total T: 73763 Episode Num: 278 Episode T: 175 Reward: 268.306 Cost: 0.000
arrive destination: False ,out of road:True   Total T: 74340 Episode Num: 279 Episode T: 577 Reward: 471.469 Cost: 77.000
arrive destination: True ,out of road:False   Total T: 74752 Episode Num: 280 Episode T: 412 Reward: 353.837 Cost: 32.000
arrive destination: True ,out of road:False   Total T: 75257 Episode Num: 281 Episode T: 505 Reward: 500.588 Cost: 47.000
arrive destination: True ,out of road:False   Total T: 75666 Episode Num: 282 Episode T: 409 Reward: 379.101 Cost: 49.000
arrive destination: True ,out of road:False   Total T: 75931 Episode Num: 283 Episode T: 265 Reward: 286.123 Cost: 9.000
arrive destination: False ,out of road:True   Total T: 76295 Episode Num: 284 Episode T: 364 Reward: 204.029 Cost: 1.000
arrive destination: True ,out of road:False   Total T: 76943 Episode Num: 285 Episode T: 648 Reward: 277.952 Cost: 2.000
arrive destination: True ,out of road:False   Total T: 77206 Episode Num: 286 Episode T: 263 Reward: 286.590 Cost: 17.000
arrive destination: True ,out of road:False   Total T: 77767 Episode Num: 287 Episode T: 561 Reward: 500.878 Cost: 57.000
arrive destination: True ,out of road:False   Total T: 78021 Episode Num: 288 Episode T: 254 Reward: 278.312 Cost: 0.000
arrive destination: False ,out of road:True   Total T: 78236 Episode Num: 289 Episode T: 215 Reward: 255.702 Cost: 4.000
arrive destination: True ,out of road:False   Total T: 78495 Episode Num: 290 Episode T: 259 Reward: 287.105 Cost: 26.000
arrive destination: True ,out of road:False   Total T: 79062 Episode Num: 291 Episode T: 567 Reward: 501.382 Cost: 45.000
arrive destination: False ,out of road:True   Total T: 79142 Episode Num: 292 Episode T: 80 Reward: 55.293 Cost: 1.000
arrive destination: True ,out of road:False   Total T: 79589 Episode Num: 293 Episode T: 447 Reward: 401.941 Cost: 48.000
---------------------------------------
Evaluation over 20 episodes: 0.300 Cost 16.300.             SafeRL used : use_recovery
---------------------------------------
[34;1m
Time: 2026-06-30 02:21:26, Time spent from previous logger: 180.089 s[0m
[34;1mCustomLogger with fileds: ['total_steps', 'EpRet', 'EpCost', 'CostRate'][0m
[34;1mfieldvalues: [80000, 0.3, 16.3, 0.04255053188164852]
[0m
arrive destination: True ,out of road:False   Total T: 80245 Episode Num: 294 Episode T: 656 Reward: 579.948 Cost: 54.000
arrive destination: False ,out of road:True   Total T: 80537 Episode Num: 295 Episode T: 292 Reward: 222.468 Cost: 20.000
arrive destination: True ,out of road:False   Total T: 80786 Episode Num: 296 Episode T: 249 Reward: 244.229 Cost: 13.000
arrive destination: True ,out of road:False   Total T: 81118 Episode Num: 297 Episode T: 332 Reward: 335.645 Cost: 15.000
arrive destination: False ,out of road:True   Total T: 81288 Episode Num: 298 Episode T: 170 Reward: 173.216 Cost: 1.000
arrive destination: True ,out of road:False   Total T: 81573 Episode Num: 299 Episode T: 285 Reward: 303.934 Cost: 14.000
arrive destination: False ,out of road:False   Total T: 82573 Episode Num: 300 Episode T: 1000 Reward: 112.393 Cost: 5.000
arrive destination: True ,out of road:False   Total T: 82823 Episode Num: 301 Episode T: 250 Reward: 304.217 Cost: 20.000
arrive destination: True ,out of road:False   Total T: 83090 Episode Num: 302 Episode T: 267 Reward: 298.182 Cost: 16.000
arrive destination: False ,out of road:True   Total T: 83547 Episode Num: 303 Episode T: 457 Reward: 239.842 Cost: 19.000
arrive destination: False ,out of road:True   Total T: 83651 Episode Num: 304 Episode T: 104 Reward: 79.256 Cost: 2.000
arrive destination: True ,out of road:False   Total T: 83914 Episode Num: 305 Episode T: 263 Reward: 294.488 Cost: 13.000
arrive destination: True ,out of road:False   Total T: 84491 Episode Num: 306 Episode T: 577 Reward: 420.361 Cost: 42.000
arrive destination: True ,out of road:False   Total T: 85126 Episode Num: 307 Episode T: 635 Reward: 511.669 Cost: 46.000
arrive destination: False ,out of road:True   Total T: 85250 Episode Num: 308 Episode T: 124 Reward: 124.608 Cost: 9.000
arrive destination: True ,out of road:False   Total T: 85522 Episode Num: 309 Episode T: 272 Reward: 271.975 Cost: 6.000
arrive destination: True ,out of road:False   Total T: 85699 Episode Num: 310 Episode T: 177 Reward: 268.851 Cost: 0.000
arrive destination: True ,out of road:False   Total T: 85948 Episode Num: 311 Episode T: 249 Reward: 234.490 Cost: 7.000
arrive destination: False ,out of road:True   Total T: 86154 Episode Num: 312 Episode T: 206 Reward: 192.552 Cost: 16.000
arrive destination: True ,out of road:False   Total T: 86425 Episode Num: 313 Episode T: 271 Reward: 274.552 Cost: 9.000
arrive destination: True ,out of road:False   Total T: 86697 Episode Num: 314 Episode T: 272 Reward: 296.090 Cost: 20.000
arrive destination: False ,out of road:True   Total T: 87043 Episode Num: 315 Episode T: 346 Reward: 350.402 Cost: 8.000
arrive destination: True ,out of road:False   Total T: 87277 Episode Num: 316 Episode T: 234 Reward: 243.269 Cost: 0.000
arrive destination: True ,out of road:False   Total T: 87556 Episode Num: 317 Episode T: 279 Reward: 266.231 Cost: 9.000
arrive destination: False ,out of road:True   Total T: 87808 Episode Num: 318 Episode T: 252 Reward: 188.984 Cost: 10.000
arrive destination: True ,out of road:False   Total T: 88060 Episode Num: 319 Episode T: 252 Reward: 295.843 Cost: 22.000
arrive destination: False ,out of road:True   Total T: 88221 Episode Num: 320 Episode T: 161 Reward: 166.753 Cost: 13.000
arrive destination: False ,out of road:True   Total T: 88321 Episode Num: 321 Episode T: 100 Reward: 77.575 Cost: 5.000
arrive destination: False ,out of road:True   Total T: 88528 Episode Num: 322 Episode T: 207 Reward: 166.432 Cost: 21.000
arrive destination: True ,out of road:False   Total T: 88778 Episode Num: 323 Episode T: 250 Reward: 246.213 Cost: 0.000
arrive destination: True ,out of road:False   Total T: 89079 Episode Num: 324 Episode T: 301 Reward: 265.842 Cost: 10.000
arrive destination: False ,out of road:True   Total T: 89322 Episode Num: 325 Episode T: 243 Reward: 221.845 Cost: 1.000
arrive destination: False ,out of road:True   Total T: 89653 Episode Num: 326 Episode T: 331 Reward: 188.871 Cost: 1.000
---------------------------------------
Evaluation over 20 episodes: 0.400 Cost 13.800.             SafeRL used : use_recovery
---------------------------------------
[34;1m
Time: 2026-06-30 02:24:26, Time spent from previous logger: 180.314 s[0m
[34;1mCustomLogger with fileds: ['total_steps', 'EpRet', 'EpCost', 'CostRate'][0m
[34;1mfieldvalues: [90000, 0.4, 13.8, 0.042422693585484283]
[0m
arrive destination: True ,out of road:False   Total T: 90264 Episode Num: 327 Episode T: 611 Reward: 623.863 Cost: 29.000
arrive destination: True ,out of road:False   Total T: 90533 Episode Num: 328 Episode T: 269 Reward: 295.155 Cost: 15.000
arrive destination: True ,out of road:False   Total T: 90786 Episode Num: 329 Episode T: 253 Reward: 305.437 Cost: 19.000
arrive destination: True ,out of road:False   Total T: 91280 Episode Num: 330 Episode T: 494 Reward: 409.459 Cost: 45.000
arrive destination: True ,out of road:False   Total T: 91649 Episode Num: 331 Episode T: 369 Reward: 359.851 Cost: 56.000
arrive destination: False ,out of road:True   Total T: 91890 Episode Num: 332 Episode T: 241 Reward: 170.835 Cost: 4.000
arrive destination: True ,out of road:False   Total T: 92195 Episode Num: 333 Episode T: 305 Reward: 295.993 Cost: 20.000
arrive destination: False ,out of road:True   Total T: 92408 Episode Num: 334 Episode T: 213 Reward: 232.590 Cost: 3.000
arrive destination: True ,out of road:False   Total T: 92644 Episode Num: 335 Episode T: 236 Reward: 295.717 Cost: 11.000
arrive destination: True ,out of road:False   Total T: 92913 Episode Num: 336 Episode T: 269 Reward: 287.838 Cost: 29.000
arrive destination: True ,out of road:False   Total T: 93092 Episode Num: 337 Episode T: 179 Reward: 269.204 Cost: 0.000
arrive destination: True ,out of road:False   Total T: 93347 Episode Num: 338 Episode T: 255 Reward: 294.463 Cost: 20.000
arrive destination: True ,out of road:False   Total T: 93718 Episode Num: 339 Episode T: 371 Reward: 372.703 Cost: 51.000
arrive destination: True ,out of road:False   Total T: 93894 Episode Num: 340 Episode T: 176 Reward: 269.001 Cost: 0.000
arrive destination: True ,out of road:False   Total T: 94317 Episode Num: 341 Episode T: 423 Reward: 369.895 Cost: 32.000
arrive destination: True ,out of road:False   Total T: 94567 Episode Num: 342 Episode T: 250 Reward: 334.687 Cost: 1.000
arrive destination: True ,out of road:False   Total T: 95120 Episode Num: 343 Episode T: 553 Reward: 508.191 Cost: 39.000
arrive destination: True ,out of road:False   Total T: 95391 Episode Num: 344 Episode T: 271 Reward: 287.442 Cost: 20.000
arrive destination: False ,out of road:True   Total T: 95692 Episode Num: 345 Episode T: 301 Reward: 228.256 Cost: 16.000
arrive destination: True ,out of road:False   Total T: 96089 Episode Num: 346 Episode T: 397 Reward: 268.827 Cost: 47.000
arrive destination: False ,out of road:True   Total T: 96291 Episode Num: 347 Episode T: 202 Reward: 233.497 Cost: 1.000
arrive destination: True ,out of road:False   Total T: 96552 Episode Num: 348 Episode T: 261 Reward: 294.140 Cost: 18.000
arrive destination: True ,out of road:False   Total T: 96938 Episode Num: 349 Episode T: 386 Reward: 361.191 Cost: 11.000
arrive destination: True ,out of road:False   Total T: 97245 Episode Num: 350 Episode T: 307 Reward: 274.352 Cost: 9.000
arrive destination: False ,out of road:True   Total T: 97521 Episode Num: 351 Episode T: 276 Reward: 226.334 Cost: 25.000
arrive destination: True ,out of road:False   Total T: 97768 Episode Num: 352 Episode T: 247 Reward: 233.159 Cost: 25.000
arrive destination: True ,out of road:False   Total T: 98272 Episode Num: 353 Episode T: 504 Reward: 373.325 Cost: 56.000
arrive destination: True ,out of road:False   Total T: 98787 Episode Num: 354 Episode T: 515 Reward: 233.412 Cost: 15.000
arrive destination: True ,out of road:False   Total T: 99254 Episode Num: 355 Episode T: 467 Reward: 379.295 Cost: 55.000
arrive destination: True ,out of road:False   Total T: 99750 Episode Num: 356 Episode T: 496 Reward: 408.235 Cost: 48.000
---------------------------------------
Evaluation over 20 episodes: 0.600 Cost 24.850.             SafeRL used : use_recovery
---------------------------------------
[34;1m
Time: 2026-06-30 02:27:28, Time spent from previous logger: 182.249 s[0m
[34;1mCustomLogger with fileds: ['total_steps', 'EpRet', 'EpCost', 'CostRate'][0m
[34;1mfieldvalues: [100000, 0.6, 24.85, 0.045700457004570046]
[0m
arrive destination: True ,out of road:False   Total T: 100267 Episode Num: 357 Episode T: 517 Reward: 496.543 Cost: 33.000
arrive destination: True ,out of road:False   Total T: 100558 Episode Num: 358 Episode T: 291 Reward: 335.531 Cost: 4.000
arrive destination: False ,out of road:True   Total T: 100806 Episode Num: 359 Episode T: 248 Reward: 258.690 Cost: 26.000
arrive destination: False ,out of road:True   Total T: 100898 Episode Num: 360 Episode T: 92 Reward: 57.506 Cost: 4.000
arrive destination: False ,out of road:True   Total T: 101078 Episode Num: 361 Episode T: 180 Reward: 229.157 Cost: 2.000
arrive destination: False ,out of road:True   Total T: 101190 Episode Num: 362 Episode T: 112 Reward: 96.361 Cost: 4.000
arrive destination: True ,out of road:False   Total T: 101439 Episode Num: 363 Episode T: 249 Reward: 232.340 Cost: 25.000
arrive destination: True ,out of road:False   Total T: 101801 Episode Num: 364 Episode T: 362 Reward: 400.443 Cost: 30.000
arrive destination: True ,out of road:False   Total T: 102168 Episode Num: 365 Episode T: 367 Reward: 360.802 Cost: 30.000
arrive destination: True ,out of road:False   Total T: 102623 Episode Num: 366 Episode T: 455 Reward: 408.370 Cost: 61.000
arrive destination: True ,out of road:False   Total T: 103198 Episode Num: 367 Episode T: 575 Reward: 516.032 Cost: 77.000
arrive destination: True ,out of road:False   Total T: 103454 Episode Num: 368 Episode T: 256 Reward: 271.024 Cost: 9.000
arrive destination: False ,out of road:True   Total T: 103745 Episode Num: 369 Episode T: 291 Reward: 302.170 Cost: 1.000
arrive destination: True ,out of road:False   Total T: 104160 Episode Num: 370 Episode T: 415 Reward: 411.460 Cost: 0.000
arrive destination: True ,out of road:False   Total T: 104408 Episode Num: 371 Episode T: 248 Reward: 232.405 Cost: 12.000
arrive destination: True ,out of road:False   Total T: 104618 Episode Num: 372 Episode T: 210 Reward: 232.220 Cost: 11.000
arrive destination: False ,out of road:True   Total T: 104894 Episode Num: 373 Episode T: 276 Reward: 222.978 Cost: 23.000
arrive destination: False ,out of road:True   Total T: 105105 Episode Num: 374 Episode T: 211 Reward: 233.245 Cost: 1.000
arrive destination: True ,out of road:False   Total T: 105380 Episode Num: 375 Episode T: 275 Reward: 294.389 Cost: 7.000
arrive destination: False ,out of road:True   Total T: 105526 Episode Num: 376 Episode T: 146 Reward: 164.498 Cost: 9.000
arrive destination: False ,out of road:True   Total T: 105632 Episode Num: 377 Episode T: 106 Reward: 79.884 Cost: 3.000
arrive destination: True ,out of road:False   Total T: 105953 Episode Num: 378 Episode T: 321 Reward: 267.956 Cost: 27.000
arrive destination: True ,out of road:False   Total T: 106316 Episode Num: 379 Episode T: 363 Reward: 401.272 Cost: 11.000
arrive destination: False ,out of road:True   Total T: 106680 Episode Num: 380 Episode T: 364 Reward: 320.261 Cost: 13.000
arrive destination: False ,out of road:True   Total T: 107000 Episode Num: 381 Episode T: 320 Reward: 321.646 Cost: 36.000
arrive destination: True ,out of road:False   Total T: 107249 Episode Num: 382 Episode T: 249 Reward: 295.481 Cost: 24.000
arrive destination: False ,out of road:True   Total T: 107424 Episode Num: 383 Episode T: 175 Reward: 207.448 Cost: 6.000
arrive destination: True ,out of road:False   Total T: 108386 Episode Num: 384 Episode T: 962 Reward: 474.351 Cost: 50.000
arrive destination: True ,out of road:False   Total T: 108634 Episode Num: 385 Episode T: 248 Reward: 233.911 Cost: 11.000
arrive destination: True ,out of road:False   Total T: 109051 Episode Num: 386 Episode T: 417 Reward: 378.748 Cost: 48.000
arrive destination: True ,out of road:False   Total T: 109334 Episode Num: 387 Episode T: 283 Reward: 269.998 Cost: 8.000
arrive destination: False ,out of road:True   Total T: 109681 Episode Num: 388 Episode T: 347 Reward: 358.315 Cost: 5.000
---------------------------------------
Evaluation over 20 episodes: 0.800 Cost 26.650.             SafeRL used : use_recovery
---------------------------------------
[34;1m
Time: 2026-06-30 02:30:35, Time spent from previous logger: 186.946 s[0m
[34;1mCustomLogger with fileds: ['total_steps', 'EpRet', 'EpCost', 'CostRate'][0m
[34;1mfieldvalues: [110000, 0.8, 26.65, 0.0473186119873817]
[0m
arrive destination: False ,out of road:True   Total T: 110143 Episode Num: 389 Episode T: 462 Reward: 425.953 Cost: 72.000
arrive destination: True ,out of road:False   Total T: 110443 Episode Num: 390 Episode T: 300 Reward: 294.008 Cost: 12.000
arrive destination: False ,out of road:True   Total T: 110606 Episode Num: 391 Episode T: 163 Reward: 166.711 Cost: 11.000
arrive destination: True ,out of road:False   Total T: 111017 Episode Num: 392 Episode T: 411 Reward: 380.543 Cost: 24.000
arrive destination: True ,out of road:False   Total T: 111552 Episode Num: 393 Episode T: 535 Reward: 469.859 Cost: 23.000
arrive destination: True ,out of road:False   Total T: 111724 Episode Num: 394 Episode T: 172 Reward: 269.235 Cost: 0.000
arrive destination: True ,out of road:False   Total T: 111956 Episode Num: 395 Episode T: 232 Reward: 295.621 Cost: 7.000
arrive destination: True ,out of road:False   Total T: 112210 Episode Num: 396 Episode T: 254 Reward: 272.703 Cost: 15.000
arrive destination: False ,out of road:True   Total T: 112423 Episode Num: 397 Episode T: 213 Reward: 196.187 Cost: 18.000
arrive destination: True ,out of road:False   Total T: 112601 Episode Num: 398 Episode T: 178 Reward: 270.004 Cost: 0.000
arrive destination: True ,out of road:False   Total T: 113286 Episode Num: 399 Episode T: 685 Reward: 277.287 Cost: 2.000
arrive destination: False ,out of road:True   Total T: 113452 Episode Num: 400 Episode T: 166 Reward: 216.520 Cost: 2.000
arrive destination: True ,out of road:False   Total T: 114049 Episode Num: 401 Episode T: 597 Reward: 497.428 Cost: 80.000
arrive destination: True ,out of road:False   Total T: 114224 Episode Num: 402 Episode T: 175 Reward: 269.098 Cost: 0.000
arrive destination: True ,out of road:False   Total T: 114584 Episode Num: 403 Episode T: 360 Reward: 379.550 Cost: 41.000
arrive destination: False ,out of road:True   Total T: 114829 Episode Num: 404 Episode T: 245 Reward: 233.191 Cost: 4.000
arrive destination: False ,out of road:True   Total T: 114928 Episode Num: 405 Episode T: 99 Reward: 65.774 Cost: 5.000
arrive destination: False ,out of road:True   Total T: 115207 Episode Num: 406 Episode T: 279 Reward: 312.030 Cost: 1.000
arrive destination: False ,out of road:True   Total T: 115637 Episode Num: 407 Episode T: 430 Reward: 430.368 Cost: 69.000
arrive destination: True ,out of road:False   Total T: 116602 Episode Num: 408 Episode T: 965 Reward: 357.899 Cost: 64.000
arrive destination: True ,out of road:False   Total T: 116933 Episode Num: 409 Episode T: 331 Reward: 336.222 Cost: 42.000
arrive destination: False ,out of road:True   Total T: 117156 Episode Num: 410 Episode T: 223 Reward: 168.816 Cost: 19.000
arrive destination: True ,out of road:False   Total T: 117410 Episode Num: 411 Episode T: 254 Reward: 294.273 Cost: 21.000
arrive destination: True ,out of road:False   Total T: 117645 Episode Num: 412 Episode T: 235 Reward: 248.853 Cost: 0.000
arrive destination: False ,out of road:True   Total T: 117757 Episode Num: 413 Episode T: 112 Reward: 81.932 Cost: 3.000
arrive destination: False ,out of road:True   Total T: 117848 Episode Num: 414 Episode T: 91 Reward: 57.381 Cost: 5.000
arrive destination: False ,out of road:False   Total T: 118848 Episode Num: 415 Episode T: 1000 Reward: 466.078 Cost: 33.000
arrive destination: True ,out of road:False   Total T: 119075 Episode Num: 416 Episode T: 227 Reward: 247.760 Cost: 0.000
arrive destination: True ,out of road:False   Total T: 119420 Episode Num: 417 Episode T: 345 Reward: 398.501 Cost: 15.000
arrive destination: True ,out of road:False   Total T: 119596 Episode Num: 418 Episode T: 176 Reward: 269.239 Cost: 0.000
arrive destination: False ,out of road:True   Total T: 119801 Episode Num: 419 Episode T: 205 Reward: 225.605 Cost: 11.000
---------------------------------------
Evaluation over 20 episodes: 0.700 Cost 29.050.             SafeRL used : use_recovery
---------------------------------------
[34;1m
Time: 2026-06-30 02:33:38, Time spent from previous logger: 182.399 s[0m
[34;1mCustomLogger with fileds: ['total_steps', 'EpRet', 'EpCost', 'CostRate'][0m
[34;1mfieldvalues: [120000, 0.7, 29.05, 0.04798373319777665]
[0m
arrive destination: True ,out of road:False   Total T: 120309 Episode Num: 420 Episode T: 508 Reward: 645.501 Cost: 19.000
arrive destination: True ,out of road:False   Total T: 120489 Episode Num: 421 Episode T: 180 Reward: 269.110 Cost: 0.000
arrive destination: False ,out of road:True   Total T: 120669 Episode Num: 422 Episode T: 180 Reward: 168.568 Cost: 7.000
arrive destination: True ,out of road:False   Total T: 120920 Episode Num: 423 Episode T: 251 Reward: 295.397 Cost: 26.000
arrive destination: True ,out of road:False   Total T: 121354 Episode Num: 424 Episode T: 434 Reward: 421.379 Cost: 37.000
arrive destination: True ,out of road:False   Total T: 121862 Episode Num: 425 Episode T: 508 Reward: 419.872 Cost: 48.000
arrive destination: True ,out of road:False   Total T: 122123 Episode Num: 426 Episode T: 261 Reward: 265.629 Cost: 13.000
arrive destination: False ,out of road:True   Total T: 122463 Episode Num: 427 Episode T: 340 Reward: 353.073 Cost: 10.000
arrive destination: True ,out of road:False   Total T: 122828 Episode Num: 428 Episode T: 365 Reward: 369.046 Cost: 36.000
arrive destination: True ,out of road:False   Total T: 123004 Episode Num: 429 Episode T: 176 Reward: 269.447 Cost: 0.000
arrive destination: True ,out of road:False   Total T: 123256 Episode Num: 430 Episode T: 252 Reward: 295.628 Cost: 11.000
arrive destination: True ,out of road:False   Total T: 123570 Episode Num: 431 Episode T: 314 Reward: 296.099 Cost: 20.000
arrive destination: True ,out of road:False   Total T: 123792 Episode Num: 432 Episode T: 222 Reward: 285.858 Cost: 10.000
arrive destination: True ,out of road:False   Total T: 124231 Episode Num: 433 Episode T: 439 Reward: 419.698 Cost: 71.000
arrive destination: True ,out of road:False   Total T: 124720 Episode Num: 434 Episode T: 489 Reward: 496.606 Cost: 59.000
arrive destination: True ,out of road:False   Total T: 124966 Episode Num: 435 Episode T: 246 Reward: 233.405 Cost: 49.000
arrive destination: True ,out of road:False   Total T: 125524 Episode Num: 436 Episode T: 558 Reward: 421.285 Cost: 79.000
arrive destination: True ,out of road:False   Total T: 125790 Episode Num: 437 Episode T: 266 Reward: 294.315 Cost: 17.000
arrive destination: True ,out of road:False   Total T: 126012 Episode Num: 438 Episode T: 222 Reward: 247.949 Cost: 0.000
arrive destination: True ,out of road:False   Total T: 126391 Episode Num: 439 Episode T: 379 Reward: 357.079 Cost: 49.000
arrive destination: True ,out of road:False   Total T: 126806 Episode Num: 440 Episode T: 415 Reward: 248.127 Cost: 0.000
arrive destination: True ,out of road:False   Total T: 127037 Episode Num: 441 Episode T: 231 Reward: 295.714 Cost: 11.000
arrive destination: True ,out of road:False   Total T: 127214 Episode Num: 442 Episode T: 177 Reward: 268.868 Cost: 0.000
arrive destination: True ,out of road:False   Total T: 127440 Episode Num: 443 Episode T: 226 Reward: 247.815 Cost: 0.000
arrive destination: True ,out of road:False   Total T: 127689 Episode Num: 444 Episode T: 249 Reward: 232.687 Cost: 14.000
arrive destination: True ,out of road:False   Total T: 128003 Episode Num: 445 Episode T: 314 Reward: 266.728 Cost: 26.000
arrive destination: True ,out of road:False   Total T: 128271 Episode Num: 446 Episode T: 268 Reward: 286.005 Cost: 3.000
arrive destination: False ,out of road:True   Total T: 128496 Episode Num: 447 Episode T: 225 Reward: 186.093 Cost: 32.000
arrive destination: True ,out of road:False   Total T: 128730 Episode Num: 448 Episode T: 234 Reward: 245.852 Cost: 0.000
arrive destination: True ,out of road:False   Total T: 128908 Episode Num: 449 Episode T: 178 Reward: 269.024 Cost: 0.000
arrive destination: True ,out of road:False   Total T: 129139 Episode Num: 450 Episode T: 231 Reward: 295.915 Cost: 20.000
arrive destination: True ,out of road:False   Total T: 129407 Episode Num: 451 Episode T: 268 Reward: 293.960 Cost: 14.000
arrive destination: True ,out of road:False   Total T: 129823 Episode Num: 452 Episode T: 416 Reward: 401.659 Cost: 6.000
---------------------------------------
Evaluation over 20 episodes: 0.800 Cost 25.050.             SafeRL used : use_recovery
---------------------------------------
[34;1m
Time: 2026-06-30 02:36:40, Time spent from previous logger: 182.408 s[0m
[34;1mCustomLogger with fileds: ['total_steps', 'EpRet', 'EpCost', 'CostRate'][0m
[34;1mfieldvalues: [130000, 0.8, 25.05, 0.04960807390826083]
[0m
arrive destination: True ,out of road:False   Total T: 130366 Episode Num: 453 Episode T: 543 Reward: 544.354 Cost: 76.000
arrive destination: False ,out of road:True   Total T: 130641 Episode Num: 454 Episode T: 275 Reward: 314.931 Cost: 7.000
arrive destination: True ,out of road:False   Total T: 131046 Episode Num: 455 Episode T: 405 Reward: 418.352 Cost: 42.000
arrive destination: True ,out of road:False   Total T: 131292 Episode Num: 456 Episode T: 246 Reward: 267.027 Cost: 4.000
arrive destination: True ,out of road:False   Total T: 131513 Episode Num: 457 Episode T: 221 Reward: 247.146 Cost: 0.000
arrive destination: True ,out of road:False   Total T: 131744 Episode Num: 458 Episode T: 231 Reward: 295.669 Cost: 14.000
arrive destination: False ,out of road:True   Total T: 131979 Episode Num: 459 Episode T: 235 Reward: 227.873 Cost: 26.000
arrive destination: True ,out of road:False   Total T: 132335 Episode Num: 460 Episode T: 356 Reward: 249.847 Cost: 0.000
arrive destination: True ,out of road:False   Total T: 132581 Episode Num: 461 Episode T: 246 Reward: 233.371 Cost: 44.000
arrive destination: True ,out of road:False   Total T: 133079 Episode Num: 462 Episode T: 498 Reward: 409.698 Cost: 34.000
arrive destination: True ,out of road:False   Total T: 133261 Episode Num: 463 Episode T: 182 Reward: 270.097 Cost: 0.000
arrive destination: True ,out of road:False   Total T: 133492 Episode Num: 464 Episode T: 231 Reward: 268.777 Cost: 21.000
arrive destination: True ,out of road:False   Total T: 133869 Episode Num: 465 Episode T: 377 Reward: 336.374 Cost: 49.000
arrive destination: False ,out of road:True   Total T: 134150 Episode Num: 466 Episode T: 281 Reward: 223.936 Cost: 32.000
arrive destination: True ,out of road:False   Total T: 134628 Episode Num: 467 Episode T: 478 Reward: 471.986 Cost: 40.000
arrive destination: True ,out of road:False   Total T: 134873 Episode Num: 468 Episode T: 245 Reward: 295.387 Cost: 16.000
arrive destination: True ,out of road:False   Total T: 135081 Episode Num: 469 Episode T: 208 Reward: 232.068 Cost: 12.000
arrive destination: True ,out of road:False   Total T: 135492 Episode Num: 470 Episode T: 411 Reward: 370.998 Cost: 49.000
arrive destination: False ,out of road:True   Total T: 135711 Episode Num: 471 Episode T: 219 Reward: 176.321 Cost: 33.000
arrive destination: False ,out of road:True   Total T: 135952 Episode Num: 472 Episode T: 241 Reward: 188.733 Cost: 10.000
arrive destination: True ,out of road:False   Total T: 136830 Episode Num: 473 Episode T: 878 Reward: 516.037 Cost: 63.000
arrive destination: True ,out of road:False   Total T: 137074 Episode Num: 474 Episode T: 244 Reward: 247.982 Cost: 0.000
arrive destination: True ,out of road:False   Total T: 137518 Episode Num: 475 Episode T: 444 Reward: 417.073 Cost: 37.000
arrive destination: False ,out of road:True   Total T: 137798 Episode Num: 476 Episode T: 280 Reward: 307.821 Cost: 1.000
arrive destination: True ,out of road:False   Total T: 137983 Episode Num: 477 Episode T: 185 Reward: 269.893 Cost: 0.000
arrive destination: True ,out of road:False   Total T: 138500 Episode Num: 478 Episode T: 517 Reward: 470.292 Cost: 50.000
arrive destination: True ,out of road:False   Total T: 138865 Episode Num: 479 Episode T: 365 Reward: 358.983 Cost: 25.000
arrive destination: True ,out of road:False   Total T: 139337 Episode Num: 480 Episode T: 472 Reward: 378.345 Cost: 34.000
arrive destination: True ,out of road:False   Total T: 139731 Episode Num: 481 Episode T: 394 Reward: 267.820 Cost: 19.000
arrive destination: True ,out of road:False   Total T: 139909 Episode Num: 482 Episode T: 178 Reward: 269.820 Cost: 5.000
---------------------------------------
Evaluation over 20 episodes: 0.650 Cost 21.400.             SafeRL used : use_recovery
---------------------------------------
[34;1m
Time: 2026-06-30 02:39:49, Time spent from previous logger: 188.297 s[0m
[34;1mCustomLogger with fileds: ['total_steps', 'EpRet', 'EpCost', 'CostRate'][0m
[34;1mfieldvalues: [140000, 0.65, 21.4, 0.051271794798534276]
[0m
arrive destination: True ,out of road:False   Total T: 140251 Episode Num: 483 Episode T: 342 Reward: 372.438 Cost: 17.000
arrive destination: True ,out of road:False   Total T: 140530 Episode Num: 484 Episode T: 279 Reward: 269.677 Cost: 8.000
arrive destination: True ,out of road:False   Total T: 140905 Episode Num: 485 Episode T: 375 Reward: 372.074 Cost: 50.000
arrive destination: True ,out of road:False   Total T: 141234 Episode Num: 486 Episode T: 329 Reward: 264.287 Cost: 31.000
arrive destination: True ,out of road:False   Total T: 141733 Episode Num: 487 Episode T: 499 Reward: 519.336 Cost: 98.000
arrive destination: True ,out of road:False   Total T: 142294 Episode Num: 488 Episode T: 561 Reward: 419.767 Cost: 83.000
arrive destination: False ,out of road:True   Total T: 142465 Episode Num: 489 Episode T: 171 Reward: 221.103 Cost: 2.000
arrive destination: True ,out of road:False   Total T: 142848 Episode Num: 490 Episode T: 383 Reward: 365.152 Cost: 39.000
arrive destination: True ,out of road:False   Total T: 143325 Episode Num: 491 Episode T: 477 Reward: 470.228 Cost: 46.000
arrive destination: False ,out of road:True   Total T: 143545 Episode Num: 492 Episode T: 220 Reward: 181.106 Cost: 34.000
arrive destination: False ,out of road:True   Total T: 143795 Episode Num: 493 Episode T: 250 Reward: 233.626 Cost: 4.000
arrive destination: True ,out of road:False   Total T: 144214 Episode Num: 494 Episode T: 419 Reward: 413.660 Cost: 31.000
arrive destination: True ,out of road:False   Total T: 144643 Episode Num: 495 Episode T: 429 Reward: 390.282 Cost: 58.000
arrive destination: True ,out of road:False   Total T: 144854 Episode Num: 496 Episode T: 211 Reward: 285.318 Cost: 0.000
arrive destination: True ,out of road:False   Total T: 145380 Episode Num: 497 Episode T: 526 Reward: 408.467 Cost: 41.000
arrive destination: True ,out of road:False   Total T: 145601 Episode Num: 498 Episode T: 221 Reward: 246.856 Cost: 0.000
arrive destination: True ,out of road:False   Total T: 145849 Episode Num: 499 Episode T: 248 Reward: 271.892 Cost: 10.000
arrive destination: True ,out of road:False   Total T: 146134 Episode Num: 500 Episode T: 285 Reward: 335.627 Cost: 14.000
arrive destination: True ,out of road:False   Total T: 146446 Episode Num: 501 Episode T: 312 Reward: 273.130 Cost: 15.000
arrive destination: True ,out of road:False   Total T: 146980 Episode Num: 502 Episode T: 534 Reward: 500.518 Cost: 67.000
arrive destination: True ,out of road:False   Total T: 147252 Episode Num: 503 Episode T: 272 Reward: 247.997 Cost: 0.000
arrive destination: True ,out of road:False   Total T: 147499 Episode Num: 504 Episode T: 247 Reward: 252.476 Cost: 43.000
arrive destination: True ,out of road:False   Total T: 147910 Episode Num: 505 Episode T: 411 Reward: 409.933 Cost: 26.000
arrive destination: True ,out of road:False   Total T: 148267 Episode Num: 506 Episode T: 357 Reward: 399.456 Cost: 17.000
arrive destination: True ,out of road:False   Total T: 148563 Episode Num: 507 Episode T: 296 Reward: 293.887 Cost: 36.000
arrive destination: True ,out of road:False   Total T: 148855 Episode Num: 508 Episode T: 292 Reward: 296.108 Cost: 7.000
arrive destination: True ,out of road:False   Total T: 149271 Episode Num: 509 Episode T: 416 Reward: 370.538 Cost: 50.000
arrive destination: True ,out of road:False   Total T: 149816 Episode Num: 510 Episode T: 545 Reward: 475.236 Cost: 85.000
---------------------------------------
Evaluation over 20 episodes: 0.600 Cost 22.300.             SafeRL used : use_recovery
---------------------------------------
[34;1m
Time: 2026-06-30 02:43:03, Time spent from previous logger: 194.971 s[0m
[34;1mCustomLogger with fileds: ['total_steps', 'EpRet', 'EpCost', 'CostRate'][0m
[34;1mfieldvalues: [150000, 0.6, 22.3, 0.05394035960239735]
[0m
arrive destination: True ,out of road:False   Total T: 150267 Episode Num: 511 Episode T: 451 Reward: 444.979 Cost: 11.000
arrive destination: True ,out of road:False   Total T: 150513 Episode Num: 512 Episode T: 246 Reward: 233.043 Cost: 14.000
arrive destination: True ,out of road:False   Total T: 151020 Episode Num: 513 Episode T: 507 Reward: 498.778 Cost: 69.000
arrive destination: True ,out of road:False   Total T: 151326 Episode Num: 514 Episode T: 306 Reward: 294.441 Cost: 24.000
arrive destination: True ,out of road:False   Total T: 151867 Episode Num: 515 Episode T: 541 Reward: 419.987 Cost: 49.000
arrive destination: True ,out of road:False   Total T: 152085 Episode Num: 516 Episode T: 218 Reward: 233.669 Cost: 5.000
arrive destination: True ,out of road:False   Total T: 152475 Episode Num: 517 Episode T: 390 Reward: 379.508 Cost: 42.000
arrive destination: True ,out of road:False   Total T: 153081 Episode Num: 518 Episode T: 606 Reward: 511.105 Cost: 81.000
arrive destination: True ,out of road:False   Total T: 153288 Episode Num: 519 Episode T: 207 Reward: 285.461 Cost: 0.000
arrive destination: True ,out of road:False   Total T: 153745 Episode Num: 520 Episode T: 457 Reward: 474.052 Cost: 41.000
arrive destination: False ,out of road:True   Total T: 154023 Episode Num: 521 Episode T: 278 Reward: 344.342 Cost: 11.000
arrive destination: True ,out of road:False   Total T: 154455 Episode Num: 522 Episode T: 432 Reward: 409.666 Cost: 45.000
arrive destination: True ,out of road:False   Total T: 154719 Episode Num: 523 Episode T: 264 Reward: 284.756 Cost: 31.000
arrive destination: True ,out of road:False   Total T: 155040 Episode Num: 524 Episode T: 321 Reward: 272.149 Cost: 6.000
arrive destination: True ,out of road:False   Total T: 155291 Episode Num: 525 Episode T: 251 Reward: 233.017 Cost: 8.000
arrive destination: True ,out of road:False   Total T: 155625 Episode Num: 526 Episode T: 334 Reward: 364.033 Cost: 42.000
arrive destination: True ,out of road:False   Total T: 155936 Episode Num: 527 Episode T: 311 Reward: 399.893 Cost: 24.000
arrive destination: True ,out of road:False   Total T: 156116 Episode Num: 528 Episode T: 180 Reward: 269.068 Cost: 8.000
arrive destination: True ,out of road:False   Total T: 156361 Episode Num: 529 Episode T: 245 Reward: 249.639 Cost: 0.000
arrive destination: True ,out of road:False   Total T: 156574 Episode Num: 530 Episode T: 213 Reward: 285.933 Cost: 2.000
arrive destination: True ,out of road:False   Total T: 156967 Episode Num: 531 Episode T: 393 Reward: 399.045 Cost: 14.000
arrive destination: True ,out of road:False   Total T: 157214 Episode Num: 532 Episode T: 247 Reward: 232.618 Cost: 28.000
arrive destination: True ,out of road:False   Total T: 157558 Episode Num: 533 Episode T: 344 Reward: 362.884 Cost: 29.000
arrive destination: True ,out of road:False   Total T: 157929 Episode Num: 534 Episode T: 371 Reward: 378.191 Cost: 48.000
arrive destination: True ,out of road:False   Total T: 158385 Episode Num: 535 Episode T: 456 Reward: 405.617 Cost: 68.000
arrive destination: False ,out of road:True   Total T: 158581 Episode Num: 536 Episode T: 196 Reward: 222.982 Cost: 8.000
arrive destination: True ,out of road:False   Total T: 158826 Episode Num: 537 Episode T: 245 Reward: 232.616 Cost: 31.000
arrive destination: False ,out of road:True   Total T: 159104 Episode Num: 538 Episode T: 278 Reward: 319.383 Cost: 39.000
arrive destination: True ,out of road:False   Total T: 159616 Episode Num: 539 Episode T: 512 Reward: 498.178 Cost: 58.000
arrive destination: True ,out of road:False   Total T: 159890 Episode Num: 540 Episode T: 274 Reward: 276.780 Cost: 1.000
---------------------------------------
Evaluation over 20 episodes: 0.800 Cost 29.000.             SafeRL used : use_recovery
---------------------------------------
[34;1m
Time: 2026-06-30 02:46:19, Time spent from previous logger: 195.972 s[0m
[34;1mCustomLogger with fileds: ['total_steps', 'EpRet', 'EpCost', 'CostRate'][0m
[34;1mfieldvalues: [160000, 0.8, 29.0, 0.055825348908430675]
[0m
arrive destination: True ,out of road:False   Total T: 160405 Episode Num: 541 Episode T: 515 Reward: 493.003 Cost: 26.000
arrive destination: False ,out of road:True   Total T: 160568 Episode Num: 542 Episode T: 163 Reward: 199.281 Cost: 10.000
arrive destination: True ,out of road:False   Total T: 160851 Episode Num: 543 Episode T: 283 Reward: 352.058 Cost: 25.000
arrive destination: True ,out of road:False   Total T: 161179 Episode Num: 544 Episode T: 328 Reward: 268.718 Cost: 25.000
arrive destination: True ,out of road:False   Total T: 161526 Episode Num: 545 Episode T: 347 Reward: 408.579 Cost: 20.000
arrive destination: False ,out of road:True   Total T: 161625 Episode Num: 546 Episode T: 99 Reward: 78.302 Cost: 2.000
arrive destination: False ,out of road:True   Total T: 161758 Episode Num: 547 Episode T: 133 Reward: 164.150 Cost: 1.000
arrive destination: False ,out of road:True   Total T: 162077 Episode Num: 548 Episode T: 319 Reward: 360.767 Cost: 10.000
arrive destination: True ,out of road:False   Total T: 162558 Episode Num: 549 Episode T: 481 Reward: 409.724 Cost: 59.000
arrive destination: False ,out of road:True   Total T: 162870 Episode Num: 550 Episode T: 312 Reward: 357.422 Cost: 6.000
arrive destination: True ,out of road:False   Total T: 163445 Episode Num: 551 Episode T: 575 Reward: 516.129 Cost: 82.000
arrive destination: True ,out of road:False   Total T: 163794 Episode Num: 552 Episode T: 349 Reward: 399.305 Cost: 28.000
arrive destination: True ,out of road:False   Total T: 164004 Episode Num: 553 Episode T: 210 Reward: 286.038 Cost: 0.000
arrive destination: True ,out of road:False   Total T: 164306 Episode Num: 554 Episode T: 302 Reward: 265.778 Cost: 28.000
arrive destination: True ,out of road:False   Total T: 164757 Episode Num: 555 Episode T: 451 Reward: 472.693 Cost: 32.000
arrive destination: False ,out of road:True   Total T: 165154 Episode Num: 556 Episode T: 397 Reward: 316.201 Cost: 45.000
arrive destination: True ,out of road:False   Total T: 165618 Episode Num: 557 Episode T: 464 Reward: 423.284 Cost: 62.000
arrive destination: False ,out of road:True   Total T: 165840 Episode Num: 558 Episode T: 222 Reward: 226.184 Cost: 6.000
arrive destination: False ,out of road:True   Total T: 165995 Episode Num: 559 Episode T: 155 Reward: 186.116 Cost: 3.000
arrive destination: False ,out of road:True   Total T: 166215 Episode Num: 560 Episode T: 220 Reward: 239.672 Cost: 7.000
arrive destination: True ,out of road:False   Total T: 166608 Episode Num: 561 Episode T: 393 Reward: 419.768 Cost: 48.000
arrive destination: True ,out of road:False   Total T: 166976 Episode Num: 562 Episode T: 368 Reward: 380.504 Cost: 31.000
arrive destination: False ,out of road:True   Total T: 167274 Episode Num: 563 Episode T: 298 Reward: 356.192 Cost: 20.000
arrive destination: False ,out of road:True   Total T: 167529 Episode Num: 564 Episode T: 255 Reward: 218.817 Cost: 23.000
arrive destination: True ,out of road:False   Total T: 167963 Episode Num: 565 Episode T: 434 Reward: 423.989 Cost: 79.000
arrive destination: False ,out of road:True   Total T: 168150 Episode Num: 566 Episode T: 187 Reward: 227.600 Cost: 6.000
arrive destination: True ,out of road:False   Total T: 168573 Episode Num: 567 Episode T: 423 Reward: 390.130 Cost: 48.000
arrive destination: True ,out of road:False   Total T: 168820 Episode Num: 568 Episode T: 247 Reward: 243.825 Cost: 39.000
arrive destination: True ,out of road:False   Total T: 169153 Episode Num: 569 Episode T: 333 Reward: 355.922 Cost: 44.000
arrive destination: True ,out of road:False   Total T: 169411 Episode Num: 570 Episode T: 258 Reward: 284.309 Cost: 32.000
arrive destination: True ,out of road:False   Total T: 169647 Episode Num: 571 Episode T: 236 Reward: 247.037 Cost: 0.000
arrive destination: False ,out of road:True   Total T: 169741 Episode Num: 572 Episode T: 94 Reward: 80.765 Cost: 3.000
---------------------------------------
Evaluation over 20 episodes: 0.550 Cost 26.550.             SafeRL used : use_recovery
---------------------------------------
[34;1m
Time: 2026-06-30 02:49:31, Time spent from previous logger: 191.310 s[0m
[34;1mCustomLogger with fileds: ['total_steps', 'EpRet', 'EpCost', 'CostRate'][0m
[34;1mfieldvalues: [170000, 0.55, 26.55, 0.05768857463867434]
[0m
arrive destination: True ,out of road:False   Total T: 170496 Episode Num: 573 Episode T: 755 Reward: 682.570 Cost: 84.000
arrive destination: True ,out of road:False   Total T: 170730 Episode Num: 574 Episode T: 234 Reward: 284.766 Cost: 10.000
arrive destination: True ,out of road:False   Total T: 170908 Episode Num: 575 Episode T: 178 Reward: 269.234 Cost: 6.000
arrive destination: False ,out of road:True   Total T: 171154 Episode Num: 576 Episode T: 246 Reward: 200.263 Cost: 20.000
arrive destination: False ,out of road:True   Total T: 171586 Episode Num: 577 Episode T: 432 Reward: 445.370 Cost: 54.000
arrive destination: True ,out of road:False   Total T: 172036 Episode Num: 578 Episode T: 450 Reward: 472.621 Cost: 21.000
arrive destination: True ,out of road:False   Total T: 172456 Episode Num: 579 Episode T: 420 Reward: 374.030 Cost: 70.000
arrive destination: True ,out of road:False   Total T: 173050 Episode Num: 580 Episode T: 594 Reward: 421.077 Cost: 56.000
arrive destination: True ,out of road:False   Total T: 173270 Episode Num: 581 Episode T: 220 Reward: 267.170 Cost: 10.000
arrive destination: False ,out of road:True   Total T: 173431 Episode Num: 582 Episode T: 161 Reward: 159.777 Cost: 19.000
arrive destination: False ,out of road:True   Total T: 173586 Episode Num: 583 Episode T: 155 Reward: 149.936 Cost: 6.000
arrive destination: True ,out of road:False   Total T: 173859 Episode Num: 584 Episode T: 273 Reward: 294.315 Cost: 19.000
arrive destination: True ,out of road:False   Total T: 174133 Episode Num: 585 Episode T: 274 Reward: 294.399 Cost: 25.000
arrive destination: True ,out of road:False   Total T: 174411 Episode Num: 586 Episode T: 278 Reward: 268.540 Cost: 33.000
arrive destination: True ,out of road:False   Total T: 174590 Episode Num: 587 Episode T: 179 Reward: 269.201 Cost: 1.000
arrive destination: True ,out of road:False   Total T: 174853 Episode Num: 588 Episode T: 263 Reward: 271.956 Cost: 4.000
arrive destination: False ,out of road:True   Total T: 175172 Episode Num: 589 Episode T: 319 Reward: 205.451 Cost: 23.000
arrive destination: True ,out of road:False   Total T: 175470 Episode Num: 590 Episode T: 298 Reward: 267.505 Cost: 27.000
arrive destination: True ,out of road:False   Total T: 175822 Episode Num: 591 Episode T: 352 Reward: 364.350 Cost: 33.000
arrive destination: False ,out of road:True   Total T: 176138 Episode Num: 592 Episode T: 316 Reward: 359.634 Cost: 9.000
arrive destination: True ,out of road:False   Total T: 176712 Episode Num: 593 Episode T: 574 Reward: 516.794 Cost: 77.000
arrive destination: True ,out of road:False   Total T: 176969 Episode Num: 594 Episode T: 257 Reward: 271.312 Cost: 16.000
arrive destination: True ,out of road:False   Total T: 177379 Episode Num: 595 Episode T: 410 Reward: 372.205 Cost: 34.000
arrive destination: True ,out of road:False   Total T: 177699 Episode Num: 596 Episode T: 320 Reward: 269.061 Cost: 35.000
arrive destination: True ,out of road:False   Total T: 178050 Episode Num: 597 Episode T: 351 Reward: 358.097 Cost: 43.000
arrive destination: True ,out of road:False   Total T: 178328 Episode Num: 598 Episode T: 278 Reward: 273.669 Cost: 2.000
arrive destination: True ,out of road:False   Total T: 178720 Episode Num: 599 Episode T: 392 Reward: 371.501 Cost: 62.000
arrive destination: False ,out of road:True   Total T: 179074 Episode Num: 600 Episode T: 354 Reward: 359.243 Cost: 10.000
arrive destination: False ,out of road:True   Total T: 179362 Episode Num: 601 Episode T: 288 Reward: 311.133 Cost: 4.000
arrive destination: True ,out of road:False   Total T: 179782 Episode Num: 602 Episode T: 420 Reward: 500.633 Cost: 53.000
---------------------------------------
Evaluation over 20 episodes: 0.750 Cost 24.250.             SafeRL used : use_recovery
---------------------------------------
[34;1m
Time: 2026-06-30 02:52:46, Time spent from previous logger: 195.066 s[0m
[34;1mCustomLogger with fileds: ['total_steps', 'EpRet', 'EpCost', 'CostRate'][0m
[34;1mfieldvalues: [180000, 0.75, 24.25, 0.05924477358207546]
[0m
arrive destination: True ,out of road:False   Total T: 180242 Episode Num: 603 Episode T: 460 Reward: 488.732 Cost: 21.000
arrive destination: True ,out of road:False   Total T: 180696 Episode Num: 604 Episode T: 454 Reward: 467.703 Cost: 32.000
arrive destination: False ,out of road:True   Total T: 180977 Episode Num: 605 Episode T: 281 Reward: 306.621 Cost: 3.000
arrive destination: True ,out of road:False   Total T: 181575 Episode Num: 606 Episode T: 598 Reward: 540.726 Cost: 93.000
arrive destination: True ,out of road:False   Total T: 181837 Episode Num: 607 Episode T: 262 Reward: 334.770 Cost: 20.000
arrive destination: True ,out of road:False   Total T: 182184 Episode Num: 608 Episode T: 347 Reward: 335.228 Cost: 41.000
arrive destination: True ,out of road:False   Total T: 182604 Episode Num: 609 Episode T: 420 Reward: 403.666 Cost: 42.000
arrive destination: False ,out of road:True   Total T: 182929 Episode Num: 610 Episode T: 325 Reward: 375.628 Cost: 34.000
arrive destination: False ,out of road:True   Total T: 183143 Episode Num: 611 Episode T: 214 Reward: 161.107 Cost: 33.000
arrive destination: False ,out of road:True   Total T: 183494 Episode Num: 612 Episode T: 351 Reward: 209.346 Cost: 38.000
arrive destination: True ,out of road:False   Total T: 183782 Episode Num: 613 Episode T: 288 Reward: 266.027 Cost: 24.000
arrive destination: True ,out of road:False   Total T: 184283 Episode Num: 614 Episode T: 501 Reward: 498.716 Cost: 57.000
arrive destination: True ,out of road:False   Total T: 184713 Episode Num: 615 Episode T: 430 Reward: 411.052 Cost: 67.000
arrive destination: True ,out of road:False   Total T: 184907 Episode Num: 616 Episode T: 194 Reward: 269.743 Cost: 1.000
arrive destination: True ,out of road:False   Total T: 185374 Episode Num: 617 Episode T: 467 Reward: 499.310 Cost: 32.000
arrive destination: True ,out of road:False   Total T: 185717 Episode Num: 618 Episode T: 343 Reward: 335.628 Cost: 20.000
arrive destination: True ,out of road:False   Total T: 185944 Episode Num: 619 Episode T: 227 Reward: 246.041 Cost: 0.000
arrive destination: True ,out of road:False   Total T: 186629 Episode Num: 620 Episode T: 685 Reward: 518.757 Cost: 75.000
arrive destination: False ,out of road:True   Total T: 186916 Episode Num: 621 Episode T: 287 Reward: 345.406 Cost: 10.000
arrive destination: False ,out of road:True   Total T: 187170 Episode Num: 622 Episode T: 254 Reward: 345.205 Cost: 17.000
arrive destination: True ,out of road:False   Total T: 187722 Episode Num: 623 Episode T: 552 Reward: 517.267 Cost: 88.000
arrive destination: True ,out of road:False   Total T: 188179 Episode Num: 624 Episode T: 457 Reward: 466.822 Cost: 31.000
arrive destination: True ,out of road:False   Total T: 188557 Episode Num: 625 Episode T: 378 Reward: 389.343 Cost: 20.000
arrive destination: True ,out of road:False   Total T: 188793 Episode Num: 626 Episode T: 236 Reward: 295.485 Cost: 23.000
arrive destination: True ,out of road:False   Total T: 189021 Episode Num: 627 Episode T: 228 Reward: 246.639 Cost: 0.000
arrive destination: True ,out of road:False   Total T: 189359 Episode Num: 628 Episode T: 338 Reward: 399.383 Cost: 13.000
arrive destination: True ,out of road:False   Total T: 189578 Episode Num: 629 Episode T: 219 Reward: 295.472 Cost: 19.000
arrive destination: True ,out of road:False   Total T: 189934 Episode Num: 630 Episode T: 356 Reward: 265.581 Cost: 31.000
---------------------------------------
Evaluation over 20 episodes: 0.700 Cost 28.350.             SafeRL used : use_recovery
---------------------------------------
[34;1m
Time: 2026-06-30 02:56:05, Time spent from previous logger: 199.274 s[0m
[34;1mCustomLogger with fileds: ['total_steps', 'EpRet', 'EpCost', 'CostRate'][0m
[34;1mfieldvalues: [190000, 0.7, 28.35, 0.06067400354738709]
[0m
arrive destination: True ,out of road:False   Total T: 190248 Episode Num: 631 Episode T: 314 Reward: 279.915 Cost: 20.000
arrive destination: True ,out of road:False   Total T: 190719 Episode Num: 632 Episode T: 471 Reward: 407.592 Cost: 68.000
arrive destination: True ,out of road:False   Total T: 191030 Episode Num: 633 Episode T: 311 Reward: 398.992 Cost: 26.000
arrive destination: True ,out of road:False   Total T: 191318 Episode Num: 634 Episode T: 288 Reward: 351.387 Cost: 20.000
arrive destination: True ,out of road:False   Total T: 191674 Episode Num: 635 Episode T: 356 Reward: 363.254 Cost: 40.000
arrive destination: True ,out of road:False   Total T: 192086 Episode Num: 636 Episode T: 412 Reward: 373.096 Cost: 51.000
arrive destination: False ,out of road:True   Total T: 192256 Episode Num: 637 Episode T: 170 Reward: 171.380 Cost: 6.000
arrive destination: False ,out of road:True   Total T: 192612 Episode Num: 638 Episode T: 356 Reward: 336.678 Cost: 53.000
arrive destination: True ,out of road:False   Total T: 192843 Episode Num: 639 Episode T: 231 Reward: 246.444 Cost: 0.000
arrive destination: False ,out of road:True   Total T: 193020 Episode Num: 640 Episode T: 177 Reward: 210.412 Cost: 5.000
arrive destination: True ,out of road:False   Total T: 193523 Episode Num: 641 Episode T: 503 Reward: 423.878 Cost: 61.000
arrive destination: True ,out of road:False   Total T: 193947 Episode Num: 642 Episode T: 424 Reward: 424.358 Cost: 53.000
arrive destination: False ,out of road:True   Total T: 194265 Episode Num: 643 Episode T: 318 Reward: 360.110 Cost: 4.000
arrive destination: True ,out of road:False   Total T: 194734 Episode Num: 644 Episode T: 469 Reward: 498.766 Cost: 69.000
arrive destination: True ,out of road:False   Total T: 195179 Episode Num: 645 Episode T: 445 Reward: 471.988 Cost: 30.000
arrive destination: True ,out of road:False   Total T: 195466 Episode Num: 646 Episode T: 287 Reward: 274.246 Cost: 6.000
arrive destination: True ,out of road:False   Total T: 195703 Episode Num: 647 Episode T: 237 Reward: 246.736 Cost: 0.000
arrive destination: False ,out of road:True   Total T: 195852 Episode Num: 648 Episode T: 149 Reward: 115.826 Cost: 15.000
arrive destination: False ,out of road:True   Total T: 196054 Episode Num: 649 Episode T: 202 Reward: 167.250 Cost: 11.000
arrive destination: True ,out of road:False   Total T: 196388 Episode Num: 650 Episode T: 334 Reward: 374.846 Cost: 26.000
arrive destination: True ,out of road:False   Total T: 196690 Episode Num: 651 Episode T: 302 Reward: 274.609 Cost: 6.000
arrive destination: True ,out of road:False   Total T: 196932 Episode Num: 652 Episode T: 242 Reward: 283.762 Cost: 29.000
arrive destination: True ,out of road:False   Total T: 197397 Episode Num: 653 Episode T: 465 Reward: 470.442 Cost: 35.000
arrive destination: True ,out of road:False   Total T: 197812 Episode Num: 654 Episode T: 415 Reward: 405.380 Cost: 12.000
arrive destination: True ,out of road:False   Total T: 198071 Episode Num: 655 Episode T: 259 Reward: 274.994 Cost: 0.000
arrive destination: True ,out of road:False   Total T: 198290 Episode Num: 656 Episode T: 219 Reward: 287.141 Cost: 0.000
arrive destination: True ,out of road:False   Total T: 198771 Episode Num: 657 Episode T: 481 Reward: 423.507 Cost: 55.000
arrive destination: True ,out of road:False   Total T: 199048 Episode Num: 658 Episode T: 277 Reward: 273.126 Cost: 4.000
arrive destination: True ,out of road:False   Total T: 199352 Episode Num: 659 Episode T: 304 Reward: 265.528 Cost: 37.000
arrive destination: True ,out of road:False   Total T: 199726 Episode Num: 660 Episode T: 374 Reward: 399.470 Cost: 31.000
---------------------------------------
Evaluation over 20 episodes: 0.750 Cost 33.100.             SafeRL used : use_recovery
---------------------------------------
[34;1m
Time: 2026-06-30 02:59:22, Time spent from previous logger: 196.978 s[0m
[34;1mCustomLogger with fileds: ['total_steps', 'EpRet', 'EpCost', 'CostRate'][0m
[34;1mfieldvalues: [200000, 0.75, 33.1, 0.061605308026540136]
[0m
arrive destination: True ,out of road:False   Total T: 200209 Episode Num: 661 Episode T: 483 Reward: 520.305 Cost: 20.000
arrive destination: False ,out of road:True   Total T: 200406 Episode Num: 662 Episode T: 197 Reward: 223.711 Cost: 11.000
arrive destination: True ,out of road:False   Total T: 200664 Episode Num: 663 Episode T: 258 Reward: 275.306 Cost: 1.000
arrive destination: True ,out of road:False   Total T: 201204 Episode Num: 664 Episode T: 540 Reward: 518.651 Cost: 71.000
arrive destination: True ,out of road:False   Total T: 201472 Episode Num: 665 Episode T: 268 Reward: 275.780 Cost: 1.000
arrive destination: True ,out of road:False   Total T: 201947 Episode Num: 666 Episode T: 475 Reward: 472.335 Cost: 40.000
arrive destination: True ,out of road:False   Total T: 202171 Episode Num: 667 Episode T: 224 Reward: 286.527 Cost: 2.000
arrive destination: True ,out of road:False   Total T: 202421 Episode Num: 668 Episode T: 250 Reward: 232.719 Cost: 30.000
arrive destination: True ,out of road:False   Total T: 202672 Episode Num: 669 Episode T: 251 Reward: 276.034 Cost: 2.000
arrive destination: False ,out of road:True   Total T: 203032 Episode Num: 670 Episode T: 360 Reward: 288.924 Cost: 46.000
arrive destination: False ,out of road:True   Total T: 203383 Episode Num: 671 Episode T: 351 Reward: 273.880 Cost: 43.000
arrive destination: False ,out of road:True   Total T: 203663 Episode Num: 672 Episode T: 280 Reward: 248.831 Cost: 16.000
arrive destination: False ,out of road:True   Total T: 203772 Episode Num: 673 Episode T: 109 Reward: 95.557 Cost: 4.000
arrive destination: True ,out of road:False   Total T: 204191 Episode Num: 674 Episode T: 419 Reward: 410.476 Cost: 30.000
arrive destination: True ,out of road:False   Total T: 204445 Episode Num: 675 Episode T: 254 Reward: 275.031 Cost: 0.000
arrive destination: True ,out of road:False   Total T: 204665 Episode Num: 676 Episode T: 220 Reward: 306.026 Cost: 14.000
arrive destination: True ,out of road:False   Total T: 204845 Episode Num: 677 Episode T: 180 Reward: 269.607 Cost: 5.000
arrive destination: True ,out of road:False   Total T: 205121 Episode Num: 678 Episode T: 276 Reward: 335.543 Cost: 13.000
arrive destination: True ,out of road:False   Total T: 205351 Episode Num: 679 Episode T: 230 Reward: 286.628 Cost: 2.000
arrive destination: True ,out of road:False   Total T: 205815 Episode Num: 680 Episode T: 464 Reward: 465.606 Cost: 38.000
arrive destination: False ,out of road:True   Total T: 205953 Episode Num: 681 Episode T: 138 Reward: 134.813 Cost: 1.000
arrive destination: False ,out of road:True   Total T: 206429 Episode Num: 682 Episode T: 476 Reward: 441.812 Cost: 36.000
arrive destination: True ,out of road:False   Total T: 206610 Episode Num: 683 Episode T: 181 Reward: 269.606 Cost: 0.000
arrive destination: True ,out of road:False   Total T: 207058 Episode Num: 684 Episode T: 448 Reward: 472.440 Cost: 14.000
arrive destination: True ,out of road:False   Total T: 207283 Episode Num: 685 Episode T: 225 Reward: 286.936 Cost: 2.000
arrive destination: True ,out of road:False   Total T: 207503 Episode Num: 686 Episode T: 220 Reward: 285.299 Cost: 4.000
arrive destination: False ,out of road:True   Total T: 207853 Episode Num: 687 Episode T: 350 Reward: 266.074 Cost: 21.000
arrive destination: True ,out of road:False   Total T: 208120 Episode Num: 688 Episode T: 267 Reward: 265.597 Cost: 14.000
arrive destination: True ,out of road:False   Total T: 208570 Episode Num: 689 Episode T: 450 Reward: 432.214 Cost: 38.000
arrive destination: False ,out of road:True   Total T: 208951 Episode Num: 690 Episode T: 381 Reward: 412.157 Cost: 28.000
arrive destination: True ,out of road:False   Total T: 209172 Episode Num: 691 Episode T: 221 Reward: 247.288 Cost: 0.000
arrive destination: True ,out of road:False   Total T: 209365 Episode Num: 692 Episode T: 193 Reward: 234.500 Cost: 19.000
arrive destination: True ,out of road:False   Total T: 209603 Episode Num: 693 Episode T: 238 Reward: 287.802 Cost: 3.000
arrive destination: True ,out of road:False   Total T: 209780 Episode Num: 694 Episode T: 177 Reward: 270.140 Cost: 0.000
arrive destination: False ,out of road:True   Total T: 209995 Episode Num: 695 Episode T: 215 Reward: 179.938 Cost: 36.000
---------------------------------------
Evaluation over 20 episodes: 0.650 Cost 17.200.             SafeRL used : use_recovery
---------------------------------------
[34;1m
Time: 2026-06-30 03:02:34, Time spent from previous logger: 192.241 s[0m
[34;1mCustomLogger with fileds: ['total_steps', 'EpRet', 'EpCost', 'CostRate'][0m
[34;1mfieldvalues: [210000, 0.65, 17.2, 0.06145743551159767]
[0m
arrive destination: True ,out of road:False   Total T: 210600 Episode Num: 696 Episode T: 605 Reward: 420.497 Cost: 47.000
arrive destination: False ,out of road:True   Total T: 210697 Episode Num: 697 Episode T: 97 Reward: 81.723 Cost: 2.000
arrive destination: False ,out of road:True   Total T: 211081 Episode Num: 698 Episode T: 384 Reward: 227.242 Cost: 67.000
arrive destination: False ,out of road:True   Total T: 211390 Episode Num: 699 Episode T: 309 Reward: 278.383 Cost: 45.000
arrive destination: True ,out of road:False   Total T: 211574 Episode Num: 700 Episode T: 184 Reward: 269.672 Cost: 3.000
arrive destination: True ,out of road:False   Total T: 211818 Episode Num: 701 Episode T: 244 Reward: 274.370 Cost: 0.000
arrive destination: True ,out of road:False   Total T: 212067 Episode Num: 702 Episode T: 249 Reward: 296.066 Cost: 21.000
arrive destination: True ,out of road:False   Total T: 212442 Episode Num: 703 Episode T: 375 Reward: 405.988 Cost: 16.000
arrive destination: True ,out of road:False   Total T: 212703 Episode Num: 704 Episode T: 261 Reward: 274.560 Cost: 9.000
arrive destination: False ,out of road:True   Total T: 213026 Episode Num: 705 Episode T: 323 Reward: 338.102 Cost: 26.000
arrive destination: True ,out of road:False   Total T: 213259 Episode Num: 706 Episode T: 233 Reward: 286.473 Cost: 2.000
arrive destination: True ,out of road:False   Total T: 213583 Episode Num: 707 Episode T: 324 Reward: 399.406 Cost: 18.000
arrive destination: True ,out of road:False   Total T: 213945 Episode Num: 708 Episode T: 362 Reward: 402.916 Cost: 13.000
arrive destination: True ,out of road:False   Total T: 214206 Episode Num: 709 Episode T: 261 Reward: 286.719 Cost: 20.000
arrive destination: True ,out of road:False   Total T: 214475 Episode Num: 710 Episode T: 269 Reward: 275.201 Cost: 4.000
arrive destination: True ,out of road:False   Total T: 214870 Episode Num: 711 Episode T: 395 Reward: 370.275 Cost: 42.000
arrive destination: True ,out of road:False   Total T: 215099 Episode Num: 712 Episode T: 229 Reward: 286.527 Cost: 8.000
arrive destination: False ,out of road:True   Total T: 215445 Episode Num: 713 Episode T: 346 Reward: 348.412 Cost: 14.000
arrive destination: False ,out of road:True   Total T: 215703 Episode Num: 714 Episode T: 258 Reward: 250.131 Cost: 13.000
arrive destination: True ,out of road:False   Total T: 216045 Episode Num: 715 Episode T: 342 Reward: 363.101 Cost: 34.000
arrive destination: True ,out of road:False   Total T: 216778 Episode Num: 716 Episode T: 733 Reward: 506.346 Cost: 37.000
arrive destination: False ,out of road:True   Total T: 217027 Episode Num: 717 Episode T: 249 Reward: 357.223 Cost: 9.000
arrive destination: True ,out of road:False   Total T: 217348 Episode Num: 718 Episode T: 321 Reward: 399.479 Cost: 16.000
arrive destination: True ,out of road:False   Total T: 217546 Episode Num: 719 Episode T: 198 Reward: 269.870 Cost: 3.000
arrive destination: False ,out of road:True   Total T: 217862 Episode Num: 720 Episode T: 316 Reward: 375.891 Cost: 15.000
arrive destination: True ,out of road:False   Total T: 218312 Episode Num: 721 Episode T: 450 Reward: 433.886 Cost: 49.000
arrive destination: True ,out of road:False   Total T: 218559 Episode Num: 722 Episode T: 247 Reward: 232.734 Cost: 19.000
arrive destination: True ,out of road:False   Total T: 218734 Episode Num: 723 Episode T: 175 Reward: 269.070 Cost: 1.000
arrive destination: True ,out of road:False   Total T: 219080 Episode Num: 724 Episode T: 346 Reward: 359.015 Cost: 22.000
arrive destination: False ,out of road:True   Total T: 219429 Episode Num: 725 Episode T: 349 Reward: 268.993 Cost: 60.000
arrive destination: False ,out of road:True   Total T: 219639 Episode Num: 726 Episode T: 210 Reward: 221.398 Cost: 11.000
arrive destination: True ,out of road:False   Total T: 219900 Episode Num: 727 Episode T: 261 Reward: 285.658 Cost: 28.000
---------------------------------------
Evaluation over 20 episodes: 0.700 Cost 18.700.             SafeRL used : use_recovery
---------------------------------------
[34;1m
Time: 2026-06-30 03:05:46, Time spent from previous logger: 191.245 s[0m
[34;1mCustomLogger with fileds: ['total_steps', 'EpRet', 'EpCost', 'CostRate'][0m
[34;1mfieldvalues: [220000, 0.7, 18.7, 0.061727553307060486]
[0m
arrive destination: True ,out of road:False   Total T: 220272 Episode Num: 728 Episode T: 372 Reward: 368.413 Cost: 4.000
arrive destination: True ,out of road:False   Total T: 220523 Episode Num: 729 Episode T: 251 Reward: 293.929 Cost: 20.000
arrive destination: True ,out of road:False   Total T: 220872 Episode Num: 730 Episode T: 349 Reward: 335.536 Cost: 12.000
arrive destination: False ,out of road:True   Total T: 221096 Episode Num: 731 Episode T: 224 Reward: 188.207 Cost: 35.000
arrive destination: True ,out of road:False   Total T: 221378 Episode Num: 732 Episode T: 282 Reward: 399.171 Cost: 18.000
arrive destination: True ,out of road:False   Total T: 221961 Episode Num: 733 Episode T: 583 Reward: 523.853 Cost: 87.000
arrive destination: False ,out of road:False   Total T: 222961 Episode Num: 734 Episode T: 1000 Reward: 366.588 Cost: 8.000
arrive destination: True ,out of road:False   Total T: 223358 Episode Num: 735 Episode T: 397 Reward: 496.476 Cost: 35.000
arrive destination: False ,out of road:True   Total T: 223471 Episode Num: 736 Episode T: 113 Reward: 77.898 Cost: 8.000
arrive destination: True ,out of road:False   Total T: 223830 Episode Num: 737 Episode T: 359 Reward: 400.158 Cost: 5.000
arrive destination: True ,out of road:False   Total T: 224063 Episode Num: 738 Episode T: 233 Reward: 275.515 Cost: 0.000
arrive destination: True ,out of road:False   Total T: 224318 Episode Num: 739 Episode T: 255 Reward: 294.339 Cost: 9.000
arrive destination: True ,out of road:False   Total T: 224780 Episode Num: 740 Episode T: 462 Reward: 378.360 Cost: 74.000
arrive destination: False ,out of road:True   Total T: 224874 Episode Num: 741 Episode T: 94 Reward: 77.166 Cost: 2.000
arrive destination: True ,out of road:False   Total T: 225105 Episode Num: 742 Episode T: 231 Reward: 285.590 Cost: 16.000
arrive destination: True ,out of road:False   Total T: 225515 Episode Num: 743 Episode T: 410 Reward: 369.131 Cost: 34.000
arrive destination: True ,out of road:False   Total T: 225714 Episode Num: 744 Episode T: 199 Reward: 269.072 Cost: 3.000
arrive destination: False ,out of road:True   Total T: 225851 Episode Num: 745 Episode T: 137 Reward: 57.996 Cost: 22.000
arrive destination: False ,out of road:True   Total T: 225949 Episode Num: 746 Episode T: 98 Reward: 85.754 Cost: 2.000
arrive destination: True ,out of road:False   Total T: 226514 Episode Num: 747 Episode T: 565 Reward: 501.222 Cost: 37.000
arrive destination: False ,out of road:True   Total T: 226973 Episode Num: 748 Episode T: 459 Reward: 448.797 Cost: 59.000
arrive destination: True ,out of road:False   Total T: 227260 Episode Num: 749 Episode T: 287 Reward: 294.485 Cost: 17.000
arrive destination: True ,out of road:False   Total T: 227518 Episode Num: 750 Episode T: 258 Reward: 295.854 Cost: 19.000
arrive destination: True ,out of road:False   Total T: 228063 Episode Num: 751 Episode T: 545 Reward: 499.744 Cost: 65.000
arrive destination: True ,out of road:False   Total T: 228330 Episode Num: 752 Episode T: 267 Reward: 275.601 Cost: 2.000
arrive destination: True ,out of road:False   Total T: 228510 Episode Num: 753 Episode T: 180 Reward: 269.460 Cost: 0.000
arrive destination: True ,out of road:False   Total T: 228795 Episode Num: 754 Episode T: 285 Reward: 272.266 Cost: 27.000
arrive destination: True ,out of road:False   Total T: 229161 Episode Num: 755 Episode T: 366 Reward: 405.016 Cost: 7.000
arrive destination: False ,out of road:True   Total T: 229320 Episode Num: 756 Episode T: 159 Reward: 167.466 Cost: 10.000
arrive destination: True ,out of road:False   Total T: 229883 Episode Num: 757 Episode T: 563 Reward: 516.576 Cost: 49.000
---------------------------------------
Evaluation over 20 episodes: 0.750 Cost 17.650.             SafeRL used : use_recovery
---------------------------------------
[34;1m
Time: 2026-06-30 03:08:52, Time spent from previous logger: 186.651 s[0m
[34;1mCustomLogger with fileds: ['total_steps', 'EpRet', 'EpCost', 'CostRate'][0m
[34;1mfieldvalues: [230000, 0.75, 17.65, 0.0620263566363332]
[0m
arrive destination: True ,out of road:False   Total T: 230397 Episode Num: 758 Episode T: 514 Reward: 541.428 Cost: 20.000
arrive destination: True ,out of road:False   Total T: 231062 Episode Num: 759 Episode T: 665 Reward: 499.361 Cost: 73.000
arrive destination: False ,out of road:True   Total T: 231202 Episode Num: 760 Episode T: 140 Reward: 134.228 Cost: 6.000
arrive destination: True ,out of road:False   Total T: 231578 Episode Num: 761 Episode T: 376 Reward: 360.708 Cost: 30.000
arrive destination: True ,out of road:False   Total T: 232091 Episode Num: 762 Episode T: 513 Reward: 497.225 Cost: 43.000
arrive destination: True ,out of road:False   Total T: 232462 Episode Num: 763 Episode T: 371 Reward: 361.097 Cost: 26.000
arrive destination: True ,out of road:False   Total T: 232711 Episode Num: 764 Episode T: 249 Reward: 232.314 Cost: 40.000
arrive destination: True ,out of road:False   Total T: 233307 Episode Num: 765 Episode T: 596 Reward: 516.791 Cost: 61.000
arrive destination: False ,out of road:True   Total T: 233638 Episode Num: 766 Episode T: 331 Reward: 361.060 Cost: 7.000
arrive destination: True ,out of road:False   Total T: 233935 Episode Num: 767 Episode T: 297 Reward: 267.737 Cost: 12.000
arrive destination: True ,out of road:False   Total T: 234157 Episode Num: 768 Episode T: 222 Reward: 247.245 Cost: 0.000
arrive destination: True ,out of road:False   Total T: 234428 Episode Num: 769 Episode T: 271 Reward: 335.971 Cost: 6.000
arrive destination: True ,out of road:False   Total T: 234698 Episode Num: 770 Episode T: 270 Reward: 265.914 Cost: 24.000
arrive destination: True ,out of road:False   Total T: 234924 Episode Num: 771 Episode T: 226 Reward: 247.448 Cost: 0.000
arrive destination: True ,out of road:False   Total T: 235155 Episode Num: 772 Episode T: 231 Reward: 285.657 Cost: 3.000
arrive destination: False ,out of road:True   Total T: 235372 Episode Num: 773 Episode T: 217 Reward: 224.410 Cost: 9.000
arrive destination: True ,out of road:False   Total T: 235647 Episode Num: 774 Episode T: 275 Reward: 335.700 Cost: 9.000
arrive destination: True ,out of road:False   Total T: 235883 Episode Num: 775 Episode T: 236 Reward: 271.203 Cost: 0.000
arrive destination: True ,out of road:False   Total T: 236111 Episode Num: 776 Episode T: 228 Reward: 296.012 Cost: 19.000
arrive destination: True ,out of road:False   Total T: 236359 Episode Num: 777 Episode T: 248 Reward: 272.903 Cost: 3.000
arrive destination: False ,out of road:True   Total T: 236510 Episode Num: 778 Episode T: 151 Reward: 176.290 Cost: 6.000
arrive destination: False ,out of road:True   Total T: 236871 Episode Num: 779 Episode T: 361 Reward: 283.343 Cost: 39.000
arrive destination: False ,out of road:True   Total T: 237151 Episode Num: 780 Episode T: 280 Reward: 256.357 Cost: 16.000
arrive destination: True ,out of road:False   Total T: 237458 Episode Num: 781 Episode T: 307 Reward: 398.152 Cost: 17.000
arrive destination: False ,out of road:True   Total T: 237555 Episode Num: 782 Episode T: 97 Reward: 71.047 Cost: 4.000
arrive destination: True ,out of road:False   Total T: 237955 Episode Num: 783 Episode T: 400 Reward: 370.034 Cost: 35.000
arrive destination: True ,out of road:False   Total T: 238402 Episode Num: 784 Episode T: 447 Reward: 472.514 Cost: 25.000
arrive destination: True ,out of road:False   Total T: 238575 Episode Num: 785 Episode T: 173 Reward: 279.365 Cost: 7.000
arrive destination: False ,out of road:True   Total T: 238822 Episode Num: 786 Episode T: 247 Reward: 198.668 Cost: 25.000
arrive destination: True ,out of road:False   Total T: 239064 Episode Num: 787 Episode T: 242 Reward: 296.094 Cost: 14.000
arrive destination: False ,out of road:True   Total T: 239157 Episode Num: 788 Episode T: 93 Reward: 79.071 Cost: 2.000
arrive destination: False ,out of road:True   Total T: 239534 Episode Num: 789 Episode T: 377 Reward: 379.864 Cost: 27.000
arrive destination: False ,out of road:True   Total T: 239640 Episode Num: 790 Episode T: 106 Reward: 76.160 Cost: 2.000
arrive destination: False ,out of road:True   Total T: 239857 Episode Num: 791 Episode T: 217 Reward: 179.995 Cost: 21.000
---------------------------------------
Evaluation over 20 episodes: 0.700 Cost 25.250.             SafeRL used : use_recovery
---------------------------------------
[34;1m
Time: 2026-06-30 03:12:14, Time spent from previous logger: 201.737 s[0m
[34;1mCustomLogger with fileds: ['total_steps', 'EpRet', 'EpCost', 'CostRate'][0m
[34;1mfieldvalues: [240000, 0.7, 25.25, 0.06207109196288318]
[0m
arrive destination: True ,out of road:False   Total T: 240255 Episode Num: 792 Episode T: 398 Reward: 420.638 Cost: 5.000
arrive destination: True ,out of road:False   Total T: 240840 Episode Num: 793 Episode T: 585 Reward: 509.717 Cost: 84.000
arrive destination: False ,out of road:True   Total T: 241065 Episode Num: 794 Episode T: 225 Reward: 184.791 Cost: 33.000
arrive destination: True ,out of road:False   Total T: 241563 Episode Num: 795 Episode T: 498 Reward: 423.405 Cost: 45.000
arrive destination: False ,out of road:True   Total T: 241723 Episode Num: 796 Episode T: 160 Reward: 167.361 Cost: 6.000
arrive destination: True ,out of road:False   Total T: 241950 Episode Num: 797 Episode T: 227 Reward: 246.205 Cost: 0.000
arrive destination: False ,out of road:True   Total T: 242154 Episode Num: 798 Episode T: 204 Reward: 230.399 Cost: 16.000
arrive destination: True ,out of road:False   Total T: 242565 Episode Num: 799 Episode T: 411 Reward: 367.883 Cost: 21.000
arrive destination: True ,out of road:False   Total T: 243077 Episode Num: 800 Episode T: 512 Reward: 472.730 Cost: 54.000
arrive destination: True ,out of road:False   Total T: 243364 Episode Num: 801 Episode T: 287 Reward: 294.195 Cost: 19.000
arrive destination: True ,out of road:False   Total T: 243613 Episode Num: 802 Episode T: 249 Reward: 232.758 Cost: 33.000
arrive destination: True ,out of road:True   Total T: 244079 Episode Num: 803 Episode T: 466 Reward: 530.276 Cost: 47.000
arrive destination: True ,out of road:False   Total T: 244297 Episode Num: 804 Episode T: 218 Reward: 335.045 Cost: 6.000
arrive destination: True ,out of road:False   Total T: 244847 Episode Num: 805 Episode T: 550 Reward: 470.301 Cost: 24.000
arrive destination: True ,out of road:False   Total T: 245097 Episode Num: 806 Episode T: 250 Reward: 295.749 Cost: 24.000
arrive destination: True ,out of road:False   Total T: 245561 Episode Num: 807 Episode T: 464 Reward: 471.902 Cost: 19.000
arrive destination: False ,out of road:True   Total T: 245811 Episode Num: 808 Episode T: 250 Reward: 274.389 Cost: 13.000
arrive destination: True ,out of road:False   Total T: 246258 Episode Num: 809 Episode T: 447 Reward: 474.083 Cost: 24.000
arrive destination: True ,out of road:False   Total T: 246506 Episode Num: 810 Episode T: 248 Reward: 232.777 Cost: 37.000
arrive destination: False ,out of road:True   Total T: 246892 Episode Num: 811 Episode T: 386 Reward: 355.665 Cost: 31.000
arrive destination: True ,out of road:False   Total T: 247067 Episode Num: 812 Episode T: 175 Reward: 269.534 Cost: 0.000
arrive destination: True ,out of road:False   Total T: 247524 Episode Num: 813 Episode T: 457 Reward: 408.301 Cost: 19.000
arrive destination: False ,out of road:True   Total T: 247868 Episode Num: 814 Episode T: 344 Reward: 355.291 Cost: 1.000
arrive destination: True ,out of road:False   Total T: 248413 Episode Num: 815 Episode T: 545 Reward: 497.136 Cost: 45.000
arrive destination: False ,out of road:True   Total T: 248513 Episode Num: 816 Episode T: 100 Reward: 77.697 Cost: 6.000
arrive destination: True ,out of road:False   Total T: 249038 Episode Num: 817 Episode T: 525 Reward: 500.726 Cost: 53.000
arrive destination: True ,out of road:False   Total T: 249520 Episode Num: 818 Episode T: 482 Reward: 473.058 Cost: 22.000
---------------------------------------
Evaluation over 20 episodes: 0.900 Cost 21.000.             SafeRL used : use_recovery
---------------------------------------
[34;1m
Time: 2026-06-30 03:15:31, Time spent from previous logger: 197.251 s[0m
[34;1mCustomLogger with fileds: ['total_steps', 'EpRet', 'EpCost', 'CostRate'][0m
[34;1mfieldvalues: [250000, 0.9, 21.0, 0.06249624998499994]
[0m
arrive destination: True ,out of road:False   Total T: 250488 Episode Num: 819 Episode T: 968 Reward: 901.133 Cost: 102.000
arrive destination: True ,out of road:False   Total T: 250730 Episode Num: 820 Episode T: 242 Reward: 233.901 Cost: 27.000
arrive destination: True ,out of road:False   Total T: 250965 Episode Num: 821 Episode T: 235 Reward: 296.108 Cost: 12.000
arrive destination: True ,out of road:False   Total T: 251275 Episode Num: 822 Episode T: 310 Reward: 351.729 Cost: 16.000
arrive destination: True ,out of road:False   Total T: 251516 Episode Num: 823 Episode T: 241 Reward: 315.612 Cost: 11.000
arrive destination: True ,out of road:False   Total T: 251692 Episode Num: 824 Episode T: 176 Reward: 270.066 Cost: 0.000
arrive destination: True ,out of road:False   Total T: 252061 Episode Num: 825 Episode T: 369 Reward: 409.720 Cost: 13.000
arrive destination: True ,out of road:False   Total T: 252661 Episode Num: 826 Episode T: 600 Reward: 422.008 Cost: 38.000
arrive destination: True ,out of road:False   Total T: 252914 Episode Num: 827 Episode T: 253 Reward: 272.646 Cost: 1.000
arrive destination: False ,out of road:True   Total T: 253256 Episode Num: 828 Episode T: 342 Reward: 355.956 Cost: 12.000
arrive destination: False ,out of road:True   Total T: 253492 Episode Num: 829 Episode T: 236 Reward: 227.999 Cost: 6.000
arrive destination: False ,out of road:True   Total T: 253600 Episode Num: 830 Episode T: 108 Reward: 75.322 Cost: 4.000
arrive destination: False ,out of road:True   Total T: 253707 Episode Num: 831 Episode T: 107 Reward: 76.746 Cost: 3.000
arrive destination: True ,out of road:False   Total T: 253995 Episode Num: 832 Episode T: 288 Reward: 336.318 Cost: 17.000
arrive destination: True ,out of road:False   Total T: 254252 Episode Num: 833 Episode T: 257 Reward: 273.358 Cost: 6.000
arrive destination: True ,out of road:False   Total T: 254523 Episode Num: 834 Episode T: 271 Reward: 266.021 Cost: 20.000
arrive destination: False ,out of road:True   Total T: 254603 Episode Num: 835 Episode T: 80 Reward: 58.855 Cost: 1.000
arrive destination: True ,out of road:False   Total T: 255140 Episode Num: 836 Episode T: 537 Reward: 517.477 Cost: 54.000
arrive destination: True ,out of road:False   Total T: 255364 Episode Num: 837 Episode T: 224 Reward: 246.216 Cost: 0.000
arrive destination: True ,out of road:False   Total T: 255624 Episode Num: 838 Episode T: 260 Reward: 287.427 Cost: 1.000
arrive destination: True ,out of road:False   Total T: 255933 Episode Num: 839 Episode T: 309 Reward: 357.334 Cost: 10.000
arrive destination: True ,out of road:False   Total T: 256179 Episode Num: 840 Episode T: 246 Reward: 232.553 Cost: 36.000
arrive destination: True ,out of road:False   Total T: 256448 Episode Num: 841 Episode T: 269 Reward: 272.305 Cost: 8.000
arrive destination: False ,out of road:True   Total T: 256545 Episode Num: 842 Episode T: 97 Reward: 71.341 Cost: 4.000
arrive destination: False ,out of road:True   Total T: 256644 Episode Num: 843 Episode T: 99 Reward: 75.110 Cost: 3.000
arrive destination: False ,out of road:True   Total T: 256793 Episode Num: 844 Episode T: 149 Reward: 164.753 Cost: 5.000
arrive destination: False ,out of road:True   Total T: 256891 Episode Num: 845 Episode T: 98 Reward: 78.062 Cost: 2.000
arrive destination: True ,out of road:False   Total T: 257272 Episode Num: 846 Episode T: 381 Reward: 402.422 Cost: 0.000
arrive destination: True ,out of road:False   Total T: 257454 Episode Num: 847 Episode T: 182 Reward: 269.384 Cost: 1.000
arrive destination: False ,out of road:True   Total T: 257703 Episode Num: 848 Episode T: 249 Reward: 225.552 Cost: 18.000
arrive destination: True ,out of road:False   Total T: 258110 Episode Num: 849 Episode T: 407 Reward: 407.695 Cost: 22.000
arrive destination: False ,out of road:True   Total T: 258259 Episode Num: 850 Episode T: 149 Reward: 175.039 Cost: 5.000
arrive destination: True ,out of road:False   Total T: 258867 Episode Num: 851 Episode T: 608 Reward: 516.927 Cost: 76.000
arrive destination: True ,out of road:False   Total T: 259280 Episode Num: 852 Episode T: 413 Reward: 369.060 Cost: 27.000
arrive destination: True ,out of road:False   Total T: 259520 Episode Num: 853 Episode T: 240 Reward: 287.468 Cost: 10.000
arrive destination: False ,out of road:True   Total T: 259622 Episode Num: 854 Episode T: 102 Reward: 82.062 Cost: 3.000
arrive destination: True ,out of road:False   Total T: 259856 Episode Num: 855 Episode T: 234 Reward: 286.889 Cost: 4.000
---------------------------------------
Evaluation over 20 episodes: 0.500 Cost 15.650.             SafeRL used : use_recovery
---------------------------------------
[34;1m
Time: 2026-06-30 03:18:42, Time spent from previous logger: 191.082 s[0m
[34;1mCustomLogger with fileds: ['total_steps', 'EpRet', 'EpCost', 'CostRate'][0m
[34;1mfieldvalues: [260000, 0.5, 15.65, 0.06217331605121558]
[0m
arrive destination: True ,out of road:False   Total T: 260285 Episode Num: 856 Episode T: 429 Reward: 422.029 Cost: 20.000
arrive destination: True ,out of road:False   Total T: 260749 Episode Num: 857 Episode T: 464 Reward: 405.922 Cost: 27.000
arrive destination: False ,out of road:True   Total T: 260848 Episode Num: 858 Episode T: 99 Reward: 79.271 Cost: 3.000
arrive destination: False ,out of road:True   Total T: 260944 Episode Num: 859 Episode T: 96 Reward: 80.702 Cost: 2.000
arrive destination: True ,out of road:False   Total T: 261322 Episode Num: 860 Episode T: 378 Reward: 366.621 Cost: 32.000
arrive destination: False ,out of road:True   Total T: 261451 Episode Num: 861 Episode T: 129 Reward: 85.849 Cost: 13.000
arrive destination: True ,out of road:False   Total T: 261629 Episode Num: 862 Episode T: 178 Reward: 269.696 Cost: 0.000
arrive destination: True ,out of road:False   Total T: 261893 Episode Num: 863 Episode T: 264 Reward: 273.905 Cost: 2.000
arrive destination: True ,out of road:False   Total T: 262094 Episode Num: 864 Episode T: 201 Reward: 269.165 Cost: 2.000
arrive destination: False ,out of road:True   Total T: 262477 Episode Num: 865 Episode T: 383 Reward: 222.232 Cost: 8.000
arrive destination: True ,out of road:False   Total T: 262692 Episode Num: 866 Episode T: 215 Reward: 231.304 Cost: 7.000
arrive destination: True ,out of road:False   Total T: 262923 Episode Num: 867 Episode T: 231 Reward: 295.281 Cost: 15.000
arrive destination: True ,out of road:False   Total T: 263096 Episode Num: 868 Episode T: 173 Reward: 269.307 Cost: 0.000
arrive destination: True ,out of road:False   Total T: 263335 Episode Num: 869 Episode T: 239 Reward: 248.201 Cost: 0.000
arrive destination: True ,out of road:False   Total T: 263599 Episode Num: 870 Episode T: 264 Reward: 270.337 Cost: 8.000
arrive destination: True ,out of road:False   Total T: 263818 Episode Num: 871 Episode T: 219 Reward: 248.213 Cost: 0.000
arrive destination: True ,out of road:False   Total T: 264299 Episode Num: 872 Episode T: 481 Reward: 368.433 Cost: 36.000
arrive destination: True ,out of road:False   Total T: 264689 Episode Num: 873 Episode T: 390 Reward: 402.122 Cost: 26.000
arrive destination: False ,out of road:True   Total T: 265005 Episode Num: 874 Episode T: 316 Reward: 357.871 Cost: 3.000
arrive destination: False ,out of road:True   Total T: 265250 Episode Num: 875 Episode T: 245 Reward: 248.940 Cost: 1.000
arrive destination: False ,out of road:True   Total T: 265494 Episode Num: 876 Episode T: 244 Reward: 354.266 Cost: 11.000
arrive destination: True ,out of road:False   Total T: 265755 Episode Num: 877 Episode T: 261 Reward: 296.726 Cost: 26.000
arrive destination: True ,out of road:False   Total T: 266387 Episode Num: 878 Episode T: 632 Reward: 521.879 Cost: 56.000
arrive destination: True ,out of road:False   Total T: 266612 Episode Num: 879 Episode T: 225 Reward: 247.197 Cost: 0.000
arrive destination: True ,out of road:False   Total T: 266974 Episode Num: 880 Episode T: 362 Reward: 402.442 Cost: 8.000
arrive destination: True ,out of road:False   Total T: 267412 Episode Num: 881 Episode T: 438 Reward: 432.297 Cost: 51.000
arrive destination: True ,out of road:False   Total T: 267639 Episode Num: 882 Episode T: 227 Reward: 285.819 Cost: 0.000
arrive destination: True ,out of road:False   Total T: 267886 Episode Num: 883 Episode T: 247 Reward: 232.913 Cost: 41.000
arrive destination: True ,out of road:False   Total T: 268140 Episode Num: 884 Episode T: 254 Reward: 232.681 Cost: 4.000
arrive destination: True ,out of road:False   Total T: 268388 Episode Num: 885 Episode T: 248 Reward: 233.916 Cost: 34.000
arrive destination: True ,out of road:False   Total T: 268636 Episode Num: 886 Episode T: 248 Reward: 232.106 Cost: 31.000
arrive destination: True ,out of road:False   Total T: 269156 Episode Num: 887 Episode T: 520 Reward: 422.084 Cost: 49.000
arrive destination: True ,out of road:False   Total T: 269565 Episode Num: 888 Episode T: 409 Reward: 380.939 Cost: 27.000
arrive destination: True ,out of road:False   Total T: 269750 Episode Num: 889 Episode T: 185 Reward: 270.198 Cost: 1.000
---------------------------------------
Evaluation over 20 episodes: 0.750 Cost 17.450.             SafeRL used : use_recovery
---------------------------------------
[34;1m
Time: 2026-06-30 03:21:49, Time spent from previous logger: 186.425 s[0m
[34;1mCustomLogger with fileds: ['total_steps', 'EpRet', 'EpCost', 'CostRate'][0m
[34;1mfieldvalues: [270000, 0.75, 17.45, 0.061929858999477776]
[0m
arrive destination: True ,out of road:False   Total T: 270373 Episode Num: 890 Episode T: 623 Reward: 580.070 Cost: 45.000
arrive destination: True ,out of road:False   Total T: 270612 Episode Num: 891 Episode T: 239 Reward: 286.996 Cost: 4.000
arrive destination: True ,out of road:False   Total T: 270876 Episode Num: 892 Episode T: 264 Reward: 286.962 Cost: 14.000
arrive destination: True ,out of road:False   Total T: 271091 Episode Num: 893 Episode T: 215 Reward: 248.559 Cost: 0.000
arrive destination: True ,out of road:False   Total T: 271322 Episode Num: 894 Episode T: 231 Reward: 336.110 Cost: 11.000
arrive destination: True ,out of road:False   Total T: 271672 Episode Num: 895 Episode T: 350 Reward: 380.889 Cost: 28.000
arrive destination: True ,out of road:False   Total T: 272055 Episode Num: 896 Episode T: 383 Reward: 380.471 Cost: 71.000
arrive destination: True ,out of road:False   Total T: 272290 Episode Num: 897 Episode T: 235 Reward: 270.379 Cost: 6.000
arrive destination: True ,out of road:False   Total T: 272762 Episode Num: 898 Episode T: 472 Reward: 406.038 Cost: 34.000
arrive destination: False ,out of road:True   Total T: 273098 Episode Num: 899 Episode T: 336 Reward: 347.903 Cost: 14.000
arrive destination: True ,out of road:False   Total T: 273351 Episode Num: 900 Episode T: 253 Reward: 269.716 Cost: 13.000
arrive destination: True ,out of road:False   Total T: 273531 Episode Num: 901 Episode T: 180 Reward: 269.901 Cost: 0.000
arrive destination: True ,out of road:False   Total T: 274108 Episode Num: 902 Episode T: 577 Reward: 515.253 Cost: 66.000
arrive destination: True ,out of road:False   Total T: 274662 Episode Num: 903 Episode T: 554 Reward: 497.790 Cost: 36.000
arrive destination: True ,out of road:False   Total T: 275157 Episode Num: 904 Episode T: 495 Reward: 498.528 Cost: 26.000
arrive destination: True ,out of road:False   Total T: 275609 Episode Num: 905 Episode T: 452 Reward: 472.675 Cost: 26.000
arrive destination: False ,out of road:True   Total T: 275714 Episode Num: 906 Episode T: 105 Reward: 78.467 Cost: 2.000
arrive destination: True ,out of road:False   Total T: 275975 Episode Num: 907 Episode T: 261 Reward: 285.134 Cost: 24.000
arrive destination: True ,out of road:False   Total T: 276509 Episode Num: 908 Episode T: 534 Reward: 520.076 Cost: 40.000
arrive destination: False ,out of road:True   Total T: 276741 Episode Num: 909 Episode T: 232 Reward: 237.424 Cost: 27.000
arrive destination: True ,out of road:False   Total T: 277104 Episode Num: 910 Episode T: 363 Reward: 354.565 Cost: 41.000
arrive destination: True ,out of road:False   Total T: 277286 Episode Num: 911 Episode T: 182 Reward: 269.641 Cost: 2.000
arrive destination: True ,out of road:False   Total T: 277467 Episode Num: 912 Episode T: 181 Reward: 269.911 Cost: 2.000
arrive destination: True ,out of road:False   Total T: 278040 Episode Num: 913 Episode T: 573 Reward: 526.709 Cost: 46.000
arrive destination: True ,out of road:False   Total T: 278460 Episode Num: 914 Episode T: 420 Reward: 369.787 Cost: 47.000
arrive destination: True ,out of road:False   Total T: 278880 Episode Num: 915 Episode T: 420 Reward: 383.666 Cost: 47.000
arrive destination: True ,out of road:False   Total T: 279120 Episode Num: 916 Episode T: 240 Reward: 272.756 Cost: 2.000
arrive destination: False ,out of road:True   Total T: 279217 Episode Num: 917 Episode T: 97 Reward: 70.181 Cost: 4.000
arrive destination: True ,out of road:False   Total T: 279494 Episode Num: 918 Episode T: 277 Reward: 269.191 Cost: 12.000
arrive destination: True ,out of road:False   Total T: 279909 Episode Num: 919 Episode T: 415 Reward: 418.418 Cost: 47.000
---------------------------------------
Evaluation over 20 episodes: 0.750 Cost 30.600.             SafeRL used : use_recovery
---------------------------------------
[34;1m
Time: 2026-06-30 03:25:08, Time spent from previous logger: 199.067 s[0m
[34;1mCustomLogger with fileds: ['total_steps', 'EpRet', 'EpCost', 'CostRate'][0m
[34;1mfieldvalues: [280000, 0.75, 30.6, 0.06229665105946807]
[0m
arrive destination: True ,out of road:False   Total T: 280444 Episode Num: 920 Episode T: 535 Reward: 556.935 Cost: 41.000
arrive destination: True ,out of road:False   Total T: 280824 Episode Num: 921 Episode T: 380 Reward: 399.771 Cost: 21.000
arrive destination: True ,out of road:False   Total T: 281182 Episode Num: 922 Episode T: 358 Reward: 400.435 Cost: 0.000
arrive destination: True ,out of road:False   Total T: 281688 Episode Num: 923 Episode T: 506 Reward: 422.289 Cost: 47.000
arrive destination: True ,out of road:False   Total T: 281883 Episode Num: 924 Episode T: 195 Reward: 269.522 Cost: 4.000
arrive destination: True ,out of road:False   Total T: 282131 Episode Num: 925 Episode T: 248 Reward: 252.036 Cost: 32.000
arrive destination: False ,out of road:True   Total T: 282350 Episode Num: 926 Episode T: 219 Reward: 214.941 Cost: 20.000
arrive destination: True ,out of road:False   Total T: 282592 Episode Num: 927 Episode T: 242 Reward: 346.286 Cost: 10.000
arrive destination: True ,out of road:False   Total T: 282825 Episode Num: 928 Episode T: 233 Reward: 335.942 Cost: 10.000
arrive destination: True ,out of road:False   Total T: 283368 Episode Num: 929 Episode T: 543 Reward: 509.655 Cost: 46.000
arrive destination: True ,out of road:False   Total T: 283640 Episode Num: 930 Episode T: 272 Reward: 265.659 Cost: 22.000
arrive destination: True ,out of road:False   Total T: 283904 Episode Num: 931 Episode T: 264 Reward: 269.410 Cost: 8.000
arrive destination: True ,out of road:False   Total T: 284138 Episode Num: 932 Episode T: 234 Reward: 335.784 Cost: 10.000
arrive destination: True ,out of road:False   Total T: 284355 Episode Num: 933 Episode T: 217 Reward: 282.961 Cost: 7.000
arrive destination: True ,out of road:False   Total T: 284800 Episode Num: 934 Episode T: 445 Reward: 423.186 Cost: 45.000
arrive destination: True ,out of road:False   Total T: 285063 Episode Num: 935 Episode T: 263 Reward: 274.567 Cost: 20.000
arrive destination: False ,out of road:True   Total T: 285440 Episode Num: 936 Episode T: 377 Reward: 349.872 Cost: 57.000
arrive destination: False ,out of road:True   Total T: 285581 Episode Num: 937 Episode T: 141 Reward: 143.653 Cost: 1.000
arrive destination: False ,out of road:True   Total T: 285819 Episode Num: 938 Episode T: 238 Reward: 223.756 Cost: 14.000
arrive destination: True ,out of road:False   Total T: 286031 Episode Num: 939 Episode T: 212 Reward: 246.030 Cost: 0.000
arrive destination: False ,out of road:True   Total T: 286327 Episode Num: 940 Episode T: 296 Reward: 303.894 Cost: 11.000
arrive destination: True ,out of road:False   Total T: 286508 Episode Num: 941 Episode T: 181 Reward: 268.819 Cost: 7.000
arrive destination: True ,out of road:False   Total T: 286859 Episode Num: 942 Episode T: 351 Reward: 402.746 Cost: 9.000
arrive destination: True ,out of road:False   Total T: 287105 Episode Num: 943 Episode T: 246 Reward: 232.670 Cost: 42.000
arrive destination: True ,out of road:False   Total T: 287490 Episode Num: 944 Episode T: 385 Reward: 404.084 Cost: 4.000
arrive destination: True ,out of road:False   Total T: 287820 Episode Num: 945 Episode T: 330 Reward: 380.357 Cost: 28.000
arrive destination: True ,out of road:False   Total T: 288179 Episode Num: 946 Episode T: 359 Reward: 401.717 Cost: 7.000
arrive destination: True ,out of road:False   Total T: 288421 Episode Num: 947 Episode T: 242 Reward: 285.848 Cost: 12.000
arrive destination: True ,out of road:False   Total T: 288634 Episode Num: 948 Episode T: 213 Reward: 247.057 Cost: 0.000
arrive destination: True ,out of road:False   Total T: 288890 Episode Num: 949 Episode T: 256 Reward: 345.708 Cost: 11.000
arrive destination: True ,out of road:False   Total T: 289266 Episode Num: 950 Episode T: 376 Reward: 380.495 Cost: 19.000
arrive destination: True ,out of road:False   Total T: 289808 Episode Num: 951 Episode T: 542 Reward: 517.516 Cost: 46.000
---------------------------------------
Evaluation over 20 episodes: 0.650 Cost 23.650.             SafeRL used : use_recovery
---------------------------------------
[34;1m
Time: 2026-06-30 03:28:18, Time spent from previous logger: 189.715 s[0m
[34;1mCustomLogger with fileds: ['total_steps', 'EpRet', 'EpCost', 'CostRate'][0m
[34;1mfieldvalues: [290000, 0.65, 23.65, 0.062307111403832424]
[0m
arrive destination: True ,out of road:False   Total T: 290341 Episode Num: 952 Episode T: 533 Reward: 558.637 Cost: 32.000
arrive destination: True ,out of road:False   Total T: 290575 Episode Num: 953 Episode T: 234 Reward: 296.115 Cost: 9.000
arrive destination: True ,out of road:False   Total T: 290825 Episode Num: 954 Episode T: 250 Reward: 232.277 Cost: 15.000
arrive destination: True ,out of road:False   Total T: 291004 Episode Num: 955 Episode T: 179 Reward: 270.187 Cost: 0.000
arrive destination: True ,out of road:False   Total T: 291381 Episode Num: 956 Episode T: 377 Reward: 406.724 Cost: 0.000
arrive destination: True ,out of road:False   Total T: 291780 Episode Num: 957 Episode T: 399 Reward: 369.636 Cost: 26.000
arrive destination: True ,out of road:False   Total T: 292001 Episode Num: 958 Episode T: 221 Reward: 296.129 Cost: 11.000
arrive destination: True ,out of road:False   Total T: 292451 Episode Num: 959 Episode T: 450 Reward: 473.033 Cost: 22.000
arrive destination: True ,out of road:False   Total T: 292870 Episode Num: 960 Episode T: 419 Reward: 366.055 Cost: 44.000
arrive destination: True ,out of road:False   Total T: 293294 Episode Num: 961 Episode T: 424 Reward: 472.460 Cost: 12.000
arrive destination: False ,out of road:True   Total T: 293602 Episode Num: 962 Episode T: 308 Reward: 264.101 Cost: 17.000
arrive destination: True ,out of road:False   Total T: 293790 Episode Num: 963 Episode T: 188 Reward: 269.468 Cost: 1.000
arrive destination: True ,out of road:False   Total T: 294055 Episode Num: 964 Episode T: 265 Reward: 268.999 Cost: 22.000
arrive destination: True ,out of road:False   Total T: 294580 Episode Num: 965 Episode T: 525 Reward: 514.365 Cost: 54.000
arrive destination: False ,out of road:True   Total T: 294681 Episode Num: 966 Episode T: 101 Reward: 77.897 Cost: 5.000
arrive destination: True ,out of road:False   Total T: 295005 Episode Num: 967 Episode T: 324 Reward: 398.937 Cost: 12.000
arrive destination: True ,out of road:False   Total T: 295258 Episode Num: 968 Episode T: 253 Reward: 286.951 Cost: 12.000
arrive destination: True ,out of road:False   Total T: 295613 Episode Num: 969 Episode T: 355 Reward: 360.562 Cost: 37.000
arrive destination: False ,out of road:True   Total T: 295712 Episode Num: 970 Episode T: 99 Reward: 82.158 Cost: 2.000
arrive destination: True ,out of road:False   Total T: 295948 Episode Num: 971 Episode T: 236 Reward: 275.815 Cost: 0.000
arrive destination: False ,out of road:True   Total T: 296117 Episode Num: 972 Episode T: 169 Reward: 134.784 Cost: 10.000
arrive destination: False ,out of road:True   Total T: 296222 Episode Num: 973 Episode T: 105 Reward: 84.915 Cost: 2.000
arrive destination: True ,out of road:False   Total T: 296652 Episode Num: 974 Episode T: 430 Reward: 380.094 Cost: 70.000
arrive destination: True ,out of road:False   Total T: 296849 Episode Num: 975 Episode T: 197 Reward: 270.059 Cost: 5.000
arrive destination: True ,out of road:False   Total T: 297051 Episode Num: 976 Episode T: 202 Reward: 231.780 Cost: 17.000
arrive destination: False ,out of road:True   Total T: 297234 Episode Num: 977 Episode T: 183 Reward: 77.749 Cost: 20.000
arrive destination: True ,out of road:False   Total T: 297471 Episode Num: 978 Episode T: 237 Reward: 335.461 Cost: 4.000
arrive destination: True ,out of road:False   Total T: 297684 Episode Num: 979 Episode T: 213 Reward: 248.809 Cost: 0.000
arrive destination: True ,out of road:False   Total T: 298195 Episode Num: 980 Episode T: 511 Reward: 498.951 Cost: 40.000
arrive destination: True ,out of road:False   Total T: 298642 Episode Num: 981 Episode T: 447 Reward: 472.751 Cost: 28.000
arrive destination: True ,out of road:False   Total T: 299135 Episode Num: 982 Episode T: 493 Reward: 416.928 Cost: 39.000
arrive destination: True ,out of road:False   Total T: 299532 Episode Num: 983 Episode T: 397 Reward: 383.693 Cost: 34.000
arrive destination: True ,out of road:False   Total T: 299830 Episode Num: 984 Episode T: 298 Reward: 271.632 Cost: 11.000
---------------------------------------
Evaluation over 20 episodes: 0.650 Cost 18.450.             SafeRL used : use_recovery
---------------------------------------
[34;1m
Time: 2026-06-30 03:31:24, Time spent from previous logger: 186.319 s[0m
[34;1mCustomLogger with fileds: ['total_steps', 'EpRet', 'EpCost', 'CostRate'][0m
[34;1mfieldvalues: [300000, 0.65, 18.45, 0.062223540745135815]
[0m
arrive destination: True ,out of road:False   Total T: 300392 Episode Num: 985 Episode T: 562 Reward: 538.984 Cost: 41.000
arrive destination: True ,out of road:False   Total T: 300585 Episode Num: 986 Episode T: 193 Reward: 269.401 Cost: 0.000
arrive destination: True ,out of road:False   Total T: 301039 Episode Num: 987 Episode T: 454 Reward: 468.218 Cost: 40.000
arrive destination: True ,out of road:False   Total T: 301405 Episode Num: 988 Episode T: 366 Reward: 351.602 Cost: 29.000
arrive destination: True ,out of road:False   Total T: 301648 Episode Num: 989 Episode T: 243 Reward: 285.330 Cost: 13.000
arrive destination: True ,out of road:False   Total T: 301968 Episode Num: 990 Episode T: 320 Reward: 381.495 Cost: 23.000
arrive destination: False ,out of road:True   Total T: 302054 Episode Num: 991 Episode T: 86 Reward: 64.121 Cost: 1.000
arrive destination: True ,out of road:False   Total T: 302501 Episode Num: 992 Episode T: 447 Reward: 483.185 Cost: 37.000
arrive destination: True ,out of road:False   Total T: 302994 Episode Num: 993 Episode T: 493 Reward: 499.650 Cost: 34.000
arrive destination: True ,out of road:False   Total T: 303294 Episode Num: 994 Episode T: 300 Reward: 351.915 Cost: 18.000
arrive destination: True ,out of road:False   Total T: 303507 Episode Num: 995 Episode T: 213 Reward: 242.538 Cost: 0.000
arrive destination: True ,out of road:False   Total T: 304125 Episode Num: 996 Episode T: 618 Reward: 516.803 Cost: 72.000
arrive destination: True ,out of road:False   Total T: 304371 Episode Num: 997 Episode T: 246 Reward: 232.558 Cost: 45.000
arrive destination: True ,out of road:False   Total T: 304606 Episode Num: 998 Episode T: 235 Reward: 294.983 Cost: 19.000
arrive destination: True ,out of road:False   Total T: 305053 Episode Num: 999 Episode T: 447 Reward: 471.560 Cost: 16.000
arrive destination: True ,out of road:False   Total T: 305362 Episode Num: 1000 Episode T: 309 Reward: 398.134 Cost: 18.000
arrive destination: False ,out of road:True   Total T: 305703 Episode Num: 1001 Episode T: 341 Reward: 246.590 Cost: 47.000
arrive destination: True ,out of road:False   Total T: 306054 Episode Num: 1002 Episode T: 351 Reward: 359.101 Cost: 26.000
arrive destination: True ,out of road:False   Total T: 306512 Episode Num: 1003 Episode T: 458 Reward: 474.693 Cost: 19.000
arrive destination: True ,out of road:False   Total T: 306697 Episode Num: 1004 Episode T: 185 Reward: 269.251 Cost: 0.000
arrive destination: True ,out of road:False   Total T: 306948 Episode Num: 1005 Episode T: 251 Reward: 335.839 Cost: 7.000
arrive destination: True ,out of road:False   Total T: 307331 Episode Num: 1006 Episode T: 383 Reward: 400.616 Cost: 27.000
arrive destination: True ,out of road:False   Total T: 307760 Episode Num: 1007 Episode T: 429 Reward: 500.936 Cost: 19.000
arrive destination: True ,out of road:False   Total T: 307979 Episode Num: 1008 Episode T: 219 Reward: 246.816 Cost: 0.000
arrive destination: True ,out of road:False   Total T: 308372 Episode Num: 1009 Episode T: 393 Reward: 368.888 Cost: 32.000
arrive destination: True ,out of road:False   Total T: 308906 Episode Num: 1010 Episode T: 534 Reward: 528.378 Cost: 67.000
arrive destination: True ,out of road:False   Total T: 309339 Episode Num: 1011 Episode T: 433 Reward: 418.562 Cost: 40.000
arrive destination: True ,out of road:False   Total T: 309788 Episode Num: 1012 Episode T: 449 Reward: 401.646 Cost: 25.000
---------------------------------------
Evaluation over 20 episodes: 0.600 Cost 26.050.             SafeRL used : use_recovery
---------------------------------------
[34;1m
Time: 2026-06-30 03:34:41, Time spent from previous logger: 196.916 s[0m
[34;1mCustomLogger with fileds: ['total_steps', 'EpRet', 'EpCost', 'CostRate'][0m
[34;1mfieldvalues: [310000, 0.6, 26.05, 0.06252600814841339]
[0m
arrive destination: True ,out of road:False   Total T: 310361 Episode Num: 1013 Episode T: 573 Reward: 597.405 Cost: 13.000
arrive destination: True ,out of road:False   Total T: 310627 Episode Num: 1014 Episode T: 266 Reward: 266.071 Cost: 20.000
arrive destination: False ,out of road:True   Total T: 310735 Episode Num: 1015 Episode T: 108 Reward: 87.169 Cost: 3.000
arrive destination: False ,out of road:True   Total T: 311012 Episode Num: 1016 Episode T: 277 Reward: 194.844 Cost: 49.000
arrive destination: True ,out of road:False   Total T: 311332 Episode Num: 1017 Episode T: 320 Reward: 398.718 Cost: 9.000
arrive destination: True ,out of road:False   Total T: 311785 Episode Num: 1018 Episode T: 453 Reward: 402.038 Cost: 44.000
arrive destination: True ,out of road:False   Total T: 312313 Episode Num: 1019 Episode T: 528 Reward: 519.844 Cost: 32.000
arrive destination: False ,out of road:True   Total T: 312509 Episode Num: 1020 Episode T: 196 Reward: 220.341 Cost: 16.000
arrive destination: True ,out of road:False   Total T: 312945 Episode Num: 1021 Episode T: 436 Reward: 424.429 Cost: 57.000
arrive destination: False ,out of road:True   Total T: 313272 Episode Num: 1022 Episode T: 327 Reward: 331.895 Cost: 26.000
arrive destination: False ,out of road:True   Total T: 313406 Episode Num: 1023 Episode T: 134 Reward: 140.254 Cost: 1.000
arrive destination: True ,out of road:False   Total T: 313623 Episode Num: 1024 Episode T: 217 Reward: 283.231 Cost: 2.000
arrive destination: True ,out of road:False   Total T: 313812 Episode Num: 1025 Episode T: 189 Reward: 269.906 Cost: 6.000
arrive destination: True ,out of road:False   Total T: 314285 Episode Num: 1026 Episode T: 473 Reward: 513.157 Cost: 39.000
arrive destination: True ,out of road:False   Total T: 314730 Episode Num: 1027 Episode T: 445 Reward: 470.536 Cost: 20.000
arrive destination: True ,out of road:False   Total T: 314919 Episode Num: 1028 Episode T: 189 Reward: 269.580 Cost: 1.000
arrive destination: True ,out of road:False   Total T: 315486 Episode Num: 1029 Episode T: 567 Reward: 519.391 Cost: 69.000
arrive destination: True ,out of road:False   Total T: 316161 Episode Num: 1030 Episode T: 675 Reward: 517.974 Cost: 94.000
arrive destination: False ,out of road:True   Total T: 317022 Episode Num: 1031 Episode T: 861 Reward: 73.146 Cost: 40.000
arrive destination: True ,out of road:False   Total T: 317525 Episode Num: 1032 Episode T: 503 Reward: 493.555 Cost: 51.000
arrive destination: True ,out of road:False   Total T: 318126 Episode Num: 1033 Episode T: 601 Reward: 518.085 Cost: 60.000
arrive destination: True ,out of road:False   Total T: 318512 Episode Num: 1034 Episode T: 386 Reward: 376.620 Cost: 19.000
arrive destination: True ,out of road:False   Total T: 318963 Episode Num: 1035 Episode T: 451 Reward: 471.061 Cost: 25.000
arrive destination: True ,out of road:False   Total T: 319228 Episode Num: 1036 Episode T: 265 Reward: 267.458 Cost: 22.000
arrive destination: True ,out of road:False   Total T: 319490 Episode Num: 1037 Episode T: 262 Reward: 265.483 Cost: 30.000
arrive destination: True ,out of road:False   Total T: 319969 Episode Num: 1038 Episode T: 479 Reward: 509.930 Cost: 48.000
---------------------------------------
Evaluation over 20 episodes: 0.700 Cost 18.500.             SafeRL used : use_recovery
---------------------------------------
[34;1m
Time: 2026-06-30 03:38:04, Time spent from previous logger: 203.567 s[0m
[34;1mCustomLogger with fileds: ['total_steps', 'EpRet', 'EpCost', 'CostRate'][0m
[34;1mfieldvalues: [320000, 0.7, 18.5, 0.06305644705139704]
[0m
arrive destination: True ,out of road:False   Total T: 320215 Episode Num: 1039 Episode T: 246 Reward: 296.058 Cost: 0.000
arrive destination: False ,out of road:False   Total T: 321215 Episode Num: 1040 Episode T: 1000 Reward: 391.452 Cost: 85.000
arrive destination: True ,out of road:False   Total T: 321617 Episode Num: 1041 Episode T: 402 Reward: 421.475 Cost: 42.000
arrive destination: False ,out of road:True   Total T: 321922 Episode Num: 1042 Episode T: 305 Reward: 211.825 Cost: 31.000
arrive destination: True ,out of road:False   Total T: 322145 Episode Num: 1043 Episode T: 223 Reward: 286.425 Cost: 0.000
arrive destination: True ,out of road:False   Total T: 322598 Episode Num: 1044 Episode T: 453 Reward: 475.437 Cost: 24.000
arrive destination: True ,out of road:False   Total T: 322839 Episode Num: 1045 Episode T: 241 Reward: 287.939 Cost: 1.000
arrive destination: False ,out of road:True   Total T: 323083 Episode Num: 1046 Episode T: 244 Reward: 223.752 Cost: 35.000
arrive destination: True ,out of road:False   Total T: 323302 Episode Num: 1047 Episode T: 219 Reward: 286.140 Cost: 4.000
arrive destination: True ,out of road:False   Total T: 323558 Episode Num: 1048 Episode T: 256 Reward: 271.185 Cost: 10.000
arrive destination: True ,out of road:False   Total T: 323903 Episode Num: 1049 Episode T: 345 Reward: 362.411 Cost: 28.000
arrive destination: True ,out of road:False   Total T: 324270 Episode Num: 1050 Episode T: 367 Reward: 407.968 Cost: 0.000
arrive destination: True ,out of road:False   Total T: 324518 Episode Num: 1051 Episode T: 248 Reward: 232.195 Cost: 35.000
arrive destination: True ,out of road:False   Total T: 325100 Episode Num: 1052 Episode T: 582 Reward: 517.839 Cost: 51.000
arrive destination: True ,out of road:False   Total T: 325442 Episode Num: 1053 Episode T: 342 Reward: 401.285 Cost: 0.000
arrive destination: True ,out of road:False   Total T: 325816 Episode Num: 1054 Episode T: 374 Reward: 373.006 Cost: 36.000
arrive destination: True ,out of road:False   Total T: 326349 Episode Num: 1055 Episode T: 533 Reward: 522.103 Cost: 81.000
arrive destination: False ,out of road:True   Total T: 326445 Episode Num: 1056 Episode T: 96 Reward: 76.189 Cost: 3.000
arrive destination: True ,out of road:False   Total T: 326629 Episode Num: 1057 Episode T: 184 Reward: 269.350 Cost: 0.000
arrive destination: True ,out of road:False   Total T: 326883 Episode Num: 1058 Episode T: 254 Reward: 277.512 Cost: 0.000
arrive destination: True ,out of road:False   Total T: 327106 Episode Num: 1059 Episode T: 223 Reward: 286.657 Cost: 0.000
arrive destination: True ,out of road:False   Total T: 327557 Episode Num: 1060 Episode T: 451 Reward: 473.955 Cost: 39.000
arrive destination: True ,out of road:False   Total T: 327786 Episode Num: 1061 Episode T: 229 Reward: 288.719 Cost: 1.000
arrive destination: True ,out of road:False   Total T: 327994 Episode Num: 1062 Episode T: 208 Reward: 284.665 Cost: 0.000
arrive destination: True ,out of road:False   Total T: 328373 Episode Num: 1063 Episode T: 379 Reward: 382.743 Cost: 46.000
arrive destination: True ,out of road:False   Total T: 328607 Episode Num: 1064 Episode T: 234 Reward: 273.917 Cost: 7.000
arrive destination: False ,out of road:True   Total T: 328741 Episode Num: 1065 Episode T: 134 Reward: 139.969 Cost: 1.000
arrive destination: True ,out of road:False   Total T: 328963 Episode Num: 1066 Episode T: 222 Reward: 249.207 Cost: 0.000
arrive destination: True ,out of road:False   Total T: 329227 Episode Num: 1067 Episode T: 264 Reward: 277.327 Cost: 0.000
arrive destination: True ,out of road:False   Total T: 329463 Episode Num: 1068 Episode T: 236 Reward: 334.735 Cost: 0.000
arrive destination: False ,out of road:True   Total T: 329560 Episode Num: 1069 Episode T: 97 Reward: 81.148 Cost: 2.000
arrive destination: True ,out of road:False   Total T: 329797 Episode Num: 1070 Episode T: 237 Reward: 275.699 Cost: 0.000
arrive destination: False ,out of road:True   Total T: 329927 Episode Num: 1071 Episode T: 130 Reward: 137.630 Cost: 1.000
---------------------------------------
Evaluation over 20 episodes: 0.650 Cost 16.600.             SafeRL used : use_recovery
---------------------------------------
[34;1m
Time: 2026-06-30 03:41:18, Time spent from previous logger: 193.442 s[0m
[34;1mCustomLogger with fileds: ['total_steps', 'EpRet', 'EpCost', 'CostRate'][0m
[34;1mfieldvalues: [330000, 0.65, 16.6, 0.06285170561122913]
[0m
arrive destination: True ,out of road:False   Total T: 330207 Episode Num: 1072 Episode T: 280 Reward: 304.019 Cost: 0.000
arrive destination: True ,out of road:False   Total T: 330389 Episode Num: 1073 Episode T: 182 Reward: 270.107 Cost: 6.000
arrive destination: False ,out of road:True   Total T: 330486 Episode Num: 1074 Episode T: 97 Reward: 85.957 Cost: 2.000
arrive destination: True ,out of road:False   Total T: 330741 Episode Num: 1075 Episode T: 255 Reward: 285.654 Cost: 11.000
arrive destination: False ,out of road:True   Total T: 330953 Episode Num: 1076 Episode T: 212 Reward: 273.776 Cost: 7.000
arrive destination: True ,out of road:False   Total T: 331392 Episode Num: 1077 Episode T: 439 Reward: 472.533 Cost: 28.000
arrive destination: True ,out of road:False   Total T: 331633 Episode Num: 1078 Episode T: 241 Reward: 295.809 Cost: 12.000
arrive destination: False ,out of road:True   Total T: 331730 Episode Num: 1079 Episode T: 97 Reward: 77.674 Cost: 3.000
arrive destination: True ,out of road:False   Total T: 331994 Episode Num: 1080 Episode T: 264 Reward: 264.384 Cost: 13.000
arrive destination: False ,out of road:True   Total T: 332313 Episode Num: 1081 Episode T: 319 Reward: 362.706 Cost: 1.000
arrive destination: True ,out of road:False   Total T: 332570 Episode Num: 1082 Episode T: 257 Reward: 270.646 Cost: 6.000
arrive destination: True ,out of road:False   Total T: 332784 Episode Num: 1083 Episode T: 214 Reward: 247.736 Cost: 0.000
arrive destination: True ,out of road:False   Total T: 333211 Episode Num: 1084 Episode T: 427 Reward: 371.236 Cost: 42.000
arrive destination: True ,out of road:False   Total T: 333646 Episode Num: 1085 Episode T: 435 Reward: 424.509 Cost: 33.000
arrive destination: True ,out of road:False   Total T: 334041 Episode Num: 1086 Episode T: 395 Reward: 418.172 Cost: 34.000
arrive destination: False ,out of road:True   Total T: 334269 Episode Num: 1087 Episode T: 228 Reward: 224.251 Cost: 19.000
arrive destination: True ,out of road:False   Total T: 334644 Episode Num: 1088 Episode T: 375 Reward: 381.003 Cost: 40.000
arrive destination: False ,out of road:True   Total T: 334727 Episode Num: 1089 Episode T: 83 Reward: 62.925 Cost: 1.000
arrive destination: True ,out of road:False   Total T: 335100 Episode Num: 1090 Episode T: 373 Reward: 406.177 Cost: 0.000
arrive destination: True ,out of road:False   Total T: 335412 Episode Num: 1091 Episode T: 312 Reward: 400.467 Cost: 11.000
arrive destination: True ,out of road:False   Total T: 335625 Episode Num: 1092 Episode T: 213 Reward: 246.114 Cost: 0.000
arrive destination: True ,out of road:False   Total T: 335843 Episode Num: 1093 Episode T: 218 Reward: 286.799 Cost: 0.000
arrive destination: True ,out of road:False   Total T: 336097 Episode Num: 1094 Episode T: 254 Reward: 266.731 Cost: 22.000
arrive destination: True ,out of road:False   Total T: 336299 Episode Num: 1095 Episode T: 202 Reward: 282.930 Cost: 2.000
arrive destination: True ,out of road:False   Total T: 336708 Episode Num: 1096 Episode T: 409 Reward: 470.508 Cost: 10.000
arrive destination: True ,out of road:False   Total T: 336948 Episode Num: 1097 Episode T: 240 Reward: 274.741 Cost: 0.000
arrive destination: True ,out of road:False   Total T: 337437 Episode Num: 1098 Episode T: 489 Reward: 381.911 Cost: 50.000
arrive destination: True ,out of road:False   Total T: 337808 Episode Num: 1099 Episode T: 371 Reward: 402.853 Cost: 0.000
arrive destination: True ,out of road:False   Total T: 338097 Episode Num: 1100 Episode T: 289 Reward: 352.877 Cost: 16.000
arrive destination: False ,out of road:True   Total T: 338194 Episode Num: 1101 Episode T: 97 Reward: 77.069 Cost: 5.000
arrive destination: True ,out of road:False   Total T: 338748 Episode Num: 1102 Episode T: 554 Reward: 520.590 Cost: 63.000
arrive destination: True ,out of road:False   Total T: 339171 Episode Num: 1103 Episode T: 423 Reward: 382.316 Cost: 38.000
arrive destination: False ,out of road:True   Total T: 339883 Episode Num: 1104 Episode T: 712 Reward: 360.795 Cost: 114.000
arrive destination: False ,out of road:True   Total T: 339981 Episode Num: 1105 Episode T: 98 Reward: 83.257 Cost: 2.000
---------------------------------------
Evaluation over 20 episodes: 0.500 Cost 19.900.             SafeRL used : use_recovery
---------------------------------------
[34;1m
Time: 2026-06-30 03:44:29, Time spent from previous logger: 190.774 s[0m
[34;1mCustomLogger with fileds: ['total_steps', 'EpRet', 'EpCost', 'CostRate'][0m
[34;1mfieldvalues: [340000, 0.5, 19.9, 0.06274136100400295]
[0m
arrive destination: False ,out of road:True   Total T: 340094 Episode Num: 1106 Episode T: 113 Reward: 84.561 Cost: 2.000
arrive destination: True ,out of road:False   Total T: 340336 Episode Num: 1107 Episode T: 242 Reward: 271.316 Cost: 0.000
arrive destination: True ,out of road:False   Total T: 340591 Episode Num: 1108 Episode T: 255 Reward: 265.568 Cost: 18.000
arrive destination: True ,out of road:False   Total T: 340876 Episode Num: 1109 Episode T: 285 Reward: 293.972 Cost: 24.000
arrive destination: True ,out of road:False   Total T: 341235 Episode Num: 1110 Episode T: 359 Reward: 408.735 Cost: 6.000
arrive destination: True ,out of road:False   Total T: 341620 Episode Num: 1111 Episode T: 385 Reward: 381.511 Cost: 45.000
arrive destination: True ,out of road:False   Total T: 341828 Episode Num: 1112 Episode T: 208 Reward: 247.304 Cost: 0.000
arrive destination: False ,out of road:True   Total T: 342140 Episode Num: 1113 Episode T: 312 Reward: 359.354 Cost: 1.000
arrive destination: True ,out of road:False   Total T: 342359 Episode Num: 1114 Episode T: 219 Reward: 248.855 Cost: 0.000
arrive destination: False ,out of road:True   Total T: 342456 Episode Num: 1115 Episode T: 97 Reward: 77.344 Cost: 2.000
arrive destination: True ,out of road:False   Total T: 342910 Episode Num: 1116 Episode T: 454 Reward: 369.722 Cost: 36.000
arrive destination: False ,out of road:True   Total T: 343006 Episode Num: 1117 Episode T: 96 Reward: 77.394 Cost: 3.000
arrive destination: True ,out of road:False   Total T: 343223 Episode Num: 1118 Episode T: 217 Reward: 285.210 Cost: 3.000
arrive destination: True ,out of road:False   Total T: 343481 Episode Num: 1119 Episode T: 258 Reward: 277.097 Cost: 2.000
arrive destination: True ,out of road:False   Total T: 343925 Episode Num: 1120 Episode T: 444 Reward: 473.568 Cost: 22.000
arrive destination: False ,out of road:True   Total T: 344030 Episode Num: 1121 Episode T: 105 Reward: 77.570 Cost: 5.000
arrive destination: True ,out of road:False   Total T: 344236 Episode Num: 1122 Episode T: 206 Reward: 243.232 Cost: 0.000
arrive destination: True ,out of road:False   Total T: 344780 Episode Num: 1123 Episode T: 544 Reward: 420.145 Cost: 43.000
arrive destination: True ,out of road:False   Total T: 345242 Episode Num: 1124 Episode T: 462 Reward: 407.476 Cost: 23.000
arrive destination: True ,out of road:False   Total T: 345482 Episode Num: 1125 Episode T: 240 Reward: 336.219 Cost: 0.000
arrive destination: True ,out of road:False   Total T: 345939 Episode Num: 1126 Episode T: 457 Reward: 500.151 Cost: 28.000
arrive destination: True ,out of road:False   Total T: 346452 Episode Num: 1127 Episode T: 513 Reward: 500.401 Cost: 39.000
arrive destination: False ,out of road:True   Total T: 346585 Episode Num: 1128 Episode T: 133 Reward: 121.162 Cost: 9.000
arrive destination: True ,out of road:False   Total T: 346769 Episode Num: 1129 Episode T: 184 Reward: 270.029 Cost: 0.000
arrive destination: True ,out of road:False   Total T: 347024 Episode Num: 1130 Episode T: 255 Reward: 335.720 Cost: 4.000
arrive destination: True ,out of road:False   Total T: 347554 Episode Num: 1131 Episode T: 530 Reward: 418.122 Cost: 60.000
arrive destination: True ,out of road:False   Total T: 347962 Episode Num: 1132 Episode T: 408 Reward: 402.312 Cost: 21.000
arrive destination: True ,out of road:False   Total T: 348209 Episode Num: 1133 Episode T: 247 Reward: 232.563 Cost: 40.000
arrive destination: True ,out of road:False   Total T: 348480 Episode Num: 1134 Episode T: 271 Reward: 335.504 Cost: 2.000
arrive destination: True ,out of road:False   Total T: 348781 Episode Num: 1135 Episode T: 301 Reward: 398.737 Cost: 18.000
arrive destination: True ,out of road:False   Total T: 349147 Episode Num: 1136 Episode T: 366 Reward: 354.475 Cost: 38.000
arrive destination: True ,out of road:False   Total T: 349394 Episode Num: 1137 Episode T: 247 Reward: 232.534 Cost: 35.000
arrive destination: True ,out of road:False   Total T: 349918 Episode Num: 1138 Episode T: 524 Reward: 440.689 Cost: 42.000
---------------------------------------
Evaluation over 20 episodes: 0.350 Cost 17.350.             SafeRL used : use_recovery
---------------------------------------
[34;1m
Time: 2026-06-30 03:47:33, Time spent from previous logger: 184.436 s[0m
[34;1mCustomLogger with fileds: ['total_steps', 'EpRet', 'EpCost', 'CostRate'][0m
[34;1mfieldvalues: [350000, 0.35, 17.35, 0.06258017880051085]
[0m
arrive destination: True ,out of road:False   Total T: 350181 Episode Num: 1139 Episode T: 263 Reward: 343.147 Cost: 5.000
arrive destination: False ,out of road:True   Total T: 350426 Episode Num: 1140 Episode T: 245 Reward: 228.955 Cost: 9.000
arrive destination: True ,out of road:False   Total T: 350632 Episode Num: 1141 Episode T: 206 Reward: 285.038 Cost: 0.000
arrive destination: True ,out of road:False   Total T: 351086 Episode Num: 1142 Episode T: 454 Reward: 468.746 Cost: 22.000
arrive destination: True ,out of road:False   Total T: 351325 Episode Num: 1143 Episode T: 239 Reward: 278.588 Cost: 0.000
arrive destination: True ,out of road:False   Total T: 351555 Episode Num: 1144 Episode T: 230 Reward: 274.124 Cost: 0.000
arrive destination: True ,out of road:False   Total T: 351758 Episode Num: 1145 Episode T: 203 Reward: 284.752 Cost: 2.000
arrive destination: True ,out of road:False   Total T: 351973 Episode Num: 1146 Episode T: 215 Reward: 246.436 Cost: 0.000
arrive destination: True ,out of road:False   Total T: 352363 Episode Num: 1147 Episode T: 390 Reward: 369.174 Cost: 26.000
arrive destination: True ,out of road:True   Total T: 352875 Episode Num: 1148 Episode T: 512 Reward: 420.799 Cost: 48.000
arrive destination: True ,out of road:False   Total T: 353053 Episode Num: 1149 Episode T: 178 Reward: 268.951 Cost: 2.000
arrive destination: True ,out of road:False   Total T: 353306 Episode Num: 1150 Episode T: 253 Reward: 335.500 Cost: 5.000
arrive destination: True ,out of road:False   Total T: 353815 Episode Num: 1151 Episode T: 509 Reward: 526.186 Cost: 52.000
arrive destination: True ,out of road:False   Total T: 354052 Episode Num: 1152 Episode T: 237 Reward: 296.131 Cost: 16.000
arrive destination: False ,out of road:True   Total T: 354319 Episode Num: 1153 Episode T: 267 Reward: 228.489 Cost: 14.000
arrive destination: True ,out of road:False   Total T: 354867 Episode Num: 1154 Episode T: 548 Reward: 511.100 Cost: 28.000
arrive destination: False ,out of road:True   Total T: 355186 Episode Num: 1155 Episode T: 319 Reward: 360.147 Cost: 1.000
arrive destination: False ,out of road:True   Total T: 355513 Episode Num: 1156 Episode T: 327 Reward: 365.384 Cost: 1.000
arrive destination: True ,out of road:False   Total T: 355786 Episode Num: 1157 Episode T: 273 Reward: 336.213 Cost: 1.000
arrive destination: True ,out of road:False   Total T: 356038 Episode Num: 1158 Episode T: 252 Reward: 295.615 Cost: 22.000
arrive destination: True ,out of road:False   Total T: 356284 Episode Num: 1159 Episode T: 246 Reward: 231.925 Cost: 36.000
arrive destination: True ,out of road:False   Total T: 356515 Episode Num: 1160 Episode T: 231 Reward: 272.999 Cost: 0.000
arrive destination: False ,out of road:True   Total T: 356834 Episode Num: 1161 Episode T: 319 Reward: 271.648 Cost: 23.000
arrive destination: False ,out of road:True   Total T: 357156 Episode Num: 1162 Episode T: 322 Reward: 360.644 Cost: 1.000
arrive destination: True ,out of road:False   Total T: 357420 Episode Num: 1163 Episode T: 264 Reward: 266.100 Cost: 15.000
arrive destination: True ,out of road:False   Total T: 357707 Episode Num: 1164 Episode T: 287 Reward: 376.686 Cost: 26.000
arrive destination: True ,out of road:False   Total T: 357994 Episode Num: 1165 Episode T: 287 Reward: 270.168 Cost: 15.000
arrive destination: True ,out of road:False   Total T: 358510 Episode Num: 1166 Episode T: 516 Reward: 496.039 Cost: 65.000
arrive destination: True ,out of road:False   Total T: 358727 Episode Num: 1167 Episode T: 217 Reward: 248.841 Cost: 0.000
arrive destination: False ,out of road:True   Total T: 358850 Episode Num: 1168 Episode T: 123 Reward: 102.098 Cost: 9.000
arrive destination: True ,out of road:False   Total T: 359272 Episode Num: 1169 Episode T: 422 Reward: 377.468 Cost: 31.000
arrive destination: True ,out of road:False   Total T: 359511 Episode Num: 1170 Episode T: 239 Reward: 335.621 Cost: 1.000
arrive destination: True ,out of road:False   Total T: 359856 Episode Num: 1171 Episode T: 345 Reward: 335.913 Cost: 7.000
---------------------------------------
Evaluation over 20 episodes: 0.700 Cost 10.450.             SafeRL used : use_recovery
---------------------------------------
[34;1m
Time: 2026-06-30 03:50:34, Time spent from previous logger: 181.152 s[0m
[34;1mCustomLogger with fileds: ['total_steps', 'EpRet', 'EpCost', 'CostRate'][0m
[34;1mfieldvalues: [360000, 0.7, 10.45, 0.062186283850788476]
[0m
arrive destination: True ,out of road:False   Total T: 360342 Episode Num: 1172 Episode T: 486 Reward: 529.443 Cost: 37.000
arrive destination: True ,out of road:False   Total T: 360811 Episode Num: 1173 Episode T: 469 Reward: 472.712 Cost: 38.000
arrive destination: True ,out of road:False   Total T: 361349 Episode Num: 1174 Episode T: 538 Reward: 498.480 Cost: 62.000
arrive destination: True ,out of road:False   Total T: 361836 Episode Num: 1175 Episode T: 487 Reward: 504.932 Cost: 19.000
arrive destination: True ,out of road:False   Total T: 362039 Episode Num: 1176 Episode T: 203 Reward: 284.992 Cost: 0.000
arrive destination: False ,out of road:True   Total T: 362486 Episode Num: 1177 Episode T: 447 Reward: 416.658 Cost: 44.000
arrive destination: True ,out of road:False   Total T: 362949 Episode Num: 1178 Episode T: 463 Reward: 472.227 Cost: 14.000
arrive destination: True ,out of road:False   Total T: 363125 Episode Num: 1179 Episode T: 176 Reward: 269.769 Cost: 4.000
arrive destination: True ,out of road:False   Total T: 363375 Episode Num: 1180 Episode T: 250 Reward: 276.853 Cost: 0.000
arrive destination: True ,out of road:False   Total T: 363903 Episode Num: 1181 Episode T: 528 Reward: 405.508 Cost: 46.000
arrive destination: True ,out of road:False   Total T: 364202 Episode Num: 1182 Episode T: 299 Reward: 354.617 Cost: 5.000
arrive destination: True ,out of road:False   Total T: 364437 Episode Num: 1183 Episode T: 235 Reward: 275.596 Cost: 0.000
arrive destination: True ,out of road:False   Total T: 364654 Episode Num: 1184 Episode T: 217 Reward: 286.747 Cost: 2.000
arrive destination: True ,out of road:False   Total T: 364935 Episode Num: 1185 Episode T: 281 Reward: 268.166 Cost: 17.000
arrive destination: True ,out of road:False   Total T: 365390 Episode Num: 1186 Episode T: 455 Reward: 474.531 Cost: 22.000
arrive destination: True ,out of road:False   Total T: 365631 Episode Num: 1187 Episode T: 241 Reward: 273.292 Cost: 0.000
arrive destination: True ,out of road:False   Total T: 365807 Episode Num: 1188 Episode T: 176 Reward: 270.034 Cost: 0.000
arrive destination: False ,out of road:True   Total T: 366105 Episode Num: 1189 Episode T: 298 Reward: 321.133 Cost: 20.000
arrive destination: False ,out of road:True   Total T: 366355 Episode Num: 1190 Episode T: 250 Reward: 252.204 Cost: 16.000
arrive destination: True ,out of road:False   Total T: 366869 Episode Num: 1191 Episode T: 514 Reward: 495.499 Cost: 39.000
arrive destination: True ,out of road:False   Total T: 367099 Episode Num: 1192 Episode T: 230 Reward: 335.858 Cost: 3.000
arrive destination: False ,out of road:True   Total T: 367196 Episode Num: 1193 Episode T: 97 Reward: 79.555 Cost: 2.000
arrive destination: True ,out of road:False   Total T: 367673 Episode Num: 1194 Episode T: 477 Reward: 491.061 Cost: 32.000
arrive destination: False ,out of road:True   Total T: 368048 Episode Num: 1195 Episode T: 375 Reward: 365.681 Cost: 14.000
arrive destination: True ,out of road:False   Total T: 368260 Episode Num: 1196 Episode T: 212 Reward: 247.341 Cost: 0.000
arrive destination: True ,out of road:False   Total T: 368778 Episode Num: 1197 Episode T: 518 Reward: 415.197 Cost: 84.000
arrive destination: True ,out of road:False   Total T: 369205 Episode Num: 1198 Episode T: 427 Reward: 410.888 Cost: 11.000
arrive destination: True ,out of road:False   Total T: 369502 Episode Num: 1199 Episode T: 297 Reward: 266.703 Cost: 24.000
arrive destination: True ,out of road:False   Total T: 369750 Episode Num: 1200 Episode T: 248 Reward: 231.814 Cost: 37.000
---------------------------------------
Evaluation over 20 episodes: 0.550 Cost 8.100.             SafeRL used : use_recovery
---------------------------------------
[34;1m
Time: 2026-06-30 03:53:36, Time spent from previous logger: 182.301 s[0m
[34;1mCustomLogger with fileds: ['total_steps', 'EpRet', 'EpCost', 'CostRate'][0m
[34;1mfieldvalues: [370000, 0.55, 8.1, 0.06210287054829878]
[0m
arrive destination: False ,out of road:True   Total T: 370115 Episode Num: 1201 Episode T: 365 Reward: 363.437 Cost: 6.000
arrive destination: True ,out of road:False   Total T: 370344 Episode Num: 1202 Episode T: 229 Reward: 295.553 Cost: 9.000
arrive destination: True ,out of road:False   Total T: 370800 Episode Num: 1203 Episode T: 456 Reward: 418.886 Cost: 30.000
arrive destination: True ,out of road:False   Total T: 371051 Episode Num: 1204 Episode T: 251 Reward: 231.525 Cost: 27.000
arrive destination: False ,out of road:True   Total T: 371393 Episode Num: 1205 Episode T: 342 Reward: 360.951 Cost: 6.000
arrive destination: True ,out of road:False   Total T: 371570 Episode Num: 1206 Episode T: 177 Reward: 270.195 Cost: 0.000
arrive destination: True ,out of road:False   Total T: 371999 Episode Num: 1207 Episode T: 429 Reward: 422.159 Cost: 37.000
arrive destination: True ,out of road:False   Total T: 372513 Episode Num: 1208 Episode T: 514 Reward: 494.377 Cost: 43.000
arrive destination: True ,out of road:False   Total T: 372855 Episode Num: 1209 Episode T: 342 Reward: 360.729 Cost: 33.000
arrive destination: False ,out of road:True   Total T: 373060 Episode Num: 1210 Episode T: 205 Reward: 190.716 Cost: 22.000
arrive destination: True ,out of road:False   Total T: 373343 Episode Num: 1211 Episode T: 283 Reward: 285.466 Cost: 26.000
arrive destination: True ,out of road:False   Total T: 373592 Episode Num: 1212 Episode T: 249 Reward: 232.826 Cost: 23.000
arrive destination: True ,out of road:False   Total T: 374158 Episode Num: 1213 Episode T: 566 Reward: 508.899 Cost: 66.000
arrive destination: True ,out of road:False   Total T: 374733 Episode Num: 1214 Episode T: 575 Reward: 422.260 Cost: 61.000
arrive destination: True ,out of road:False   Total T: 375179 Episode Num: 1215 Episode T: 446 Reward: 368.966 Cost: 45.000
arrive destination: False ,out of road:True   Total T: 375372 Episode Num: 1216 Episode T: 193 Reward: 219.028 Cost: 10.000
arrive destination: True ,out of road:False   Total T: 375561 Episode Num: 1217 Episode T: 189 Reward: 268.989 Cost: 3.000
arrive destination: True ,out of road:False   Total T: 375797 Episode Num: 1218 Episode T: 236 Reward: 295.581 Cost: 14.000
arrive destination: True ,out of road:False   Total T: 376278 Episode Num: 1219 Episode T: 481 Reward: 406.689 Cost: 36.000
arrive destination: False ,out of road:True   Total T: 376387 Episode Num: 1220 Episode T: 109 Reward: 76.502 Cost: 7.000
arrive destination: True ,out of road:False   Total T: 377010 Episode Num: 1221 Episode T: 623 Reward: 518.462 Cost: 49.000
arrive destination: True ,out of road:False   Total T: 377197 Episode Num: 1222 Episode T: 187 Reward: 279.070 Cost: 6.000
arrive destination: False ,out of road:True   Total T: 377321 Episode Num: 1223 Episode T: 124 Reward: 144.858 Cost: 3.000
arrive destination: True ,out of road:False   Total T: 377743 Episode Num: 1224 Episode T: 422 Reward: 378.288 Cost: 35.000
arrive destination: True ,out of road:False   Total T: 377950 Episode Num: 1225 Episode T: 207 Reward: 284.607 Cost: 0.000
arrive destination: True ,out of road:False   Total T: 378170 Episode Num: 1226 Episode T: 220 Reward: 296.080 Cost: 8.000
arrive destination: True ,out of road:False   Total T: 378622 Episode Num: 1227 Episode T: 452 Reward: 508.767 Cost: 30.000
arrive destination: False ,out of road:True   Total T: 378728 Episode Num: 1228 Episode T: 106 Reward: 77.828 Cost: 8.000
arrive destination: True ,out of road:False   Total T: 378965 Episode Num: 1229 Episode T: 237 Reward: 273.444 Cost: 0.000
arrive destination: True ,out of road:False   Total T: 379326 Episode Num: 1230 Episode T: 361 Reward: 381.663 Cost: 25.000
arrive destination: False ,out of road:True   Total T: 379490 Episode Num: 1231 Episode T: 164 Reward: 185.437 Cost: 6.000
arrive destination: True ,out of road:False   Total T: 379753 Episode Num: 1232 Episode T: 263 Reward: 267.200 Cost: 6.000
---------------------------------------
Evaluation over 20 episodes: 0.750 Cost 17.700.             SafeRL used : use_recovery
---------------------------------------
[34;1m
Time: 2026-06-30 03:56:45, Time spent from previous logger: 188.292 s[0m
[34;1mCustomLogger with fileds: ['total_steps', 'EpRet', 'EpCost', 'CostRate'][0m
[34;1mfieldvalues: [380000, 0.75, 17.7, 0.06229490077605467]
[0m
arrive destination: True ,out of road:False   Total T: 380334 Episode Num: 1233 Episode T: 581 Reward: 609.419 Cost: 29.000
arrive destination: True ,out of road:False   Total T: 380816 Episode Num: 1234 Episode T: 482 Reward: 421.640 Cost: 40.000
arrive destination: True ,out of road:False   Total T: 381188 Episode Num: 1235 Episode T: 372 Reward: 407.350 Cost: 2.000
arrive destination: True ,out of road:False   Total T: 381576 Episode Num: 1236 Episode T: 388 Reward: 371.195 Cost: 22.000
arrive destination: True ,out of road:False   Total T: 381818 Episode Num: 1237 Episode T: 242 Reward: 276.893 Cost: 0.000
arrive destination: True ,out of road:False   Total T: 382036 Episode Num: 1238 Episode T: 218 Reward: 249.342 Cost: 0.000
arrive destination: True ,out of road:False   Total T: 382487 Episode Num: 1239 Episode T: 451 Reward: 477.595 Cost: 9.000
arrive destination: False ,out of road:False   Total T: 383487 Episode Num: 1240 Episode T: 1000 Reward: 354.582 Cost: 24.000
arrive destination: True ,out of road:False   Total T: 384077 Episode Num: 1241 Episode T: 590 Reward: 422.857 Cost: 46.000
arrive destination: True ,out of road:False   Total T: 384556 Episode Num: 1242 Episode T: 479 Reward: 510.194 Cost: 45.000
arrive destination: False ,out of road:True   Total T: 384720 Episode Num: 1243 Episode T: 164 Reward: 153.988 Cost: 13.000
arrive destination: True ,out of road:False   Total T: 385150 Episode Num: 1244 Episode T: 430 Reward: 377.700 Cost: 34.000
arrive destination: True ,out of road:False   Total T: 385384 Episode Num: 1245 Episode T: 234 Reward: 274.214 Cost: 0.000
arrive destination: False ,out of road:True   Total T: 385547 Episode Num: 1246 Episode T: 163 Reward: 124.655 Cost: 16.000
arrive destination: True ,out of road:False   Total T: 385880 Episode Num: 1247 Episode T: 333 Reward: 335.717 Cost: 16.000
arrive destination: True ,out of road:False   Total T: 386089 Episode Num: 1248 Episode T: 209 Reward: 246.513 Cost: 0.000
arrive destination: True ,out of road:False   Total T: 386454 Episode Num: 1249 Episode T: 365 Reward: 405.432 Cost: 4.000
arrive destination: True ,out of road:False   Total T: 386897 Episode Num: 1250 Episode T: 443 Reward: 474.177 Cost: 24.000
arrive destination: True ,out of road:False   Total T: 387422 Episode Num: 1251 Episode T: 525 Reward: 499.848 Cost: 33.000
arrive destination: True ,out of road:False   Total T: 387764 Episode Num: 1252 Episode T: 342 Reward: 404.775 Cost: 0.000
arrive destination: True ,out of road:False   Total T: 388173 Episode Num: 1253 Episode T: 409 Reward: 419.434 Cost: 36.000
arrive destination: False ,out of road:True   Total T: 388347 Episode Num: 1254 Episode T: 174 Reward: 208.287 Cost: 9.000
arrive destination: True ,out of road:False   Total T: 388756 Episode Num: 1255 Episode T: 409 Reward: 400.116 Cost: 20.000
arrive destination: False ,out of road:True   Total T: 389211 Episode Num: 1256 Episode T: 455 Reward: 456.683 Cost: 37.000
arrive destination: True ,out of road:False   Total T: 389458 Episode Num: 1257 Episode T: 247 Reward: 232.859 Cost: 48.000
arrive destination: True ,out of road:False   Total T: 389715 Episode Num: 1258 Episode T: 257 Reward: 295.946 Cost: 12.000
---------------------------------------
Evaluation over 20 episodes: 0.850 Cost 18.800.             SafeRL used : use_recovery
---------------------------------------
[34;1m
Time: 2026-06-30 03:59:56, Time spent from previous logger: 191.330 s[0m
[34;1mCustomLogger with fileds: ['total_steps', 'EpRet', 'EpCost', 'CostRate'][0m
[34;1mfieldvalues: [390000, 0.85, 18.8, 0.06199246664735038]
[0m
arrive destination: False ,out of road:True   Total T: 390399 Episode Num: 1259 Episode T: 684 Reward: 665.944 Cost: 43.000
arrive destination: False ,out of road:True   Total T: 390563 Episode Num: 1260 Episode T: 164 Reward: 207.858 Cost: 6.000
arrive destination: True ,out of road:False   Total T: 390811 Episode Num: 1261 Episode T: 248 Reward: 274.543 Cost: 3.000
arrive destination: True ,out of road:False   Total T: 391021 Episode Num: 1262 Episode T: 210 Reward: 284.662 Cost: 2.000
arrive destination: False ,out of road:True   Total T: 391138 Episode Num: 1263 Episode T: 117 Reward: 78.440 Cost: 7.000
arrive destination: True ,out of road:False   Total T: 391387 Episode Num: 1264 Episode T: 249 Reward: 232.065 Cost: 13.000
arrive destination: True ,out of road:False   Total T: 391691 Episode Num: 1265 Episode T: 304 Reward: 360.281 Cost: 11.000
arrive destination: True ,out of road:False   Total T: 392196 Episode Num: 1266 Episode T: 505 Reward: 511.496 Cost: 47.000
arrive destination: True ,out of road:False   Total T: 392409 Episode Num: 1267 Episode T: 213 Reward: 283.320 Cost: 0.000
arrive destination: True ,out of road:False   Total T: 392925 Episode Num: 1268 Episode T: 516 Reward: 399.145 Cost: 39.000
arrive destination: False ,out of road:True   Total T: 393171 Episode Num: 1269 Episode T: 246 Reward: 231.303 Cost: 8.000
arrive destination: True ,out of road:False   Total T: 393424 Episode Num: 1270 Episode T: 253 Reward: 275.715 Cost: 0.000
arrive destination: True ,out of road:False   Total T: 393839 Episode Num: 1271 Episode T: 415 Reward: 421.571 Cost: 39.000
arrive destination: True ,out of road:False   Total T: 394305 Episode Num: 1272 Episode T: 466 Reward: 423.587 Cost: 38.000
arrive destination: True ,out of road:False   Total T: 394803 Episode Num: 1273 Episode T: 498 Reward: 470.459 Cost: 31.000
arrive destination: True ,out of road:False   Total T: 395019 Episode Num: 1274 Episode T: 216 Reward: 245.402 Cost: 0.000
arrive destination: True ,out of road:False   Total T: 395518 Episode Num: 1275 Episode T: 499 Reward: 499.519 Cost: 53.000
arrive destination: False ,out of road:True   Total T: 395613 Episode Num: 1276 Episode T: 95 Reward: 76.857 Cost: 4.000
arrive destination: False ,out of road:True   Total T: 395959 Episode Num: 1277 Episode T: 346 Reward: 362.619 Cost: 5.000
arrive destination: False ,out of road:True   Total T: 396086 Episode Num: 1278 Episode T: 127 Reward: 145.453 Cost: 5.000
arrive destination: True ,out of road:False   Total T: 396290 Episode Num: 1279 Episode T: 204 Reward: 284.497 Cost: 1.000
arrive destination: False ,out of road:True   Total T: 396604 Episode Num: 1280 Episode T: 314 Reward: 344.376 Cost: 3.000
arrive destination: True ,out of road:False   Total T: 396839 Episode Num: 1281 Episode T: 235 Reward: 274.306 Cost: 0.000
arrive destination: True ,out of road:False   Total T: 397079 Episode Num: 1282 Episode T: 240 Reward: 336.273 Cost: 0.000
arrive destination: False ,out of road:True   Total T: 397259 Episode Num: 1283 Episode T: 180 Reward: 247.189 Cost: 4.000
arrive destination: True ,out of road:False   Total T: 397465 Episode Num: 1284 Episode T: 206 Reward: 285.150 Cost: 0.000
arrive destination: False ,out of road:True   Total T: 397979 Episode Num: 1285 Episode T: 514 Reward: 462.064 Cost: 35.000
arrive destination: True ,out of road:False   Total T: 398242 Episode Num: 1286 Episode T: 263 Reward: 280.937 Cost: 19.000
arrive destination: False ,out of road:True   Total T: 398382 Episode Num: 1287 Episode T: 140 Reward: 166.790 Cost: 1.000
arrive destination: True ,out of road:False   Total T: 398858 Episode Num: 1288 Episode T: 476 Reward: 495.030 Cost: 38.000
arrive destination: True ,out of road:False   Total T: 399256 Episode Num: 1289 Episode T: 398 Reward: 368.651 Cost: 42.000
arrive destination: True ,out of road:False   Total T: 399515 Episode Num: 1290 Episode T: 259 Reward: 294.576 Cost: 16.000
arrive destination: False ,out of road:True   Total T: 399662 Episode Num: 1291 Episode T: 147 Reward: 76.984 Cost: 8.000
arrive destination: True ,out of road:False   Total T: 399884 Episode Num: 1292 Episode T: 222 Reward: 249.216 Cost: 0.000
---------------------------------------
Evaluation over 20 episodes: 0.800 Cost 23.300.             SafeRL used : use_recovery
---------------------------------------
[34;1m
Time: 2026-06-30 04:03:16, Time spent from previous logger: 199.821 s[0m
[34;1mCustomLogger with fileds: ['total_steps', 'EpRet', 'EpCost', 'CostRate'][0m
[34;1mfieldvalues: [400000, 0.8, 23.3, 0.06175015437538594]
[0m
arrive destination: False ,out of road:True   Total T: 400425 Episode Num: 1293 Episode T: 541 Reward: 536.048 Cost: 34.000
arrive destination: True ,out of road:False   Total T: 400774 Episode Num: 1294 Episode T: 349 Reward: 381.585 Cost: 18.000
arrive destination: True ,out of road:False   Total T: 400958 Episode Num: 1295 Episode T: 184 Reward: 279.415 Cost: 4.000
arrive destination: True ,out of road:False   Total T: 401348 Episode Num: 1296 Episode T: 390 Reward: 381.727 Cost: 29.000
arrive destination: True ,out of road:False   Total T: 401565 Episode Num: 1297 Episode T: 217 Reward: 285.857 Cost: 5.000
arrive destination: True ,out of road:False   Total T: 402015 Episode Num: 1298 Episode T: 450 Reward: 477.530 Cost: 17.000
arrive destination: True ,out of road:False   Total T: 402247 Episode Num: 1299 Episode T: 232 Reward: 334.994 Cost: 0.000
arrive destination: False ,out of road:True   Total T: 402369 Episode Num: 1300 Episode T: 122 Reward: 78.437 Cost: 6.000
arrive destination: True ,out of road:False   Total T: 402706 Episode Num: 1301 Episode T: 337 Reward: 335.829 Cost: 21.000
arrive destination: False ,out of road:True   Total T: 403044 Episode Num: 1302 Episode T: 338 Reward: 349.613 Cost: 38.000
arrive destination: True ,out of road:False   Total T: 403388 Episode Num: 1303 Episode T: 344 Reward: 406.150 Cost: 0.000
arrive destination: True ,out of road:False   Total T: 403605 Episode Num: 1304 Episode T: 217 Reward: 248.204 Cost: 0.000
arrive destination: True ,out of road:False   Total T: 403866 Episode Num: 1305 Episode T: 261 Reward: 284.155 Cost: 11.000
arrive destination: True ,out of road:False   Total T: 404096 Episode Num: 1306 Episode T: 230 Reward: 273.688 Cost: 0.000
arrive destination: True ,out of road:False   Total T: 404279 Episode Num: 1307 Episode T: 183 Reward: 269.345 Cost: 3.000
arrive destination: True ,out of road:False   Total T: 404526 Episode Num: 1308 Episode T: 247 Reward: 232.615 Cost: 40.000
arrive destination: True ,out of road:False   Total T: 404881 Episode Num: 1309 Episode T: 355 Reward: 421.932 Cost: 17.000
arrive destination: True ,out of road:False   Total T: 405326 Episode Num: 1310 Episode T: 445 Reward: 472.064 Cost: 24.000
arrive destination: True ,out of road:False   Total T: 405782 Episode Num: 1311 Episode T: 456 Reward: 404.931 Cost: 34.000
arrive destination: True ,out of road:False   Total T: 406029 Episode Num: 1312 Episode T: 247 Reward: 232.370 Cost: 27.000
arrive destination: True ,out of road:False   Total T: 406336 Episode Num: 1313 Episode T: 307 Reward: 294.356 Cost: 26.000
arrive destination: True ,out of road:False   Total T: 406563 Episode Num: 1314 Episode T: 227 Reward: 248.405 Cost: 0.000
arrive destination: False ,out of road:True   Total T: 406692 Episode Num: 1315 Episode T: 129 Reward: 125.699 Cost: 4.000
arrive destination: True ,out of road:False   Total T: 407169 Episode Num: 1316 Episode T: 477 Reward: 406.613 Cost: 40.000
arrive destination: False ,out of road:True   Total T: 407283 Episode Num: 1317 Episode T: 114 Reward: 75.145 Cost: 8.000
arrive destination: True ,out of road:False   Total T: 407755 Episode Num: 1318 Episode T: 472 Reward: 498.908 Cost: 37.000
arrive destination: True ,out of road:False   Total T: 408152 Episode Num: 1319 Episode T: 397 Reward: 398.613 Cost: 37.000
arrive destination: False ,out of road:True   Total T: 408236 Episode Num: 1320 Episode T: 84 Reward: 64.164 Cost: 1.000
arrive destination: True ,out of road:False   Total T: 408509 Episode Num: 1321 Episode T: 273 Reward: 270.664 Cost: 4.000
arrive destination: True ,out of road:False   Total T: 408906 Episode Num: 1322 Episode T: 397 Reward: 402.626 Cost: 41.000
arrive destination: True ,out of road:False   Total T: 409313 Episode Num: 1323 Episode T: 407 Reward: 375.025 Cost: 18.000
arrive destination: True ,out of road:False   Total T: 409684 Episode Num: 1324 Episode T: 371 Reward: 402.909 Cost: 4.000
arrive destination: False ,out of road:True   Total T: 409838 Episode Num: 1325 Episode T: 154 Reward: 126.023 Cost: 7.000
---------------------------------------
Evaluation over 20 episodes: 0.750 Cost 12.600.             SafeRL used : use_recovery
---------------------------------------
[34;1m
Time: 2026-06-30 04:06:19, Time spent from previous logger: 183.088 s[0m
[34;1mCustomLogger with fileds: ['total_steps', 'EpRet', 'EpCost', 'CostRate'][0m
[34;1mfieldvalues: [410000, 0.75, 12.6, 0.06160990636562528]
[0m
arrive destination: True ,out of road:False   Total T: 410342 Episode Num: 1326 Episode T: 504 Reward: 591.662 Cost: 38.000
arrive destination: True ,out of road:False   Total T: 410608 Episode Num: 1327 Episode T: 266 Reward: 278.268 Cost: 13.000
arrive destination: True ,out of road:False   Total T: 410880 Episode Num: 1328 Episode T: 272 Reward: 375.016 Cost: 18.000
arrive destination: True ,out of road:False   Total T: 411102 Episode Num: 1329 Episode T: 222 Reward: 296.135 Cost: 14.000
arrive destination: True ,out of road:False   Total T: 411337 Episode Num: 1330 Episode T: 235 Reward: 288.366 Cost: 5.000
arrive destination: False ,out of road:True   Total T: 411444 Episode Num: 1331 Episode T: 107 Reward: 83.106 Cost: 9.000
arrive destination: True ,out of road:False   Total T: 411915 Episode Num: 1332 Episode T: 471 Reward: 506.824 Cost: 24.000
arrive destination: True ,out of road:False   Total T: 412128 Episode Num: 1333 Episode T: 213 Reward: 243.324 Cost: 0.000
arrive destination: True ,out of road:False   Total T: 412586 Episode Num: 1334 Episode T: 458 Reward: 498.857 Cost: 38.000
arrive destination: True ,out of road:False   Total T: 412847 Episode Num: 1335 Episode T: 261 Reward: 276.031 Cost: 14.000
arrive destination: True ,out of road:False   Total T: 413071 Episode Num: 1336 Episode T: 224 Reward: 335.384 Cost: 4.000
arrive destination: True ,out of road:False   Total T: 413482 Episode Num: 1337 Episode T: 411 Reward: 370.630 Cost: 37.000
arrive destination: True ,out of road:False   Total T: 413830 Episode Num: 1338 Episode T: 348 Reward: 397.864 Cost: 26.000
arrive destination: True ,out of road:False   Total T: 414228 Episode Num: 1339 Episode T: 398 Reward: 335.632 Cost: 41.000
arrive destination: True ,out of road:False   Total T: 414476 Episode Num: 1340 Episode T: 248 Reward: 252.110 Cost: 36.000
arrive destination: True ,out of road:False   Total T: 414759 Episode Num: 1341 Episode T: 283 Reward: 280.043 Cost: 19.000
arrive destination: True ,out of road:False   Total T: 414980 Episode Num: 1342 Episode T: 221 Reward: 248.989 Cost: 0.000
arrive destination: True ,out of road:False   Total T: 415205 Episode Num: 1343 Episode T: 225 Reward: 288.478 Cost: 0.000
arrive destination: True ,out of road:False   Total T: 415647 Episode Num: 1344 Episode T: 442 Reward: 483.739 Cost: 35.000
arrive destination: False ,out of road:True   Total T: 416026 Episode Num: 1345 Episode T: 379 Reward: 381.545 Cost: 25.000
arrive destination: True ,out of road:False   Total T: 416514 Episode Num: 1346 Episode T: 488 Reward: 368.867 Cost: 33.000
arrive destination: True ,out of road:False   Total T: 416735 Episode Num: 1347 Episode T: 221 Reward: 295.495 Cost: 10.000
arrive destination: True ,out of road:False   Total T: 417147 Episode Num: 1348 Episode T: 412 Reward: 380.860 Cost: 32.000
arrive destination: True ,out of road:False   Total T: 417434 Episode Num: 1349 Episode T: 287 Reward: 335.838 Cost: 16.000
arrive destination: True ,out of road:False   Total T: 417739 Episode Num: 1350 Episode T: 305 Reward: 361.985 Cost: 13.000
arrive destination: False ,out of road:True   Total T: 417910 Episode Num: 1351 Episode T: 171 Reward: 208.006 Cost: 6.000
arrive destination: True ,out of road:False   Total T: 418140 Episode Num: 1352 Episode T: 230 Reward: 334.625 Cost: 1.000
arrive destination: True ,out of road:False   Total T: 418449 Episode Num: 1353 Episode T: 309 Reward: 398.553 Cost: 20.000
arrive destination: True ,out of road:False   Total T: 418822 Episode Num: 1354 Episode T: 373 Reward: 401.900 Cost: 5.000
arrive destination: True ,out of road:False   Total T: 419056 Episode Num: 1355 Episode T: 234 Reward: 272.594 Cost: 0.000
arrive destination: True ,out of road:False   Total T: 419261 Episode Num: 1356 Episode T: 205 Reward: 284.946 Cost: 0.000
arrive destination: True ,out of road:False   Total T: 419522 Episode Num: 1357 Episode T: 261 Reward: 266.090 Cost: 20.000
arrive destination: True ,out of road:False   Total T: 419734 Episode Num: 1358 Episode T: 212 Reward: 285.661 Cost: 0.000
---------------------------------------
Evaluation over 20 episodes: 0.800 Cost 18.500.             SafeRL used : use_recovery
---------------------------------------
[34;1m
Time: 2026-06-30 04:09:24, Time spent from previous logger: 184.769 s[0m
[34;1mCustomLogger with fileds: ['total_steps', 'EpRet', 'EpCost', 'CostRate'][0m
[34;1mfieldvalues: [420000, 0.8, 18.5, 0.061459670142071765]
[0m
arrive destination: True ,out of road:False   Total T: 420182 Episode Num: 1359 Episode T: 448 Reward: 526.711 Cost: 14.000
arrive destination: True ,out of road:False   Total T: 420423 Episode Num: 1360 Episode T: 241 Reward: 335.724 Cost: 5.000
arrive destination: True ,out of road:False   Total T: 420833 Episode Num: 1361 Episode T: 410 Reward: 372.006 Cost: 32.000
arrive destination: True ,out of road:False   Total T: 421054 Episode Num: 1362 Episode T: 221 Reward: 285.805 Cost: 0.000
arrive destination: True ,out of road:False   Total T: 421482 Episode Num: 1363 Episode T: 428 Reward: 404.399 Cost: 29.000
arrive destination: True ,out of road:False   Total T: 421728 Episode Num: 1364 Episode T: 246 Reward: 232.452 Cost: 37.000
arrive destination: True ,out of road:False   Total T: 422104 Episode Num: 1365 Episode T: 376 Reward: 412.732 Cost: 41.000
arrive destination: True ,out of road:False   Total T: 422326 Episode Num: 1366 Episode T: 222 Reward: 245.788 Cost: 0.000
arrive destination: True ,out of road:False   Total T: 422573 Episode Num: 1367 Episode T: 247 Reward: 286.701 Cost: 1.000
arrive destination: True ,out of road:False   Total T: 422952 Episode Num: 1368 Episode T: 379 Reward: 397.150 Cost: 39.000
arrive destination: True ,out of road:False   Total T: 423398 Episode Num: 1369 Episode T: 446 Reward: 477.167 Cost: 24.000
arrive destination: True ,out of road:False   Total T: 423602 Episode Num: 1370 Episode T: 204 Reward: 284.375 Cost: 0.000
arrive destination: True ,out of road:False   Total T: 423780 Episode Num: 1371 Episode T: 178 Reward: 269.687 Cost: 5.000
arrive destination: False ,out of road:True   Total T: 424021 Episode Num: 1372 Episode T: 241 Reward: 311.792 Cost: 7.000
arrive destination: False ,out of road:True   Total T: 424470 Episode Num: 1373 Episode T: 449 Reward: 489.930 Cost: 53.000
arrive destination: True ,out of road:False   Total T: 424801 Episode Num: 1374 Episode T: 331 Reward: 418.376 Cost: 26.000
arrive destination: True ,out of road:False   Total T: 425314 Episode Num: 1375 Episode T: 513 Reward: 474.516 Cost: 40.000
arrive destination: True ,out of road:False   Total T: 425735 Episode Num: 1376 Episode T: 421 Reward: 415.163 Cost: 30.000
arrive destination: True ,out of road:False   Total T: 426053 Episode Num: 1377 Episode T: 318 Reward: 396.403 Cost: 11.000
arrive destination: False ,out of road:True   Total T: 426483 Episode Num: 1378 Episode T: 430 Reward: 435.295 Cost: 41.000
arrive destination: False ,out of road:True   Total T: 426718 Episode Num: 1379 Episode T: 235 Reward: 228.951 Cost: 12.000
arrive destination: False ,out of road:True   Total T: 426948 Episode Num: 1380 Episode T: 230 Reward: 262.194 Cost: 16.000
arrive destination: True ,out of road:False   Total T: 427279 Episode Num: 1381 Episode T: 331 Reward: 379.826 Cost: 27.000
arrive destination: True ,out of road:False   Total T: 427537 Episode Num: 1382 Episode T: 258 Reward: 269.438 Cost: 7.000
arrive destination: False ,out of road:True   Total T: 427786 Episode Num: 1383 Episode T: 249 Reward: 207.413 Cost: 23.000
arrive destination: True ,out of road:False   Total T: 428157 Episode Num: 1384 Episode T: 371 Reward: 422.981 Cost: 31.000
arrive destination: True ,out of road:False   Total T: 428468 Episode Num: 1385 Episode T: 311 Reward: 395.856 Cost: 14.000
arrive destination: True ,out of road:False   Total T: 428917 Episode Num: 1386 Episode T: 449 Reward: 401.804 Cost: 31.000
arrive destination: True ,out of road:False   Total T: 429146 Episode Num: 1387 Episode T: 229 Reward: 271.621 Cost: 0.000
arrive destination: False ,out of road:True   Total T: 429274 Episode Num: 1388 Episode T: 128 Reward: 131.418 Cost: 3.000
arrive destination: True ,out of road:False   Total T: 429466 Episode Num: 1389 Episode T: 192 Reward: 270.012 Cost: 3.000
arrive destination: True ,out of road:False   Total T: 429745 Episode Num: 1390 Episode T: 279 Reward: 296.720 Cost: 17.000
arrive destination: True ,out of road:False   Total T: 429985 Episode Num: 1391 Episode T: 240 Reward: 273.942 Cost: 0.000
---------------------------------------
Evaluation over 20 episodes: 0.650 Cost 15.550.             SafeRL used : use_recovery
---------------------------------------
[34;1m
Time: 2026-06-30 04:12:29, Time spent from previous logger: 185.608 s[0m
[34;1mCustomLogger with fileds: ['total_steps', 'EpRet', 'EpCost', 'CostRate'][0m
[34;1mfieldvalues: [430000, 0.65, 15.55, 0.06145130570071093]
[0m
arrive destination: True ,out of road:False   Total T: 430347 Episode Num: 1392 Episode T: 362 Reward: 336.340 Cost: 10.000
arrive destination: False ,out of road:True   Total T: 430562 Episode Num: 1393 Episode T: 215 Reward: 199.136 Cost: 26.000
arrive destination: True ,out of road:False   Total T: 431072 Episode Num: 1394 Episode T: 510 Reward: 476.842 Cost: 19.000
arrive destination: True ,out of road:False   Total T: 431469 Episode Num: 1395 Episode T: 397 Reward: 369.861 Cost: 17.000
arrive destination: False ,out of road:True   Total T: 431620 Episode Num: 1396 Episode T: 151 Reward: 150.827 Cost: 5.000
arrive destination: True ,out of road:False   Total T: 432067 Episode Num: 1397 Episode T: 447 Reward: 418.651 Cost: 55.000
arrive destination: True ,out of road:False   Total T: 432549 Episode Num: 1398 Episode T: 482 Reward: 476.248 Cost: 37.000
arrive destination: True ,out of road:False   Total T: 432828 Episode Num: 1399 Episode T: 279 Reward: 353.944 Cost: 18.000
arrive destination: True ,out of road:False   Total T: 433048 Episode Num: 1400 Episode T: 220 Reward: 295.795 Cost: 7.000
arrive destination: False ,out of road:False   Total T: 434048 Episode Num: 1401 Episode T: 1000 Reward: 441.455 Cost: 49.000
arrive destination: True ,out of road:False   Total T: 434261 Episode Num: 1402 Episode T: 213 Reward: 285.847 Cost: 0.000
arrive destination: True ,out of road:False   Total T: 434482 Episode Num: 1403 Episode T: 221 Reward: 245.810 Cost: 0.000
arrive destination: False ,out of road:True   Total T: 434609 Episode Num: 1404 Episode T: 127 Reward: 138.151 Cost: 6.000
arrive destination: True ,out of road:False   Total T: 434901 Episode Num: 1405 Episode T: 292 Reward: 266.750 Cost: 25.000
arrive destination: True ,out of road:False   Total T: 435259 Episode Num: 1406 Episode T: 358 Reward: 367.029 Cost: 29.000
arrive destination: False ,out of road:True   Total T: 435392 Episode Num: 1407 Episode T: 133 Reward: 136.912 Cost: 1.000
arrive destination: False ,out of road:True   Total T: 435489 Episode Num: 1408 Episode T: 97 Reward: 80.824 Cost: 2.000
arrive destination: True ,out of road:False   Total T: 435716 Episode Num: 1409 Episode T: 227 Reward: 248.506 Cost: 0.000
arrive destination: True ,out of road:False   Total T: 436210 Episode Num: 1410 Episode T: 494 Reward: 517.390 Cost: 32.000
arrive destination: True ,out of road:False   Total T: 436425 Episode Num: 1411 Episode T: 215 Reward: 285.766 Cost: 0.000
arrive destination: True ,out of road:False   Total T: 436956 Episode Num: 1412 Episode T: 531 Reward: 507.809 Cost: 77.000
arrive destination: True ,out of road:False   Total T: 437335 Episode Num: 1413 Episode T: 379 Reward: 405.580 Cost: 3.000
arrive destination: True ,out of road:False   Total T: 437971 Episode Num: 1414 Episode T: 636 Reward: 418.722 Cost: 58.000
arrive destination: True ,out of road:False   Total T: 438151 Episode Num: 1415 Episode T: 180 Reward: 268.996 Cost: 4.000
arrive destination: False ,out of road:True   Total T: 438283 Episode Num: 1416 Episode T: 132 Reward: 137.753 Cost: 1.000
arrive destination: True ,out of road:False   Total T: 438619 Episode Num: 1417 Episode T: 336 Reward: 336.189 Cost: 32.000
arrive destination: True ,out of road:False   Total T: 438842 Episode Num: 1418 Episode T: 223 Reward: 295.556 Cost: 5.000
arrive destination: False ,out of road:True   Total T: 439185 Episode Num: 1419 Episode T: 343 Reward: 355.245 Cost: 6.000
arrive destination: False ,out of road:True   Total T: 439409 Episode Num: 1420 Episode T: 224 Reward: 312.361 Cost: 2.000
arrive destination: True ,out of road:False   Total T: 439741 Episode Num: 1421 Episode T: 332 Reward: 399.495 Cost: 13.000
arrive destination: True ,out of road:False   Total T: 439915 Episode Num: 1422 Episode T: 174 Reward: 270.123 Cost: 4.000
---------------------------------------
Evaluation over 20 episodes: 0.750 Cost 24.900.             SafeRL used : use_recovery
---------------------------------------
[34;1m
Time: 2026-06-30 04:15:41, Time spent from previous logger: 191.399 s[0m
[34;1mCustomLogger with fileds: ['total_steps', 'EpRet', 'EpCost', 'CostRate'][0m
[34;1mfieldvalues: [440000, 0.75, 24.9, 0.061293321121184366]
[0m
arrive destination: True ,out of road:False   Total T: 440476 Episode Num: 1423 Episode T: 561 Reward: 511.706 Cost: 31.000
arrive destination: True ,out of road:False   Total T: 440682 Episode Num: 1424 Episode T: 206 Reward: 284.420 Cost: 1.000
arrive destination: True ,out of road:False   Total T: 441069 Episode Num: 1425 Episode T: 387 Reward: 407.118 Cost: 10.000
arrive destination: False ,out of road:True   Total T: 441243 Episode Num: 1426 Episode T: 174 Reward: 209.529 Cost: 3.000
arrive destination: True ,out of road:False   Total T: 441458 Episode Num: 1427 Episode T: 215 Reward: 285.404 Cost: 0.000
arrive destination: True ,out of road:False   Total T: 441705 Episode Num: 1428 Episode T: 247 Reward: 242.897 Cost: 18.000
arrive destination: True ,out of road:False   Total T: 441908 Episode Num: 1429 Episode T: 203 Reward: 269.177 Cost: 8.000
arrive destination: True ,out of road:False   Total T: 442231 Episode Num: 1430 Episode T: 323 Reward: 381.696 Cost: 8.000
arrive destination: False ,out of road:True   Total T: 442457 Episode Num: 1431 Episode T: 226 Reward: 313.154 Cost: 2.000
arrive destination: True ,out of road:False   Total T: 442842 Episode Num: 1432 Episode T: 385 Reward: 404.314 Cost: 15.000
arrive destination: False ,out of road:True   Total T: 443227 Episode Num: 1433 Episode T: 385 Reward: 384.246 Cost: 32.000
arrive destination: False ,out of road:True   Total T: 443392 Episode Num: 1434 Episode T: 165 Reward: 133.548 Cost: 14.000
arrive destination: True ,out of road:False   Total T: 443869 Episode Num: 1435 Episode T: 477 Reward: 470.331 Cost: 40.000
arrive destination: True ,out of road:False   Total T: 444180 Episode Num: 1436 Episode T: 311 Reward: 396.815 Cost: 16.000
arrive destination: True ,out of road:False   Total T: 444416 Episode Num: 1437 Episode T: 236 Reward: 272.007 Cost: 0.000
arrive destination: True ,out of road:False   Total T: 444889 Episode Num: 1438 Episode T: 473 Reward: 415.907 Cost: 36.000
arrive destination: False ,out of road:True   Total T: 445111 Episode Num: 1439 Episode T: 222 Reward: 232.609 Cost: 2.000
arrive destination: True ,out of road:False   Total T: 445286 Episode Num: 1440 Episode T: 175 Reward: 269.469 Cost: 0.000
arrive destination: True ,out of road:False   Total T: 445658 Episode Num: 1441 Episode T: 372 Reward: 418.180 Cost: 25.000
arrive destination: True ,out of road:False   Total T: 445891 Episode Num: 1442 Episode T: 233 Reward: 272.164 Cost: 0.000
arrive destination: True ,out of road:False   Total T: 446109 Episode Num: 1443 Episode T: 218 Reward: 244.704 Cost: 0.000
arrive destination: False ,out of road:True   Total T: 446371 Episode Num: 1444 Episode T: 262 Reward: 313.241 Cost: 4.000
arrive destination: False ,out of road:True   Total T: 446503 Episode Num: 1445 Episode T: 132 Reward: 107.787 Cost: 2.000
arrive destination: False ,out of road:True   Total T: 446719 Episode Num: 1446 Episode T: 216 Reward: 231.304 Cost: 7.000
arrive destination: True ,out of road:False   Total T: 447002 Episode Num: 1447 Episode T: 283 Reward: 358.521 Cost: 15.000
arrive destination: False ,out of road:True   Total T: 447527 Episode Num: 1448 Episode T: 525 Reward: 479.558 Cost: 36.000
arrive destination: True ,out of road:False   Total T: 447915 Episode Num: 1449 Episode T: 388 Reward: 367.996 Cost: 31.000
arrive destination: False ,out of road:True   Total T: 447998 Episode Num: 1450 Episode T: 83 Reward: 60.539 Cost: 1.000
arrive destination: True ,out of road:False   Total T: 448365 Episode Num: 1451 Episode T: 367 Reward: 370.852 Cost: 15.000
arrive destination: True ,out of road:False   Total T: 448545 Episode Num: 1452 Episode T: 180 Reward: 269.776 Cost: 5.000
arrive destination: True ,out of road:False   Total T: 448916 Episode Num: 1453 Episode T: 371 Reward: 336.143 Cost: 24.000
arrive destination: True ,out of road:False   Total T: 449215 Episode Num: 1454 Episode T: 299 Reward: 231.274 Cost: 11.000
arrive destination: True ,out of road:False   Total T: 449495 Episode Num: 1455 Episode T: 280 Reward: 231.869 Cost: 14.000
arrive destination: True ,out of road:False   Total T: 449953 Episode Num: 1456 Episode T: 458 Reward: 500.577 Cost: 56.000
---------------------------------------
Evaluation over 20 episodes: 0.750 Cost 10.100.             SafeRL used : use_recovery
---------------------------------------
[34;1m
Time: 2026-06-30 04:18:44, Time spent from previous logger: 183.594 s[0m
[34;1mCustomLogger with fileds: ['total_steps', 'EpRet', 'EpCost', 'CostRate'][0m
[34;1mfieldvalues: [450000, 0.75, 10.1, 0.060997913328696286]
[0m
arrive destination: True ,out of road:False   Total T: 450389 Episode Num: 1457 Episode T: 436 Reward: 521.867 Cost: 11.000
arrive destination: True ,out of road:False   Total T: 450776 Episode Num: 1458 Episode T: 387 Reward: 424.948 Cost: 47.000
arrive destination: True ,out of road:False   Total T: 451159 Episode Num: 1459 Episode T: 383 Reward: 409.684 Cost: 6.000
arrive destination: True ,out of road:False   Total T: 451355 Episode Num: 1460 Episode T: 196 Reward: 282.958 Cost: 0.000
arrive destination: True ,out of road:False   Total T: 451920 Episode Num: 1461 Episode T: 565 Reward: 516.270 Cost: 54.000
arrive destination: False ,out of road:True   Total T: 452079 Episode Num: 1462 Episode T: 159 Reward: 162.497 Cost: 12.000
arrive destination: False ,out of road:True   Total T: 452282 Episode Num: 1463 Episode T: 203 Reward: 167.323 Cost: 10.000
arrive destination: True ,out of road:False   Total T: 452871 Episode Num: 1464 Episode T: 589 Reward: 516.036 Cost: 49.000
arrive destination: True ,out of road:False   Total T: 453319 Episode Num: 1465 Episode T: 448 Reward: 473.322 Cost: 22.000
arrive destination: True ,out of road:False   Total T: 453767 Episode Num: 1466 Episode T: 448 Reward: 370.491 Cost: 41.000
arrive destination: False ,out of road:True   Total T: 453907 Episode Num: 1467 Episode T: 140 Reward: 148.540 Cost: 6.000
arrive destination: False ,out of road:True   Total T: 454341 Episode Num: 1468 Episode T: 434 Reward: 292.564 Cost: 58.000
arrive destination: True ,out of road:False   Total T: 454778 Episode Num: 1469 Episode T: 437 Reward: 472.450 Cost: 20.000
arrive destination: True ,out of road:False   Total T: 455195 Episode Num: 1470 Episode T: 417 Reward: 370.306 Cost: 36.000
arrive destination: True ,out of road:False   Total T: 455399 Episode Num: 1471 Episode T: 204 Reward: 285.247 Cost: 0.000
arrive destination: False ,out of road:True   Total T: 455634 Episode Num: 1472 Episode T: 235 Reward: 312.220 Cost: 5.000
arrive destination: True ,out of road:False   Total T: 455805 Episode Num: 1473 Episode T: 171 Reward: 270.049 Cost: 0.000
arrive destination: True ,out of road:False   Total T: 456179 Episode Num: 1474 Episode T: 374 Reward: 406.411 Cost: 8.000
arrive destination: True ,out of road:False   Total T: 456430 Episode Num: 1475 Episode T: 251 Reward: 280.064 Cost: 6.000
arrive destination: True ,out of road:False   Total T: 456644 Episode Num: 1476 Episode T: 214 Reward: 246.577 Cost: 0.000
arrive destination: False ,out of road:True   Total T: 456739 Episode Num: 1477 Episode T: 95 Reward: 74.969 Cost: 2.000
arrive destination: True ,out of road:False   Total T: 456944 Episode Num: 1478 Episode T: 205 Reward: 285.759 Cost: 0.000
arrive destination: True ,out of road:False   Total T: 457437 Episode Num: 1479 Episode T: 493 Reward: 422.988 Cost: 51.000
arrive destination: True ,out of road:False   Total T: 457690 Episode Num: 1480 Episode T: 253 Reward: 273.270 Cost: 11.000
arrive destination: False ,out of road:True   Total T: 457863 Episode Num: 1481 Episode T: 173 Reward: 200.034 Cost: 2.000
arrive destination: True ,out of road:False   Total T: 458136 Episode Num: 1482 Episode T: 273 Reward: 356.489 Cost: 13.000
arrive destination: True ,out of road:False   Total T: 458358 Episode Num: 1483 Episode T: 222 Reward: 295.942 Cost: 9.000
arrive destination: True ,out of road:False   Total T: 458567 Episode Num: 1484 Episode T: 209 Reward: 284.968 Cost: 4.000
arrive destination: True ,out of road:False   Total T: 458772 Episode Num: 1485 Episode T: 205 Reward: 285.330 Cost: 2.000
arrive destination: False ,out of road:True   Total T: 458865 Episode Num: 1486 Episode T: 93 Reward: 80.937 Cost: 3.000
arrive destination: True ,out of road:False   Total T: 459159 Episode Num: 1487 Episode T: 294 Reward: 353.251 Cost: 17.000
arrive destination: False ,out of road:True   Total T: 459282 Episode Num: 1488 Episode T: 123 Reward: 136.056 Cost: 1.000
arrive destination: True ,out of road:False   Total T: 459555 Episode Num: 1489 Episode T: 273 Reward: 354.694 Cost: 17.000
---------------------------------------
Evaluation over 20 episodes: 0.700 Cost 10.950.             SafeRL used : use_recovery
---------------------------------------
[34;1m
Time: 2026-06-30 04:21:48, Time spent from previous logger: 183.780 s[0m
[34;1mCustomLogger with fileds: ['total_steps', 'EpRet', 'EpCost', 'CostRate'][0m
[34;1mfieldvalues: [460000, 0.7, 10.95, 0.060887088884975835]
[0m
arrive destination: True ,out of road:False   Total T: 460460 Episode Num: 1490 Episode T: 905 Reward: 760.640 Cost: 69.000
arrive destination: True ,out of road:False   Total T: 460633 Episode Num: 1491 Episode T: 173 Reward: 279.088 Cost: 6.000
arrive destination: True ,out of road:False   Total T: 460815 Episode Num: 1492 Episode T: 182 Reward: 269.659 Cost: 0.000
arrive destination: True ,out of road:False   Total T: 461205 Episode Num: 1493 Episode T: 390 Reward: 397.656 Cost: 20.000
arrive destination: True ,out of road:False   Total T: 461554 Episode Num: 1494 Episode T: 349 Reward: 373.702 Cost: 14.000
arrive destination: True ,out of road:False   Total T: 461864 Episode Num: 1495 Episode T: 310 Reward: 398.512 Cost: 13.000
arrive destination: True ,out of road:False   Total T: 462355 Episode Num: 1496 Episode T: 491 Reward: 514.672 Cost: 41.000
arrive destination: False ,out of road:True   Total T: 462536 Episode Num: 1497 Episode T: 181 Reward: 139.954 Cost: 13.000
arrive destination: True ,out of road:False   Total T: 462818 Episode Num: 1498 Episode T: 282 Reward: 266.163 Cost: 12.000
arrive destination: True ,out of road:False   Total T: 462996 Episode Num: 1499 Episode T: 178 Reward: 270.162 Cost: 0.000
arrive destination: True ,out of road:False   Total T: 463233 Episode Num: 1500 Episode T: 237 Reward: 274.043 Cost: 4.000
arrive destination: False ,out of road:True   Total T: 463382 Episode Num: 1501 Episode T: 149 Reward: 165.829 Cost: 7.000
arrive destination: False ,out of road:True   Total T: 463543 Episode Num: 1502 Episode T: 161 Reward: 159.746 Cost: 5.000
arrive destination: True ,out of road:False   Total T: 463755 Episode Num: 1503 Episode T: 212 Reward: 246.569 Cost: 0.000
arrive destination: False ,out of road:True   Total T: 463884 Episode Num: 1504 Episode T: 129 Reward: 125.618 Cost: 3.000
arrive destination: True ,out of road:False   Total T: 464137 Episode Num: 1505 Episode T: 253 Reward: 335.990 Cost: 5.000
arrive destination: False ,out of road:True   Total T: 464334 Episode Num: 1506 Episode T: 197 Reward: 224.892 Cost: 4.000
arrive destination: True ,out of road:False   Total T: 464549 Episode Num: 1507 Episode T: 215 Reward: 243.726 Cost: 0.000
arrive destination: True ,out of road:False   Total T: 465038 Episode Num: 1508 Episode T: 489 Reward: 473.233 Cost: 20.000
arrive destination: True ,out of road:False   Total T: 465527 Episode Num: 1509 Episode T: 489 Reward: 472.761 Cost: 36.000
arrive destination: False ,out of road:True   Total T: 465652 Episode Num: 1510 Episode T: 125 Reward: 104.448 Cost: 4.000
arrive destination: True ,out of road:False   Total T: 466144 Episode Num: 1511 Episode T: 492 Reward: 473.597 Cost: 30.000
arrive destination: True ,out of road:False   Total T: 466542 Episode Num: 1512 Episode T: 398 Reward: 368.876 Cost: 37.000
arrive destination: True ,out of road:False   Total T: 466750 Episode Num: 1513 Episode T: 208 Reward: 245.316 Cost: 0.000
arrive destination: True ,out of road:False   Total T: 466997 Episode Num: 1514 Episode T: 247 Reward: 241.783 Cost: 23.000
arrive destination: True ,out of road:False   Total T: 467215 Episode Num: 1515 Episode T: 218 Reward: 295.558 Cost: 8.000
arrive destination: True ,out of road:False   Total T: 467716 Episode Num: 1516 Episode T: 501 Reward: 416.251 Cost: 37.000
arrive destination: True ,out of road:False   Total T: 468045 Episode Num: 1517 Episode T: 329 Reward: 398.457 Cost: 16.000
arrive destination: True ,out of road:False   Total T: 468259 Episode Num: 1518 Episode T: 214 Reward: 242.978 Cost: 0.000
arrive destination: False ,out of road:True   Total T: 468356 Episode Num: 1519 Episode T: 97 Reward: 88.048 Cost: 3.000
arrive destination: True ,out of road:False   Total T: 468576 Episode Num: 1520 Episode T: 220 Reward: 295.479 Cost: 7.000
arrive destination: True ,out of road:False   Total T: 468945 Episode Num: 1521 Episode T: 369 Reward: 382.100 Cost: 30.000
arrive destination: True ,out of road:False   Total T: 469279 Episode Num: 1522 Episode T: 334 Reward: 336.283 Cost: 7.000
arrive destination: True ,out of road:False   Total T: 469582 Episode Num: 1523 Episode T: 303 Reward: 265.967 Cost: 17.000
arrive destination: True ,out of road:False   Total T: 469831 Episode Num: 1524 Episode T: 249 Reward: 232.488 Cost: 13.000
---------------------------------------
Evaluation over 20 episodes: 0.900 Cost 18.050.             SafeRL used : use_recovery
---------------------------------------
[34;1m
Time: 2026-06-30 04:24:53, Time spent from previous logger: 185.020 s[0m
[34;1mCustomLogger with fileds: ['total_steps', 'EpRet', 'EpCost', 'CostRate'][0m
[34;1mfieldvalues: [470000, 0.9, 18.05, 0.06058736295183607]
[0m
arrive destination: True ,out of road:False   Total T: 470337 Episode Num: 1525 Episode T: 506 Reward: 592.793 Cost: 11.000
arrive destination: False ,out of road:True   Total T: 470459 Episode Num: 1526 Episode T: 122 Reward: 135.495 Cost: 1.000
arrive destination: True ,out of road:False   Total T: 470696 Episode Num: 1527 Episode T: 237 Reward: 274.891 Cost: 0.000
arrive destination: True ,out of road:False   Total T: 470917 Episode Num: 1528 Episode T: 221 Reward: 246.051 Cost: 0.000
arrive destination: True ,out of road:False   Total T: 471121 Episode Num: 1529 Episode T: 204 Reward: 285.632 Cost: 0.000
arrive destination: False ,out of road:True   Total T: 471278 Episode Num: 1530 Episode T: 157 Reward: 214.902 Cost: 1.000
arrive destination: False ,out of road:True   Total T: 471452 Episode Num: 1531 Episode T: 174 Reward: 168.166 Cost: 8.000
arrive destination: True ,out of road:False   Total T: 471855 Episode Num: 1532 Episode T: 403 Reward: 376.355 Cost: 50.000
arrive destination: True ,out of road:False   Total T: 472332 Episode Num: 1533 Episode T: 477 Reward: 472.354 Cost: 31.000
arrive destination: True ,out of road:False   Total T: 472573 Episode Num: 1534 Episode T: 241 Reward: 335.813 Cost: 2.000
arrive destination: True ,out of road:False   Total T: 472792 Episode Num: 1535 Episode T: 219 Reward: 248.262 Cost: 0.000
arrive destination: False ,out of road:True   Total T: 473174 Episode Num: 1536 Episode T: 382 Reward: 357.125 Cost: 20.000
arrive destination: False ,out of road:True   Total T: 473298 Episode Num: 1537 Episode T: 124 Reward: 125.708 Cost: 4.000
arrive destination: False ,out of road:True   Total T: 473425 Episode Num: 1538 Episode T: 127 Reward: 137.955 Cost: 3.000
arrive destination: False ,out of road:True   Total T: 473527 Episode Num: 1539 Episode T: 102 Reward: 88.439 Cost: 2.000
arrive destination: True ,out of road:False   Total T: 474068 Episode Num: 1540 Episode T: 541 Reward: 503.436 Cost: 37.000
arrive destination: False ,out of road:True   Total T: 474161 Episode Num: 1541 Episode T: 93 Reward: 82.541 Cost: 2.000
arrive destination: True ,out of road:False   Total T: 474371 Episode Num: 1542 Episode T: 210 Reward: 284.911 Cost: 0.000
arrive destination: True ,out of road:False   Total T: 474777 Episode Num: 1543 Episode T: 406 Reward: 366.537 Cost: 47.000
arrive destination: True ,out of road:False   Total T: 475214 Episode Num: 1544 Episode T: 437 Reward: 365.586 Cost: 50.000
arrive destination: True ,out of road:False   Total T: 475622 Episode Num: 1545 Episode T: 408 Reward: 409.199 Cost: 24.000
arrive destination: True ,out of road:False   Total T: 475795 Episode Num: 1546 Episode T: 173 Reward: 269.090 Cost: 0.000
arrive destination: True ,out of road:False   Total T: 476132 Episode Num: 1547 Episode T: 337 Reward: 403.422 Cost: 0.000
arrive destination: False ,out of road:True   Total T: 476313 Episode Num: 1548 Episode T: 181 Reward: 137.347 Cost: 19.000
arrive destination: True ,out of road:False   Total T: 476708 Episode Num: 1549 Episode T: 395 Reward: 423.985 Cost: 33.000
arrive destination: True ,out of road:False   Total T: 477073 Episode Num: 1550 Episode T: 365 Reward: 405.738 Cost: 0.000
arrive destination: False ,out of road:True   Total T: 477197 Episode Num: 1551 Episode T: 124 Reward: 136.930 Cost: 1.000
arrive destination: True ,out of road:False   Total T: 477409 Episode Num: 1552 Episode T: 212 Reward: 244.113 Cost: 0.000
arrive destination: True ,out of road:False   Total T: 477839 Episode Num: 1553 Episode T: 430 Reward: 371.032 Cost: 45.000
arrive destination: True ,out of road:False   Total T: 478019 Episode Num: 1554 Episode T: 180 Reward: 269.501 Cost: 0.000
arrive destination: True ,out of road:False   Total T: 478657 Episode Num: 1555 Episode T: 638 Reward: 522.221 Cost: 33.000
arrive destination: True ,out of road:False   Total T: 478971 Episode Num: 1556 Episode T: 314 Reward: 396.394 Cost: 11.000
arrive destination: False ,out of road:True   Total T: 479096 Episode Num: 1557 Episode T: 125 Reward: 126.649 Cost: 2.000
arrive destination: False ,out of road:True   Total T: 479236 Episode Num: 1558 Episode T: 140 Reward: 144.367 Cost: 3.000
arrive destination: True ,out of road:False   Total T: 479546 Episode Num: 1559 Episode T: 310 Reward: 399.722 Cost: 16.000
arrive destination: True ,out of road:False   Total T: 479831 Episode Num: 1560 Episode T: 285 Reward: 266.314 Cost: 7.000
---------------------------------------
Evaluation over 20 episodes: 0.650 Cost 10.450.             SafeRL used : use_recovery
---------------------------------------
[34;1m
Time: 2026-06-30 04:27:57, Time spent from previous logger: 183.881 s[0m
[34;1mCustomLogger with fileds: ['total_steps', 'EpRet', 'EpCost', 'CostRate'][0m
[34;1mfieldvalues: [480000, 0.65, 10.45, 0.06029179227456724]
[0m
arrive destination: True ,out of road:False   Total T: 480226 Episode Num: 1561 Episode T: 395 Reward: 478.747 Cost: 1.000
arrive destination: True ,out of road:False   Total T: 480596 Episode Num: 1562 Episode T: 370 Reward: 403.879 Cost: 2.000
arrive destination: False ,out of road:True   Total T: 480690 Episode Num: 1563 Episode T: 94 Reward: 80.087 Cost: 1.000
arrive destination: True ,out of road:False   Total T: 481140 Episode Num: 1564 Episode T: 450 Reward: 404.924 Cost: 29.000
arrive destination: True ,out of road:False   Total T: 481535 Episode Num: 1565 Episode T: 395 Reward: 423.730 Cost: 29.000
arrive destination: True ,out of road:False   Total T: 481783 Episode Num: 1566 Episode T: 248 Reward: 274.343 Cost: 0.000
arrive destination: True ,out of road:False   Total T: 482071 Episode Num: 1567 Episode T: 288 Reward: 273.652 Cost: 4.000
arrive destination: False ,out of road:True   Total T: 482165 Episode Num: 1568 Episode T: 94 Reward: 76.653 Cost: 4.000
arrive destination: True ,out of road:False   Total T: 482683 Episode Num: 1569 Episode T: 518 Reward: 516.909 Cost: 49.000
arrive destination: True ,out of road:False   Total T: 483167 Episode Num: 1570 Episode T: 484 Reward: 417.883 Cost: 48.000
arrive destination: False ,out of road:True   Total T: 483283 Episode Num: 1571 Episode T: 116 Reward: 73.719 Cost: 7.000
arrive destination: True ,out of road:False   Total T: 483689 Episode Num: 1572 Episode T: 406 Reward: 382.849 Cost: 35.000
arrive destination: True ,out of road:False   Total T: 484172 Episode Num: 1573 Episode T: 483 Reward: 469.629 Cost: 41.000
arrive destination: True ,out of road:False   Total T: 484520 Episode Num: 1574 Episode T: 348 Reward: 394.197 Cost: 21.000
arrive destination: True ,out of road:False   Total T: 484786 Episode Num: 1575 Episode T: 266 Reward: 263.224 Cost: 17.000
arrive destination: True ,out of road:False   Total T: 485007 Episode Num: 1576 Episode T: 221 Reward: 294.929 Cost: 6.000
arrive destination: True ,out of road:False   Total T: 485441 Episode Num: 1577 Episode T: 434 Reward: 488.329 Cost: 24.000
arrive destination: True ,out of road:False   Total T: 485822 Episode Num: 1578 Episode T: 381 Reward: 365.395 Cost: 19.000
arrive destination: True ,out of road:False   Total T: 486055 Episode Num: 1579 Episode T: 233 Reward: 271.346 Cost: 0.000
arrive destination: True ,out of road:False   Total T: 486353 Episode Num: 1580 Episode T: 298 Reward: 264.810 Cost: 21.000
arrive destination: True ,out of road:False   Total T: 486591 Episode Num: 1581 Episode T: 238 Reward: 271.987 Cost: 0.000
arrive destination: False ,out of road:True   Total T: 486759 Episode Num: 1582 Episode T: 168 Reward: 228.613 Cost: 2.000
arrive destination: True ,out of road:False   Total T: 486939 Episode Num: 1583 Episode T: 180 Reward: 269.375 Cost: 0.000
arrive destination: True ,out of road:False   Total T: 487310 Episode Num: 1584 Episode T: 371 Reward: 404.865 Cost: 2.000
arrive destination: True ,out of road:False   Total T: 487527 Episode Num: 1585 Episode T: 217 Reward: 245.096 Cost: 0.000
arrive destination: True ,out of road:False   Total T: 487939 Episode Num: 1586 Episode T: 412 Reward: 380.714 Cost: 31.000
arrive destination: True ,out of road:False   Total T: 488200 Episode Num: 1587 Episode T: 261 Reward: 294.443 Cost: 12.000
arrive destination: True ,out of road:False   Total T: 488571 Episode Num: 1588 Episode T: 371 Reward: 407.479 Cost: 7.000
arrive destination: False ,out of road:True   Total T: 488699 Episode Num: 1589 Episode T: 128 Reward: 137.453 Cost: 5.000
arrive destination: False ,out of road:True   Total T: 488914 Episode Num: 1590 Episode T: 215 Reward: 305.616 Cost: 5.000
arrive destination: True ,out of road:False   Total T: 489248 Episode Num: 1591 Episode T: 334 Reward: 335.220 Cost: 26.000
arrive destination: True ,out of road:False   Total T: 489562 Episode Num: 1592 Episode T: 314 Reward: 399.635 Cost: 14.000
arrive destination: False ,out of road:True   Total T: 489740 Episode Num: 1593 Episode T: 178 Reward: 135.371 Cost: 20.000
---------------------------------------
Evaluation over 20 episodes: 0.750 Cost 21.250.             SafeRL used : use_recovery
---------------------------------------
[34;1m
Time: 2026-06-30 04:31:09, Time spent from previous logger: 191.617 s[0m
[34;1mCustomLogger with fileds: ['total_steps', 'EpRet', 'EpCost', 'CostRate'][0m
[34;1mfieldvalues: [490000, 0.75, 21.25, 0.060077673627905365]
[0m
arrive destination: True ,out of road:False   Total T: 490236 Episode Num: 1594 Episode T: 496 Reward: 523.459 Cost: 17.000
arrive destination: False ,out of road:True   Total T: 490349 Episode Num: 1595 Episode T: 113 Reward: 93.224 Cost: 6.000
arrive destination: True ,out of road:False   Total T: 490593 Episode Num: 1596 Episode T: 244 Reward: 274.398 Cost: 0.000
arrive destination: True ,out of road:False   Total T: 491217 Episode Num: 1597 Episode T: 624 Reward: 500.418 Cost: 63.000
arrive destination: False ,out of road:True   Total T: 491322 Episode Num: 1598 Episode T: 105 Reward: 92.127 Cost: 3.000
arrive destination: True ,out of road:False   Total T: 491634 Episode Num: 1599 Episode T: 312 Reward: 294.415 Cost: 12.000
arrive destination: True ,out of road:False   Total T: 491957 Episode Num: 1600 Episode T: 323 Reward: 361.640 Cost: 31.000
arrive destination: False ,out of road:True   Total T: 492118 Episode Num: 1601 Episode T: 161 Reward: 152.920 Cost: 16.000
arrive destination: True ,out of road:False   Total T: 492375 Episode Num: 1602 Episode T: 257 Reward: 294.384 Cost: 12.000
arrive destination: True ,out of road:False   Total T: 492874 Episode Num: 1603 Episode T: 499 Reward: 473.911 Cost: 45.000
arrive destination: True ,out of road:False   Total T: 493314 Episode Num: 1604 Episode T: 440 Reward: 470.641 Cost: 31.000
arrive destination: False ,out of road:True   Total T: 493438 Episode Num: 1605 Episode T: 124 Reward: 137.192 Cost: 1.000
arrive destination: True ,out of road:False   Total T: 493766 Episode Num: 1606 Episode T: 328 Reward: 361.777 Cost: 27.000
arrive destination: False ,out of road:True   Total T: 494059 Episode Num: 1607 Episode T: 293 Reward: 327.984 Cost: 23.000
arrive destination: False ,out of road:True   Total T: 494554 Episode Num: 1608 Episode T: 495 Reward: 447.594 Cost: 40.000
arrive destination: True ,out of road:False   Total T: 494974 Episode Num: 1609 Episode T: 420 Reward: 372.583 Cost: 9.000
arrive destination: True ,out of road:False   Total T: 495443 Episode Num: 1610 Episode T: 469 Reward: 521.983 Cost: 39.000
arrive destination: True ,out of road:False   Total T: 495867 Episode Num: 1611 Episode T: 424 Reward: 381.059 Cost: 35.000
arrive destination: True ,out of road:False   Total T: 496083 Episode Num: 1612 Episode T: 216 Reward: 246.295 Cost: 0.000
arrive destination: False ,out of road:True   Total T: 496453 Episode Num: 1613 Episode T: 370 Reward: 380.496 Cost: 30.000
arrive destination: True ,out of road:False   Total T: 496852 Episode Num: 1614 Episode T: 399 Reward: 365.943 Cost: 33.000
arrive destination: True ,out of road:False   Total T: 497101 Episode Num: 1615 Episode T: 249 Reward: 232.274 Cost: 27.000
arrive destination: True ,out of road:False   Total T: 497576 Episode Num: 1616 Episode T: 475 Reward: 471.495 Cost: 29.000
arrive destination: True ,out of road:False   Total T: 497948 Episode Num: 1617 Episode T: 372 Reward: 402.343 Cost: 0.000
arrive destination: True ,out of road:False   Total T: 498320 Episode Num: 1618 Episode T: 372 Reward: 404.927 Cost: 3.000
arrive destination: True ,out of road:False   Total T: 498541 Episode Num: 1619 Episode T: 221 Reward: 295.848 Cost: 17.000
arrive destination: False ,out of road:True   Total T: 498709 Episode Num: 1620 Episode T: 168 Reward: 207.275 Cost: 3.000
arrive destination: True ,out of road:False   Total T: 498956 Episode Num: 1621 Episode T: 247 Reward: 232.111 Cost: 14.000
arrive destination: True ,out of road:False   Total T: 499173 Episode Num: 1622 Episode T: 217 Reward: 244.196 Cost: 0.000
arrive destination: True ,out of road:False   Total T: 499435 Episode Num: 1623 Episode T: 262 Reward: 276.604 Cost: 15.000
arrive destination: True ,out of road:False   Total T: 499688 Episode Num: 1624 Episode T: 253 Reward: 271.851 Cost: 5.000
arrive destination: False ,out of road:True   Total T: 499791 Episode Num: 1625 Episode T: 103 Reward: 96.017 Cost: 2.000
---------------------------------------
Evaluation over 20 episodes: 0.800 Cost 9.700.             SafeRL used : use_recovery
---------------------------------------
[34;1m
Time: 2026-06-30 04:34:15, Time spent from previous logger: 186.534 s[0m
[34;1mCustomLogger with fileds: ['total_steps', 'EpRet', 'EpCost', 'CostRate'][0m
[34;1mfieldvalues: [500000, 0.8, 9.7, 0.06002012004024008]
[0m
arrive destination: False ,out of road:True   Total T: 500400 Episode Num: 1626 Episode T: 609 Reward: 559.667 Cost: 42.000
arrive destination: True ,out of road:False   Total T: 500767 Episode Num: 1627 Episode T: 367 Reward: 336.333 Cost: 9.000
arrive destination: False ,out of road:True   Total T: 500974 Episode Num: 1628 Episode T: 207 Reward: 179.590 Cost: 24.000
arrive destination: True ,out of road:False   Total T: 501326 Episode Num: 1629 Episode T: 352 Reward: 336.322 Cost: 16.000
arrive destination: True ,out of road:False   Total T: 501567 Episode Num: 1630 Episode T: 241 Reward: 274.576 Cost: 0.000
arrive destination: True ,out of road:False   Total T: 502005 Episode Num: 1631 Episode T: 438 Reward: 380.999 Cost: 62.000
arrive destination: True ,out of road:False   Total T: 502178 Episode Num: 1632 Episode T: 173 Reward: 268.947 Cost: 0.000
arrive destination: True ,out of road:False   Total T: 502396 Episode Num: 1633 Episode T: 218 Reward: 244.083 Cost: 0.000
arrive destination: True ,out of road:False   Total T: 502763 Episode Num: 1634 Episode T: 367 Reward: 381.964 Cost: 40.000
arrive destination: True ,out of road:False   Total T: 503131 Episode Num: 1635 Episode T: 368 Reward: 350.920 Cost: 23.000
arrive destination: True ,out of road:False   Total T: 503500 Episode Num: 1636 Episode T: 369 Reward: 404.866 Cost: 0.000
arrive destination: True ,out of road:False   Total T: 503817 Episode Num: 1637 Episode T: 317 Reward: 399.009 Cost: 15.000
arrive destination: True ,out of road:False   Total T: 504067 Episode Num: 1638 Episode T: 250 Reward: 273.789 Cost: 0.000
arrive destination: True ,out of road:False   Total T: 504305 Episode Num: 1639 Episode T: 238 Reward: 273.943 Cost: 0.000
arrive destination: True ,out of road:False   Total T: 504829 Episode Num: 1640 Episode T: 524 Reward: 493.790 Cost: 53.000
arrive destination: True ,out of road:False   Total T: 505047 Episode Num: 1641 Episode T: 218 Reward: 285.519 Cost: 2.000
arrive destination: True ,out of road:False   Total T: 505280 Episode Num: 1642 Episode T: 233 Reward: 286.307 Cost: 8.000
arrive destination: False ,out of road:True   Total T: 505404 Episode Num: 1643 Episode T: 124 Reward: 136.280 Cost: 2.000
arrive destination: True ,out of road:False   Total T: 505754 Episode Num: 1644 Episode T: 350 Reward: 335.619 Cost: 13.000
arrive destination: True ,out of road:False   Total T: 505931 Episode Num: 1645 Episode T: 177 Reward: 269.351 Cost: 0.000
arrive destination: True ,out of road:False   Total T: 506187 Episode Num: 1646 Episode T: 256 Reward: 274.224 Cost: 6.000
arrive destination: True ,out of road:False   Total T: 506619 Episode Num: 1647 Episode T: 432 Reward: 511.243 Cost: 51.000
arrive destination: True ,out of road:False   Total T: 506934 Episode Num: 1648 Episode T: 315 Reward: 397.495 Cost: 23.000
arrive destination: True ,out of road:False   Total T: 507354 Episode Num: 1649 Episode T: 420 Reward: 363.320 Cost: 22.000
arrive destination: True ,out of road:False   Total T: 507759 Episode Num: 1650 Episode T: 405 Reward: 372.247 Cost: 22.000
arrive destination: True ,out of road:False   Total T: 508107 Episode Num: 1651 Episode T: 348 Reward: 335.845 Cost: 23.000
arrive destination: True ,out of road:False   Total T: 508460 Episode Num: 1652 Episode T: 353 Reward: 373.584 Cost: 15.000
arrive destination: True ,out of road:False   Total T: 508638 Episode Num: 1653 Episode T: 178 Reward: 269.368 Cost: 3.000
arrive destination: True ,out of road:False   Total T: 508961 Episode Num: 1654 Episode T: 323 Reward: 400.426 Cost: 3.000
arrive destination: True ,out of road:False   Total T: 509350 Episode Num: 1655 Episode T: 389 Reward: 430.535 Cost: 58.000
arrive destination: True ,out of road:False   Total T: 509536 Episode Num: 1656 Episode T: 186 Reward: 270.014 Cost: 1.000
arrive destination: False ,out of road:True   Total T: 509755 Episode Num: 1657 Episode T: 219 Reward: 222.242 Cost: 9.000
---------------------------------------
Evaluation over 20 episodes: 0.750 Cost 19.800.             SafeRL used : use_recovery
---------------------------------------
[34;1m
Time: 2026-06-30 04:37:32, Time spent from previous logger: 196.364 s[0m
[34;1mCustomLogger with fileds: ['total_steps', 'EpRet', 'EpCost', 'CostRate'][0m
[34;1mfieldvalues: [510000, 0.75, 19.8, 0.05993149006174522]
[0m
arrive destination: True ,out of road:False   Total T: 510209 Episode Num: 1658 Episode T: 454 Reward: 595.061 Cost: 11.000
arrive destination: True ,out of road:False   Total T: 510558 Episode Num: 1659 Episode T: 349 Reward: 405.053 Cost: 0.000
arrive destination: True ,out of road:False   Total T: 510803 Episode Num: 1660 Episode T: 245 Reward: 273.908 Cost: 0.000
arrive destination: True ,out of road:False   Total T: 511008 Episode Num: 1661 Episode T: 205 Reward: 286.090 Cost: 0.000
arrive destination: True ,out of road:False   Total T: 511398 Episode Num: 1662 Episode T: 390 Reward: 423.045 Cost: 15.000
arrive destination: True ,out of road:False   Total T: 511915 Episode Num: 1663 Episode T: 517 Reward: 421.920 Cost: 71.000
arrive destination: True ,out of road:False   Total T: 512398 Episode Num: 1664 Episode T: 483 Reward: 415.311 Cost: 42.000
arrive destination: True ,out of road:False   Total T: 512669 Episode Num: 1665 Episode T: 271 Reward: 335.637 Cost: 7.000
arrive destination: True ,out of road:False   Total T: 513259 Episode Num: 1666 Episode T: 590 Reward: 524.288 Cost: 96.000
arrive destination: True ,out of road:False   Total T: 513660 Episode Num: 1667 Episode T: 401 Reward: 498.718 Cost: 22.000
arrive destination: True ,out of road:False   Total T: 513876 Episode Num: 1668 Episode T: 216 Reward: 248.637 Cost: 0.000
arrive destination: True ,out of road:False   Total T: 514269 Episode Num: 1669 Episode T: 393 Reward: 369.114 Cost: 44.000
arrive destination: False ,out of road:True   Total T: 514391 Episode Num: 1670 Episode T: 122 Reward: 134.159 Cost: 1.000
arrive destination: True ,out of road:False   Total T: 514628 Episode Num: 1671 Episode T: 237 Reward: 271.770 Cost: 0.000
arrive destination: False ,out of road:True   Total T: 514779 Episode Num: 1672 Episode T: 151 Reward: 159.273 Cost: 3.000
arrive destination: True ,out of road:False   Total T: 514992 Episode Num: 1673 Episode T: 213 Reward: 246.666 Cost: 0.000
arrive destination: True ,out of road:False   Total T: 515196 Episode Num: 1674 Episode T: 204 Reward: 283.563 Cost: 0.000
arrive destination: True ,out of road:False   Total T: 515374 Episode Num: 1675 Episode T: 178 Reward: 269.327 Cost: 0.000
arrive destination: False ,out of road:True   Total T: 515537 Episode Num: 1676 Episode T: 163 Reward: 164.046 Cost: 9.000
arrive destination: True ,out of road:False   Total T: 515766 Episode Num: 1677 Episode T: 229 Reward: 295.531 Cost: 2.000
arrive destination: True ,out of road:False   Total T: 516199 Episode Num: 1678 Episode T: 433 Reward: 382.622 Cost: 49.000
arrive destination: False ,out of road:True   Total T: 516447 Episode Num: 1679 Episode T: 248 Reward: 224.068 Cost: 15.000
arrive destination: True ,out of road:False   Total T: 516832 Episode Num: 1680 Episode T: 385 Reward: 422.986 Cost: 34.000
arrive destination: True ,out of road:False   Total T: 517259 Episode Num: 1681 Episode T: 427 Reward: 381.750 Cost: 48.000
arrive destination: False ,out of road:True   Total T: 517355 Episode Num: 1682 Episode T: 96 Reward: 81.282 Cost: 2.000
arrive destination: True ,out of road:False   Total T: 517605 Episode Num: 1683 Episode T: 250 Reward: 230.689 Cost: 8.000
arrive destination: True ,out of road:False   Total T: 517856 Episode Num: 1684 Episode T: 251 Reward: 275.425 Cost: 0.000
arrive destination: False ,out of road:True   Total T: 518097 Episode Num: 1685 Episode T: 241 Reward: 216.283 Cost: 36.000
arrive destination: True ,out of road:False   Total T: 518382 Episode Num: 1686 Episode T: 285 Reward: 264.158 Cost: 15.000
arrive destination: True ,out of road:False   Total T: 518744 Episode Num: 1687 Episode T: 362 Reward: 398.447 Cost: 22.000
arrive destination: True ,out of road:False   Total T: 518946 Episode Num: 1688 Episode T: 202 Reward: 284.697 Cost: 5.000
arrive destination: False ,out of road:True   Total T: 519140 Episode Num: 1689 Episode T: 194 Reward: 255.794 Cost: 1.000
arrive destination: True ,out of road:False   Total T: 519539 Episode Num: 1690 Episode T: 399 Reward: 473.075 Cost: 25.000
arrive destination: False ,out of road:True   Total T: 519835 Episode Num: 1691 Episode T: 296 Reward: 256.286 Cost: 44.000
---------------------------------------
Evaluation over 20 episodes: 0.700 Cost 10.400.             SafeRL used : use_recovery
---------------------------------------
[34;1m
Time: 2026-06-30 04:40:41, Time spent from previous logger: 189.094 s[0m
[34;1mCustomLogger with fileds: ['total_steps', 'EpRet', 'EpCost', 'CostRate'][0m
[34;1mfieldvalues: [520000, 0.7, 10.4, 0.05996357685303241]
[0m
arrive destination: True ,out of road:False   Total T: 520411 Episode Num: 1692 Episode T: 576 Reward: 620.973 Cost: 24.000
arrive destination: True ,out of road:False   Total T: 520792 Episode Num: 1693 Episode T: 381 Reward: 407.522 Cost: 7.000
arrive destination: True ,out of road:False   Total T: 521000 Episode Num: 1694 Episode T: 208 Reward: 245.778 Cost: 0.000
arrive destination: True ,out of road:False   Total T: 521297 Episode Num: 1695 Episode T: 297 Reward: 265.562 Cost: 18.000
arrive destination: True ,out of road:False   Total T: 521538 Episode Num: 1696 Episode T: 241 Reward: 271.675 Cost: 0.000
arrive destination: True ,out of road:False   Total T: 521933 Episode Num: 1697 Episode T: 395 Reward: 470.854 Cost: 13.000
arrive destination: True ,out of road:False   Total T: 522240 Episode Num: 1698 Episode T: 307 Reward: 399.119 Cost: 11.000
arrive destination: True ,out of road:False   Total T: 522507 Episode Num: 1699 Episode T: 267 Reward: 358.596 Cost: 0.000
arrive destination: True ,out of road:False   Total T: 522934 Episode Num: 1700 Episode T: 427 Reward: 495.966 Cost: 38.000
arrive destination: True ,out of road:False   Total T: 523389 Episode Num: 1701 Episode T: 455 Reward: 499.709 Cost: 32.000
arrive destination: True ,out of road:False   Total T: 523668 Episode Num: 1702 Episode T: 279 Reward: 265.208 Cost: 10.000
arrive destination: True ,out of road:False   Total T: 524194 Episode Num: 1703 Episode T: 526 Reward: 402.396 Cost: 53.000
arrive destination: False ,out of road:True   Total T: 524353 Episode Num: 1704 Episode T: 159 Reward: 164.055 Cost: 11.000
arrive destination: True ,out of road:False   Total T: 524780 Episode Num: 1705 Episode T: 427 Reward: 425.180 Cost: 36.000
arrive destination: True ,out of road:False   Total T: 525206 Episode Num: 1706 Episode T: 426 Reward: 498.841 Cost: 23.000
arrive destination: True ,out of road:False   Total T: 525425 Episode Num: 1707 Episode T: 219 Reward: 295.634 Cost: 18.000
arrive destination: True ,out of road:False   Total T: 525754 Episode Num: 1708 Episode T: 329 Reward: 382.665 Cost: 28.000
arrive destination: False ,out of road:True   Total T: 526000 Episode Num: 1709 Episode T: 246 Reward: 309.674 Cost: 14.000
arrive destination: True ,out of road:False   Total T: 526209 Episode Num: 1710 Episode T: 209 Reward: 283.649 Cost: 0.000
arrive destination: True ,out of road:False   Total T: 526518 Episode Num: 1711 Episode T: 309 Reward: 362.537 Cost: 2.000
arrive destination: True ,out of road:False   Total T: 526928 Episode Num: 1712 Episode T: 410 Reward: 374.065 Cost: 32.000
arrive destination: True ,out of road:False   Total T: 527163 Episode Num: 1713 Episode T: 235 Reward: 273.163 Cost: 0.000
arrive destination: False ,out of road:True   Total T: 527385 Episode Num: 1714 Episode T: 222 Reward: 223.631 Cost: 8.000
arrive destination: False ,out of road:True   Total T: 527517 Episode Num: 1715 Episode T: 132 Reward: 139.333 Cost: 1.000
arrive destination: True ,out of road:False   Total T: 527755 Episode Num: 1716 Episode T: 238 Reward: 273.255 Cost: 0.000
arrive destination: True ,out of road:False   Total T: 528135 Episode Num: 1717 Episode T: 380 Reward: 411.339 Cost: 30.000
arrive destination: True ,out of road:False   Total T: 528485 Episode Num: 1718 Episode T: 350 Reward: 405.034 Cost: 0.000
arrive destination: True ,out of road:False   Total T: 529013 Episode Num: 1719 Episode T: 528 Reward: 478.047 Cost: 14.000
arrive destination: True ,out of road:False   Total T: 529354 Episode Num: 1720 Episode T: 341 Reward: 359.765 Cost: 18.000
arrive destination: False ,out of road:True   Total T: 529576 Episode Num: 1721 Episode T: 222 Reward: 235.087 Cost: 6.000
arrive destination: True ,out of road:False   Total T: 529826 Episode Num: 1722 Episode T: 250 Reward: 335.855 Cost: 4.000
---------------------------------------
Evaluation over 20 episodes: 0.900 Cost 28.400.             SafeRL used : use_recovery
---------------------------------------
[34;1m
Time: 2026-06-30 04:43:54, Time spent from previous logger: 193.850 s[0m
[34;1mCustomLogger with fileds: ['total_steps', 'EpRet', 'EpCost', 'CostRate'][0m
[34;1mfieldvalues: [530000, 0.9, 28.4, 0.0596944522536835]
[0m
arrive destination: True ,out of road:False   Total T: 530174 Episode Num: 1723 Episode T: 348 Reward: 426.507 Cost: 9.000
arrive destination: True ,out of road:False   Total T: 530423 Episode Num: 1724 Episode T: 249 Reward: 295.897 Cost: 9.000
arrive destination: False ,out of road:True   Total T: 530954 Episode Num: 1725 Episode T: 531 Reward: 338.710 Cost: 62.000
arrive destination: False ,out of road:True   Total T: 531076 Episode Num: 1726 Episode T: 122 Reward: 135.925 Cost: 1.000
arrive destination: True ,out of road:False   Total T: 531297 Episode Num: 1727 Episode T: 221 Reward: 295.930 Cost: 8.000
arrive destination: True ,out of road:False   Total T: 531504 Episode Num: 1728 Episode T: 207 Reward: 244.482 Cost: 0.000
arrive destination: True ,out of road:False   Total T: 531915 Episode Num: 1729 Episode T: 411 Reward: 473.611 Cost: 31.000
arrive destination: True ,out of road:False   Total T: 532356 Episode Num: 1730 Episode T: 441 Reward: 474.318 Cost: 24.000
arrive destination: True ,out of road:False   Total T: 532593 Episode Num: 1731 Episode T: 237 Reward: 335.850 Cost: 5.000
arrive destination: True ,out of road:False   Total T: 532778 Episode Num: 1732 Episode T: 185 Reward: 231.870 Cost: 6.000
arrive destination: True ,out of road:False   Total T: 532963 Episode Num: 1733 Episode T: 185 Reward: 269.694 Cost: 0.000
arrive destination: True ,out of road:False   Total T: 533306 Episode Num: 1734 Episode T: 343 Reward: 335.529 Cost: 24.000
arrive destination: True ,out of road:False   Total T: 533485 Episode Num: 1735 Episode T: 179 Reward: 270.058 Cost: 0.000
arrive destination: True ,out of road:False   Total T: 533827 Episode Num: 1736 Episode T: 342 Reward: 381.732 Cost: 30.000
arrive destination: False ,out of road:True   Total T: 533969 Episode Num: 1737 Episode T: 142 Reward: 157.065 Cost: 9.000
arrive destination: True ,out of road:False   Total T: 534310 Episode Num: 1738 Episode T: 341 Reward: 375.231 Cost: 43.000
arrive destination: True ,out of road:False   Total T: 534698 Episode Num: 1739 Episode T: 388 Reward: 373.343 Cost: 34.000
arrive destination: True ,out of road:False   Total T: 534917 Episode Num: 1740 Episode T: 219 Reward: 295.685 Cost: 16.000
arrive destination: False ,out of road:True   Total T: 535158 Episode Num: 1741 Episode T: 241 Reward: 312.802 Cost: 14.000
arrive destination: True ,out of road:False   Total T: 535404 Episode Num: 1742 Episode T: 246 Reward: 231.028 Cost: 36.000
arrive destination: False ,out of road:True   Total T: 535499 Episode Num: 1743 Episode T: 95 Reward: 84.400 Cost: 2.000
arrive destination: False ,out of road:True   Total T: 535598 Episode Num: 1744 Episode T: 99 Reward: 81.819 Cost: 2.000
arrive destination: False ,out of road:True   Total T: 535739 Episode Num: 1745 Episode T: 141 Reward: 155.543 Cost: 10.000
arrive destination: True ,out of road:False   Total T: 535970 Episode Num: 1746 Episode T: 231 Reward: 273.938 Cost: 0.000
arrive destination: True ,out of road:False   Total T: 536446 Episode Num: 1747 Episode T: 476 Reward: 398.674 Cost: 25.000
arrive destination: True ,out of road:False   Total T: 536694 Episode Num: 1748 Episode T: 248 Reward: 240.671 Cost: 22.000
arrive destination: True ,out of road:False   Total T: 536970 Episode Num: 1749 Episode T: 276 Reward: 336.228 Cost: 10.000
arrive destination: True ,out of road:False   Total T: 537175 Episode Num: 1750 Episode T: 205 Reward: 285.854 Cost: 2.000
arrive destination: True ,out of road:False   Total T: 537387 Episode Num: 1751 Episode T: 212 Reward: 245.732 Cost: 0.000
arrive destination: False ,out of road:True   Total T: 537625 Episode Num: 1752 Episode T: 238 Reward: 230.509 Cost: 3.000
arrive destination: False ,out of road:True   Total T: 537842 Episode Num: 1753 Episode T: 217 Reward: 243.521 Cost: 8.000
arrive destination: False ,out of road:True   Total T: 538022 Episode Num: 1754 Episode T: 180 Reward: 136.427 Cost: 17.000
arrive destination: False ,out of road:True   Total T: 538129 Episode Num: 1755 Episode T: 107 Reward: 78.021 Cost: 3.000
arrive destination: True ,out of road:False   Total T: 538364 Episode Num: 1756 Episode T: 235 Reward: 274.567 Cost: 0.000
arrive destination: True ,out of road:False   Total T: 538722 Episode Num: 1757 Episode T: 358 Reward: 415.050 Cost: 26.000
arrive destination: True ,out of road:False   Total T: 539090 Episode Num: 1758 Episode T: 368 Reward: 376.077 Cost: 23.000
arrive destination: True ,out of road:False   Total T: 539264 Episode Num: 1759 Episode T: 174 Reward: 269.933 Cost: 0.000
arrive destination: True ,out of road:False   Total T: 539647 Episode Num: 1760 Episode T: 383 Reward: 365.011 Cost: 15.000
---------------------------------------
Evaluation over 20 episodes: 0.850 Cost 20.700.             SafeRL used : use_recovery
---------------------------------------
[34;1m
Time: 2026-06-30 04:47:05, Time spent from previous logger: 190.869 s[0m
[34;1mCustomLogger with fileds: ['total_steps', 'EpRet', 'EpCost', 'CostRate'][0m
[34;1mfieldvalues: [540000, 0.85, 20.7, 0.05959455480473112]
[0m
arrive destination: False ,out of road:True   Total T: 540105 Episode Num: 1761 Episode T: 458 Reward: 467.580 Cost: 23.000
arrive destination: True ,out of road:False   Total T: 540350 Episode Num: 1762 Episode T: 245 Reward: 274.025 Cost: 0.000
arrive destination: True ,out of road:False   Total T: 540902 Episode Num: 1763 Episode T: 552 Reward: 500.817 Cost: 65.000
arrive destination: True ,out of road:False   Total T: 541201 Episode Num: 1764 Episode T: 299 Reward: 358.465 Cost: 18.000
arrive destination: True ,out of road:False   Total T: 541497 Episode Num: 1765 Episode T: 296 Reward: 260.903 Cost: 10.000
arrive destination: True ,out of road:False   Total T: 541726 Episode Num: 1766 Episode T: 229 Reward: 334.947 Cost: 0.000
arrive destination: True ,out of road:False   Total T: 541980 Episode Num: 1767 Episode T: 254 Reward: 295.355 Cost: 25.000
arrive destination: True ,out of road:False   Total T: 542157 Episode Num: 1768 Episode T: 177 Reward: 269.560 Cost: 0.000
arrive destination: True ,out of road:False   Total T: 542537 Episode Num: 1769 Episode T: 380 Reward: 372.379 Cost: 35.000
arrive destination: True ,out of road:False   Total T: 542927 Episode Num: 1770 Episode T: 390 Reward: 409.168 Cost: 3.000
arrive destination: True ,out of road:False   Total T: 543130 Episode Num: 1771 Episode T: 203 Reward: 244.170 Cost: 0.000
arrive destination: True ,out of road:False   Total T: 543556 Episode Num: 1772 Episode T: 426 Reward: 419.416 Cost: 55.000
arrive destination: True ,out of road:False   Total T: 543729 Episode Num: 1773 Episode T: 173 Reward: 269.678 Cost: 0.000
arrive destination: True ,out of road:False   Total T: 544133 Episode Num: 1774 Episode T: 404 Reward: 473.513 Cost: 17.000
arrive destination: True ,out of road:False   Total T: 544380 Episode Num: 1775 Episode T: 247 Reward: 231.758 Cost: 21.000
arrive destination: True ,out of road:False   Total T: 544899 Episode Num: 1776 Episode T: 519 Reward: 497.654 Cost: 45.000
arrive destination: True ,out of road:False   Total T: 545095 Episode Num: 1777 Episode T: 196 Reward: 283.809 Cost: 0.000
arrive destination: True ,out of road:False   Total T: 545351 Episode Num: 1778 Episode T: 256 Reward: 273.586 Cost: 5.000
arrive destination: True ,out of road:False   Total T: 545662 Episode Num: 1779 Episode T: 311 Reward: 398.481 Cost: 7.000
arrive destination: True ,out of road:False   Total T: 546033 Episode Num: 1780 Episode T: 371 Reward: 405.258 Cost: 0.000
arrive destination: True ,out of road:False   Total T: 546255 Episode Num: 1781 Episode T: 222 Reward: 247.508 Cost: 0.000
arrive destination: True ,out of road:False   Total T: 546450 Episode Num: 1782 Episode T: 195 Reward: 232.798 Cost: 2.000
arrive destination: True ,out of road:False   Total T: 546645 Episode Num: 1783 Episode T: 195 Reward: 270.178 Cost: 1.000
arrive destination: True ,out of road:False   Total T: 546896 Episode Num: 1784 Episode T: 251 Reward: 294.378 Cost: 16.000
arrive destination: True ,out of road:False   Total T: 547383 Episode Num: 1785 Episode T: 487 Reward: 405.050 Cost: 31.000
arrive destination: True ,out of road:False   Total T: 547751 Episode Num: 1786 Episode T: 368 Reward: 406.892 Cost: 10.000
arrive destination: True ,out of road:False   Total T: 548191 Episode Num: 1787 Episode T: 440 Reward: 473.356 Cost: 27.000
arrive destination: True ,out of road:False   Total T: 548597 Episode Num: 1788 Episode T: 406 Reward: 496.905 Cost: 23.000
arrive destination: True ,out of road:False   Total T: 549039 Episode Num: 1789 Episode T: 442 Reward: 473.147 Cost: 34.000
arrive destination: True ,out of road:False   Total T: 549534 Episode Num: 1790 Episode T: 495 Reward: 508.924 Cost: 46.000
arrive destination: False ,out of road:True   Total T: 549781 Episode Num: 1791 Episode T: 247 Reward: 252.158 Cost: 9.000
arrive destination: True ,out of road:False   Total T: 549996 Episode Num: 1792 Episode T: 215 Reward: 249.904 Cost: 0.000
---------------------------------------
Evaluation over 20 episodes: 0.600 Cost 19.150.             SafeRL used : use_recovery
---------------------------------------
[34;1m
Time: 2026-06-30 04:50:12, Time spent from previous logger: 186.551 s[0m
[34;1mCustomLogger with fileds: ['total_steps', 'EpRet', 'EpCost', 'CostRate'][0m
[34;1mfieldvalues: [550000, 0.6, 19.15, 0.05943465351755185]
[0m
arrive destination: True ,out of road:False   Total T: 550262 Episode Num: 1793 Episode T: 266 Reward: 264.107 Cost: 25.000
arrive destination: True ,out of road:False   Total T: 550441 Episode Num: 1794 Episode T: 179 Reward: 269.528 Cost: 0.000
arrive destination: True ,out of road:False   Total T: 550822 Episode Num: 1795 Episode T: 381 Reward: 367.916 Cost: 36.000
arrive destination: True ,out of road:False   Total T: 550998 Episode Num: 1796 Episode T: 176 Reward: 269.646 Cost: 0.000
arrive destination: True ,out of road:False   Total T: 551394 Episode Num: 1797 Episode T: 396 Reward: 421.033 Cost: 33.000
arrive destination: True ,out of road:False   Total T: 551590 Episode Num: 1798 Episode T: 196 Reward: 283.622 Cost: 0.000
arrive destination: True ,out of road:False   Total T: 551975 Episode Num: 1799 Episode T: 385 Reward: 505.565 Cost: 19.000
arrive destination: True ,out of road:False   Total T: 552177 Episode Num: 1800 Episode T: 202 Reward: 246.526 Cost: 0.000
arrive destination: True ,out of road:False   Total T: 552525 Episode Num: 1801 Episode T: 348 Reward: 335.842 Cost: 24.000
arrive destination: False ,out of road:True   Total T: 552719 Episode Num: 1802 Episode T: 194 Reward: 221.459 Cost: 4.000
arrive destination: False ,out of road:True   Total T: 552916 Episode Num: 1803 Episode T: 197 Reward: 220.144 Cost: 15.000
arrive destination: False ,out of road:True   Total T: 553158 Episode Num: 1804 Episode T: 242 Reward: 225.269 Cost: 10.000
arrive destination: True ,out of road:False   Total T: 553365 Episode Num: 1805 Episode T: 207 Reward: 285.078 Cost: 0.000
arrive destination: True ,out of road:False   Total T: 553568 Episode Num: 1806 Episode T: 203 Reward: 284.833 Cost: 0.000
arrive destination: True ,out of road:False   Total T: 554049 Episode Num: 1807 Episode T: 481 Reward: 498.331 Cost: 52.000
arrive destination: True ,out of road:False   Total T: 554256 Episode Num: 1808 Episode T: 207 Reward: 245.179 Cost: 0.000
arrive destination: True ,out of road:False   Total T: 554527 Episode Num: 1809 Episode T: 271 Reward: 335.791 Cost: 4.000
arrive destination: True ,out of road:False   Total T: 554756 Episode Num: 1810 Episode T: 229 Reward: 295.610 Cost: 17.000
arrive destination: True ,out of road:False   Total T: 555220 Episode Num: 1811 Episode T: 464 Reward: 412.515 Cost: 41.000
arrive destination: True ,out of road:False   Total T: 555585 Episode Num: 1812 Episode T: 365 Reward: 404.992 Cost: 0.000
arrive destination: True ,out of road:False   Total T: 556089 Episode Num: 1813 Episode T: 504 Reward: 520.165 Cost: 65.000
arrive destination: True ,out of road:False   Total T: 556395 Episode Num: 1814 Episode T: 306 Reward: 264.357 Cost: 8.000
arrive destination: False ,out of road:True   Total T: 556491 Episode Num: 1815 Episode T: 96 Reward: 84.236 Cost: 2.000
arrive destination: True ,out of road:False   Total T: 556669 Episode Num: 1816 Episode T: 178 Reward: 269.888 Cost: 0.000
arrive destination: True ,out of road:False   Total T: 557022 Episode Num: 1817 Episode T: 353 Reward: 377.525 Cost: 39.000
arrive destination: False ,out of road:True   Total T: 557127 Episode Num: 1818 Episode T: 105 Reward: 82.612 Cost: 2.000
arrive destination: True ,out of road:False   Total T: 557555 Episode Num: 1819 Episode T: 428 Reward: 371.321 Cost: 29.000
arrive destination: False ,out of road:True   Total T: 557714 Episode Num: 1820 Episode T: 159 Reward: 164.449 Cost: 13.000
arrive destination: False ,out of road:True   Total T: 557939 Episode Num: 1821 Episode T: 225 Reward: 188.611 Cost: 31.000
arrive destination: True ,out of road:False   Total T: 558395 Episode Num: 1822 Episode T: 456 Reward: 500.377 Cost: 43.000
arrive destination: True ,out of road:False   Total T: 558676 Episode Num: 1823 Episode T: 281 Reward: 294.704 Cost: 8.000
arrive destination: True ,out of road:False   Total T: 558916 Episode Num: 1824 Episode T: 240 Reward: 273.292 Cost: 0.000
arrive destination: True ,out of road:False   Total T: 559318 Episode Num: 1825 Episode T: 402 Reward: 382.835 Cost: 27.000
arrive destination: True ,out of road:False   Total T: 559890 Episode Num: 1826 Episode T: 572 Reward: 383.116 Cost: 42.000
---------------------------------------
Evaluation over 20 episodes: 0.750 Cost 13.950.             SafeRL used : use_recovery
---------------------------------------
[34;1m
Time: 2026-06-30 04:53:21, Time spent from previous logger: 189.543 s[0m
[34;1mCustomLogger with fileds: ['total_steps', 'EpRet', 'EpCost', 'CostRate'][0m
[34;1mfieldvalues: [560000, 0.75, 13.95, 0.05942510611626092]
[0m
arrive destination: True ,out of road:False   Total T: 560420 Episode Num: 1827 Episode T: 530 Reward: 598.994 Cost: 20.000
arrive destination: True ,out of road:False   Total T: 560668 Episode Num: 1828 Episode T: 248 Reward: 232.724 Cost: 12.000
arrive destination: True ,out of road:False   Total T: 560919 Episode Num: 1829 Episode T: 251 Reward: 295.921 Cost: 16.000
arrive destination: True ,out of road:False   Total T: 561138 Episode Num: 1830 Episode T: 219 Reward: 249.544 Cost: 0.000
arrive destination: False ,out of road:True   Total T: 561523 Episode Num: 1831 Episode T: 385 Reward: 440.370 Cost: 23.000
arrive destination: True ,out of road:False   Total T: 561723 Episode Num: 1832 Episode T: 200 Reward: 247.049 Cost: 0.000
arrive destination: True ,out of road:False   Total T: 562149 Episode Num: 1833 Episode T: 426 Reward: 375.685 Cost: 44.000
arrive destination: True ,out of road:False   Total T: 562703 Episode Num: 1834 Episode T: 554 Reward: 520.442 Cost: 55.000
arrive destination: False ,out of road:True   Total T: 562829 Episode Num: 1835 Episode T: 126 Reward: 137.303 Cost: 3.000
arrive destination: True ,out of road:False   Total T: 563282 Episode Num: 1836 Episode T: 453 Reward: 506.591 Cost: 20.000
arrive destination: True ,out of road:False   Total T: 563561 Episode Num: 1837 Episode T: 279 Reward: 356.994 Cost: 23.000
arrive destination: True ,out of road:False   Total T: 563835 Episode Num: 1838 Episode T: 274 Reward: 265.434 Cost: 14.000
arrive destination: True ,out of road:False   Total T: 564052 Episode Num: 1839 Episode T: 217 Reward: 295.562 Cost: 6.000
arrive destination: False ,out of road:False   Total T: 565052 Episode Num: 1840 Episode T: 1000 Reward: 328.994 Cost: 48.000
arrive destination: False ,out of road:True   Total T: 565299 Episode Num: 1841 Episode T: 247 Reward: 264.308 Cost: 26.000
arrive destination: True ,out of road:False   Total T: 565693 Episode Num: 1842 Episode T: 394 Reward: 363.503 Cost: 54.000
arrive destination: True ,out of road:False   Total T: 566064 Episode Num: 1843 Episode T: 371 Reward: 407.347 Cost: 0.000
arrive destination: True ,out of road:False   Total T: 566447 Episode Num: 1844 Episode T: 383 Reward: 422.259 Cost: 45.000
arrive destination: True ,out of road:False   Total T: 566649 Episode Num: 1845 Episode T: 202 Reward: 242.785 Cost: 0.000
arrive destination: True ,out of road:False   Total T: 566880 Episode Num: 1846 Episode T: 231 Reward: 231.156 Cost: 10.000
arrive destination: True ,out of road:False   Total T: 567106 Episode Num: 1847 Episode T: 226 Reward: 335.344 Cost: 5.000
arrive destination: True ,out of road:False   Total T: 567550 Episode Num: 1848 Episode T: 444 Reward: 475.425 Cost: 20.000
arrive destination: True ,out of road:False   Total T: 567784 Episode Num: 1849 Episode T: 234 Reward: 274.250 Cost: 0.000
arrive destination: True ,out of road:False   Total T: 568214 Episode Num: 1850 Episode T: 430 Reward: 470.508 Cost: 26.000
arrive destination: True ,out of road:False   Total T: 568470 Episode Num: 1851 Episode T: 256 Reward: 276.473 Cost: 2.000
arrive destination: True ,out of road:False   Total T: 568823 Episode Num: 1852 Episode T: 353 Reward: 376.239 Cost: 19.000
arrive destination: True ,out of road:False   Total T: 569027 Episode Num: 1853 Episode T: 204 Reward: 285.501 Cost: 0.000
arrive destination: True ,out of road:False   Total T: 569393 Episode Num: 1854 Episode T: 366 Reward: 402.412 Cost: 0.000
arrive destination: True ,out of road:False   Total T: 569793 Episode Num: 1855 Episode T: 400 Reward: 346.070 Cost: 67.000
arrive destination: True ,out of road:False   Total T: 569971 Episode Num: 1856 Episode T: 178 Reward: 269.788 Cost: 0.000
---------------------------------------
Evaluation over 20 episodes: 0.750 Cost 13.850.             SafeRL used : use_recovery
---------------------------------------
[34;1m
Time: 2026-06-30 04:56:24, Time spent from previous logger: 182.095 s[0m
[34;1mCustomLogger with fileds: ['total_steps', 'EpRet', 'EpCost', 'CostRate'][0m
[34;1mfieldvalues: [570000, 0.75, 13.85, 0.05936150765176781]
[0m
arrive destination: True ,out of road:False   Total T: 570237 Episode Num: 1857 Episode T: 266 Reward: 281.622 Cost: 0.000
arrive destination: True ,out of road:False   Total T: 570635 Episode Num: 1858 Episode T: 398 Reward: 475.796 Cost: 23.000
arrive destination: True ,out of road:False   Total T: 570943 Episode Num: 1859 Episode T: 308 Reward: 398.465 Cost: 14.000
arrive destination: True ,out of road:False   Total T: 571347 Episode Num: 1860 Episode T: 404 Reward: 367.331 Cost: 37.000
arrive destination: True ,out of road:False   Total T: 571623 Episode Num: 1861 Episode T: 276 Reward: 293.884 Cost: 20.000
arrive destination: True ,out of road:False   Total T: 571926 Episode Num: 1862 Episode T: 303 Reward: 263.951 Cost: 18.000
arrive destination: True ,out of road:False   Total T: 572143 Episode Num: 1863 Episode T: 217 Reward: 249.480 Cost: 0.000
arrive destination: True ,out of road:False   Total T: 572451 Episode Num: 1864 Episode T: 308 Reward: 407.993 Cost: 15.000
arrive destination: False ,out of road:True   Total T: 572682 Episode Num: 1865 Episode T: 231 Reward: 229.879 Cost: 2.000
arrive destination: True ,out of road:False   Total T: 573010 Episode Num: 1866 Episode T: 328 Reward: 375.487 Cost: 25.000
arrive destination: True ,out of road:False   Total T: 573222 Episode Num: 1867 Episode T: 212 Reward: 248.268 Cost: 0.000
arrive destination: True ,out of road:False   Total T: 573474 Episode Num: 1868 Episode T: 252 Reward: 296.008 Cost: 21.000
arrive destination: False ,out of road:True   Total T: 573612 Episode Num: 1869 Episode T: 138 Reward: 148.719 Cost: 1.000
arrive destination: True ,out of road:False   Total T: 574032 Episode Num: 1870 Episode T: 420 Reward: 508.968 Cost: 20.000
arrive destination: True ,out of road:False   Total T: 574268 Episode Num: 1871 Episode T: 236 Reward: 271.924 Cost: 3.000
arrive destination: True ,out of road:False   Total T: 574655 Episode Num: 1872 Episode T: 387 Reward: 381.962 Cost: 27.000
arrive destination: True ,out of road:False   Total T: 574907 Episode Num: 1873 Episode T: 252 Reward: 273.272 Cost: 5.000
arrive destination: True ,out of road:False   Total T: 575168 Episode Num: 1874 Episode T: 261 Reward: 358.129 Cost: 4.000
arrive destination: False ,out of road:True   Total T: 575252 Episode Num: 1875 Episode T: 84 Reward: 66.164 Cost: 1.000
arrive destination: True ,out of road:False   Total T: 575649 Episode Num: 1876 Episode T: 397 Reward: 392.886 Cost: 33.000
arrive destination: True ,out of road:False   Total T: 575840 Episode Num: 1877 Episode T: 191 Reward: 269.770 Cost: 6.000
arrive destination: True ,out of road:False   Total T: 576175 Episode Num: 1878 Episode T: 335 Reward: 335.745 Cost: 21.000
arrive destination: True ,out of road:False   Total T: 576650 Episode Num: 1879 Episode T: 475 Reward: 405.217 Cost: 32.000
arrive destination: True ,out of road:False   Total T: 577024 Episode Num: 1880 Episode T: 374 Reward: 381.670 Cost: 28.000
arrive destination: True ,out of road:False   Total T: 577453 Episode Num: 1881 Episode T: 429 Reward: 474.307 Cost: 13.000
arrive destination: False ,out of road:True   Total T: 577693 Episode Num: 1882 Episode T: 240 Reward: 242.907 Cost: 3.000
arrive destination: True ,out of road:False   Total T: 577938 Episode Num: 1883 Episode T: 245 Reward: 304.606 Cost: 14.000
arrive destination: True ,out of road:False   Total T: 578339 Episode Num: 1884 Episode T: 401 Reward: 498.702 Cost: 14.000
arrive destination: True ,out of road:False   Total T: 578776 Episode Num: 1885 Episode T: 437 Reward: 475.695 Cost: 22.000
arrive destination: True ,out of road:False   Total T: 579219 Episode Num: 1886 Episode T: 443 Reward: 365.153 Cost: 36.000
arrive destination: True ,out of road:False   Total T: 579544 Episode Num: 1887 Episode T: 325 Reward: 363.043 Cost: 24.000
arrive destination: True ,out of road:False   Total T: 579729 Episode Num: 1888 Episode T: 185 Reward: 270.037 Cost: 1.000
---------------------------------------
Evaluation over 20 episodes: 0.500 Cost 12.450.             SafeRL used : use_recovery
---------------------------------------
[34;1m
Time: 2026-06-30 04:59:26, Time spent from previous logger: 182.023 s[0m
[34;1mCustomLogger with fileds: ['total_steps', 'EpRet', 'EpCost', 'CostRate'][0m
[34;1mfieldvalues: [580000, 0.5, 12.45, 0.05920182621004519]
[0m
arrive destination: False ,out of road:True   Total T: 580172 Episode Num: 1889 Episode T: 443 Reward: 480.204 Cost: 28.000
arrive destination: False ,out of road:True   Total T: 580411 Episode Num: 1890 Episode T: 239 Reward: 316.893 Cost: 3.000
arrive destination: True ,out of road:False   Total T: 580706 Episode Num: 1891 Episode T: 295 Reward: 397.019 Cost: 16.000
arrive destination: True ,out of road:False   Total T: 581005 Episode Num: 1892 Episode T: 299 Reward: 293.869 Cost: 11.000
arrive destination: False ,out of road:True   Total T: 581184 Episode Num: 1893 Episode T: 179 Reward: 210.780 Cost: 9.000
arrive destination: True ,out of road:False   Total T: 581573 Episode Num: 1894 Episode T: 389 Reward: 506.241 Cost: 19.000
arrive destination: True ,out of road:False   Total T: 581766 Episode Num: 1895 Episode T: 193 Reward: 269.713 Cost: 1.000
arrive destination: True ,out of road:False   Total T: 582220 Episode Num: 1896 Episode T: 454 Reward: 497.822 Cost: 37.000
arrive destination: True ,out of road:False   Total T: 582642 Episode Num: 1897 Episode T: 422 Reward: 475.282 Cost: 18.000
arrive destination: False ,out of road:True   Total T: 582803 Episode Num: 1898 Episode T: 161 Reward: 166.383 Cost: 10.000
arrive destination: True ,out of road:False   Total T: 583040 Episode Num: 1899 Episode T: 237 Reward: 336.047 Cost: 3.000
arrive destination: True ,out of road:False   Total T: 583222 Episode Num: 1900 Episode T: 182 Reward: 269.780 Cost: 3.000
arrive destination: True ,out of road:False   Total T: 583469 Episode Num: 1901 Episode T: 247 Reward: 230.837 Cost: 18.000
arrive destination: True ,out of road:False   Total T: 583864 Episode Num: 1902 Episode T: 395 Reward: 476.579 Cost: 8.000
arrive destination: True ,out of road:False   Total T: 584318 Episode Num: 1903 Episode T: 454 Reward: 508.343 Cost: 27.000
arrive destination: True ,out of road:False   Total T: 584621 Episode Num: 1904 Episode T: 303 Reward: 272.353 Cost: 11.000
arrive destination: True ,out of road:False   Total T: 584958 Episode Num: 1905 Episode T: 337 Reward: 398.096 Cost: 18.000
arrive destination: True ,out of road:False   Total T: 585377 Episode Num: 1906 Episode T: 419 Reward: 477.609 Cost: 28.000
arrive destination: False ,out of road:True   Total T: 585476 Episode Num: 1907 Episode T: 99 Reward: 81.909 Cost: 2.000
arrive destination: True ,out of road:False   Total T: 585729 Episode Num: 1908 Episode T: 253 Reward: 261.647 Cost: 13.000
arrive destination: False ,out of road:True   Total T: 585939 Episode Num: 1909 Episode T: 210 Reward: 189.369 Cost: 17.000
arrive destination: True ,out of road:False   Total T: 586148 Episode Num: 1910 Episode T: 209 Reward: 285.251 Cost: 3.000
arrive destination: True ,out of road:False   Total T: 586323 Episode Num: 1911 Episode T: 175 Reward: 270.151 Cost: 0.000
arrive destination: True ,out of road:False   Total T: 586793 Episode Num: 1912 Episode T: 470 Reward: 500.133 Cost: 41.000
arrive destination: True ,out of road:False   Total T: 587054 Episode Num: 1913 Episode T: 261 Reward: 356.447 Cost: 2.000
arrive destination: True ,out of road:False   Total T: 587273 Episode Num: 1914 Episode T: 219 Reward: 295.741 Cost: 26.000
arrive destination: True ,out of road:False   Total T: 587482 Episode Num: 1915 Episode T: 209 Reward: 285.071 Cost: 0.000
arrive destination: False ,out of road:True   Total T: 587698 Episode Num: 1916 Episode T: 216 Reward: 232.049 Cost: 3.000
arrive destination: True ,out of road:False   Total T: 587878 Episode Num: 1917 Episode T: 180 Reward: 269.863 Cost: 0.000
arrive destination: True ,out of road:False   Total T: 588145 Episode Num: 1918 Episode T: 267 Reward: 261.956 Cost: 28.000
arrive destination: True ,out of road:False   Total T: 588669 Episode Num: 1919 Episode T: 524 Reward: 521.694 Cost: 42.000
arrive destination: True ,out of road:False   Total T: 588882 Episode Num: 1920 Episode T: 213 Reward: 248.124 Cost: 0.000
arrive destination: True ,out of road:False   Total T: 589189 Episode Num: 1921 Episode T: 307 Reward: 264.307 Cost: 4.000
arrive destination: True ,out of road:False   Total T: 589362 Episode Num: 1922 Episode T: 173 Reward: 270.094 Cost: 0.000
arrive destination: True ,out of road:False   Total T: 589613 Episode Num: 1923 Episode T: 251 Reward: 274.031 Cost: 5.000
---------------------------------------
Evaluation over 20 episodes: 0.700 Cost 12.550.             SafeRL used : use_recovery
---------------------------------------
[34;1m
Time: 2026-06-30 05:02:35, Time spent from previous logger: 189.559 s[0m
[34;1mCustomLogger with fileds: ['total_steps', 'EpRet', 'EpCost', 'CostRate'][0m
[34;1mfieldvalues: [590000, 0.7, 12.55, 0.058964506719502915]
[0m
arrive destination: True ,out of road:False   Total T: 590207 Episode Num: 1924 Episode T: 594 Reward: 684.466 Cost: 16.000
arrive destination: True ,out of road:False   Total T: 590575 Episode Num: 1925 Episode T: 368 Reward: 405.751 Cost: 0.000
arrive destination: True ,out of road:False   Total T: 590782 Episode Num: 1926 Episode T: 207 Reward: 286.572 Cost: 0.000
arrive destination: True ,out of road:False   Total T: 591150 Episode Num: 1927 Episode T: 368 Reward: 402.965 Cost: 0.000
arrive destination: True ,out of road:False   Total T: 591407 Episode Num: 1928 Episode T: 257 Reward: 294.030 Cost: 7.000
arrive destination: True ,out of road:False   Total T: 591670 Episode Num: 1929 Episode T: 263 Reward: 277.133 Cost: 2.000
arrive destination: True ,out of road:False   Total T: 592080 Episode Num: 1930 Episode T: 410 Reward: 476.120 Cost: 33.000
arrive destination: False ,out of road:True   Total T: 592306 Episode Num: 1931 Episode T: 226 Reward: 312.218 Cost: 1.000
arrive destination: False ,out of road:True   Total T: 592534 Episode Num: 1932 Episode T: 228 Reward: 312.082 Cost: 1.000
arrive destination: True ,out of road:False   Total T: 592902 Episode Num: 1933 Episode T: 368 Reward: 406.728 Cost: 0.000
arrive destination: True ,out of road:False   Total T: 593153 Episode Num: 1934 Episode T: 251 Reward: 231.442 Cost: 9.000
arrive destination: True ,out of road:False   Total T: 593401 Episode Num: 1935 Episode T: 248 Reward: 231.574 Cost: 15.000
arrive destination: True ,out of road:False   Total T: 593625 Episode Num: 1936 Episode T: 224 Reward: 231.892 Cost: 17.000
arrive destination: True ,out of road:False   Total T: 593905 Episode Num: 1937 Episode T: 280 Reward: 294.263 Cost: 18.000
arrive destination: True ,out of road:False   Total T: 594107 Episode Num: 1938 Episode T: 202 Reward: 284.591 Cost: 0.000
arrive destination: False ,out of road:True   Total T: 594197 Episode Num: 1939 Episode T: 90 Reward: 79.457 Cost: 3.000
arrive destination: True ,out of road:False   Total T: 594636 Episode Num: 1940 Episode T: 439 Reward: 477.328 Cost: 13.000
arrive destination: False ,out of road:True   Total T: 594728 Episode Num: 1941 Episode T: 92 Reward: 73.455 Cost: 2.000
arrive destination: True ,out of road:False   Total T: 595127 Episode Num: 1942 Episode T: 399 Reward: 382.237 Cost: 27.000
arrive destination: True ,out of road:False   Total T: 595567 Episode Num: 1943 Episode T: 440 Reward: 422.872 Cost: 45.000
arrive destination: True ,out of road:False   Total T: 595972 Episode Num: 1944 Episode T: 405 Reward: 475.616 Cost: 16.000
arrive destination: False ,out of road:True   Total T: 596347 Episode Num: 1945 Episode T: 375 Reward: 320.971 Cost: 42.000
arrive destination: True ,out of road:False   Total T: 596595 Episode Num: 1946 Episode T: 248 Reward: 231.105 Cost: 17.000
arrive destination: False ,out of road:True   Total T: 596665 Episode Num: 1947 Episode T: 70 Reward: 40.707 Cost: 1.000
arrive destination: False ,out of road:True   Total T: 596790 Episode Num: 1948 Episode T: 125 Reward: 136.463 Cost: 1.000
arrive destination: True ,out of road:False   Total T: 597170 Episode Num: 1949 Episode T: 380 Reward: 405.420 Cost: 0.000
arrive destination: True ,out of road:False   Total T: 597572 Episode Num: 1950 Episode T: 402 Reward: 369.595 Cost: 18.000
arrive destination: True ,out of road:False   Total T: 597851 Episode Num: 1951 Episode T: 279 Reward: 265.882 Cost: 27.000
arrive destination: True ,out of road:False   Total T: 598217 Episode Num: 1952 Episode T: 366 Reward: 336.307 Cost: 17.000
arrive destination: True ,out of road:False   Total T: 598601 Episode Num: 1953 Episode T: 384 Reward: 366.886 Cost: 23.000
arrive destination: True ,out of road:False   Total T: 598990 Episode Num: 1954 Episode T: 389 Reward: 378.372 Cost: 27.000
arrive destination: True ,out of road:False   Total T: 599435 Episode Num: 1955 Episode T: 445 Reward: 476.688 Cost: 22.000
arrive destination: True ,out of road:False   Total T: 599795 Episode Num: 1956 Episode T: 360 Reward: 507.437 Cost: 12.000
---------------------------------------
Evaluation over 20 episodes: 0.850 Cost 21.450.             SafeRL used : use_recovery
---------------------------------------
[34;1m
Time: 2026-06-30 05:05:39, Time spent from previous logger: 183.996 s[0m
[34;1mCustomLogger with fileds: ['total_steps', 'EpRet', 'EpCost', 'CostRate'][0m
[34;1mfieldvalues: [600000, 0.85, 21.45, 0.058680097800163]
[0m
arrive destination: True ,out of road:False   Total T: 600250 Episode Num: 1957 Episode T: 455 Reward: 497.358 Cost: 29.000
arrive destination: True ,out of road:False   Total T: 600442 Episode Num: 1958 Episode T: 192 Reward: 270.031 Cost: 1.000
arrive destination: True ,out of road:False   Total T: 600919 Episode Num: 1959 Episode T: 477 Reward: 506.287 Cost: 35.000
arrive destination: True ,out of road:False   Total T: 601318 Episode Num: 1960 Episode T: 399 Reward: 407.416 Cost: 27.000
arrive destination: True ,out of road:False   Total T: 601786 Episode Num: 1961 Episode T: 468 Reward: 510.003 Cost: 15.000
arrive destination: True ,out of road:False   Total T: 602041 Episode Num: 1962 Episode T: 255 Reward: 295.323 Cost: 13.000
arrive destination: False ,out of road:True   Total T: 602202 Episode Num: 1963 Episode T: 161 Reward: 165.875 Cost: 8.000
arrive destination: False ,out of road:True   Total T: 602397 Episode Num: 1964 Episode T: 195 Reward: 219.976 Cost: 12.000
arrive destination: True ,out of road:False   Total T: 602719 Episode Num: 1965 Episode T: 322 Reward: 359.087 Cost: 35.000
arrive destination: True ,out of road:False   Total T: 603151 Episode Num: 1966 Episode T: 432 Reward: 426.532 Cost: 46.000
arrive destination: True ,out of road:False   Total T: 603367 Episode Num: 1967 Episode T: 216 Reward: 247.267 Cost: 0.000
arrive destination: True ,out of road:False   Total T: 603646 Episode Num: 1968 Episode T: 279 Reward: 335.747 Cost: 6.000
arrive destination: False ,out of road:True   Total T: 603771 Episode Num: 1969 Episode T: 125 Reward: 137.683 Cost: 3.000
arrive destination: False ,out of road:True   Total T: 603996 Episode Num: 1970 Episode T: 225 Reward: 228.062 Cost: 5.000
arrive destination: True ,out of road:False   Total T: 604325 Episode Num: 1971 Episode T: 329 Reward: 362.168 Cost: 23.000
arrive destination: True ,out of road:False   Total T: 604696 Episode Num: 1972 Episode T: 371 Reward: 495.010 Cost: 14.000
arrive destination: True ,out of road:False   Total T: 604924 Episode Num: 1973 Episode T: 228 Reward: 274.015 Cost: 2.000
arrive destination: True ,out of road:False   Total T: 605204 Episode Num: 1974 Episode T: 280 Reward: 281.724 Cost: 25.000
arrive destination: True ,out of road:False   Total T: 605425 Episode Num: 1975 Episode T: 221 Reward: 295.317 Cost: 15.000
arrive destination: True ,out of road:False   Total T: 605781 Episode Num: 1976 Episode T: 356 Reward: 404.349 Cost: 2.000
arrive destination: False ,out of road:True   Total T: 605850 Episode Num: 1977 Episode T: 69 Reward: 32.661 Cost: 1.000
arrive destination: True ,out of road:False   Total T: 606196 Episode Num: 1978 Episode T: 346 Reward: 418.713 Cost: 13.000
arrive destination: True ,out of road:False   Total T: 606693 Episode Num: 1979 Episode T: 497 Reward: 499.887 Cost: 29.000
arrive destination: True ,out of road:False   Total T: 606897 Episode Num: 1980 Episode T: 204 Reward: 285.813 Cost: 1.000
arrive destination: True ,out of road:False   Total T: 607210 Episode Num: 1981 Episode T: 313 Reward: 418.979 Cost: 19.000
arrive destination: True ,out of road:False   Total T: 607555 Episode Num: 1982 Episode T: 345 Reward: 335.668 Cost: 9.000
arrive destination: True ,out of road:False   Total T: 607928 Episode Num: 1983 Episode T: 373 Reward: 491.513 Cost: 37.000
arrive destination: True ,out of road:False   Total T: 608337 Episode Num: 1984 Episode T: 409 Reward: 367.062 Cost: 32.000
arrive destination: True ,out of road:False   Total T: 608520 Episode Num: 1985 Episode T: 183 Reward: 268.923 Cost: 0.000
arrive destination: False ,out of road:True   Total T: 608681 Episode Num: 1986 Episode T: 161 Reward: 163.878 Cost: 10.000
arrive destination: True ,out of road:False   Total T: 608997 Episode Num: 1987 Episode T: 316 Reward: 358.805 Cost: 24.000
arrive destination: True ,out of road:False   Total T: 609570 Episode Num: 1988 Episode T: 573 Reward: 406.230 Cost: 47.000
arrive destination: True ,out of road:False   Total T: 609808 Episode Num: 1989 Episode T: 238 Reward: 274.798 Cost: 0.000
---------------------------------------
Evaluation over 20 episodes: 0.850 Cost 20.400.             SafeRL used : use_recovery
---------------------------------------
[34;1m
Time: 2026-06-30 05:08:53, Time spent from previous logger: 193.744 s[0m
[34;1mCustomLogger with fileds: ['total_steps', 'EpRet', 'EpCost', 'CostRate'][0m
[34;1mfieldvalues: [610000, 0.85, 20.4, 0.05859517802488201]
[0m
arrive destination: True ,out of road:False   Total T: 610429 Episode Num: 1990 Episode T: 621 Reward: 673.931 Cost: 23.000
arrive destination: False ,out of road:True   Total T: 610524 Episode Num: 1991 Episode T: 95 Reward: 81.745 Cost: 2.000
arrive destination: False ,out of road:True   Total T: 610921 Episode Num: 1992 Episode T: 397 Reward: 408.240 Cost: 53.000
arrive destination: True ,out of road:False   Total T: 611147 Episode Num: 1993 Episode T: 226 Reward: 273.885 Cost: 0.000
arrive destination: True ,out of road:False   Total T: 611591 Episode Num: 1994 Episode T: 444 Reward: 485.327 Cost: 22.000
arrive destination: True ,out of road:False   Total T: 611807 Episode Num: 1995 Episode T: 216 Reward: 247.885 Cost: 0.000
arrive destination: True ,out of road:False   Total T: 612025 Episode Num: 1996 Episode T: 218 Reward: 285.331 Cost: 2.000
arrive destination: True ,out of road:False   Total T: 612304 Episode Num: 1997 Episode T: 279 Reward: 268.108 Cost: 18.000
arrive destination: True ,out of road:False   Total T: 612603 Episode Num: 1998 Episode T: 299 Reward: 335.269 Cost: 16.000
arrive destination: True ,out of road:False   Total T: 613019 Episode Num: 1999 Episode T: 416 Reward: 379.117 Cost: 23.000
arrive destination: True ,out of road:False   Total T: 613416 Episode Num: 2000 Episode T: 397 Reward: 499.949 Cost: 15.000
arrive destination: True ,out of road:False   Total T: 613767 Episode Num: 2001 Episode T: 351 Reward: 416.718 Cost: 23.000
arrive destination: True ,out of road:False   Total T: 614140 Episode Num: 2002 Episode T: 373 Reward: 405.526 Cost: 0.000
arrive destination: True ,out of road:False   Total T: 614463 Episode Num: 2003 Episode T: 323 Reward: 346.015 Cost: 20.000
arrive destination: True ,out of road:False   Total T: 614885 Episode Num: 2004 Episode T: 422 Reward: 389.037 Cost: 58.000
arrive destination: True ,out of road:False   Total T: 615104 Episode Num: 2005 Episode T: 219 Reward: 248.871 Cost: 0.000
arrive destination: False ,out of road:True   Total T: 615609 Episode Num: 2006 Episode T: 505 Reward: 352.099 Cost: 62.000
arrive destination: True ,out of road:False   Total T: 615873 Episode Num: 2007 Episode T: 264 Reward: 336.063 Cost: 5.000
arrive destination: True ,out of road:False   Total T: 616115 Episode Num: 2008 Episode T: 242 Reward: 295.540 Cost: 12.000
arrive destination: True ,out of road:False   Total T: 616331 Episode Num: 2009 Episode T: 216 Reward: 248.452 Cost: 0.000
arrive destination: False ,out of road:True   Total T: 616470 Episode Num: 2010 Episode T: 139 Reward: 160.953 Cost: 8.000
arrive destination: True ,out of road:False   Total T: 616729 Episode Num: 2011 Episode T: 259 Reward: 357.918 Cost: 3.000
arrive destination: True ,out of road:False   Total T: 616949 Episode Num: 2012 Episode T: 220 Reward: 295.439 Cost: 14.000
arrive destination: True ,out of road:False   Total T: 617188 Episode Num: 2013 Episode T: 239 Reward: 273.498 Cost: 0.000
arrive destination: True ,out of road:False   Total T: 617440 Episode Num: 2014 Episode T: 252 Reward: 232.568 Cost: 34.000
arrive destination: True ,out of road:False   Total T: 617649 Episode Num: 2015 Episode T: 209 Reward: 244.405 Cost: 0.000
arrive destination: True ,out of road:False   Total T: 618072 Episode Num: 2016 Episode T: 423 Reward: 503.276 Cost: 18.000
arrive destination: True ,out of road:False   Total T: 618374 Episode Num: 2017 Episode T: 302 Reward: 263.441 Cost: 4.000
arrive destination: False ,out of road:True   Total T: 618606 Episode Num: 2018 Episode T: 232 Reward: 314.661 Cost: 1.000
arrive destination: True ,out of road:False   Total T: 618839 Episode Num: 2019 Episode T: 233 Reward: 272.984 Cost: 0.000
arrive destination: True ,out of road:False   Total T: 619174 Episode Num: 2020 Episode T: 335 Reward: 363.984 Cost: 30.000
arrive destination: False ,out of road:True   Total T: 619608 Episode Num: 2021 Episode T: 434 Reward: 338.334 Cost: 25.000
arrive destination: True ,out of road:False   Total T: 619848 Episode Num: 2022 Episode T: 240 Reward: 275.181 Cost: 0.000
---------------------------------------
Evaluation over 20 episodes: 0.800 Cost 15.650.             SafeRL used : use_recovery
---------------------------------------
[34;1m
Time: 2026-06-30 05:11:59, Time spent from previous logger: 186.650 s[0m
[34;1mCustomLogger with fileds: ['total_steps', 'EpRet', 'EpCost', 'CostRate'][0m
[34;1mfieldvalues: [620000, 0.8, 15.65, 0.05844202974520927]
[0m
arrive destination: True ,out of road:False   Total T: 620370 Episode Num: 2023 Episode T: 522 Reward: 507.447 Cost: 37.000
arrive destination: False ,out of road:True   Total T: 620493 Episode Num: 2024 Episode T: 123 Reward: 136.242 Cost: 1.000
arrive destination: True ,out of road:False   Total T: 620749 Episode Num: 2025 Episode T: 256 Reward: 273.683 Cost: 6.000
arrive destination: True ,out of road:False   Total T: 620958 Episode Num: 2026 Episode T: 209 Reward: 242.830 Cost: 0.000
arrive destination: False ,out of road:True   Total T: 621172 Episode Num: 2027 Episode T: 214 Reward: 206.201 Cost: 18.000
arrive destination: True ,out of road:False   Total T: 621543 Episode Num: 2028 Episode T: 371 Reward: 421.318 Cost: 28.000
arrive destination: True ,out of road:False   Total T: 621988 Episode Num: 2029 Episode T: 445 Reward: 496.842 Cost: 41.000
arrive destination: False ,out of road:True   Total T: 622113 Episode Num: 2030 Episode T: 125 Reward: 136.888 Cost: 1.000
arrive destination: True ,out of road:False   Total T: 622402 Episode Num: 2031 Episode T: 289 Reward: 296.089 Cost: 17.000
arrive destination: True ,out of road:False   Total T: 622727 Episode Num: 2032 Episode T: 325 Reward: 359.925 Cost: 30.000
arrive destination: False ,out of road:True   Total T: 622955 Episode Num: 2033 Episode T: 228 Reward: 311.759 Cost: 1.000
arrive destination: True ,out of road:False   Total T: 623329 Episode Num: 2034 Episode T: 374 Reward: 408.219 Cost: 0.000
arrive destination: True ,out of road:False   Total T: 623580 Episode Num: 2035 Episode T: 251 Reward: 232.512 Cost: 18.000
arrive destination: False ,out of road:True   Total T: 623679 Episode Num: 2036 Episode T: 99 Reward: 82.999 Cost: 2.000
arrive destination: True ,out of road:False   Total T: 624058 Episode Num: 2037 Episode T: 379 Reward: 335.973 Cost: 46.000
arrive destination: True ,out of road:False   Total T: 624291 Episode Num: 2038 Episode T: 233 Reward: 273.551 Cost: 0.000
arrive destination: True ,out of road:False   Total T: 624531 Episode Num: 2039 Episode T: 240 Reward: 275.524 Cost: 0.000
arrive destination: True ,out of road:False   Total T: 624934 Episode Num: 2040 Episode T: 403 Reward: 476.032 Cost: 36.000
arrive destination: True ,out of road:False   Total T: 625359 Episode Num: 2041 Episode T: 425 Reward: 379.150 Cost: 22.000
arrive destination: True ,out of road:False   Total T: 625749 Episode Num: 2042 Episode T: 390 Reward: 367.544 Cost: 40.000
arrive destination: True ,out of road:False   Total T: 626091 Episode Num: 2043 Episode T: 342 Reward: 362.972 Cost: 24.000
arrive destination: False ,out of road:True   Total T: 626320 Episode Num: 2044 Episode T: 229 Reward: 316.135 Cost: 1.000
arrive destination: False ,out of road:True   Total T: 626496 Episode Num: 2045 Episode T: 176 Reward: 163.696 Cost: 16.000
arrive destination: True ,out of road:False   Total T: 626782 Episode Num: 2046 Episode T: 286 Reward: 336.325 Cost: 17.000
arrive destination: True ,out of road:False   Total T: 627021 Episode Num: 2047 Episode T: 239 Reward: 271.655 Cost: 5.000
arrive destination: False ,out of road:True   Total T: 627320 Episode Num: 2048 Episode T: 299 Reward: 296.532 Cost: 22.000
arrive destination: False ,out of road:True   Total T: 627518 Episode Num: 2049 Episode T: 198 Reward: 219.802 Cost: 14.000
arrive destination: True ,out of road:False   Total T: 627918 Episode Num: 2050 Episode T: 400 Reward: 370.736 Cost: 51.000
arrive destination: True ,out of road:False   Total T: 628250 Episode Num: 2051 Episode T: 332 Reward: 335.590 Cost: 27.000
arrive destination: True ,out of road:False   Total T: 628492 Episode Num: 2052 Episode T: 242 Reward: 275.171 Cost: 8.000
arrive destination: True ,out of road:False   Total T: 628820 Episode Num: 2053 Episode T: 328 Reward: 415.887 Cost: 25.000
arrive destination: True ,out of road:False   Total T: 629291 Episode Num: 2054 Episode T: 471 Reward: 512.259 Cost: 34.000
arrive destination: False ,out of road:True   Total T: 629453 Episode Num: 2055 Episode T: 162 Reward: 167.694 Cost: 8.000
arrive destination: True ,out of road:False   Total T: 629647 Episode Num: 2056 Episode T: 194 Reward: 231.698 Cost: 10.000
arrive destination: True ,out of road:False   Total T: 629972 Episode Num: 2057 Episode T: 325 Reward: 401.422 Cost: 5.000
---------------------------------------
Evaluation over 20 episodes: 0.750 Cost 10.300.             SafeRL used : use_recovery
---------------------------------------
[34;1m
Time: 2026-06-30 05:15:03, Time spent from previous logger: 183.943 s[0m
[34;1mCustomLogger with fileds: ['total_steps', 'EpRet', 'EpCost', 'CostRate'][0m
[34;1mfieldvalues: [630000, 0.75, 10.3, 0.05848421981622193]
[0m
arrive destination: False ,out of road:True   Total T: 630184 Episode Num: 2058 Episode T: 212 Reward: 212.629 Cost: 10.000
arrive destination: True ,out of road:False   Total T: 630444 Episode Num: 2059 Episode T: 260 Reward: 294.170 Cost: 9.000
arrive destination: True ,out of road:False   Total T: 630680 Episode Num: 2060 Episode T: 236 Reward: 274.653 Cost: 0.000
arrive destination: True ,out of road:False   Total T: 630926 Episode Num: 2061 Episode T: 246 Reward: 335.460 Cost: 6.000
arrive destination: False ,out of road:True   Total T: 630990 Episode Num: 2062 Episode T: 64 Reward: 30.992 Cost: 1.000
arrive destination: True ,out of road:False   Total T: 631318 Episode Num: 2063 Episode T: 328 Reward: 363.029 Cost: 34.000
arrive destination: True ,out of road:False   Total T: 631694 Episode Num: 2064 Episode T: 376 Reward: 416.400 Cost: 20.000
arrive destination: True ,out of road:False   Total T: 631990 Episode Num: 2065 Episode T: 296 Reward: 398.217 Cost: 16.000
arrive destination: True ,out of road:False   Total T: 632198 Episode Num: 2066 Episode T: 208 Reward: 284.644 Cost: 0.000
arrive destination: True ,out of road:False   Total T: 632462 Episode Num: 2067 Episode T: 264 Reward: 264.981 Cost: 8.000
arrive destination: True ,out of road:False   Total T: 632705 Episode Num: 2068 Episode T: 243 Reward: 274.029 Cost: 0.000
arrive destination: True ,out of road:False   Total T: 633062 Episode Num: 2069 Episode T: 357 Reward: 397.266 Cost: 24.000
arrive destination: True ,out of road:False   Total T: 633420 Episode Num: 2070 Episode T: 358 Reward: 379.172 Cost: 53.000
arrive destination: True ,out of road:False   Total T: 633731 Episode Num: 2071 Episode T: 311 Reward: 381.013 Cost: 16.000
arrive destination: True ,out of road:False   Total T: 634106 Episode Num: 2072 Episode T: 375 Reward: 415.499 Cost: 13.000
arrive destination: True ,out of road:False   Total T: 634309 Episode Num: 2073 Episode T: 203 Reward: 246.056 Cost: 0.000
arrive destination: True ,out of road:False   Total T: 634536 Episode Num: 2074 Episode T: 227 Reward: 248.946 Cost: 0.000
arrive destination: True ,out of road:False   Total T: 634714 Episode Num: 2075 Episode T: 178 Reward: 269.898 Cost: 0.000
arrive destination: False ,out of road:True   Total T: 635068 Episode Num: 2076 Episode T: 354 Reward: 422.709 Cost: 20.000
arrive destination: True ,out of road:False   Total T: 635321 Episode Num: 2077 Episode T: 253 Reward: 232.334 Cost: 27.000
arrive destination: True ,out of road:False   Total T: 635853 Episode Num: 2078 Episode T: 532 Reward: 517.548 Cost: 53.000
arrive destination: True ,out of road:False   Total T: 636225 Episode Num: 2079 Episode T: 372 Reward: 403.565 Cost: 0.000
arrive destination: True ,out of road:False   Total T: 636412 Episode Num: 2080 Episode T: 187 Reward: 269.632 Cost: 1.000
arrive destination: False ,out of road:True   Total T: 636597 Episode Num: 2081 Episode T: 185 Reward: 217.027 Cost: 8.000
arrive destination: True ,out of road:False   Total T: 636867 Episode Num: 2082 Episode T: 270 Reward: 263.222 Cost: 25.000
arrive destination: True ,out of road:False   Total T: 637046 Episode Num: 2083 Episode T: 179 Reward: 269.502 Cost: 0.000
arrive destination: True ,out of road:False   Total T: 637233 Episode Num: 2084 Episode T: 187 Reward: 269.007 Cost: 1.000
arrive destination: True ,out of road:False   Total T: 637492 Episode Num: 2085 Episode T: 259 Reward: 336.011 Cost: 6.000
arrive destination: True ,out of road:False   Total T: 637706 Episode Num: 2086 Episode T: 214 Reward: 245.065 Cost: 0.000
arrive destination: False ,out of road:True   Total T: 637949 Episode Num: 2087 Episode T: 243 Reward: 259.385 Cost: 14.000
arrive destination: True ,out of road:False   Total T: 638282 Episode Num: 2088 Episode T: 333 Reward: 418.248 Cost: 39.000
arrive destination: True ,out of road:False   Total T: 638484 Episode Num: 2089 Episode T: 202 Reward: 244.440 Cost: 0.000
arrive destination: True ,out of road:False   Total T: 638971 Episode Num: 2090 Episode T: 487 Reward: 528.892 Cost: 49.000
arrive destination: True ,out of road:False   Total T: 639232 Episode Num: 2091 Episode T: 261 Reward: 294.352 Cost: 10.000
arrive destination: False ,out of road:True   Total T: 639553 Episode Num: 2092 Episode T: 321 Reward: 364.148 Cost: 18.000
arrive destination: True ,out of road:False   Total T: 639771 Episode Num: 2093 Episode T: 218 Reward: 286.119 Cost: 2.000
arrive destination: True ,out of road:False   Total T: 639987 Episode Num: 2094 Episode T: 216 Reward: 296.034 Cost: 12.000
---------------------------------------
Evaluation over 20 episodes: 0.950 Cost 17.150.             SafeRL used : use_recovery
---------------------------------------
[34;1m
Time: 2026-06-30 05:18:16, Time spent from previous logger: 192.957 s[0m
[34;1mCustomLogger with fileds: ['total_steps', 'EpRet', 'EpCost', 'CostRate'][0m
[34;1mfieldvalues: [640000, 0.95, 17.15, 0.05834384116225182]
[0m
arrive destination: False ,out of road:True   Total T: 640161 Episode Num: 2095 Episode T: 174 Reward: 161.348 Cost: 15.000
arrive destination: False ,out of road:True   Total T: 640320 Episode Num: 2096 Episode T: 159 Reward: 164.821 Cost: 10.000
arrive destination: True ,out of road:False   Total T: 640666 Episode Num: 2097 Episode T: 346 Reward: 416.775 Cost: 31.000
arrive destination: True ,out of road:False   Total T: 640999 Episode Num: 2098 Episode T: 333 Reward: 335.890 Cost: 29.000
arrive destination: True ,out of road:False   Total T: 641372 Episode Num: 2099 Episode T: 373 Reward: 403.053 Cost: 0.000
arrive destination: False ,out of road:True   Total T: 641599 Episode Num: 2100 Episode T: 227 Reward: 239.253 Cost: 23.000
arrive destination: False ,out of road:True   Total T: 641952 Episode Num: 2101 Episode T: 353 Reward: 347.671 Cost: 39.000
arrive destination: True ,out of road:False   Total T: 642140 Episode Num: 2102 Episode T: 188 Reward: 269.320 Cost: 2.000
arrive destination: True ,out of road:False   Total T: 642444 Episode Num: 2103 Episode T: 304 Reward: 398.296 Cost: 11.000
arrive destination: True ,out of road:False   Total T: 642872 Episode Num: 2104 Episode T: 428 Reward: 474.670 Cost: 17.000
arrive destination: True ,out of road:False   Total T: 643312 Episode Num: 2105 Episode T: 440 Reward: 475.742 Cost: 27.000
arrive destination: True ,out of road:False   Total T: 643581 Episode Num: 2106 Episode T: 269 Reward: 275.141 Cost: 13.000
arrive destination: True ,out of road:False   Total T: 644038 Episode Num: 2107 Episode T: 457 Reward: 510.473 Cost: 38.000
arrive destination: True ,out of road:False   Total T: 644417 Episode Num: 2108 Episode T: 379 Reward: 503.961 Cost: 19.000
arrive destination: True ,out of road:False   Total T: 644727 Episode Num: 2109 Episode T: 310 Reward: 398.799 Cost: 10.000
arrive destination: True ,out of road:False   Total T: 645118 Episode Num: 2110 Episode T: 391 Reward: 378.298 Cost: 39.000
arrive destination: True ,out of road:False   Total T: 645552 Episode Num: 2111 Episode T: 434 Reward: 473.419 Cost: 36.000
arrive destination: True ,out of road:False   Total T: 645815 Episode Num: 2112 Episode T: 263 Reward: 264.307 Cost: 13.000
arrive destination: True ,out of road:False   Total T: 646186 Episode Num: 2113 Episode T: 371 Reward: 406.064 Cost: 0.000
arrive destination: True ,out of road:False   Total T: 646558 Episode Num: 2114 Episode T: 372 Reward: 404.333 Cost: 0.000
arrive destination: True ,out of road:False   Total T: 646891 Episode Num: 2115 Episode T: 333 Reward: 335.478 Cost: 18.000
arrive destination: True ,out of road:False   Total T: 647447 Episode Num: 2116 Episode T: 556 Reward: 513.339 Cost: 75.000
arrive destination: True ,out of road:False   Total T: 647753 Episode Num: 2117 Episode T: 306 Reward: 379.088 Cost: 19.000
arrive destination: True ,out of road:False   Total T: 648027 Episode Num: 2118 Episode T: 274 Reward: 294.476 Cost: 15.000
arrive destination: True ,out of road:False   Total T: 648283 Episode Num: 2119 Episode T: 256 Reward: 294.612 Cost: 15.000
arrive destination: True ,out of road:False   Total T: 648488 Episode Num: 2120 Episode T: 205 Reward: 245.823 Cost: 0.000
arrive destination: True ,out of road:False   Total T: 648737 Episode Num: 2121 Episode T: 249 Reward: 232.682 Cost: 24.000
arrive destination: True ,out of road:False   Total T: 648966 Episode Num: 2122 Episode T: 229 Reward: 286.426 Cost: 0.000
arrive destination: True ,out of road:False   Total T: 649176 Episode Num: 2123 Episode T: 210 Reward: 244.185 Cost: 0.000
arrive destination: False ,out of road:True   Total T: 649448 Episode Num: 2124 Episode T: 272 Reward: 320.440 Cost: 9.000
arrive destination: True ,out of road:False   Total T: 649701 Episode Num: 2125 Episode T: 253 Reward: 232.014 Cost: 34.000
---------------------------------------
Evaluation over 20 episodes: 0.900 Cost 14.800.             SafeRL used : use_recovery
---------------------------------------
[34;1m
Time: 2026-06-30 05:21:29, Time spent from previous logger: 193.090 s[0m
[34;1mCustomLogger with fileds: ['total_steps', 'EpRet', 'EpCost', 'CostRate'][0m
[34;1mfieldvalues: [650000, 0.9, 14.8, 0.058397012918481414]
[0m
arrive destination: True ,out of road:False   Total T: 650207 Episode Num: 2126 Episode T: 506 Reward: 572.017 Cost: 37.000
arrive destination: True ,out of road:False   Total T: 650447 Episode Num: 2127 Episode T: 240 Reward: 335.109 Cost: 7.000
arrive destination: True ,out of road:False   Total T: 650652 Episode Num: 2128 Episode T: 205 Reward: 295.879 Cost: 26.000
arrive destination: True ,out of road:False   Total T: 650905 Episode Num: 2129 Episode T: 253 Reward: 295.835 Cost: 22.000
arrive destination: True ,out of road:False   Total T: 651125 Episode Num: 2130 Episode T: 220 Reward: 305.491 Cost: 16.000
arrive destination: False ,out of road:True   Total T: 651313 Episode Num: 2131 Episode T: 188 Reward: 206.584 Cost: 14.000
arrive destination: True ,out of road:False   Total T: 651517 Episode Num: 2132 Episode T: 204 Reward: 284.099 Cost: 0.000
arrive destination: False ,out of road:True   Total T: 651763 Episode Num: 2133 Episode T: 246 Reward: 226.060 Cost: 15.000
arrive destination: True ,out of road:False   Total T: 651984 Episode Num: 2134 Episode T: 221 Reward: 296.061 Cost: 5.000
arrive destination: True ,out of road:False   Total T: 652259 Episode Num: 2135 Episode T: 275 Reward: 268.292 Cost: 22.000
arrive destination: True ,out of road:False   Total T: 652449 Episode Num: 2136 Episode T: 190 Reward: 269.075 Cost: 2.000
arrive destination: False ,out of road:True   Total T: 652802 Episode Num: 2137 Episode T: 353 Reward: 423.802 Cost: 25.000
arrive destination: True ,out of road:False   Total T: 653009 Episode Num: 2138 Episode T: 207 Reward: 245.056 Cost: 0.000
arrive destination: True ,out of road:False   Total T: 653527 Episode Num: 2139 Episode T: 518 Reward: 512.358 Cost: 53.000
arrive destination: True ,out of road:False   Total T: 654020 Episode Num: 2140 Episode T: 493 Reward: 507.362 Cost: 42.000
arrive destination: False ,out of road:True   Total T: 654238 Episode Num: 2141 Episode T: 218 Reward: 224.559 Cost: 13.000
arrive destination: True ,out of road:False   Total T: 654482 Episode Num: 2142 Episode T: 244 Reward: 273.977 Cost: 0.000
arrive destination: True ,out of road:False   Total T: 654822 Episode Num: 2143 Episode T: 340 Reward: 399.142 Cost: 16.000
arrive destination: False ,out of road:True   Total T: 655205 Episode Num: 2144 Episode T: 383 Reward: 425.525 Cost: 30.000
arrive destination: True ,out of road:False   Total T: 655417 Episode Num: 2145 Episode T: 212 Reward: 247.699 Cost: 0.000
arrive destination: True ,out of road:False   Total T: 655788 Episode Num: 2146 Episode T: 371 Reward: 405.610 Cost: 0.000
arrive destination: True ,out of road:False   Total T: 656087 Episode Num: 2147 Episode T: 299 Reward: 375.624 Cost: 23.000
arrive destination: True ,out of road:False   Total T: 656267 Episode Num: 2148 Episode T: 180 Reward: 268.867 Cost: 0.000
arrive destination: True ,out of road:False   Total T: 656486 Episode Num: 2149 Episode T: 219 Reward: 295.622 Cost: 6.000
arrive destination: True ,out of road:False   Total T: 656741 Episode Num: 2150 Episode T: 255 Reward: 272.262 Cost: 13.000
arrive destination: True ,out of road:False   Total T: 656998 Episode Num: 2151 Episode T: 257 Reward: 272.830 Cost: 13.000
arrive destination: False ,out of road:True   Total T: 657202 Episode Num: 2152 Episode T: 204 Reward: 184.132 Cost: 24.000
arrive destination: True ,out of road:False   Total T: 657384 Episode Num: 2153 Episode T: 182 Reward: 270.019 Cost: 2.000
arrive destination: True ,out of road:False   Total T: 657645 Episode Num: 2154 Episode T: 261 Reward: 294.672 Cost: 17.000
arrive destination: True ,out of road:False   Total T: 657851 Episode Num: 2155 Episode T: 206 Reward: 295.641 Cost: 18.000
arrive destination: True ,out of road:False   Total T: 658304 Episode Num: 2156 Episode T: 453 Reward: 499.767 Cost: 40.000
arrive destination: True ,out of road:False   Total T: 658515 Episode Num: 2157 Episode T: 211 Reward: 247.907 Cost: 0.000
arrive destination: True ,out of road:False   Total T: 658753 Episode Num: 2158 Episode T: 238 Reward: 273.699 Cost: 10.000
arrive destination: True ,out of road:False   Total T: 659069 Episode Num: 2159 Episode T: 316 Reward: 399.273 Cost: 13.000
arrive destination: True ,out of road:False   Total T: 659313 Episode Num: 2160 Episode T: 244 Reward: 274.791 Cost: 0.000
arrive destination: True ,out of road:False   Total T: 659688 Episode Num: 2161 Episode T: 375 Reward: 335.857 Cost: 40.000
arrive destination: True ,out of road:False   Total T: 659948 Episode Num: 2162 Episode T: 260 Reward: 335.342 Cost: 11.000
---------------------------------------
Evaluation over 20 episodes: 0.850 Cost 16.300.             SafeRL used : use_recovery
---------------------------------------
[34;1m
Time: 2026-06-30 05:24:37, Time spent from previous logger: 187.482 s[0m
[34;1mCustomLogger with fileds: ['total_steps', 'EpRet', 'EpCost', 'CostRate'][0m
[34;1mfieldvalues: [660000, 0.85, 16.3, 0.058327361102062276]
[0m
arrive destination: True ,out of road:False   Total T: 660220 Episode Num: 2163 Episode T: 272 Reward: 319.037 Cost: 16.000
arrive destination: True ,out of road:False   Total T: 660468 Episode Num: 2164 Episode T: 248 Reward: 231.571 Cost: 18.000
arrive destination: True ,out of road:False   Total T: 660685 Episode Num: 2165 Episode T: 217 Reward: 295.751 Cost: 9.000
arrive destination: True ,out of road:False   Total T: 661020 Episode Num: 2166 Episode T: 335 Reward: 410.664 Cost: 16.000
arrive destination: True ,out of road:False   Total T: 661370 Episode Num: 2167 Episode T: 350 Reward: 420.287 Cost: 20.000
arrive destination: True ,out of road:False   Total T: 661799 Episode Num: 2168 Episode T: 429 Reward: 358.778 Cost: 56.000
arrive destination: True ,out of road:False   Total T: 662072 Episode Num: 2169 Episode T: 273 Reward: 335.679 Cost: 3.000
arrive destination: True ,out of road:False   Total T: 662285 Episode Num: 2170 Episode T: 213 Reward: 284.726 Cost: 5.000
arrive destination: True ,out of road:False   Total T: 662659 Episode Num: 2171 Episode T: 374 Reward: 370.154 Cost: 35.000
arrive destination: True ,out of road:False   Total T: 662891 Episode Num: 2172 Episode T: 232 Reward: 294.213 Cost: 15.000
arrive destination: True ,out of road:False   Total T: 663102 Episode Num: 2173 Episode T: 211 Reward: 285.631 Cost: 3.000
arrive destination: True ,out of road:False   Total T: 663282 Episode Num: 2174 Episode T: 180 Reward: 269.129 Cost: 2.000
arrive destination: True ,out of road:False   Total T: 663653 Episode Num: 2175 Episode T: 371 Reward: 404.465 Cost: 0.000
arrive destination: True ,out of road:False   Total T: 663994 Episode Num: 2176 Episode T: 341 Reward: 359.922 Cost: 27.000
arrive destination: True ,out of road:False   Total T: 664261 Episode Num: 2177 Episode T: 267 Reward: 264.840 Cost: 24.000
arrive destination: True ,out of road:False   Total T: 664617 Episode Num: 2178 Episode T: 356 Reward: 336.118 Cost: 14.000
arrive destination: True ,out of road:False   Total T: 664992 Episode Num: 2179 Episode T: 375 Reward: 404.094 Cost: 0.000
arrive destination: True ,out of road:False   Total T: 665266 Episode Num: 2180 Episode T: 274 Reward: 353.415 Cost: 16.000
arrive destination: True ,out of road:False   Total T: 665770 Episode Num: 2181 Episode T: 504 Reward: 507.116 Cost: 33.000
arrive destination: True ,out of road:False   Total T: 665991 Episode Num: 2182 Episode T: 221 Reward: 249.189 Cost: 0.000
arrive destination: True ,out of road:False   Total T: 666198 Episode Num: 2183 Episode T: 207 Reward: 285.304 Cost: 0.000
arrive destination: True ,out of road:False   Total T: 666669 Episode Num: 2184 Episode T: 471 Reward: 497.748 Cost: 41.000
arrive destination: True ,out of road:False   Total T: 666965 Episode Num: 2185 Episode T: 296 Reward: 399.426 Cost: 14.000
arrive destination: True ,out of road:False   Total T: 667225 Episode Num: 2186 Episode T: 260 Reward: 264.115 Cost: 15.000
arrive destination: True ,out of road:False   Total T: 667481 Episode Num: 2187 Episode T: 256 Reward: 294.504 Cost: 23.000
arrive destination: True ,out of road:False   Total T: 667921 Episode Num: 2188 Episode T: 440 Reward: 369.104 Cost: 44.000
arrive destination: True ,out of road:False   Total T: 668148 Episode Num: 2189 Episode T: 227 Reward: 273.336 Cost: 0.000
arrive destination: True ,out of road:False   Total T: 668362 Episode Num: 2190 Episode T: 214 Reward: 305.345 Cost: 11.000
arrive destination: False ,out of road:True   Total T: 668563 Episode Num: 2191 Episode T: 201 Reward: 220.227 Cost: 15.000
arrive destination: True ,out of road:False   Total T: 668770 Episode Num: 2192 Episode T: 207 Reward: 242.984 Cost: 0.000
arrive destination: True ,out of road:False   Total T: 668977 Episode Num: 2193 Episode T: 207 Reward: 284.194 Cost: 4.000
arrive destination: True ,out of road:False   Total T: 669374 Episode Num: 2194 Episode T: 397 Reward: 368.755 Cost: 32.000
arrive destination: True ,out of road:False   Total T: 669638 Episode Num: 2195 Episode T: 264 Reward: 335.594 Cost: 13.000
arrive destination: True ,out of road:False   Total T: 669880 Episode Num: 2196 Episode T: 242 Reward: 285.083 Cost: 11.000
---------------------------------------
Evaluation over 20 episodes: 0.950 Cost 18.950.             SafeRL used : use_recovery
---------------------------------------
[34;1m
Time: 2026-06-30 05:27:47, Time spent from previous logger: 189.581 s[0m
[34;1mCustomLogger with fileds: ['total_steps', 'EpRet', 'EpCost', 'CostRate'][0m
[34;1mfieldvalues: [670000, 0.95, 18.95, 0.058255310828822134]
[0m
arrive destination: True ,out of road:False   Total T: 670429 Episode Num: 2197 Episode T: 549 Reward: 541.091 Cost: 49.000
arrive destination: True ,out of road:False   Total T: 670636 Episode Num: 2198 Episode T: 207 Reward: 243.616 Cost: 0.000
arrive destination: True ,out of road:False   Total T: 670830 Episode Num: 2199 Episode T: 194 Reward: 231.087 Cost: 10.000
arrive destination: False ,out of road:True   Total T: 670956 Episode Num: 2200 Episode T: 126 Reward: 137.628 Cost: 2.000
arrive destination: True ,out of road:False   Total T: 671343 Episode Num: 2201 Episode T: 387 Reward: 407.561 Cost: 31.000
arrive destination: True ,out of road:False   Total T: 671589 Episode Num: 2202 Episode T: 246 Reward: 230.674 Cost: 22.000
arrive destination: True ,out of road:False   Total T: 671821 Episode Num: 2203 Episode T: 232 Reward: 273.936 Cost: 0.000
arrive destination: False ,out of road:True   Total T: 672060 Episode Num: 2204 Episode T: 239 Reward: 315.836 Cost: 3.000
arrive destination: True ,out of road:False   Total T: 672475 Episode Num: 2205 Episode T: 415 Reward: 507.069 Cost: 35.000
arrive destination: True ,out of road:False   Total T: 672932 Episode Num: 2206 Episode T: 457 Reward: 498.747 Cost: 55.000
arrive destination: True ,out of road:False   Total T: 673168 Episode Num: 2207 Episode T: 236 Reward: 272.866 Cost: 11.000
arrive destination: True ,out of road:False   Total T: 673427 Episode Num: 2208 Episode T: 259 Reward: 294.487 Cost: 14.000
arrive destination: True ,out of road:False   Total T: 673797 Episode Num: 2209 Episode T: 370 Reward: 400.541 Cost: 0.000
arrive destination: True ,out of road:False   Total T: 674146 Episode Num: 2210 Episode T: 349 Reward: 419.435 Cost: 21.000
arrive destination: True ,out of road:False   Total T: 674381 Episode Num: 2211 Episode T: 235 Reward: 273.077 Cost: 0.000
arrive destination: True ,out of road:False   Total T: 674585 Episode Num: 2212 Episode T: 204 Reward: 244.092 Cost: 0.000
arrive destination: True ,out of road:False   Total T: 674956 Episode Num: 2213 Episode T: 371 Reward: 422.891 Cost: 31.000
arrive destination: True ,out of road:False   Total T: 675372 Episode Num: 2214 Episode T: 416 Reward: 484.527 Cost: 28.000
arrive destination: True ,out of road:False   Total T: 675676 Episode Num: 2215 Episode T: 304 Reward: 399.158 Cost: 20.000
arrive destination: True ,out of road:False   Total T: 675905 Episode Num: 2216 Episode T: 229 Reward: 285.473 Cost: 0.000
arrive destination: True ,out of road:False   Total T: 676151 Episode Num: 2217 Episode T: 246 Reward: 271.755 Cost: 8.000
arrive destination: True ,out of road:False   Total T: 676632 Episode Num: 2218 Episode T: 481 Reward: 473.526 Cost: 38.000
arrive destination: True ,out of road:False   Total T: 677034 Episode Num: 2219 Episode T: 402 Reward: 370.847 Cost: 56.000
arrive destination: True ,out of road:False   Total T: 677444 Episode Num: 2220 Episode T: 410 Reward: 486.180 Cost: 26.000
arrive destination: True ,out of road:False   Total T: 677959 Episode Num: 2221 Episode T: 515 Reward: 496.392 Cost: 44.000
arrive destination: True ,out of road:False   Total T: 678215 Episode Num: 2222 Episode T: 256 Reward: 294.556 Cost: 21.000
arrive destination: True ,out of road:False   Total T: 678501 Episode Num: 2223 Episode T: 286 Reward: 335.894 Cost: 6.000
arrive destination: True ,out of road:False   Total T: 678739 Episode Num: 2224 Episode T: 238 Reward: 273.409 Cost: 2.000
arrive destination: True ,out of road:False   Total T: 678927 Episode Num: 2225 Episode T: 188 Reward: 269.403 Cost: 1.000
arrive destination: True ,out of road:False   Total T: 679184 Episode Num: 2226 Episode T: 257 Reward: 276.182 Cost: 4.000
arrive destination: True ,out of road:False   Total T: 679381 Episode Num: 2227 Episode T: 197 Reward: 231.514 Cost: 4.000
arrive destination: True ,out of road:False   Total T: 679635 Episode Num: 2228 Episode T: 254 Reward: 294.015 Cost: 16.000
---------------------------------------
Evaluation over 20 episodes: 0.900 Cost 16.150.             SafeRL used : use_recovery
---------------------------------------
[34;1m
Time: 2026-06-30 05:30:57, Time spent from previous logger: 190.086 s[0m
[34;1mCustomLogger with fileds: ['total_steps', 'EpRet', 'EpCost', 'CostRate'][0m
[34;1mfieldvalues: [680000, 0.9, 16.15, 0.05821920326353421]
[0m
arrive destination: True ,out of road:False   Total T: 680221 Episode Num: 2229 Episode T: 586 Reward: 676.961 Cost: 0.000
arrive destination: True ,out of road:False   Total T: 680505 Episode Num: 2230 Episode T: 284 Reward: 378.388 Cost: 12.000
arrive destination: False ,out of road:True   Total T: 680698 Episode Num: 2231 Episode T: 193 Reward: 216.460 Cost: 9.000
arrive destination: True ,out of road:False   Total T: 681119 Episode Num: 2232 Episode T: 421 Reward: 335.991 Cost: 26.000
arrive destination: True ,out of road:False   Total T: 681333 Episode Num: 2233 Episode T: 214 Reward: 248.138 Cost: 0.000
arrive destination: True ,out of road:False   Total T: 681703 Episode Num: 2234 Episode T: 370 Reward: 406.039 Cost: 0.000
arrive destination: True ,out of road:False   Total T: 681947 Episode Num: 2235 Episode T: 244 Reward: 278.222 Cost: 0.000
arrive destination: True ,out of road:False   Total T: 682193 Episode Num: 2236 Episode T: 246 Reward: 232.725 Cost: 27.000
arrive destination: True ,out of road:False   Total T: 682453 Episode Num: 2237 Episode T: 260 Reward: 294.593 Cost: 18.000
arrive destination: True ,out of road:False   Total T: 682821 Episode Num: 2238 Episode T: 368 Reward: 404.173 Cost: 0.000
arrive destination: True ,out of road:False   Total T: 683013 Episode Num: 2239 Episode T: 192 Reward: 269.778 Cost: 2.000
arrive destination: True ,out of road:False   Total T: 683250 Episode Num: 2240 Episode T: 237 Reward: 274.470 Cost: 9.000
arrive destination: True ,out of road:False   Total T: 683433 Episode Num: 2241 Episode T: 183 Reward: 269.258 Cost: 1.000
arrive destination: True ,out of road:False   Total T: 683734 Episode Num: 2242 Episode T: 301 Reward: 396.919 Cost: 14.000
arrive destination: True ,out of road:False   Total T: 684228 Episode Num: 2243 Episode T: 494 Reward: 512.812 Cost: 46.000
arrive destination: True ,out of road:False   Total T: 684476 Episode Num: 2244 Episode T: 248 Reward: 232.076 Cost: 17.000
arrive destination: True ,out of road:False   Total T: 684662 Episode Num: 2245 Episode T: 186 Reward: 269.652 Cost: 2.000
arrive destination: True ,out of road:False   Total T: 685082 Episode Num: 2246 Episode T: 420 Reward: 498.904 Cost: 59.000
arrive destination: False ,out of road:True   Total T: 685207 Episode Num: 2247 Episode T: 125 Reward: 138.734 Cost: 2.000
arrive destination: False ,out of road:True   Total T: 685335 Episode Num: 2248 Episode T: 128 Reward: 142.243 Cost: 1.000
arrive destination: True ,out of road:False   Total T: 685758 Episode Num: 2249 Episode T: 423 Reward: 474.949 Cost: 25.000
arrive destination: False ,out of road:True   Total T: 686016 Episode Num: 2250 Episode T: 258 Reward: 314.339 Cost: 14.000
arrive destination: True ,out of road:False   Total T: 686275 Episode Num: 2251 Episode T: 259 Reward: 293.962 Cost: 15.000
arrive destination: True ,out of road:False   Total T: 686676 Episode Num: 2252 Episode T: 401 Reward: 498.237 Cost: 39.000
arrive destination: True ,out of road:False   Total T: 687001 Episode Num: 2253 Episode T: 325 Reward: 398.147 Cost: 18.000
arrive destination: True ,out of road:False   Total T: 687271 Episode Num: 2254 Episode T: 270 Reward: 294.250 Cost: 12.000
arrive destination: True ,out of road:False   Total T: 687513 Episode Num: 2255 Episode T: 242 Reward: 274.701 Cost: 9.000
arrive destination: True ,out of road:False   Total T: 687731 Episode Num: 2256 Episode T: 218 Reward: 295.584 Cost: 5.000
arrive destination: True ,out of road:False   Total T: 688158 Episode Num: 2257 Episode T: 427 Reward: 477.180 Cost: 17.000
arrive destination: True ,out of road:False   Total T: 688366 Episode Num: 2258 Episode T: 208 Reward: 285.316 Cost: 0.000
arrive destination: True ,out of road:False   Total T: 688625 Episode Num: 2259 Episode T: 259 Reward: 265.919 Cost: 8.000
arrive destination: True ,out of road:False   Total T: 689004 Episode Num: 2260 Episode T: 379 Reward: 404.926 Cost: 0.000
---------------------------------------
Evaluation over 20 episodes: 0.850 Cost 21.050.             SafeRL used : use_recovery
---------------------------------------
[34;1m
Time: 2026-06-30 05:34:00, Time spent from previous logger: 183.595 s[0m
[34;1mCustomLogger with fileds: ['total_steps', 'EpRet', 'EpCost', 'CostRate'][0m
[34;1mfieldvalues: [690000, 0.85, 21.05, 0.05797254778630114]
[0m
arrive destination: False ,out of road:False   Total T: 690004 Episode Num: 2261 Episode T: 1000 Reward: 72.143 Cost: 5.000
arrive destination: True ,out of road:False   Total T: 690224 Episode Num: 2262 Episode T: 220 Reward: 295.791 Cost: 14.000
arrive destination: True ,out of road:False   Total T: 690485 Episode Num: 2263 Episode T: 261 Reward: 276.407 Cost: 23.000
arrive destination: False ,out of road:True   Total T: 690757 Episode Num: 2264 Episode T: 272 Reward: 353.084 Cost: 8.000
arrive destination: True ,out of road:False   Total T: 690977 Episode Num: 2265 Episode T: 220 Reward: 286.423 Cost: 0.000
arrive destination: True ,out of road:False   Total T: 691206 Episode Num: 2266 Episode T: 229 Reward: 335.832 Cost: 7.000
arrive destination: True ,out of road:False   Total T: 691545 Episode Num: 2267 Episode T: 339 Reward: 335.803 Cost: 27.000
arrive destination: True ,out of road:False   Total T: 691914 Episode Num: 2268 Episode T: 369 Reward: 419.820 Cost: 34.000
arrive destination: True ,out of road:False   Total T: 692090 Episode Num: 2269 Episode T: 176 Reward: 269.152 Cost: 0.000
arrive destination: True ,out of road:False   Total T: 692316 Episode Num: 2270 Episode T: 226 Reward: 335.481 Cost: 0.000
arrive destination: False ,out of road:True   Total T: 692483 Episode Num: 2271 Episode T: 167 Reward: 219.706 Cost: 1.000
arrive destination: True ,out of road:False   Total T: 692717 Episode Num: 2272 Episode T: 234 Reward: 274.255 Cost: 7.000
arrive destination: True ,out of road:False   Total T: 692969 Episode Num: 2273 Episode T: 252 Reward: 273.167 Cost: 13.000
arrive destination: True ,out of road:False   Total T: 693187 Episode Num: 2274 Episode T: 218 Reward: 248.341 Cost: 0.000
arrive destination: True ,out of road:False   Total T: 693486 Episode Num: 2275 Episode T: 299 Reward: 398.693 Cost: 3.000
arrive destination: True ,out of road:False   Total T: 693882 Episode Num: 2276 Episode T: 396 Reward: 376.009 Cost: 51.000
arrive destination: True ,out of road:False   Total T: 694123 Episode Num: 2277 Episode T: 241 Reward: 274.340 Cost: 0.000
arrive destination: True ,out of road:False   Total T: 694369 Episode Num: 2278 Episode T: 246 Reward: 274.984 Cost: 0.000
arrive destination: True ,out of road:False   Total T: 694730 Episode Num: 2279 Episode T: 361 Reward: 406.744 Cost: 4.000
arrive destination: True ,out of road:False   Total T: 694983 Episode Num: 2280 Episode T: 253 Reward: 294.381 Cost: 10.000
arrive destination: True ,out of road:False   Total T: 695241 Episode Num: 2281 Episode T: 258 Reward: 274.413 Cost: 31.000
arrive destination: True ,out of road:False   Total T: 695488 Episode Num: 2282 Episode T: 247 Reward: 274.496 Cost: 0.000
arrive destination: True ,out of road:False   Total T: 695828 Episode Num: 2283 Episode T: 340 Reward: 381.753 Cost: 21.000
arrive destination: True ,out of road:False   Total T: 696076 Episode Num: 2284 Episode T: 248 Reward: 252.380 Cost: 39.000
arrive destination: True ,out of road:False   Total T: 696293 Episode Num: 2285 Episode T: 217 Reward: 285.601 Cost: 2.000
arrive destination: True ,out of road:False   Total T: 696712 Episode Num: 2286 Episode T: 419 Reward: 335.802 Cost: 52.000
arrive destination: False ,out of road:True   Total T: 696966 Episode Num: 2287 Episode T: 254 Reward: 354.528 Cost: 9.000
arrive destination: True ,out of road:False   Total T: 697299 Episode Num: 2288 Episode T: 333 Reward: 355.227 Cost: 23.000
arrive destination: True ,out of road:False   Total T: 697691 Episode Num: 2289 Episode T: 392 Reward: 367.286 Cost: 41.000
arrive destination: True ,out of road:False   Total T: 698082 Episode Num: 2290 Episode T: 391 Reward: 484.265 Cost: 23.000
arrive destination: True ,out of road:False   Total T: 698330 Episode Num: 2291 Episode T: 248 Reward: 232.412 Cost: 36.000
arrive destination: True ,out of road:False   Total T: 698646 Episode Num: 2292 Episode T: 316 Reward: 402.545 Cost: 24.000
arrive destination: True ,out of road:False   Total T: 699117 Episode Num: 2293 Episode T: 471 Reward: 496.991 Cost: 60.000
arrive destination: True ,out of road:False   Total T: 699377 Episode Num: 2294 Episode T: 260 Reward: 294.520 Cost: 15.000
arrive destination: True ,out of road:False   Total T: 699780 Episode Num: 2295 Episode T: 403 Reward: 474.243 Cost: 24.000
---------------------------------------
Evaluation over 20 episodes: 0.800 Cost 13.750.             SafeRL used : use_recovery
---------------------------------------
[34;1m
Time: 2026-06-30 05:37:05, Time spent from previous logger: 184.940 s[0m
[34;1mCustomLogger with fileds: ['total_steps', 'EpRet', 'EpCost', 'CostRate'][0m
[34;1mfieldvalues: [700000, 0.8, 13.75, 0.05802008288583269]
[0m
arrive destination: False ,out of road:True   Total T: 700271 Episode Num: 2296 Episode T: 491 Reward: 568.799 Cost: 21.000
arrive destination: True ,out of road:False   Total T: 700629 Episode Num: 2297 Episode T: 358 Reward: 376.963 Cost: 26.000
arrive destination: True ,out of road:False   Total T: 701018 Episode Num: 2298 Episode T: 389 Reward: 428.809 Cost: 35.000
arrive destination: True ,out of road:False   Total T: 701445 Episode Num: 2299 Episode T: 427 Reward: 407.834 Cost: 47.000
arrive destination: True ,out of road:False   Total T: 701643 Episode Num: 2300 Episode T: 198 Reward: 269.069 Cost: 3.000
arrive destination: True ,out of road:False   Total T: 701995 Episode Num: 2301 Episode T: 352 Reward: 382.352 Cost: 18.000
arrive destination: True ,out of road:False   Total T: 702460 Episode Num: 2302 Episode T: 465 Reward: 506.711 Cost: 30.000
arrive destination: True ,out of road:False   Total T: 703025 Episode Num: 2303 Episode T: 565 Reward: 494.749 Cost: 46.000
arrive destination: True ,out of road:False   Total T: 703370 Episode Num: 2304 Episode T: 345 Reward: 381.854 Cost: 22.000
arrive destination: True ,out of road:False   Total T: 703681 Episode Num: 2305 Episode T: 311 Reward: 400.160 Cost: 14.000
arrive destination: True ,out of road:False   Total T: 703888 Episode Num: 2306 Episode T: 207 Reward: 285.978 Cost: 0.000
arrive destination: True ,out of road:False   Total T: 704331 Episode Num: 2307 Episode T: 443 Reward: 471.225 Cost: 33.000
arrive destination: True ,out of road:False   Total T: 704652 Episode Num: 2308 Episode T: 321 Reward: 416.257 Cost: 13.000
arrive destination: True ,out of road:False   Total T: 704960 Episode Num: 2309 Episode T: 308 Reward: 398.220 Cost: 16.000
arrive destination: True ,out of road:False   Total T: 705184 Episode Num: 2310 Episode T: 224 Reward: 232.032 Cost: 20.000
arrive destination: True ,out of road:False   Total T: 705411 Episode Num: 2311 Episode T: 227 Reward: 334.609 Cost: 0.000
arrive destination: True ,out of road:False   Total T: 705805 Episode Num: 2312 Episode T: 394 Reward: 367.252 Cost: 61.000
arrive destination: False ,out of road:True   Total T: 706177 Episode Num: 2313 Episode T: 372 Reward: 420.128 Cost: 31.000
arrive destination: True ,out of road:False   Total T: 706530 Episode Num: 2314 Episode T: 353 Reward: 382.627 Cost: 24.000
arrive destination: False ,out of road:True   Total T: 706671 Episode Num: 2315 Episode T: 141 Reward: 78.191 Cost: 6.000
arrive destination: True ,out of road:False   Total T: 706933 Episode Num: 2316 Episode T: 262 Reward: 294.704 Cost: 12.000
arrive destination: True ,out of road:False   Total T: 707177 Episode Num: 2317 Episode T: 244 Reward: 273.889 Cost: 0.000
arrive destination: True ,out of road:False   Total T: 707446 Episode Num: 2318 Episode T: 269 Reward: 268.192 Cost: 10.000
arrive destination: True ,out of road:False   Total T: 707649 Episode Num: 2319 Episode T: 203 Reward: 284.917 Cost: 0.000
arrive destination: True ,out of road:False   Total T: 708025 Episode Num: 2320 Episode T: 376 Reward: 404.130 Cost: 3.000
arrive destination: True ,out of road:False   Total T: 708230 Episode Num: 2321 Episode T: 205 Reward: 295.827 Cost: 1.000
arrive destination: True ,out of road:False   Total T: 708595 Episode Num: 2322 Episode T: 365 Reward: 405.345 Cost: 0.000
arrive destination: True ,out of road:False   Total T: 708803 Episode Num: 2323 Episode T: 208 Reward: 248.360 Cost: 0.000
arrive destination: False ,out of road:True   Total T: 708905 Episode Num: 2324 Episode T: 102 Reward: 81.837 Cost: 2.000
arrive destination: True ,out of road:False   Total T: 709116 Episode Num: 2325 Episode T: 211 Reward: 245.544 Cost: 0.000
arrive destination: True ,out of road:False   Total T: 709555 Episode Num: 2326 Episode T: 439 Reward: 471.736 Cost: 28.000
arrive destination: True ,out of road:False   Total T: 709770 Episode Num: 2327 Episode T: 215 Reward: 248.212 Cost: 0.000
---------------------------------------
Evaluation over 20 episodes: 0.850 Cost 17.450.             SafeRL used : use_recovery
---------------------------------------
[34;1m
Time: 2026-06-30 05:40:15, Time spent from previous logger: 189.681 s[0m
[34;1mCustomLogger with fileds: ['total_steps', 'EpRet', 'EpCost', 'CostRate'][0m
[34;1mfieldvalues: [710000, 0.85, 17.45, 0.057949377393489286]
[0m
arrive destination: True ,out of road:False   Total T: 710346 Episode Num: 2328 Episode T: 576 Reward: 695.612 Cost: 39.000
arrive destination: True ,out of road:False   Total T: 710717 Episode Num: 2329 Episode T: 371 Reward: 422.351 Cost: 31.000
arrive destination: True ,out of road:False   Total T: 711041 Episode Num: 2330 Episode T: 324 Reward: 382.501 Cost: 9.000
arrive destination: True ,out of road:False   Total T: 711461 Episode Num: 2331 Episode T: 420 Reward: 369.532 Cost: 56.000
arrive destination: True ,out of road:True   Total T: 711861 Episode Num: 2332 Episode T: 400 Reward: 437.606 Cost: 59.000
arrive destination: True ,out of road:False   Total T: 712257 Episode Num: 2333 Episode T: 396 Reward: 450.472 Cost: 12.000
arrive destination: True ,out of road:False   Total T: 712504 Episode Num: 2334 Episode T: 247 Reward: 232.809 Cost: 28.000
arrive destination: True ,out of road:False   Total T: 712727 Episode Num: 2335 Episode T: 223 Reward: 288.067 Cost: 4.000
arrive destination: False ,out of road:True   Total T: 712908 Episode Num: 2336 Episode T: 181 Reward: 223.332 Cost: 2.000
arrive destination: True ,out of road:False   Total T: 713344 Episode Num: 2337 Episode T: 436 Reward: 504.877 Cost: 35.000
arrive destination: True ,out of road:False   Total T: 713724 Episode Num: 2338 Episode T: 380 Reward: 410.350 Cost: 31.000
arrive destination: True ,out of road:False   Total T: 713998 Episode Num: 2339 Episode T: 274 Reward: 355.077 Cost: 19.000
arrive destination: True ,out of road:False   Total T: 714295 Episode Num: 2340 Episode T: 297 Reward: 378.101 Cost: 18.000
arrive destination: True ,out of road:False   Total T: 714597 Episode Num: 2341 Episode T: 302 Reward: 410.689 Cost: 28.000
arrive destination: True ,out of road:False   Total T: 714997 Episode Num: 2342 Episode T: 400 Reward: 364.877 Cost: 57.000
arrive destination: True ,out of road:False   Total T: 715422 Episode Num: 2343 Episode T: 425 Reward: 504.531 Cost: 9.000
arrive destination: True ,out of road:False   Total T: 715804 Episode Num: 2344 Episode T: 382 Reward: 402.979 Cost: 8.000
arrive destination: False ,out of road:True   Total T: 715931 Episode Num: 2345 Episode T: 127 Reward: 137.812 Cost: 3.000
arrive destination: True ,out of road:False   Total T: 716416 Episode Num: 2346 Episode T: 485 Reward: 511.851 Cost: 19.000
arrive destination: True ,out of road:False   Total T: 716804 Episode Num: 2347 Episode T: 388 Reward: 474.085 Cost: 23.000
arrive destination: True ,out of road:False   Total T: 717023 Episode Num: 2348 Episode T: 219 Reward: 295.893 Cost: 15.000
arrive destination: True ,out of road:False   Total T: 717235 Episode Num: 2349 Episode T: 212 Reward: 306.031 Cost: 18.000
arrive destination: True ,out of road:False   Total T: 717521 Episode Num: 2350 Episode T: 286 Reward: 267.917 Cost: 21.000
arrive destination: True ,out of road:False   Total T: 717897 Episode Num: 2351 Episode T: 376 Reward: 373.528 Cost: 46.000
arrive destination: True ,out of road:False   Total T: 718114 Episode Num: 2352 Episode T: 217 Reward: 295.757 Cost: 9.000
arrive destination: True ,out of road:False   Total T: 718348 Episode Num: 2353 Episode T: 234 Reward: 273.166 Cost: 0.000
arrive destination: True ,out of road:False   Total T: 718669 Episode Num: 2354 Episode T: 321 Reward: 293.888 Cost: 9.000
arrive destination: True ,out of road:False   Total T: 718967 Episode Num: 2355 Episode T: 298 Reward: 368.903 Cost: 24.000
arrive destination: True ,out of road:False   Total T: 719282 Episode Num: 2356 Episode T: 315 Reward: 397.485 Cost: 20.000
arrive destination: True ,out of road:False   Total T: 719503 Episode Num: 2357 Episode T: 221 Reward: 247.022 Cost: 0.000
arrive destination: True ,out of road:False   Total T: 719739 Episode Num: 2358 Episode T: 236 Reward: 274.363 Cost: 6.000
---------------------------------------
Evaluation over 20 episodes: 0.850 Cost 7.700.             SafeRL used : use_recovery
---------------------------------------
[34;1m
Time: 2026-06-30 05:43:20, Time spent from previous logger: 185.399 s[0m
[34;1mCustomLogger with fileds: ['total_steps', 'EpRet', 'EpCost', 'CostRate'][0m
[34;1mfieldvalues: [720000, 0.85, 7.7, 0.05804730284347617]
[0m
arrive destination: True ,out of road:False   Total T: 720522 Episode Num: 2359 Episode T: 783 Reward: 754.185 Cost: 101.000
arrive destination: True ,out of road:False   Total T: 720889 Episode Num: 2360 Episode T: 367 Reward: 406.260 Cost: 0.000
arrive destination: True ,out of road:False   Total T: 721264 Episode Num: 2361 Episode T: 375 Reward: 404.820 Cost: 0.000
arrive destination: True ,out of road:False   Total T: 721506 Episode Num: 2362 Episode T: 242 Reward: 275.106 Cost: 0.000
arrive destination: True ,out of road:False   Total T: 721742 Episode Num: 2363 Episode T: 236 Reward: 270.701 Cost: 6.000
arrive destination: True ,out of road:False   Total T: 722150 Episode Num: 2364 Episode T: 408 Reward: 389.748 Cost: 48.000
arrive destination: False ,out of road:True   Total T: 722291 Episode Num: 2365 Episode T: 141 Reward: 151.622 Cost: 1.000
arrive destination: True ,out of road:False   Total T: 722521 Episode Num: 2366 Episode T: 230 Reward: 273.375 Cost: 0.000
arrive destination: True ,out of road:False   Total T: 722755 Episode Num: 2367 Episode T: 234 Reward: 274.819 Cost: 0.000
arrive destination: True ,out of road:False   Total T: 723014 Episode Num: 2368 Episode T: 259 Reward: 267.931 Cost: 18.000
arrive destination: True ,out of road:False   Total T: 723472 Episode Num: 2369 Episode T: 458 Reward: 511.999 Cost: 22.000
arrive destination: False ,out of road:True   Total T: 723597 Episode Num: 2370 Episode T: 125 Reward: 135.504 Cost: 1.000
arrive destination: True ,out of road:False   Total T: 723919 Episode Num: 2371 Episode T: 322 Reward: 419.005 Cost: 43.000
arrive destination: True ,out of road:False   Total T: 724257 Episode Num: 2372 Episode T: 338 Reward: 363.820 Cost: 37.000
arrive destination: True ,out of road:False   Total T: 724701 Episode Num: 2373 Episode T: 444 Reward: 405.934 Cost: 60.000
arrive destination: True ,out of road:False   Total T: 725077 Episode Num: 2374 Episode T: 376 Reward: 404.413 Cost: 5.000
arrive destination: True ,out of road:False   Total T: 725285 Episode Num: 2375 Episode T: 208 Reward: 247.682 Cost: 0.000
arrive destination: True ,out of road:False   Total T: 725554 Episode Num: 2376 Episode T: 269 Reward: 268.409 Cost: 22.000
arrive destination: True ,out of road:False   Total T: 725973 Episode Num: 2377 Episode T: 419 Reward: 485.820 Cost: 27.000
arrive destination: True ,out of road:False   Total T: 726212 Episode Num: 2378 Episode T: 239 Reward: 275.689 Cost: 0.000
arrive destination: True ,out of road:False   Total T: 726399 Episode Num: 2379 Episode T: 187 Reward: 268.868 Cost: 1.000
arrive destination: True ,out of road:False   Total T: 726789 Episode Num: 2380 Episode T: 390 Reward: 518.120 Cost: 23.000
arrive destination: False ,out of road:True   Total T: 726995 Episode Num: 2381 Episode T: 206 Reward: 223.833 Cost: 11.000
arrive destination: True ,out of road:False   Total T: 727221 Episode Num: 2382 Episode T: 226 Reward: 273.914 Cost: 0.000
arrive destination: True ,out of road:False   Total T: 727699 Episode Num: 2383 Episode T: 478 Reward: 424.918 Cost: 74.000
arrive destination: True ,out of road:False   Total T: 727967 Episode Num: 2384 Episode T: 268 Reward: 335.678 Cost: 12.000
arrive destination: True ,out of road:False   Total T: 728369 Episode Num: 2385 Episode T: 402 Reward: 499.111 Cost: 28.000
arrive destination: True ,out of road:False   Total T: 728598 Episode Num: 2386 Episode T: 229 Reward: 295.625 Cost: 10.000
arrive destination: True ,out of road:False   Total T: 729053 Episode Num: 2387 Episode T: 455 Reward: 519.661 Cost: 22.000
arrive destination: False ,out of road:True   Total T: 729404 Episode Num: 2388 Episode T: 351 Reward: 398.847 Cost: 10.000
arrive destination: True ,out of road:False   Total T: 729814 Episode Num: 2389 Episode T: 410 Reward: 475.249 Cost: 17.000
---------------------------------------
Evaluation over 20 episodes: 0.700 Cost 18.050.             SafeRL used : use_recovery
---------------------------------------
[34;1m
Time: 2026-06-30 05:46:32, Time spent from previous logger: 191.849 s[0m
[34;1mCustomLogger with fileds: ['total_steps', 'EpRet', 'EpCost', 'CostRate'][0m
[34;1mfieldvalues: [730000, 0.7, 18.05, 0.05806035350733357]
[0m
arrive destination: True ,out of road:False   Total T: 730349 Episode Num: 2390 Episode T: 535 Reward: 634.203 Cost: 27.000
arrive destination: True ,out of road:False   Total T: 730686 Episode Num: 2391 Episode T: 337 Reward: 379.464 Cost: 35.000
arrive destination: True ,out of road:False   Total T: 731044 Episode Num: 2392 Episode T: 358 Reward: 379.003 Cost: 32.000
arrive destination: False ,out of road:True   Total T: 731376 Episode Num: 2393 Episode T: 332 Reward: 372.650 Cost: 11.000
arrive destination: True ,out of road:False   Total T: 731709 Episode Num: 2394 Episode T: 333 Reward: 346.109 Cost: 20.000
arrive destination: True ,out of road:False   Total T: 732161 Episode Num: 2395 Episode T: 452 Reward: 388.007 Cost: 23.000
arrive destination: True ,out of road:False   Total T: 732393 Episode Num: 2396 Episode T: 232 Reward: 274.842 Cost: 0.000
arrive destination: True ,out of road:False   Total T: 732600 Episode Num: 2397 Episode T: 207 Reward: 245.774 Cost: 0.000
arrive destination: False ,out of road:False   Total T: 733600 Episode Num: 2398 Episode T: 1000 Reward: 335.908 Cost: 61.000
arrive destination: True ,out of road:False   Total T: 733914 Episode Num: 2399 Episode T: 314 Reward: 398.316 Cost: 16.000
arrive destination: True ,out of road:False   Total T: 734303 Episode Num: 2400 Episode T: 389 Reward: 421.389 Cost: 44.000
arrive destination: True ,out of road:False   Total T: 734705 Episode Num: 2401 Episode T: 402 Reward: 472.851 Cost: 21.000
arrive destination: True ,out of road:False   Total T: 734913 Episode Num: 2402 Episode T: 208 Reward: 284.026 Cost: 0.000
arrive destination: False ,out of road:True   Total T: 735102 Episode Num: 2403 Episode T: 189 Reward: 219.413 Cost: 4.000
arrive destination: True ,out of road:False   Total T: 735325 Episode Num: 2404 Episode T: 223 Reward: 285.553 Cost: 3.000
arrive destination: True ,out of road:False   Total T: 735590 Episode Num: 2405 Episode T: 265 Reward: 264.478 Cost: 15.000
arrive destination: False ,out of road:True   Total T: 735722 Episode Num: 2406 Episode T: 132 Reward: 142.984 Cost: 1.000
arrive destination: False ,out of road:True   Total T: 735789 Episode Num: 2407 Episode T: 67 Reward: 37.387 Cost: 1.000
arrive destination: True ,out of road:False   Total T: 736178 Episode Num: 2408 Episode T: 389 Reward: 418.378 Cost: 35.000
arrive destination: True ,out of road:False   Total T: 736415 Episode Num: 2409 Episode T: 237 Reward: 275.561 Cost: 0.000
arrive destination: True ,out of road:False   Total T: 736800 Episode Num: 2410 Episode T: 385 Reward: 423.825 Cost: 49.000
arrive destination: True ,out of road:False   Total T: 737126 Episode Num: 2411 Episode T: 326 Reward: 375.834 Cost: 15.000
arrive destination: True ,out of road:False   Total T: 737415 Episode Num: 2412 Episode T: 289 Reward: 378.529 Cost: 14.000
arrive destination: True ,out of road:False   Total T: 737656 Episode Num: 2413 Episode T: 241 Reward: 281.306 Cost: 8.000
arrive destination: True ,out of road:False   Total T: 737919 Episode Num: 2414 Episode T: 263 Reward: 268.200 Cost: 8.000
arrive destination: True ,out of road:False   Total T: 738098 Episode Num: 2415 Episode T: 179 Reward: 269.973 Cost: 0.000
arrive destination: True ,out of road:False   Total T: 738452 Episode Num: 2416 Episode T: 354 Reward: 377.629 Cost: 33.000
arrive destination: True ,out of road:False   Total T: 738695 Episode Num: 2417 Episode T: 243 Reward: 274.495 Cost: 0.000
arrive destination: True ,out of road:False   Total T: 738913 Episode Num: 2418 Episode T: 218 Reward: 306.057 Cost: 14.000
arrive destination: True ,out of road:False   Total T: 739185 Episode Num: 2419 Episode T: 272 Reward: 294.502 Cost: 27.000
arrive destination: True ,out of road:False   Total T: 739595 Episode Num: 2420 Episode T: 410 Reward: 418.789 Cost: 39.000
arrive destination: False ,out of road:True   Total T: 739738 Episode Num: 2421 Episode T: 143 Reward: 127.663 Cost: 10.000
arrive destination: True ,out of road:False   Total T: 739984 Episode Num: 2422 Episode T: 246 Reward: 232.634 Cost: 28.000
---------------------------------------
Evaluation over 20 episodes: 0.750 Cost 15.350.             SafeRL used : use_recovery
---------------------------------------
[34;1m
Time: 2026-06-30 05:49:43, Time spent from previous logger: 191.197 s[0m
[34;1mCustomLogger with fileds: ['total_steps', 'EpRet', 'EpCost', 'CostRate'][0m
[34;1mfieldvalues: [740000, 0.75, 15.35, 0.05807575415642453]
[0m
arrive destination: True ,out of road:False   Total T: 740179 Episode Num: 2423 Episode T: 195 Reward: 271.126 Cost: 0.000
arrive destination: True ,out of road:False   Total T: 740354 Episode Num: 2424 Episode T: 175 Reward: 268.847 Cost: 0.000
arrive destination: False ,out of road:True   Total T: 740549 Episode Num: 2425 Episode T: 195 Reward: 242.624 Cost: 2.000
arrive destination: True ,out of road:False   Total T: 740923 Episode Num: 2426 Episode T: 374 Reward: 402.492 Cost: 0.000
arrive destination: True ,out of road:False   Total T: 741220 Episode Num: 2427 Episode T: 297 Reward: 397.545 Cost: 15.000
arrive destination: True ,out of road:False   Total T: 741697 Episode Num: 2428 Episode T: 477 Reward: 496.812 Cost: 36.000
arrive destination: True ,out of road:False   Total T: 741910 Episode Num: 2429 Episode T: 213 Reward: 285.862 Cost: 0.000
arrive destination: False ,out of road:True   Total T: 742080 Episode Num: 2430 Episode T: 170 Reward: 222.673 Cost: 1.000
arrive destination: True ,out of road:False   Total T: 742284 Episode Num: 2431 Episode T: 204 Reward: 245.302 Cost: 0.000
arrive destination: True ,out of road:False   Total T: 742695 Episode Num: 2432 Episode T: 411 Reward: 473.667 Cost: 27.000
arrive destination: True ,out of road:False   Total T: 743021 Episode Num: 2433 Episode T: 326 Reward: 363.375 Cost: 22.000
arrive destination: True ,out of road:False   Total T: 743456 Episode Num: 2434 Episode T: 435 Reward: 378.048 Cost: 41.000
arrive destination: True ,out of road:False   Total T: 743927 Episode Num: 2435 Episode T: 471 Reward: 507.910 Cost: 62.000
arrive destination: True ,out of road:False   Total T: 744165 Episode Num: 2436 Episode T: 238 Reward: 275.580 Cost: 6.000
arrive destination: True ,out of road:False   Total T: 744443 Episode Num: 2437 Episode T: 278 Reward: 335.107 Cost: 22.000
arrive destination: True ,out of road:False   Total T: 744939 Episode Num: 2438 Episode T: 496 Reward: 367.698 Cost: 36.000
arrive destination: True ,out of road:False   Total T: 745458 Episode Num: 2439 Episode T: 519 Reward: 366.986 Cost: 32.000
arrive destination: True ,out of road:False   Total T: 745705 Episode Num: 2440 Episode T: 247 Reward: 239.816 Cost: 37.000
arrive destination: True ,out of road:False   Total T: 745951 Episode Num: 2441 Episode T: 246 Reward: 231.414 Cost: 39.000
arrive destination: True ,out of road:False   Total T: 746133 Episode Num: 2442 Episode T: 182 Reward: 268.977 Cost: 0.000
arrive destination: True ,out of road:False   Total T: 746410 Episode Num: 2443 Episode T: 277 Reward: 360.412 Cost: 4.000
arrive destination: True ,out of road:False   Total T: 746671 Episode Num: 2444 Episode T: 261 Reward: 274.629 Cost: 10.000
arrive destination: True ,out of road:False   Total T: 747063 Episode Num: 2445 Episode T: 392 Reward: 369.783 Cost: 53.000
arrive destination: True ,out of road:False   Total T: 747240 Episode Num: 2446 Episode T: 177 Reward: 229.981 Cost: 8.000
arrive destination: True ,out of road:False   Total T: 747460 Episode Num: 2447 Episode T: 220 Reward: 295.788 Cost: 11.000
arrive destination: True ,out of road:False   Total T: 747720 Episode Num: 2448 Episode T: 260 Reward: 335.923 Cost: 10.000
arrive destination: True ,out of road:False   Total T: 747943 Episode Num: 2449 Episode T: 223 Reward: 295.074 Cost: 4.000
arrive destination: True ,out of road:False   Total T: 748148 Episode Num: 2450 Episode T: 205 Reward: 243.980 Cost: 0.000
arrive destination: True ,out of road:False   Total T: 748385 Episode Num: 2451 Episode T: 237 Reward: 274.043 Cost: 7.000
arrive destination: True ,out of road:False   Total T: 748621 Episode Num: 2452 Episode T: 236 Reward: 273.811 Cost: 0.000
arrive destination: True ,out of road:False   Total T: 748907 Episode Num: 2453 Episode T: 286 Reward: 355.452 Cost: 8.000
arrive destination: False ,out of road:True   Total T: 749040 Episode Num: 2454 Episode T: 133 Reward: 146.895 Cost: 1.000
arrive destination: True ,out of road:False   Total T: 749258 Episode Num: 2455 Episode T: 218 Reward: 295.391 Cost: 6.000
arrive destination: True ,out of road:False   Total T: 749619 Episode Num: 2456 Episode T: 361 Reward: 408.418 Cost: 31.000
---------------------------------------
Evaluation over 20 episodes: 0.850 Cost 16.350.             SafeRL used : use_recovery
---------------------------------------
[34;1m
Time: 2026-06-30 05:52:52, Time spent from previous logger: 188.345 s[0m
[34;1mCustomLogger with fileds: ['total_steps', 'EpRet', 'EpCost', 'CostRate'][0m
[34;1mfieldvalues: [750000, 0.85, 16.35, 0.058038744051658736]
[0m
arrive destination: True ,out of road:False   Total T: 750211 Episode Num: 2457 Episode T: 592 Reward: 722.137 Cost: 22.000
arrive destination: True ,out of road:False   Total T: 750512 Episode Num: 2458 Episode T: 301 Reward: 398.305 Cost: 28.000
arrive destination: True ,out of road:False   Total T: 750748 Episode Num: 2459 Episode T: 236 Reward: 272.189 Cost: 8.000
arrive destination: True ,out of road:False   Total T: 751079 Episode Num: 2460 Episode T: 331 Reward: 336.044 Cost: 24.000
arrive destination: True ,out of road:False   Total T: 751327 Episode Num: 2461 Episode T: 248 Reward: 295.299 Cost: 26.000
arrive destination: True ,out of road:False   Total T: 751630 Episode Num: 2462 Episode T: 303 Reward: 366.253 Cost: 19.000
arrive destination: True ,out of road:False   Total T: 751950 Episode Num: 2463 Episode T: 320 Reward: 419.795 Cost: 16.000
arrive destination: True ,out of road:False   Total T: 752200 Episode Num: 2464 Episode T: 250 Reward: 295.920 Cost: 28.000
arrive destination: True ,out of road:False   Total T: 752604 Episode Num: 2465 Episode T: 404 Reward: 368.161 Cost: 65.000
arrive destination: True ,out of road:False   Total T: 752994 Episode Num: 2466 Episode T: 390 Reward: 499.503 Cost: 38.000
arrive destination: True ,out of road:False   Total T: 753248 Episode Num: 2467 Episode T: 254 Reward: 271.159 Cost: 16.000
arrive destination: False ,out of road:True   Total T: 753328 Episode Num: 2468 Episode T: 80 Reward: 54.251 Cost: 1.000
arrive destination: True ,out of road:False   Total T: 753723 Episode Num: 2469 Episode T: 395 Reward: 474.159 Cost: 21.000
arrive destination: True ,out of road:False   Total T: 754036 Episode Num: 2470 Episode T: 313 Reward: 363.864 Cost: 16.000
arrive destination: True ,out of road:False   Total T: 754252 Episode Num: 2471 Episode T: 216 Reward: 287.073 Cost: 0.000
arrive destination: True ,out of road:False   Total T: 754466 Episode Num: 2472 Episode T: 214 Reward: 285.942 Cost: 0.000
arrive destination: False ,out of road:True   Total T: 754658 Episode Num: 2473 Episode T: 192 Reward: 223.842 Cost: 9.000
arrive destination: True ,out of road:False   Total T: 754999 Episode Num: 2474 Episode T: 341 Reward: 381.969 Cost: 19.000
arrive destination: True ,out of road:False   Total T: 755214 Episode Num: 2475 Episode T: 215 Reward: 249.656 Cost: 0.000
arrive destination: True ,out of road:False   Total T: 755426 Episode Num: 2476 Episode T: 212 Reward: 284.459 Cost: 0.000
arrive destination: True ,out of road:False   Total T: 755734 Episode Num: 2477 Episode T: 308 Reward: 368.006 Cost: 8.000
arrive destination: True ,out of road:False   Total T: 755940 Episode Num: 2478 Episode T: 206 Reward: 283.962 Cost: 0.000
arrive destination: True ,out of road:False   Total T: 756382 Episode Num: 2479 Episode T: 442 Reward: 410.410 Cost: 49.000
arrive destination: True ,out of road:False   Total T: 756756 Episode Num: 2480 Episode T: 374 Reward: 405.062 Cost: 0.000
arrive destination: True ,out of road:False   Total T: 756961 Episode Num: 2481 Episode T: 205 Reward: 245.285 Cost: 0.000
arrive destination: True ,out of road:False   Total T: 757140 Episode Num: 2482 Episode T: 179 Reward: 269.313 Cost: 0.000
arrive destination: True ,out of road:False   Total T: 757350 Episode Num: 2483 Episode T: 210 Reward: 285.529 Cost: 0.000
arrive destination: True ,out of road:False   Total T: 757659 Episode Num: 2484 Episode T: 309 Reward: 396.619 Cost: 24.000
arrive destination: False ,out of road:True   Total T: 757920 Episode Num: 2485 Episode T: 261 Reward: 231.740 Cost: 30.000
arrive destination: True ,out of road:False   Total T: 758158 Episode Num: 2486 Episode T: 238 Reward: 272.565 Cost: 7.000
arrive destination: True ,out of road:False   Total T: 758438 Episode Num: 2487 Episode T: 280 Reward: 398.481 Cost: 9.000
arrive destination: True ,out of road:False   Total T: 758675 Episode Num: 2488 Episode T: 237 Reward: 274.334 Cost: 0.000
arrive destination: True ,out of road:False   Total T: 758984 Episode Num: 2489 Episode T: 309 Reward: 398.277 Cost: 10.000
arrive destination: True ,out of road:False   Total T: 759196 Episode Num: 2490 Episode T: 212 Reward: 248.430 Cost: 0.000
arrive destination: True ,out of road:False   Total T: 759460 Episode Num: 2491 Episode T: 264 Reward: 294.347 Cost: 19.000
arrive destination: True ,out of road:False   Total T: 759727 Episode Num: 2492 Episode T: 267 Reward: 264.485 Cost: 10.000
---------------------------------------
Evaluation over 20 episodes: 0.950 Cost 11.150.             SafeRL used : use_recovery
---------------------------------------
[34;1m
Time: 2026-06-30 05:55:56, Time spent from previous logger: 184.101 s[0m
[34;1mCustomLogger with fileds: ['total_steps', 'EpRet', 'EpCost', 'CostRate'][0m
[34;1mfieldvalues: [760000, 0.95, 11.15, 0.057943497294075386]
[0m
arrive destination: True ,out of road:False   Total T: 760357 Episode Num: 2493 Episode T: 630 Reward: 644.802 Cost: 62.000
arrive destination: True ,out of road:False   Total T: 760548 Episode Num: 2494 Episode T: 191 Reward: 269.924 Cost: 1.000
arrive destination: True ,out of road:False   Total T: 760760 Episode Num: 2495 Episode T: 212 Reward: 249.586 Cost: 0.000
arrive destination: True ,out of road:False   Total T: 761078 Episode Num: 2496 Episode T: 318 Reward: 397.727 Cost: 16.000
arrive destination: True ,out of road:False   Total T: 761292 Episode Num: 2497 Episode T: 214 Reward: 245.431 Cost: 0.000
arrive destination: True ,out of road:False   Total T: 761597 Episode Num: 2498 Episode T: 305 Reward: 365.229 Cost: 18.000
arrive destination: True ,out of road:False   Total T: 761848 Episode Num: 2499 Episode T: 251 Reward: 276.801 Cost: 28.000
arrive destination: True ,out of road:False   Total T: 762030 Episode Num: 2500 Episode T: 182 Reward: 231.639 Cost: 13.000
arrive destination: False ,out of road:True   Total T: 762228 Episode Num: 2501 Episode T: 198 Reward: 209.140 Cost: 11.000
arrive destination: True ,out of road:False   Total T: 762497 Episode Num: 2502 Episode T: 269 Reward: 356.633 Cost: 1.000
arrive destination: True ,out of road:False   Total T: 762702 Episode Num: 2503 Episode T: 205 Reward: 285.160 Cost: 0.000
arrive destination: True ,out of road:False   Total T: 762949 Episode Num: 2504 Episode T: 247 Reward: 232.818 Cost: 35.000
arrive destination: True ,out of road:False   Total T: 763137 Episode Num: 2505 Episode T: 188 Reward: 269.149 Cost: 2.000
arrive destination: True ,out of road:False   Total T: 763517 Episode Num: 2506 Episode T: 380 Reward: 373.877 Cost: 26.000
arrive destination: True ,out of road:False   Total T: 763693 Episode Num: 2507 Episode T: 176 Reward: 269.571 Cost: 0.000
arrive destination: True ,out of road:False   Total T: 763899 Episode Num: 2508 Episode T: 206 Reward: 285.204 Cost: 0.000
arrive destination: True ,out of road:False   Total T: 764256 Episode Num: 2509 Episode T: 357 Reward: 377.957 Cost: 32.000
arrive destination: True ,out of road:False   Total T: 764515 Episode Num: 2510 Episode T: 259 Reward: 267.071 Cost: 18.000
arrive destination: True ,out of road:False   Total T: 764728 Episode Num: 2511 Episode T: 213 Reward: 285.847 Cost: 0.000
arrive destination: False ,out of road:True   Total T: 764913 Episode Num: 2512 Episode T: 185 Reward: 207.737 Cost: 16.000
arrive destination: True ,out of road:False   Total T: 765253 Episode Num: 2513 Episode T: 340 Reward: 375.460 Cost: 25.000
arrive destination: True ,out of road:False   Total T: 765690 Episode Num: 2514 Episode T: 437 Reward: 367.963 Cost: 34.000
arrive destination: True ,out of road:False   Total T: 765896 Episode Num: 2515 Episode T: 206 Reward: 245.140 Cost: 0.000
arrive destination: True ,out of road:False   Total T: 766232 Episode Num: 2516 Episode T: 336 Reward: 392.887 Cost: 30.000
arrive destination: False ,out of road:True   Total T: 766378 Episode Num: 2517 Episode T: 146 Reward: 131.799 Cost: 15.000
arrive destination: True ,out of road:False   Total T: 766636 Episode Num: 2518 Episode T: 258 Reward: 293.985 Cost: 13.000
arrive destination: True ,out of road:False   Total T: 767007 Episode Num: 2519 Episode T: 371 Reward: 401.199 Cost: 0.000
arrive destination: True ,out of road:False   Total T: 767280 Episode Num: 2520 Episode T: 273 Reward: 358.526 Cost: 4.000
arrive destination: True ,out of road:False   Total T: 767633 Episode Num: 2521 Episode T: 353 Reward: 373.218 Cost: 12.000
arrive destination: True ,out of road:False   Total T: 768074 Episode Num: 2522 Episode T: 441 Reward: 498.715 Cost: 43.000
arrive destination: True ,out of road:False   Total T: 768253 Episode Num: 2523 Episode T: 179 Reward: 269.593 Cost: 1.000
arrive destination: True ,out of road:False   Total T: 768463 Episode Num: 2524 Episode T: 210 Reward: 245.257 Cost: 0.000
arrive destination: True ,out of road:False   Total T: 768832 Episode Num: 2525 Episode T: 369 Reward: 369.617 Cost: 34.000
arrive destination: True ,out of road:False   Total T: 769062 Episode Num: 2526 Episode T: 230 Reward: 270.090 Cost: 7.000
arrive destination: True ,out of road:False   Total T: 769317 Episode Num: 2527 Episode T: 255 Reward: 271.934 Cost: 4.000
arrive destination: True ,out of road:False   Total T: 769551 Episode Num: 2528 Episode T: 234 Reward: 275.269 Cost: 5.000
arrive destination: True ,out of road:False   Total T: 769799 Episode Num: 2529 Episode T: 248 Reward: 305.809 Cost: 33.000
---------------------------------------
Evaluation over 20 episodes: 0.750 Cost 15.550.             SafeRL used : use_recovery
---------------------------------------
[34;1m
Time: 2026-06-30 05:59:00, Time spent from previous logger: 184.120 s[0m
[34;1mCustomLogger with fileds: ['total_steps', 'EpRet', 'EpCost', 'CostRate'][0m
[34;1mfieldvalues: [770000, 0.75, 15.55, 0.05788059465012292]
[0m
arrive destination: True ,out of road:False   Total T: 770277 Episode Num: 2530 Episode T: 478 Reward: 613.879 Cost: 6.000
arrive destination: True ,out of road:False   Total T: 770527 Episode Num: 2531 Episode T: 250 Reward: 305.770 Cost: 31.000
arrive destination: True ,out of road:False   Total T: 770842 Episode Num: 2532 Episode T: 315 Reward: 335.640 Cost: 31.000
arrive destination: True ,out of road:False   Total T: 771214 Episode Num: 2533 Episode T: 372 Reward: 399.368 Cost: 0.000
arrive destination: True ,out of road:False   Total T: 771428 Episode Num: 2534 Episode T: 214 Reward: 284.905 Cost: 3.000
arrive destination: True ,out of road:False   Total T: 771673 Episode Num: 2535 Episode T: 245 Reward: 230.786 Cost: 37.000
arrive destination: True ,out of road:False   Total T: 771956 Episode Num: 2536 Episode T: 283 Reward: 335.464 Cost: 16.000
arrive destination: True ,out of road:False   Total T: 772456 Episode Num: 2537 Episode T: 500 Reward: 509.105 Cost: 34.000
arrive destination: True ,out of road:False   Total T: 772919 Episode Num: 2538 Episode T: 463 Reward: 498.464 Cost: 42.000
arrive destination: True ,out of road:False   Total T: 773247 Episode Num: 2539 Episode T: 328 Reward: 363.020 Cost: 16.000
arrive destination: True ,out of road:False   Total T: 773504 Episode Num: 2540 Episode T: 257 Reward: 261.553 Cost: 11.000
arrive destination: True ,out of road:False   Total T: 773713 Episode Num: 2541 Episode T: 209 Reward: 245.165 Cost: 0.000
arrive destination: True ,out of road:False   Total T: 773924 Episode Num: 2542 Episode T: 211 Reward: 306.019 Cost: 7.000
arrive destination: True ,out of road:False   Total T: 774171 Episode Num: 2543 Episode T: 247 Reward: 232.251 Cost: 43.000
arrive destination: False ,out of road:True   Total T: 774300 Episode Num: 2544 Episode T: 129 Reward: 142.385 Cost: 1.000
arrive destination: True ,out of road:False   Total T: 774605 Episode Num: 2545 Episode T: 305 Reward: 398.261 Cost: 10.000
arrive destination: True ,out of road:False   Total T: 774819 Episode Num: 2546 Episode T: 214 Reward: 247.477 Cost: 0.000
arrive destination: True ,out of road:False   Total T: 775136 Episode Num: 2547 Episode T: 317 Reward: 362.685 Cost: 26.000
arrive destination: True ,out of road:False   Total T: 775498 Episode Num: 2548 Episode T: 362 Reward: 371.564 Cost: 48.000
arrive destination: True ,out of road:False   Total T: 775817 Episode Num: 2549 Episode T: 319 Reward: 365.438 Cost: 22.000
arrive destination: False ,out of road:True   Total T: 775960 Episode Num: 2550 Episode T: 143 Reward: 152.416 Cost: 1.000
arrive destination: True ,out of road:False   Total T: 776284 Episode Num: 2551 Episode T: 324 Reward: 400.005 Cost: 16.000
arrive destination: True ,out of road:False   Total T: 776529 Episode Num: 2552 Episode T: 245 Reward: 231.119 Cost: 39.000
arrive destination: False ,out of road:True   Total T: 776869 Episode Num: 2553 Episode T: 340 Reward: 387.763 Cost: 6.000
arrive destination: True ,out of road:False   Total T: 777193 Episode Num: 2554 Episode T: 324 Reward: 416.254 Cost: 28.000
arrive destination: True ,out of road:False   Total T: 777586 Episode Num: 2555 Episode T: 393 Reward: 423.649 Cost: 45.000
arrive destination: True ,out of road:False   Total T: 777836 Episode Num: 2556 Episode T: 250 Reward: 269.934 Cost: 4.000
arrive destination: True ,out of road:False   Total T: 778053 Episode Num: 2557 Episode T: 217 Reward: 295.995 Cost: 18.000
arrive destination: True ,out of road:False   Total T: 778367 Episode Num: 2558 Episode T: 314 Reward: 336.122 Cost: 7.000
arrive destination: True ,out of road:False   Total T: 778695 Episode Num: 2559 Episode T: 328 Reward: 418.505 Cost: 31.000
arrive destination: True ,out of road:False   Total T: 778915 Episode Num: 2560 Episode T: 220 Reward: 295.369 Cost: 8.000
arrive destination: True ,out of road:False   Total T: 779299 Episode Num: 2561 Episode T: 384 Reward: 421.918 Cost: 42.000
arrive destination: True ,out of road:False   Total T: 779553 Episode Num: 2562 Episode T: 254 Reward: 263.815 Cost: 17.000
arrive destination: True ,out of road:False   Total T: 779808 Episode Num: 2563 Episode T: 255 Reward: 293.865 Cost: 8.000
---------------------------------------
Evaluation over 20 episodes: 0.850 Cost 9.800.             SafeRL used : use_recovery
---------------------------------------
[34;1m
Time: 2026-06-30 06:02:10, Time spent from previous logger: 190.095 s[0m
[34;1mCustomLogger with fileds: ['total_steps', 'EpRet', 'EpCost', 'CostRate'][0m
[34;1mfieldvalues: [780000, 0.85, 9.8, 0.05799366409444115]
[0m
arrive destination: True ,out of road:False   Total T: 780337 Episode Num: 2564 Episode T: 529 Reward: 615.550 Cost: 41.000
arrive destination: False ,out of road:True   Total T: 780416 Episode Num: 2565 Episode T: 79 Reward: 56.380 Cost: 1.000
arrive destination: False ,out of road:True   Total T: 780767 Episode Num: 2566 Episode T: 351 Reward: 450.500 Cost: 12.000
arrive destination: False ,out of road:True   Total T: 781002 Episode Num: 2567 Episode T: 235 Reward: 314.546 Cost: 5.000
arrive destination: True ,out of road:False   Total T: 781285 Episode Num: 2568 Episode T: 283 Reward: 377.794 Cost: 17.000
arrive destination: True ,out of road:False   Total T: 781555 Episode Num: 2569 Episode T: 270 Reward: 353.854 Cost: 16.000
arrive destination: True ,out of road:False   Total T: 781793 Episode Num: 2570 Episode T: 238 Reward: 275.920 Cost: 8.000
arrive destination: True ,out of road:False   Total T: 782157 Episode Num: 2571 Episode T: 364 Reward: 409.736 Cost: 11.000
arrive destination: True ,out of road:False   Total T: 782368 Episode Num: 2572 Episode T: 211 Reward: 286.132 Cost: 0.000
arrive destination: True ,out of road:False   Total T: 782577 Episode Num: 2573 Episode T: 209 Reward: 286.022 Cost: 2.000
arrive destination: True ,out of road:False   Total T: 782773 Episode Num: 2574 Episode T: 196 Reward: 270.188 Cost: 1.000
arrive destination: True ,out of road:False   Total T: 782951 Episode Num: 2575 Episode T: 178 Reward: 230.837 Cost: 6.000
arrive destination: True ,out of road:False   Total T: 783174 Episode Num: 2576 Episode T: 223 Reward: 285.941 Cost: 0.000
arrive destination: True ,out of road:False   Total T: 783384 Episode Num: 2577 Episode T: 210 Reward: 284.320 Cost: 0.000
arrive destination: True ,out of road:False   Total T: 783776 Episode Num: 2578 Episode T: 392 Reward: 473.926 Cost: 14.000
arrive destination: True ,out of road:False   Total T: 784150 Episode Num: 2579 Episode T: 374 Reward: 404.574 Cost: 0.000
arrive destination: True ,out of road:False   Total T: 784549 Episode Num: 2580 Episode T: 399 Reward: 471.499 Cost: 4.000
arrive destination: False ,out of road:True   Total T: 784745 Episode Num: 2581 Episode T: 196 Reward: 196.670 Cost: 12.000
arrive destination: True ,out of road:False   Total T: 785117 Episode Num: 2582 Episode T: 372 Reward: 401.863 Cost: 0.000
arrive destination: False ,out of road:True   Total T: 785385 Episode Num: 2583 Episode T: 268 Reward: 321.657 Cost: 15.000
arrive destination: True ,out of road:False   Total T: 785795 Episode Num: 2584 Episode T: 410 Reward: 474.458 Cost: 18.000
arrive destination: True ,out of road:False   Total T: 786040 Episode Num: 2585 Episode T: 245 Reward: 231.629 Cost: 48.000
arrive destination: True ,out of road:False   Total T: 786350 Episode Num: 2586 Episode T: 310 Reward: 398.584 Cost: 10.000
arrive destination: True ,out of road:False   Total T: 786552 Episode Num: 2587 Episode T: 202 Reward: 269.295 Cost: 2.000
arrive destination: True ,out of road:False   Total T: 786801 Episode Num: 2588 Episode T: 249 Reward: 295.312 Cost: 26.000
arrive destination: True ,out of road:False   Total T: 787061 Episode Num: 2589 Episode T: 260 Reward: 294.083 Cost: 21.000
arrive destination: False ,out of road:False   Total T: 788061 Episode Num: 2590 Episode T: 1000 Reward: 355.319 Cost: 45.000
arrive destination: True ,out of road:False   Total T: 788309 Episode Num: 2591 Episode T: 248 Reward: 295.430 Cost: 31.000
arrive destination: True ,out of road:False   Total T: 788559 Episode Num: 2592 Episode T: 250 Reward: 295.711 Cost: 36.000
arrive destination: True ,out of road:True   Total T: 788858 Episode Num: 2593 Episode T: 299 Reward: 432.102 Cost: 19.000
arrive destination: True ,out of road:False   Total T: 789086 Episode Num: 2594 Episode T: 228 Reward: 272.902 Cost: 0.000
arrive destination: True ,out of road:False   Total T: 789288 Episode Num: 2595 Episode T: 202 Reward: 246.315 Cost: 0.000
arrive destination: False ,out of road:True   Total T: 789402 Episode Num: 2596 Episode T: 114 Reward: 77.661 Cost: 11.000
arrive destination: True ,out of road:False   Total T: 789609 Episode Num: 2597 Episode T: 207 Reward: 245.775 Cost: 0.000
arrive destination: True ,out of road:False   Total T: 789964 Episode Num: 2598 Episode T: 355 Reward: 374.915 Cost: 23.000
---------------------------------------
Evaluation over 20 episodes: 0.900 Cost 11.650.             SafeRL used : use_recovery
---------------------------------------
[34;1m
Time: 2026-06-30 06:05:16, Time spent from previous logger: 185.940 s[0m
[34;1mCustomLogger with fileds: ['total_steps', 'EpRet', 'EpCost', 'CostRate'][0m
[34;1mfieldvalues: [790000, 0.9, 11.65, 0.057819060530456365]
[0m
arrive destination: True ,out of road:False   Total T: 790180 Episode Num: 2599 Episode T: 216 Reward: 281.241 Cost: 0.000
arrive destination: True ,out of road:False   Total T: 790416 Episode Num: 2600 Episode T: 236 Reward: 274.789 Cost: 2.000
arrive destination: True ,out of road:False   Total T: 790668 Episode Num: 2601 Episode T: 252 Reward: 272.440 Cost: 4.000
arrive destination: False ,out of road:True   Total T: 790836 Episode Num: 2602 Episode T: 168 Reward: 216.069 Cost: 3.000
arrive destination: False ,out of road:True   Total T: 790912 Episode Num: 2603 Episode T: 76 Reward: 51.092 Cost: 1.000
arrive destination: False ,out of road:True   Total T: 791134 Episode Num: 2604 Episode T: 222 Reward: 310.582 Cost: 9.000
arrive destination: True ,out of road:False   Total T: 791335 Episode Num: 2605 Episode T: 201 Reward: 244.788 Cost: 0.000
arrive destination: True ,out of road:False   Total T: 791570 Episode Num: 2606 Episode T: 235 Reward: 275.436 Cost: 0.000
arrive destination: False ,out of road:True   Total T: 791773 Episode Num: 2607 Episode T: 203 Reward: 222.908 Cost: 9.000
arrive destination: True ,out of road:False   Total T: 792155 Episode Num: 2608 Episode T: 382 Reward: 403.133 Cost: 0.000
arrive destination: True ,out of road:False   Total T: 792487 Episode Num: 2609 Episode T: 332 Reward: 336.344 Cost: 25.000
arrive destination: True ,out of road:False   Total T: 792733 Episode Num: 2610 Episode T: 246 Reward: 231.938 Cost: 34.000
arrive destination: True ,out of road:False   Total T: 793087 Episode Num: 2611 Episode T: 354 Reward: 374.109 Cost: 36.000
arrive destination: True ,out of road:False   Total T: 793391 Episode Num: 2612 Episode T: 304 Reward: 398.218 Cost: 16.000
arrive destination: True ,out of road:False   Total T: 793736 Episode Num: 2613 Episode T: 345 Reward: 375.934 Cost: 39.000
arrive destination: True ,out of road:False   Total T: 794166 Episode Num: 2614 Episode T: 430 Reward: 496.748 Cost: 51.000
arrive destination: True ,out of road:False   Total T: 794592 Episode Num: 2615 Episode T: 426 Reward: 500.093 Cost: 33.000
arrive destination: True ,out of road:False   Total T: 794823 Episode Num: 2616 Episode T: 231 Reward: 275.309 Cost: 0.000
arrive destination: True ,out of road:False   Total T: 795244 Episode Num: 2617 Episode T: 421 Reward: 335.261 Cost: 35.000
arrive destination: False ,out of road:True   Total T: 795369 Episode Num: 2618 Episode T: 125 Reward: 136.391 Cost: 1.000
arrive destination: True ,out of road:False   Total T: 795714 Episode Num: 2619 Episode T: 345 Reward: 406.345 Cost: 22.000
arrive destination: True ,out of road:False   Total T: 796073 Episode Num: 2620 Episode T: 359 Reward: 367.393 Cost: 29.000
arrive destination: True ,out of road:False   Total T: 796336 Episode Num: 2621 Episode T: 263 Reward: 357.525 Cost: 3.000
arrive destination: True ,out of road:False   Total T: 796582 Episode Num: 2622 Episode T: 246 Reward: 231.013 Cost: 51.000
arrive destination: True ,out of road:False   Total T: 796801 Episode Num: 2623 Episode T: 219 Reward: 295.650 Cost: 9.000
arrive destination: False ,out of road:True   Total T: 796837 Episode Num: 2624 Episode T: 36 Reward: 4.301 Cost: 1.000
arrive destination: False ,out of road:True   Total T: 796924 Episode Num: 2625 Episode T: 87 Reward: 56.961 Cost: 1.000
arrive destination: True ,out of road:False   Total T: 797148 Episode Num: 2626 Episode T: 224 Reward: 272.762 Cost: 0.000
arrive destination: True ,out of road:False   Total T: 797481 Episode Num: 2627 Episode T: 333 Reward: 336.075 Cost: 41.000
arrive destination: False ,out of road:False   Total T: 798481 Episode Num: 2628 Episode T: 1000 Reward: 180.089 Cost: 192.000
arrive destination: True ,out of road:False   Total T: 798705 Episode Num: 2629 Episode T: 224 Reward: 295.707 Cost: 3.000
arrive destination: True ,out of road:False   Total T: 799085 Episode Num: 2630 Episode T: 380 Reward: 403.917 Cost: 0.000
arrive destination: True ,out of road:False   Total T: 799494 Episode Num: 2631 Episode T: 409 Reward: 518.879 Cost: 31.000
arrive destination: True ,out of road:False   Total T: 799868 Episode Num: 2632 Episode T: 374 Reward: 403.790 Cost: 0.000
---------------------------------------
Evaluation over 20 episodes: 0.850 Cost 13.350.             SafeRL used : use_recovery
---------------------------------------
[34;1m
Time: 2026-06-30 06:08:17, Time spent from previous logger: 181.091 s[0m
[34;1mCustomLogger with fileds: ['total_steps', 'EpRet', 'EpCost', 'CostRate'][0m
[34;1mfieldvalues: [800000, 0.85, 13.35, 0.05795132243915305]
[0m
arrive destination: True ,out of road:False   Total T: 800216 Episode Num: 2633 Episode T: 348 Reward: 407.020 Cost: 3.000
arrive destination: False ,out of road:True   Total T: 800408 Episode Num: 2634 Episode T: 192 Reward: 221.489 Cost: 19.000
arrive destination: False ,out of road:True   Total T: 800624 Episode Num: 2635 Episode T: 216 Reward: 312.240 Cost: 7.000
arrive destination: True ,out of road:False   Total T: 800958 Episode Num: 2636 Episode T: 334 Reward: 368.094 Cost: 30.000
arrive destination: False ,out of road:True   Total T: 801307 Episode Num: 2637 Episode T: 349 Reward: 325.354 Cost: 55.000
arrive destination: True ,out of road:False   Total T: 801549 Episode Num: 2638 Episode T: 242 Reward: 294.626 Cost: 20.000
arrive destination: True ,out of road:False   Total T: 801780 Episode Num: 2639 Episode T: 231 Reward: 282.831 Cost: 15.000
arrive destination: False ,out of road:True   Total T: 801976 Episode Num: 2640 Episode T: 196 Reward: 138.259 Cost: 18.000
arrive destination: True ,out of road:False   Total T: 802231 Episode Num: 2641 Episode T: 255 Reward: 294.585 Cost: 16.000
arrive destination: True ,out of road:False   Total T: 802626 Episode Num: 2642 Episode T: 395 Reward: 370.045 Cost: 39.000
arrive destination: True ,out of road:False   Total T: 802873 Episode Num: 2643 Episode T: 247 Reward: 231.578 Cost: 35.000
arrive destination: True ,out of road:False   Total T: 803244 Episode Num: 2644 Episode T: 371 Reward: 404.526 Cost: 4.000
arrive destination: True ,out of road:False   Total T: 803555 Episode Num: 2645 Episode T: 311 Reward: 359.075 Cost: 21.000
arrive destination: True ,out of road:False   Total T: 803793 Episode Num: 2646 Episode T: 238 Reward: 274.324 Cost: 10.000
arrive destination: True ,out of road:False   Total T: 804000 Episode Num: 2647 Episode T: 207 Reward: 246.138 Cost: 0.000
arrive destination: True ,out of road:False   Total T: 804355 Episode Num: 2648 Episode T: 355 Reward: 503.671 Cost: 22.000
arrive destination: True ,out of road:False   Total T: 804680 Episode Num: 2649 Episode T: 325 Reward: 416.685 Cost: 21.000
arrive destination: True ,out of road:False   Total T: 804931 Episode Num: 2650 Episode T: 251 Reward: 294.752 Cost: 11.000
arrive destination: True ,out of road:False   Total T: 805145 Episode Num: 2651 Episode T: 214 Reward: 245.949 Cost: 0.000
arrive destination: True ,out of road:False   Total T: 805589 Episode Num: 2652 Episode T: 444 Reward: 491.475 Cost: 45.000
arrive destination: True ,out of road:False   Total T: 805930 Episode Num: 2653 Episode T: 341 Reward: 406.055 Cost: 16.000
arrive destination: False ,out of road:True   Total T: 806317 Episode Num: 2654 Episode T: 387 Reward: 432.211 Cost: 57.000
arrive destination: True ,out of road:False   Total T: 806661 Episode Num: 2655 Episode T: 344 Reward: 509.362 Cost: 12.000
arrive destination: True ,out of road:False   Total T: 806905 Episode Num: 2656 Episode T: 244 Reward: 232.163 Cost: 37.000
arrive destination: True ,out of road:False   Total T: 807106 Episode Num: 2657 Episode T: 201 Reward: 295.230 Cost: 16.000
arrive destination: True ,out of road:False   Total T: 807554 Episode Num: 2658 Episode T: 448 Reward: 500.492 Cost: 27.000
arrive destination: True ,out of road:False   Total T: 807781 Episode Num: 2659 Episode T: 227 Reward: 275.074 Cost: 0.000
arrive destination: True ,out of road:False   Total T: 807987 Episode Num: 2660 Episode T: 206 Reward: 245.553 Cost: 0.000
arrive destination: False ,out of road:True   Total T: 808211 Episode Num: 2661 Episode T: 224 Reward: 267.731 Cost: 15.000
arrive destination: True ,out of road:False   Total T: 808467 Episode Num: 2662 Episode T: 256 Reward: 294.299 Cost: 15.000
arrive destination: False ,out of road:True   Total T: 808600 Episode Num: 2663 Episode T: 133 Reward: 142.816 Cost: 1.000
arrive destination: True ,out of road:False   Total T: 808880 Episode Num: 2664 Episode T: 280 Reward: 368.427 Cost: 4.000
arrive destination: True ,out of road:False   Total T: 809169 Episode Num: 2665 Episode T: 289 Reward: 336.254 Cost: 25.000
arrive destination: True ,out of road:False   Total T: 809473 Episode Num: 2666 Episode T: 304 Reward: 371.195 Cost: 16.000
arrive destination: True ,out of road:False   Total T: 809682 Episode Num: 2667 Episode T: 209 Reward: 284.396 Cost: 0.000
arrive destination: True ,out of road:False   Total T: 809936 Episode Num: 2668 Episode T: 254 Reward: 284.725 Cost: 16.000
---------------------------------------
Evaluation over 20 episodes: 0.950 Cost 13.850.             SafeRL used : use_recovery
---------------------------------------
[34;1m
Time: 2026-06-30 06:11:26, Time spent from previous logger: 189.266 s[0m
[34;1mCustomLogger with fileds: ['total_steps', 'EpRet', 'EpCost', 'CostRate'][0m
[34;1mfieldvalues: [810000, 0.95, 13.85, 0.058032170410086924]
[0m
arrive destination: True ,out of road:False   Total T: 810207 Episode Num: 2669 Episode T: 271 Reward: 283.636 Cost: 0.000
arrive destination: True ,out of road:False   Total T: 810416 Episode Num: 2670 Episode T: 209 Reward: 247.630 Cost: 0.000
arrive destination: True ,out of road:False   Total T: 810686 Episode Num: 2671 Episode T: 270 Reward: 260.004 Cost: 9.000
arrive destination: True ,out of road:False   Total T: 810893 Episode Num: 2672 Episode T: 207 Reward: 246.499 Cost: 0.000
arrive destination: True ,out of road:False   Total T: 811131 Episode Num: 2673 Episode T: 238 Reward: 275.425 Cost: 0.000
arrive destination: True ,out of road:True   Total T: 811361 Episode Num: 2674 Episode T: 230 Reward: 311.947 Cost: 11.000
arrive destination: True ,out of road:False   Total T: 811574 Episode Num: 2675 Episode T: 213 Reward: 246.814 Cost: 0.000
arrive destination: True ,out of road:False   Total T: 811934 Episode Num: 2676 Episode T: 360 Reward: 374.402 Cost: 38.000
arrive destination: True ,out of road:False   Total T: 812211 Episode Num: 2677 Episode T: 277 Reward: 232.210 Cost: 11.000
arrive destination: True ,out of road:False   Total T: 812549 Episode Num: 2678 Episode T: 338 Reward: 366.845 Cost: 28.000
arrive destination: True ,out of road:False   Total T: 812758 Episode Num: 2679 Episode T: 209 Reward: 245.981 Cost: 0.000
arrive destination: True ,out of road:False   Total T: 812963 Episode Num: 2680 Episode T: 205 Reward: 283.749 Cost: 0.000
arrive destination: True ,out of road:False   Total T: 813369 Episode Num: 2681 Episode T: 406 Reward: 498.988 Cost: 23.000
arrive destination: True ,out of road:False   Total T: 813576 Episode Num: 2682 Episode T: 207 Reward: 244.239 Cost: 0.000
arrive destination: True ,out of road:False   Total T: 813878 Episode Num: 2683 Episode T: 302 Reward: 398.152 Cost: 12.000
arrive destination: False ,out of road:True   Total T: 814140 Episode Num: 2684 Episode T: 262 Reward: 257.652 Cost: 25.000
arrive destination: True ,out of road:False   Total T: 814323 Episode Num: 2685 Episode T: 183 Reward: 269.883 Cost: 2.000
arrive destination: True ,out of road:False   Total T: 814695 Episode Num: 2686 Episode T: 372 Reward: 400.991 Cost: 0.000
arrive destination: False ,out of road:True   Total T: 814963 Episode Num: 2687 Episode T: 268 Reward: 268.920 Cost: 20.000
arrive destination: True ,out of road:False   Total T: 815309 Episode Num: 2688 Episode T: 346 Reward: 374.623 Cost: 33.000
arrive destination: True ,out of road:False   Total T: 815586 Episode Num: 2689 Episode T: 277 Reward: 355.194 Cost: 7.000
arrive destination: True ,out of road:False   Total T: 816002 Episode Num: 2690 Episode T: 416 Reward: 378.084 Cost: 48.000
arrive destination: True ,out of road:False   Total T: 816261 Episode Num: 2691 Episode T: 259 Reward: 265.748 Cost: 25.000
arrive destination: True ,out of road:False   Total T: 816672 Episode Num: 2692 Episode T: 411 Reward: 496.128 Cost: 38.000
arrive destination: True ,out of road:False   Total T: 817107 Episode Num: 2693 Episode T: 435 Reward: 371.473 Cost: 36.000
arrive destination: True ,out of road:False   Total T: 817426 Episode Num: 2694 Episode T: 319 Reward: 364.330 Cost: 21.000
arrive destination: True ,out of road:False   Total T: 817695 Episode Num: 2695 Episode T: 269 Reward: 266.022 Cost: 17.000
arrive destination: True ,out of road:False   Total T: 818088 Episode Num: 2696 Episode T: 393 Reward: 502.093 Cost: 12.000
arrive destination: True ,out of road:False   Total T: 818408 Episode Num: 2697 Episode T: 320 Reward: 408.126 Cost: 16.000
arrive destination: True ,out of road:False   Total T: 818733 Episode Num: 2698 Episode T: 325 Reward: 362.529 Cost: 31.000
arrive destination: True ,out of road:False   Total T: 818979 Episode Num: 2699 Episode T: 246 Reward: 231.833 Cost: 27.000
arrive destination: False ,out of road:True   Total T: 819111 Episode Num: 2700 Episode T: 132 Reward: 145.294 Cost: 1.000
arrive destination: True ,out of road:False   Total T: 819395 Episode Num: 2701 Episode T: 284 Reward: 336.293 Cost: 20.000
arrive destination: True ,out of road:False   Total T: 819763 Episode Num: 2702 Episode T: 368 Reward: 402.923 Cost: 0.000
---------------------------------------
Evaluation over 20 episodes: 0.600 Cost 10.500.             SafeRL used : use_recovery
---------------------------------------
[34;1m
Time: 2026-06-30 06:14:31, Time spent from previous logger: 184.892 s[0m
[34;1mCustomLogger with fileds: ['total_steps', 'EpRet', 'EpCost', 'CostRate'][0m
[34;1mfieldvalues: [820000, 0.6, 10.5, 0.05799031462233491]
[0m
arrive destination: True ,out of road:False   Total T: 820256 Episode Num: 2703 Episode T: 493 Reward: 508.999 Cost: 50.000
arrive destination: True ,out of road:False   Total T: 820610 Episode Num: 2704 Episode T: 354 Reward: 373.833 Cost: 34.000
arrive destination: True ,out of road:False   Total T: 820955 Episode Num: 2705 Episode T: 345 Reward: 385.028 Cost: 29.000
arrive destination: True ,out of road:False   Total T: 821165 Episode Num: 2706 Episode T: 210 Reward: 284.416 Cost: 0.000
arrive destination: True ,out of road:False   Total T: 821486 Episode Num: 2707 Episode T: 321 Reward: 414.103 Cost: 16.000
arrive destination: True ,out of road:False   Total T: 821858 Episode Num: 2708 Episode T: 372 Reward: 371.714 Cost: 67.000
arrive destination: True ,out of road:False   Total T: 822094 Episode Num: 2709 Episode T: 236 Reward: 294.709 Cost: 32.000
arrive destination: True ,out of road:False   Total T: 822336 Episode Num: 2710 Episode T: 242 Reward: 269.164 Cost: 8.000
arrive destination: False ,out of road:True   Total T: 822535 Episode Num: 2711 Episode T: 199 Reward: 201.096 Cost: 17.000
arrive destination: True ,out of road:False   Total T: 822917 Episode Num: 2712 Episode T: 382 Reward: 407.385 Cost: 0.000
arrive destination: False ,out of road:True   Total T: 823089 Episode Num: 2713 Episode T: 172 Reward: 199.834 Cost: 10.000
arrive destination: True ,out of road:False   Total T: 823388 Episode Num: 2714 Episode T: 299 Reward: 374.441 Cost: 27.000
arrive destination: True ,out of road:False   Total T: 823640 Episode Num: 2715 Episode T: 252 Reward: 294.572 Cost: 22.000
arrive destination: True ,out of road:False   Total T: 823844 Episode Num: 2716 Episode T: 204 Reward: 243.666 Cost: 0.000
arrive destination: True ,out of road:False   Total T: 824221 Episode Num: 2717 Episode T: 377 Reward: 404.529 Cost: 0.000
arrive destination: True ,out of road:False   Total T: 824497 Episode Num: 2718 Episode T: 276 Reward: 356.038 Cost: 5.000
arrive destination: True ,out of road:False   Total T: 824877 Episode Num: 2719 Episode T: 380 Reward: 410.580 Cost: 37.000
arrive destination: True ,out of road:False   Total T: 825290 Episode Num: 2720 Episode T: 413 Reward: 469.989 Cost: 26.000
arrive destination: False ,out of road:True   Total T: 825645 Episode Num: 2721 Episode T: 355 Reward: 425.542 Cost: 24.000
arrive destination: True ,out of road:False   Total T: 825927 Episode Num: 2722 Episode T: 282 Reward: 294.565 Cost: 13.000
arrive destination: True ,out of road:False   Total T: 826270 Episode Num: 2723 Episode T: 343 Reward: 399.308 Cost: 14.000
arrive destination: True ,out of road:False   Total T: 826638 Episode Num: 2724 Episode T: 368 Reward: 377.970 Cost: 30.000
arrive destination: True ,out of road:False   Total T: 826842 Episode Num: 2725 Episode T: 204 Reward: 242.447 Cost: 0.000
arrive destination: True ,out of road:False   Total T: 827174 Episode Num: 2726 Episode T: 332 Reward: 335.574 Cost: 20.000
arrive destination: True ,out of road:False   Total T: 827579 Episode Num: 2727 Episode T: 405 Reward: 499.932 Cost: 41.000
arrive destination: False ,out of road:True   Total T: 827876 Episode Num: 2728 Episode T: 297 Reward: 360.327 Cost: 10.000
arrive destination: False ,out of road:True   Total T: 828080 Episode Num: 2729 Episode T: 204 Reward: 223.292 Cost: 7.000
arrive destination: False ,out of road:True   Total T: 828117 Episode Num: 2730 Episode T: 37 Reward: 3.924 Cost: 1.000
arrive destination: False ,out of road:True   Total T: 828231 Episode Num: 2731 Episode T: 114 Reward: 100.772 Cost: 4.000
arrive destination: True ,out of road:False   Total T: 828450 Episode Num: 2732 Episode T: 219 Reward: 283.985 Cost: 0.000
arrive destination: True ,out of road:False   Total T: 828668 Episode Num: 2733 Episode T: 218 Reward: 231.479 Cost: 15.000
arrive destination: True ,out of road:False   Total T: 829039 Episode Num: 2734 Episode T: 371 Reward: 410.132 Cost: 22.000
arrive destination: True ,out of road:False   Total T: 829221 Episode Num: 2735 Episode T: 182 Reward: 269.706 Cost: 0.000
arrive destination: True ,out of road:False   Total T: 829553 Episode Num: 2736 Episode T: 332 Reward: 335.874 Cost: 35.000
arrive destination: True ,out of road:False   Total T: 829772 Episode Num: 2737 Episode T: 219 Reward: 295.822 Cost: 11.000
arrive destination: True ,out of road:False   Total T: 829982 Episode Num: 2738 Episode T: 210 Reward: 283.496 Cost: 0.000
---------------------------------------
Evaluation over 20 episodes: 0.900 Cost 13.800.             SafeRL used : use_recovery
---------------------------------------
[34;1m
Time: 2026-06-30 06:17:38, Time spent from previous logger: 187.356 s[0m
[34;1mCustomLogger with fileds: ['total_steps', 'EpRet', 'EpCost', 'CostRate'][0m
[34;1mfieldvalues: [830000, 0.9, 13.8, 0.058004889162517066]
[0m
arrive destination: True ,out of road:False   Total T: 830417 Episode Num: 2739 Episode T: 435 Reward: 477.664 Cost: 16.000
arrive destination: True ,out of road:False   Total T: 830793 Episode Num: 2740 Episode T: 376 Reward: 404.983 Cost: 0.000
arrive destination: True ,out of road:False   Total T: 831399 Episode Num: 2741 Episode T: 606 Reward: 498.160 Cost: 66.000
arrive destination: True ,out of road:False   Total T: 831665 Episode Num: 2742 Episode T: 266 Reward: 265.394 Cost: 10.000
arrive destination: True ,out of road:False   Total T: 831911 Episode Num: 2743 Episode T: 246 Reward: 294.436 Cost: 16.000
arrive destination: True ,out of road:False   Total T: 832159 Episode Num: 2744 Episode T: 248 Reward: 232.350 Cost: 5.000
arrive destination: True ,out of road:False   Total T: 832492 Episode Num: 2745 Episode T: 333 Reward: 363.804 Cost: 18.000
arrive destination: True ,out of road:False   Total T: 832739 Episode Num: 2746 Episode T: 247 Reward: 232.870 Cost: 7.000
arrive destination: True ,out of road:False   Total T: 833014 Episode Num: 2747 Episode T: 275 Reward: 354.959 Cost: 11.000
arrive destination: True ,out of road:False   Total T: 833256 Episode Num: 2748 Episode T: 242 Reward: 274.232 Cost: 0.000
arrive destination: True ,out of road:False   Total T: 833643 Episode Num: 2749 Episode T: 387 Reward: 503.070 Cost: 8.000
arrive destination: True ,out of road:False   Total T: 833827 Episode Num: 2750 Episode T: 184 Reward: 269.279 Cost: 2.000
arrive destination: True ,out of road:False   Total T: 834158 Episode Num: 2751 Episode T: 331 Reward: 365.555 Cost: 21.000
arrive destination: True ,out of road:False   Total T: 834415 Episode Num: 2752 Episode T: 257 Reward: 354.764 Cost: 0.000
arrive destination: False ,out of road:True   Total T: 834613 Episode Num: 2753 Episode T: 198 Reward: 223.089 Cost: 10.000
arrive destination: True ,out of road:False   Total T: 835049 Episode Num: 2754 Episode T: 436 Reward: 500.707 Cost: 53.000
arrive destination: True ,out of road:False   Total T: 835452 Episode Num: 2755 Episode T: 403 Reward: 473.081 Cost: 37.000
arrive destination: True ,out of road:False   Total T: 835828 Episode Num: 2756 Episode T: 376 Reward: 369.814 Cost: 40.000
arrive destination: True ,out of road:False   Total T: 836162 Episode Num: 2757 Episode T: 334 Reward: 336.002 Cost: 27.000
arrive destination: False ,out of road:True   Total T: 836197 Episode Num: 2758 Episode T: 35 Reward: 4.190 Cost: 1.000
arrive destination: True ,out of road:False   Total T: 836676 Episode Num: 2759 Episode T: 479 Reward: 513.588 Cost: 43.000
arrive destination: True ,out of road:False   Total T: 836861 Episode Num: 2760 Episode T: 185 Reward: 269.117 Cost: 0.000
arrive destination: True ,out of road:False   Total T: 837243 Episode Num: 2761 Episode T: 382 Reward: 490.078 Cost: 13.000
arrive destination: True ,out of road:False   Total T: 837576 Episode Num: 2762 Episode T: 333 Reward: 304.219 Cost: 17.000
arrive destination: True ,out of road:False   Total T: 837814 Episode Num: 2763 Episode T: 238 Reward: 274.963 Cost: 12.000
arrive destination: False ,out of road:True   Total T: 838012 Episode Num: 2764 Episode T: 198 Reward: 167.019 Cost: 25.000
arrive destination: True ,out of road:False   Total T: 838396 Episode Num: 2765 Episode T: 384 Reward: 405.487 Cost: 0.000
arrive destination: True ,out of road:False   Total T: 838606 Episode Num: 2766 Episode T: 210 Reward: 248.816 Cost: 0.000
arrive destination: True ,out of road:False   Total T: 838864 Episode Num: 2767 Episode T: 258 Reward: 265.379 Cost: 26.000
arrive destination: False ,out of road:True   Total T: 839080 Episode Num: 2768 Episode T: 216 Reward: 240.206 Cost: 12.000
arrive destination: True ,out of road:False   Total T: 839331 Episode Num: 2769 Episode T: 251 Reward: 273.872 Cost: 24.000
arrive destination: False ,out of road:True   Total T: 839471 Episode Num: 2770 Episode T: 140 Reward: 125.521 Cost: 6.000
arrive destination: True ,out of road:False   Total T: 839727 Episode Num: 2771 Episode T: 256 Reward: 265.983 Cost: 9.000
arrive destination: False ,out of road:True   Total T: 839771 Episode Num: 2772 Episode T: 44 Reward: 11.053 Cost: 1.000
---------------------------------------
Evaluation over 20 episodes: 0.900 Cost 16.350.             SafeRL used : use_recovery
---------------------------------------
[34;1m
Time: 2026-06-30 06:20:49, Time spent from previous logger: 190.050 s[0m
[34;1mCustomLogger with fileds: ['total_steps', 'EpRet', 'EpCost', 'CostRate'][0m
[34;1mfieldvalues: [840000, 0.9, 16.35, 0.05796078328664677]
[0m
arrive destination: True ,out of road:False   Total T: 840407 Episode Num: 2773 Episode T: 636 Reward: 777.150 Cost: 31.000
arrive destination: True ,out of road:False   Total T: 840696 Episode Num: 2774 Episode T: 289 Reward: 376.096 Cost: 18.000
arrive destination: True ,out of road:False   Total T: 841058 Episode Num: 2775 Episode T: 362 Reward: 374.328 Cost: 50.000
arrive destination: True ,out of road:False   Total T: 841308 Episode Num: 2776 Episode T: 250 Reward: 295.305 Cost: 26.000
arrive destination: True ,out of road:False   Total T: 841662 Episode Num: 2777 Episode T: 354 Reward: 372.515 Cost: 39.000
arrive destination: True ,out of road:False   Total T: 842044 Episode Num: 2778 Episode T: 382 Reward: 406.754 Cost: 20.000
arrive destination: True ,out of road:False   Total T: 842292 Episode Num: 2779 Episode T: 248 Reward: 271.606 Cost: 0.000
arrive destination: True ,out of road:False   Total T: 842627 Episode Num: 2780 Episode T: 335 Reward: 418.802 Cost: 12.000
arrive destination: True ,out of road:False   Total T: 842851 Episode Num: 2781 Episode T: 224 Reward: 283.608 Cost: 0.000
arrive destination: False ,out of road:True   Total T: 843168 Episode Num: 2782 Episode T: 317 Reward: 256.874 Cost: 36.000
arrive destination: True ,out of road:False   Total T: 843450 Episode Num: 2783 Episode T: 282 Reward: 353.635 Cost: 10.000
arrive destination: True ,out of road:False   Total T: 843805 Episode Num: 2784 Episode T: 355 Reward: 375.720 Cost: 45.000
arrive destination: True ,out of road:False   Total T: 844187 Episode Num: 2785 Episode T: 382 Reward: 402.582 Cost: 0.000
arrive destination: True ,out of road:False   Total T: 844423 Episode Num: 2786 Episode T: 236 Reward: 335.624 Cost: 5.000
arrive destination: True ,out of road:False   Total T: 844682 Episode Num: 2787 Episode T: 259 Reward: 277.556 Cost: 6.000
arrive destination: True ,out of road:False   Total T: 844867 Episode Num: 2788 Episode T: 185 Reward: 232.915 Cost: 11.000
arrive destination: True ,out of road:False   Total T: 845113 Episode Num: 2789 Episode T: 246 Reward: 241.116 Cost: 31.000
arrive destination: False ,out of road:True   Total T: 845297 Episode Num: 2790 Episode T: 184 Reward: 220.266 Cost: 6.000
arrive destination: False ,out of road:True   Total T: 845494 Episode Num: 2791 Episode T: 197 Reward: 218.895 Cost: 9.000
arrive destination: True ,out of road:False   Total T: 845860 Episode Num: 2792 Episode T: 366 Reward: 377.223 Cost: 30.000
arrive destination: True ,out of road:False   Total T: 846147 Episode Num: 2793 Episode T: 287 Reward: 268.051 Cost: 25.000
arrive destination: True ,out of road:False   Total T: 846541 Episode Num: 2794 Episode T: 394 Reward: 465.885 Cost: 30.000
arrive destination: False ,out of road:True   Total T: 846606 Episode Num: 2795 Episode T: 65 Reward: 36.207 Cost: 1.000
arrive destination: False ,out of road:True   Total T: 846711 Episode Num: 2796 Episode T: 105 Reward: 84.622 Cost: 2.000
arrive destination: True ,out of road:False   Total T: 846980 Episode Num: 2797 Episode T: 269 Reward: 357.540 Cost: 0.000
arrive destination: True ,out of road:False   Total T: 847358 Episode Num: 2798 Episode T: 378 Reward: 406.362 Cost: 0.000
arrive destination: True ,out of road:False   Total T: 847570 Episode Num: 2799 Episode T: 212 Reward: 246.628 Cost: 0.000
arrive destination: True ,out of road:False   Total T: 847750 Episode Num: 2800 Episode T: 180 Reward: 270.066 Cost: 4.000
arrive destination: True ,out of road:False   Total T: 847961 Episode Num: 2801 Episode T: 211 Reward: 284.871 Cost: 0.000
arrive destination: True ,out of road:False   Total T: 848396 Episode Num: 2802 Episode T: 435 Reward: 472.464 Cost: 24.000
arrive destination: True ,out of road:False   Total T: 848607 Episode Num: 2803 Episode T: 211 Reward: 245.792 Cost: 0.000
arrive destination: False ,out of road:True   Total T: 848780 Episode Num: 2804 Episode T: 173 Reward: 205.538 Cost: 1.000
arrive destination: True ,out of road:False   Total T: 849038 Episode Num: 2805 Episode T: 258 Reward: 265.539 Cost: 18.000
arrive destination: False ,out of road:True   Total T: 849305 Episode Num: 2806 Episode T: 267 Reward: 336.492 Cost: 7.000
arrive destination: True ,out of road:False   Total T: 849625 Episode Num: 2807 Episode T: 320 Reward: 399.937 Cost: 17.000
arrive destination: True ,out of road:False   Total T: 849968 Episode Num: 2808 Episode T: 343 Reward: 491.111 Cost: 16.000
---------------------------------------
Evaluation over 20 episodes: 0.900 Cost 12.650.             SafeRL used : use_recovery
---------------------------------------
[34;1m
Time: 2026-06-30 06:23:53, Time spent from previous logger: 184.836 s[0m
[34;1mCustomLogger with fileds: ['total_steps', 'EpRet', 'EpCost', 'CostRate'][0m
[34;1mfieldvalues: [850000, 0.9, 12.65, 0.0578941857578656]
[0m
arrive destination: True ,out of road:False   Total T: 850353 Episode Num: 2809 Episode T: 385 Reward: 426.619 Cost: 19.000
arrive destination: True ,out of road:False   Total T: 850604 Episode Num: 2810 Episode T: 251 Reward: 272.420 Cost: 7.000
arrive destination: True ,out of road:False   Total T: 851134 Episode Num: 2811 Episode T: 530 Reward: 497.306 Cost: 44.000
arrive destination: False ,out of road:True   Total T: 851181 Episode Num: 2812 Episode T: 47 Reward: 9.065 Cost: 1.000
arrive destination: False ,out of road:True   Total T: 851506 Episode Num: 2813 Episode T: 325 Reward: 321.203 Cost: 39.000
arrive destination: True ,out of road:False   Total T: 851773 Episode Num: 2814 Episode T: 267 Reward: 276.448 Cost: 14.000
arrive destination: True ,out of road:False   Total T: 851986 Episode Num: 2815 Episode T: 213 Reward: 284.789 Cost: 1.000
arrive destination: True ,out of road:False   Total T: 852222 Episode Num: 2816 Episode T: 236 Reward: 273.112 Cost: 0.000
arrive destination: False ,out of road:True   Total T: 852353 Episode Num: 2817 Episode T: 131 Reward: 140.221 Cost: 1.000
arrive destination: True ,out of road:False   Total T: 852600 Episode Num: 2818 Episode T: 247 Reward: 294.579 Cost: 2.000
arrive destination: True ,out of road:False   Total T: 852833 Episode Num: 2819 Episode T: 233 Reward: 295.413 Cost: 5.000
arrive destination: False ,out of road:True   Total T: 852896 Episode Num: 2820 Episode T: 63 Reward: 34.127 Cost: 1.000
arrive destination: True ,out of road:False   Total T: 853145 Episode Num: 2821 Episode T: 249 Reward: 297.198 Cost: 7.000
arrive destination: True ,out of road:False   Total T: 853400 Episode Num: 2822 Episode T: 255 Reward: 265.603 Cost: 36.000
arrive destination: True ,out of road:False   Total T: 853781 Episode Num: 2823 Episode T: 381 Reward: 403.883 Cost: 0.000
arrive destination: True ,out of road:False   Total T: 854140 Episode Num: 2824 Episode T: 359 Reward: 365.950 Cost: 22.000
arrive destination: True ,out of road:False   Total T: 854496 Episode Num: 2825 Episode T: 356 Reward: 421.132 Cost: 29.000
arrive destination: True ,out of road:False   Total T: 854721 Episode Num: 2826 Episode T: 225 Reward: 275.754 Cost: 8.000
arrive destination: True ,out of road:False   Total T: 855098 Episode Num: 2827 Episode T: 377 Reward: 505.606 Cost: 18.000
arrive destination: True ,out of road:False   Total T: 855487 Episode Num: 2828 Episode T: 389 Reward: 418.329 Cost: 70.000
arrive destination: False ,out of road:True   Total T: 855788 Episode Num: 2829 Episode T: 301 Reward: 254.866 Cost: 32.000
arrive destination: True ,out of road:False   Total T: 856148 Episode Num: 2830 Episode T: 360 Reward: 379.166 Cost: 29.000
arrive destination: True ,out of road:False   Total T: 856407 Episode Num: 2831 Episode T: 259 Reward: 264.892 Cost: 25.000
arrive destination: True ,out of road:False   Total T: 856668 Episode Num: 2832 Episode T: 261 Reward: 262.249 Cost: 34.000
arrive destination: True ,out of road:False   Total T: 857006 Episode Num: 2833 Episode T: 338 Reward: 376.560 Cost: 13.000
arrive destination: False ,out of road:True   Total T: 857221 Episode Num: 2834 Episode T: 215 Reward: 221.013 Cost: 10.000
arrive destination: True ,out of road:False   Total T: 857577 Episode Num: 2835 Episode T: 356 Reward: 376.570 Cost: 37.000
arrive destination: False ,out of road:True   Total T: 857837 Episode Num: 2836 Episode T: 260 Reward: 258.168 Cost: 15.000
arrive destination: True ,out of road:False   Total T: 858035 Episode Num: 2837 Episode T: 198 Reward: 231.669 Cost: 9.000
arrive destination: True ,out of road:False   Total T: 858250 Episode Num: 2838 Episode T: 215 Reward: 285.543 Cost: 3.000
arrive destination: True ,out of road:False   Total T: 858456 Episode Num: 2839 Episode T: 206 Reward: 244.774 Cost: 0.000
arrive destination: False ,out of road:True   Total T: 858659 Episode Num: 2840 Episode T: 203 Reward: 224.597 Cost: 8.000
arrive destination: True ,out of road:False   Total T: 858864 Episode Num: 2841 Episode T: 205 Reward: 245.712 Cost: 0.000
arrive destination: True ,out of road:False   Total T: 859282 Episode Num: 2842 Episode T: 418 Reward: 470.504 Cost: 37.000
arrive destination: True ,out of road:False   Total T: 859664 Episode Num: 2843 Episode T: 382 Reward: 507.508 Cost: 27.000
arrive destination: True ,out of road:False   Total T: 859901 Episode Num: 2844 Episode T: 237 Reward: 275.016 Cost: 8.000
---------------------------------------
Evaluation over 20 episodes: 0.850 Cost 9.350.             SafeRL used : use_recovery
---------------------------------------
[34;1m
Time: 2026-06-30 06:27:01, Time spent from previous logger: 187.133 s[0m
[34;1mCustomLogger with fileds: ['total_steps', 'EpRet', 'EpCost', 'CostRate'][0m
[34;1mfieldvalues: [860000, 0.85, 9.35, 0.057931462711003155]
[0m
arrive destination: True ,out of road:False   Total T: 860248 Episode Num: 2845 Episode T: 347 Reward: 364.618 Cost: 33.000
arrive destination: True ,out of road:False   Total T: 860607 Episode Num: 2846 Episode T: 359 Reward: 382.259 Cost: 20.000
arrive destination: False ,out of road:True   Total T: 860929 Episode Num: 2847 Episode T: 322 Reward: 330.836 Cost: 23.000
arrive destination: True ,out of road:False   Total T: 861256 Episode Num: 2848 Episode T: 327 Reward: 336.285 Cost: 40.000
arrive destination: False ,out of road:True   Total T: 861288 Episode Num: 2849 Episode T: 32 Reward: 2.796 Cost: 1.000
arrive destination: False ,out of road:True   Total T: 861322 Episode Num: 2850 Episode T: 34 Reward: 3.372 Cost: 1.000
arrive destination: True ,out of road:False   Total T: 861563 Episode Num: 2851 Episode T: 241 Reward: 232.282 Cost: 27.000
arrive destination: True ,out of road:False   Total T: 862000 Episode Num: 2852 Episode T: 437 Reward: 500.759 Cost: 34.000
arrive destination: True ,out of road:False   Total T: 862392 Episode Num: 2853 Episode T: 392 Reward: 335.513 Cost: 32.000
arrive destination: True ,out of road:False   Total T: 862709 Episode Num: 2854 Episode T: 317 Reward: 398.993 Cost: 13.000
arrive destination: True ,out of road:False   Total T: 862955 Episode Num: 2855 Episode T: 246 Reward: 231.368 Cost: 29.000
arrive destination: True ,out of road:False   Total T: 863261 Episode Num: 2856 Episode T: 306 Reward: 399.001 Cost: 26.000
arrive destination: True ,out of road:False   Total T: 863478 Episode Num: 2857 Episode T: 217 Reward: 246.982 Cost: 0.000
arrive destination: True ,out of road:False   Total T: 863695 Episode Num: 2858 Episode T: 217 Reward: 248.535 Cost: 0.000
arrive destination: True ,out of road:False   Total T: 863982 Episode Num: 2859 Episode T: 287 Reward: 399.235 Cost: 7.000
arrive destination: True ,out of road:False   Total T: 864359 Episode Num: 2860 Episode T: 377 Reward: 401.688 Cost: 0.000
arrive destination: True ,out of road:False   Total T: 864607 Episode Num: 2861 Episode T: 248 Reward: 232.405 Cost: 35.000
arrive destination: True ,out of road:False   Total T: 864886 Episode Num: 2862 Episode T: 279 Reward: 380.154 Cost: 14.000
arrive destination: True ,out of road:False   Total T: 865257 Episode Num: 2863 Episode T: 371 Reward: 410.317 Cost: 57.000
arrive destination: True ,out of road:False   Total T: 865622 Episode Num: 2864 Episode T: 365 Reward: 418.916 Cost: 24.000
arrive destination: False ,out of road:True   Total T: 865655 Episode Num: 2865 Episode T: 33 Reward: 2.990 Cost: 1.000
arrive destination: True ,out of road:False   Total T: 866030 Episode Num: 2866 Episode T: 375 Reward: 403.249 Cost: 0.000
arrive destination: True ,out of road:False   Total T: 866277 Episode Num: 2867 Episode T: 247 Reward: 231.630 Cost: 29.000
arrive destination: True ,out of road:False   Total T: 866459 Episode Num: 2868 Episode T: 182 Reward: 269.787 Cost: 6.000
arrive destination: True ,out of road:False   Total T: 866667 Episode Num: 2869 Episode T: 208 Reward: 245.994 Cost: 0.000
arrive destination: True ,out of road:False   Total T: 867061 Episode Num: 2870 Episode T: 394 Reward: 409.279 Cost: 23.000
arrive destination: True ,out of road:False   Total T: 867442 Episode Num: 2871 Episode T: 381 Reward: 499.110 Cost: 27.000
arrive destination: True ,out of road:False   Total T: 867680 Episode Num: 2872 Episode T: 238 Reward: 275.237 Cost: 3.000
arrive destination: True ,out of road:False   Total T: 867994 Episode Num: 2873 Episode T: 314 Reward: 399.622 Cost: 13.000
arrive destination: True ,out of road:False   Total T: 868371 Episode Num: 2874 Episode T: 377 Reward: 412.585 Cost: 5.000
arrive destination: True ,out of road:False   Total T: 868760 Episode Num: 2875 Episode T: 389 Reward: 496.546 Cost: 18.000
arrive destination: True ,out of road:False   Total T: 869172 Episode Num: 2876 Episode T: 412 Reward: 495.982 Cost: 25.000
arrive destination: True ,out of road:False   Total T: 869389 Episode Num: 2877 Episode T: 217 Reward: 295.468 Cost: 3.000
arrive destination: True ,out of road:False   Total T: 869637 Episode Num: 2878 Episode T: 248 Reward: 372.530 Cost: 10.000
arrive destination: True ,out of road:False   Total T: 870000 Episode Num: 2879 Episode T: 363 Reward: 490.785 Cost: 19.000
---------------------------------------
Evaluation over 20 episodes: 0.600 Cost 6.750.             SafeRL used : use_recovery
---------------------------------------
[34;1m
Time: 2026-06-30 06:30:06, Time spent from previous logger: 185.502 s[0m
[34;1mCustomLogger with fileds: ['total_steps', 'EpRet', 'EpCost', 'CostRate'][0m
[34;1mfieldvalues: [870000, 0.6, 6.75, 0.057952940175793305]
[0m
arrive destination: True ,out of road:False   Total T: 870415 Episode Num: 2880 Episode T: 415 Reward: 466.990 Cost: 41.000
arrive destination: True ,out of road:False   Total T: 870824 Episode Num: 2881 Episode T: 409 Reward: 376.575 Cost: 24.000
arrive destination: True ,out of road:False   Total T: 871202 Episode Num: 2882 Episode T: 378 Reward: 403.336 Cost: 0.000
arrive destination: False ,out of road:True   Total T: 871236 Episode Num: 2883 Episode T: 34 Reward: 3.507 Cost: 1.000
arrive destination: True ,out of road:False   Total T: 871533 Episode Num: 2884 Episode T: 297 Reward: 399.061 Cost: 9.000
arrive destination: True ,out of road:False   Total T: 871866 Episode Num: 2885 Episode T: 333 Reward: 336.095 Cost: 29.000
arrive destination: True ,out of road:False   Total T: 872160 Episode Num: 2886 Episode T: 294 Reward: 294.715 Cost: 10.000
arrive destination: True ,out of road:False   Total T: 872496 Episode Num: 2887 Episode T: 336 Reward: 398.703 Cost: 11.000
arrive destination: True ,out of road:False   Total T: 872792 Episode Num: 2888 Episode T: 296 Reward: 378.599 Cost: 17.000
arrive destination: True ,out of road:False   Total T: 873196 Episode Num: 2889 Episode T: 404 Reward: 472.341 Cost: 17.000
arrive destination: True ,out of road:False   Total T: 873459 Episode Num: 2890 Episode T: 263 Reward: 265.059 Cost: 21.000
arrive destination: True ,out of road:False   Total T: 873792 Episode Num: 2891 Episode T: 333 Reward: 336.343 Cost: 49.000
arrive destination: True ,out of road:False   Total T: 874030 Episode Num: 2892 Episode T: 238 Reward: 273.421 Cost: 8.000
arrive destination: True ,out of road:False   Total T: 874424 Episode Num: 2893 Episode T: 394 Reward: 473.752 Cost: 17.000
arrive destination: False ,out of road:True   Total T: 874602 Episode Num: 2894 Episode T: 178 Reward: 207.653 Cost: 14.000
arrive destination: True ,out of road:False   Total T: 874973 Episode Num: 2895 Episode T: 371 Reward: 404.277 Cost: 0.000
arrive destination: True ,out of road:False   Total T: 875367 Episode Num: 2896 Episode T: 394 Reward: 372.406 Cost: 43.000
arrive destination: False ,out of road:True   Total T: 875609 Episode Num: 2897 Episode T: 242 Reward: 347.371 Cost: 9.000
arrive destination: True ,out of road:False   Total T: 875942 Episode Num: 2898 Episode T: 333 Reward: 335.971 Cost: 24.000
arrive destination: True ,out of road:False   Total T: 876201 Episode Num: 2899 Episode T: 259 Reward: 294.705 Cost: 24.000
arrive destination: True ,out of road:False   Total T: 876621 Episode Num: 2900 Episode T: 420 Reward: 509.220 Cost: 36.000
arrive destination: True ,out of road:False   Total T: 876894 Episode Num: 2901 Episode T: 273 Reward: 265.954 Cost: 17.000
arrive destination: True ,out of road:False   Total T: 877170 Episode Num: 2902 Episode T: 276 Reward: 352.040 Cost: 4.000
arrive destination: True ,out of road:False   Total T: 877552 Episode Num: 2903 Episode T: 382 Reward: 405.861 Cost: 0.000
arrive destination: True ,out of road:False   Total T: 877726 Episode Num: 2904 Episode T: 174 Reward: 269.258 Cost: 1.000
arrive destination: True ,out of road:False   Total T: 878157 Episode Num: 2905 Episode T: 431 Reward: 499.951 Cost: 44.000
arrive destination: True ,out of road:False   Total T: 878504 Episode Num: 2906 Episode T: 347 Reward: 409.823 Cost: 35.000
arrive destination: False ,out of road:True   Total T: 878780 Episode Num: 2907 Episode T: 276 Reward: 291.724 Cost: 12.000
arrive destination: False ,out of road:True   Total T: 878933 Episode Num: 2908 Episode T: 153 Reward: 87.487 Cost: 8.000
arrive destination: True ,out of road:False   Total T: 879146 Episode Num: 2909 Episode T: 213 Reward: 285.736 Cost: 0.000
arrive destination: True ,out of road:False   Total T: 879463 Episode Num: 2910 Episode T: 317 Reward: 363.943 Cost: 22.000
arrive destination: True ,out of road:False   Total T: 879698 Episode Num: 2911 Episode T: 235 Reward: 274.436 Cost: 0.000
arrive destination: True ,out of road:False   Total T: 879954 Episode Num: 2912 Episode T: 256 Reward: 274.553 Cost: 27.000
---------------------------------------
Evaluation over 20 episodes: 0.750 Cost 9.750.             SafeRL used : use_recovery
---------------------------------------
[34;1m
Time: 2026-06-30 06:33:16, Time spent from previous logger: 189.962 s[0m
[34;1mCustomLogger with fileds: ['total_steps', 'EpRet', 'EpCost', 'CostRate'][0m
[34;1mfieldvalues: [880000, 0.75, 9.75, 0.057946656757564496]
[0m
arrive destination: True ,out of road:False   Total T: 880230 Episode Num: 2913 Episode T: 276 Reward: 302.673 Cost: 4.000
arrive destination: True ,out of road:False   Total T: 880444 Episode Num: 2914 Episode T: 214 Reward: 284.716 Cost: 0.000
arrive destination: True ,out of road:False   Total T: 880723 Episode Num: 2915 Episode T: 279 Reward: 360.261 Cost: 3.000
arrive destination: True ,out of road:False   Total T: 881085 Episode Num: 2916 Episode T: 362 Reward: 421.077 Cost: 29.000
arrive destination: True ,out of road:False   Total T: 881502 Episode Num: 2917 Episode T: 417 Reward: 407.766 Cost: 30.000
arrive destination: True ,out of road:False   Total T: 881730 Episode Num: 2918 Episode T: 228 Reward: 273.829 Cost: 0.000
arrive destination: True ,out of road:False   Total T: 882149 Episode Num: 2919 Episode T: 419 Reward: 510.287 Cost: 21.000
arrive destination: False ,out of road:True   Total T: 882404 Episode Num: 2920 Episode T: 255 Reward: 324.596 Cost: 15.000
arrive destination: True ,out of road:False   Total T: 882589 Episode Num: 2921 Episode T: 185 Reward: 269.553 Cost: 1.000
arrive destination: True ,out of road:False   Total T: 882809 Episode Num: 2922 Episode T: 220 Reward: 295.559 Cost: 12.000
arrive destination: True ,out of road:False   Total T: 883039 Episode Num: 2923 Episode T: 230 Reward: 335.139 Cost: 10.000
arrive destination: True ,out of road:False   Total T: 883416 Episode Num: 2924 Episode T: 377 Reward: 404.557 Cost: 0.000
arrive destination: True ,out of road:False   Total T: 883632 Episode Num: 2925 Episode T: 216 Reward: 283.935 Cost: 0.000
arrive destination: True ,out of road:False   Total T: 883824 Episode Num: 2926 Episode T: 192 Reward: 269.120 Cost: 3.000
arrive destination: True ,out of road:False   Total T: 884121 Episode Num: 2927 Episode T: 297 Reward: 399.095 Cost: 7.000
arrive destination: False ,out of road:True   Total T: 884278 Episode Num: 2928 Episode T: 157 Reward: 203.044 Cost: 1.000
arrive destination: True ,out of road:False   Total T: 884511 Episode Num: 2929 Episode T: 233 Reward: 288.207 Cost: 0.000
arrive destination: True ,out of road:False   Total T: 884765 Episode Num: 2930 Episode T: 254 Reward: 335.423 Cost: 11.000
arrive destination: False ,out of road:True   Total T: 884979 Episode Num: 2931 Episode T: 214 Reward: 222.786 Cost: 14.000
arrive destination: True ,out of road:False   Total T: 885198 Episode Num: 2932 Episode T: 219 Reward: 305.714 Cost: 16.000
arrive destination: True ,out of road:False   Total T: 885452 Episode Num: 2933 Episode T: 254 Reward: 294.140 Cost: 18.000
arrive destination: True ,out of road:False   Total T: 885694 Episode Num: 2934 Episode T: 242 Reward: 294.727 Cost: 5.000
arrive destination: True ,out of road:False   Total T: 885933 Episode Num: 2935 Episode T: 239 Reward: 276.345 Cost: 0.000
arrive destination: True ,out of road:False   Total T: 886332 Episode Num: 2936 Episode T: 399 Reward: 481.299 Cost: 23.000
arrive destination: True ,out of road:False   Total T: 886568 Episode Num: 2937 Episode T: 236 Reward: 305.110 Cost: 9.000
arrive destination: False ,out of road:True   Total T: 886776 Episode Num: 2938 Episode T: 208 Reward: 219.245 Cost: 7.000
arrive destination: True ,out of road:False   Total T: 886991 Episode Num: 2939 Episode T: 215 Reward: 251.970 Cost: 0.000
arrive destination: True ,out of road:False   Total T: 887184 Episode Num: 2940 Episode T: 193 Reward: 269.433 Cost: 1.000
arrive destination: True ,out of road:False   Total T: 887412 Episode Num: 2941 Episode T: 228 Reward: 276.093 Cost: 0.000
arrive destination: True ,out of road:False   Total T: 887769 Episode Num: 2942 Episode T: 357 Reward: 411.598 Cost: 33.000
arrive destination: True ,out of road:False   Total T: 888107 Episode Num: 2943 Episode T: 338 Reward: 425.924 Cost: 40.000
arrive destination: True ,out of road:False   Total T: 888306 Episode Num: 2944 Episode T: 199 Reward: 232.207 Cost: 11.000
arrive destination: True ,out of road:False   Total T: 888568 Episode Num: 2945 Episode T: 262 Reward: 294.618 Cost: 8.000
arrive destination: False ,out of road:True   Total T: 888756 Episode Num: 2946 Episode T: 188 Reward: 218.790 Cost: 5.000
arrive destination: False ,out of road:True   Total T: 889005 Episode Num: 2947 Episode T: 249 Reward: 350.660 Cost: 11.000
arrive destination: True ,out of road:False   Total T: 889259 Episode Num: 2948 Episode T: 254 Reward: 265.148 Cost: 8.000
arrive destination: True ,out of road:False   Total T: 889637 Episode Num: 2949 Episode T: 378 Reward: 403.622 Cost: 0.000
---------------------------------------
Evaluation over 20 episodes: 0.900 Cost 14.900.             SafeRL used : use_recovery
---------------------------------------
[34;1m
Time: 2026-06-30 06:36:23, Time spent from previous logger: 187.467 s[0m
[34;1mCustomLogger with fileds: ['total_steps', 'EpRet', 'EpCost', 'CostRate'][0m
[34;1mfieldvalues: [890000, 0.9, 14.9, 0.05774613229902505]
[0m
arrive destination: True ,out of road:False   Total T: 890348 Episode Num: 2950 Episode T: 711 Reward: 727.527 Cost: 87.000
arrive destination: True ,out of road:False   Total T: 890558 Episode Num: 2951 Episode T: 210 Reward: 246.517 Cost: 0.000
arrive destination: True ,out of road:False   Total T: 890753 Episode Num: 2952 Episode T: 195 Reward: 232.944 Cost: 12.000
arrive destination: True ,out of road:False   Total T: 890933 Episode Num: 2953 Episode T: 180 Reward: 269.866 Cost: 3.000
arrive destination: True ,out of road:False   Total T: 891308 Episode Num: 2954 Episode T: 375 Reward: 404.282 Cost: 0.000
arrive destination: True ,out of road:False   Total T: 891720 Episode Num: 2955 Episode T: 412 Reward: 419.833 Cost: 55.000
arrive destination: True ,out of road:False   Total T: 891980 Episode Num: 2956 Episode T: 260 Reward: 268.381 Cost: 29.000
arrive destination: False ,out of road:True   Total T: 892108 Episode Num: 2957 Episode T: 128 Reward: 137.727 Cost: 1.000
arrive destination: True ,out of road:False   Total T: 892519 Episode Num: 2958 Episode T: 411 Reward: 499.205 Cost: 25.000
arrive destination: True ,out of road:False   Total T: 892715 Episode Num: 2959 Episode T: 196 Reward: 269.591 Cost: 7.000
arrive destination: True ,out of road:False   Total T: 892970 Episode Num: 2960 Episode T: 255 Reward: 264.691 Cost: 9.000
arrive destination: True ,out of road:False   Total T: 893389 Episode Num: 2961 Episode T: 419 Reward: 474.512 Cost: 33.000
arrive destination: True ,out of road:False   Total T: 893781 Episode Num: 2962 Episode T: 392 Reward: 512.534 Cost: 41.000
arrive destination: True ,out of road:False   Total T: 894139 Episode Num: 2963 Episode T: 358 Reward: 411.151 Cost: 15.000
arrive destination: True ,out of road:False   Total T: 894385 Episode Num: 2964 Episode T: 246 Reward: 232.368 Cost: 23.000
arrive destination: True ,out of road:False   Total T: 894762 Episode Num: 2965 Episode T: 377 Reward: 402.543 Cost: 0.000
arrive destination: False ,out of road:True   Total T: 894862 Episode Num: 2966 Episode T: 100 Reward: 87.279 Cost: 2.000
arrive destination: True ,out of road:False   Total T: 895093 Episode Num: 2967 Episode T: 231 Reward: 270.871 Cost: 3.000
arrive destination: True ,out of road:False   Total T: 895573 Episode Num: 2968 Episode T: 480 Reward: 496.755 Cost: 48.000
arrive destination: True ,out of road:False   Total T: 895784 Episode Num: 2969 Episode T: 211 Reward: 245.565 Cost: 0.000
arrive destination: True ,out of road:False   Total T: 896199 Episode Num: 2970 Episode T: 415 Reward: 468.225 Cost: 21.000
arrive destination: True ,out of road:False   Total T: 896544 Episode Num: 2971 Episode T: 345 Reward: 374.449 Cost: 29.000
arrive destination: True ,out of road:False   Total T: 896760 Episode Num: 2972 Episode T: 216 Reward: 285.904 Cost: 0.000
arrive destination: True ,out of road:False   Total T: 897145 Episode Num: 2973 Episode T: 385 Reward: 407.722 Cost: 0.000
arrive destination: True ,out of road:False   Total T: 897492 Episode Num: 2974 Episode T: 347 Reward: 379.821 Cost: 43.000
arrive destination: True ,out of road:False   Total T: 897706 Episode Num: 2975 Episode T: 214 Reward: 246.329 Cost: 0.000
arrive destination: True ,out of road:False   Total T: 898102 Episode Num: 2976 Episode T: 396 Reward: 422.530 Cost: 50.000
arrive destination: True ,out of road:False   Total T: 898321 Episode Num: 2977 Episode T: 219 Reward: 305.459 Cost: 11.000
arrive destination: True ,out of road:False   Total T: 898535 Episode Num: 2978 Episode T: 214 Reward: 284.936 Cost: 0.000
arrive destination: False ,out of road:True   Total T: 898842 Episode Num: 2979 Episode T: 307 Reward: 257.327 Cost: 22.000
arrive destination: True ,out of road:False   Total T: 899262 Episode Num: 2980 Episode T: 420 Reward: 414.462 Cost: 31.000
arrive destination: False ,out of road:True   Total T: 899615 Episode Num: 2981 Episode T: 353 Reward: 453.851 Cost: 19.000
arrive destination: True ,out of road:False   Total T: 899872 Episode Num: 2982 Episode T: 257 Reward: 264.670 Cost: 33.000
---------------------------------------
Evaluation over 20 episodes: 0.900 Cost 16.550.             SafeRL used : use_recovery
---------------------------------------
[34;1m
Time: 2026-06-30 06:39:36, Time spent from previous logger: 192.144 s[0m
[34;1mCustomLogger with fileds: ['total_steps', 'EpRet', 'EpCost', 'CostRate'][0m
[34;1mfieldvalues: [900000, 0.9, 16.55, 0.057778953087725654]
[0m
arrive destination: True ,out of road:False   Total T: 900366 Episode Num: 2983 Episode T: 494 Reward: 513.761 Cost: 39.000
arrive destination: True ,out of road:False   Total T: 900724 Episode Num: 2984 Episode T: 358 Reward: 374.099 Cost: 45.000
arrive destination: True ,out of road:False   Total T: 900982 Episode Num: 2985 Episode T: 258 Reward: 266.021 Cost: 10.000
arrive destination: True ,out of road:False   Total T: 901359 Episode Num: 2986 Episode T: 377 Reward: 403.255 Cost: 0.000
arrive destination: True ,out of road:False   Total T: 901602 Episode Num: 2987 Episode T: 243 Reward: 274.742 Cost: 3.000
arrive destination: True ,out of road:False   Total T: 901976 Episode Num: 2988 Episode T: 374 Reward: 372.859 Cost: 57.000
arrive destination: False ,out of road:True   Total T: 902326 Episode Num: 2989 Episode T: 350 Reward: 392.859 Cost: 18.000
arrive destination: True ,out of road:False   Total T: 902750 Episode Num: 2990 Episode T: 424 Reward: 471.764 Cost: 20.000
arrive destination: True ,out of road:False   Total T: 903092 Episode Num: 2991 Episode T: 342 Reward: 398.887 Cost: 11.000
arrive destination: True ,out of road:False   Total T: 903330 Episode Num: 2992 Episode T: 238 Reward: 274.883 Cost: 0.000
arrive destination: True ,out of road:False   Total T: 903718 Episode Num: 2993 Episode T: 388 Reward: 508.811 Cost: 24.000
arrive destination: True ,out of road:False   Total T: 904153 Episode Num: 2994 Episode T: 435 Reward: 408.079 Cost: 52.000
arrive destination: True ,out of road:False   Total T: 904410 Episode Num: 2995 Episode T: 257 Reward: 273.266 Cost: 17.000
arrive destination: True ,out of road:False   Total T: 904676 Episode Num: 2996 Episode T: 266 Reward: 275.982 Cost: 9.000
arrive destination: True ,out of road:False   Total T: 904863 Episode Num: 2997 Episode T: 187 Reward: 269.254 Cost: 0.000
arrive destination: True ,out of road:False   Total T: 905241 Episode Num: 2998 Episode T: 378 Reward: 404.318 Cost: 0.000
arrive destination: False ,out of road:True   Total T: 905334 Episode Num: 2999 Episode T: 93 Reward: 77.087 Cost: 4.000
arrive destination: True ,out of road:False   Total T: 905547 Episode Num: 3000 Episode T: 213 Reward: 248.865 Cost: 0.000
arrive destination: True ,out of road:False   Total T: 905793 Episode Num: 3001 Episode T: 246 Reward: 252.408 Cost: 46.000
arrive destination: True ,out of road:False   Total T: 906186 Episode Num: 3002 Episode T: 393 Reward: 473.574 Cost: 21.000
arrive destination: False ,out of road:True   Total T: 906356 Episode Num: 3003 Episode T: 170 Reward: 177.079 Cost: 11.000
arrive destination: True ,out of road:False   Total T: 906602 Episode Num: 3004 Episode T: 246 Reward: 229.974 Cost: 29.000
arrive destination: True ,out of road:False   Total T: 906882 Episode Num: 3005 Episode T: 280 Reward: 293.818 Cost: 19.000
arrive destination: True ,out of road:False   Total T: 907223 Episode Num: 3006 Episode T: 341 Reward: 377.076 Cost: 9.000
arrive destination: True ,out of road:False   Total T: 907583 Episode Num: 3007 Episode T: 360 Reward: 374.531 Cost: 49.000
arrive destination: True ,out of road:False   Total T: 907850 Episode Num: 3008 Episode T: 267 Reward: 359.604 Cost: 4.000
arrive destination: True ,out of road:False   Total T: 908053 Episode Num: 3009 Episode T: 203 Reward: 248.982 Cost: 0.000
arrive destination: True ,out of road:False   Total T: 908325 Episode Num: 3010 Episode T: 272 Reward: 267.907 Cost: 16.000
arrive destination: True ,out of road:False   Total T: 908544 Episode Num: 3011 Episode T: 219 Reward: 230.704 Cost: 22.000
arrive destination: True ,out of road:False   Total T: 908749 Episode Num: 3012 Episode T: 205 Reward: 244.657 Cost: 0.000
arrive destination: True ,out of road:False   Total T: 908976 Episode Num: 3013 Episode T: 227 Reward: 274.287 Cost: 0.000
arrive destination: True ,out of road:False   Total T: 909234 Episode Num: 3014 Episode T: 258 Reward: 294.204 Cost: 14.000
arrive destination: True ,out of road:False   Total T: 909493 Episode Num: 3015 Episode T: 259 Reward: 273.692 Cost: 8.000
arrive destination: False ,out of road:True   Total T: 909591 Episode Num: 3016 Episode T: 98 Reward: 77.481 Cost: 5.000
arrive destination: True ,out of road:False   Total T: 909809 Episode Num: 3017 Episode T: 218 Reward: 295.764 Cost: 10.000
---------------------------------------
Evaluation over 20 episodes: 0.850 Cost 14.950.             SafeRL used : use_recovery
---------------------------------------
[34;1m
Time: 2026-06-30 06:42:49, Time spent from previous logger: 193.064 s[0m
[34;1mCustomLogger with fileds: ['total_steps', 'EpRet', 'EpCost', 'CostRate'][0m
[34;1mfieldvalues: [910000, 0.85, 14.95, 0.057772590958891167]
[0m
arrive destination: True ,out of road:False   Total T: 910186 Episode Num: 3018 Episode T: 377 Reward: 462.200 Cost: 2.000
arrive destination: True ,out of road:False   Total T: 910365 Episode Num: 3019 Episode T: 179 Reward: 269.477 Cost: 2.000
arrive destination: True ,out of road:False   Total T: 910577 Episode Num: 3020 Episode T: 212 Reward: 247.917 Cost: 0.000
arrive destination: True ,out of road:False   Total T: 910933 Episode Num: 3021 Episode T: 356 Reward: 369.503 Cost: 19.000
arrive destination: True ,out of road:False   Total T: 911206 Episode Num: 3022 Episode T: 273 Reward: 335.450 Cost: 25.000
arrive destination: True ,out of road:False   Total T: 911436 Episode Num: 3023 Episode T: 230 Reward: 273.945 Cost: 0.000
arrive destination: True ,out of road:False   Total T: 911630 Episode Num: 3024 Episode T: 194 Reward: 262.893 Cost: 16.000
arrive destination: True ,out of road:False   Total T: 911903 Episode Num: 3025 Episode T: 273 Reward: 294.485 Cost: 15.000
arrive destination: True ,out of road:False   Total T: 912132 Episode Num: 3026 Episode T: 229 Reward: 275.415 Cost: 0.000
arrive destination: True ,out of road:False   Total T: 912505 Episode Num: 3027 Episode T: 373 Reward: 432.082 Cost: 34.000
arrive destination: True ,out of road:False   Total T: 912777 Episode Num: 3028 Episode T: 272 Reward: 335.604 Cost: 11.000
arrive destination: False ,out of road:True   Total T: 912881 Episode Num: 3029 Episode T: 104 Reward: 77.240 Cost: 5.000
arrive destination: False ,out of road:True   Total T: 913236 Episode Num: 3030 Episode T: 355 Reward: 399.471 Cost: 13.000
arrive destination: True ,out of road:False   Total T: 913511 Episode Num: 3031 Episode T: 275 Reward: 294.423 Cost: 15.000
arrive destination: True ,out of road:False   Total T: 913911 Episode Num: 3032 Episode T: 400 Reward: 503.185 Cost: 15.000
arrive destination: True ,out of road:False   Total T: 914328 Episode Num: 3033 Episode T: 417 Reward: 472.843 Cost: 22.000
arrive destination: True ,out of road:False   Total T: 914593 Episode Num: 3034 Episode T: 265 Reward: 359.764 Cost: 0.000
arrive destination: False ,out of road:True   Total T: 914975 Episode Num: 3035 Episode T: 382 Reward: 489.547 Cost: 12.000
arrive destination: True ,out of road:False   Total T: 915233 Episode Num: 3036 Episode T: 258 Reward: 265.719 Cost: 13.000
arrive destination: True ,out of road:False   Total T: 915646 Episode Num: 3037 Episode T: 413 Reward: 473.913 Cost: 22.000
arrive destination: False ,out of road:True   Total T: 916098 Episode Num: 3038 Episode T: 452 Reward: 455.244 Cost: 40.000
arrive destination: True ,out of road:False   Total T: 916275 Episode Num: 3039 Episode T: 177 Reward: 268.911 Cost: 0.000
arrive destination: True ,out of road:False   Total T: 916594 Episode Num: 3040 Episode T: 319 Reward: 398.550 Cost: 27.000
arrive destination: True ,out of road:False   Total T: 916919 Episode Num: 3041 Episode T: 325 Reward: 365.894 Cost: 25.000
arrive destination: True ,out of road:False   Total T: 917212 Episode Num: 3042 Episode T: 293 Reward: 375.353 Cost: 25.000
arrive destination: True ,out of road:False   Total T: 917391 Episode Num: 3043 Episode T: 179 Reward: 269.401 Cost: 0.000
arrive destination: True ,out of road:False   Total T: 917723 Episode Num: 3044 Episode T: 332 Reward: 366.566 Cost: 42.000
arrive destination: True ,out of road:False   Total T: 918152 Episode Num: 3045 Episode T: 429 Reward: 475.345 Cost: 13.000
arrive destination: False ,out of road:True   Total T: 918343 Episode Num: 3046 Episode T: 191 Reward: 220.063 Cost: 5.000
arrive destination: True ,out of road:False   Total T: 918552 Episode Num: 3047 Episode T: 209 Reward: 246.319 Cost: 0.000
arrive destination: True ,out of road:False   Total T: 918787 Episode Num: 3048 Episode T: 235 Reward: 274.094 Cost: 0.000
arrive destination: True ,out of road:False   Total T: 919171 Episode Num: 3049 Episode T: 384 Reward: 404.622 Cost: 0.000
arrive destination: True ,out of road:False   Total T: 919508 Episode Num: 3050 Episode T: 337 Reward: 417.180 Cost: 27.000
arrive destination: False ,out of road:True   Total T: 919625 Episode Num: 3051 Episode T: 117 Reward: 100.505 Cost: 10.000
arrive destination: True ,out of road:False   Total T: 919975 Episode Num: 3052 Episode T: 350 Reward: 375.084 Cost: 32.000
---------------------------------------
Evaluation over 20 episodes: 0.850 Cost 9.400.             SafeRL used : use_recovery
---------------------------------------
[34;1m
Time: 2026-06-30 06:45:56, Time spent from previous logger: 187.691 s[0m
[34;1mCustomLogger with fileds: ['total_steps', 'EpRet', 'EpCost', 'CostRate'][0m
[34;1mfieldvalues: [920000, 0.85, 9.4, 0.05767397573258232]
[0m
arrive destination: True ,out of road:False   Total T: 920217 Episode Num: 3053 Episode T: 242 Reward: 300.604 Cost: 13.000
arrive destination: True ,out of road:False   Total T: 920439 Episode Num: 3054 Episode T: 222 Reward: 305.306 Cost: 7.000
arrive destination: True ,out of road:False   Total T: 920914 Episode Num: 3055 Episode T: 475 Reward: 502.295 Cost: 45.000
arrive destination: True ,out of road:False   Total T: 921311 Episode Num: 3056 Episode T: 397 Reward: 469.293 Cost: 17.000
arrive destination: True ,out of road:False   Total T: 921730 Episode Num: 3057 Episode T: 419 Reward: 472.310 Cost: 27.000
arrive destination: True ,out of road:False   Total T: 922134 Episode Num: 3058 Episode T: 404 Reward: 469.521 Cost: 14.000
arrive destination: True ,out of road:False   Total T: 922359 Episode Num: 3059 Episode T: 225 Reward: 296.033 Cost: 4.000
arrive destination: True ,out of road:False   Total T: 922674 Episode Num: 3060 Episode T: 315 Reward: 375.844 Cost: 13.000
arrive destination: True ,out of road:False   Total T: 923064 Episode Num: 3061 Episode T: 390 Reward: 401.110 Cost: 5.000
arrive destination: True ,out of road:False   Total T: 923425 Episode Num: 3062 Episode T: 361 Reward: 421.794 Cost: 19.000
arrive destination: True ,out of road:False   Total T: 923637 Episode Num: 3063 Episode T: 212 Reward: 246.235 Cost: 0.000
arrive destination: True ,out of road:False   Total T: 923819 Episode Num: 3064 Episode T: 182 Reward: 269.219 Cost: 2.000
arrive destination: True ,out of road:False   Total T: 924198 Episode Num: 3065 Episode T: 379 Reward: 403.927 Cost: 0.000
arrive destination: True ,out of road:False   Total T: 924540 Episode Num: 3066 Episode T: 342 Reward: 392.092 Cost: 37.000
arrive destination: True ,out of road:False   Total T: 924938 Episode Num: 3067 Episode T: 398 Reward: 473.482 Cost: 19.000
arrive destination: True ,out of road:False   Total T: 925272 Episode Num: 3068 Episode T: 334 Reward: 336.146 Cost: 28.000
arrive destination: True ,out of road:False   Total T: 925667 Episode Num: 3069 Episode T: 395 Reward: 503.301 Cost: 17.000
arrive destination: True ,out of road:False   Total T: 925873 Episode Num: 3070 Episode T: 206 Reward: 242.948 Cost: 0.000
arrive destination: True ,out of road:False   Total T: 926205 Episode Num: 3071 Episode T: 332 Reward: 271.815 Cost: 0.000
arrive destination: False ,out of road:True   Total T: 926860 Episode Num: 3072 Episode T: 655 Reward: 342.028 Cost: 33.000
arrive destination: False ,out of road:True   Total T: 927545 Episode Num: 3073 Episode T: 685 Reward: 11.219 Cost: 1.000
arrive destination: True ,out of road:False   Total T: 927896 Episode Num: 3074 Episode T: 351 Reward: 418.651 Cost: 37.000
arrive destination: True ,out of road:False   Total T: 928080 Episode Num: 3075 Episode T: 184 Reward: 269.037 Cost: 0.000
arrive destination: False ,out of road:True   Total T: 928380 Episode Num: 3076 Episode T: 300 Reward: 319.064 Cost: 14.000
arrive destination: True ,out of road:False   Total T: 928582 Episode Num: 3077 Episode T: 202 Reward: 244.748 Cost: 0.000
arrive destination: True ,out of road:False   Total T: 928924 Episode Num: 3078 Episode T: 342 Reward: 336.008 Cost: 13.000
arrive destination: True ,out of road:False   Total T: 929108 Episode Num: 3079 Episode T: 184 Reward: 270.040 Cost: 0.000
arrive destination: True ,out of road:False   Total T: 929896 Episode Num: 3080 Episode T: 788 Reward: 267.649 Cost: 3.000
---------------------------------------
Evaluation over 20 episodes: 0.500 Cost 6.850.             SafeRL used : use_recovery
---------------------------------------
[34;1m
Time: 2026-06-30 06:48:59, Time spent from previous logger: 182.720 s[0m
[34;1mCustomLogger with fileds: ['total_steps', 'EpRet', 'EpCost', 'CostRate'][0m
[34;1mfieldvalues: [930000, 0.5, 6.85, 0.05744952413927327]
[0m
arrive destination: True ,out of road:False   Total T: 930277 Episode Num: 3081 Episode T: 381 Reward: 420.498 Cost: 9.000
arrive destination: True ,out of road:False   Total T: 930539 Episode Num: 3082 Episode T: 262 Reward: 294.453 Cost: 18.000
arrive destination: True ,out of road:False   Total T: 930829 Episode Num: 3083 Episode T: 290 Reward: 335.870 Cost: 4.000
arrive destination: True ,out of road:False   Total T: 931043 Episode Num: 3084 Episode T: 214 Reward: 249.366 Cost: 0.000
arrive destination: True ,out of road:False   Total T: 931354 Episode Num: 3085 Episode T: 311 Reward: 398.863 Cost: 13.000
arrive destination: True ,out of road:False   Total T: 931824 Episode Num: 3086 Episode T: 470 Reward: 515.472 Cost: 41.000
arrive destination: False ,out of road:True   Total T: 932312 Episode Num: 3087 Episode T: 488 Reward: -4.222 Cost: 1.000
arrive destination: False ,out of road:True   Total T: 932407 Episode Num: 3088 Episode T: 95 Reward: 77.284 Cost: 4.000
arrive destination: False ,out of road:True   Total T: 932499 Episode Num: 3089 Episode T: 92 Reward: 79.896 Cost: 2.000
arrive destination: True ,out of road:False   Total T: 932902 Episode Num: 3090 Episode T: 403 Reward: 473.025 Cost: 29.000
arrive destination: True ,out of road:False   Total T: 933087 Episode Num: 3091 Episode T: 185 Reward: 269.552 Cost: 3.000
arrive destination: True ,out of road:False   Total T: 933434 Episode Num: 3092 Episode T: 347 Reward: 416.896 Cost: 30.000
arrive destination: True ,out of road:False   Total T: 933766 Episode Num: 3093 Episode T: 332 Reward: 335.763 Cost: 25.000
arrive destination: True ,out of road:False   Total T: 934177 Episode Num: 3094 Episode T: 411 Reward: 470.614 Cost: 27.000
arrive destination: True ,out of road:False   Total T: 934487 Episode Num: 3095 Episode T: 310 Reward: 284.398 Cost: 0.000
arrive destination: False ,out of road:True   Total T: 934859 Episode Num: 3096 Episode T: 372 Reward: 422.377 Cost: 20.000
arrive destination: True ,out of road:False   Total T: 935059 Episode Num: 3097 Episode T: 200 Reward: 245.649 Cost: 0.000
arrive destination: False ,out of road:True   Total T: 935545 Episode Num: 3098 Episode T: 486 Reward: -4.222 Cost: 1.000
arrive destination: False ,out of road:True   Total T: 936031 Episode Num: 3099 Episode T: 486 Reward: -4.225 Cost: 1.000
arrive destination: True ,out of road:False   Total T: 936220 Episode Num: 3100 Episode T: 189 Reward: 269.715 Cost: 1.000
arrive destination: True ,out of road:False   Total T: 936591 Episode Num: 3101 Episode T: 371 Reward: 412.314 Cost: 21.000
arrive destination: True ,out of road:False   Total T: 936971 Episode Num: 3102 Episode T: 380 Reward: 403.958 Cost: 0.000
arrive destination: False ,out of road:True   Total T: 937513 Episode Num: 3103 Episode T: 542 Reward: -4.347 Cost: 1.000
arrive destination: True ,out of road:False   Total T: 937758 Episode Num: 3104 Episode T: 245 Reward: 231.471 Cost: 38.000
arrive destination: False ,out of road:True   Total T: 938310 Episode Num: 3105 Episode T: 552 Reward: -4.364 Cost: 1.000
arrive destination: True ,out of road:False   Total T: 938748 Episode Num: 3106 Episode T: 438 Reward: 465.611 Cost: 36.000
arrive destination: True ,out of road:False   Total T: 939019 Episode Num: 3107 Episode T: 271 Reward: 273.822 Cost: 16.000
arrive destination: True ,out of road:False   Total T: 939298 Episode Num: 3108 Episode T: 279 Reward: 355.229 Cost: 10.000
arrive destination: True ,out of road:False   Total T: 939668 Episode Num: 3109 Episode T: 370 Reward: 371.470 Cost: 38.000
arrive destination: True ,out of road:False   Total T: 939942 Episode Num: 3110 Episode T: 274 Reward: 354.108 Cost: 10.000
---------------------------------------
Evaluation over 20 episodes: 0.800 Cost 12.300.             SafeRL used : use_recovery
---------------------------------------
[34;1m
Time: 2026-06-30 06:52:03, Time spent from previous logger: 184.143 s[0m
[34;1mCustomLogger with fileds: ['total_steps', 'EpRet', 'EpCost', 'CostRate'][0m
[34;1mfieldvalues: [940000, 0.8, 12.3, 0.05726389070626671]
[0m
arrive destination: True ,out of road:False   Total T: 940366 Episode Num: 3111 Episode T: 424 Reward: 447.186 Cost: 29.000
arrive destination: True ,out of road:False   Total T: 940590 Episode Num: 3112 Episode T: 224 Reward: 296.073 Cost: 14.000
arrive destination: True ,out of road:False   Total T: 940966 Episode Num: 3113 Episode T: 376 Reward: 376.044 Cost: 37.000
arrive destination: True ,out of road:False   Total T: 941241 Episode Num: 3114 Episode T: 275 Reward: 354.474 Cost: 9.000
arrive destination: True ,out of road:False   Total T: 941601 Episode Num: 3115 Episode T: 360 Reward: 406.300 Cost: 32.000
arrive destination: True ,out of road:False   Total T: 941859 Episode Num: 3116 Episode T: 258 Reward: 294.703 Cost: 11.000
arrive destination: True ,out of road:False   Total T: 942039 Episode Num: 3117 Episode T: 180 Reward: 269.624 Cost: 1.000
arrive destination: True ,out of road:False   Total T: 942408 Episode Num: 3118 Episode T: 369 Reward: 418.316 Cost: 19.000
arrive destination: True ,out of road:False   Total T: 942664 Episode Num: 3119 Episode T: 256 Reward: 294.245 Cost: 20.000
arrive destination: True ,out of road:False   Total T: 942853 Episode Num: 3120 Episode T: 189 Reward: 269.355 Cost: 1.000
arrive destination: True ,out of road:False   Total T: 943248 Episode Num: 3121 Episode T: 395 Reward: 409.839 Cost: 16.000
arrive destination: True ,out of road:False   Total T: 943609 Episode Num: 3122 Episode T: 361 Reward: 407.342 Cost: 29.000
arrive destination: False ,out of road:True   Total T: 943708 Episode Num: 3123 Episode T: 99 Reward: 78.767 Cost: 2.000
arrive destination: True ,out of road:False   Total T: 944139 Episode Num: 3124 Episode T: 431 Reward: 507.845 Cost: 37.000
arrive destination: True ,out of road:False   Total T: 944375 Episode Num: 3125 Episode T: 236 Reward: 275.158 Cost: 9.000
arrive destination: True ,out of road:False   Total T: 944752 Episode Num: 3126 Episode T: 377 Reward: 508.252 Cost: 19.000
arrive destination: True ,out of road:False   Total T: 945116 Episode Num: 3127 Episode T: 364 Reward: 492.709 Cost: 12.000
arrive destination: True ,out of road:False   Total T: 945334 Episode Num: 3128 Episode T: 218 Reward: 286.274 Cost: 0.000
arrive destination: True ,out of road:False   Total T: 945587 Episode Num: 3129 Episode T: 253 Reward: 305.861 Cost: 20.000
arrive destination: True ,out of road:False   Total T: 945925 Episode Num: 3130 Episode T: 338 Reward: 382.725 Cost: 24.000
arrive destination: True ,out of road:False   Total T: 946182 Episode Num: 3131 Episode T: 257 Reward: 270.343 Cost: 4.000
arrive destination: True ,out of road:False   Total T: 946557 Episode Num: 3132 Episode T: 375 Reward: 401.782 Cost: 0.000
arrive destination: True ,out of road:False   Total T: 946766 Episode Num: 3133 Episode T: 209 Reward: 247.578 Cost: 0.000
arrive destination: True ,out of road:False   Total T: 947104 Episode Num: 3134 Episode T: 338 Reward: 365.860 Cost: 38.000
arrive destination: False ,out of road:True   Total T: 947303 Episode Num: 3135 Episode T: 199 Reward: 218.389 Cost: 14.000
arrive destination: False ,out of road:True   Total T: 947505 Episode Num: 3136 Episode T: 202 Reward: 168.566 Cost: 20.000
arrive destination: True ,out of road:False   Total T: 947775 Episode Num: 3137 Episode T: 270 Reward: 359.120 Cost: 1.000
arrive destination: False ,out of road:True   Total T: 947926 Episode Num: 3138 Episode T: 151 Reward: 162.026 Cost: 9.000
arrive destination: True ,out of road:False   Total T: 948154 Episode Num: 3139 Episode T: 228 Reward: 295.740 Cost: 6.000
arrive destination: True ,out of road:False   Total T: 948420 Episode Num: 3140 Episode T: 266 Reward: 272.549 Cost: 18.000
arrive destination: True ,out of road:False   Total T: 948624 Episode Num: 3141 Episode T: 204 Reward: 246.192 Cost: 0.000
arrive destination: True ,out of road:False   Total T: 948960 Episode Num: 3142 Episode T: 336 Reward: 335.183 Cost: 30.000
arrive destination: False ,out of road:True   Total T: 949072 Episode Num: 3143 Episode T: 112 Reward: 94.512 Cost: 10.000
arrive destination: True ,out of road:False   Total T: 949423 Episode Num: 3144 Episode T: 351 Reward: 492.612 Cost: 16.000
arrive destination: True ,out of road:False   Total T: 949662 Episode Num: 3145 Episode T: 239 Reward: 276.652 Cost: 0.000
arrive destination: True ,out of road:False   Total T: 949935 Episode Num: 3146 Episode T: 273 Reward: 398.915 Cost: 7.000
---------------------------------------
Evaluation over 20 episodes: 0.800 Cost 13.250.             SafeRL used : use_recovery
---------------------------------------
[34;1m
Time: 2026-06-30 06:55:21, Time spent from previous logger: 197.649 s[0m
[34;1mCustomLogger with fileds: ['total_steps', 'EpRet', 'EpCost', 'CostRate'][0m
[34;1mfieldvalues: [950000, 0.8, 13.25, 0.05720216547596366]
[0m
arrive destination: True ,out of road:False   Total T: 950292 Episode Num: 3147 Episode T: 357 Reward: 417.268 Cost: 12.000
arrive destination: True ,out of road:False   Total T: 950473 Episode Num: 3148 Episode T: 181 Reward: 269.485 Cost: 3.000
arrive destination: True ,out of road:False   Total T: 950719 Episode Num: 3149 Episode T: 246 Reward: 232.636 Cost: 27.000
arrive destination: True ,out of road:False   Total T: 951071 Episode Num: 3150 Episode T: 352 Reward: 370.543 Cost: 35.000
arrive destination: True ,out of road:False   Total T: 951300 Episode Num: 3151 Episode T: 229 Reward: 275.478 Cost: 0.000
arrive destination: True ,out of road:False   Total T: 951506 Episode Num: 3152 Episode T: 206 Reward: 283.710 Cost: 0.000
arrive destination: False ,out of road:True   Total T: 951722 Episode Num: 3153 Episode T: 216 Reward: 221.672 Cost: 9.000
arrive destination: True ,out of road:False   Total T: 952097 Episode Num: 3154 Episode T: 375 Reward: 402.504 Cost: 0.000
arrive destination: True ,out of road:False   Total T: 952391 Episode Num: 3155 Episode T: 294 Reward: 355.462 Cost: 7.000
arrive destination: True ,out of road:False   Total T: 952805 Episode Num: 3156 Episode T: 414 Reward: 506.884 Cost: 37.000
arrive destination: True ,out of road:False   Total T: 953007 Episode Num: 3157 Episode T: 202 Reward: 284.676 Cost: 0.000
arrive destination: True ,out of road:False   Total T: 953219 Episode Num: 3158 Episode T: 212 Reward: 232.233 Cost: 14.000
arrive destination: True ,out of road:False   Total T: 953531 Episode Num: 3159 Episode T: 312 Reward: 415.500 Cost: 21.000
arrive destination: True ,out of road:False   Total T: 953737 Episode Num: 3160 Episode T: 206 Reward: 246.664 Cost: 0.000
arrive destination: True ,out of road:False   Total T: 953930 Episode Num: 3161 Episode T: 193 Reward: 232.258 Cost: 2.000
arrive destination: True ,out of road:False   Total T: 954100 Episode Num: 3162 Episode T: 170 Reward: 269.381 Cost: 0.000
arrive destination: True ,out of road:False   Total T: 954298 Episode Num: 3163 Episode T: 198 Reward: 232.988 Cost: 7.000
arrive destination: True ,out of road:False   Total T: 954484 Episode Num: 3164 Episode T: 186 Reward: 269.331 Cost: 3.000
arrive destination: True ,out of road:False   Total T: 954714 Episode Num: 3165 Episode T: 230 Reward: 295.374 Cost: 15.000
arrive destination: True ,out of road:False   Total T: 955126 Episode Num: 3166 Episode T: 412 Reward: 505.688 Cost: 24.000
arrive destination: False ,out of road:True   Total T: 955317 Episode Num: 3167 Episode T: 191 Reward: 213.187 Cost: 11.000
arrive destination: True ,out of road:False   Total T: 955576 Episode Num: 3168 Episode T: 259 Reward: 264.468 Cost: 15.000
arrive destination: True ,out of road:False   Total T: 955837 Episode Num: 3169 Episode T: 261 Reward: 294.145 Cost: 18.000
arrive destination: True ,out of road:False   Total T: 956240 Episode Num: 3170 Episode T: 403 Reward: 473.383 Cost: 16.000
arrive destination: True ,out of road:False   Total T: 956607 Episode Num: 3171 Episode T: 367 Reward: 402.631 Cost: 0.000
arrive destination: False ,out of road:True   Total T: 956736 Episode Num: 3172 Episode T: 129 Reward: 139.756 Cost: 1.000
arrive destination: True ,out of road:False   Total T: 957068 Episode Num: 3173 Episode T: 332 Reward: 336.217 Cost: 22.000
arrive destination: False ,out of road:True   Total T: 957333 Episode Num: 3174 Episode T: 265 Reward: 350.677 Cost: 11.000
arrive destination: True ,out of road:False   Total T: 957594 Episode Num: 3175 Episode T: 261 Reward: 358.291 Cost: 0.000
arrive destination: True ,out of road:False   Total T: 957941 Episode Num: 3176 Episode T: 347 Reward: 416.716 Cost: 33.000
arrive destination: True ,out of road:False   Total T: 958302 Episode Num: 3177 Episode T: 361 Reward: 423.174 Cost: 21.000
arrive destination: False ,out of road:True   Total T: 958401 Episode Num: 3178 Episode T: 99 Reward: 78.462 Cost: 2.000
arrive destination: True ,out of road:False   Total T: 958635 Episode Num: 3179 Episode T: 234 Reward: 275.267 Cost: 0.000
arrive destination: True ,out of road:False   Total T: 959039 Episode Num: 3180 Episode T: 404 Reward: 336.020 Cost: 71.000
arrive destination: False ,out of road:True   Total T: 959232 Episode Num: 3181 Episode T: 193 Reward: 186.196 Cost: 1.000
arrive destination: True ,out of road:False   Total T: 959581 Episode Num: 3182 Episode T: 349 Reward: 427.581 Cost: 24.000
arrive destination: True ,out of road:False   Total T: 959960 Episode Num: 3183 Episode T: 379 Reward: 336.105 Cost: 23.000
---------------------------------------
Evaluation over 20 episodes: 0.700 Cost 17.550.             SafeRL used : use_recovery
---------------------------------------
[34;1m
Time: 2026-06-30 06:58:31, Time spent from previous logger: 189.985 s[0m
[34;1mCustomLogger with fileds: ['total_steps', 'EpRet', 'EpCost', 'CostRate'][0m
[34;1mfieldvalues: [960000, 0.7, 17.55, 0.057111517824497735]
[0m
arrive destination: True ,out of road:False   Total T: 960210 Episode Num: 3184 Episode T: 250 Reward: 299.929 Cost: 0.000
arrive destination: False ,out of road:True   Total T: 960688 Episode Num: 3185 Episode T: 478 Reward: 386.601 Cost: 1.000
arrive destination: True ,out of road:False   Total T: 961044 Episode Num: 3186 Episode T: 356 Reward: 361.883 Cost: 41.000
arrive destination: True ,out of road:False   Total T: 961274 Episode Num: 3187 Episode T: 230 Reward: 295.991 Cost: 8.000
arrive destination: True ,out of road:False   Total T: 961458 Episode Num: 3188 Episode T: 184 Reward: 269.383 Cost: 1.000
arrive destination: True ,out of road:False   Total T: 961714 Episode Num: 3189 Episode T: 256 Reward: 269.021 Cost: 15.000
arrive destination: True ,out of road:False   Total T: 961985 Episode Num: 3190 Episode T: 271 Reward: 350.243 Cost: 9.000
arrive destination: True ,out of road:False   Total T: 962432 Episode Num: 3191 Episode T: 447 Reward: 336.154 Cost: 59.000
arrive destination: True ,out of road:False   Total T: 962746 Episode Num: 3192 Episode T: 314 Reward: 399.042 Cost: 12.000
arrive destination: True ,out of road:False   Total T: 963235 Episode Num: 3193 Episode T: 489 Reward: 499.602 Cost: 54.000
arrive destination: True ,out of road:False   Total T: 963635 Episode Num: 3194 Episode T: 400 Reward: 417.831 Cost: 31.000
arrive destination: False ,out of road:True   Total T: 963730 Episode Num: 3195 Episode T: 95 Reward: 72.038 Cost: 5.000
arrive destination: True ,out of road:True   Total T: 964052 Episode Num: 3196 Episode T: 322 Reward: 359.110 Cost: 32.000
arrive destination: True ,out of road:False   Total T: 964465 Episode Num: 3197 Episode T: 413 Reward: 407.438 Cost: 32.000
arrive destination: True ,out of road:False   Total T: 964681 Episode Num: 3198 Episode T: 216 Reward: 284.940 Cost: 0.000
arrive destination: False ,out of road:False   Total T: 965681 Episode Num: 3199 Episode T: 1000 Reward: -2.347 Cost: 0.000
arrive destination: True ,out of road:False   Total T: 966074 Episode Num: 3200 Episode T: 393 Reward: 374.737 Cost: 31.000
arrive destination: True ,out of road:False   Total T: 966649 Episode Num: 3201 Episode T: 575 Reward: 244.625 Cost: 0.000
arrive destination: False ,out of road:True   Total T: 966750 Episode Num: 3202 Episode T: 101 Reward: 77.598 Cost: 6.000
arrive destination: True ,out of road:False   Total T: 967156 Episode Num: 3203 Episode T: 406 Reward: 375.745 Cost: 32.000
arrive destination: False ,out of road:True   Total T: 967314 Episode Num: 3204 Episode T: 158 Reward: 166.700 Cost: 10.000
arrive destination: False ,out of road:True   Total T: 967801 Episode Num: 3205 Episode T: 487 Reward: -4.212 Cost: 1.000
arrive destination: True ,out of road:False   Total T: 968018 Episode Num: 3206 Episode T: 217 Reward: 232.812 Cost: 3.000
arrive destination: True ,out of road:False   Total T: 968484 Episode Num: 3207 Episode T: 466 Reward: 469.733 Cost: 20.000
arrive destination: False ,out of road:True   Total T: 968539 Episode Num: 3208 Episode T: 55 Reward: 21.443 Cost: 1.000
arrive destination: False ,out of road:True   Total T: 969059 Episode Num: 3209 Episode T: 520 Reward: 77.319 Cost: 1.000
arrive destination: False ,out of road:True   Total T: 969595 Episode Num: 3210 Episode T: 536 Reward: -4.313 Cost: 1.000
arrive destination: False ,out of road:True   Total T: 969988 Episode Num: 3211 Episode T: 393 Reward: 417.050 Cost: 31.000
---------------------------------------
Evaluation over 20 episodes: 0.300 Cost 9.050.             SafeRL used : use_recovery
---------------------------------------
[34;1m
Time: 2026-06-30 07:01:38, Time spent from previous logger: 186.964 s[0m
[34;1mCustomLogger with fileds: ['total_steps', 'EpRet', 'EpCost', 'CostRate'][0m
[34;1mfieldvalues: [970000, 0.3, 9.05, 0.05697325461160269]
[0m
arrive destination: False ,out of road:True   Total T: 970347 Episode Num: 3212 Episode T: 359 Reward: 388.034 Cost: 12.000
arrive destination: False ,out of road:True   Total T: 970487 Episode Num: 3213 Episode T: 140 Reward: 96.982 Cost: 1.000
arrive destination: False ,out of road:True   Total T: 970836 Episode Num: 3214 Episode T: 349 Reward: 268.321 Cost: 13.000
arrive destination: False ,out of road:True   Total T: 971032 Episode Num: 3215 Episode T: 196 Reward: 212.715 Cost: 17.000
arrive destination: False ,out of road:True   Total T: 971185 Episode Num: 3216 Episode T: 153 Reward: 202.172 Cost: 1.000
arrive destination: True ,out of road:False   Total T: 971559 Episode Num: 3217 Episode T: 374 Reward: 355.357 Cost: 7.000
arrive destination: True ,out of road:False   Total T: 971931 Episode Num: 3218 Episode T: 372 Reward: 400.235 Cost: 0.000
arrive destination: False ,out of road:True   Total T: 972299 Episode Num: 3219 Episode T: 368 Reward: 475.163 Cost: 29.000
arrive destination: False ,out of road:True   Total T: 972402 Episode Num: 3220 Episode T: 103 Reward: 84.760 Cost: 2.000
arrive destination: True ,out of road:False   Total T: 972738 Episode Num: 3221 Episode T: 336 Reward: 376.178 Cost: 30.000
arrive destination: True ,out of road:False   Total T: 972942 Episode Num: 3222 Episode T: 204 Reward: 248.030 Cost: 0.000
arrive destination: True ,out of road:False   Total T: 973390 Episode Num: 3223 Episode T: 448 Reward: 512.823 Cost: 52.000
arrive destination: True ,out of road:False   Total T: 973576 Episode Num: 3224 Episode T: 186 Reward: 269.774 Cost: 3.000
arrive destination: True ,out of road:False   Total T: 973775 Episode Num: 3225 Episode T: 199 Reward: 269.829 Cost: 3.000
arrive destination: True ,out of road:False   Total T: 974078 Episode Num: 3226 Episode T: 303 Reward: 336.138 Cost: 36.000
arrive destination: True ,out of road:False   Total T: 974418 Episode Num: 3227 Episode T: 340 Reward: 363.193 Cost: 16.000
arrive destination: True ,out of road:False   Total T: 974784 Episode Num: 3228 Episode T: 366 Reward: 396.541 Cost: 15.000
arrive destination: True ,out of road:False   Total T: 975166 Episode Num: 3229 Episode T: 382 Reward: 406.564 Cost: 0.000
arrive destination: True ,out of road:False   Total T: 975479 Episode Num: 3230 Episode T: 313 Reward: 398.238 Cost: 18.000
arrive destination: True ,out of road:False   Total T: 975706 Episode Num: 3231 Episode T: 227 Reward: 265.340 Cost: 12.000
arrive destination: True ,out of road:False   Total T: 976024 Episode Num: 3232 Episode T: 318 Reward: 398.913 Cost: 13.000
arrive destination: False ,out of road:True   Total T: 976268 Episode Num: 3233 Episode T: 244 Reward: 268.482 Cost: 24.000
arrive destination: True ,out of road:False   Total T: 976590 Episode Num: 3234 Episode T: 322 Reward: 505.755 Cost: 0.000
arrive destination: True ,out of road:False   Total T: 976801 Episode Num: 3235 Episode T: 211 Reward: 283.655 Cost: 3.000
arrive destination: True ,out of road:False   Total T: 977210 Episode Num: 3236 Episode T: 409 Reward: 471.030 Cost: 6.000
arrive destination: True ,out of road:False   Total T: 977380 Episode Num: 3237 Episode T: 170 Reward: 269.024 Cost: 0.000
arrive destination: True ,out of road:False   Total T: 977622 Episode Num: 3238 Episode T: 242 Reward: 274.909 Cost: 0.000
arrive destination: False ,out of road:True   Total T: 977909 Episode Num: 3239 Episode T: 287 Reward: 313.438 Cost: 13.000
arrive destination: True ,out of road:False   Total T: 978244 Episode Num: 3240 Episode T: 335 Reward: 397.332 Cost: 15.000
arrive destination: False ,out of road:True   Total T: 978337 Episode Num: 3241 Episode T: 93 Reward: 79.305 Cost: 2.000
arrive destination: True ,out of road:False   Total T: 978578 Episode Num: 3242 Episode T: 241 Reward: 273.318 Cost: 9.000
arrive destination: True ,out of road:False   Total T: 978818 Episode Num: 3243 Episode T: 240 Reward: 275.100 Cost: 5.000
arrive destination: False ,out of road:True   Total T: 979075 Episode Num: 3244 Episode T: 257 Reward: 313.341 Cost: 18.000
arrive destination: True ,out of road:False   Total T: 979286 Episode Num: 3245 Episode T: 211 Reward: 249.998 Cost: 0.000
arrive destination: True ,out of road:False   Total T: 979665 Episode Num: 3246 Episode T: 379 Reward: 403.056 Cost: 0.000
---------------------------------------
Evaluation over 20 episodes: 0.600 Cost 13.450.             SafeRL used : use_recovery
---------------------------------------
[34;1m
Time: 2026-06-30 07:04:41, Time spent from previous logger: 183.369 s[0m
[34;1mCustomLogger with fileds: ['total_steps', 'EpRet', 'EpCost', 'CostRate'][0m
[34;1mfieldvalues: [980000, 0.6, 13.45, 0.05681026205128781]
[0m
arrive destination: True ,out of road:False   Total T: 980236 Episode Num: 3247 Episode T: 571 Reward: 636.811 Cost: 37.000
arrive destination: True ,out of road:False   Total T: 980545 Episode Num: 3248 Episode T: 309 Reward: 375.915 Cost: 13.000
arrive destination: True ,out of road:False   Total T: 980934 Episode Num: 3249 Episode T: 389 Reward: 498.179 Cost: 28.000
arrive destination: False ,out of road:True   Total T: 981135 Episode Num: 3250 Episode T: 201 Reward: 223.714 Cost: 9.000
arrive destination: True ,out of road:False   Total T: 981342 Episode Num: 3251 Episode T: 207 Reward: 283.455 Cost: 0.000
arrive destination: True ,out of road:False   Total T: 981597 Episode Num: 3252 Episode T: 255 Reward: 294.599 Cost: 20.000
arrive destination: True ,out of road:False   Total T: 981967 Episode Num: 3253 Episode T: 370 Reward: 404.272 Cost: 0.000
arrive destination: True ,out of road:False   Total T: 982354 Episode Num: 3254 Episode T: 387 Reward: 410.111 Cost: 15.000
arrive destination: True ,out of road:False   Total T: 982580 Episode Num: 3255 Episode T: 226 Reward: 275.705 Cost: 0.000
arrive destination: True ,out of road:False   Total T: 982847 Episode Num: 3256 Episode T: 267 Reward: 293.891 Cost: 14.000
arrive destination: True ,out of road:False   Total T: 983048 Episode Num: 3257 Episode T: 201 Reward: 248.895 Cost: 0.000
arrive destination: False ,out of road:True   Total T: 983276 Episode Num: 3258 Episode T: 228 Reward: 248.462 Cost: 5.000
arrive destination: True ,out of road:False   Total T: 983482 Episode Num: 3259 Episode T: 206 Reward: 248.034 Cost: 0.000
arrive destination: True ,out of road:False   Total T: 983848 Episode Num: 3260 Episode T: 366 Reward: 374.230 Cost: 27.000
arrive destination: True ,out of road:False   Total T: 984222 Episode Num: 3261 Episode T: 374 Reward: 406.512 Cost: 0.000
arrive destination: True ,out of road:False   Total T: 984519 Episode Num: 3262 Episode T: 297 Reward: 373.834 Cost: 20.000
arrive destination: True ,out of road:False   Total T: 984875 Episode Num: 3263 Episode T: 356 Reward: 422.778 Cost: 31.000
arrive destination: True ,out of road:False   Total T: 985059 Episode Num: 3264 Episode T: 184 Reward: 269.167 Cost: 3.000
arrive destination: True ,out of road:False   Total T: 985295 Episode Num: 3265 Episode T: 236 Reward: 274.443 Cost: 8.000
arrive destination: True ,out of road:False   Total T: 985520 Episode Num: 3266 Episode T: 225 Reward: 285.967 Cost: 0.000
arrive destination: True ,out of road:False   Total T: 985758 Episode Num: 3267 Episode T: 238 Reward: 275.781 Cost: 0.000
arrive destination: True ,out of road:False   Total T: 986200 Episode Num: 3268 Episode T: 442 Reward: 493.801 Cost: 52.000
arrive destination: True ,out of road:False   Total T: 986613 Episode Num: 3269 Episode T: 413 Reward: 470.302 Cost: 12.000
arrive destination: True ,out of road:False   Total T: 986833 Episode Num: 3270 Episode T: 220 Reward: 315.462 Cost: 13.000
arrive destination: True ,out of road:False   Total T: 987364 Episode Num: 3271 Episode T: 531 Reward: 409.493 Cost: 30.000
arrive destination: True ,out of road:False   Total T: 987633 Episode Num: 3272 Episode T: 269 Reward: 335.154 Cost: 13.000
arrive destination: True ,out of road:False   Total T: 987887 Episode Num: 3273 Episode T: 254 Reward: 266.141 Cost: 25.000
arrive destination: True ,out of road:False   Total T: 988087 Episode Num: 3274 Episode T: 200 Reward: 247.966 Cost: 0.000
arrive destination: True ,out of road:False   Total T: 988296 Episode Num: 3275 Episode T: 209 Reward: 283.498 Cost: 0.000
arrive destination: True ,out of road:False   Total T: 988608 Episode Num: 3276 Episode T: 312 Reward: 399.485 Cost: 12.000
arrive destination: True ,out of road:False   Total T: 989061 Episode Num: 3277 Episode T: 453 Reward: 406.902 Cost: 43.000
arrive destination: True ,out of road:False   Total T: 989232 Episode Num: 3278 Episode T: 171 Reward: 268.865 Cost: 0.000
arrive destination: False ,out of road:True   Total T: 989327 Episode Num: 3279 Episode T: 95 Reward: 78.403 Cost: 2.000
arrive destination: True ,out of road:False   Total T: 989506 Episode Num: 3280 Episode T: 179 Reward: 269.812 Cost: 0.000
arrive destination: True ,out of road:False   Total T: 989875 Episode Num: 3281 Episode T: 369 Reward: 417.808 Cost: 24.000
---------------------------------------
Evaluation over 20 episodes: 0.850 Cost 16.200.             SafeRL used : use_recovery
---------------------------------------
[34;1m
Time: 2026-06-30 07:07:49, Time spent from previous logger: 187.694 s[0m
[34;1mCustomLogger with fileds: ['total_steps', 'EpRet', 'EpCost', 'CostRate'][0m
[34;1mfieldvalues: [990000, 0.85, 16.2, 0.05666167339562969]
[0m
arrive destination: True ,out of road:False   Total T: 990306 Episode Num: 3282 Episode T: 431 Reward: 472.899 Cost: 14.000
arrive destination: True ,out of road:False   Total T: 990623 Episode Num: 3283 Episode T: 317 Reward: 425.594 Cost: 32.000
arrive destination: True ,out of road:False   Total T: 990967 Episode Num: 3284 Episode T: 344 Reward: 415.369 Cost: 21.000
arrive destination: True ,out of road:False   Total T: 991219 Episode Num: 3285 Episode T: 252 Reward: 335.223 Cost: 11.000
arrive destination: False ,out of road:True   Total T: 991377 Episode Num: 3286 Episode T: 158 Reward: 208.189 Cost: 1.000
arrive destination: True ,out of road:False   Total T: 991628 Episode Num: 3287 Episode T: 251 Reward: 304.571 Cost: 27.000
arrive destination: True ,out of road:False   Total T: 991889 Episode Num: 3288 Episode T: 261 Reward: 264.312 Cost: 29.000
arrive destination: True ,out of road:False   Total T: 992114 Episode Num: 3289 Episode T: 225 Reward: 287.373 Cost: 0.000
arrive destination: True ,out of road:False   Total T: 992595 Episode Num: 3290 Episode T: 481 Reward: 509.006 Cost: 43.000
arrive destination: True ,out of road:False   Total T: 993043 Episode Num: 3291 Episode T: 448 Reward: 493.549 Cost: 33.000
arrive destination: True ,out of road:False   Total T: 993309 Episode Num: 3292 Episode T: 266 Reward: 275.748 Cost: 7.000
arrive destination: True ,out of road:False   Total T: 993676 Episode Num: 3293 Episode T: 367 Reward: 403.099 Cost: 0.000
arrive destination: True ,out of road:False   Total T: 994015 Episode Num: 3294 Episode T: 339 Reward: 335.852 Cost: 21.000
arrive destination: True ,out of road:False   Total T: 994236 Episode Num: 3295 Episode T: 221 Reward: 295.641 Cost: 10.000
arrive destination: True ,out of road:False   Total T: 994473 Episode Num: 3296 Episode T: 237 Reward: 275.234 Cost: 12.000
arrive destination: True ,out of road:False   Total T: 994734 Episode Num: 3297 Episode T: 261 Reward: 335.315 Cost: 2.000
arrive destination: True ,out of road:False   Total T: 995101 Episode Num: 3298 Episode T: 367 Reward: 402.577 Cost: 0.000
arrive destination: True ,out of road:False   Total T: 995498 Episode Num: 3299 Episode T: 397 Reward: 472.286 Cost: 20.000
arrive destination: True ,out of road:False   Total T: 995708 Episode Num: 3300 Episode T: 210 Reward: 285.439 Cost: 2.000
arrive destination: False ,out of road:True   Total T: 995801 Episode Num: 3301 Episode T: 93 Reward: 79.344 Cost: 3.000
arrive destination: True ,out of road:False   Total T: 996052 Episode Num: 3302 Episode T: 251 Reward: 295.633 Cost: 25.000
arrive destination: True ,out of road:False   Total T: 996250 Episode Num: 3303 Episode T: 198 Reward: 231.307 Cost: 0.000
arrive destination: True ,out of road:False   Total T: 996459 Episode Num: 3304 Episode T: 209 Reward: 246.809 Cost: 0.000
arrive destination: True ,out of road:False   Total T: 996716 Episode Num: 3305 Episode T: 257 Reward: 294.512 Cost: 17.000
arrive destination: True ,out of road:False   Total T: 996968 Episode Num: 3306 Episode T: 252 Reward: 262.179 Cost: 12.000
arrive destination: True ,out of road:False   Total T: 997265 Episode Num: 3307 Episode T: 297 Reward: 398.385 Cost: 18.000
arrive destination: True ,out of road:False   Total T: 997476 Episode Num: 3308 Episode T: 211 Reward: 284.841 Cost: 0.000
arrive destination: True ,out of road:False   Total T: 997727 Episode Num: 3309 Episode T: 251 Reward: 265.416 Cost: 24.000
arrive destination: True ,out of road:False   Total T: 998001 Episode Num: 3310 Episode T: 274 Reward: 353.363 Cost: 11.000
arrive destination: True ,out of road:False   Total T: 998384 Episode Num: 3311 Episode T: 383 Reward: 401.471 Cost: 0.000
arrive destination: True ,out of road:False   Total T: 998638 Episode Num: 3312 Episode T: 254 Reward: 294.687 Cost: 20.000
arrive destination: True ,out of road:False   Total T: 998933 Episode Num: 3313 Episode T: 295 Reward: 374.287 Cost: 18.000
arrive destination: True ,out of road:False   Total T: 999213 Episode Num: 3314 Episode T: 280 Reward: 359.665 Cost: 18.000
arrive destination: True ,out of road:False   Total T: 999420 Episode Num: 3315 Episode T: 207 Reward: 247.058 Cost: 0.000
arrive destination: True ,out of road:False   Total T: 999641 Episode Num: 3316 Episode T: 221 Reward: 285.877 Cost: 0.000
---------------------------------------
Evaluation over 20 episodes: 0.850 Cost 9.600.             SafeRL used : use_recovery
---------------------------------------
[34;1m
Time: 2026-06-30 07:10:50, Time spent from previous logger: 180.650 s[0m
[34;1mCustomLogger with fileds: ['total_steps', 'EpRet', 'EpCost', 'CostRate'][0m
[34;1mfieldvalues: [1000000, 0.85, 9.6, 0.05655205655205655]
[0m
