Running full paper-style training: tag=paper_1m_20260629 algo=td3 seed=0 task=0
Successfully registered the following environments: ['MetaDrive-validation-v0', 'MetaDrive-10env-v0', 'MetaDrive-100envs-v0', 'MetaDrive-1000envs-v0', 'SafeMetaDrive-validation-v0', 'SafeMetaDrive-10env-v0', 'SafeMetaDrive-100envs-v0', 'SafeMetaDrive-1000envs-v0', 'MARLTollgate-v0', 'MARLBottleneck-v0', 'MARLRoundabout-v0', 'MARLIntersection-v0', 'MARLParkingLot-v0', 'MARLMetaDrive-v0'].
arrive destination: False ,out of road:False   Total T: 1000 Episode Num: 1 Episode T: 1000 Reward: 9.913 Cost: 0.000
arrive destination: False ,out of road:False   Total T: 2000 Episode Num: 2 Episode T: 1000 Reward: 10.610 Cost: 0.000
arrive destination: False ,out of road:False   Total T: 3000 Episode Num: 3 Episode T: 1000 Reward: 9.817 Cost: 0.000
arrive destination: False ,out of road:True   Total T: 3631 Episode Num: 4 Episode T: 631 Reward: 1.225 Cost: 1.000
arrive destination: False ,out of road:False   Total T: 4631 Episode Num: 5 Episode T: 1000 Reward: 11.937 Cost: 0.000
arrive destination: False ,out of road:False   Total T: 5631 Episode Num: 6 Episode T: 1000 Reward: 12.715 Cost: 0.000
arrive destination: False ,out of road:False   Total T: 6631 Episode Num: 7 Episode T: 1000 Reward: 10.897 Cost: 0.000
arrive destination: False ,out of road:False   Total T: 7631 Episode Num: 8 Episode T: 1000 Reward: 11.513 Cost: 0.000
arrive destination: False ,out of road:False   Total T: 8631 Episode Num: 9 Episode T: 1000 Reward: 10.992 Cost: 0.000
arrive destination: False ,out of road:True   Total T: 8871 Episode Num: 10 Episode T: 240 Reward: -2.395 Cost: 1.000
arrive destination: False ,out of road:False   Total T: 9871 Episode Num: 11 Episode T: 1000 Reward: 9.506 Cost: 0.000
---------------------------------------
Evaluation over 20 episodes: 0.000 Cost 1.000.             SafeRL used : use_td3
---------------------------------------
[34;1m
Time: 2026-06-29 13:27:06, Time spent from previous logger: 67.237 s[0m
[34;1mCustomLogger with fileds: ['total_steps', 'EpRet', 'EpCost', 'CostRate'][0m
[34;1mfieldvalues: [10000, 0.0, 1.0, 0.00020002000200020003]
[0m
arrive destination: False ,out of road:True   Total T: 10029 Episode Num: 12 Episode T: 158 Reward: -2.033 Cost: 1.000
arrive destination: False ,out of road:True   Total T: 10055 Episode Num: 13 Episode T: 26 Reward: -3.533 Cost: 1.000
arrive destination: False ,out of road:True   Total T: 10070 Episode Num: 14 Episode T: 15 Reward: -5.414 Cost: 1.000
arrive destination: False ,out of road:True   Total T: 10096 Episode Num: 15 Episode T: 26 Reward: -3.566 Cost: 1.000
arrive destination: False ,out of road:True   Total T: 10122 Episode Num: 16 Episode T: 26 Reward: -3.473 Cost: 1.000
arrive destination: False ,out of road:True   Total T: 10148 Episode Num: 17 Episode T: 26 Reward: -3.206 Cost: 1.000
arrive destination: False ,out of road:True   Total T: 10174 Episode Num: 18 Episode T: 26 Reward: -3.156 Cost: 1.000
arrive destination: False ,out of road:True   Total T: 10206 Episode Num: 19 Episode T: 32 Reward: -3.160 Cost: 1.000
arrive destination: False ,out of road:True   Total T: 10237 Episode Num: 20 Episode T: 31 Reward: 0.006 Cost: 1.000
arrive destination: False ,out of road:True   Total T: 10312 Episode Num: 21 Episode T: 75 Reward: 34.767 Cost: 1.000
arrive destination: False ,out of road:True   Total T: 10347 Episode Num: 22 Episode T: 35 Reward: 0.619 Cost: 1.000
arrive destination: False ,out of road:True   Total T: 10383 Episode Num: 23 Episode T: 36 Reward: 0.270 Cost: 1.000
arrive destination: False ,out of road:True   Total T: 10422 Episode Num: 24 Episode T: 39 Reward: 5.807 Cost: 1.000
arrive destination: False ,out of road:True   Total T: 10445 Episode Num: 25 Episode T: 23 Reward: -2.876 Cost: 1.000
arrive destination: False ,out of road:True   Total T: 10496 Episode Num: 26 Episode T: 51 Reward: 18.689 Cost: 1.000
arrive destination: False ,out of road:True   Total T: 10527 Episode Num: 27 Episode T: 31 Reward: 0.680 Cost: 1.000
arrive destination: False ,out of road:True   Total T: 10566 Episode Num: 28 Episode T: 39 Reward: 7.171 Cost: 1.000
arrive destination: False ,out of road:True   Total T: 10601 Episode Num: 29 Episode T: 35 Reward: 3.813 Cost: 1.000
arrive destination: False ,out of road:True   Total T: 10639 Episode Num: 30 Episode T: 38 Reward: 5.347 Cost: 1.000
arrive destination: False ,out of road:True   Total T: 10683 Episode Num: 31 Episode T: 44 Reward: 9.172 Cost: 1.000
arrive destination: False ,out of road:True   Total T: 10732 Episode Num: 32 Episode T: 49 Reward: 16.100 Cost: 1.000
arrive destination: False ,out of road:True   Total T: 10759 Episode Num: 33 Episode T: 27 Reward: -0.819 Cost: 1.000
arrive destination: False ,out of road:True   Total T: 10816 Episode Num: 34 Episode T: 57 Reward: 27.071 Cost: 1.000
arrive destination: False ,out of road:True   Total T: 10872 Episode Num: 35 Episode T: 56 Reward: 25.560 Cost: 1.000
arrive destination: False ,out of road:True   Total T: 10924 Episode Num: 36 Episode T: 52 Reward: 19.324 Cost: 1.000
arrive destination: False ,out of road:True   Total T: 10972 Episode Num: 37 Episode T: 48 Reward: 14.719 Cost: 1.000
arrive destination: False ,out of road:True   Total T: 11019 Episode Num: 38 Episode T: 47 Reward: 14.893 Cost: 1.000
arrive destination: False ,out of road:True   Total T: 11064 Episode Num: 39 Episode T: 45 Reward: 13.606 Cost: 1.000
arrive destination: False ,out of road:True   Total T: 11089 Episode Num: 40 Episode T: 25 Reward: -1.915 Cost: 1.000
arrive destination: False ,out of road:True   Total T: 11123 Episode Num: 41 Episode T: 34 Reward: 2.305 Cost: 1.000
arrive destination: False ,out of road:True   Total T: 11173 Episode Num: 42 Episode T: 50 Reward: 17.561 Cost: 1.000
arrive destination: False ,out of road:True   Total T: 11214 Episode Num: 43 Episode T: 41 Reward: 7.830 Cost: 1.000
arrive destination: False ,out of road:True   Total T: 11250 Episode Num: 44 Episode T: 36 Reward: 4.897 Cost: 1.000
arrive destination: False ,out of road:True   Total T: 11315 Episode Num: 45 Episode T: 65 Reward: 35.540 Cost: 1.000
arrive destination: False ,out of road:True   Total T: 11349 Episode Num: 46 Episode T: 34 Reward: 4.050 Cost: 1.000
arrive destination: False ,out of road:True   Total T: 11390 Episode Num: 47 Episode T: 41 Reward: 8.455 Cost: 1.000
arrive destination: False ,out of road:True   Total T: 11428 Episode Num: 48 Episode T: 38 Reward: 6.129 Cost: 1.000
arrive destination: False ,out of road:True   Total T: 11486 Episode Num: 49 Episode T: 58 Reward: 25.343 Cost: 1.000
arrive destination: False ,out of road:True   Total T: 11527 Episode Num: 50 Episode T: 41 Reward: 9.240 Cost: 1.000
arrive destination: False ,out of road:True   Total T: 11557 Episode Num: 51 Episode T: 30 Reward: 0.145 Cost: 1.000
arrive destination: False ,out of road:True   Total T: 11605 Episode Num: 52 Episode T: 48 Reward: 15.413 Cost: 1.000
arrive destination: False ,out of road:True   Total T: 11652 Episode Num: 53 Episode T: 47 Reward: 14.030 Cost: 1.000
arrive destination: False ,out of road:True   Total T: 11686 Episode Num: 54 Episode T: 34 Reward: 2.127 Cost: 1.000
arrive destination: False ,out of road:True   Total T: 11750 Episode Num: 55 Episode T: 64 Reward: 38.168 Cost: 1.000
arrive destination: False ,out of road:True   Total T: 11801 Episode Num: 56 Episode T: 51 Reward: 18.689 Cost: 1.000
arrive destination: False ,out of road:True   Total T: 11854 Episode Num: 57 Episode T: 53 Reward: 21.032 Cost: 1.000
arrive destination: False ,out of road:True   Total T: 11899 Episode Num: 58 Episode T: 45 Reward: 12.679 Cost: 1.000
arrive destination: False ,out of road:True   Total T: 11929 Episode Num: 59 Episode T: 30 Reward: 0.987 Cost: 1.000
arrive destination: False ,out of road:True   Total T: 11956 Episode Num: 60 Episode T: 27 Reward: -0.518 Cost: 1.000
arrive destination: False ,out of road:True   Total T: 12003 Episode Num: 61 Episode T: 47 Reward: 15.038 Cost: 1.000
arrive destination: False ,out of road:True   Total T: 12081 Episode Num: 62 Episode T: 78 Reward: 55.539 Cost: 1.000
arrive destination: False ,out of road:True   Total T: 12114 Episode Num: 63 Episode T: 33 Reward: 2.010 Cost: 1.000
arrive destination: False ,out of road:True   Total T: 12173 Episode Num: 64 Episode T: 59 Reward: 28.687 Cost: 1.000
arrive destination: False ,out of road:True   Total T: 12226 Episode Num: 65 Episode T: 53 Reward: 18.363 Cost: 1.000
arrive destination: False ,out of road:True   Total T: 12276 Episode Num: 66 Episode T: 50 Reward: 16.442 Cost: 1.000
arrive destination: False ,out of road:True   Total T: 12374 Episode Num: 67 Episode T: 98 Reward: 76.926 Cost: 1.000
arrive destination: False ,out of road:True   Total T: 12499 Episode Num: 68 Episode T: 125 Reward: 130.886 Cost: 1.000
arrive destination: False ,out of road:True   Total T: 12595 Episode Num: 69 Episode T: 96 Reward: 65.057 Cost: 1.000
arrive destination: False ,out of road:True   Total T: 12700 Episode Num: 70 Episode T: 105 Reward: 77.241 Cost: 1.000
arrive destination: False ,out of road:True   Total T: 12773 Episode Num: 71 Episode T: 73 Reward: 45.064 Cost: 1.000
arrive destination: True ,out of road:False   Total T: 13084 Episode Num: 72 Episode T: 311 Reward: 294.152 Cost: 10.000
arrive destination: False ,out of road:True   Total T: 13257 Episode Num: 73 Episode T: 173 Reward: 136.913 Cost: 8.000
arrive destination: False ,out of road:True   Total T: 13346 Episode Num: 74 Episode T: 89 Reward: 62.153 Cost: 1.000
arrive destination: True ,out of road:False   Total T: 13730 Episode Num: 75 Episode T: 384 Reward: 335.660 Cost: 49.000
arrive destination: False ,out of road:True   Total T: 13880 Episode Num: 76 Episode T: 150 Reward: 169.904 Cost: 1.000
arrive destination: False ,out of road:True   Total T: 13995 Episode Num: 77 Episode T: 115 Reward: 76.764 Cost: 8.000
arrive destination: False ,out of road:True   Total T: 14210 Episode Num: 78 Episode T: 215 Reward: 235.170 Cost: 1.000
arrive destination: True ,out of road:False   Total T: 14462 Episode Num: 79 Episode T: 252 Reward: 234.877 Cost: 11.000
arrive destination: False ,out of road:False   Total T: 15462 Episode Num: 80 Episode T: 1000 Reward: 76.440 Cost: 8.000
arrive destination: False ,out of road:True   Total T: 15555 Episode Num: 81 Episode T: 93 Reward: 68.570 Cost: 1.000
arrive destination: True ,out of road:False   Total T: 15812 Episode Num: 82 Episode T: 257 Reward: 278.137 Cost: 3.000
arrive destination: False ,out of road:True   Total T: 16296 Episode Num: 83 Episode T: 484 Reward: 425.575 Cost: 49.000
arrive destination: False ,out of road:True   Total T: 16910 Episode Num: 84 Episode T: 614 Reward: 478.944 Cost: 48.000
arrive destination: False ,out of road:True   Total T: 17229 Episode Num: 85 Episode T: 319 Reward: 311.717 Cost: 18.000
arrive destination: True ,out of road:False   Total T: 17512 Episode Num: 86 Episode T: 283 Reward: 289.383 Cost: 29.000
arrive destination: True ,out of road:False   Total T: 17699 Episode Num: 87 Episode T: 187 Reward: 268.422 Cost: 0.000
arrive destination: True ,out of road:False   Total T: 18190 Episode Num: 88 Episode T: 491 Reward: 411.053 Cost: 66.000
arrive destination: True ,out of road:False   Total T: 18535 Episode Num: 89 Episode T: 345 Reward: 376.717 Cost: 34.000
arrive destination: False ,out of road:True   Total T: 18625 Episode Num: 90 Episode T: 90 Reward: 65.814 Cost: 1.000
arrive destination: True ,out of road:False   Total T: 18884 Episode Num: 91 Episode T: 259 Reward: 294.427 Cost: 17.000
arrive destination: False ,out of road:True   Total T: 19153 Episode Num: 92 Episode T: 269 Reward: 234.760 Cost: 24.000
arrive destination: True ,out of road:False   Total T: 19403 Episode Num: 93 Episode T: 250 Reward: 295.341 Cost: 33.000
arrive destination: False ,out of road:True   Total T: 19676 Episode Num: 94 Episode T: 273 Reward: 299.987 Cost: 31.000
arrive destination: True ,out of road:False   Total T: 19926 Episode Num: 95 Episode T: 250 Reward: 295.650 Cost: 33.000
---------------------------------------
Evaluation over 20 episodes: 0.450 Cost 17.050.             SafeRL used : use_td3
---------------------------------------
[34;1m
Time: 2026-06-29 13:30:02, Time spent from previous logger: 176.607 s[0m
[34;1mCustomLogger with fileds: ['total_steps', 'EpRet', 'EpCost', 'CostRate'][0m
[34;1mfieldvalues: [20000, 0.45, 17.05, 0.027301365068253414]
[0m
arrive destination: False ,out of road:True   Total T: 20406 Episode Num: 96 Episode T: 480 Reward: 465.441 Cost: 23.000
arrive destination: True ,out of road:False   Total T: 20629 Episode Num: 97 Episode T: 223 Reward: 295.606 Cost: 5.000
arrive destination: False ,out of road:True   Total T: 20716 Episode Num: 98 Episode T: 87 Reward: 61.969 Cost: 1.000
arrive destination: True ,out of road:False   Total T: 20965 Episode Num: 99 Episode T: 249 Reward: 295.305 Cost: 21.000
arrive destination: False ,out of road:True   Total T: 21098 Episode Num: 100 Episode T: 133 Reward: 132.433 Cost: 3.000
arrive destination: False ,out of road:True   Total T: 21202 Episode Num: 101 Episode T: 104 Reward: 79.968 Cost: 3.000
arrive destination: False ,out of road:True   Total T: 21296 Episode Num: 102 Episode T: 94 Reward: 78.482 Cost: 1.000
arrive destination: False ,out of road:True   Total T: 21458 Episode Num: 103 Episode T: 162 Reward: 157.992 Cost: 10.000
arrive destination: True ,out of road:False   Total T: 21706 Episode Num: 104 Episode T: 248 Reward: 291.048 Cost: 30.000
arrive destination: True ,out of road:False   Total T: 21903 Episode Num: 105 Episode T: 197 Reward: 268.932 Cost: 4.000
arrive destination: True ,out of road:False   Total T: 22141 Episode Num: 106 Episode T: 238 Reward: 290.118 Cost: 19.000
arrive destination: False ,out of road:False   Total T: 23141 Episode Num: 107 Episode T: 1000 Reward: 286.902 Cost: 39.000
arrive destination: True ,out of road:False   Total T: 23478 Episode Num: 108 Episode T: 337 Reward: 335.749 Cost: 26.000
arrive destination: False ,out of road:True   Total T: 23676 Episode Num: 109 Episode T: 198 Reward: 238.306 Cost: 3.000
arrive destination: False ,out of road:True   Total T: 23771 Episode Num: 110 Episode T: 95 Reward: 77.052 Cost: 4.000
arrive destination: True ,out of road:False   Total T: 24035 Episode Num: 111 Episode T: 264 Reward: 301.284 Cost: 30.000
arrive destination: False ,out of road:True   Total T: 24120 Episode Num: 112 Episode T: 85 Reward: 60.478 Cost: 1.000
arrive destination: False ,out of road:True   Total T: 24417 Episode Num: 113 Episode T: 297 Reward: 218.221 Cost: 22.000
arrive destination: True ,out of road:False   Total T: 24671 Episode Num: 114 Episode T: 254 Reward: 294.262 Cost: 18.000
arrive destination: False ,out of road:True   Total T: 24799 Episode Num: 115 Episode T: 128 Reward: 149.156 Cost: 3.000
arrive destination: True ,out of road:False   Total T: 25076 Episode Num: 116 Episode T: 277 Reward: 292.488 Cost: 33.000
arrive destination: False ,out of road:True   Total T: 25230 Episode Num: 117 Episode T: 154 Reward: 190.903 Cost: 8.000
arrive destination: False ,out of road:True   Total T: 25404 Episode Num: 118 Episode T: 174 Reward: 171.566 Cost: 17.000
arrive destination: True ,out of road:False   Total T: 25691 Episode Num: 119 Episode T: 287 Reward: 373.758 Cost: 20.000
arrive destination: True ,out of road:False   Total T: 25885 Episode Num: 120 Episode T: 194 Reward: 235.355 Cost: 13.000
arrive destination: False ,out of road:True   Total T: 26195 Episode Num: 121 Episode T: 310 Reward: 265.031 Cost: 32.000
arrive destination: True ,out of road:False   Total T: 26386 Episode Num: 122 Episode T: 191 Reward: 233.014 Cost: 17.000
arrive destination: False ,out of road:True   Total T: 26562 Episode Num: 123 Episode T: 176 Reward: 207.037 Cost: 11.000
arrive destination: True ,out of road:False   Total T: 26799 Episode Num: 124 Episode T: 237 Reward: 295.450 Cost: 17.000
arrive destination: False ,out of road:True   Total T: 26937 Episode Num: 125 Episode T: 138 Reward: 151.426 Cost: 3.000
arrive destination: False ,out of road:True   Total T: 27038 Episode Num: 126 Episode T: 101 Reward: 90.418 Cost: 1.000
arrive destination: False ,out of road:True   Total T: 27168 Episode Num: 127 Episode T: 130 Reward: 124.159 Cost: 2.000
arrive destination: False ,out of road:True   Total T: 27296 Episode Num: 128 Episode T: 128 Reward: 132.913 Cost: 2.000
arrive destination: False ,out of road:True   Total T: 27392 Episode Num: 129 Episode T: 96 Reward: 80.834 Cost: 4.000
arrive destination: False ,out of road:True   Total T: 27524 Episode Num: 130 Episode T: 132 Reward: 151.172 Cost: 4.000
arrive destination: True ,out of road:False   Total T: 27737 Episode Num: 131 Episode T: 213 Reward: 251.411 Cost: 0.000
arrive destination: True ,out of road:False   Total T: 27988 Episode Num: 132 Episode T: 251 Reward: 234.056 Cost: 16.000
arrive destination: False ,out of road:True   Total T: 28165 Episode Num: 133 Episode T: 177 Reward: 213.420 Cost: 16.000
arrive destination: False ,out of road:True   Total T: 28282 Episode Num: 134 Episode T: 117 Reward: 130.868 Cost: 2.000
arrive destination: False ,out of road:True   Total T: 28462 Episode Num: 135 Episode T: 180 Reward: 148.588 Cost: 18.000
arrive destination: False ,out of road:True   Total T: 28598 Episode Num: 136 Episode T: 136 Reward: 138.235 Cost: 4.000
arrive destination: False ,out of road:True   Total T: 28686 Episode Num: 137 Episode T: 88 Reward: 63.030 Cost: 1.000
arrive destination: True ,out of road:False   Total T: 28935 Episode Num: 138 Episode T: 249 Reward: 305.331 Cost: 28.000
arrive destination: False ,out of road:True   Total T: 29018 Episode Num: 139 Episode T: 83 Reward: 64.256 Cost: 1.000
arrive destination: False ,out of road:True   Total T: 29108 Episode Num: 140 Episode T: 90 Reward: 61.628 Cost: 1.000
arrive destination: False ,out of road:True   Total T: 29367 Episode Num: 141 Episode T: 259 Reward: 223.140 Cost: 37.000
arrive destination: False ,out of road:True   Total T: 29617 Episode Num: 142 Episode T: 250 Reward: 312.016 Cost: 30.000
arrive destination: False ,out of road:True   Total T: 29782 Episode Num: 143 Episode T: 165 Reward: 166.104 Cost: 1.000
arrive destination: False ,out of road:True   Total T: 29908 Episode Num: 144 Episode T: 126 Reward: 130.037 Cost: 1.000
---------------------------------------
Evaluation over 20 episodes: 0.350 Cost 18.900.             SafeRL used : use_td3
---------------------------------------
[34;1m
Time: 2026-06-29 13:32:57, Time spent from previous logger: 174.401 s[0m
[34;1mCustomLogger with fileds: ['total_steps', 'EpRet', 'EpCost', 'CostRate'][0m
[34;1mfieldvalues: [30000, 0.35, 18.9, 0.03840128004266809]
[0m
arrive destination: False ,out of road:True   Total T: 30118 Episode Num: 145 Episode T: 210 Reward: 192.491 Cost: 3.000
arrive destination: False ,out of road:True   Total T: 30211 Episode Num: 146 Episode T: 93 Reward: 77.437 Cost: 1.000
arrive destination: True ,out of road:False   Total T: 30569 Episode Num: 147 Episode T: 358 Reward: 349.671 Cost: 63.000
arrive destination: False ,out of road:True   Total T: 30647 Episode Num: 148 Episode T: 78 Reward: 51.822 Cost: 1.000
arrive destination: True ,out of road:False   Total T: 30900 Episode Num: 149 Episode T: 253 Reward: 294.148 Cost: 18.000
arrive destination: True ,out of road:False   Total T: 31435 Episode Num: 150 Episode T: 535 Reward: 493.853 Cost: 70.000
arrive destination: True ,out of road:False   Total T: 31699 Episode Num: 151 Episode T: 264 Reward: 335.086 Cost: 28.000
arrive destination: False ,out of road:True   Total T: 31895 Episode Num: 152 Episode T: 196 Reward: 195.865 Cost: 24.000
arrive destination: False ,out of road:True   Total T: 32017 Episode Num: 153 Episode T: 122 Reward: 131.270 Cost: 1.000
arrive destination: False ,out of road:True   Total T: 32155 Episode Num: 154 Episode T: 138 Reward: 138.571 Cost: 11.000
arrive destination: True ,out of road:False   Total T: 32346 Episode Num: 155 Episode T: 191 Reward: 234.378 Cost: 14.000
arrive destination: False ,out of road:True   Total T: 32447 Episode Num: 156 Episode T: 101 Reward: 77.402 Cost: 7.000
arrive destination: False ,out of road:True   Total T: 33413 Episode Num: 157 Episode T: 966 Reward: 114.421 Cost: 1.000
arrive destination: False ,out of road:False   Total T: 34413 Episode Num: 158 Episode T: 1000 Reward: 225.441 Cost: 17.000
arrive destination: True ,out of road:False   Total T: 34697 Episode Num: 159 Episode T: 284 Reward: 296.065 Cost: 6.000
arrive destination: False ,out of road:False   Total T: 35697 Episode Num: 160 Episode T: 1000 Reward: 145.657 Cost: 12.000
arrive destination: False ,out of road:False   Total T: 36697 Episode Num: 161 Episode T: 1000 Reward: 208.908 Cost: 0.000
arrive destination: True ,out of road:False   Total T: 37001 Episode Num: 162 Episode T: 304 Reward: 286.566 Cost: 0.000
arrive destination: False ,out of road:False   Total T: 38001 Episode Num: 163 Episode T: 1000 Reward: 55.335 Cost: 0.000
arrive destination: False ,out of road:False   Total T: 39001 Episode Num: 164 Episode T: 1000 Reward: 54.607 Cost: 0.000
arrive destination: True ,out of road:False   Total T: 39264 Episode Num: 165 Episode T: 263 Reward: 296.003 Cost: 3.000
---------------------------------------
Evaluation over 20 episodes: 0.050 Cost 3.700.             SafeRL used : use_td3
---------------------------------------
[34;1m
Time: 2026-06-29 13:35:56, Time spent from previous logger: 178.953 s[0m
[34;1mCustomLogger with fileds: ['total_steps', 'EpRet', 'EpCost', 'CostRate'][0m
[34;1mfieldvalues: [40000, 0.05, 3.7, 0.03587589689742243]
[0m
arrive destination: False ,out of road:True   Total T: 40087 Episode Num: 166 Episode T: 823 Reward: 282.734 Cost: 4.000
arrive destination: False ,out of road:True   Total T: 40616 Episode Num: 167 Episode T: 529 Reward: 51.113 Cost: 1.000
arrive destination: False ,out of road:False   Total T: 41616 Episode Num: 168 Episode T: 1000 Reward: 169.704 Cost: 2.000
arrive destination: False ,out of road:False   Total T: 42616 Episode Num: 169 Episode T: 1000 Reward: 256.430 Cost: 9.000
arrive destination: False ,out of road:True   Total T: 42901 Episode Num: 170 Episode T: 285 Reward: 302.366 Cost: 1.000
arrive destination: True ,out of road:False   Total T: 43171 Episode Num: 171 Episode T: 270 Reward: 234.991 Cost: 6.000
arrive destination: True ,out of road:False   Total T: 43358 Episode Num: 172 Episode T: 187 Reward: 269.171 Cost: 0.000
arrive destination: False ,out of road:False   Total T: 44358 Episode Num: 173 Episode T: 1000 Reward: 109.636 Cost: 1.000
arrive destination: False ,out of road:True   Total T: 44455 Episode Num: 174 Episode T: 97 Reward: 76.550 Cost: 4.000
arrive destination: True ,out of road:False   Total T: 44746 Episode Num: 175 Episode T: 291 Reward: 295.577 Cost: 38.000
arrive destination: False ,out of road:True   Total T: 44928 Episode Num: 176 Episode T: 182 Reward: 205.873 Cost: 6.000
arrive destination: False ,out of road:True   Total T: 45158 Episode Num: 177 Episode T: 230 Reward: 227.502 Cost: 6.000
arrive destination: True ,out of road:False   Total T: 45409 Episode Num: 178 Episode T: 251 Reward: 271.880 Cost: 11.000
arrive destination: False ,out of road:True   Total T: 45553 Episode Num: 179 Episode T: 144 Reward: 138.684 Cost: 9.000
arrive destination: False ,out of road:True   Total T: 45653 Episode Num: 180 Episode T: 100 Reward: 74.923 Cost: 5.000
arrive destination: False ,out of road:False   Total T: 46653 Episode Num: 181 Episode T: 1000 Reward: 255.274 Cost: 2.000
arrive destination: False ,out of road:True   Total T: 47039 Episode Num: 182 Episode T: 386 Reward: 251.503 Cost: 6.000
arrive destination: False ,out of road:True   Total T: 47221 Episode Num: 183 Episode T: 182 Reward: 142.754 Cost: 21.000
arrive destination: False ,out of road:True   Total T: 47526 Episode Num: 184 Episode T: 305 Reward: 198.861 Cost: 21.000
arrive destination: False ,out of road:True   Total T: 47832 Episode Num: 185 Episode T: 306 Reward: 245.079 Cost: 31.000
arrive destination: True ,out of road:False   Total T: 48484 Episode Num: 186 Episode T: 652 Reward: 270.774 Cost: 16.000
arrive destination: False ,out of road:False   Total T: 49484 Episode Num: 187 Episode T: 1000 Reward: 257.188 Cost: 10.000
---------------------------------------
Evaluation over 20 episodes: 0.300 Cost 13.000.             SafeRL used : use_td3
---------------------------------------
[34;1m
Time: 2026-06-29 13:38:54, Time spent from previous logger: 178.741 s[0m
[34;1mCustomLogger with fileds: ['total_steps', 'EpRet', 'EpCost', 'CostRate'][0m
[34;1mfieldvalues: [50000, 0.3, 13.0, 0.03370067401348027]
[0m
arrive destination: True ,out of road:False   Total T: 50307 Episode Num: 188 Episode T: 823 Reward: 529.770 Cost: 68.000
arrive destination: False ,out of road:False   Total T: 51307 Episode Num: 189 Episode T: 1000 Reward: 250.488 Cost: 6.000
arrive destination: False ,out of road:True   Total T: 51448 Episode Num: 190 Episode T: 141 Reward: 164.556 Cost: 1.000
arrive destination: True ,out of road:False   Total T: 51861 Episode Num: 191 Episode T: 413 Reward: 266.409 Cost: 33.000
arrive destination: False ,out of road:False   Total T: 52861 Episode Num: 192 Episode T: 1000 Reward: 354.263 Cost: 53.000
arrive destination: True ,out of road:False   Total T: 53105 Episode Num: 193 Episode T: 244 Reward: 276.311 Cost: 0.000
arrive destination: True ,out of road:False   Total T: 53476 Episode Num: 194 Episode T: 371 Reward: 354.822 Cost: 55.000
arrive destination: True ,out of road:False   Total T: 53708 Episode Num: 195 Episode T: 232 Reward: 249.979 Cost: 0.000
arrive destination: True ,out of road:False   Total T: 53957 Episode Num: 196 Episode T: 249 Reward: 243.153 Cost: 14.000
arrive destination: False ,out of road:True   Total T: 54065 Episode Num: 197 Episode T: 108 Reward: 61.556 Cost: 11.000
arrive destination: True ,out of road:False   Total T: 54286 Episode Num: 198 Episode T: 221 Reward: 275.097 Cost: 10.000
arrive destination: False ,out of road:True   Total T: 54596 Episode Num: 199 Episode T: 310 Reward: 260.661 Cost: 44.000
arrive destination: True ,out of road:False   Total T: 55135 Episode Num: 200 Episode T: 539 Reward: 378.508 Cost: 54.000
arrive destination: False ,out of road:True   Total T: 55730 Episode Num: 201 Episode T: 595 Reward: 363.230 Cost: 17.000
arrive destination: True ,out of road:False   Total T: 55976 Episode Num: 202 Episode T: 246 Reward: 233.811 Cost: 29.000
arrive destination: False ,out of road:True   Total T: 56068 Episode Num: 203 Episode T: 92 Reward: 63.855 Cost: 1.000
arrive destination: False ,out of road:True   Total T: 56315 Episode Num: 204 Episode T: 247 Reward: 191.310 Cost: 16.000
arrive destination: False ,out of road:True   Total T: 56521 Episode Num: 205 Episode T: 206 Reward: 235.235 Cost: 1.000
arrive destination: False ,out of road:True   Total T: 56718 Episode Num: 206 Episode T: 197 Reward: 231.853 Cost: 1.000
arrive destination: True ,out of road:False   Total T: 57201 Episode Num: 207 Episode T: 483 Reward: 509.960 Cost: 90.000
arrive destination: True ,out of road:False   Total T: 57605 Episode Num: 208 Episode T: 404 Reward: 370.020 Cost: 37.000
arrive destination: True ,out of road:False   Total T: 57808 Episode Num: 209 Episode T: 203 Reward: 268.624 Cost: 0.000
arrive destination: True ,out of road:False   Total T: 58005 Episode Num: 210 Episode T: 197 Reward: 269.521 Cost: 0.000
arrive destination: False ,out of road:True   Total T: 58108 Episode Num: 211 Episode T: 103 Reward: 90.211 Cost: 3.000
arrive destination: False ,out of road:True   Total T: 58323 Episode Num: 212 Episode T: 215 Reward: 235.591 Cost: 4.000
arrive destination: True ,out of road:False   Total T: 58576 Episode Num: 213 Episode T: 253 Reward: 276.906 Cost: 4.000
arrive destination: False ,out of road:True   Total T: 58688 Episode Num: 214 Episode T: 112 Reward: 91.336 Cost: 3.000
arrive destination: True ,out of road:False   Total T: 59044 Episode Num: 215 Episode T: 356 Reward: 269.367 Cost: 13.000
arrive destination: False ,out of road:True   Total T: 59200 Episode Num: 216 Episode T: 156 Reward: 190.057 Cost: 1.000
arrive destination: True ,out of road:False   Total T: 59447 Episode Num: 217 Episode T: 247 Reward: 235.174 Cost: 39.000
arrive destination: True ,out of road:False   Total T: 59658 Episode Num: 218 Episode T: 211 Reward: 233.468 Cost: 4.000
arrive destination: False ,out of road:True   Total T: 59925 Episode Num: 219 Episode T: 267 Reward: 310.427 Cost: 20.000
---------------------------------------
Evaluation over 20 episodes: 0.400 Cost 10.350.             SafeRL used : use_td3
---------------------------------------
[34;1m
Time: 2026-06-29 13:41:42, Time spent from previous logger: 167.191 s[0m
[34;1mCustomLogger with fileds: ['total_steps', 'EpRet', 'EpCost', 'CostRate'][0m
[34;1mfieldvalues: [60000, 0.4, 10.35, 0.03790063167719462]
[0m
arrive destination: False ,out of road:False   Total T: 60925 Episode Num: 220 Episode T: 1000 Reward: 538.828 Cost: 46.000
arrive destination: True ,out of road:False   Total T: 61180 Episode Num: 221 Episode T: 255 Reward: 296.156 Cost: 12.000
arrive destination: True ,out of road:False   Total T: 61434 Episode Num: 222 Episode T: 254 Reward: 296.104 Cost: 16.000
arrive destination: False ,out of road:True   Total T: 61560 Episode Num: 223 Episode T: 126 Reward: 137.169 Cost: 4.000
arrive destination: False ,out of road:True   Total T: 61904 Episode Num: 224 Episode T: 344 Reward: 321.989 Cost: 42.000
arrive destination: False ,out of road:True   Total T: 62039 Episode Num: 225 Episode T: 135 Reward: 117.307 Cost: 11.000
arrive destination: True ,out of road:False   Total T: 62257 Episode Num: 226 Episode T: 218 Reward: 248.429 Cost: 0.000
arrive destination: True ,out of road:False   Total T: 62802 Episode Num: 227 Episode T: 545 Reward: 377.188 Cost: 59.000
arrive destination: True ,out of road:False   Total T: 63272 Episode Num: 228 Episode T: 470 Reward: 376.622 Cost: 51.000
arrive destination: False ,out of road:True   Total T: 63761 Episode Num: 229 Episode T: 489 Reward: 376.707 Cost: 18.000
arrive destination: False ,out of road:True   Total T: 63973 Episode Num: 230 Episode T: 212 Reward: 213.729 Cost: 23.000
arrive destination: True ,out of road:False   Total T: 64417 Episode Num: 231 Episode T: 444 Reward: 368.552 Cost: 41.000
arrive destination: False ,out of road:True   Total T: 64711 Episode Num: 232 Episode T: 294 Reward: 280.219 Cost: 28.000
arrive destination: False ,out of road:True   Total T: 64943 Episode Num: 233 Episode T: 232 Reward: 227.177 Cost: 17.000
arrive destination: False ,out of road:True   Total T: 65199 Episode Num: 234 Episode T: 256 Reward: 235.268 Cost: 14.000
arrive destination: False ,out of road:False   Total T: 66199 Episode Num: 235 Episode T: 1000 Reward: 176.647 Cost: 15.000
arrive destination: True ,out of road:False   Total T: 66502 Episode Num: 236 Episode T: 303 Reward: 359.184 Cost: 13.000
arrive destination: True ,out of road:False   Total T: 66839 Episode Num: 237 Episode T: 337 Reward: 282.526 Cost: 23.000
arrive destination: True ,out of road:False   Total T: 67093 Episode Num: 238 Episode T: 254 Reward: 290.216 Cost: 10.000
arrive destination: False ,out of road:True   Total T: 67248 Episode Num: 239 Episode T: 155 Reward: 173.117 Cost: 8.000
arrive destination: True ,out of road:False   Total T: 67698 Episode Num: 240 Episode T: 450 Reward: 411.905 Cost: 27.000
arrive destination: True ,out of road:False   Total T: 67893 Episode Num: 241 Episode T: 195 Reward: 269.346 Cost: 0.000
arrive destination: False ,out of road:True   Total T: 67996 Episode Num: 242 Episode T: 103 Reward: 86.841 Cost: 2.000
arrive destination: False ,out of road:True   Total T: 68102 Episode Num: 243 Episode T: 106 Reward: 92.726 Cost: 1.000
arrive destination: False ,out of road:True   Total T: 68260 Episode Num: 244 Episode T: 158 Reward: 143.516 Cost: 8.000
arrive destination: False ,out of road:True   Total T: 68353 Episode Num: 245 Episode T: 93 Reward: 78.449 Cost: 4.000
arrive destination: True ,out of road:False   Total T: 68797 Episode Num: 246 Episode T: 444 Reward: 373.422 Cost: 38.000
arrive destination: True ,out of road:False   Total T: 69021 Episode Num: 247 Episode T: 224 Reward: 271.739 Cost: 3.000
arrive destination: False ,out of road:True   Total T: 69122 Episode Num: 248 Episode T: 101 Reward: 88.192 Cost: 1.000
arrive destination: False ,out of road:True   Total T: 69224 Episode Num: 249 Episode T: 102 Reward: 87.005 Cost: 1.000
arrive destination: True ,out of road:False   Total T: 69423 Episode Num: 250 Episode T: 199 Reward: 268.565 Cost: 0.000
arrive destination: True ,out of road:False   Total T: 69643 Episode Num: 251 Episode T: 220 Reward: 245.383 Cost: 0.000
arrive destination: False ,out of road:True   Total T: 69966 Episode Num: 252 Episode T: 323 Reward: 355.264 Cost: 5.000
---------------------------------------
Evaluation over 20 episodes: 0.400 Cost 12.000.             SafeRL used : use_td3
---------------------------------------
[34;1m
Time: 2026-06-29 13:44:53, Time spent from previous logger: 191.821 s[0m
[34;1mCustomLogger with fileds: ['total_steps', 'EpRet', 'EpCost', 'CostRate'][0m
[34;1mfieldvalues: [70000, 0.4, 12.0, 0.04021486021228875]
[0m
arrive destination: True ,out of road:False   Total T: 70193 Episode Num: 253 Episode T: 227 Reward: 279.671 Cost: 0.000
arrive destination: False ,out of road:True   Total T: 70292 Episode Num: 254 Episode T: 99 Reward: 74.483 Cost: 6.000
arrive destination: True ,out of road:False   Total T: 70551 Episode Num: 255 Episode T: 259 Reward: 294.062 Cost: 12.000
arrive destination: True ,out of road:False   Total T: 70753 Episode Num: 256 Episode T: 202 Reward: 268.615 Cost: 0.000
arrive destination: False ,out of road:False   Total T: 71753 Episode Num: 257 Episode T: 1000 Reward: 322.841 Cost: 95.000
arrive destination: True ,out of road:False   Total T: 72006 Episode Num: 258 Episode T: 253 Reward: 294.612 Cost: 13.000
arrive destination: True ,out of road:False   Total T: 72433 Episode Num: 259 Episode T: 427 Reward: 397.833 Cost: 40.000
arrive destination: True ,out of road:False   Total T: 72694 Episode Num: 260 Episode T: 261 Reward: 266.853 Cost: 6.000
arrive destination: True ,out of road:False   Total T: 73099 Episode Num: 261 Episode T: 405 Reward: 404.501 Cost: 48.000
arrive destination: False ,out of road:True   Total T: 73405 Episode Num: 262 Episode T: 306 Reward: 283.751 Cost: 33.000
arrive destination: True ,out of road:False   Total T: 73629 Episode Num: 263 Episode T: 224 Reward: 235.224 Cost: 24.000
arrive destination: True ,out of road:False   Total T: 73890 Episode Num: 264 Episode T: 261 Reward: 290.955 Cost: 5.000
arrive destination: True ,out of road:False   Total T: 74366 Episode Num: 265 Episode T: 476 Reward: 374.560 Cost: 33.000
arrive destination: True ,out of road:False   Total T: 74728 Episode Num: 266 Episode T: 362 Reward: 336.024 Cost: 16.000
arrive destination: False ,out of road:True   Total T: 75061 Episode Num: 267 Episode T: 333 Reward: 315.899 Cost: 37.000
arrive destination: True ,out of road:False   Total T: 75316 Episode Num: 268 Episode T: 255 Reward: 289.386 Cost: 38.000
arrive destination: True ,out of road:False   Total T: 75606 Episode Num: 269 Episode T: 290 Reward: 354.622 Cost: 10.000
arrive destination: False ,out of road:True   Total T: 75757 Episode Num: 270 Episode T: 151 Reward: 166.077 Cost: 5.000
arrive destination: True ,out of road:False   Total T: 75962 Episode Num: 271 Episode T: 205 Reward: 268.459 Cost: 0.000
arrive destination: False ,out of road:True   Total T: 76065 Episode Num: 272 Episode T: 103 Reward: 58.491 Cost: 2.000
arrive destination: False ,out of road:True   Total T: 76165 Episode Num: 273 Episode T: 100 Reward: 77.306 Cost: 6.000
arrive destination: False ,out of road:True   Total T: 76608 Episode Num: 274 Episode T: 443 Reward: 419.218 Cost: 24.000
arrive destination: True ,out of road:False   Total T: 76859 Episode Num: 275 Episode T: 251 Reward: 295.886 Cost: 28.000
arrive destination: True ,out of road:False   Total T: 77117 Episode Num: 276 Episode T: 258 Reward: 296.057 Cost: 27.000
arrive destination: False ,out of road:True   Total T: 77441 Episode Num: 277 Episode T: 324 Reward: 253.939 Cost: 20.000
arrive destination: False ,out of road:False   Total T: 78441 Episode Num: 278 Episode T: 1000 Reward: 398.579 Cost: 55.000
arrive destination: True ,out of road:False   Total T: 79088 Episode Num: 279 Episode T: 647 Reward: 506.470 Cost: 36.000
arrive destination: False ,out of road:True   Total T: 79345 Episode Num: 280 Episode T: 257 Reward: 312.309 Cost: 16.000
arrive destination: True ,out of road:False   Total T: 79729 Episode Num: 281 Episode T: 384 Reward: 375.796 Cost: 19.000
---------------------------------------
Evaluation over 20 episodes: 0.500 Cost 14.450.             SafeRL used : use_td3
---------------------------------------
[34;1m
Time: 2026-06-29 13:48:09, Time spent from previous logger: 195.655 s[0m
[34;1mCustomLogger with fileds: ['total_steps', 'EpRet', 'EpCost', 'CostRate'][0m
[34;1mfieldvalues: [80000, 0.5, 14.45, 0.04355054438180477]
[0m
arrive destination: True ,out of road:False   Total T: 80268 Episode Num: 282 Episode T: 539 Reward: 572.089 Cost: 20.000
arrive destination: True ,out of road:False   Total T: 80523 Episode Num: 283 Episode T: 255 Reward: 305.504 Cost: 21.000
arrive destination: True ,out of road:False   Total T: 80781 Episode Num: 284 Episode T: 258 Reward: 285.408 Cost: 9.000
arrive destination: True ,out of road:False   Total T: 81191 Episode Num: 285 Episode T: 410 Reward: 373.278 Cost: 47.000
arrive destination: True ,out of road:False   Total T: 81897 Episode Num: 286 Episode T: 706 Reward: 415.011 Cost: 38.000
arrive destination: True ,out of road:False   Total T: 82232 Episode Num: 287 Episode T: 335 Reward: 336.353 Cost: 11.000
arrive destination: True ,out of road:False   Total T: 82505 Episode Num: 288 Episode T: 273 Reward: 275.077 Cost: 0.000
arrive destination: True ,out of road:False   Total T: 82752 Episode Num: 289 Episode T: 247 Reward: 232.496 Cost: 34.000
arrive destination: True ,out of road:False   Total T: 83262 Episode Num: 290 Episode T: 510 Reward: 506.857 Cost: 32.000
arrive destination: False ,out of road:True   Total T: 83545 Episode Num: 291 Episode T: 283 Reward: 354.895 Cost: 14.000
arrive destination: True ,out of road:False   Total T: 84007 Episode Num: 292 Episode T: 462 Reward: 377.800 Cost: 54.000
arrive destination: False ,out of road:True   Total T: 84100 Episode Num: 293 Episode T: 93 Reward: 76.486 Cost: 4.000
arrive destination: False ,out of road:True   Total T: 84535 Episode Num: 294 Episode T: 435 Reward: 422.214 Cost: 37.000
arrive destination: False ,out of road:True   Total T: 84782 Episode Num: 295 Episode T: 247 Reward: 232.719 Cost: 11.000
arrive destination: True ,out of road:False   Total T: 85295 Episode Num: 296 Episode T: 513 Reward: 494.390 Cost: 45.000
arrive destination: True ,out of road:False   Total T: 85788 Episode Num: 297 Episode T: 493 Reward: 367.639 Cost: 34.000
arrive destination: False ,out of road:True   Total T: 86031 Episode Num: 298 Episode T: 243 Reward: 171.142 Cost: 1.000
arrive destination: True ,out of road:False   Total T: 86281 Episode Num: 299 Episode T: 250 Reward: 247.240 Cost: 0.000
arrive destination: True ,out of road:False   Total T: 86528 Episode Num: 300 Episode T: 247 Reward: 248.421 Cost: 0.000
arrive destination: True ,out of road:False   Total T: 86829 Episode Num: 301 Episode T: 301 Reward: 272.252 Cost: 54.000
arrive destination: False ,out of road:True   Total T: 87079 Episode Num: 302 Episode T: 250 Reward: 225.980 Cost: 14.000
arrive destination: True ,out of road:False   Total T: 87582 Episode Num: 303 Episode T: 503 Reward: 394.681 Cost: 67.000
arrive destination: True ,out of road:False   Total T: 87898 Episode Num: 304 Episode T: 316 Reward: 353.717 Cost: 5.000
arrive destination: True ,out of road:False   Total T: 88149 Episode Num: 305 Episode T: 251 Reward: 295.292 Cost: 19.000
arrive destination: False ,out of road:True   Total T: 88528 Episode Num: 306 Episode T: 379 Reward: 345.131 Cost: 1.000
arrive destination: False ,out of road:False   Total T: 89528 Episode Num: 307 Episode T: 1000 Reward: 136.413 Cost: 7.000
arrive destination: True ,out of road:False   Total T: 89802 Episode Num: 308 Episode T: 274 Reward: 288.952 Cost: 10.000
---------------------------------------
Evaluation over 20 episodes: 0.600 Cost 10.600.             SafeRL used : use_td3
---------------------------------------
[34;1m
Time: 2026-06-29 13:51:22, Time spent from previous logger: 192.699 s[0m
[34;1mCustomLogger with fileds: ['total_steps', 'EpRet', 'EpCost', 'CostRate'][0m
[34;1mfieldvalues: [90000, 0.6, 10.6, 0.04516716852409471]
[0m
arrive destination: True ,out of road:False   Total T: 90245 Episode Num: 309 Episode T: 443 Reward: 388.703 Cost: 46.000
arrive destination: True ,out of road:False   Total T: 90659 Episode Num: 310 Episode T: 414 Reward: 335.697 Cost: 43.000
arrive destination: True ,out of road:False   Total T: 90866 Episode Num: 311 Episode T: 207 Reward: 269.709 Cost: 0.000
arrive destination: True ,out of road:False   Total T: 91464 Episode Num: 312 Episode T: 598 Reward: 465.754 Cost: 22.000
arrive destination: True ,out of road:False   Total T: 91990 Episode Num: 313 Episode T: 526 Reward: 510.194 Cost: 37.000
arrive destination: False ,out of road:True   Total T: 92090 Episode Num: 314 Episode T: 100 Reward: 77.724 Cost: 5.000
arrive destination: False ,out of road:True   Total T: 92225 Episode Num: 315 Episode T: 135 Reward: 77.329 Cost: 16.000
arrive destination: True ,out of road:False   Total T: 92472 Episode Num: 316 Episode T: 247 Reward: 276.929 Cost: 1.000
arrive destination: True ,out of road:False   Total T: 92986 Episode Num: 317 Episode T: 514 Reward: 492.799 Cost: 52.000
arrive destination: True ,out of road:False   Total T: 93197 Episode Num: 318 Episode T: 211 Reward: 232.722 Cost: 9.000
arrive destination: True ,out of road:False   Total T: 93444 Episode Num: 319 Episode T: 247 Reward: 248.318 Cost: 0.000
arrive destination: True ,out of road:False   Total T: 93893 Episode Num: 320 Episode T: 449 Reward: 402.658 Cost: 41.000
arrive destination: False ,out of road:True   Total T: 94011 Episode Num: 321 Episode T: 118 Reward: 75.761 Cost: 10.000
arrive destination: True ,out of road:False   Total T: 94574 Episode Num: 322 Episode T: 563 Reward: 492.133 Cost: 56.000
arrive destination: True ,out of road:False   Total T: 94971 Episode Num: 323 Episode T: 397 Reward: 384.089 Cost: 40.000
arrive destination: True ,out of road:False   Total T: 95196 Episode Num: 324 Episode T: 225 Reward: 295.454 Cost: 5.000
arrive destination: False ,out of road:True   Total T: 95392 Episode Num: 325 Episode T: 196 Reward: 208.696 Cost: 4.000
arrive destination: True ,out of road:False   Total T: 95637 Episode Num: 326 Episode T: 245 Reward: 295.949 Cost: 14.000
arrive destination: True ,out of road:False   Total T: 95972 Episode Num: 327 Episode T: 335 Reward: 367.166 Cost: 19.000
arrive destination: False ,out of road:True   Total T: 96083 Episode Num: 328 Episode T: 111 Reward: 74.906 Cost: 6.000
arrive destination: True ,out of road:False   Total T: 96659 Episode Num: 329 Episode T: 576 Reward: 500.994 Cost: 46.000
arrive destination: False ,out of road:True   Total T: 97056 Episode Num: 330 Episode T: 397 Reward: 276.456 Cost: 33.000
arrive destination: True ,out of road:False   Total T: 97542 Episode Num: 331 Episode T: 486 Reward: 405.156 Cost: 59.000
arrive destination: True ,out of road:False   Total T: 97895 Episode Num: 332 Episode T: 353 Reward: 354.250 Cost: 24.000
arrive destination: True ,out of road:False   Total T: 98276 Episode Num: 333 Episode T: 381 Reward: 294.358 Cost: 15.000
arrive destination: False ,out of road:False   Total T: 99276 Episode Num: 334 Episode T: 1000 Reward: 115.831 Cost: 0.000
arrive destination: False ,out of road:True   Total T: 99894 Episode Num: 335 Episode T: 618 Reward: 362.605 Cost: 67.000
---------------------------------------
Evaluation over 20 episodes: 0.650 Cost 20.250.             SafeRL used : use_td3
---------------------------------------
[34;1m
Time: 2026-06-29 13:54:44, Time spent from previous logger: 202.763 s[0m
[34;1mCustomLogger with fileds: ['total_steps', 'EpRet', 'EpCost', 'CostRate'][0m
[34;1mfieldvalues: [100000, 0.65, 20.25, 0.047300473004730045]
[0m
arrive destination: True ,out of road:False   Total T: 100597 Episode Num: 336 Episode T: 703 Reward: 505.827 Cost: 59.000
arrive destination: True ,out of road:False   Total T: 101093 Episode Num: 337 Episode T: 496 Reward: 366.574 Cost: 70.000
arrive destination: True ,out of road:False   Total T: 101602 Episode Num: 338 Episode T: 509 Reward: 336.368 Cost: 26.000
arrive destination: False ,out of road:True   Total T: 101918 Episode Num: 339 Episode T: 316 Reward: 229.980 Cost: 38.000
arrive destination: True ,out of road:False   Total T: 102173 Episode Num: 340 Episode T: 255 Reward: 305.925 Cost: 19.000
arrive destination: True ,out of road:False   Total T: 102417 Episode Num: 341 Episode T: 244 Reward: 250.336 Cost: 0.000
arrive destination: True ,out of road:False   Total T: 102721 Episode Num: 342 Episode T: 304 Reward: 356.528 Cost: 10.000
arrive destination: True ,out of road:False   Total T: 103042 Episode Num: 343 Episode T: 321 Reward: 358.442 Cost: 13.000
arrive destination: False ,out of road:True   Total T: 103141 Episode Num: 344 Episode T: 99 Reward: 75.499 Cost: 4.000
arrive destination: True ,out of road:False   Total T: 103363 Episode Num: 345 Episode T: 222 Reward: 268.924 Cost: 0.000
arrive destination: True ,out of road:False   Total T: 103751 Episode Num: 346 Episode T: 388 Reward: 401.148 Cost: 1.000
arrive destination: True ,out of road:False   Total T: 104233 Episode Num: 347 Episode T: 482 Reward: 422.055 Cost: 42.000
arrive destination: True ,out of road:False   Total T: 104467 Episode Num: 348 Episode T: 234 Reward: 295.870 Cost: 1.000
arrive destination: True ,out of road:False   Total T: 104737 Episode Num: 349 Episode T: 270 Reward: 278.343 Cost: 7.000
arrive destination: False ,out of road:True   Total T: 104842 Episode Num: 350 Episode T: 105 Reward: 77.357 Cost: 6.000
arrive destination: True ,out of road:False   Total T: 105131 Episode Num: 351 Episode T: 289 Reward: 352.871 Cost: 10.000
arrive destination: True ,out of road:False   Total T: 105378 Episode Num: 352 Episode T: 247 Reward: 233.419 Cost: 18.000
arrive destination: True ,out of road:False   Total T: 105624 Episode Num: 353 Episode T: 246 Reward: 248.507 Cost: 0.000
arrive destination: False ,out of road:True   Total T: 105882 Episode Num: 354 Episode T: 258 Reward: 309.111 Cost: 8.000
arrive destination: False ,out of road:True   Total T: 106104 Episode Num: 355 Episode T: 222 Reward: 218.322 Cost: 7.000
arrive destination: True ,out of road:False   Total T: 106342 Episode Num: 356 Episode T: 238 Reward: 285.976 Cost: 4.000
arrive destination: True ,out of road:False   Total T: 106584 Episode Num: 357 Episode T: 242 Reward: 276.354 Cost: 3.000
arrive destination: True ,out of road:False   Total T: 106822 Episode Num: 358 Episode T: 238 Reward: 250.037 Cost: 0.000
arrive destination: False ,out of road:True   Total T: 106926 Episode Num: 359 Episode T: 104 Reward: 77.275 Cost: 5.000
arrive destination: True ,out of road:False   Total T: 107137 Episode Num: 360 Episode T: 211 Reward: 269.525 Cost: 0.000
arrive destination: True ,out of road:False   Total T: 107342 Episode Num: 361 Episode T: 205 Reward: 269.938 Cost: 0.000
arrive destination: True ,out of road:False   Total T: 108085 Episode Num: 362 Episode T: 743 Reward: 415.635 Cost: 57.000
arrive destination: True ,out of road:False   Total T: 108342 Episode Num: 363 Episode T: 257 Reward: 305.747 Cost: 19.000
arrive destination: True ,out of road:False   Total T: 108722 Episode Num: 364 Episode T: 380 Reward: 335.902 Cost: 43.000
arrive destination: True ,out of road:False   Total T: 109567 Episode Num: 365 Episode T: 845 Reward: 374.151 Cost: 39.000
---------------------------------------
Evaluation over 20 episodes: 0.600 Cost 14.450.             SafeRL used : use_td3
---------------------------------------
[34;1m
Time: 2026-06-29 13:58:06, Time spent from previous logger: 201.037 s[0m
[34;1mCustomLogger with fileds: ['total_steps', 'EpRet', 'EpCost', 'CostRate'][0m
[34;1mfieldvalues: [110000, 0.6, 14.45, 0.04772770661551469]
[0m
arrive destination: True ,out of road:False   Total T: 110243 Episode Num: 366 Episode T: 676 Reward: 501.371 Cost: 15.000
arrive destination: True ,out of road:False   Total T: 110790 Episode Num: 367 Episode T: 547 Reward: 416.704 Cost: 28.000
arrive destination: False ,out of road:True   Total T: 110975 Episode Num: 368 Episode T: 185 Reward: 236.816 Cost: 3.000
arrive destination: False ,out of road:True   Total T: 111198 Episode Num: 369 Episode T: 223 Reward: 235.080 Cost: 4.000
arrive destination: True ,out of road:False   Total T: 111592 Episode Num: 370 Episode T: 394 Reward: 372.688 Cost: 27.000
arrive destination: True ,out of road:False   Total T: 111916 Episode Num: 371 Episode T: 324 Reward: 386.588 Cost: 19.000
arrive destination: True ,out of road:False   Total T: 112389 Episode Num: 372 Episode T: 473 Reward: 336.329 Cost: 14.000
arrive destination: True ,out of road:False   Total T: 112906 Episode Num: 373 Episode T: 517 Reward: 492.584 Cost: 42.000
arrive destination: False ,out of road:True   Total T: 113179 Episode Num: 374 Episode T: 273 Reward: 342.060 Cost: 14.000
arrive destination: True ,out of road:False   Total T: 113554 Episode Num: 375 Episode T: 375 Reward: 373.317 Cost: 43.000
arrive destination: True ,out of road:False   Total T: 113814 Episode Num: 376 Episode T: 260 Reward: 278.525 Cost: 18.000
arrive destination: True ,out of road:False   Total T: 114081 Episode Num: 377 Episode T: 267 Reward: 290.183 Cost: 12.000
arrive destination: True ,out of road:False   Total T: 114592 Episode Num: 378 Episode T: 511 Reward: 507.506 Cost: 47.000
arrive destination: True ,out of road:False   Total T: 114857 Episode Num: 379 Episode T: 265 Reward: 298.833 Cost: 19.000
arrive destination: True ,out of road:False   Total T: 115059 Episode Num: 380 Episode T: 202 Reward: 269.588 Cost: 4.000
arrive destination: False ,out of road:True   Total T: 115407 Episode Num: 381 Episode T: 348 Reward: 351.160 Cost: 1.000
arrive destination: True ,out of road:False   Total T: 115868 Episode Num: 382 Episode T: 461 Reward: 416.261 Cost: 35.000
arrive destination: True ,out of road:False   Total T: 116118 Episode Num: 383 Episode T: 250 Reward: 271.473 Cost: 12.000
arrive destination: True ,out of road:False   Total T: 116471 Episode Num: 384 Episode T: 353 Reward: 386.319 Cost: 33.000
arrive destination: False ,out of road:True   Total T: 116571 Episode Num: 385 Episode T: 100 Reward: 77.440 Cost: 4.000
arrive destination: True ,out of road:False   Total T: 116762 Episode Num: 386 Episode T: 191 Reward: 269.583 Cost: 0.000
arrive destination: True ,out of road:False   Total T: 116961 Episode Num: 387 Episode T: 199 Reward: 269.401 Cost: 0.000
arrive destination: False ,out of road:True   Total T: 117178 Episode Num: 388 Episode T: 217 Reward: 235.065 Cost: 2.000
arrive destination: True ,out of road:False   Total T: 117773 Episode Num: 389 Episode T: 595 Reward: 491.993 Cost: 55.000
arrive destination: True ,out of road:False   Total T: 118025 Episode Num: 390 Episode T: 252 Reward: 274.507 Cost: 3.000
arrive destination: True ,out of road:False   Total T: 118276 Episode Num: 391 Episode T: 251 Reward: 271.015 Cost: 17.000
arrive destination: True ,out of road:False   Total T: 118665 Episode Num: 392 Episode T: 389 Reward: 393.940 Cost: 0.000
arrive destination: False ,out of road:True   Total T: 118922 Episode Num: 393 Episode T: 257 Reward: 306.582 Cost: 5.000
arrive destination: True ,out of road:False   Total T: 119266 Episode Num: 394 Episode T: 344 Reward: 335.953 Cost: 18.000
arrive destination: True ,out of road:False   Total T: 119494 Episode Num: 395 Episode T: 228 Reward: 246.897 Cost: 0.000
arrive destination: True ,out of road:False   Total T: 119989 Episode Num: 396 Episode T: 495 Reward: 492.559 Cost: 31.000
---------------------------------------
Evaluation over 20 episodes: 0.750 Cost 16.650.             SafeRL used : use_td3
---------------------------------------
[34;1m
Time: 2026-06-29 14:01:34, Time spent from previous logger: 208.788 s[0m
[34;1mCustomLogger with fileds: ['total_steps', 'EpRet', 'EpCost', 'CostRate'][0m
[34;1mfieldvalues: [120000, 0.75, 16.65, 0.04801706680889008]
[0m
arrive destination: False ,out of road:True   Total T: 120276 Episode Num: 397 Episode T: 287 Reward: 230.464 Cost: 7.000
arrive destination: True ,out of road:False   Total T: 120659 Episode Num: 398 Episode T: 383 Reward: 397.584 Cost: 0.000
arrive destination: False ,out of road:True   Total T: 120969 Episode Num: 399 Episode T: 310 Reward: 328.835 Cost: 1.000
arrive destination: True ,out of road:False   Total T: 121234 Episode Num: 400 Episode T: 265 Reward: 299.421 Cost: 23.000
arrive destination: True ,out of road:False   Total T: 121753 Episode Num: 401 Episode T: 519 Reward: 505.618 Cost: 51.000
arrive destination: False ,out of road:True   Total T: 122199 Episode Num: 402 Episode T: 446 Reward: 347.225 Cost: 25.000
arrive destination: True ,out of road:False   Total T: 122684 Episode Num: 403 Episode T: 485 Reward: 461.310 Cost: 22.000
arrive destination: True ,out of road:False   Total T: 123128 Episode Num: 404 Episode T: 444 Reward: 414.245 Cost: 34.000
arrive destination: True ,out of road:False   Total T: 123367 Episode Num: 405 Episode T: 239 Reward: 287.792 Cost: 4.000
arrive destination: True ,out of road:False   Total T: 123803 Episode Num: 406 Episode T: 436 Reward: 415.171 Cost: 23.000
arrive destination: False ,out of road:True   Total T: 124046 Episode Num: 407 Episode T: 243 Reward: 209.267 Cost: 17.000
arrive destination: True ,out of road:False   Total T: 124465 Episode Num: 408 Episode T: 419 Reward: 393.903 Cost: 45.000
arrive destination: True ,out of road:False   Total T: 124978 Episode Num: 409 Episode T: 513 Reward: 402.962 Cost: 17.000
arrive destination: True ,out of road:False   Total T: 125212 Episode Num: 410 Episode T: 234 Reward: 233.818 Cost: 27.000
arrive destination: True ,out of road:False   Total T: 125459 Episode Num: 411 Episode T: 247 Reward: 270.501 Cost: 4.000
arrive destination: True ,out of road:False   Total T: 126073 Episode Num: 412 Episode T: 614 Reward: 492.411 Cost: 71.000
arrive destination: False ,out of road:True   Total T: 126264 Episode Num: 413 Episode T: 191 Reward: 167.489 Cost: 4.000
arrive destination: True ,out of road:False   Total T: 126505 Episode Num: 414 Episode T: 241 Reward: 271.258 Cost: 3.000
arrive destination: False ,out of road:True   Total T: 126672 Episode Num: 415 Episode T: 167 Reward: 145.024 Cost: 8.000
arrive destination: True ,out of road:False   Total T: 127190 Episode Num: 416 Episode T: 518 Reward: 507.622 Cost: 33.000
arrive destination: False ,out of road:True   Total T: 127452 Episode Num: 417 Episode T: 262 Reward: 185.646 Cost: 17.000
arrive destination: True ,out of road:False   Total T: 128017 Episode Num: 418 Episode T: 565 Reward: 437.925 Cost: 42.000
arrive destination: True ,out of road:False   Total T: 128224 Episode Num: 419 Episode T: 207 Reward: 269.726 Cost: 0.000
arrive destination: True ,out of road:False   Total T: 128482 Episode Num: 420 Episode T: 258 Reward: 288.499 Cost: 26.000
arrive destination: True ,out of road:False   Total T: 128834 Episode Num: 421 Episode T: 352 Reward: 367.757 Cost: 11.000
arrive destination: True ,out of road:False   Total T: 129081 Episode Num: 422 Episode T: 247 Reward: 271.199 Cost: 2.000
arrive destination: False ,out of road:True   Total T: 129384 Episode Num: 423 Episode T: 303 Reward: 287.374 Cost: 17.000
arrive destination: True ,out of road:False   Total T: 129617 Episode Num: 424 Episode T: 233 Reward: 234.001 Cost: 15.000
arrive destination: True ,out of road:False   Total T: 129832 Episode Num: 425 Episode T: 215 Reward: 269.730 Cost: 2.000
---------------------------------------
Evaluation over 20 episodes: 0.500 Cost 21.750.             SafeRL used : use_td3
---------------------------------------
[34;1m
Time: 2026-06-29 14:05:08, Time spent from previous logger: 213.424 s[0m
[34;1mCustomLogger with fileds: ['total_steps', 'EpRet', 'EpCost', 'CostRate'][0m
[34;1mfieldvalues: [130000, 0.5, 21.75, 0.0485619120147078]
[0m
arrive destination: True ,out of road:False   Total T: 130473 Episode Num: 426 Episode T: 641 Reward: 582.311 Cost: 77.000
arrive destination: True ,out of road:False   Total T: 131052 Episode Num: 427 Episode T: 579 Reward: 416.751 Cost: 62.000
arrive destination: False ,out of road:True   Total T: 131586 Episode Num: 428 Episode T: 534 Reward: 272.036 Cost: 48.000
arrive destination: True ,out of road:False   Total T: 131821 Episode Num: 429 Episode T: 235 Reward: 248.438 Cost: 0.000
arrive destination: True ,out of road:False   Total T: 132190 Episode Num: 430 Episode T: 369 Reward: 373.356 Cost: 16.000
arrive destination: True ,out of road:False   Total T: 132643 Episode Num: 431 Episode T: 453 Reward: 443.236 Cost: 16.000
arrive destination: True ,out of road:False   Total T: 132956 Episode Num: 432 Episode T: 313 Reward: 278.082 Cost: 0.000
arrive destination: True ,out of road:False   Total T: 133299 Episode Num: 433 Episode T: 343 Reward: 296.016 Cost: 7.000
arrive destination: True ,out of road:False   Total T: 133808 Episode Num: 434 Episode T: 509 Reward: 509.730 Cost: 38.000
arrive destination: False ,out of road:True   Total T: 133908 Episode Num: 435 Episode T: 100 Reward: 77.192 Cost: 4.000
arrive destination: True ,out of road:False   Total T: 134122 Episode Num: 436 Episode T: 214 Reward: 268.489 Cost: 0.000
arrive destination: True ,out of road:False   Total T: 134532 Episode Num: 437 Episode T: 410 Reward: 289.294 Cost: 7.000
arrive destination: True ,out of road:False   Total T: 134738 Episode Num: 438 Episode T: 206 Reward: 270.190 Cost: 3.000
arrive destination: True ,out of road:False   Total T: 135002 Episode Num: 439 Episode T: 264 Reward: 297.998 Cost: 28.000
arrive destination: False ,out of road:True   Total T: 135353 Episode Num: 440 Episode T: 351 Reward: 370.639 Cost: 16.000
arrive destination: True ,out of road:False   Total T: 135975 Episode Num: 441 Episode T: 622 Reward: 414.615 Cost: 40.000
arrive destination: False ,out of road:True   Total T: 136321 Episode Num: 442 Episode T: 346 Reward: 352.238 Cost: 2.000
arrive destination: True ,out of road:False   Total T: 136741 Episode Num: 443 Episode T: 420 Reward: 393.598 Cost: 21.000
arrive destination: True ,out of road:False   Total T: 137008 Episode Num: 444 Episode T: 267 Reward: 271.248 Cost: 20.000
arrive destination: False ,out of road:True   Total T: 137274 Episode Num: 445 Episode T: 266 Reward: 248.011 Cost: 11.000
arrive destination: True ,out of road:False   Total T: 137533 Episode Num: 446 Episode T: 259 Reward: 295.735 Cost: 13.000
arrive destination: True ,out of road:False   Total T: 137985 Episode Num: 447 Episode T: 452 Reward: 363.427 Cost: 20.000
arrive destination: True ,out of road:False   Total T: 138471 Episode Num: 448 Episode T: 486 Reward: 375.469 Cost: 19.000
arrive destination: True ,out of road:False   Total T: 138875 Episode Num: 449 Episode T: 404 Reward: 399.008 Cost: 6.000
arrive destination: True ,out of road:False   Total T: 139144 Episode Num: 450 Episode T: 269 Reward: 271.151 Cost: 11.000
arrive destination: False ,out of road:True   Total T: 139359 Episode Num: 451 Episode T: 215 Reward: 192.446 Cost: 9.000
arrive destination: False ,out of road:True   Total T: 139459 Episode Num: 452 Episode T: 100 Reward: 77.291 Cost: 4.000
arrive destination: False ,out of road:True   Total T: 139617 Episode Num: 453 Episode T: 158 Reward: 136.963 Cost: 8.000
---------------------------------------
Evaluation over 20 episodes: 0.450 Cost 10.200.             SafeRL used : use_td3
---------------------------------------
[34;1m
Time: 2026-06-29 14:08:32, Time spent from previous logger: 204.037 s[0m
[34;1mCustomLogger with fileds: ['total_steps', 'EpRet', 'EpCost', 'CostRate'][0m
[34;1mfieldvalues: [140000, 0.45, 10.2, 0.0488289202065729]
[0m
arrive destination: True ,out of road:False   Total T: 140254 Episode Num: 454 Episode T: 637 Reward: 598.557 Cost: 37.000
arrive destination: True ,out of road:False   Total T: 140696 Episode Num: 455 Episode T: 442 Reward: 294.754 Cost: 12.000
arrive destination: True ,out of road:False   Total T: 140932 Episode Num: 456 Episode T: 236 Reward: 234.203 Cost: 37.000
arrive destination: True ,out of road:False   Total T: 141208 Episode Num: 457 Episode T: 276 Reward: 275.117 Cost: 6.000
arrive destination: False ,out of road:True   Total T: 141373 Episode Num: 458 Episode T: 165 Reward: 147.311 Cost: 10.000
arrive destination: True ,out of road:False   Total T: 141578 Episode Num: 459 Episode T: 205 Reward: 269.208 Cost: 3.000
arrive destination: True ,out of road:False   Total T: 141948 Episode Num: 460 Episode T: 370 Reward: 277.902 Cost: 2.000
arrive destination: False ,out of road:True   Total T: 142326 Episode Num: 461 Episode T: 378 Reward: 378.977 Cost: 20.000
arrive destination: True ,out of road:False   Total T: 142666 Episode Num: 462 Episode T: 340 Reward: 269.356 Cost: 12.000
arrive destination: True ,out of road:False   Total T: 142969 Episode Num: 463 Episode T: 303 Reward: 336.327 Cost: 3.000
arrive destination: False ,out of road:True   Total T: 143132 Episode Num: 464 Episode T: 163 Reward: 160.639 Cost: 7.000
arrive destination: True ,out of road:False   Total T: 143517 Episode Num: 465 Episode T: 385 Reward: 399.739 Cost: 0.000
arrive destination: True ,out of road:False   Total T: 143725 Episode Num: 466 Episode T: 208 Reward: 279.386 Cost: 5.000
arrive destination: True ,out of road:False   Total T: 144263 Episode Num: 467 Episode T: 538 Reward: 463.752 Cost: 27.000
arrive destination: False ,out of road:True   Total T: 144397 Episode Num: 468 Episode T: 134 Reward: 139.018 Cost: 1.000
arrive destination: True ,out of road:False   Total T: 144629 Episode Num: 469 Episode T: 232 Reward: 247.862 Cost: 0.000
arrive destination: False ,out of road:False   Total T: 145629 Episode Num: 470 Episode T: 1000 Reward: 479.358 Cost: 56.000
arrive destination: True ,out of road:False   Total T: 145862 Episode Num: 471 Episode T: 233 Reward: 233.050 Cost: 21.000
arrive destination: True ,out of road:False   Total T: 146351 Episode Num: 472 Episode T: 489 Reward: 497.586 Cost: 49.000
arrive destination: True ,out of road:False   Total T: 146969 Episode Num: 473 Episode T: 618 Reward: 466.349 Cost: 15.000
arrive destination: True ,out of road:False   Total T: 147591 Episode Num: 474 Episode T: 622 Reward: 422.580 Cost: 47.000
arrive destination: True ,out of road:False   Total T: 148027 Episode Num: 475 Episode T: 436 Reward: 336.058 Cost: 24.000
arrive destination: True ,out of road:False   Total T: 148384 Episode Num: 476 Episode T: 357 Reward: 395.982 Cost: 0.000
arrive destination: True ,out of road:False   Total T: 148643 Episode Num: 477 Episode T: 259 Reward: 267.555 Cost: 24.000
arrive destination: True ,out of road:False   Total T: 148851 Episode Num: 478 Episode T: 208 Reward: 232.567 Cost: 1.000
arrive destination: False ,out of road:True   Total T: 149078 Episode Num: 479 Episode T: 227 Reward: 214.020 Cost: 10.000
arrive destination: True ,out of road:False   Total T: 149324 Episode Num: 480 Episode T: 246 Reward: 274.322 Cost: 0.000
arrive destination: True ,out of road:False   Total T: 149793 Episode Num: 481 Episode T: 469 Reward: 509.953 Cost: 25.000
---------------------------------------
Evaluation over 20 episodes: 0.650 Cost 14.900.             SafeRL used : use_td3
---------------------------------------
[34;1m
Time: 2026-06-29 14:12:04, Time spent from previous logger: 212.401 s[0m
[34;1mCustomLogger with fileds: ['total_steps', 'EpRet', 'EpCost', 'CostRate'][0m
[34;1mfieldvalues: [150000, 0.65, 14.9, 0.048500323335488905]
[0m
arrive destination: False ,out of road:False   Total T: 150793 Episode Num: 482 Episode T: 1000 Reward: 513.618 Cost: 14.000
arrive destination: True ,out of road:False   Total T: 151042 Episode Num: 483 Episode T: 249 Reward: 273.299 Cost: 7.000
arrive destination: True ,out of road:False   Total T: 151329 Episode Num: 484 Episode T: 287 Reward: 295.948 Cost: 15.000
arrive destination: True ,out of road:False   Total T: 151876 Episode Num: 485 Episode T: 547 Reward: 410.422 Cost: 23.000
arrive destination: True ,out of road:False   Total T: 152131 Episode Num: 486 Episode T: 255 Reward: 274.893 Cost: 0.000
arrive destination: True ,out of road:False   Total T: 152385 Episode Num: 487 Episode T: 254 Reward: 269.650 Cost: 9.000
arrive destination: True ,out of road:False   Total T: 152642 Episode Num: 488 Episode T: 257 Reward: 271.525 Cost: 13.000
arrive destination: True ,out of road:False   Total T: 152867 Episode Num: 489 Episode T: 225 Reward: 269.453 Cost: 0.000
arrive destination: True ,out of road:False   Total T: 153081 Episode Num: 490 Episode T: 214 Reward: 270.029 Cost: 2.000
arrive destination: True ,out of road:False   Total T: 153358 Episode Num: 491 Episode T: 277 Reward: 267.320 Cost: 12.000
arrive destination: True ,out of road:False   Total T: 153841 Episode Num: 492 Episode T: 483 Reward: 492.477 Cost: 55.000
arrive destination: True ,out of road:False   Total T: 154057 Episode Num: 493 Episode T: 216 Reward: 270.079 Cost: 2.000
arrive destination: False ,out of road:True   Total T: 154480 Episode Num: 494 Episode T: 423 Reward: 217.420 Cost: 15.000
arrive destination: True ,out of road:False   Total T: 154980 Episode Num: 495 Episode T: 500 Reward: 508.840 Cost: 27.000
arrive destination: False ,out of road:True   Total T: 155060 Episode Num: 496 Episode T: 80 Reward: 53.997 Cost: 1.000
arrive destination: True ,out of road:False   Total T: 155646 Episode Num: 497 Episode T: 586 Reward: 512.768 Cost: 24.000
arrive destination: True ,out of road:False   Total T: 155838 Episode Num: 498 Episode T: 192 Reward: 269.667 Cost: 0.000
arrive destination: True ,out of road:False   Total T: 156161 Episode Num: 499 Episode T: 323 Reward: 369.430 Cost: 11.000
arrive destination: True ,out of road:False   Total T: 156433 Episode Num: 500 Episode T: 272 Reward: 272.997 Cost: 1.000
arrive destination: False ,out of road:True   Total T: 156726 Episode Num: 501 Episode T: 293 Reward: 336.531 Cost: 10.000
arrive destination: True ,out of road:False   Total T: 157021 Episode Num: 502 Episode T: 295 Reward: 294.393 Cost: 23.000
arrive destination: True ,out of road:False   Total T: 157356 Episode Num: 503 Episode T: 335 Reward: 366.606 Cost: 20.000
arrive destination: False ,out of road:True   Total T: 157541 Episode Num: 504 Episode T: 185 Reward: 176.026 Cost: 1.000
arrive destination: False ,out of road:False   Total T: 158541 Episode Num: 505 Episode T: 1000 Reward: 255.793 Cost: 3.000
arrive destination: True ,out of road:False   Total T: 158963 Episode Num: 506 Episode T: 422 Reward: 411.552 Cost: 20.000
arrive destination: True ,out of road:False   Total T: 159225 Episode Num: 507 Episode T: 262 Reward: 272.044 Cost: 4.000
arrive destination: True ,out of road:False   Total T: 159432 Episode Num: 508 Episode T: 207 Reward: 269.868 Cost: 0.000
arrive destination: False ,out of road:True   Total T: 159617 Episode Num: 509 Episode T: 185 Reward: 177.148 Cost: 1.000
arrive destination: False ,out of road:True   Total T: 159895 Episode Num: 510 Episode T: 278 Reward: 249.976 Cost: 15.000
---------------------------------------
Evaluation over 20 episodes: 0.650 Cost 19.000.             SafeRL used : use_td3
---------------------------------------
[34;1m
Time: 2026-06-29 14:15:22, Time spent from previous logger: 197.447 s[0m
[34;1mCustomLogger with fileds: ['total_steps', 'EpRet', 'EpCost', 'CostRate'][0m
[34;1mfieldvalues: [160000, 0.65, 19.0, 0.04753779711123195]
[0m
arrive destination: True ,out of road:False   Total T: 160341 Episode Num: 511 Episode T: 446 Reward: 364.482 Cost: 8.000
arrive destination: True ,out of road:False   Total T: 160557 Episode Num: 512 Episode T: 216 Reward: 269.028 Cost: 1.000
arrive destination: True ,out of road:False   Total T: 160893 Episode Num: 513 Episode T: 336 Reward: 294.715 Cost: 19.000
arrive destination: True ,out of road:False   Total T: 161360 Episode Num: 514 Episode T: 467 Reward: 474.435 Cost: 23.000
arrive destination: True ,out of road:False   Total T: 161668 Episode Num: 515 Episode T: 308 Reward: 354.601 Cost: 9.000
arrive destination: True ,out of road:False   Total T: 161880 Episode Num: 516 Episode T: 212 Reward: 270.107 Cost: 0.000
arrive destination: True ,out of road:False   Total T: 162104 Episode Num: 517 Episode T: 224 Reward: 269.724 Cost: 0.000
arrive destination: True ,out of road:False   Total T: 162471 Episode Num: 518 Episode T: 367 Reward: 365.186 Cost: 7.000
arrive destination: True ,out of road:False   Total T: 163137 Episode Num: 519 Episode T: 666 Reward: 431.128 Cost: 34.000
arrive destination: True ,out of road:False   Total T: 163406 Episode Num: 520 Episode T: 269 Reward: 269.531 Cost: 16.000
arrive destination: True ,out of road:False   Total T: 163958 Episode Num: 521 Episode T: 552 Reward: 411.287 Cost: 25.000
arrive destination: True ,out of road:False   Total T: 164438 Episode Num: 522 Episode T: 480 Reward: 412.483 Cost: 37.000
arrive destination: True ,out of road:False   Total T: 164910 Episode Num: 523 Episode T: 472 Reward: 490.715 Cost: 40.000
arrive destination: True ,out of road:False   Total T: 165284 Episode Num: 524 Episode T: 374 Reward: 294.728 Cost: 26.000
arrive destination: True ,out of road:False   Total T: 165536 Episode Num: 525 Episode T: 252 Reward: 295.823 Cost: 17.000
arrive destination: False ,out of road:True   Total T: 165829 Episode Num: 526 Episode T: 293 Reward: 239.123 Cost: 11.000
arrive destination: False ,out of road:True   Total T: 166022 Episode Num: 527 Episode T: 193 Reward: 232.551 Cost: 6.000
arrive destination: False ,out of road:True   Total T: 166697 Episode Num: 528 Episode T: 675 Reward: 260.228 Cost: 34.000
arrive destination: True ,out of road:False   Total T: 166915 Episode Num: 529 Episode T: 218 Reward: 270.053 Cost: 0.000
arrive destination: True ,out of road:False   Total T: 167362 Episode Num: 530 Episode T: 447 Reward: 412.359 Cost: 45.000
arrive destination: True ,out of road:False   Total T: 167842 Episode Num: 531 Episode T: 480 Reward: 470.555 Cost: 15.000
arrive destination: True ,out of road:False   Total T: 168191 Episode Num: 532 Episode T: 349 Reward: 369.005 Cost: 42.000
arrive destination: True ,out of road:False   Total T: 168666 Episode Num: 533 Episode T: 475 Reward: 466.692 Cost: 22.000
arrive destination: True ,out of road:False   Total T: 168910 Episode Num: 534 Episode T: 244 Reward: 272.880 Cost: 4.000
arrive destination: True ,out of road:False   Total T: 169364 Episode Num: 535 Episode T: 454 Reward: 471.292 Cost: 9.000
arrive destination: False ,out of road:True   Total T: 169714 Episode Num: 536 Episode T: 350 Reward: 320.802 Cost: 22.000
arrive destination: False ,out of road:True   Total T: 169821 Episode Num: 537 Episode T: 107 Reward: 86.298 Cost: 2.000
---------------------------------------
Evaluation over 20 episodes: 0.350 Cost 10.700.             SafeRL used : use_td3
---------------------------------------
[34;1m
Time: 2026-06-29 14:18:31, Time spent from previous logger: 189.206 s[0m
[34;1mCustomLogger with fileds: ['total_steps', 'EpRet', 'EpCost', 'CostRate'][0m
[34;1mfieldvalues: [170000, 0.35, 10.7, 0.047500279413408314]
[0m
arrive destination: True ,out of road:False   Total T: 170279 Episode Num: 538 Episode T: 458 Reward: 440.124 Cost: 18.000
arrive destination: True ,out of road:False   Total T: 170581 Episode Num: 539 Episode T: 302 Reward: 350.028 Cost: 8.000
arrive destination: True ,out of road:False   Total T: 170807 Episode Num: 540 Episode T: 226 Reward: 249.101 Cost: 0.000
arrive destination: False ,out of road:True   Total T: 171034 Episode Num: 541 Episode T: 227 Reward: 234.258 Cost: 4.000
arrive destination: True ,out of road:False   Total T: 171285 Episode Num: 542 Episode T: 251 Reward: 232.716 Cost: 1.000
arrive destination: True ,out of road:False   Total T: 171871 Episode Num: 543 Episode T: 586 Reward: 506.244 Cost: 49.000
arrive destination: True ,out of road:False   Total T: 172378 Episode Num: 544 Episode T: 507 Reward: 505.560 Cost: 19.000
arrive destination: True ,out of road:False   Total T: 172738 Episode Num: 545 Episode T: 360 Reward: 270.365 Cost: 12.000
arrive destination: True ,out of road:False   Total T: 173039 Episode Num: 546 Episode T: 301 Reward: 350.880 Cost: 7.000
arrive destination: False ,out of road:True   Total T: 173256 Episode Num: 547 Episode T: 217 Reward: 236.105 Cost: 4.000
arrive destination: True ,out of road:False   Total T: 173500 Episode Num: 548 Episode T: 244 Reward: 251.142 Cost: 0.000
arrive destination: True ,out of road:False   Total T: 173923 Episode Num: 549 Episode T: 423 Reward: 375.721 Cost: 34.000
arrive destination: True ,out of road:False   Total T: 174191 Episode Num: 550 Episode T: 268 Reward: 275.455 Cost: 6.000
arrive destination: True ,out of road:False   Total T: 174480 Episode Num: 551 Episode T: 289 Reward: 274.295 Cost: 18.000
arrive destination: True ,out of road:False   Total T: 174828 Episode Num: 552 Episode T: 348 Reward: 399.116 Cost: 0.000
arrive destination: False ,out of road:True   Total T: 174983 Episode Num: 553 Episode T: 155 Reward: 168.080 Cost: 5.000
arrive destination: True ,out of road:False   Total T: 175333 Episode Num: 554 Episode T: 350 Reward: 401.094 Cost: 0.000
arrive destination: False ,out of road:True   Total T: 175590 Episode Num: 555 Episode T: 257 Reward: 268.615 Cost: 9.000
arrive destination: False ,out of road:True   Total T: 176130 Episode Num: 556 Episode T: 540 Reward: 338.620 Cost: 50.000
arrive destination: True ,out of road:False   Total T: 176593 Episode Num: 557 Episode T: 463 Reward: 410.690 Cost: 12.000
arrive destination: True ,out of road:False   Total T: 177074 Episode Num: 558 Episode T: 481 Reward: 468.703 Cost: 8.000
arrive destination: True ,out of road:False   Total T: 177442 Episode Num: 559 Episode T: 368 Reward: 380.204 Cost: 25.000
arrive destination: True ,out of road:False   Total T: 177965 Episode Num: 560 Episode T: 523 Reward: 415.660 Cost: 57.000
arrive destination: True ,out of road:False   Total T: 178213 Episode Num: 561 Episode T: 248 Reward: 232.248 Cost: 7.000
arrive destination: True ,out of road:False   Total T: 178659 Episode Num: 562 Episode T: 446 Reward: 413.277 Cost: 40.000
arrive destination: True ,out of road:False   Total T: 179028 Episode Num: 563 Episode T: 369 Reward: 396.980 Cost: 0.000
arrive destination: True ,out of road:False   Total T: 179324 Episode Num: 564 Episode T: 296 Reward: 354.468 Cost: 4.000
arrive destination: True ,out of road:False   Total T: 179586 Episode Num: 565 Episode T: 262 Reward: 285.009 Cost: 16.000
arrive destination: False ,out of road:True   Total T: 179687 Episode Num: 566 Episode T: 101 Reward: 64.671 Cost: 8.000
---------------------------------------
Evaluation over 20 episodes: 0.550 Cost 9.350.             SafeRL used : use_td3
---------------------------------------
[34;1m
Time: 2026-06-29 14:21:48, Time spent from previous logger: 197.460 s[0m
[34;1mCustomLogger with fileds: ['total_steps', 'EpRet', 'EpCost', 'CostRate'][0m
[34;1mfieldvalues: [180000, 0.55, 9.35, 0.04727248484713804]
[0m
arrive destination: True ,out of road:False   Total T: 180261 Episode Num: 567 Episode T: 574 Reward: 539.353 Cost: 19.000
arrive destination: True ,out of road:False   Total T: 180834 Episode Num: 568 Episode T: 573 Reward: 496.783 Cost: 41.000
arrive destination: True ,out of road:False   Total T: 181107 Episode Num: 569 Episode T: 273 Reward: 268.323 Cost: 14.000
arrive destination: False ,out of road:True   Total T: 181278 Episode Num: 570 Episode T: 171 Reward: 130.470 Cost: 14.000
arrive destination: True ,out of road:False   Total T: 181726 Episode Num: 571 Episode T: 448 Reward: 511.822 Cost: 13.000
arrive destination: True ,out of road:False   Total T: 182056 Episode Num: 572 Episode T: 330 Reward: 294.613 Cost: 27.000
arrive destination: True ,out of road:False   Total T: 182521 Episode Num: 573 Episode T: 465 Reward: 399.992 Cost: 31.000
arrive destination: True ,out of road:False   Total T: 183068 Episode Num: 574 Episode T: 547 Reward: 509.965 Cost: 29.000
arrive destination: True ,out of road:False   Total T: 183576 Episode Num: 575 Episode T: 508 Reward: 416.331 Cost: 61.000
arrive destination: False ,out of road:True   Total T: 183821 Episode Num: 576 Episode T: 245 Reward: 222.708 Cost: 14.000
arrive destination: True ,out of road:False   Total T: 184286 Episode Num: 577 Episode T: 465 Reward: 467.656 Cost: 23.000
arrive destination: False ,out of road:True   Total T: 184364 Episode Num: 578 Episode T: 78 Reward: 55.942 Cost: 1.000
arrive destination: True ,out of road:False   Total T: 184835 Episode Num: 579 Episode T: 471 Reward: 465.710 Cost: 24.000
arrive destination: True ,out of road:False   Total T: 185126 Episode Num: 580 Episode T: 291 Reward: 294.513 Cost: 12.000
arrive destination: True ,out of road:False   Total T: 185348 Episode Num: 581 Episode T: 222 Reward: 269.442 Cost: 0.000
arrive destination: True ,out of road:False   Total T: 185657 Episode Num: 582 Episode T: 309 Reward: 355.967 Cost: 10.000
arrive destination: True ,out of road:False   Total T: 185923 Episode Num: 583 Episode T: 266 Reward: 287.798 Cost: 9.000
arrive destination: False ,out of road:True   Total T: 186298 Episode Num: 584 Episode T: 375 Reward: 359.520 Cost: 9.000
arrive destination: True ,out of road:False   Total T: 186543 Episode Num: 585 Episode T: 245 Reward: 274.687 Cost: 3.000
arrive destination: True ,out of road:False   Total T: 186803 Episode Num: 586 Episode T: 260 Reward: 289.854 Cost: 21.000
arrive destination: True ,out of road:False   Total T: 187358 Episode Num: 587 Episode T: 555 Reward: 511.471 Cost: 31.000
arrive destination: False ,out of road:True   Total T: 187623 Episode Num: 588 Episode T: 265 Reward: 312.627 Cost: 1.000
arrive destination: False ,out of road:True   Total T: 187895 Episode Num: 589 Episode T: 272 Reward: 228.608 Cost: 14.000
arrive destination: True ,out of road:False   Total T: 188356 Episode Num: 590 Episode T: 461 Reward: 510.373 Cost: 38.000
arrive destination: False ,out of road:True   Total T: 188580 Episode Num: 591 Episode T: 224 Reward: 137.649 Cost: 19.000
arrive destination: True ,out of road:False   Total T: 188797 Episode Num: 592 Episode T: 217 Reward: 269.522 Cost: 6.000
arrive destination: True ,out of road:False   Total T: 189361 Episode Num: 593 Episode T: 564 Reward: 518.021 Cost: 39.000
arrive destination: True ,out of road:False   Total T: 189731 Episode Num: 594 Episode T: 370 Reward: 401.255 Cost: 1.000
---------------------------------------
Evaluation over 20 episodes: 0.650 Cost 15.650.             SafeRL used : use_td3
---------------------------------------
[34;1m
Time: 2026-06-29 14:25:13, Time spent from previous logger: 204.217 s[0m
[34;1mCustomLogger with fileds: ['total_steps', 'EpRet', 'EpCost', 'CostRate'][0m
[34;1mfieldvalues: [190000, 0.65, 15.65, 0.047500250001315796]
[0m
arrive destination: False ,out of road:True   Total T: 190287 Episode Num: 595 Episode T: 556 Reward: 559.240 Cost: 28.000
arrive destination: True ,out of road:False   Total T: 190678 Episode Num: 596 Episode T: 391 Reward: 336.158 Cost: 11.000
arrive destination: False ,out of road:True   Total T: 190779 Episode Num: 597 Episode T: 101 Reward: 76.278 Cost: 2.000
arrive destination: True ,out of road:False   Total T: 191069 Episode Num: 598 Episode T: 290 Reward: 271.502 Cost: 16.000
arrive destination: True ,out of road:True   Total T: 191678 Episode Num: 599 Episode T: 609 Reward: 489.952 Cost: 51.000
arrive destination: True ,out of road:False   Total T: 191964 Episode Num: 600 Episode T: 286 Reward: 276.003 Cost: 4.000
arrive destination: True ,out of road:False   Total T: 192180 Episode Num: 601 Episode T: 216 Reward: 245.652 Cost: 0.000
arrive destination: True ,out of road:False   Total T: 192515 Episode Num: 602 Episode T: 335 Reward: 268.254 Cost: 11.000
arrive destination: True ,out of road:False   Total T: 192950 Episode Num: 603 Episode T: 435 Reward: 402.094 Cost: 6.000
arrive destination: True ,out of road:False   Total T: 193225 Episode Num: 604 Episode T: 275 Reward: 298.350 Cost: 7.000
arrive destination: True ,out of road:False   Total T: 193491 Episode Num: 605 Episode T: 266 Reward: 271.841 Cost: 7.000
arrive destination: False ,out of road:True   Total T: 193745 Episode Num: 606 Episode T: 254 Reward: 204.248 Cost: 16.000
arrive destination: False ,out of road:True   Total T: 193944 Episode Num: 607 Episode T: 199 Reward: 185.799 Cost: 18.000
arrive destination: False ,out of road:True   Total T: 194102 Episode Num: 608 Episode T: 158 Reward: 132.578 Cost: 4.000
arrive destination: True ,out of road:False   Total T: 194447 Episode Num: 609 Episode T: 345 Reward: 367.649 Cost: 8.000
arrive destination: True ,out of road:False   Total T: 194698 Episode Num: 610 Episode T: 251 Reward: 278.860 Cost: 2.000
arrive destination: True ,out of road:False   Total T: 195010 Episode Num: 611 Episode T: 312 Reward: 353.561 Cost: 8.000
arrive destination: True ,out of road:False   Total T: 195355 Episode Num: 612 Episode T: 345 Reward: 367.308 Cost: 19.000
arrive destination: True ,out of road:False   Total T: 195613 Episode Num: 613 Episode T: 258 Reward: 273.069 Cost: 12.000
arrive destination: True ,out of road:False   Total T: 195962 Episode Num: 614 Episode T: 349 Reward: 396.836 Cost: 0.000
arrive destination: True ,out of road:False   Total T: 196172 Episode Num: 615 Episode T: 210 Reward: 269.106 Cost: 0.000
arrive destination: True ,out of road:False   Total T: 196580 Episode Num: 616 Episode T: 408 Reward: 375.996 Cost: 33.000
arrive destination: False ,out of road:True   Total T: 196715 Episode Num: 617 Episode T: 135 Reward: 132.666 Cost: 3.000
arrive destination: True ,out of road:False   Total T: 197218 Episode Num: 618 Episode T: 503 Reward: 494.681 Cost: 38.000
arrive destination: True ,out of road:False   Total T: 197552 Episode Num: 619 Episode T: 334 Reward: 336.260 Cost: 16.000
arrive destination: True ,out of road:False   Total T: 197929 Episode Num: 620 Episode T: 377 Reward: 363.629 Cost: 18.000
arrive destination: True ,out of road:False   Total T: 198419 Episode Num: 621 Episode T: 490 Reward: 415.793 Cost: 42.000
arrive destination: False ,out of road:False   Total T: 199419 Episode Num: 622 Episode T: 1000 Reward: 501.222 Cost: 21.000
arrive destination: True ,out of road:False   Total T: 199672 Episode Num: 623 Episode T: 253 Reward: 305.624 Cost: 15.000
---------------------------------------
Evaluation over 20 episodes: 0.600 Cost 13.000.             SafeRL used : use_td3
---------------------------------------
[34;1m
Time: 2026-06-29 14:28:36, Time spent from previous logger: 203.877 s[0m
[34;1mCustomLogger with fileds: ['total_steps', 'EpRet', 'EpCost', 'CostRate'][0m
[34;1mfieldvalues: [200000, 0.6, 13.0, 0.04730523652618263]
[0m
arrive destination: False ,out of road:True   Total T: 200219 Episode Num: 624 Episode T: 547 Reward: 549.074 Cost: 35.000
arrive destination: True ,out of road:False   Total T: 200783 Episode Num: 625 Episode T: 564 Reward: 496.039 Cost: 56.000
arrive destination: True ,out of road:False   Total T: 201152 Episode Num: 626 Episode T: 369 Reward: 368.734 Cost: 22.000
arrive destination: True ,out of road:False   Total T: 201428 Episode Num: 627 Episode T: 276 Reward: 335.582 Cost: 1.000
arrive destination: True ,out of road:False   Total T: 201732 Episode Num: 628 Episode T: 304 Reward: 355.398 Cost: 6.000
arrive destination: True ,out of road:False   Total T: 201989 Episode Num: 629 Episode T: 257 Reward: 277.309 Cost: 2.000
arrive destination: True ,out of road:False   Total T: 202236 Episode Num: 630 Episode T: 247 Reward: 232.490 Cost: 14.000
arrive destination: True ,out of road:False   Total T: 202527 Episode Num: 631 Episode T: 291 Reward: 273.662 Cost: 15.000
arrive destination: True ,out of road:False   Total T: 202722 Episode Num: 632 Episode T: 195 Reward: 232.685 Cost: 16.000
arrive destination: True ,out of road:False   Total T: 203058 Episode Num: 633 Episode T: 336 Reward: 346.342 Cost: 8.000
arrive destination: True ,out of road:False   Total T: 203262 Episode Num: 634 Episode T: 204 Reward: 232.495 Cost: 2.000
arrive destination: False ,out of road:True   Total T: 203361 Episode Num: 635 Episode T: 99 Reward: 77.110 Cost: 4.000
arrive destination: True ,out of road:False   Total T: 203778 Episode Num: 636 Episode T: 417 Reward: 423.371 Cost: 14.000
arrive destination: True ,out of road:False   Total T: 204131 Episode Num: 637 Episode T: 353 Reward: 396.295 Cost: 0.000
arrive destination: True ,out of road:False   Total T: 204368 Episode Num: 638 Episode T: 237 Reward: 251.287 Cost: 0.000
arrive destination: True ,out of road:False   Total T: 204823 Episode Num: 639 Episode T: 455 Reward: 491.097 Cost: 41.000
arrive destination: True ,out of road:False   Total T: 205029 Episode Num: 640 Episode T: 206 Reward: 232.399 Cost: 13.000
arrive destination: True ,out of road:False   Total T: 205249 Episode Num: 641 Episode T: 220 Reward: 269.687 Cost: 0.000
arrive destination: True ,out of road:False   Total T: 205632 Episode Num: 642 Episode T: 383 Reward: 412.600 Cost: 27.000
arrive destination: False ,out of road:True   Total T: 205969 Episode Num: 643 Episode T: 337 Reward: 231.755 Cost: 17.000
arrive destination: True ,out of road:False   Total T: 206187 Episode Num: 644 Episode T: 218 Reward: 249.542 Cost: 0.000
arrive destination: True ,out of road:False   Total T: 206520 Episode Num: 645 Episode T: 333 Reward: 335.716 Cost: 41.000
arrive destination: True ,out of road:False   Total T: 206772 Episode Num: 646 Episode T: 252 Reward: 232.175 Cost: 0.000
arrive destination: False ,out of road:True   Total T: 207174 Episode Num: 647 Episode T: 402 Reward: 277.547 Cost: 56.000
arrive destination: True ,out of road:False   Total T: 207375 Episode Num: 648 Episode T: 201 Reward: 232.321 Cost: 10.000
arrive destination: True ,out of road:False   Total T: 207620 Episode Num: 649 Episode T: 245 Reward: 280.431 Cost: 9.000
arrive destination: True ,out of road:False   Total T: 207828 Episode Num: 650 Episode T: 208 Reward: 269.881 Cost: 2.000
arrive destination: True ,out of road:False   Total T: 208067 Episode Num: 651 Episode T: 239 Reward: 275.813 Cost: 0.000
arrive destination: True ,out of road:False   Total T: 208372 Episode Num: 652 Episode T: 305 Reward: 304.376 Cost: 26.000
arrive destination: False ,out of road:True   Total T: 208962 Episode Num: 653 Episode T: 590 Reward: 359.678 Cost: 63.000
arrive destination: True ,out of road:False   Total T: 209336 Episode Num: 654 Episode T: 374 Reward: 336.034 Cost: 31.000
arrive destination: True ,out of road:False   Total T: 209600 Episode Num: 655 Episode T: 264 Reward: 287.610 Cost: 12.000
arrive destination: True ,out of road:False   Total T: 209871 Episode Num: 656 Episode T: 271 Reward: 266.517 Cost: 22.000
---------------------------------------
Evaluation over 20 episodes: 0.800 Cost 16.600.             SafeRL used : use_td3
---------------------------------------
[34;1m
Time: 2026-06-29 14:32:01, Time spent from previous logger: 204.968 s[0m
[34;1mCustomLogger with fileds: ['total_steps', 'EpRet', 'EpCost', 'CostRate'][0m
[34;1mfieldvalues: [210000, 0.8, 16.6, 0.04762879823237254]
[0m
arrive destination: False ,out of road:True   Total T: 210188 Episode Num: 657 Episode T: 317 Reward: 304.824 Cost: 8.000
arrive destination: True ,out of road:False   Total T: 210601 Episode Num: 658 Episode T: 413 Reward: 407.301 Cost: 17.000
arrive destination: True ,out of road:False   Total T: 211047 Episode Num: 659 Episode T: 446 Reward: 405.864 Cost: 39.000
arrive destination: True ,out of road:False   Total T: 211281 Episode Num: 660 Episode T: 234 Reward: 269.665 Cost: 9.000
arrive destination: True ,out of road:False   Total T: 211612 Episode Num: 661 Episode T: 331 Reward: 335.804 Cost: 13.000
arrive destination: True ,out of road:False   Total T: 211988 Episode Num: 662 Episode T: 376 Reward: 393.469 Cost: 0.000
arrive destination: False ,out of road:True   Total T: 212262 Episode Num: 663 Episode T: 274 Reward: 239.265 Cost: 15.000
arrive destination: True ,out of road:False   Total T: 212531 Episode Num: 664 Episode T: 269 Reward: 287.866 Cost: 6.000
arrive destination: True ,out of road:False   Total T: 212784 Episode Num: 665 Episode T: 253 Reward: 232.569 Cost: 1.000
arrive destination: False ,out of road:False   Total T: 213784 Episode Num: 666 Episode T: 1000 Reward: 78.669 Cost: 10.000
arrive destination: True ,out of road:False   Total T: 214053 Episode Num: 667 Episode T: 269 Reward: 265.827 Cost: 7.000
arrive destination: True ,out of road:False   Total T: 214435 Episode Num: 668 Episode T: 382 Reward: 375.325 Cost: 71.000
arrive destination: True ,out of road:False   Total T: 214717 Episode Num: 669 Episode T: 282 Reward: 268.526 Cost: 5.000
arrive destination: True ,out of road:False   Total T: 214966 Episode Num: 670 Episode T: 249 Reward: 242.536 Cost: 17.000
arrive destination: False ,out of road:True   Total T: 215162 Episode Num: 671 Episode T: 196 Reward: 219.997 Cost: 5.000
arrive destination: True ,out of road:False   Total T: 215414 Episode Num: 672 Episode T: 252 Reward: 305.819 Cost: 16.000
arrive destination: True ,out of road:False   Total T: 215674 Episode Num: 673 Episode T: 260 Reward: 278.764 Cost: 7.000
arrive destination: True ,out of road:False   Total T: 215972 Episode Num: 674 Episode T: 298 Reward: 276.623 Cost: 16.000
arrive destination: True ,out of road:False   Total T: 216225 Episode Num: 675 Episode T: 253 Reward: 265.299 Cost: 28.000
arrive destination: True ,out of road:False   Total T: 216428 Episode Num: 676 Episode T: 203 Reward: 231.917 Cost: 2.000
arrive destination: True ,out of road:False   Total T: 216762 Episode Num: 677 Episode T: 334 Reward: 335.798 Cost: 20.000
arrive destination: True ,out of road:True   Total T: 217011 Episode Num: 678 Episode T: 249 Reward: 355.774 Cost: 22.000
arrive destination: True ,out of road:False   Total T: 217273 Episode Num: 679 Episode T: 262 Reward: 278.677 Cost: 1.000
arrive destination: True ,out of road:False   Total T: 217521 Episode Num: 680 Episode T: 248 Reward: 286.092 Cost: 2.000
arrive destination: False ,out of road:True   Total T: 217729 Episode Num: 681 Episode T: 208 Reward: 187.862 Cost: 13.000
arrive destination: True ,out of road:False   Total T: 218076 Episode Num: 682 Episode T: 347 Reward: 369.847 Cost: 19.000
arrive destination: True ,out of road:False   Total T: 218393 Episode Num: 683 Episode T: 317 Reward: 390.088 Cost: 20.000
arrive destination: True ,out of road:False   Total T: 218719 Episode Num: 684 Episode T: 326 Reward: 335.838 Cost: 25.000
arrive destination: True ,out of road:False   Total T: 219171 Episode Num: 685 Episode T: 452 Reward: 502.815 Cost: 59.000
arrive destination: True ,out of road:False   Total T: 219422 Episode Num: 686 Episode T: 251 Reward: 295.445 Cost: 17.000
arrive destination: True ,out of road:False   Total T: 219791 Episode Num: 687 Episode T: 369 Reward: 290.258 Cost: 21.000
---------------------------------------
Evaluation over 20 episodes: 0.550 Cost 15.400.             SafeRL used : use_td3
---------------------------------------
[34;1m
Time: 2026-06-29 14:35:14, Time spent from previous logger: 192.931 s[0m
[34;1mCustomLogger with fileds: ['total_steps', 'EpRet', 'EpCost', 'CostRate'][0m
[34;1mfieldvalues: [220000, 0.55, 15.4, 0.04778203537288806]
[0m
arrive destination: False ,out of road:False   Total T: 220791 Episode Num: 688 Episode T: 1000 Reward: 505.338 Cost: 32.000
arrive destination: True ,out of road:False   Total T: 221018 Episode Num: 689 Episode T: 227 Reward: 248.004 Cost: 0.000
arrive destination: True ,out of road:False   Total T: 221327 Episode Num: 690 Episode T: 309 Reward: 335.497 Cost: 20.000
arrive destination: True ,out of road:False   Total T: 221737 Episode Num: 691 Episode T: 410 Reward: 336.272 Cost: 60.000
arrive destination: True ,out of road:False   Total T: 221960 Episode Num: 692 Episode T: 223 Reward: 270.139 Cost: 1.000
arrive destination: True ,out of road:False   Total T: 222167 Episode Num: 693 Episode T: 207 Reward: 232.478 Cost: 9.000
arrive destination: True ,out of road:False   Total T: 222414 Episode Num: 694 Episode T: 247 Reward: 288.930 Cost: 6.000
arrive destination: True ,out of road:False   Total T: 222825 Episode Num: 695 Episode T: 411 Reward: 400.455 Cost: 7.000
arrive destination: True ,out of road:False   Total T: 223242 Episode Num: 696 Episode T: 417 Reward: 335.900 Cost: 51.000
arrive destination: True ,out of road:False   Total T: 223637 Episode Num: 697 Episode T: 395 Reward: 399.012 Cost: 3.000
arrive destination: True ,out of road:False   Total T: 223924 Episode Num: 698 Episode T: 287 Reward: 353.346 Cost: 7.000
arrive destination: False ,out of road:True   Total T: 224060 Episode Num: 699 Episode T: 136 Reward: 141.600 Cost: 7.000
arrive destination: True ,out of road:False   Total T: 224329 Episode Num: 700 Episode T: 269 Reward: 295.871 Cost: 17.000
arrive destination: True ,out of road:False   Total T: 224618 Episode Num: 701 Episode T: 289 Reward: 294.537 Cost: 12.000
arrive destination: True ,out of road:False   Total T: 225079 Episode Num: 702 Episode T: 461 Reward: 465.865 Cost: 46.000
arrive destination: True ,out of road:False   Total T: 225361 Episode Num: 703 Episode T: 282 Reward: 349.776 Cost: 7.000
arrive destination: True ,out of road:False   Total T: 225708 Episode Num: 704 Episode T: 347 Reward: 367.848 Cost: 24.000
arrive destination: False ,out of road:True   Total T: 225793 Episode Num: 705 Episode T: 85 Reward: 57.113 Cost: 1.000
arrive destination: True ,out of road:False   Total T: 226217 Episode Num: 706 Episode T: 424 Reward: 411.503 Cost: 25.000
arrive destination: True ,out of road:False   Total T: 226555 Episode Num: 707 Episode T: 338 Reward: 387.586 Cost: 15.000
arrive destination: True ,out of road:False   Total T: 226950 Episode Num: 708 Episode T: 395 Reward: 393.685 Cost: 9.000
arrive destination: True ,out of road:False   Total T: 227388 Episode Num: 709 Episode T: 438 Reward: 491.134 Cost: 25.000
arrive destination: True ,out of road:False   Total T: 227654 Episode Num: 710 Episode T: 266 Reward: 287.459 Cost: 19.000
arrive destination: False ,out of road:True   Total T: 227852 Episode Num: 711 Episode T: 198 Reward: 121.531 Cost: 6.000
arrive destination: False ,out of road:True   Total T: 228036 Episode Num: 712 Episode T: 184 Reward: 174.936 Cost: 4.000
arrive destination: True ,out of road:False   Total T: 228286 Episode Num: 713 Episode T: 250 Reward: 275.396 Cost: 2.000
arrive destination: True ,out of road:False   Total T: 228496 Episode Num: 714 Episode T: 210 Reward: 268.958 Cost: 0.000
arrive destination: True ,out of road:False   Total T: 228788 Episode Num: 715 Episode T: 292 Reward: 278.488 Cost: 12.000
arrive destination: False ,out of road:True   Total T: 229253 Episode Num: 716 Episode T: 465 Reward: 442.913 Cost: 30.000
arrive destination: True ,out of road:False   Total T: 229576 Episode Num: 717 Episode T: 323 Reward: 395.272 Cost: 13.000
arrive destination: True ,out of road:False   Total T: 229846 Episode Num: 718 Episode T: 270 Reward: 296.071 Cost: 26.000
---------------------------------------
Evaluation over 20 episodes: 0.650 Cost 11.800.             SafeRL used : use_td3
---------------------------------------
[34;1m
Time: 2026-06-29 14:38:21, Time spent from previous logger: 186.572 s[0m
[34;1mCustomLogger with fileds: ['total_steps', 'EpRet', 'EpCost', 'CostRate'][0m
[34;1mfieldvalues: [230000, 0.65, 11.8, 0.047861077656859374]
[0m
arrive destination: True ,out of road:False   Total T: 230284 Episode Num: 719 Episode T: 438 Reward: 498.193 Cost: 7.000
arrive destination: True ,out of road:False   Total T: 230496 Episode Num: 720 Episode T: 212 Reward: 269.367 Cost: 2.000
arrive destination: True ,out of road:False   Total T: 230782 Episode Num: 721 Episode T: 286 Reward: 353.928 Cost: 2.000
arrive destination: True ,out of road:False   Total T: 231117 Episode Num: 722 Episode T: 335 Reward: 396.404 Cost: 15.000
arrive destination: True ,out of road:False   Total T: 231589 Episode Num: 723 Episode T: 472 Reward: 494.883 Cost: 23.000
arrive destination: True ,out of road:False   Total T: 231836 Episode Num: 724 Episode T: 247 Reward: 232.824 Cost: 8.000
arrive destination: True ,out of road:False   Total T: 232126 Episode Num: 725 Episode T: 290 Reward: 267.158 Cost: 25.000
arrive destination: True ,out of road:False   Total T: 232379 Episode Num: 726 Episode T: 253 Reward: 296.010 Cost: 18.000
arrive destination: True ,out of road:False   Total T: 232674 Episode Num: 727 Episode T: 295 Reward: 266.500 Cost: 16.000
arrive destination: True ,out of road:False   Total T: 233040 Episode Num: 728 Episode T: 366 Reward: 397.901 Cost: 1.000
arrive destination: True ,out of road:False   Total T: 233418 Episode Num: 729 Episode T: 378 Reward: 394.894 Cost: 0.000
arrive destination: True ,out of road:False   Total T: 233868 Episode Num: 730 Episode T: 450 Reward: 418.276 Cost: 19.000
arrive destination: True ,out of road:False   Total T: 234234 Episode Num: 731 Episode T: 366 Reward: 386.032 Cost: 39.000
arrive destination: True ,out of road:False   Total T: 234538 Episode Num: 732 Episode T: 304 Reward: 267.422 Cost: 13.000
arrive destination: True ,out of road:False   Total T: 234993 Episode Num: 733 Episode T: 455 Reward: 509.450 Cost: 30.000
arrive destination: True ,out of road:False   Total T: 235247 Episode Num: 734 Episode T: 254 Reward: 273.488 Cost: 11.000
arrive destination: True ,out of road:False   Total T: 235652 Episode Num: 735 Episode T: 405 Reward: 380.410 Cost: 38.000
arrive destination: True ,out of road:False   Total T: 236210 Episode Num: 736 Episode T: 558 Reward: 517.350 Cost: 47.000
arrive destination: True ,out of road:False   Total T: 236449 Episode Num: 737 Episode T: 239 Reward: 295.464 Cost: 24.000
arrive destination: True ,out of road:False   Total T: 236987 Episode Num: 738 Episode T: 538 Reward: 494.619 Cost: 47.000
arrive destination: True ,out of road:False   Total T: 237316 Episode Num: 739 Episode T: 329 Reward: 375.653 Cost: 23.000
arrive destination: True ,out of road:False   Total T: 237547 Episode Num: 740 Episode T: 231 Reward: 271.053 Cost: 8.000
arrive destination: True ,out of road:False   Total T: 237777 Episode Num: 741 Episode T: 230 Reward: 248.799 Cost: 0.000
arrive destination: True ,out of road:False   Total T: 238002 Episode Num: 742 Episode T: 225 Reward: 245.139 Cost: 0.000
arrive destination: True ,out of road:False   Total T: 238197 Episode Num: 743 Episode T: 195 Reward: 252.613 Cost: 5.000
arrive destination: True ,out of road:False   Total T: 238424 Episode Num: 744 Episode T: 227 Reward: 268.932 Cost: 1.000
arrive destination: False ,out of road:True   Total T: 238521 Episode Num: 745 Episode T: 97 Reward: 77.105 Cost: 5.000
arrive destination: True ,out of road:False   Total T: 238933 Episode Num: 746 Episode T: 412 Reward: 396.441 Cost: 9.000
arrive destination: False ,out of road:True   Total T: 239191 Episode Num: 747 Episode T: 258 Reward: 310.549 Cost: 1.000
arrive destination: True ,out of road:False   Total T: 239434 Episode Num: 748 Episode T: 243 Reward: 277.098 Cost: 1.000
arrive destination: True ,out of road:False   Total T: 239855 Episode Num: 749 Episode T: 421 Reward: 414.293 Cost: 44.000
---------------------------------------
Evaluation over 20 episodes: 0.600 Cost 15.400.             SafeRL used : use_td3
---------------------------------------
[34;1m
Time: 2026-06-29 14:41:39, Time spent from previous logger: 197.773 s[0m
[34;1mCustomLogger with fileds: ['total_steps', 'EpRet', 'EpCost', 'CostRate'][0m
[34;1mfieldvalues: [240000, 0.6, 15.4, 0.04789186621610923]
[0m
arrive destination: True ,out of road:False   Total T: 240293 Episode Num: 750 Episode T: 438 Reward: 468.792 Cost: 10.000
arrive destination: True ,out of road:False   Total T: 240810 Episode Num: 751 Episode T: 517 Reward: 492.449 Cost: 61.000
arrive destination: True ,out of road:False   Total T: 241084 Episode Num: 752 Episode T: 274 Reward: 267.331 Cost: 25.000
arrive destination: False ,out of road:True   Total T: 241465 Episode Num: 753 Episode T: 381 Reward: 383.182 Cost: 6.000
arrive destination: True ,out of road:False   Total T: 241842 Episode Num: 754 Episode T: 377 Reward: 399.502 Cost: 2.000
arrive destination: True ,out of road:False   Total T: 242184 Episode Num: 755 Episode T: 342 Reward: 378.996 Cost: 5.000
arrive destination: True ,out of road:False   Total T: 242411 Episode Num: 756 Episode T: 227 Reward: 270.027 Cost: 0.000
arrive destination: True ,out of road:False   Total T: 242644 Episode Num: 757 Episode T: 233 Reward: 249.398 Cost: 0.000
arrive destination: False ,out of road:True   Total T: 243004 Episode Num: 758 Episode T: 360 Reward: 366.602 Cost: 10.000
arrive destination: True ,out of road:False   Total T: 243243 Episode Num: 759 Episode T: 239 Reward: 276.149 Cost: 0.000
arrive destination: True ,out of road:False   Total T: 243497 Episode Num: 760 Episode T: 254 Reward: 295.538 Cost: 18.000
arrive destination: True ,out of road:False   Total T: 243947 Episode Num: 761 Episode T: 450 Reward: 467.337 Cost: 18.000
arrive destination: True ,out of road:False   Total T: 244236 Episode Num: 762 Episode T: 289 Reward: 355.898 Cost: 6.000
arrive destination: True ,out of road:False   Total T: 244506 Episode Num: 763 Episode T: 270 Reward: 275.183 Cost: 3.000
arrive destination: True ,out of road:False   Total T: 244752 Episode Num: 764 Episode T: 246 Reward: 277.287 Cost: 2.000
arrive destination: True ,out of road:False   Total T: 245029 Episode Num: 765 Episode T: 277 Reward: 270.115 Cost: 24.000
arrive destination: False ,out of road:True   Total T: 245431 Episode Num: 766 Episode T: 402 Reward: 323.138 Cost: 37.000
arrive destination: True ,out of road:False   Total T: 245725 Episode Num: 767 Episode T: 294 Reward: 352.883 Cost: 3.000
arrive destination: True ,out of road:False   Total T: 245983 Episode Num: 768 Episode T: 258 Reward: 270.119 Cost: 13.000
arrive destination: True ,out of road:False   Total T: 246199 Episode Num: 769 Episode T: 216 Reward: 269.465 Cost: 1.000
arrive destination: True ,out of road:False   Total T: 246420 Episode Num: 770 Episode T: 221 Reward: 269.568 Cost: 0.000
arrive destination: False ,out of road:True   Total T: 246812 Episode Num: 771 Episode T: 392 Reward: 333.157 Cost: 19.000
arrive destination: True ,out of road:False   Total T: 247051 Episode Num: 772 Episode T: 239 Reward: 279.181 Cost: 4.000
arrive destination: True ,out of road:False   Total T: 247298 Episode Num: 773 Episode T: 247 Reward: 279.152 Cost: 3.000
arrive destination: True ,out of road:False   Total T: 247671 Episode Num: 774 Episode T: 373 Reward: 375.583 Cost: 19.000
arrive destination: True ,out of road:False   Total T: 248025 Episode Num: 775 Episode T: 354 Reward: 368.531 Cost: 7.000
arrive destination: True ,out of road:False   Total T: 248390 Episode Num: 776 Episode T: 365 Reward: 393.990 Cost: 0.000
arrive destination: True ,out of road:False   Total T: 248882 Episode Num: 777 Episode T: 492 Reward: 492.510 Cost: 39.000
arrive destination: True ,out of road:False   Total T: 249292 Episode Num: 778 Episode T: 410 Reward: 412.591 Cost: 22.000
arrive destination: False ,out of road:True   Total T: 249565 Episode Num: 779 Episode T: 273 Reward: 313.492 Cost: 12.000
arrive destination: True ,out of road:False   Total T: 249877 Episode Num: 780 Episode T: 312 Reward: 398.841 Cost: 12.000
---------------------------------------
Evaluation over 20 episodes: 0.800 Cost 14.800.             SafeRL used : use_td3
---------------------------------------
[34;1m
Time: 2026-06-29 14:44:57, Time spent from previous logger: 198.074 s[0m
[34;1mCustomLogger with fileds: ['total_steps', 'EpRet', 'EpCost', 'CostRate'][0m
[34;1mfieldvalues: [250000, 0.8, 14.8, 0.04748418993675975]
[0m
arrive destination: False ,out of road:True   Total T: 250108 Episode Num: 781 Episode T: 231 Reward: 218.671 Cost: 3.000
arrive destination: True ,out of road:False   Total T: 250506 Episode Num: 782 Episode T: 398 Reward: 399.682 Cost: 56.000
arrive destination: True ,out of road:False   Total T: 250722 Episode Num: 783 Episode T: 216 Reward: 246.449 Cost: 0.000
arrive destination: True ,out of road:False   Total T: 250954 Episode Num: 784 Episode T: 232 Reward: 249.534 Cost: 0.000
arrive destination: False ,out of road:True   Total T: 251309 Episode Num: 785 Episode T: 355 Reward: 319.299 Cost: 24.000
arrive destination: True ,out of road:False   Total T: 251714 Episode Num: 786 Episode T: 405 Reward: 408.820 Cost: 36.000
arrive destination: True ,out of road:False   Total T: 251970 Episode Num: 787 Episode T: 256 Reward: 275.479 Cost: 1.000
arrive destination: True ,out of road:False   Total T: 252205 Episode Num: 788 Episode T: 235 Reward: 275.526 Cost: 0.000
arrive destination: True ,out of road:False   Total T: 252479 Episode Num: 789 Episode T: 274 Reward: 306.109 Cost: 25.000
arrive destination: True ,out of road:False   Total T: 252714 Episode Num: 790 Episode T: 235 Reward: 276.140 Cost: 0.000
arrive destination: False ,out of road:True   Total T: 253060 Episode Num: 791 Episode T: 346 Reward: 321.497 Cost: 41.000
arrive destination: True ,out of road:False   Total T: 253500 Episode Num: 792 Episode T: 440 Reward: 416.429 Cost: 23.000
arrive destination: True ,out of road:False   Total T: 253784 Episode Num: 793 Episode T: 284 Reward: 294.467 Cost: 29.000
arrive destination: True ,out of road:False   Total T: 254268 Episode Num: 794 Episode T: 484 Reward: 463.873 Cost: 35.000
arrive destination: True ,out of road:False   Total T: 254492 Episode Num: 795 Episode T: 224 Reward: 248.733 Cost: 0.000
arrive destination: True ,out of road:False   Total T: 254993 Episode Num: 796 Episode T: 501 Reward: 502.020 Cost: 30.000
arrive destination: False ,out of road:True   Total T: 255195 Episode Num: 797 Episode T: 202 Reward: 203.920 Cost: 20.000
arrive destination: True ,out of road:False   Total T: 255639 Episode Num: 798 Episode T: 444 Reward: 475.340 Cost: 23.000
arrive destination: True ,out of road:False   Total T: 255916 Episode Num: 799 Episode T: 277 Reward: 270.590 Cost: 27.000
arrive destination: True ,out of road:False   Total T: 256179 Episode Num: 800 Episode T: 263 Reward: 288.943 Cost: 11.000
arrive destination: True ,out of road:False   Total T: 256448 Episode Num: 801 Episode T: 269 Reward: 296.580 Cost: 7.000
arrive destination: False ,out of road:True   Total T: 256857 Episode Num: 802 Episode T: 409 Reward: 279.705 Cost: 23.000
arrive destination: True ,out of road:False   Total T: 257147 Episode Num: 803 Episode T: 290 Reward: 349.851 Cost: 9.000
arrive destination: True ,out of road:False   Total T: 257415 Episode Num: 804 Episode T: 268 Reward: 268.888 Cost: 18.000
arrive destination: True ,out of road:False   Total T: 257702 Episode Num: 805 Episode T: 287 Reward: 352.240 Cost: 16.000
arrive destination: False ,out of road:True   Total T: 258120 Episode Num: 806 Episode T: 418 Reward: 421.187 Cost: 49.000
arrive destination: True ,out of road:False   Total T: 258339 Episode Num: 807 Episode T: 219 Reward: 269.933 Cost: 0.000
arrive destination: True ,out of road:False   Total T: 258604 Episode Num: 808 Episode T: 265 Reward: 287.458 Cost: 4.000
arrive destination: True ,out of road:False   Total T: 258982 Episode Num: 809 Episode T: 378 Reward: 408.733 Cost: 14.000
arrive destination: True ,out of road:False   Total T: 259267 Episode Num: 810 Episode T: 285 Reward: 349.140 Cost: 10.000
arrive destination: True ,out of road:False   Total T: 259513 Episode Num: 811 Episode T: 246 Reward: 291.122 Cost: 9.000
arrive destination: True ,out of road:False   Total T: 259930 Episode Num: 812 Episode T: 417 Reward: 335.974 Cost: 26.000
---------------------------------------
Evaluation over 20 episodes: 0.700 Cost 13.650.             SafeRL used : use_td3
---------------------------------------
[34;1m
Time: 2026-06-29 14:48:17, Time spent from previous logger: 200.516 s[0m
[34;1mCustomLogger with fileds: ['total_steps', 'EpRet', 'EpCost', 'CostRate'][0m
[34;1mfieldvalues: [260000, 0.7, 13.65, 0.04784633787053027]
[0m
arrive destination: True ,out of road:False   Total T: 260297 Episode Num: 813 Episode T: 367 Reward: 315.732 Cost: 17.000
arrive destination: True ,out of road:False   Total T: 260546 Episode Num: 814 Episode T: 249 Reward: 244.585 Cost: 3.000
arrive destination: False ,out of road:True   Total T: 260828 Episode Num: 815 Episode T: 282 Reward: 243.120 Cost: 34.000
arrive destination: True ,out of road:False   Total T: 261193 Episode Num: 816 Episode T: 365 Reward: 407.110 Cost: 13.000
arrive destination: True ,out of road:False   Total T: 261434 Episode Num: 817 Episode T: 241 Reward: 272.383 Cost: 9.000
arrive destination: True ,out of road:False   Total T: 261709 Episode Num: 818 Episode T: 275 Reward: 268.447 Cost: 23.000
arrive destination: True ,out of road:False   Total T: 262062 Episode Num: 819 Episode T: 353 Reward: 395.414 Cost: 16.000
arrive destination: True ,out of road:False   Total T: 262396 Episode Num: 820 Episode T: 334 Reward: 335.852 Cost: 10.000
arrive destination: True ,out of road:False   Total T: 262739 Episode Num: 821 Episode T: 343 Reward: 395.566 Cost: 5.000
arrive destination: True ,out of road:False   Total T: 263230 Episode Num: 822 Episode T: 491 Reward: 516.061 Cost: 32.000
arrive destination: True ,out of road:False   Total T: 263745 Episode Num: 823 Episode T: 515 Reward: 413.067 Cost: 57.000
arrive destination: True ,out of road:False   Total T: 264016 Episode Num: 824 Episode T: 271 Reward: 274.260 Cost: 9.000
arrive destination: True ,out of road:False   Total T: 264408 Episode Num: 825 Episode T: 392 Reward: 379.517 Cost: 35.000
arrive destination: True ,out of road:False   Total T: 264614 Episode Num: 826 Episode T: 206 Reward: 269.509 Cost: 1.000
arrive destination: True ,out of road:False   Total T: 264865 Episode Num: 827 Episode T: 251 Reward: 232.972 Cost: 0.000
arrive destination: True ,out of road:False   Total T: 265179 Episode Num: 828 Episode T: 314 Reward: 268.155 Cost: 13.000
arrive destination: True ,out of road:False   Total T: 265417 Episode Num: 829 Episode T: 238 Reward: 248.986 Cost: 0.000
arrive destination: False ,out of road:True   Total T: 265687 Episode Num: 830 Episode T: 270 Reward: 265.570 Cost: 18.000
arrive destination: True ,out of road:False   Total T: 266094 Episode Num: 831 Episode T: 407 Reward: 380.887 Cost: 38.000
arrive destination: False ,out of road:True   Total T: 266282 Episode Num: 832 Episode T: 188 Reward: 190.950 Cost: 12.000
arrive destination: True ,out of road:False   Total T: 266581 Episode Num: 833 Episode T: 299 Reward: 351.693 Cost: 14.000
arrive destination: True ,out of road:False   Total T: 267054 Episode Num: 834 Episode T: 473 Reward: 510.642 Cost: 33.000
arrive destination: True ,out of road:False   Total T: 267300 Episode Num: 835 Episode T: 246 Reward: 272.657 Cost: 2.000
arrive destination: True ,out of road:False   Total T: 267655 Episode Num: 836 Episode T: 355 Reward: 396.210 Cost: 0.000
arrive destination: True ,out of road:False   Total T: 268147 Episode Num: 837 Episode T: 492 Reward: 415.231 Cost: 75.000
arrive destination: True ,out of road:False   Total T: 268475 Episode Num: 838 Episode T: 328 Reward: 367.911 Cost: 11.000
arrive destination: True ,out of road:False   Total T: 268743 Episode Num: 839 Episode T: 268 Reward: 267.842 Cost: 11.000
arrive destination: True ,out of road:False   Total T: 268961 Episode Num: 840 Episode T: 218 Reward: 248.043 Cost: 0.000
arrive destination: True ,out of road:False   Total T: 269200 Episode Num: 841 Episode T: 239 Reward: 252.342 Cost: 0.000
arrive destination: True ,out of road:False   Total T: 269671 Episode Num: 842 Episode T: 471 Reward: 499.871 Cost: 79.000
---------------------------------------
Evaluation over 20 episodes: 0.800 Cost 16.550.             SafeRL used : use_td3
---------------------------------------
[34;1m
Time: 2026-06-29 14:51:41, Time spent from previous logger: 204.047 s[0m
[34;1mCustomLogger with fileds: ['total_steps', 'EpRet', 'EpCost', 'CostRate'][0m
[34;1mfieldvalues: [270000, 0.8, 16.55, 0.048259437997918514]
[0m
arrive destination: True ,out of road:False   Total T: 270247 Episode Num: 843 Episode T: 576 Reward: 577.066 Cost: 26.000
arrive destination: True ,out of road:False   Total T: 270730 Episode Num: 844 Episode T: 483 Reward: 415.146 Cost: 50.000
arrive destination: True ,out of road:False   Total T: 270985 Episode Num: 845 Episode T: 255 Reward: 274.864 Cost: 3.000
arrive destination: True ,out of road:True   Total T: 271472 Episode Num: 846 Episode T: 487 Reward: 459.510 Cost: 28.000
arrive destination: True ,out of road:False   Total T: 271801 Episode Num: 847 Episode T: 329 Reward: 376.870 Cost: 11.000
arrive destination: True ,out of road:False   Total T: 272135 Episode Num: 848 Episode T: 334 Reward: 335.801 Cost: 33.000
arrive destination: True ,out of road:False   Total T: 272369 Episode Num: 849 Episode T: 234 Reward: 269.758 Cost: 3.000
arrive destination: True ,out of road:False   Total T: 272791 Episode Num: 850 Episode T: 422 Reward: 399.890 Cost: 0.000
arrive destination: True ,out of road:False   Total T: 273054 Episode Num: 851 Episode T: 263 Reward: 288.462 Cost: 22.000
arrive destination: True ,out of road:False   Total T: 273305 Episode Num: 852 Episode T: 251 Reward: 275.046 Cost: 11.000
arrive destination: True ,out of road:False   Total T: 273677 Episode Num: 853 Episode T: 372 Reward: 397.322 Cost: 8.000
arrive destination: True ,out of road:False   Total T: 273929 Episode Num: 854 Episode T: 252 Reward: 275.300 Cost: 0.000
arrive destination: True ,out of road:False   Total T: 274160 Episode Num: 855 Episode T: 231 Reward: 248.941 Cost: 0.000
arrive destination: True ,out of road:False   Total T: 274420 Episode Num: 856 Episode T: 260 Reward: 296.995 Cost: 15.000
arrive destination: True ,out of road:False   Total T: 274763 Episode Num: 857 Episode T: 343 Reward: 404.978 Cost: 9.000
arrive destination: True ,out of road:False   Total T: 275012 Episode Num: 858 Episode T: 249 Reward: 274.313 Cost: 0.000
arrive destination: True ,out of road:False   Total T: 275271 Episode Num: 859 Episode T: 259 Reward: 274.157 Cost: 4.000
arrive destination: True ,out of road:False   Total T: 275514 Episode Num: 860 Episode T: 243 Reward: 286.171 Cost: 12.000
arrive destination: True ,out of road:False   Total T: 275975 Episode Num: 861 Episode T: 461 Reward: 511.214 Cost: 40.000
arrive destination: True ,out of road:False   Total T: 276257 Episode Num: 862 Episode T: 282 Reward: 261.229 Cost: 11.000
arrive destination: True ,out of road:False   Total T: 276720 Episode Num: 863 Episode T: 463 Reward: 365.279 Cost: 35.000
arrive destination: True ,out of road:False   Total T: 277163 Episode Num: 864 Episode T: 443 Reward: 483.752 Cost: 38.000
arrive destination: True ,out of road:False   Total T: 277416 Episode Num: 865 Episode T: 253 Reward: 275.755 Cost: 1.000
arrive destination: True ,out of road:False   Total T: 277776 Episode Num: 866 Episode T: 360 Reward: 336.158 Cost: 27.000
arrive destination: True ,out of road:False   Total T: 278015 Episode Num: 867 Episode T: 239 Reward: 248.866 Cost: 0.000
arrive destination: False ,out of road:True   Total T: 278375 Episode Num: 868 Episode T: 360 Reward: 356.559 Cost: 13.000
arrive destination: True ,out of road:False   Total T: 278625 Episode Num: 869 Episode T: 250 Reward: 295.623 Cost: 19.000
arrive destination: True ,out of road:False   Total T: 278872 Episode Num: 870 Episode T: 247 Reward: 232.822 Cost: 4.000
arrive destination: True ,out of road:False   Total T: 279097 Episode Num: 871 Episode T: 225 Reward: 249.822 Cost: 0.000
arrive destination: True ,out of road:False   Total T: 279365 Episode Num: 872 Episode T: 268 Reward: 287.357 Cost: 5.000
arrive destination: True ,out of road:False   Total T: 279775 Episode Num: 873 Episode T: 410 Reward: 377.286 Cost: 44.000
---------------------------------------
Evaluation over 20 episodes: 0.850 Cost 20.950.             SafeRL used : use_td3
---------------------------------------
[34;1m
Time: 2026-06-29 14:55:06, Time spent from previous logger: 204.643 s[0m
[34;1mCustomLogger with fileds: ['total_steps', 'EpRet', 'EpCost', 'CostRate'][0m
[34;1mfieldvalues: [280000, 0.85, 20.95, 0.048207315026125096]
[0m
arrive destination: True ,out of road:False   Total T: 280451 Episode Num: 874 Episode T: 676 Reward: 749.127 Cost: 36.000
arrive destination: True ,out of road:False   Total T: 280670 Episode Num: 875 Episode T: 219 Reward: 270.108 Cost: 1.000
arrive destination: True ,out of road:False   Total T: 280966 Episode Num: 876 Episode T: 296 Reward: 335.327 Cost: 5.000
arrive destination: False ,out of road:True   Total T: 281162 Episode Num: 877 Episode T: 196 Reward: 195.931 Cost: 6.000
arrive destination: True ,out of road:False   Total T: 281432 Episode Num: 878 Episode T: 270 Reward: 272.106 Cost: 12.000
arrive destination: False ,out of road:True   Total T: 281607 Episode Num: 879 Episode T: 175 Reward: 162.823 Cost: 13.000
arrive destination: True ,out of road:False   Total T: 281857 Episode Num: 880 Episode T: 250 Reward: 276.879 Cost: 2.000
arrive destination: True ,out of road:False   Total T: 282123 Episode Num: 881 Episode T: 266 Reward: 296.168 Cost: 13.000
arrive destination: False ,out of road:True   Total T: 282300 Episode Num: 882 Episode T: 177 Reward: 132.500 Cost: 15.000
arrive destination: False ,out of road:True   Total T: 282478 Episode Num: 883 Episode T: 178 Reward: 212.043 Cost: 2.000
arrive destination: True ,out of road:False   Total T: 282827 Episode Num: 884 Episode T: 349 Reward: 379.304 Cost: 23.000
arrive destination: True ,out of road:False   Total T: 283160 Episode Num: 885 Episode T: 333 Reward: 335.839 Cost: 10.000
arrive destination: True ,out of road:False   Total T: 283388 Episode Num: 886 Episode T: 228 Reward: 270.204 Cost: 3.000
arrive destination: True ,out of road:False   Total T: 283683 Episode Num: 887 Episode T: 295 Reward: 352.722 Cost: 19.000
arrive destination: False ,out of road:True   Total T: 283889 Episode Num: 888 Episode T: 206 Reward: 221.069 Cost: 10.000
arrive destination: True ,out of road:False   Total T: 284127 Episode Num: 889 Episode T: 238 Reward: 276.959 Cost: 0.000
arrive destination: True ,out of road:False   Total T: 284396 Episode Num: 890 Episode T: 269 Reward: 287.326 Cost: 12.000
arrive destination: True ,out of road:False   Total T: 284814 Episode Num: 891 Episode T: 418 Reward: 394.719 Cost: 7.000
arrive destination: True ,out of road:False   Total T: 285285 Episode Num: 892 Episode T: 471 Reward: 470.493 Cost: 46.000
arrive destination: False ,out of road:True   Total T: 285553 Episode Num: 893 Episode T: 268 Reward: 254.772 Cost: 27.000
arrive destination: True ,out of road:False   Total T: 285974 Episode Num: 894 Episode T: 421 Reward: 413.199 Cost: 26.000
arrive destination: True ,out of road:False   Total T: 286226 Episode Num: 895 Episode T: 252 Reward: 269.679 Cost: 12.000
arrive destination: False ,out of road:True   Total T: 286455 Episode Num: 896 Episode T: 229 Reward: 219.569 Cost: 11.000
arrive destination: True ,out of road:False   Total T: 286920 Episode Num: 897 Episode T: 465 Reward: 490.795 Cost: 29.000
arrive destination: False ,out of road:True   Total T: 287178 Episode Num: 898 Episode T: 258 Reward: 263.113 Cost: 15.000
arrive destination: True ,out of road:False   Total T: 287512 Episode Num: 899 Episode T: 334 Reward: 381.430 Cost: 18.000
arrive destination: True ,out of road:False   Total T: 287740 Episode Num: 900 Episode T: 228 Reward: 249.605 Cost: 0.000
arrive destination: True ,out of road:False   Total T: 288179 Episode Num: 901 Episode T: 439 Reward: 467.334 Cost: 23.000
arrive destination: True ,out of road:False   Total T: 288483 Episode Num: 902 Episode T: 304 Reward: 266.239 Cost: 26.000
arrive destination: True ,out of road:False   Total T: 288914 Episode Num: 903 Episode T: 431 Reward: 379.383 Cost: 38.000
arrive destination: True ,out of road:False   Total T: 289398 Episode Num: 904 Episode T: 484 Reward: 490.110 Cost: 52.000
arrive destination: True ,out of road:False   Total T: 289738 Episode Num: 905 Episode T: 340 Reward: 367.946 Cost: 42.000
---------------------------------------
Evaluation over 20 episodes: 0.650 Cost 18.350.             SafeRL used : use_td3
---------------------------------------
[34;1m
Time: 2026-06-29 14:58:28, Time spent from previous logger: 202.386 s[0m
[34;1mCustomLogger with fileds: ['total_steps', 'EpRet', 'EpCost', 'CostRate'][0m
[34;1mfieldvalues: [290000, 0.65, 18.35, 0.04840016689712723]
[0m
arrive destination: True ,out of road:False   Total T: 290312 Episode Num: 906 Episode T: 574 Reward: 571.865 Cost: 20.000
arrive destination: False ,out of road:True   Total T: 290577 Episode Num: 907 Episode T: 265 Reward: 194.157 Cost: 19.000
arrive destination: True ,out of road:False   Total T: 290878 Episode Num: 908 Episode T: 301 Reward: 294.600 Cost: 14.000
arrive destination: True ,out of road:False   Total T: 291336 Episode Num: 909 Episode T: 458 Reward: 461.267 Cost: 28.000
arrive destination: True ,out of road:False   Total T: 291564 Episode Num: 910 Episode T: 228 Reward: 270.131 Cost: 0.000
arrive destination: True ,out of road:False   Total T: 291769 Episode Num: 911 Episode T: 205 Reward: 233.168 Cost: 5.000
arrive destination: True ,out of road:False   Total T: 292268 Episode Num: 912 Episode T: 499 Reward: 336.325 Cost: 62.000
arrive destination: True ,out of road:False   Total T: 292677 Episode Num: 913 Episode T: 409 Reward: 363.696 Cost: 63.000
arrive destination: True ,out of road:False   Total T: 293214 Episode Num: 914 Episode T: 537 Reward: 491.030 Cost: 88.000
arrive destination: True ,out of road:False   Total T: 293512 Episode Num: 915 Episode T: 298 Reward: 266.164 Cost: 47.000
arrive destination: True ,out of road:False   Total T: 293783 Episode Num: 916 Episode T: 271 Reward: 269.522 Cost: 4.000
arrive destination: True ,out of road:False   Total T: 294056 Episode Num: 917 Episode T: 273 Reward: 297.924 Cost: 11.000
arrive destination: True ,out of road:False   Total T: 294353 Episode Num: 918 Episode T: 297 Reward: 276.982 Cost: 3.000
arrive destination: True ,out of road:False   Total T: 294717 Episode Num: 919 Episode T: 364 Reward: 378.875 Cost: 44.000
arrive destination: True ,out of road:False   Total T: 294931 Episode Num: 920 Episode T: 214 Reward: 247.815 Cost: 0.000
arrive destination: True ,out of road:False   Total T: 295136 Episode Num: 921 Episode T: 205 Reward: 232.394 Cost: 3.000
arrive destination: True ,out of road:False   Total T: 295381 Episode Num: 922 Episode T: 245 Reward: 280.377 Cost: 0.000
arrive destination: True ,out of road:False   Total T: 295655 Episode Num: 923 Episode T: 274 Reward: 287.348 Cost: 9.000
arrive destination: True ,out of road:False   Total T: 296077 Episode Num: 924 Episode T: 422 Reward: 410.810 Cost: 25.000
arrive destination: True ,out of road:False   Total T: 296279 Episode Num: 925 Episode T: 202 Reward: 233.145 Cost: 12.000
arrive destination: True ,out of road:False   Total T: 296542 Episode Num: 926 Episode T: 263 Reward: 267.209 Cost: 5.000
arrive destination: True ,out of road:False   Total T: 296919 Episode Num: 927 Episode T: 377 Reward: 397.588 Cost: 0.000
arrive destination: True ,out of road:False   Total T: 297279 Episode Num: 928 Episode T: 360 Reward: 336.026 Cost: 24.000
arrive destination: True ,out of road:False   Total T: 297623 Episode Num: 929 Episode T: 344 Reward: 394.300 Cost: 0.000
arrive destination: True ,out of road:False   Total T: 297888 Episode Num: 930 Episode T: 265 Reward: 289.932 Cost: 17.000
arrive destination: True ,out of road:False   Total T: 298121 Episode Num: 931 Episode T: 233 Reward: 275.420 Cost: 0.000
arrive destination: True ,out of road:False   Total T: 298474 Episode Num: 932 Episode T: 353 Reward: 376.597 Cost: 32.000
arrive destination: True ,out of road:False   Total T: 298886 Episode Num: 933 Episode T: 412 Reward: 378.132 Cost: 50.000
arrive destination: True ,out of road:False   Total T: 299312 Episode Num: 934 Episode T: 426 Reward: 519.907 Cost: 11.000
arrive destination: True ,out of road:False   Total T: 299597 Episode Num: 935 Episode T: 285 Reward: 294.566 Cost: 15.000
arrive destination: True ,out of road:False   Total T: 299798 Episode Num: 936 Episode T: 201 Reward: 232.436 Cost: 7.000
---------------------------------------
Evaluation over 20 episodes: 0.950 Cost 18.700.             SafeRL used : use_td3
---------------------------------------
[34;1m
Time: 2026-06-29 15:01:46, Time spent from previous logger: 197.634 s[0m
[34;1mCustomLogger with fileds: ['total_steps', 'EpRet', 'EpCost', 'CostRate'][0m
[34;1mfieldvalues: [300000, 0.95, 18.7, 0.048880162933876446]
[0m
arrive destination: True ,out of road:False   Total T: 300450 Episode Num: 937 Episode T: 652 Reward: 670.411 Cost: 48.000
arrive destination: True ,out of road:False   Total T: 300663 Episode Num: 938 Episode T: 213 Reward: 249.018 Cost: 0.000
arrive destination: True ,out of road:False   Total T: 300874 Episode Num: 939 Episode T: 211 Reward: 246.333 Cost: 0.000
arrive destination: True ,out of road:False   Total T: 301271 Episode Num: 940 Episode T: 397 Reward: 367.219 Cost: 25.000
arrive destination: True ,out of road:False   Total T: 301736 Episode Num: 941 Episode T: 465 Reward: 432.226 Cost: 59.000
arrive destination: True ,out of road:False   Total T: 302140 Episode Num: 942 Episode T: 404 Reward: 400.595 Cost: 3.000
arrive destination: True ,out of road:False   Total T: 302495 Episode Num: 943 Episode T: 355 Reward: 395.255 Cost: 0.000
arrive destination: False ,out of road:True   Total T: 302837 Episode Num: 944 Episode T: 342 Reward: 240.816 Cost: 28.000
arrive destination: True ,out of road:False   Total T: 303278 Episode Num: 945 Episode T: 441 Reward: 510.841 Cost: 12.000
arrive destination: True ,out of road:False   Total T: 303511 Episode Num: 946 Episode T: 233 Reward: 253.200 Cost: 0.000
arrive destination: True ,out of road:False   Total T: 304011 Episode Num: 947 Episode T: 500 Reward: 365.280 Cost: 20.000
arrive destination: True ,out of road:False   Total T: 304273 Episode Num: 948 Episode T: 262 Reward: 276.641 Cost: 11.000
arrive destination: False ,out of road:True   Total T: 304539 Episode Num: 949 Episode T: 266 Reward: 236.163 Cost: 20.000
arrive destination: True ,out of road:False   Total T: 304927 Episode Num: 950 Episode T: 388 Reward: 400.405 Cost: 3.000
arrive destination: True ,out of road:False   Total T: 305208 Episode Num: 951 Episode T: 281 Reward: 349.806 Cost: 9.000
arrive destination: True ,out of road:False   Total T: 305456 Episode Num: 952 Episode T: 248 Reward: 232.546 Cost: 7.000
arrive destination: True ,out of road:False   Total T: 305739 Episode Num: 953 Episode T: 283 Reward: 294.204 Cost: 23.000
arrive destination: True ,out of road:False   Total T: 306039 Episode Num: 954 Episode T: 300 Reward: 351.391 Cost: 15.000
arrive destination: True ,out of road:False   Total T: 306482 Episode Num: 955 Episode T: 443 Reward: 412.239 Cost: 25.000
arrive destination: True ,out of road:False   Total T: 306756 Episode Num: 956 Episode T: 274 Reward: 286.253 Cost: 23.000
arrive destination: True ,out of road:False   Total T: 307051 Episode Num: 957 Episode T: 295 Reward: 356.310 Cost: 7.000
arrive destination: True ,out of road:False   Total T: 307301 Episode Num: 958 Episode T: 250 Reward: 276.114 Cost: 1.000
arrive destination: True ,out of road:False   Total T: 307582 Episode Num: 959 Episode T: 281 Reward: 294.299 Cost: 10.000
arrive destination: True ,out of road:False   Total T: 307839 Episode Num: 960 Episode T: 257 Reward: 233.075 Cost: 1.000
arrive destination: True ,out of road:False   Total T: 308172 Episode Num: 961 Episode T: 333 Reward: 375.016 Cost: 25.000
arrive destination: True ,out of road:False   Total T: 308377 Episode Num: 962 Episode T: 205 Reward: 233.143 Cost: 5.000
arrive destination: False ,out of road:False   Total T: 309377 Episode Num: 963 Episode T: 1000 Reward: 328.387 Cost: 48.000
arrive destination: True ,out of road:False   Total T: 309724 Episode Num: 964 Episode T: 347 Reward: 397.200 Cost: 0.000
---------------------------------------
Evaluation over 20 episodes: 0.700 Cost 14.700.             SafeRL used : use_td3
---------------------------------------
[34;1m
Time: 2026-06-29 15:05:00, Time spent from previous logger: 194.508 s[0m
[34;1mCustomLogger with fileds: ['total_steps', 'EpRet', 'EpCost', 'CostRate'][0m
[34;1mfieldvalues: [310000, 0.7, 14.7, 0.04870660873099591]
[0m
arrive destination: True ,out of road:False   Total T: 310240 Episode Num: 965 Episode T: 516 Reward: 607.092 Cost: 17.000
arrive destination: True ,out of road:False   Total T: 310592 Episode Num: 966 Episode T: 352 Reward: 397.946 Cost: 5.000
arrive destination: False ,out of road:True   Total T: 310926 Episode Num: 967 Episode T: 334 Reward: 231.417 Cost: 14.000
arrive destination: True ,out of road:False   Total T: 311198 Episode Num: 968 Episode T: 272 Reward: 287.692 Cost: 13.000
arrive destination: True ,out of road:False   Total T: 311533 Episode Num: 969 Episode T: 335 Reward: 336.086 Cost: 8.000
arrive destination: True ,out of road:False   Total T: 311914 Episode Num: 970 Episode T: 381 Reward: 376.363 Cost: 24.000
arrive destination: True ,out of road:False   Total T: 312151 Episode Num: 971 Episode T: 237 Reward: 269.995 Cost: 2.000
arrive destination: True ,out of road:False   Total T: 312619 Episode Num: 972 Episode T: 468 Reward: 414.569 Cost: 45.000
arrive destination: True ,out of road:False   Total T: 312899 Episode Num: 973 Episode T: 280 Reward: 268.043 Cost: 19.000
arrive destination: True ,out of road:False   Total T: 313231 Episode Num: 974 Episode T: 332 Reward: 335.509 Cost: 7.000
arrive destination: True ,out of road:False   Total T: 313483 Episode Num: 975 Episode T: 252 Reward: 232.242 Cost: 1.000
arrive destination: True ,out of road:False   Total T: 313930 Episode Num: 976 Episode T: 447 Reward: 380.934 Cost: 35.000
arrive destination: True ,out of road:False   Total T: 314295 Episode Num: 977 Episode T: 365 Reward: 396.722 Cost: 2.000
arrive destination: True ,out of road:False   Total T: 314530 Episode Num: 978 Episode T: 235 Reward: 282.092 Cost: 8.000
arrive destination: True ,out of road:False   Total T: 314769 Episode Num: 979 Episode T: 239 Reward: 277.924 Cost: 0.000
arrive destination: True ,out of road:False   Total T: 315026 Episode Num: 980 Episode T: 257 Reward: 270.232 Cost: 6.000
arrive destination: True ,out of road:False   Total T: 315487 Episode Num: 981 Episode T: 461 Reward: 471.151 Cost: 24.000
arrive destination: False ,out of road:True   Total T: 315703 Episode Num: 982 Episode T: 216 Reward: 221.791 Cost: 10.000
arrive destination: True ,out of road:False   Total T: 316039 Episode Num: 983 Episode T: 336 Reward: 335.907 Cost: 22.000
arrive destination: True ,out of road:False   Total T: 316384 Episode Num: 984 Episode T: 345 Reward: 371.490 Cost: 6.000
arrive destination: True ,out of road:False   Total T: 316856 Episode Num: 985 Episode T: 472 Reward: 464.953 Cost: 23.000
arrive destination: False ,out of road:True   Total T: 317083 Episode Num: 986 Episode T: 227 Reward: 234.148 Cost: 8.000
arrive destination: True ,out of road:False   Total T: 317417 Episode Num: 987 Episode T: 334 Reward: 379.526 Cost: 13.000
arrive destination: False ,out of road:True   Total T: 317574 Episode Num: 988 Episode T: 157 Reward: 133.968 Cost: 1.000
arrive destination: True ,out of road:False   Total T: 318013 Episode Num: 989 Episode T: 439 Reward: 398.191 Cost: 35.000
arrive destination: True ,out of road:False   Total T: 318245 Episode Num: 990 Episode T: 232 Reward: 251.067 Cost: 0.000
arrive destination: True ,out of road:False   Total T: 318600 Episode Num: 991 Episode T: 355 Reward: 368.553 Cost: 17.000
arrive destination: True ,out of road:False   Total T: 318859 Episode Num: 992 Episode T: 259 Reward: 285.082 Cost: 7.000
arrive destination: True ,out of road:False   Total T: 319196 Episode Num: 993 Episode T: 337 Reward: 395.212 Cost: 24.000
arrive destination: True ,out of road:False   Total T: 319449 Episode Num: 994 Episode T: 253 Reward: 274.747 Cost: 12.000
arrive destination: True ,out of road:False   Total T: 319824 Episode Num: 995 Episode T: 375 Reward: 377.378 Cost: 24.000
---------------------------------------
Evaluation over 20 episodes: 0.650 Cost 13.500.             SafeRL used : use_td3
---------------------------------------
[34;1m
Time: 2026-06-29 15:08:20, Time spent from previous logger: 199.744 s[0m
[34;1mCustomLogger with fileds: ['total_steps', 'EpRet', 'EpCost', 'CostRate'][0m
[34;1mfieldvalues: [320000, 0.65, 13.5, 0.0485095265922706]
[0m
arrive destination: True ,out of road:False   Total T: 320382 Episode Num: 996 Episode T: 558 Reward: 539.829 Cost: 47.000
arrive destination: True ,out of road:False   Total T: 320581 Episode Num: 997 Episode T: 199 Reward: 232.180 Cost: 11.000
arrive destination: True ,out of road:False   Total T: 321051 Episode Num: 998 Episode T: 470 Reward: 490.541 Cost: 46.000
arrive destination: True ,out of road:False   Total T: 321343 Episode Num: 999 Episode T: 292 Reward: 352.164 Cost: 17.000
arrive destination: True ,out of road:False   Total T: 321582 Episode Num: 1000 Episode T: 239 Reward: 275.129 Cost: 0.000
arrive destination: True ,out of road:False   Total T: 322045 Episode Num: 1001 Episode T: 463 Reward: 511.252 Cost: 40.000
arrive destination: True ,out of road:False   Total T: 322279 Episode Num: 1002 Episode T: 234 Reward: 276.228 Cost: 3.000
arrive destination: True ,out of road:False   Total T: 322525 Episode Num: 1003 Episode T: 246 Reward: 285.115 Cost: 11.000
arrive destination: True ,out of road:False   Total T: 322857 Episode Num: 1004 Episode T: 332 Reward: 367.835 Cost: 13.000
arrive destination: True ,out of road:False   Total T: 323189 Episode Num: 1005 Episode T: 332 Reward: 335.562 Cost: 17.000
arrive destination: True ,out of road:False   Total T: 323391 Episode Num: 1006 Episode T: 202 Reward: 232.809 Cost: 0.000
arrive destination: True ,out of road:False   Total T: 323595 Episode Num: 1007 Episode T: 204 Reward: 269.146 Cost: 0.000
arrive destination: True ,out of road:False   Total T: 324138 Episode Num: 1008 Episode T: 543 Reward: 427.709 Cost: 46.000
arrive destination: True ,out of road:False   Total T: 324581 Episode Num: 1009 Episode T: 443 Reward: 413.905 Cost: 24.000
arrive destination: True ,out of road:False   Total T: 324786 Episode Num: 1010 Episode T: 205 Reward: 232.377 Cost: 0.000
arrive destination: False ,out of road:True   Total T: 324889 Episode Num: 1011 Episode T: 103 Reward: 89.192 Cost: 5.000
arrive destination: True ,out of road:False   Total T: 325182 Episode Num: 1012 Episode T: 293 Reward: 357.711 Cost: 8.000
arrive destination: True ,out of road:False   Total T: 325402 Episode Num: 1013 Episode T: 220 Reward: 250.099 Cost: 0.000
arrive destination: False ,out of road:True   Total T: 325630 Episode Num: 1014 Episode T: 228 Reward: 232.253 Cost: 5.000
arrive destination: True ,out of road:False   Total T: 325874 Episode Num: 1015 Episode T: 244 Reward: 295.537 Cost: 20.000
arrive destination: True ,out of road:False   Total T: 326090 Episode Num: 1016 Episode T: 216 Reward: 248.985 Cost: 0.000
arrive destination: True ,out of road:False   Total T: 326470 Episode Num: 1017 Episode T: 380 Reward: 396.186 Cost: 5.000
arrive destination: True ,out of road:False   Total T: 326779 Episode Num: 1018 Episode T: 309 Reward: 294.453 Cost: 17.000
arrive destination: True ,out of road:False   Total T: 327060 Episode Num: 1019 Episode T: 281 Reward: 357.818 Cost: 6.000
arrive destination: True ,out of road:False   Total T: 327340 Episode Num: 1020 Episode T: 280 Reward: 294.238 Cost: 26.000
arrive destination: False ,out of road:True   Total T: 327749 Episode Num: 1021 Episode T: 409 Reward: 469.035 Cost: 30.000
arrive destination: True ,out of road:False   Total T: 328134 Episode Num: 1022 Episode T: 385 Reward: 377.656 Cost: 40.000
arrive destination: True ,out of road:False   Total T: 328514 Episode Num: 1023 Episode T: 380 Reward: 336.012 Cost: 26.000
arrive destination: True ,out of road:False   Total T: 328779 Episode Num: 1024 Episode T: 265 Reward: 294.050 Cost: 24.000
arrive destination: True ,out of road:False   Total T: 329037 Episode Num: 1025 Episode T: 258 Reward: 275.850 Cost: 0.000
arrive destination: True ,out of road:False   Total T: 329478 Episode Num: 1026 Episode T: 441 Reward: 412.863 Cost: 18.000
arrive destination: True ,out of road:False   Total T: 329908 Episode Num: 1027 Episode T: 430 Reward: 467.782 Cost: 27.000
---------------------------------------
Evaluation over 20 episodes: 0.850 Cost 15.550.             SafeRL used : use_td3
---------------------------------------
[34;1m
Time: 2026-06-29 15:11:54, Time spent from previous logger: 213.711 s[0m
[34;1mCustomLogger with fileds: ['total_steps', 'EpRet', 'EpCost', 'CostRate'][0m
[34;1mfieldvalues: [330000, 0.85, 15.55, 0.048624389770878094]
[0m
arrive destination: True ,out of road:False   Total T: 330418 Episode Num: 1028 Episode T: 510 Reward: 569.634 Cost: 24.000
arrive destination: True ,out of road:False   Total T: 330627 Episode Num: 1029 Episode T: 209 Reward: 232.828 Cost: 13.000
arrive destination: True ,out of road:False   Total T: 330864 Episode Num: 1030 Episode T: 237 Reward: 295.411 Cost: 16.000
arrive destination: True ,out of road:False   Total T: 331094 Episode Num: 1031 Episode T: 230 Reward: 274.699 Cost: 0.000
arrive destination: False ,out of road:True   Total T: 331245 Episode Num: 1032 Episode T: 151 Reward: 149.869 Cost: 3.000
arrive destination: True ,out of road:False   Total T: 331480 Episode Num: 1033 Episode T: 235 Reward: 295.881 Cost: 12.000
arrive destination: True ,out of road:False   Total T: 331859 Episode Num: 1034 Episode T: 379 Reward: 396.624 Cost: 6.000
arrive destination: True ,out of road:False   Total T: 332374 Episode Num: 1035 Episode T: 515 Reward: 493.088 Cost: 46.000
arrive destination: True ,out of road:True   Total T: 332621 Episode Num: 1036 Episode T: 247 Reward: 332.578 Cost: 16.000
arrive destination: True ,out of road:False   Total T: 333374 Episode Num: 1037 Episode T: 753 Reward: 504.071 Cost: 73.000
arrive destination: True ,out of road:True   Total T: 333624 Episode Num: 1038 Episode T: 250 Reward: 336.053 Cost: 27.000
arrive destination: True ,out of road:False   Total T: 333841 Episode Num: 1039 Episode T: 217 Reward: 232.563 Cost: 1.000
arrive destination: True ,out of road:False   Total T: 334126 Episode Num: 1040 Episode T: 285 Reward: 353.163 Cost: 0.000
arrive destination: True ,out of road:False   Total T: 334589 Episode Num: 1041 Episode T: 463 Reward: 511.331 Cost: 36.000
arrive destination: True ,out of road:False   Total T: 334809 Episode Num: 1042 Episode T: 220 Reward: 269.555 Cost: 3.000
arrive destination: True ,out of road:False   Total T: 335238 Episode Num: 1043 Episode T: 429 Reward: 417.572 Cost: 49.000
arrive destination: False ,out of road:True   Total T: 335385 Episode Num: 1044 Episode T: 147 Reward: 126.641 Cost: 3.000
arrive destination: True ,out of road:False   Total T: 335669 Episode Num: 1045 Episode T: 284 Reward: 358.665 Cost: 7.000
arrive destination: True ,out of road:False   Total T: 335920 Episode Num: 1046 Episode T: 251 Reward: 295.322 Cost: 23.000
arrive destination: True ,out of road:False   Total T: 336371 Episode Num: 1047 Episode T: 451 Reward: 508.369 Cost: 21.000
arrive destination: True ,out of road:False   Total T: 336967 Episode Num: 1048 Episode T: 596 Reward: 416.871 Cost: 50.000
arrive destination: True ,out of road:False   Total T: 337400 Episode Num: 1049 Episode T: 433 Reward: 502.189 Cost: 56.000
arrive destination: False ,out of road:True   Total T: 337444 Episode Num: 1050 Episode T: 44 Reward: 9.799 Cost: 1.000
arrive destination: False ,out of road:True   Total T: 337465 Episode Num: 1051 Episode T: 21 Reward: -3.556 Cost: 1.000
arrive destination: True ,out of road:False   Total T: 337879 Episode Num: 1052 Episode T: 414 Reward: 380.792 Cost: 38.000
arrive destination: True ,out of road:False   Total T: 338394 Episode Num: 1053 Episode T: 515 Reward: 492.147 Cost: 42.000
arrive destination: True ,out of road:False   Total T: 338842 Episode Num: 1054 Episode T: 448 Reward: 461.511 Cost: 22.000
arrive destination: True ,out of road:False   Total T: 339245 Episode Num: 1055 Episode T: 403 Reward: 376.810 Cost: 24.000
arrive destination: True ,out of road:False   Total T: 339687 Episode Num: 1056 Episode T: 442 Reward: 493.018 Cost: 35.000
---------------------------------------
Evaluation over 20 episodes: 0.650 Cost 12.150.             SafeRL used : use_td3
---------------------------------------
[34;1m
Time: 2026-06-29 15:15:27, Time spent from previous logger: 213.320 s[0m
[34;1mCustomLogger with fileds: ['total_steps', 'EpRet', 'EpCost', 'CostRate'][0m
[34;1mfieldvalues: [340000, 0.65, 12.15, 0.04917955641046003]
[0m
arrive destination: True ,out of road:False   Total T: 340245 Episode Num: 1057 Episode T: 558 Reward: 610.796 Cost: 34.000
arrive destination: True ,out of road:False   Total T: 340515 Episode Num: 1058 Episode T: 270 Reward: 295.922 Cost: 0.000
arrive destination: True ,out of road:False   Total T: 340729 Episode Num: 1059 Episode T: 214 Reward: 269.540 Cost: 5.000
arrive destination: True ,out of road:False   Total T: 340989 Episode Num: 1060 Episode T: 260 Reward: 285.869 Cost: 30.000
arrive destination: True ,out of road:False   Total T: 341404 Episode Num: 1061 Episode T: 415 Reward: 410.578 Cost: 45.000
arrive destination: True ,out of road:False   Total T: 341658 Episode Num: 1062 Episode T: 254 Reward: 295.902 Cost: 0.000
arrive destination: True ,out of road:False   Total T: 341896 Episode Num: 1063 Episode T: 238 Reward: 276.757 Cost: 0.000
arrive destination: False ,out of road:True   Total T: 342121 Episode Num: 1064 Episode T: 225 Reward: 151.389 Cost: 15.000
arrive destination: True ,out of road:False   Total T: 342355 Episode Num: 1065 Episode T: 234 Reward: 272.907 Cost: 5.000
arrive destination: True ,out of road:False   Total T: 342569 Episode Num: 1066 Episode T: 214 Reward: 245.091 Cost: 0.000
arrive destination: True ,out of road:False   Total T: 342790 Episode Num: 1067 Episode T: 221 Reward: 270.203 Cost: 2.000
arrive destination: False ,out of road:True   Total T: 343023 Episode Num: 1068 Episode T: 233 Reward: 197.226 Cost: 6.000
arrive destination: False ,out of road:True   Total T: 343135 Episode Num: 1069 Episode T: 112 Reward: 94.142 Cost: 3.000
arrive destination: True ,out of road:False   Total T: 343573 Episode Num: 1070 Episode T: 438 Reward: 492.338 Cost: 46.000
arrive destination: True ,out of road:False   Total T: 343939 Episode Num: 1071 Episode T: 366 Reward: 395.557 Cost: 32.000
arrive destination: True ,out of road:False   Total T: 344219 Episode Num: 1072 Episode T: 280 Reward: 294.707 Cost: 13.000
arrive destination: True ,out of road:False   Total T: 344525 Episode Num: 1073 Episode T: 306 Reward: 267.978 Cost: 15.000
arrive destination: True ,out of road:False   Total T: 344955 Episode Num: 1074 Episode T: 430 Reward: 492.735 Cost: 53.000
arrive destination: True ,out of road:False   Total T: 345197 Episode Num: 1075 Episode T: 242 Reward: 276.422 Cost: 0.000
arrive destination: True ,out of road:False   Total T: 345448 Episode Num: 1076 Episode T: 251 Reward: 295.295 Cost: 13.000
arrive destination: True ,out of road:False   Total T: 345708 Episode Num: 1077 Episode T: 260 Reward: 294.056 Cost: 24.000
arrive destination: True ,out of road:False   Total T: 346006 Episode Num: 1078 Episode T: 298 Reward: 353.483 Cost: 7.000
arrive destination: True ,out of road:False   Total T: 346456 Episode Num: 1079 Episode T: 450 Reward: 469.251 Cost: 36.000
arrive destination: True ,out of road:False   Total T: 346955 Episode Num: 1080 Episode T: 499 Reward: 494.980 Cost: 55.000
arrive destination: True ,out of road:False   Total T: 347155 Episode Num: 1081 Episode T: 200 Reward: 232.910 Cost: 9.000
arrive destination: True ,out of road:False   Total T: 347392 Episode Num: 1082 Episode T: 237 Reward: 277.670 Cost: 0.000
arrive destination: True ,out of road:False   Total T: 347684 Episode Num: 1083 Episode T: 292 Reward: 359.308 Cost: 10.000
arrive destination: True ,out of road:False   Total T: 347922 Episode Num: 1084 Episode T: 238 Reward: 272.844 Cost: 9.000
arrive destination: True ,out of road:False   Total T: 348202 Episode Num: 1085 Episode T: 280 Reward: 294.357 Cost: 9.000
arrive destination: True ,out of road:False   Total T: 348454 Episode Num: 1086 Episode T: 252 Reward: 295.595 Cost: 19.000
arrive destination: True ,out of road:False   Total T: 348793 Episode Num: 1087 Episode T: 339 Reward: 336.017 Cost: 13.000
arrive destination: True ,out of road:False   Total T: 349285 Episode Num: 1088 Episode T: 492 Reward: 490.047 Cost: 42.000
arrive destination: True ,out of road:False   Total T: 349541 Episode Num: 1089 Episode T: 256 Reward: 279.626 Cost: 2.000
arrive destination: True ,out of road:False   Total T: 349918 Episode Num: 1090 Episode T: 377 Reward: 408.617 Cost: 22.000
---------------------------------------
Evaluation over 20 episodes: 0.750 Cost 17.650.             SafeRL used : use_td3
---------------------------------------
[34;1m
Time: 2026-06-29 15:18:49, Time spent from previous logger: 201.824 s[0m
[34;1mCustomLogger with fileds: ['total_steps', 'EpRet', 'EpCost', 'CostRate'][0m
[34;1mfieldvalues: [350000, 0.75, 17.65, 0.049337283820810915]
[0m
arrive destination: True ,out of road:False   Total T: 350452 Episode Num: 1091 Episode T: 534 Reward: 524.391 Cost: 29.000
arrive destination: True ,out of road:False   Total T: 350765 Episode Num: 1092 Episode T: 313 Reward: 294.328 Cost: 25.000
arrive destination: True ,out of road:False   Total T: 351034 Episode Num: 1093 Episode T: 269 Reward: 266.323 Cost: 15.000
arrive destination: True ,out of road:False   Total T: 351293 Episode Num: 1094 Episode T: 259 Reward: 274.622 Cost: 12.000
arrive destination: True ,out of road:False   Total T: 351518 Episode Num: 1095 Episode T: 225 Reward: 275.383 Cost: 0.000
arrive destination: True ,out of road:False   Total T: 351925 Episode Num: 1096 Episode T: 407 Reward: 380.436 Cost: 42.000
arrive destination: True ,out of road:False   Total T: 352167 Episode Num: 1097 Episode T: 242 Reward: 276.129 Cost: 2.000
arrive destination: True ,out of road:False   Total T: 352422 Episode Num: 1098 Episode T: 255 Reward: 273.373 Cost: 3.000
arrive destination: True ,out of road:False   Total T: 352843 Episode Num: 1099 Episode T: 421 Reward: 418.295 Cost: 33.000
arrive destination: True ,out of road:False   Total T: 353114 Episode Num: 1100 Episode T: 271 Reward: 305.396 Cost: 7.000
arrive destination: True ,out of road:False   Total T: 353393 Episode Num: 1101 Episode T: 279 Reward: 263.850 Cost: 13.000
arrive destination: True ,out of road:False   Total T: 353780 Episode Num: 1102 Episode T: 387 Reward: 367.015 Cost: 31.000
arrive destination: True ,out of road:False   Total T: 354174 Episode Num: 1103 Episode T: 394 Reward: 377.920 Cost: 30.000
arrive destination: True ,out of road:False   Total T: 354418 Episode Num: 1104 Episode T: 244 Reward: 286.333 Cost: 7.000
arrive destination: True ,out of road:False   Total T: 354760 Episode Num: 1105 Episode T: 342 Reward: 397.490 Cost: 19.000
arrive destination: True ,out of road:False   Total T: 355124 Episode Num: 1106 Episode T: 364 Reward: 403.747 Cost: 3.000
arrive destination: False ,out of road:True   Total T: 355459 Episode Num: 1107 Episode T: 335 Reward: 345.040 Cost: 17.000
arrive destination: True ,out of road:False   Total T: 355759 Episode Num: 1108 Episode T: 300 Reward: 361.262 Cost: 0.000
arrive destination: True ,out of road:False   Total T: 356096 Episode Num: 1109 Episode T: 337 Reward: 368.421 Cost: 9.000
arrive destination: True ,out of road:False   Total T: 356357 Episode Num: 1110 Episode T: 261 Reward: 294.055 Cost: 19.000
arrive destination: False ,out of road:True   Total T: 356547 Episode Num: 1111 Episode T: 190 Reward: 181.410 Cost: 1.000
arrive destination: True ,out of road:False   Total T: 356935 Episode Num: 1112 Episode T: 388 Reward: 415.033 Cost: 51.000
arrive destination: True ,out of road:False   Total T: 357170 Episode Num: 1113 Episode T: 235 Reward: 295.978 Cost: 21.000
arrive destination: False ,out of road:True   Total T: 357194 Episode Num: 1114 Episode T: 24 Reward: -2.466 Cost: 1.000
arrive destination: True ,out of road:False   Total T: 357653 Episode Num: 1115 Episode T: 459 Reward: 492.365 Cost: 47.000
arrive destination: True ,out of road:False   Total T: 357920 Episode Num: 1116 Episode T: 267 Reward: 286.939 Cost: 14.000
arrive destination: True ,out of road:False   Total T: 358134 Episode Num: 1117 Episode T: 214 Reward: 248.664 Cost: 0.000
arrive destination: True ,out of road:False   Total T: 358334 Episode Num: 1118 Episode T: 200 Reward: 269.474 Cost: 0.000
arrive destination: True ,out of road:False   Total T: 358647 Episode Num: 1119 Episode T: 313 Reward: 294.553 Cost: 27.000
arrive destination: True ,out of road:False   Total T: 359003 Episode Num: 1120 Episode T: 356 Reward: 397.033 Cost: 0.000
arrive destination: True ,out of road:False   Total T: 359286 Episode Num: 1121 Episode T: 283 Reward: 285.607 Cost: 9.000
arrive destination: True ,out of road:False   Total T: 359503 Episode Num: 1122 Episode T: 217 Reward: 270.086 Cost: 0.000
arrive destination: True ,out of road:False   Total T: 359878 Episode Num: 1123 Episode T: 375 Reward: 401.441 Cost: 0.000
---------------------------------------
Evaluation over 20 episodes: 0.900 Cost 9.850.             SafeRL used : use_td3
---------------------------------------
[34;1m
Time: 2026-06-29 15:22:07, Time spent from previous logger: 197.748 s[0m
[34;1mCustomLogger with fileds: ['total_steps', 'EpRet', 'EpCost', 'CostRate'][0m
[34;1mfieldvalues: [360000, 0.9, 9.85, 0.049322359228775633]
[0m
arrive destination: True ,out of road:False   Total T: 360270 Episode Num: 1124 Episode T: 392 Reward: 407.427 Cost: 15.000
arrive destination: True ,out of road:False   Total T: 360481 Episode Num: 1125 Episode T: 211 Reward: 269.245 Cost: 5.000
arrive destination: True ,out of road:False   Total T: 360679 Episode Num: 1126 Episode T: 198 Reward: 232.459 Cost: 10.000
arrive destination: True ,out of road:False   Total T: 360930 Episode Num: 1127 Episode T: 251 Reward: 271.961 Cost: 13.000
arrive destination: True ,out of road:False   Total T: 361366 Episode Num: 1128 Episode T: 436 Reward: 492.696 Cost: 34.000
arrive destination: True ,out of road:False   Total T: 361728 Episode Num: 1129 Episode T: 362 Reward: 381.109 Cost: 46.000
arrive destination: True ,out of road:False   Total T: 362090 Episode Num: 1130 Episode T: 362 Reward: 394.805 Cost: 0.000
arrive destination: True ,out of road:False   Total T: 362302 Episode Num: 1131 Episode T: 212 Reward: 246.918 Cost: 0.000
arrive destination: True ,out of road:False   Total T: 362731 Episode Num: 1132 Episode T: 429 Reward: 417.505 Cost: 28.000
arrive destination: True ,out of road:False   Total T: 363076 Episode Num: 1133 Episode T: 345 Reward: 370.471 Cost: 9.000
arrive destination: True ,out of road:False   Total T: 363462 Episode Num: 1134 Episode T: 386 Reward: 336.268 Cost: 31.000
arrive destination: True ,out of road:False   Total T: 363786 Episode Num: 1135 Episode T: 324 Reward: 399.559 Cost: 10.000
arrive destination: True ,out of road:False   Total T: 364155 Episode Num: 1136 Episode T: 369 Reward: 402.573 Cost: 0.000
arrive destination: True ,out of road:False   Total T: 364533 Episode Num: 1137 Episode T: 378 Reward: 402.530 Cost: 4.000
arrive destination: True ,out of road:False   Total T: 364887 Episode Num: 1138 Episode T: 354 Reward: 398.127 Cost: 0.000
arrive destination: True ,out of road:False   Total T: 365123 Episode Num: 1139 Episode T: 236 Reward: 277.876 Cost: 3.000
arrive destination: True ,out of road:False   Total T: 365401 Episode Num: 1140 Episode T: 278 Reward: 358.690 Cost: 2.000
arrive destination: True ,out of road:False   Total T: 365851 Episode Num: 1141 Episode T: 450 Reward: 465.827 Cost: 23.000
arrive destination: True ,out of road:False   Total T: 366117 Episode Num: 1142 Episode T: 266 Reward: 267.435 Cost: 15.000
arrive destination: True ,out of road:False   Total T: 366406 Episode Num: 1143 Episode T: 289 Reward: 361.719 Cost: 17.000
arrive destination: True ,out of road:False   Total T: 366825 Episode Num: 1144 Episode T: 419 Reward: 492.897 Cost: 46.000
arrive destination: True ,out of road:False   Total T: 367232 Episode Num: 1145 Episode T: 407 Reward: 378.810 Cost: 42.000
arrive destination: True ,out of road:False   Total T: 367464 Episode Num: 1146 Episode T: 232 Reward: 277.891 Cost: 0.000
arrive destination: True ,out of road:False   Total T: 367756 Episode Num: 1147 Episode T: 292 Reward: 358.983 Cost: 19.000
arrive destination: True ,out of road:False   Total T: 367974 Episode Num: 1148 Episode T: 218 Reward: 269.430 Cost: 0.000
arrive destination: True ,out of road:False   Total T: 368391 Episode Num: 1149 Episode T: 417 Reward: 510.634 Cost: 17.000
arrive destination: True ,out of road:False   Total T: 368591 Episode Num: 1150 Episode T: 200 Reward: 232.264 Cost: 17.000
arrive destination: True ,out of road:False   Total T: 368798 Episode Num: 1151 Episode T: 207 Reward: 269.612 Cost: 2.000
arrive destination: True ,out of road:False   Total T: 369318 Episode Num: 1152 Episode T: 520 Reward: 417.281 Cost: 52.000
arrive destination: True ,out of road:False   Total T: 369689 Episode Num: 1153 Episode T: 371 Reward: 396.760 Cost: 1.000
arrive destination: True ,out of road:False   Total T: 369934 Episode Num: 1154 Episode T: 245 Reward: 274.519 Cost: 1.000
---------------------------------------
Evaluation over 20 episodes: 0.950 Cost 15.300.             SafeRL used : use_td3
---------------------------------------
[34;1m
Time: 2026-06-29 15:25:30, Time spent from previous logger: 203.456 s[0m
[34;1mCustomLogger with fileds: ['total_steps', 'EpRet', 'EpCost', 'CostRate'][0m
[34;1mfieldvalues: [370000, 0.95, 15.3, 0.04923526820342758]
[0m
arrive destination: False ,out of road:True   Total T: 370216 Episode Num: 1155 Episode T: 282 Reward: 261.484 Cost: 15.000
arrive destination: True ,out of road:False   Total T: 370580 Episode Num: 1156 Episode T: 364 Reward: 374.924 Cost: 26.000
arrive destination: True ,out of road:False   Total T: 370817 Episode Num: 1157 Episode T: 237 Reward: 269.836 Cost: 3.000
arrive destination: True ,out of road:False   Total T: 371179 Episode Num: 1158 Episode T: 362 Reward: 395.747 Cost: 0.000
arrive destination: True ,out of road:False   Total T: 371413 Episode Num: 1159 Episode T: 234 Reward: 268.962 Cost: 5.000
arrive destination: True ,out of road:False   Total T: 371660 Episode Num: 1160 Episode T: 247 Reward: 288.245 Cost: 10.000
arrive destination: True ,out of road:False   Total T: 371872 Episode Num: 1161 Episode T: 212 Reward: 232.835 Cost: 0.000
arrive destination: True ,out of road:False   Total T: 372333 Episode Num: 1162 Episode T: 461 Reward: 415.282 Cost: 51.000
arrive destination: True ,out of road:False   Total T: 372547 Episode Num: 1163 Episode T: 214 Reward: 245.345 Cost: 0.000
arrive destination: True ,out of road:False   Total T: 372783 Episode Num: 1164 Episode T: 236 Reward: 278.357 Cost: 0.000
arrive destination: True ,out of road:False   Total T: 373235 Episode Num: 1165 Episode T: 452 Reward: 418.075 Cost: 37.000
arrive destination: True ,out of road:False   Total T: 373708 Episode Num: 1166 Episode T: 473 Reward: 460.860 Cost: 31.000
arrive destination: True ,out of road:False   Total T: 374093 Episode Num: 1167 Episode T: 385 Reward: 375.633 Cost: 30.000
arrive destination: True ,out of road:False   Total T: 374299 Episode Num: 1168 Episode T: 206 Reward: 231.824 Cost: 2.000
arrive destination: True ,out of road:False   Total T: 374495 Episode Num: 1169 Episode T: 196 Reward: 242.511 Cost: 5.000
arrive destination: True ,out of road:False   Total T: 374754 Episode Num: 1170 Episode T: 259 Reward: 293.975 Cost: 11.000
arrive destination: True ,out of road:False   Total T: 375093 Episode Num: 1171 Episode T: 339 Reward: 370.555 Cost: 12.000
arrive destination: True ,out of road:False   Total T: 375359 Episode Num: 1172 Episode T: 266 Reward: 267.917 Cost: 6.000
arrive destination: True ,out of road:False   Total T: 375593 Episode Num: 1173 Episode T: 234 Reward: 275.468 Cost: 0.000
arrive destination: True ,out of road:False   Total T: 375794 Episode Num: 1174 Episode T: 201 Reward: 232.722 Cost: 9.000
arrive destination: True ,out of road:False   Total T: 376061 Episode Num: 1175 Episode T: 267 Reward: 274.466 Cost: 2.000
arrive destination: True ,out of road:False   Total T: 376550 Episode Num: 1176 Episode T: 489 Reward: 493.428 Cost: 29.000
arrive destination: True ,out of road:False   Total T: 376908 Episode Num: 1177 Episode T: 358 Reward: 418.948 Cost: 26.000
arrive destination: True ,out of road:False   Total T: 377118 Episode Num: 1178 Episode T: 210 Reward: 243.257 Cost: 0.000
arrive destination: True ,out of road:False   Total T: 377495 Episode Num: 1179 Episode T: 377 Reward: 375.063 Cost: 26.000
arrive destination: False ,out of road:True   Total T: 377861 Episode Num: 1180 Episode T: 366 Reward: 333.671 Cost: 39.000
arrive destination: True ,out of road:False   Total T: 378256 Episode Num: 1181 Episode T: 395 Reward: 453.343 Cost: 51.000
arrive destination: True ,out of road:False   Total T: 378579 Episode Num: 1182 Episode T: 323 Reward: 379.985 Cost: 18.000
arrive destination: True ,out of road:False   Total T: 378894 Episode Num: 1183 Episode T: 315 Reward: 398.608 Cost: 9.000
arrive destination: True ,out of road:False   Total T: 379216 Episode Num: 1184 Episode T: 322 Reward: 367.913 Cost: 9.000
arrive destination: False ,out of road:True   Total T: 379314 Episode Num: 1185 Episode T: 98 Reward: 77.481 Cost: 4.000
arrive destination: False ,out of road:True   Total T: 379384 Episode Num: 1186 Episode T: 70 Reward: 34.664 Cost: 1.000
arrive destination: True ,out of road:False   Total T: 379622 Episode Num: 1187 Episode T: 238 Reward: 269.244 Cost: 1.000
arrive destination: True ,out of road:False   Total T: 379847 Episode Num: 1188 Episode T: 225 Reward: 269.873 Cost: 0.000
---------------------------------------
Evaluation over 20 episodes: 0.900 Cost 27.050.             SafeRL used : use_td3
---------------------------------------
[34;1m
Time: 2026-06-29 15:28:59, Time spent from previous logger: 209.023 s[0m
[34;1mCustomLogger with fileds: ['total_steps', 'EpRet', 'EpCost', 'CostRate'][0m
[34;1mfieldvalues: [380000, 0.9, 27.05, 0.04917644520117158]
[0m
arrive destination: True ,out of road:False   Total T: 380245 Episode Num: 1189 Episode T: 398 Reward: 421.556 Cost: 7.000
arrive destination: True ,out of road:False   Total T: 380498 Episode Num: 1190 Episode T: 253 Reward: 295.583 Cost: 9.000
arrive destination: True ,out of road:False   Total T: 380848 Episode Num: 1191 Episode T: 350 Reward: 381.024 Cost: 37.000
arrive destination: True ,out of road:False   Total T: 381241 Episode Num: 1192 Episode T: 393 Reward: 376.592 Cost: 32.000
arrive destination: True ,out of road:False   Total T: 381617 Episode Num: 1193 Episode T: 376 Reward: 406.105 Cost: 0.000
arrive destination: False ,out of road:True   Total T: 381835 Episode Num: 1194 Episode T: 218 Reward: 223.121 Cost: 11.000
arrive destination: True ,out of road:False   Total T: 382085 Episode Num: 1195 Episode T: 250 Reward: 275.985 Cost: 0.000
arrive destination: True ,out of road:False   Total T: 382548 Episode Num: 1196 Episode T: 463 Reward: 510.191 Cost: 47.000
arrive destination: True ,out of road:False   Total T: 382954 Episode Num: 1197 Episode T: 406 Reward: 508.933 Cost: 11.000
arrive destination: True ,out of road:False   Total T: 383324 Episode Num: 1198 Episode T: 370 Reward: 395.874 Cost: 12.000
arrive destination: True ,out of road:False   Total T: 383691 Episode Num: 1199 Episode T: 367 Reward: 415.429 Cost: 30.000
arrive destination: True ,out of road:False   Total T: 384058 Episode Num: 1200 Episode T: 367 Reward: 418.038 Cost: 37.000
arrive destination: True ,out of road:False   Total T: 384378 Episode Num: 1201 Episode T: 320 Reward: 367.169 Cost: 25.000
arrive destination: True ,out of road:False   Total T: 384681 Episode Num: 1202 Episode T: 303 Reward: 363.021 Cost: 1.000
arrive destination: True ,out of road:False   Total T: 385016 Episode Num: 1203 Episode T: 335 Reward: 367.952 Cost: 16.000
arrive destination: False ,out of road:True   Total T: 385168 Episode Num: 1204 Episode T: 152 Reward: 127.688 Cost: 4.000
arrive destination: True ,out of road:False   Total T: 385411 Episode Num: 1205 Episode T: 243 Reward: 295.344 Cost: 21.000
arrive destination: True ,out of road:True   Total T: 385692 Episode Num: 1206 Episode T: 281 Reward: 327.380 Cost: 15.000
arrive destination: True ,out of road:False   Total T: 386013 Episode Num: 1207 Episode T: 321 Reward: 336.052 Cost: 13.000
arrive destination: True ,out of road:False   Total T: 386376 Episode Num: 1208 Episode T: 363 Reward: 397.841 Cost: 1.000
arrive destination: True ,out of road:False   Total T: 386644 Episode Num: 1209 Episode T: 268 Reward: 284.913 Cost: 4.000
arrive destination: True ,out of road:False   Total T: 387108 Episode Num: 1210 Episode T: 464 Reward: 464.060 Cost: 21.000
arrive destination: True ,out of road:False   Total T: 387462 Episode Num: 1211 Episode T: 354 Reward: 401.417 Cost: 0.000
arrive destination: True ,out of road:False   Total T: 387903 Episode Num: 1212 Episode T: 441 Reward: 510.955 Cost: 20.000
arrive destination: True ,out of road:False   Total T: 388114 Episode Num: 1213 Episode T: 211 Reward: 270.120 Cost: 0.000
arrive destination: True ,out of road:False   Total T: 388335 Episode Num: 1214 Episode T: 221 Reward: 232.977 Cost: 18.000
arrive destination: True ,out of road:False   Total T: 388781 Episode Num: 1215 Episode T: 446 Reward: 510.517 Cost: 34.000
arrive destination: True ,out of road:False   Total T: 389131 Episode Num: 1216 Episode T: 350 Reward: 336.039 Cost: 14.000
arrive destination: True ,out of road:False   Total T: 389341 Episode Num: 1217 Episode T: 210 Reward: 249.184 Cost: 0.000
arrive destination: True ,out of road:False   Total T: 389708 Episode Num: 1218 Episode T: 367 Reward: 379.372 Cost: 37.000
---------------------------------------
Evaluation over 20 episodes: 0.700 Cost 15.450.             SafeRL used : use_td3
---------------------------------------
[34;1m
Time: 2026-06-29 15:32:18, Time spent from previous logger: 198.446 s[0m
[34;1mCustomLogger with fileds: ['total_steps', 'EpRet', 'EpCost', 'CostRate'][0m
[34;1mfieldvalues: [390000, 0.7, 15.45, 0.04918474149933718]
[0m
arrive destination: True ,out of road:False   Total T: 390344 Episode Num: 1219 Episode T: 636 Reward: 653.886 Cost: 38.000
arrive destination: True ,out of road:False   Total T: 390581 Episode Num: 1220 Episode T: 237 Reward: 276.092 Cost: 0.000
arrive destination: True ,out of road:False   Total T: 390876 Episode Num: 1221 Episode T: 295 Reward: 294.516 Cost: 29.000
arrive destination: True ,out of road:False   Total T: 391113 Episode Num: 1222 Episode T: 237 Reward: 272.484 Cost: 0.000
arrive destination: True ,out of road:False   Total T: 391412 Episode Num: 1223 Episode T: 299 Reward: 354.651 Cost: 1.000
arrive destination: True ,out of road:False   Total T: 391741 Episode Num: 1224 Episode T: 329 Reward: 367.261 Cost: 19.000
arrive destination: True ,out of road:False   Total T: 391983 Episode Num: 1225 Episode T: 242 Reward: 296.082 Cost: 7.000
arrive destination: True ,out of road:False   Total T: 392452 Episode Num: 1226 Episode T: 469 Reward: 424.491 Cost: 58.000
arrive destination: True ,out of road:False   Total T: 392799 Episode Num: 1227 Episode T: 347 Reward: 336.007 Cost: 4.000
arrive destination: False ,out of road:True   Total T: 392899 Episode Num: 1228 Episode T: 100 Reward: 81.000 Cost: 1.000
arrive destination: True ,out of road:False   Total T: 393107 Episode Num: 1229 Episode T: 208 Reward: 242.141 Cost: 0.000
arrive destination: True ,out of road:False   Total T: 393592 Episode Num: 1230 Episode T: 485 Reward: 492.866 Cost: 42.000
arrive destination: True ,out of road:False   Total T: 394032 Episode Num: 1231 Episode T: 440 Reward: 412.800 Cost: 36.000
arrive destination: True ,out of road:False   Total T: 394471 Episode Num: 1232 Episode T: 439 Reward: 512.598 Cost: 42.000
arrive destination: True ,out of road:False   Total T: 394805 Episode Num: 1233 Episode T: 334 Reward: 335.857 Cost: 8.000
arrive destination: True ,out of road:False   Total T: 395008 Episode Num: 1234 Episode T: 203 Reward: 232.486 Cost: 8.000
arrive destination: True ,out of road:False   Total T: 395241 Episode Num: 1235 Episode T: 233 Reward: 268.853 Cost: 1.000
arrive destination: True ,out of road:False   Total T: 395454 Episode Num: 1236 Episode T: 213 Reward: 247.619 Cost: 0.000
arrive destination: True ,out of road:False   Total T: 395721 Episode Num: 1237 Episode T: 267 Reward: 265.976 Cost: 11.000
arrive destination: True ,out of road:False   Total T: 396062 Episode Num: 1238 Episode T: 341 Reward: 335.436 Cost: 9.000
arrive destination: True ,out of road:False   Total T: 396291 Episode Num: 1239 Episode T: 229 Reward: 267.864 Cost: 8.000
arrive destination: True ,out of road:False   Total T: 396523 Episode Num: 1240 Episode T: 232 Reward: 284.110 Cost: 17.000
arrive destination: True ,out of road:False   Total T: 396921 Episode Num: 1241 Episode T: 398 Reward: 379.715 Cost: 47.000
arrive destination: True ,out of road:False   Total T: 397351 Episode Num: 1242 Episode T: 430 Reward: 412.551 Cost: 51.000
arrive destination: False ,out of road:True   Total T: 397754 Episode Num: 1243 Episode T: 403 Reward: 444.653 Cost: 23.000
arrive destination: False ,out of road:True   Total T: 397815 Episode Num: 1244 Episode T: 61 Reward: 28.858 Cost: 1.000
arrive destination: True ,out of road:False   Total T: 398198 Episode Num: 1245 Episode T: 383 Reward: 405.590 Cost: 8.000
arrive destination: True ,out of road:False   Total T: 398581 Episode Num: 1246 Episode T: 383 Reward: 411.443 Cost: 19.000
arrive destination: True ,out of road:False   Total T: 399017 Episode Num: 1247 Episode T: 436 Reward: 478.676 Cost: 40.000
arrive destination: True ,out of road:False   Total T: 399235 Episode Num: 1248 Episode T: 218 Reward: 269.923 Cost: 0.000
arrive destination: True ,out of road:True   Total T: 399552 Episode Num: 1249 Episode T: 317 Reward: 468.747 Cost: 21.000
arrive destination: True ,out of road:False   Total T: 399985 Episode Num: 1250 Episode T: 433 Reward: 481.551 Cost: 22.000
---------------------------------------
Evaluation over 20 episodes: 0.750 Cost 14.750.             SafeRL used : use_td3
---------------------------------------
[34;1m
Time: 2026-06-29 15:35:44, Time spent from previous logger: 206.008 s[0m
[34;1mCustomLogger with fileds: ['total_steps', 'EpRet', 'EpCost', 'CostRate'][0m
[34;1mfieldvalues: [400000, 0.75, 14.75, 0.04933262333155833]
[0m
arrive destination: True ,out of road:False   Total T: 400436 Episode Num: 1251 Episode T: 451 Reward: 368.233 Cost: 54.000
arrive destination: False ,out of road:True   Total T: 400474 Episode Num: 1252 Episode T: 38 Reward: 5.655 Cost: 1.000
arrive destination: True ,out of road:False   Total T: 400954 Episode Num: 1253 Episode T: 480 Reward: 491.729 Cost: 42.000
arrive destination: True ,out of road:False   Total T: 401381 Episode Num: 1254 Episode T: 427 Reward: 414.963 Cost: 41.000
arrive destination: True ,out of road:False   Total T: 401711 Episode Num: 1255 Episode T: 330 Reward: 335.783 Cost: 16.000
arrive destination: False ,out of road:True   Total T: 401915 Episode Num: 1256 Episode T: 204 Reward: 214.366 Cost: 14.000
arrive destination: True ,out of road:False   Total T: 402144 Episode Num: 1257 Episode T: 229 Reward: 268.977 Cost: 4.000
arrive destination: True ,out of road:False   Total T: 402474 Episode Num: 1258 Episode T: 330 Reward: 397.407 Cost: 20.000
arrive destination: True ,out of road:False   Total T: 402848 Episode Num: 1259 Episode T: 374 Reward: 511.880 Cost: 16.000
arrive destination: False ,out of road:True   Total T: 403248 Episode Num: 1260 Episode T: 400 Reward: 455.864 Cost: 33.000
arrive destination: True ,out of road:False   Total T: 403480 Episode Num: 1261 Episode T: 232 Reward: 276.051 Cost: 0.000
arrive destination: True ,out of road:False   Total T: 403849 Episode Num: 1262 Episode T: 369 Reward: 376.272 Cost: 36.000
arrive destination: True ,out of road:False   Total T: 404232 Episode Num: 1263 Episode T: 383 Reward: 399.656 Cost: 0.000
arrive destination: True ,out of road:False   Total T: 404480 Episode Num: 1264 Episode T: 248 Reward: 305.349 Cost: 13.000
arrive destination: True ,out of road:False   Total T: 404902 Episode Num: 1265 Episode T: 422 Reward: 492.768 Cost: 24.000
arrive destination: True ,out of road:False   Total T: 405241 Episode Num: 1266 Episode T: 339 Reward: 336.187 Cost: 10.000
arrive destination: True ,out of road:False   Total T: 405460 Episode Num: 1267 Episode T: 219 Reward: 247.666 Cost: 0.000
arrive destination: True ,out of road:False   Total T: 405695 Episode Num: 1268 Episode T: 235 Reward: 274.864 Cost: 0.000
arrive destination: True ,out of road:False   Total T: 405954 Episode Num: 1269 Episode T: 259 Reward: 267.798 Cost: 20.000
arrive destination: True ,out of road:False   Total T: 406184 Episode Num: 1270 Episode T: 230 Reward: 275.027 Cost: 0.000
arrive destination: True ,out of road:False   Total T: 406537 Episode Num: 1271 Episode T: 353 Reward: 396.309 Cost: 0.000
arrive destination: True ,out of road:False   Total T: 406776 Episode Num: 1272 Episode T: 239 Reward: 272.354 Cost: 4.000
arrive destination: True ,out of road:False   Total T: 407028 Episode Num: 1273 Episode T: 252 Reward: 296.100 Cost: 20.000
arrive destination: True ,out of road:False   Total T: 407510 Episode Num: 1274 Episode T: 482 Reward: 491.372 Cost: 55.000
arrive destination: True ,out of road:False   Total T: 407880 Episode Num: 1275 Episode T: 370 Reward: 402.178 Cost: 0.000
arrive destination: True ,out of road:False   Total T: 408151 Episode Num: 1276 Episode T: 271 Reward: 267.078 Cost: 21.000
arrive destination: False ,out of road:True   Total T: 408538 Episode Num: 1277 Episode T: 387 Reward: 361.298 Cost: 19.000
arrive destination: True ,out of road:False   Total T: 408903 Episode Num: 1278 Episode T: 365 Reward: 393.989 Cost: 24.000
arrive destination: True ,out of road:False   Total T: 409148 Episode Num: 1279 Episode T: 245 Reward: 288.519 Cost: 22.000
arrive destination: True ,out of road:False   Total T: 409453 Episode Num: 1280 Episode T: 305 Reward: 335.778 Cost: 2.000
arrive destination: True ,out of road:False   Total T: 409690 Episode Num: 1281 Episode T: 237 Reward: 270.850 Cost: 5.000
arrive destination: True ,out of road:False   Total T: 409949 Episode Num: 1282 Episode T: 259 Reward: 268.972 Cost: 20.000
---------------------------------------
Evaluation over 20 episodes: 0.900 Cost 17.500.             SafeRL used : use_td3
---------------------------------------
[34;1m
Time: 2026-06-29 15:39:20, Time spent from previous logger: 216.590 s[0m
[34;1mCustomLogger with fileds: ['total_steps', 'EpRet', 'EpCost', 'CostRate'][0m
[34;1mfieldvalues: [410000, 0.9, 17.5, 0.04943670594318523]
[0m
arrive destination: True ,out of road:False   Total T: 410218 Episode Num: 1283 Episode T: 269 Reward: 296.202 Cost: 0.000
arrive destination: True ,out of road:False   Total T: 410582 Episode Num: 1284 Episode T: 364 Reward: 336.356 Cost: 27.000
arrive destination: True ,out of road:False   Total T: 410795 Episode Num: 1285 Episode T: 213 Reward: 247.504 Cost: 0.000
arrive destination: True ,out of road:False   Total T: 411066 Episode Num: 1286 Episode T: 271 Reward: 358.690 Cost: 10.000
arrive destination: True ,out of road:False   Total T: 411293 Episode Num: 1287 Episode T: 227 Reward: 269.707 Cost: 2.000
arrive destination: False ,out of road:True   Total T: 411386 Episode Num: 1288 Episode T: 93 Reward: 75.665 Cost: 1.000
arrive destination: True ,out of road:False   Total T: 411591 Episode Num: 1289 Episode T: 205 Reward: 269.147 Cost: 0.000
arrive destination: True ,out of road:False   Total T: 411794 Episode Num: 1290 Episode T: 203 Reward: 231.930 Cost: 6.000
arrive destination: True ,out of road:False   Total T: 412119 Episode Num: 1291 Episode T: 325 Reward: 335.682 Cost: 7.000
arrive destination: True ,out of road:False   Total T: 412331 Episode Num: 1292 Episode T: 212 Reward: 232.343 Cost: 12.000
arrive destination: True ,out of road:False   Total T: 412713 Episode Num: 1293 Episode T: 382 Reward: 409.816 Cost: 33.000
arrive destination: False ,out of road:True   Total T: 413003 Episode Num: 1294 Episode T: 290 Reward: 354.113 Cost: 5.000
arrive destination: True ,out of road:False   Total T: 413250 Episode Num: 1295 Episode T: 247 Reward: 325.787 Cost: 20.000
arrive destination: True ,out of road:False   Total T: 413477 Episode Num: 1296 Episode T: 227 Reward: 274.643 Cost: 0.000
arrive destination: True ,out of road:False   Total T: 413792 Episode Num: 1297 Episode T: 315 Reward: 398.675 Cost: 1.000
arrive destination: True ,out of road:False   Total T: 414020 Episode Num: 1298 Episode T: 228 Reward: 269.299 Cost: 0.000
arrive destination: True ,out of road:False   Total T: 414480 Episode Num: 1299 Episode T: 460 Reward: 510.180 Cost: 34.000
arrive destination: True ,out of road:False   Total T: 414816 Episode Num: 1300 Episode T: 336 Reward: 367.680 Cost: 17.000
arrive destination: True ,out of road:False   Total T: 415391 Episode Num: 1301 Episode T: 575 Reward: 496.003 Cost: 32.000
arrive destination: True ,out of road:False   Total T: 415761 Episode Num: 1302 Episode T: 370 Reward: 408.090 Cost: 0.000
arrive destination: True ,out of road:False   Total T: 415979 Episode Num: 1303 Episode T: 218 Reward: 269.471 Cost: 1.000
arrive destination: True ,out of road:False   Total T: 416357 Episode Num: 1304 Episode T: 378 Reward: 335.691 Cost: 32.000
arrive destination: False ,out of road:True   Total T: 416505 Episode Num: 1305 Episode T: 148 Reward: 164.744 Cost: 1.000
arrive destination: True ,out of road:False   Total T: 416947 Episode Num: 1306 Episode T: 442 Reward: 465.299 Cost: 12.000
arrive destination: True ,out of road:False   Total T: 417378 Episode Num: 1307 Episode T: 431 Reward: 469.496 Cost: 22.000
arrive destination: True ,out of road:False   Total T: 417774 Episode Num: 1308 Episode T: 396 Reward: 381.782 Cost: 44.000
arrive destination: True ,out of road:False   Total T: 418108 Episode Num: 1309 Episode T: 334 Reward: 336.084 Cost: 10.000
arrive destination: True ,out of road:False   Total T: 418512 Episode Num: 1310 Episode T: 404 Reward: 510.504 Cost: 25.000
arrive destination: True ,out of road:False   Total T: 418982 Episode Num: 1311 Episode T: 470 Reward: 466.278 Cost: 30.000
arrive destination: True ,out of road:False   Total T: 419406 Episode Num: 1312 Episode T: 424 Reward: 471.363 Cost: 30.000
arrive destination: True ,out of road:False   Total T: 419644 Episode Num: 1313 Episode T: 238 Reward: 272.245 Cost: 9.000
---------------------------------------
Evaluation over 20 episodes: 0.600 Cost 11.650.             SafeRL used : use_td3
---------------------------------------
[34;1m
Time: 2026-06-29 15:42:46, Time spent from previous logger: 205.944 s[0m
[34;1mCustomLogger with fileds: ['total_steps', 'EpRet', 'EpCost', 'CostRate'][0m
[34;1mfieldvalues: [420000, 0.6, 11.65, 0.04929773642318196]
[0m
arrive destination: False ,out of road:True   Total T: 420209 Episode Num: 1314 Episode T: 565 Reward: 574.075 Cost: 28.000
arrive destination: True ,out of road:False   Total T: 420526 Episode Num: 1315 Episode T: 317 Reward: 398.391 Cost: 10.000
arrive destination: False ,out of road:True   Total T: 420752 Episode Num: 1316 Episode T: 226 Reward: 250.506 Cost: 22.000
arrive destination: True ,out of road:False   Total T: 421052 Episode Num: 1317 Episode T: 300 Reward: 293.961 Cost: 22.000
arrive destination: True ,out of road:False   Total T: 421404 Episode Num: 1318 Episode T: 352 Reward: 399.104 Cost: 0.000
arrive destination: True ,out of road:False   Total T: 421834 Episode Num: 1319 Episode T: 430 Reward: 440.333 Cost: 36.000
arrive destination: True ,out of road:False   Total T: 422192 Episode Num: 1320 Episode T: 358 Reward: 438.132 Cost: 30.000
arrive destination: True ,out of road:False   Total T: 422633 Episode Num: 1321 Episode T: 441 Reward: 491.412 Cost: 34.000
arrive destination: True ,out of road:False   Total T: 422847 Episode Num: 1322 Episode T: 214 Reward: 270.097 Cost: 0.000
arrive destination: True ,out of road:False   Total T: 423142 Episode Num: 1323 Episode T: 295 Reward: 362.532 Cost: 0.000
arrive destination: True ,out of road:False   Total T: 423358 Episode Num: 1324 Episode T: 216 Reward: 269.773 Cost: 0.000
arrive destination: True ,out of road:False   Total T: 423797 Episode Num: 1325 Episode T: 439 Reward: 470.215 Cost: 25.000
arrive destination: True ,out of road:False   Total T: 424265 Episode Num: 1326 Episode T: 468 Reward: 463.729 Cost: 26.000
arrive destination: False ,out of road:True   Total T: 424558 Episode Num: 1327 Episode T: 293 Reward: 307.401 Cost: 3.000
arrive destination: True ,out of road:False   Total T: 424903 Episode Num: 1328 Episode T: 345 Reward: 336.074 Cost: 19.000
arrive destination: True ,out of road:False   Total T: 425113 Episode Num: 1329 Episode T: 210 Reward: 269.912 Cost: 0.000
arrive destination: False ,out of road:True   Total T: 425453 Episode Num: 1330 Episode T: 340 Reward: 355.268 Cost: 10.000
arrive destination: True ,out of road:False   Total T: 425657 Episode Num: 1331 Episode T: 204 Reward: 269.491 Cost: 0.000
arrive destination: True ,out of road:False   Total T: 425906 Episode Num: 1332 Episode T: 249 Reward: 271.502 Cost: 13.000
arrive destination: True ,out of road:False   Total T: 426140 Episode Num: 1333 Episode T: 234 Reward: 274.745 Cost: 0.000
arrive destination: True ,out of road:False   Total T: 426462 Episode Num: 1334 Episode T: 322 Reward: 398.643 Cost: 3.000
arrive destination: True ,out of road:False   Total T: 426689 Episode Num: 1335 Episode T: 227 Reward: 247.410 Cost: 0.000
arrive destination: False ,out of road:True   Total T: 426857 Episode Num: 1336 Episode T: 168 Reward: 145.032 Cost: 3.000
arrive destination: True ,out of road:False   Total T: 427139 Episode Num: 1337 Episode T: 282 Reward: 361.100 Cost: 0.000
arrive destination: True ,out of road:False   Total T: 427370 Episode Num: 1338 Episode T: 231 Reward: 273.673 Cost: 0.000
arrive destination: True ,out of road:False   Total T: 427602 Episode Num: 1339 Episode T: 232 Reward: 251.577 Cost: 0.000
arrive destination: True ,out of road:False   Total T: 427816 Episode Num: 1340 Episode T: 214 Reward: 269.364 Cost: 3.000
arrive destination: True ,out of road:False   Total T: 428071 Episode Num: 1341 Episode T: 255 Reward: 247.999 Cost: 0.000
arrive destination: True ,out of road:False   Total T: 428482 Episode Num: 1342 Episode T: 411 Reward: 507.730 Cost: 39.000
arrive destination: True ,out of road:False   Total T: 428817 Episode Num: 1343 Episode T: 335 Reward: 369.935 Cost: 16.000
arrive destination: True ,out of road:False   Total T: 429116 Episode Num: 1344 Episode T: 299 Reward: 336.281 Cost: 21.000
arrive destination: True ,out of road:False   Total T: 429380 Episode Num: 1345 Episode T: 264 Reward: 294.019 Cost: 15.000
arrive destination: True ,out of road:False   Total T: 429779 Episode Num: 1346 Episode T: 399 Reward: 521.186 Cost: 46.000
---------------------------------------
Evaluation over 20 episodes: 0.750 Cost 22.750.             SafeRL used : use_td3
---------------------------------------
[34;1m
Time: 2026-06-29 15:46:26, Time spent from previous logger: 219.404 s[0m
[34;1mCustomLogger with fileds: ['total_steps', 'EpRet', 'EpCost', 'CostRate'][0m
[34;1mfieldvalues: [430000, 0.75, 22.75, 0.049125695641152656]
[0m
arrive destination: True ,out of road:False   Total T: 430209 Episode Num: 1347 Episode T: 430 Reward: 459.761 Cost: 13.000
arrive destination: False ,out of road:True   Total T: 430436 Episode Num: 1348 Episode T: 227 Reward: 224.634 Cost: 13.000
arrive destination: True ,out of road:False   Total T: 430907 Episode Num: 1349 Episode T: 471 Reward: 509.978 Cost: 60.000
arrive destination: True ,out of road:False   Total T: 431366 Episode Num: 1350 Episode T: 459 Reward: 405.639 Cost: 32.000
arrive destination: True ,out of road:False   Total T: 431703 Episode Num: 1351 Episode T: 337 Reward: 399.054 Cost: 4.000
arrive destination: True ,out of road:False   Total T: 431938 Episode Num: 1352 Episode T: 235 Reward: 271.651 Cost: 5.000
arrive destination: True ,out of road:False   Total T: 432152 Episode Num: 1353 Episode T: 214 Reward: 248.782 Cost: 0.000
arrive destination: True ,out of road:False   Total T: 432384 Episode Num: 1354 Episode T: 232 Reward: 271.814 Cost: 6.000
arrive destination: False ,out of road:True   Total T: 432540 Episode Num: 1355 Episode T: 156 Reward: 135.035 Cost: 1.000
arrive destination: False ,out of road:True   Total T: 432750 Episode Num: 1356 Episode T: 210 Reward: 178.484 Cost: 3.000
arrive destination: False ,out of road:True   Total T: 432846 Episode Num: 1357 Episode T: 96 Reward: 77.006 Cost: 4.000
arrive destination: False ,out of road:True   Total T: 433146 Episode Num: 1358 Episode T: 300 Reward: 312.356 Cost: 7.000
arrive destination: True ,out of road:False   Total T: 433617 Episode Num: 1359 Episode T: 471 Reward: 417.620 Cost: 32.000
arrive destination: True ,out of road:False   Total T: 433863 Episode Num: 1360 Episode T: 246 Reward: 305.782 Cost: 20.000
arrive destination: True ,out of road:False   Total T: 434228 Episode Num: 1361 Episode T: 365 Reward: 409.370 Cost: 37.000
arrive destination: True ,out of road:False   Total T: 434595 Episode Num: 1362 Episode T: 367 Reward: 411.277 Cost: 27.000
arrive destination: True ,out of road:False   Total T: 434935 Episode Num: 1363 Episode T: 340 Reward: 408.503 Cost: 36.000
arrive destination: True ,out of road:False   Total T: 435271 Episode Num: 1364 Episode T: 336 Reward: 375.806 Cost: 9.000
arrive destination: True ,out of road:False   Total T: 435517 Episode Num: 1365 Episode T: 246 Reward: 295.287 Cost: 16.000
arrive destination: True ,out of road:False   Total T: 435843 Episode Num: 1366 Episode T: 326 Reward: 369.406 Cost: 28.000
arrive destination: True ,out of road:False   Total T: 436045 Episode Num: 1367 Episode T: 202 Reward: 232.484 Cost: 1.000
arrive destination: True ,out of road:False   Total T: 436257 Episode Num: 1368 Episode T: 212 Reward: 247.836 Cost: 0.000
arrive destination: True ,out of road:False   Total T: 436690 Episode Num: 1369 Episode T: 433 Reward: 379.208 Cost: 35.000
arrive destination: True ,out of road:False   Total T: 436989 Episode Num: 1370 Episode T: 299 Reward: 360.418 Cost: 0.000
arrive destination: True ,out of road:False   Total T: 437368 Episode Num: 1371 Episode T: 379 Reward: 399.695 Cost: 0.000
arrive destination: True ,out of road:False   Total T: 437725 Episode Num: 1372 Episode T: 357 Reward: 416.157 Cost: 45.000
arrive destination: False ,out of road:True   Total T: 437946 Episode Num: 1373 Episode T: 221 Reward: 245.775 Cost: 1.000
arrive destination: True ,out of road:False   Total T: 438228 Episode Num: 1374 Episode T: 282 Reward: 303.775 Cost: 22.000
arrive destination: True ,out of road:False   Total T: 438586 Episode Num: 1375 Episode T: 358 Reward: 411.822 Cost: 36.000
arrive destination: True ,out of road:False   Total T: 438790 Episode Num: 1376 Episode T: 204 Reward: 269.866 Cost: 4.000
arrive destination: True ,out of road:False   Total T: 439141 Episode Num: 1377 Episode T: 351 Reward: 377.205 Cost: 26.000
arrive destination: True ,out of road:False   Total T: 439424 Episode Num: 1378 Episode T: 283 Reward: 359.087 Cost: 7.000
arrive destination: True ,out of road:False   Total T: 439765 Episode Num: 1379 Episode T: 341 Reward: 377.712 Cost: 30.000
---------------------------------------
Evaluation over 20 episodes: 0.600 Cost 9.100.             SafeRL used : use_td3
---------------------------------------
[34;1m
Time: 2026-06-29 15:49:45, Time spent from previous logger: 199.062 s[0m
[34;1mCustomLogger with fileds: ['total_steps', 'EpRet', 'EpCost', 'CostRate'][0m
[34;1mfieldvalues: [440000, 0.6, 9.1, 0.04930465751058525]
[0m
arrive destination: True ,out of road:False   Total T: 440234 Episode Num: 1380 Episode T: 469 Reward: 516.308 Cost: 18.000
arrive destination: True ,out of road:False   Total T: 440545 Episode Num: 1381 Episode T: 311 Reward: 398.729 Cost: 3.000
arrive destination: True ,out of road:False   Total T: 440983 Episode Num: 1382 Episode T: 438 Reward: 508.740 Cost: 37.000
arrive destination: True ,out of road:False   Total T: 441210 Episode Num: 1383 Episode T: 227 Reward: 250.768 Cost: 0.000
arrive destination: False ,out of road:True   Total T: 441517 Episode Num: 1384 Episode T: 307 Reward: 342.075 Cost: 25.000
arrive destination: True ,out of road:False   Total T: 441717 Episode Num: 1385 Episode T: 200 Reward: 231.297 Cost: 2.000
arrive destination: False ,out of road:False   Total T: 442717 Episode Num: 1386 Episode T: 1000 Reward: 352.922 Cost: 26.000
arrive destination: True ,out of road:False   Total T: 442938 Episode Num: 1387 Episode T: 221 Reward: 270.004 Cost: 1.000
arrive destination: True ,out of road:False   Total T: 443155 Episode Num: 1388 Episode T: 217 Reward: 269.796 Cost: 4.000
arrive destination: True ,out of road:False   Total T: 443411 Episode Num: 1389 Episode T: 256 Reward: 269.764 Cost: 19.000
arrive destination: True ,out of road:False   Total T: 443716 Episode Num: 1390 Episode T: 305 Reward: 359.721 Cost: 0.000
arrive destination: False ,out of road:True   Total T: 443946 Episode Num: 1391 Episode T: 230 Reward: 228.015 Cost: 1.000
arrive destination: False ,out of road:True   Total T: 444184 Episode Num: 1392 Episode T: 238 Reward: 299.557 Cost: 16.000
arrive destination: True ,out of road:False   Total T: 444537 Episode Num: 1393 Episode T: 353 Reward: 417.152 Cost: 29.000
arrive destination: True ,out of road:False   Total T: 445029 Episode Num: 1394 Episode T: 492 Reward: 493.270 Cost: 38.000
arrive destination: True ,out of road:False   Total T: 445366 Episode Num: 1395 Episode T: 337 Reward: 398.466 Cost: 7.000
arrive destination: True ,out of road:False   Total T: 445884 Episode Num: 1396 Episode T: 518 Reward: 493.504 Cost: 50.000
arrive destination: True ,out of road:False   Total T: 446282 Episode Num: 1397 Episode T: 398 Reward: 418.515 Cost: 32.000
arrive destination: False ,out of road:True   Total T: 446673 Episode Num: 1398 Episode T: 391 Reward: 442.544 Cost: 28.000
arrive destination: True ,out of road:False   Total T: 447028 Episode Num: 1399 Episode T: 355 Reward: 364.621 Cost: 10.000
arrive destination: True ,out of road:False   Total T: 447388 Episode Num: 1400 Episode T: 360 Reward: 377.711 Cost: 27.000
arrive destination: True ,out of road:False   Total T: 447759 Episode Num: 1401 Episode T: 371 Reward: 414.925 Cost: 47.000
arrive destination: True ,out of road:False   Total T: 448110 Episode Num: 1402 Episode T: 351 Reward: 386.884 Cost: 20.000
arrive destination: False ,out of road:True   Total T: 448259 Episode Num: 1403 Episode T: 149 Reward: 164.265 Cost: 3.000
arrive destination: True ,out of road:False   Total T: 448499 Episode Num: 1404 Episode T: 240 Reward: 295.582 Cost: 14.000
arrive destination: True ,out of road:False   Total T: 448939 Episode Num: 1405 Episode T: 440 Reward: 464.379 Cost: 26.000
arrive destination: True ,out of road:False   Total T: 449283 Episode Num: 1406 Episode T: 344 Reward: 424.878 Cost: 49.000
arrive destination: True ,out of road:False   Total T: 449649 Episode Num: 1407 Episode T: 366 Reward: 511.469 Cost: 19.000
arrive destination: True ,out of road:False   Total T: 449881 Episode Num: 1408 Episode T: 232 Reward: 248.606 Cost: 0.000
---------------------------------------
Evaluation over 20 episodes: 0.800 Cost 13.800.             SafeRL used : use_td3
---------------------------------------
[34;1m
Time: 2026-06-29 15:52:01, Time spent from previous logger: 136.603 s[0m
[34;1mCustomLogger with fileds: ['total_steps', 'EpRet', 'EpCost', 'CostRate'][0m
[34;1mfieldvalues: [450000, 0.8, 13.8, 0.04940010977802173]
[0m
arrive destination: True ,out of road:False   Total T: 450313 Episode Num: 1409 Episode T: 432 Reward: 509.855 Cost: 8.000
arrive destination: False ,out of road:True   Total T: 450528 Episode Num: 1410 Episode T: 215 Reward: 242.775 Cost: 6.000
arrive destination: True ,out of road:False   Total T: 450911 Episode Num: 1411 Episode T: 383 Reward: 375.853 Cost: 43.000
arrive destination: True ,out of road:False   Total T: 451325 Episode Num: 1412 Episode T: 414 Reward: 413.525 Cost: 31.000
arrive destination: True ,out of road:False   Total T: 451572 Episode Num: 1413 Episode T: 247 Reward: 295.791 Cost: 16.000
arrive destination: True ,out of road:False   Total T: 451815 Episode Num: 1414 Episode T: 243 Reward: 270.627 Cost: 12.000
arrive destination: True ,out of road:False   Total T: 452199 Episode Num: 1415 Episode T: 384 Reward: 403.649 Cost: 6.000
arrive destination: True ,out of road:False   Total T: 452504 Episode Num: 1416 Episode T: 305 Reward: 354.960 Cost: 0.000
arrive destination: True ,out of road:False   Total T: 452748 Episode Num: 1417 Episode T: 244 Reward: 276.366 Cost: 2.000
arrive destination: True ,out of road:False   Total T: 453008 Episode Num: 1418 Episode T: 260 Reward: 267.621 Cost: 15.000
arrive destination: True ,out of road:False   Total T: 453229 Episode Num: 1419 Episode T: 221 Reward: 244.133 Cost: 0.000
arrive destination: True ,out of road:False   Total T: 453635 Episode Num: 1420 Episode T: 406 Reward: 513.272 Cost: 18.000
arrive destination: True ,out of road:False   Total T: 454031 Episode Num: 1421 Episode T: 396 Reward: 416.382 Cost: 44.000
arrive destination: True ,out of road:False   Total T: 454411 Episode Num: 1422 Episode T: 380 Reward: 410.407 Cost: 52.000
arrive destination: True ,out of road:False   Total T: 454628 Episode Num: 1423 Episode T: 217 Reward: 232.858 Cost: 0.000
arrive destination: True ,out of road:False   Total T: 454872 Episode Num: 1424 Episode T: 244 Reward: 296.078 Cost: 17.000
arrive destination: True ,out of road:False   Total T: 455242 Episode Num: 1425 Episode T: 370 Reward: 402.100 Cost: 0.000
arrive destination: True ,out of road:False   Total T: 455476 Episode Num: 1426 Episode T: 234 Reward: 270.114 Cost: 8.000
arrive destination: True ,out of road:False   Total T: 455860 Episode Num: 1427 Episode T: 384 Reward: 410.509 Cost: 46.000
arrive destination: True ,out of road:False   Total T: 456101 Episode Num: 1428 Episode T: 241 Reward: 249.693 Cost: 0.000
arrive destination: True ,out of road:False   Total T: 456379 Episode Num: 1429 Episode T: 278 Reward: 276.346 Cost: 24.000
arrive destination: False ,out of road:True   Total T: 456483 Episode Num: 1430 Episode T: 104 Reward: 85.226 Cost: 2.000
arrive destination: True ,out of road:False   Total T: 456952 Episode Num: 1431 Episode T: 469 Reward: 495.270 Cost: 31.000
arrive destination: True ,out of road:False   Total T: 457184 Episode Num: 1432 Episode T: 232 Reward: 273.267 Cost: 0.000
arrive destination: True ,out of road:False   Total T: 457620 Episode Num: 1433 Episode T: 436 Reward: 491.892 Cost: 51.000
arrive destination: True ,out of road:False   Total T: 457849 Episode Num: 1434 Episode T: 229 Reward: 295.315 Cost: 10.000
arrive destination: True ,out of road:False   Total T: 458244 Episode Num: 1435 Episode T: 395 Reward: 381.130 Cost: 22.000
arrive destination: True ,out of road:False   Total T: 458510 Episode Num: 1436 Episode T: 266 Reward: 335.713 Cost: 9.000
arrive destination: True ,out of road:False   Total T: 458739 Episode Num: 1437 Episode T: 229 Reward: 248.326 Cost: 0.000
arrive destination: True ,out of road:False   Total T: 459125 Episode Num: 1438 Episode T: 386 Reward: 511.649 Cost: 28.000
arrive destination: True ,out of road:False   Total T: 459531 Episode Num: 1439 Episode T: 406 Reward: 510.189 Cost: 33.000
arrive destination: False ,out of road:True   Total T: 459956 Episode Num: 1440 Episode T: 425 Reward: 435.895 Cost: 16.000
---------------------------------------
Evaluation over 20 episodes: 0.950 Cost 16.800.             SafeRL used : use_td3
---------------------------------------
[34;1m
Time: 2026-06-29 15:54:17, Time spent from previous logger: 135.731 s[0m
[34;1mCustomLogger with fileds: ['total_steps', 'EpRet', 'EpCost', 'CostRate'][0m
[34;1mfieldvalues: [460000, 0.95, 16.8, 0.04951532503331529]
[0m
arrive destination: True ,out of road:False   Total T: 460377 Episode Num: 1441 Episode T: 421 Reward: 355.028 Cost: 16.000
arrive destination: True ,out of road:False   Total T: 460617 Episode Num: 1442 Episode T: 240 Reward: 276.140 Cost: 0.000
arrive destination: True ,out of road:False   Total T: 460844 Episode Num: 1443 Episode T: 227 Reward: 231.678 Cost: 11.000
arrive destination: True ,out of road:False   Total T: 461174 Episode Num: 1444 Episode T: 330 Reward: 366.274 Cost: 30.000
arrive destination: True ,out of road:False   Total T: 461373 Episode Num: 1445 Episode T: 199 Reward: 229.927 Cost: 0.000
arrive destination: False ,out of road:True   Total T: 461741 Episode Num: 1446 Episode T: 368 Reward: 371.801 Cost: 1.000
arrive destination: False ,out of road:True   Total T: 461907 Episode Num: 1447 Episode T: 166 Reward: 185.449 Cost: 23.000
arrive destination: True ,out of road:False   Total T: 462278 Episode Num: 1448 Episode T: 371 Reward: 377.030 Cost: 27.000
arrive destination: True ,out of road:False   Total T: 462500 Episode Num: 1449 Episode T: 222 Reward: 230.474 Cost: 7.000
arrive destination: True ,out of road:False   Total T: 462814 Episode Num: 1450 Episode T: 314 Reward: 409.081 Cost: 12.000
arrive destination: True ,out of road:False   Total T: 463212 Episode Num: 1451 Episode T: 398 Reward: 380.967 Cost: 51.000
arrive destination: True ,out of road:False   Total T: 463547 Episode Num: 1452 Episode T: 335 Reward: 399.435 Cost: 12.000
arrive destination: True ,out of road:False   Total T: 463874 Episode Num: 1453 Episode T: 327 Reward: 370.034 Cost: 18.000
arrive destination: True ,out of road:False   Total T: 464147 Episode Num: 1454 Episode T: 273 Reward: 267.682 Cost: 9.000
arrive destination: True ,out of road:False   Total T: 464539 Episode Num: 1455 Episode T: 392 Reward: 378.330 Cost: 20.000
arrive destination: True ,out of road:False   Total T: 464844 Episode Num: 1456 Episode T: 305 Reward: 354.974 Cost: 3.000
arrive destination: True ,out of road:False   Total T: 465194 Episode Num: 1457 Episode T: 350 Reward: 390.274 Cost: 0.000
arrive destination: True ,out of road:False   Total T: 465469 Episode Num: 1458 Episode T: 275 Reward: 335.589 Cost: 1.000
arrive destination: True ,out of road:False   Total T: 465841 Episode Num: 1459 Episode T: 372 Reward: 404.205 Cost: 0.000
arrive destination: True ,out of road:False   Total T: 466220 Episode Num: 1460 Episode T: 379 Reward: 509.539 Cost: 19.000
arrive destination: True ,out of road:False   Total T: 466447 Episode Num: 1461 Episode T: 227 Reward: 248.594 Cost: 0.000
arrive destination: True ,out of road:False   Total T: 466675 Episode Num: 1462 Episode T: 228 Reward: 230.049 Cost: 21.000
arrive destination: True ,out of road:False   Total T: 467077 Episode Num: 1463 Episode T: 402 Reward: 364.337 Cost: 30.000
arrive destination: True ,out of road:False   Total T: 467516 Episode Num: 1464 Episode T: 439 Reward: 466.410 Cost: 16.000
arrive destination: True ,out of road:False   Total T: 467727 Episode Num: 1465 Episode T: 211 Reward: 269.670 Cost: 0.000
arrive destination: True ,out of road:False   Total T: 468060 Episode Num: 1466 Episode T: 333 Reward: 417.323 Cost: 27.000
arrive destination: True ,out of road:False   Total T: 468479 Episode Num: 1467 Episode T: 419 Reward: 468.733 Cost: 23.000
arrive destination: True ,out of road:False   Total T: 468919 Episode Num: 1468 Episode T: 440 Reward: 466.177 Cost: 35.000
arrive destination: True ,out of road:False   Total T: 469129 Episode Num: 1469 Episode T: 210 Reward: 269.468 Cost: 2.000
arrive destination: True ,out of road:False   Total T: 469458 Episode Num: 1470 Episode T: 329 Reward: 417.980 Cost: 25.000
arrive destination: True ,out of road:False   Total T: 469897 Episode Num: 1471 Episode T: 439 Reward: 510.758 Cost: 43.000
---------------------------------------
Evaluation over 20 episodes: 0.800 Cost 13.950.             SafeRL used : use_td3
---------------------------------------
[34;1m
Time: 2026-06-29 15:56:25, Time spent from previous logger: 127.508 s[0m
[34;1mCustomLogger with fileds: ['total_steps', 'EpRet', 'EpCost', 'CostRate'][0m
[34;1mfieldvalues: [470000, 0.8, 13.95, 0.04949159466296737]
[0m
arrive destination: True ,out of road:False   Total T: 470290 Episode Num: 1472 Episode T: 393 Reward: 379.061 Cost: 12.000
arrive destination: True ,out of road:False   Total T: 470561 Episode Num: 1473 Episode T: 271 Reward: 268.977 Cost: 11.000
arrive destination: True ,out of road:False   Total T: 470861 Episode Num: 1474 Episode T: 300 Reward: 355.834 Cost: 7.000
arrive destination: True ,out of road:False   Total T: 471067 Episode Num: 1475 Episode T: 206 Reward: 232.219 Cost: 0.000
arrive destination: True ,out of road:False   Total T: 471491 Episode Num: 1476 Episode T: 424 Reward: 493.301 Cost: 35.000
arrive destination: True ,out of road:False   Total T: 471837 Episode Num: 1477 Episode T: 346 Reward: 424.435 Cost: 47.000
arrive destination: False ,out of road:True   Total T: 472060 Episode Num: 1478 Episode T: 223 Reward: 167.781 Cost: 21.000
arrive destination: True ,out of road:False   Total T: 472327 Episode Num: 1479 Episode T: 267 Reward: 298.421 Cost: 17.000
arrive destination: False ,out of road:True   Total T: 472594 Episode Num: 1480 Episode T: 267 Reward: 349.828 Cost: 5.000
arrive destination: False ,out of road:True   Total T: 472696 Episode Num: 1481 Episode T: 102 Reward: 78.262 Cost: 3.000
arrive destination: True ,out of road:False   Total T: 473017 Episode Num: 1482 Episode T: 321 Reward: 418.299 Cost: 35.000
arrive destination: False ,out of road:True   Total T: 473313 Episode Num: 1483 Episode T: 296 Reward: 348.111 Cost: 13.000
arrive destination: True ,out of road:False   Total T: 473522 Episode Num: 1484 Episode T: 209 Reward: 269.591 Cost: 0.000
arrive destination: True ,out of road:False   Total T: 473919 Episode Num: 1485 Episode T: 397 Reward: 378.694 Cost: 30.000
arrive destination: True ,out of road:False   Total T: 474292 Episode Num: 1486 Episode T: 373 Reward: 380.375 Cost: 22.000
arrive destination: True ,out of road:False   Total T: 474615 Episode Num: 1487 Episode T: 323 Reward: 367.694 Cost: 19.000
arrive destination: False ,out of road:True   Total T: 474716 Episode Num: 1488 Episode T: 101 Reward: 89.664 Cost: 5.000
arrive destination: False ,out of road:True   Total T: 474816 Episode Num: 1489 Episode T: 100 Reward: 80.327 Cost: 3.000
arrive destination: True ,out of road:False   Total T: 475053 Episode Num: 1490 Episode T: 237 Reward: 295.902 Cost: 20.000
arrive destination: True ,out of road:False   Total T: 475458 Episode Num: 1491 Episode T: 405 Reward: 417.508 Cost: 29.000
arrive destination: True ,out of road:False   Total T: 475668 Episode Num: 1492 Episode T: 210 Reward: 230.001 Cost: 9.000
arrive destination: True ,out of road:False   Total T: 476005 Episode Num: 1493 Episode T: 337 Reward: 335.911 Cost: 25.000
arrive destination: True ,out of road:False   Total T: 476322 Episode Num: 1494 Episode T: 317 Reward: 399.315 Cost: 1.000
arrive destination: True ,out of road:False   Total T: 476754 Episode Num: 1495 Episode T: 432 Reward: 408.642 Cost: 58.000
arrive destination: True ,out of road:False   Total T: 477128 Episode Num: 1496 Episode T: 374 Reward: 411.562 Cost: 41.000
arrive destination: True ,out of road:False   Total T: 477488 Episode Num: 1497 Episode T: 360 Reward: 400.519 Cost: 0.000
arrive destination: True ,out of road:False   Total T: 477958 Episode Num: 1498 Episode T: 470 Reward: 418.005 Cost: 46.000
arrive destination: False ,out of road:True   Total T: 478334 Episode Num: 1499 Episode T: 376 Reward: 434.024 Cost: 27.000
arrive destination: False ,out of road:False   Total T: 479334 Episode Num: 1500 Episode T: 1000 Reward: 72.655 Cost: 5.000
arrive destination: False ,out of road:True   Total T: 479655 Episode Num: 1501 Episode T: 321 Reward: 256.695 Cost: 16.000
arrive destination: True ,out of road:False   Total T: 479882 Episode Num: 1502 Episode T: 227 Reward: 250.396 Cost: 0.000
---------------------------------------
Evaluation over 20 episodes: 0.800 Cost 12.550.             SafeRL used : use_td3
---------------------------------------
[34;1m
Time: 2026-06-29 15:58:31, Time spent from previous logger: 126.820 s[0m
[34;1mCustomLogger with fileds: ['total_steps', 'EpRet', 'EpCost', 'CostRate'][0m
[34;1mfieldvalues: [480000, 0.8, 12.55, 0.049627186723305676]
[0m
arrive destination: True ,out of road:False   Total T: 480256 Episode Num: 1503 Episode T: 374 Reward: 395.916 Cost: 1.000
arrive destination: False ,out of road:True   Total T: 480494 Episode Num: 1504 Episode T: 238 Reward: 233.283 Cost: 25.000
arrive destination: True ,out of road:False   Total T: 480752 Episode Num: 1505 Episode T: 258 Reward: 285.872 Cost: 16.000
arrive destination: True ,out of road:False   Total T: 481059 Episode Num: 1506 Episode T: 307 Reward: 271.519 Cost: 16.000
arrive destination: True ,out of road:False   Total T: 481531 Episode Num: 1507 Episode T: 472 Reward: 465.108 Cost: 17.000
arrive destination: True ,out of road:False   Total T: 481885 Episode Num: 1508 Episode T: 354 Reward: 414.555 Cost: 34.000
arrive destination: True ,out of road:False   Total T: 482235 Episode Num: 1509 Episode T: 350 Reward: 414.911 Cost: 53.000
arrive destination: True ,out of road:False   Total T: 482599 Episode Num: 1510 Episode T: 364 Reward: 411.133 Cost: 29.000
arrive destination: False ,out of road:True   Total T: 482760 Episode Num: 1511 Episode T: 161 Reward: 160.963 Cost: 8.000
arrive destination: True ,out of road:False   Total T: 483130 Episode Num: 1512 Episode T: 370 Reward: 399.682 Cost: 0.000
arrive destination: True ,out of road:False   Total T: 483402 Episode Num: 1513 Episode T: 272 Reward: 267.741 Cost: 11.000
arrive destination: False ,out of road:True   Total T: 483589 Episode Num: 1514 Episode T: 187 Reward: 230.372 Cost: 7.000
arrive destination: True ,out of road:False   Total T: 483962 Episode Num: 1515 Episode T: 373 Reward: 398.790 Cost: 0.000
arrive destination: True ,out of road:False   Total T: 484267 Episode Num: 1516 Episode T: 305 Reward: 264.912 Cost: 11.000
arrive destination: True ,out of road:False   Total T: 484538 Episode Num: 1517 Episode T: 271 Reward: 296.558 Cost: 19.000
arrive destination: True ,out of road:False   Total T: 484904 Episode Num: 1518 Episode T: 366 Reward: 335.465 Cost: 34.000
arrive destination: True ,out of road:False   Total T: 485304 Episode Num: 1519 Episode T: 400 Reward: 514.070 Cost: 16.000
arrive destination: True ,out of road:False   Total T: 485538 Episode Num: 1520 Episode T: 234 Reward: 283.133 Cost: 3.000
arrive destination: True ,out of road:False   Total T: 485747 Episode Num: 1521 Episode T: 209 Reward: 270.098 Cost: 5.000
arrive destination: True ,out of road:False   Total T: 485949 Episode Num: 1522 Episode T: 202 Reward: 232.006 Cost: 14.000
arrive destination: True ,out of road:False   Total T: 486193 Episode Num: 1523 Episode T: 244 Reward: 295.479 Cost: 12.000
arrive destination: True ,out of road:False   Total T: 486511 Episode Num: 1524 Episode T: 318 Reward: 399.862 Cost: 12.000
arrive destination: True ,out of road:False   Total T: 486898 Episode Num: 1525 Episode T: 387 Reward: 513.493 Cost: 23.000
arrive destination: True ,out of road:False   Total T: 487308 Episode Num: 1526 Episode T: 410 Reward: 336.126 Cost: 14.000
arrive destination: True ,out of road:False   Total T: 487535 Episode Num: 1527 Episode T: 227 Reward: 230.376 Cost: 10.000
arrive destination: True ,out of road:False   Total T: 487747 Episode Num: 1528 Episode T: 212 Reward: 269.509 Cost: 2.000
arrive destination: True ,out of road:False   Total T: 487992 Episode Num: 1529 Episode T: 245 Reward: 295.634 Cost: 16.000
arrive destination: True ,out of road:False   Total T: 488201 Episode Num: 1530 Episode T: 209 Reward: 269.432 Cost: 0.000
arrive destination: True ,out of road:False   Total T: 488441 Episode Num: 1531 Episode T: 240 Reward: 274.936 Cost: 6.000
arrive destination: True ,out of road:False   Total T: 488934 Episode Num: 1532 Episode T: 493 Reward: 496.211 Cost: 33.000
arrive destination: True ,out of road:False   Total T: 489361 Episode Num: 1533 Episode T: 427 Reward: 484.497 Cost: 23.000
arrive destination: True ,out of road:False   Total T: 489733 Episode Num: 1534 Episode T: 372 Reward: 398.300 Cost: 15.000
arrive destination: True ,out of road:False   Total T: 489981 Episode Num: 1535 Episode T: 248 Reward: 271.006 Cost: 13.000
---------------------------------------
Evaluation over 20 episodes: 0.700 Cost 19.400.             SafeRL used : use_td3
---------------------------------------
[34;1m
Time: 2026-06-29 16:00:39, Time spent from previous logger: 127.371 s[0m
[34;1mCustomLogger with fileds: ['total_steps', 'EpRet', 'EpCost', 'CostRate'][0m
[34;1mfieldvalues: [490000, 0.7, 19.4, 0.04963071353206843]
[0m
arrive destination: True ,out of road:False   Total T: 490316 Episode Num: 1536 Episode T: 335 Reward: 400.966 Cost: 3.000
arrive destination: True ,out of road:False   Total T: 490585 Episode Num: 1537 Episode T: 269 Reward: 296.902 Cost: 11.000
arrive destination: True ,out of road:False   Total T: 491148 Episode Num: 1538 Episode T: 563 Reward: 509.646 Cost: 71.000
arrive destination: False ,out of road:True   Total T: 491492 Episode Num: 1539 Episode T: 344 Reward: 412.996 Cost: 30.000
arrive destination: False ,out of road:True   Total T: 491640 Episode Num: 1540 Episode T: 148 Reward: 134.717 Cost: 8.000
arrive destination: True ,out of road:False   Total T: 491869 Episode Num: 1541 Episode T: 229 Reward: 247.272 Cost: 0.000
arrive destination: True ,out of road:False   Total T: 492155 Episode Num: 1542 Episode T: 286 Reward: 353.084 Cost: 6.000
arrive destination: True ,out of road:False   Total T: 492647 Episode Num: 1543 Episode T: 492 Reward: 492.056 Cost: 36.000
arrive destination: True ,out of road:False   Total T: 492909 Episode Num: 1544 Episode T: 262 Reward: 265.595 Cost: 19.000
arrive destination: True ,out of road:False   Total T: 493277 Episode Num: 1545 Episode T: 368 Reward: 510.487 Cost: 13.000
arrive destination: False ,out of road:True   Total T: 493380 Episode Num: 1546 Episode T: 103 Reward: 79.748 Cost: 2.000
arrive destination: True ,out of road:False   Total T: 493618 Episode Num: 1547 Episode T: 238 Reward: 274.248 Cost: 1.000
arrive destination: False ,out of road:True   Total T: 493864 Episode Num: 1548 Episode T: 246 Reward: 258.117 Cost: 2.000
arrive destination: True ,out of road:False   Total T: 494301 Episode Num: 1549 Episode T: 437 Reward: 471.762 Cost: 18.000
arrive destination: False ,out of road:True   Total T: 494507 Episode Num: 1550 Episode T: 206 Reward: 260.981 Cost: 6.000
arrive destination: True ,out of road:False   Total T: 494757 Episode Num: 1551 Episode T: 250 Reward: 269.742 Cost: 8.000
arrive destination: True ,out of road:False   Total T: 495112 Episode Num: 1552 Episode T: 355 Reward: 377.740 Cost: 36.000
arrive destination: True ,out of road:False   Total T: 495320 Episode Num: 1553 Episode T: 208 Reward: 230.032 Cost: 14.000
arrive destination: True ,out of road:False   Total T: 495554 Episode Num: 1554 Episode T: 234 Reward: 294.931 Cost: 18.000
arrive destination: True ,out of road:False   Total T: 495929 Episode Num: 1555 Episode T: 375 Reward: 402.742 Cost: 0.000
arrive destination: True ,out of road:False   Total T: 496249 Episode Num: 1556 Episode T: 320 Reward: 418.520 Cost: 19.000
arrive destination: False ,out of road:True   Total T: 496301 Episode Num: 1557 Episode T: 52 Reward: 20.038 Cost: 1.000
arrive destination: True ,out of road:False   Total T: 496686 Episode Num: 1558 Episode T: 385 Reward: 395.899 Cost: 40.000
arrive destination: True ,out of road:False   Total T: 497048 Episode Num: 1559 Episode T: 362 Reward: 407.527 Cost: 27.000
arrive destination: False ,out of road:True   Total T: 497208 Episode Num: 1560 Episode T: 160 Reward: 184.369 Cost: 8.000
arrive destination: False ,out of road:True   Total T: 497306 Episode Num: 1561 Episode T: 98 Reward: 71.466 Cost: 5.000
arrive destination: False ,out of road:True   Total T: 497451 Episode Num: 1562 Episode T: 145 Reward: 163.635 Cost: 1.000
arrive destination: True ,out of road:False   Total T: 497710 Episode Num: 1563 Episode T: 259 Reward: 273.768 Cost: 9.000
arrive destination: True ,out of road:False   Total T: 497956 Episode Num: 1564 Episode T: 246 Reward: 274.699 Cost: 5.000
arrive destination: True ,out of road:False   Total T: 498326 Episode Num: 1565 Episode T: 370 Reward: 403.470 Cost: 0.000
arrive destination: True ,out of road:False   Total T: 498727 Episode Num: 1566 Episode T: 401 Reward: 511.783 Cost: 20.000
arrive destination: True ,out of road:False   Total T: 498962 Episode Num: 1567 Episode T: 235 Reward: 274.083 Cost: 0.000
arrive destination: False ,out of road:True   Total T: 499257 Episode Num: 1568 Episode T: 295 Reward: 359.865 Cost: 15.000
arrive destination: True ,out of road:False   Total T: 499496 Episode Num: 1569 Episode T: 239 Reward: 275.391 Cost: 0.000
arrive destination: True ,out of road:False   Total T: 499773 Episode Num: 1570 Episode T: 277 Reward: 294.515 Cost: 21.000
---------------------------------------
Evaluation over 20 episodes: 0.800 Cost 13.900.             SafeRL used : use_td3
---------------------------------------
[34;1m
Time: 2026-06-29 16:02:49, Time spent from previous logger: 130.650 s[0m
[34;1mCustomLogger with fileds: ['total_steps', 'EpRet', 'EpCost', 'CostRate'][0m
[34;1mfieldvalues: [500000, 0.8, 13.9, 0.04960209920419841]
[0m
arrive destination: True ,out of road:False   Total T: 500226 Episode Num: 1571 Episode T: 453 Reward: 478.104 Cost: 9.000
arrive destination: True ,out of road:False   Total T: 500482 Episode Num: 1572 Episode T: 256 Reward: 267.735 Cost: 18.000
arrive destination: True ,out of road:False   Total T: 500855 Episode Num: 1573 Episode T: 373 Reward: 398.820 Cost: 3.000
arrive destination: True ,out of road:False   Total T: 501071 Episode Num: 1574 Episode T: 216 Reward: 269.674 Cost: 1.000
arrive destination: False ,out of road:True   Total T: 501247 Episode Num: 1575 Episode T: 176 Reward: 189.582 Cost: 18.000
arrive destination: True ,out of road:False   Total T: 501477 Episode Num: 1576 Episode T: 230 Reward: 248.433 Cost: 0.000
arrive destination: True ,out of road:False   Total T: 501844 Episode Num: 1577 Episode T: 367 Reward: 515.187 Cost: 22.000
arrive destination: True ,out of road:False   Total T: 502139 Episode Num: 1578 Episode T: 295 Reward: 266.496 Cost: 4.000
arrive destination: True ,out of road:False   Total T: 502478 Episode Num: 1579 Episode T: 339 Reward: 367.868 Cost: 26.000
arrive destination: True ,out of road:False   Total T: 502685 Episode Num: 1580 Episode T: 207 Reward: 230.231 Cost: 6.000
arrive destination: True ,out of road:False   Total T: 502942 Episode Num: 1581 Episode T: 257 Reward: 265.952 Cost: 15.000
arrive destination: False ,out of road:True   Total T: 503296 Episode Num: 1582 Episode T: 354 Reward: 252.123 Cost: 51.000
arrive destination: False ,out of road:True   Total T: 503674 Episode Num: 1583 Episode T: 378 Reward: 255.987 Cost: 35.000
arrive destination: True ,out of road:False   Total T: 503978 Episode Num: 1584 Episode T: 304 Reward: 269.762 Cost: 7.000
arrive destination: True ,out of road:True   Total T: 504301 Episode Num: 1585 Episode T: 323 Reward: 418.070 Cost: 21.000
arrive destination: False ,out of road:True   Total T: 504404 Episode Num: 1586 Episode T: 103 Reward: 81.932 Cost: 2.000
arrive destination: True ,out of road:False   Total T: 504622 Episode Num: 1587 Episode T: 218 Reward: 248.382 Cost: 0.000
arrive destination: True ,out of road:False   Total T: 504951 Episode Num: 1588 Episode T: 329 Reward: 399.355 Cost: 5.000
arrive destination: True ,out of road:False   Total T: 505191 Episode Num: 1589 Episode T: 240 Reward: 275.855 Cost: 0.000
arrive destination: True ,out of road:False   Total T: 505590 Episode Num: 1590 Episode T: 399 Reward: 471.136 Cost: 13.000
arrive destination: True ,out of road:False   Total T: 505855 Episode Num: 1591 Episode T: 265 Reward: 288.570 Cost: 14.000
arrive destination: False ,out of road:True   Total T: 506179 Episode Num: 1592 Episode T: 324 Reward: 335.445 Cost: 18.000
arrive destination: True ,out of road:False   Total T: 506419 Episode Num: 1593 Episode T: 240 Reward: 295.470 Cost: 16.000
arrive destination: True ,out of road:False   Total T: 506630 Episode Num: 1594 Episode T: 211 Reward: 239.565 Cost: 15.000
arrive destination: True ,out of road:False   Total T: 506838 Episode Num: 1595 Episode T: 208 Reward: 231.299 Cost: 4.000
arrive destination: True ,out of road:False   Total T: 507084 Episode Num: 1596 Episode T: 246 Reward: 273.729 Cost: 2.000
arrive destination: True ,out of road:False   Total T: 507383 Episode Num: 1597 Episode T: 299 Reward: 336.057 Cost: 8.000
arrive destination: True ,out of road:False   Total T: 507788 Episode Num: 1598 Episode T: 405 Reward: 399.620 Cost: 2.000
arrive destination: True ,out of road:False   Total T: 508270 Episode Num: 1599 Episode T: 482 Reward: 493.567 Cost: 26.000
arrive destination: True ,out of road:False   Total T: 508614 Episode Num: 1600 Episode T: 344 Reward: 336.229 Cost: 4.000
arrive destination: True ,out of road:False   Total T: 508943 Episode Num: 1601 Episode T: 329 Reward: 417.039 Cost: 30.000
arrive destination: True ,out of road:False   Total T: 509366 Episode Num: 1602 Episode T: 423 Reward: 493.186 Cost: 19.000
arrive destination: True ,out of road:False   Total T: 509761 Episode Num: 1603 Episode T: 395 Reward: 379.595 Cost: 19.000
---------------------------------------
Evaluation over 20 episodes: 0.800 Cost 12.050.             SafeRL used : use_td3
---------------------------------------
[34;1m
Time: 2026-06-29 16:04:58, Time spent from previous logger: 128.549 s[0m
[34;1mCustomLogger with fileds: ['total_steps', 'EpRet', 'EpCost', 'CostRate'][0m
[34;1mfieldvalues: [510000, 0.8, 12.05, 0.04946872444847931]
[0m
arrive destination: False ,out of road:True   Total T: 510408 Episode Num: 1604 Episode T: 647 Reward: 668.819 Cost: 49.000
arrive destination: True ,out of road:False   Total T: 510775 Episode Num: 1605 Episode T: 367 Reward: 378.075 Cost: 45.000
arrive destination: False ,out of road:True   Total T: 510877 Episode Num: 1606 Episode T: 102 Reward: 77.237 Cost: 4.000
arrive destination: True ,out of road:False   Total T: 511123 Episode Num: 1607 Episode T: 246 Reward: 277.353 Cost: 0.000
arrive destination: True ,out of road:False   Total T: 511346 Episode Num: 1608 Episode T: 223 Reward: 247.755 Cost: 0.000
arrive destination: False ,out of road:True   Total T: 511588 Episode Num: 1609 Episode T: 242 Reward: 260.010 Cost: 24.000
arrive destination: True ,out of road:False   Total T: 511924 Episode Num: 1610 Episode T: 336 Reward: 335.869 Cost: 19.000
arrive destination: True ,out of road:False   Total T: 512286 Episode Num: 1611 Episode T: 362 Reward: 398.908 Cost: 8.000
arrive destination: False ,out of road:True   Total T: 512334 Episode Num: 1612 Episode T: 48 Reward: 13.748 Cost: 1.000
arrive destination: True ,out of road:False   Total T: 512736 Episode Num: 1613 Episode T: 402 Reward: 469.850 Cost: 13.000
arrive destination: True ,out of road:False   Total T: 513057 Episode Num: 1614 Episode T: 321 Reward: 419.187 Cost: 34.000
arrive destination: False ,out of road:True   Total T: 513152 Episode Num: 1615 Episode T: 95 Reward: 79.647 Cost: 2.000
arrive destination: True ,out of road:False   Total T: 513517 Episode Num: 1616 Episode T: 365 Reward: 512.677 Cost: 10.000
arrive destination: True ,out of road:False   Total T: 513757 Episode Num: 1617 Episode T: 240 Reward: 278.130 Cost: 0.000
arrive destination: True ,out of road:False   Total T: 513982 Episode Num: 1618 Episode T: 225 Reward: 245.986 Cost: 0.000
arrive destination: True ,out of road:False   Total T: 514269 Episode Num: 1619 Episode T: 287 Reward: 268.516 Cost: 6.000
arrive destination: True ,out of road:False   Total T: 514560 Episode Num: 1620 Episode T: 291 Reward: 294.114 Cost: 15.000
arrive destination: False ,out of road:True   Total T: 514926 Episode Num: 1621 Episode T: 366 Reward: 414.167 Cost: 19.000
arrive destination: True ,out of road:False   Total T: 515384 Episode Num: 1622 Episode T: 458 Reward: 493.239 Cost: 55.000
arrive destination: False ,out of road:True   Total T: 515737 Episode Num: 1623 Episode T: 353 Reward: 369.550 Cost: 1.000
arrive destination: True ,out of road:False   Total T: 515994 Episode Num: 1624 Episode T: 257 Reward: 298.316 Cost: 24.000
arrive destination: True ,out of road:False   Total T: 516213 Episode Num: 1625 Episode T: 219 Reward: 269.782 Cost: 0.000
arrive destination: True ,out of road:False   Total T: 516672 Episode Num: 1626 Episode T: 459 Reward: 493.499 Cost: 51.000
arrive destination: True ,out of road:False   Total T: 516885 Episode Num: 1627 Episode T: 213 Reward: 269.253 Cost: 0.000
arrive destination: True ,out of road:False   Total T: 517166 Episode Num: 1628 Episode T: 281 Reward: 358.694 Cost: 7.000
arrive destination: True ,out of road:False   Total T: 517485 Episode Num: 1629 Episode T: 319 Reward: 400.065 Cost: 2.000
arrive destination: True ,out of road:False   Total T: 517887 Episode Num: 1630 Episode T: 402 Reward: 494.743 Cost: 31.000
arrive destination: True ,out of road:False   Total T: 518306 Episode Num: 1631 Episode T: 419 Reward: 474.730 Cost: 8.000
arrive destination: True ,out of road:False   Total T: 518558 Episode Num: 1632 Episode T: 252 Reward: 272.466 Cost: 13.000
arrive destination: True ,out of road:False   Total T: 518826 Episode Num: 1633 Episode T: 268 Reward: 286.560 Cost: 0.000
arrive destination: True ,out of road:False   Total T: 519315 Episode Num: 1634 Episode T: 489 Reward: 493.304 Cost: 24.000
arrive destination: True ,out of road:False   Total T: 519515 Episode Num: 1635 Episode T: 200 Reward: 229.922 Cost: 0.000
arrive destination: True ,out of road:False   Total T: 519834 Episode Num: 1636 Episode T: 319 Reward: 372.515 Cost: 14.000
---------------------------------------
Evaluation over 20 episodes: 0.800 Cost 12.400.             SafeRL used : use_td3
---------------------------------------
[34;1m
Time: 2026-06-29 16:07:10, Time spent from previous logger: 131.993 s[0m
[34;1mCustomLogger with fileds: ['total_steps', 'EpRet', 'EpCost', 'CostRate'][0m
[34;1mfieldvalues: [520000, 0.8, 12.4, 0.04943086429012363]
[0m
arrive destination: True ,out of road:False   Total T: 520407 Episode Num: 1637 Episode T: 573 Reward: 591.432 Cost: 3.000
arrive destination: True ,out of road:False   Total T: 520640 Episode Num: 1638 Episode T: 233 Reward: 247.791 Cost: 0.000
arrive destination: True ,out of road:False   Total T: 520887 Episode Num: 1639 Episode T: 247 Reward: 276.652 Cost: 0.000
arrive destination: True ,out of road:False   Total T: 521170 Episode Num: 1640 Episode T: 283 Reward: 360.340 Cost: 0.000
arrive destination: True ,out of road:False   Total T: 521381 Episode Num: 1641 Episode T: 211 Reward: 269.651 Cost: 0.000
arrive destination: True ,out of road:False   Total T: 521611 Episode Num: 1642 Episode T: 230 Reward: 268.359 Cost: 2.000
arrive destination: True ,out of road:False   Total T: 521875 Episode Num: 1643 Episode T: 264 Reward: 286.273 Cost: 14.000
arrive destination: True ,out of road:False   Total T: 522119 Episode Num: 1644 Episode T: 244 Reward: 295.909 Cost: 20.000
arrive destination: True ,out of road:False   Total T: 522364 Episode Num: 1645 Episode T: 245 Reward: 295.526 Cost: 18.000
arrive destination: True ,out of road:False   Total T: 522658 Episode Num: 1646 Episode T: 294 Reward: 335.466 Cost: 10.000
arrive destination: False ,out of road:True   Total T: 523075 Episode Num: 1647 Episode T: 417 Reward: 449.133 Cost: 27.000
arrive destination: True ,out of road:False   Total T: 523398 Episode Num: 1648 Episode T: 323 Reward: 399.262 Cost: 5.000
arrive destination: True ,out of road:False   Total T: 523638 Episode Num: 1649 Episode T: 240 Reward: 274.917 Cost: 1.000
arrive destination: True ,out of road:False   Total T: 523864 Episode Num: 1650 Episode T: 226 Reward: 248.894 Cost: 0.000
arrive destination: True ,out of road:False   Total T: 524236 Episode Num: 1651 Episode T: 372 Reward: 400.657 Cost: 2.000
arrive destination: True ,out of road:False   Total T: 524471 Episode Num: 1652 Episode T: 235 Reward: 249.484 Cost: 0.000
arrive destination: True ,out of road:False   Total T: 524718 Episode Num: 1653 Episode T: 247 Reward: 280.503 Cost: 0.000
arrive destination: True ,out of road:False   Total T: 525145 Episode Num: 1654 Episode T: 427 Reward: 481.922 Cost: 25.000
arrive destination: False ,out of road:True   Total T: 525373 Episode Num: 1655 Episode T: 228 Reward: 287.669 Cost: 6.000
arrive destination: True ,out of road:False   Total T: 525759 Episode Num: 1656 Episode T: 386 Reward: 513.430 Cost: 23.000
arrive destination: True ,out of road:False   Total T: 525993 Episode Num: 1657 Episode T: 234 Reward: 295.349 Cost: 19.000
arrive destination: True ,out of road:False   Total T: 526415 Episode Num: 1658 Episode T: 422 Reward: 482.254 Cost: 36.000
arrive destination: True ,out of road:False   Total T: 526857 Episode Num: 1659 Episode T: 442 Reward: 470.789 Cost: 21.000
arrive destination: True ,out of road:False   Total T: 527249 Episode Num: 1660 Episode T: 392 Reward: 510.511 Cost: 19.000
arrive destination: True ,out of road:False   Total T: 527494 Episode Num: 1661 Episode T: 245 Reward: 295.457 Cost: 20.000
arrive destination: True ,out of road:False   Total T: 527955 Episode Num: 1662 Episode T: 461 Reward: 508.900 Cost: 49.000
arrive destination: True ,out of road:False   Total T: 528326 Episode Num: 1663 Episode T: 371 Reward: 335.985 Cost: 33.000
arrive destination: True ,out of road:False   Total T: 528755 Episode Num: 1664 Episode T: 429 Reward: 518.100 Cost: 47.000
arrive destination: True ,out of road:False   Total T: 529164 Episode Num: 1665 Episode T: 409 Reward: 410.523 Cost: 26.000
arrive destination: True ,out of road:False   Total T: 529603 Episode Num: 1666 Episode T: 439 Reward: 402.634 Cost: 1.000
arrive destination: True ,out of road:False   Total T: 529902 Episode Num: 1667 Episode T: 299 Reward: 335.563 Cost: 4.000
---------------------------------------
Evaluation over 20 episodes: 0.900 Cost 13.600.             SafeRL used : use_td3
---------------------------------------
[34;1m
Time: 2026-06-29 16:09:15, Time spent from previous logger: 125.195 s[0m
[34;1mCustomLogger with fileds: ['total_steps', 'EpRet', 'EpCost', 'CostRate'][0m
[34;1mfieldvalues: [530000, 0.9, 13.6, 0.04931141379512037]
[0m
arrive destination: False ,out of road:True   Total T: 530247 Episode Num: 1668 Episode T: 345 Reward: 332.856 Cost: 17.000
arrive destination: True ,out of road:False   Total T: 530520 Episode Num: 1669 Episode T: 273 Reward: 286.368 Cost: 13.000
arrive destination: True ,out of road:False   Total T: 530759 Episode Num: 1670 Episode T: 239 Reward: 277.038 Cost: 0.000
arrive destination: True ,out of road:False   Total T: 531153 Episode Num: 1671 Episode T: 394 Reward: 407.230 Cost: 20.000
arrive destination: True ,out of road:False   Total T: 531452 Episode Num: 1672 Episode T: 299 Reward: 354.390 Cost: 7.000
arrive destination: True ,out of road:False   Total T: 531666 Episode Num: 1673 Episode T: 214 Reward: 269.122 Cost: 0.000
arrive destination: True ,out of road:False   Total T: 531990 Episode Num: 1674 Episode T: 324 Reward: 399.413 Cost: 6.000
arrive destination: True ,out of road:False   Total T: 532241 Episode Num: 1675 Episode T: 251 Reward: 305.659 Cost: 15.000
arrive destination: True ,out of road:False   Total T: 532500 Episode Num: 1676 Episode T: 259 Reward: 285.840 Cost: 6.000
arrive destination: True ,out of road:False   Total T: 532850 Episode Num: 1677 Episode T: 350 Reward: 375.842 Cost: 24.000
arrive destination: False ,out of road:True   Total T: 532946 Episode Num: 1678 Episode T: 96 Reward: 76.827 Cost: 2.000
arrive destination: True ,out of road:False   Total T: 533201 Episode Num: 1679 Episode T: 255 Reward: 271.145 Cost: 12.000
arrive destination: True ,out of road:False   Total T: 533569 Episode Num: 1680 Episode T: 368 Reward: 513.822 Cost: 10.000
arrive destination: True ,out of road:False   Total T: 533857 Episode Num: 1681 Episode T: 288 Reward: 266.438 Cost: 6.000
arrive destination: True ,out of road:False   Total T: 534065 Episode Num: 1682 Episode T: 208 Reward: 269.320 Cost: 0.000
arrive destination: True ,out of road:False   Total T: 534416 Episode Num: 1683 Episode T: 351 Reward: 512.018 Cost: 8.000
arrive destination: True ,out of road:False   Total T: 534762 Episode Num: 1684 Episode T: 346 Reward: 399.822 Cost: 12.000
arrive destination: True ,out of road:False   Total T: 535130 Episode Num: 1685 Episode T: 368 Reward: 408.694 Cost: 34.000
arrive destination: True ,out of road:False   Total T: 535355 Episode Num: 1686 Episode T: 225 Reward: 249.444 Cost: 0.000
arrive destination: True ,out of road:False   Total T: 535724 Episode Num: 1687 Episode T: 369 Reward: 516.363 Cost: 14.000
arrive destination: True ,out of road:False   Total T: 536089 Episode Num: 1688 Episode T: 365 Reward: 511.741 Cost: 21.000
arrive destination: True ,out of road:False   Total T: 536367 Episode Num: 1689 Episode T: 278 Reward: 267.667 Cost: 16.000
arrive destination: True ,out of road:False   Total T: 536700 Episode Num: 1690 Episode T: 333 Reward: 398.358 Cost: 3.000
arrive destination: True ,out of road:False   Total T: 536996 Episode Num: 1691 Episode T: 296 Reward: 335.690 Cost: 4.000
arrive destination: True ,out of road:False   Total T: 537210 Episode Num: 1692 Episode T: 214 Reward: 244.213 Cost: 0.000
arrive destination: False ,out of road:True   Total T: 537545 Episode Num: 1693 Episode T: 335 Reward: 276.974 Cost: 22.000
arrive destination: True ,out of road:False   Total T: 537789 Episode Num: 1694 Episode T: 244 Reward: 285.021 Cost: 5.000
arrive destination: True ,out of road:False   Total T: 538011 Episode Num: 1695 Episode T: 222 Reward: 315.927 Cost: 9.000
arrive destination: True ,out of road:False   Total T: 538230 Episode Num: 1696 Episode T: 219 Reward: 270.181 Cost: 6.000
arrive destination: False ,out of road:True   Total T: 538294 Episode Num: 1697 Episode T: 64 Reward: 35.241 Cost: 1.000
arrive destination: True ,out of road:False   Total T: 538566 Episode Num: 1698 Episode T: 272 Reward: 268.065 Cost: 17.000
arrive destination: True ,out of road:False   Total T: 538801 Episode Num: 1699 Episode T: 235 Reward: 283.003 Cost: 5.000
arrive destination: True ,out of road:False   Total T: 539180 Episode Num: 1700 Episode T: 379 Reward: 346.078 Cost: 37.000
arrive destination: False ,out of road:True   Total T: 539291 Episode Num: 1701 Episode T: 111 Reward: 77.625 Cost: 4.000
arrive destination: True ,out of road:False   Total T: 539499 Episode Num: 1702 Episode T: 208 Reward: 269.375 Cost: 6.000
arrive destination: True ,out of road:False   Total T: 539720 Episode Num: 1703 Episode T: 221 Reward: 246.062 Cost: 0.000
---------------------------------------
Evaluation over 20 episodes: 0.850 Cost 12.750.             SafeRL used : use_td3
---------------------------------------
[34;1m
Time: 2026-06-29 16:11:25, Time spent from previous logger: 129.701 s[0m
[34;1mCustomLogger with fileds: ['total_steps', 'EpRet', 'EpCost', 'CostRate'][0m
[34;1mfieldvalues: [540000, 0.85, 12.75, 0.049103794636656733]
[0m
arrive destination: True ,out of road:False   Total T: 540297 Episode Num: 1704 Episode T: 577 Reward: 652.618 Cost: 19.000
arrive destination: True ,out of road:False   Total T: 540520 Episode Num: 1705 Episode T: 223 Reward: 295.406 Cost: 12.000
arrive destination: True ,out of road:False   Total T: 540949 Episode Num: 1706 Episode T: 429 Reward: 336.381 Cost: 36.000
arrive destination: True ,out of road:False   Total T: 541227 Episode Num: 1707 Episode T: 278 Reward: 294.086 Cost: 12.000
arrive destination: True ,out of road:False   Total T: 541594 Episode Num: 1708 Episode T: 367 Reward: 513.164 Cost: 16.000
arrive destination: True ,out of road:False   Total T: 541801 Episode Num: 1709 Episode T: 207 Reward: 270.052 Cost: 0.000
arrive destination: False ,out of road:True   Total T: 541906 Episode Num: 1710 Episode T: 105 Reward: 77.469 Cost: 4.000
arrive destination: True ,out of road:False   Total T: 542224 Episode Num: 1711 Episode T: 318 Reward: 368.982 Cost: 17.000
arrive destination: True ,out of road:False   Total T: 542499 Episode Num: 1712 Episode T: 275 Reward: 294.446 Cost: 20.000
arrive destination: True ,out of road:False   Total T: 542782 Episode Num: 1713 Episode T: 283 Reward: 359.551 Cost: 5.000
arrive destination: False ,out of road:True   Total T: 543087 Episode Num: 1714 Episode T: 305 Reward: 261.873 Cost: 24.000
arrive destination: True ,out of road:False   Total T: 543316 Episode Num: 1715 Episode T: 229 Reward: 246.736 Cost: 0.000
arrive destination: True ,out of road:False   Total T: 543536 Episode Num: 1716 Episode T: 220 Reward: 269.892 Cost: 0.000
arrive destination: True ,out of road:False   Total T: 543772 Episode Num: 1717 Episode T: 236 Reward: 273.582 Cost: 7.000
arrive destination: True ,out of road:False   Total T: 544042 Episode Num: 1718 Episode T: 270 Reward: 284.567 Cost: 6.000
arrive destination: False ,out of road:True   Total T: 544234 Episode Num: 1719 Episode T: 192 Reward: 187.170 Cost: 15.000
arrive destination: True ,out of road:False   Total T: 544477 Episode Num: 1720 Episode T: 243 Reward: 286.694 Cost: 12.000
arrive destination: False ,out of road:True   Total T: 544989 Episode Num: 1721 Episode T: 512 Reward: 219.029 Cost: 27.000
arrive destination: True ,out of road:False   Total T: 545329 Episode Num: 1722 Episode T: 340 Reward: 376.680 Cost: 32.000
arrive destination: True ,out of road:False   Total T: 545771 Episode Num: 1723 Episode T: 442 Reward: 336.077 Cost: 68.000
arrive destination: True ,out of road:False   Total T: 545975 Episode Num: 1724 Episode T: 204 Reward: 269.009 Cost: 0.000
arrive destination: True ,out of road:False   Total T: 546341 Episode Num: 1725 Episode T: 366 Reward: 400.270 Cost: 0.000
arrive destination: False ,out of road:True   Total T: 546629 Episode Num: 1726 Episode T: 288 Reward: 323.632 Cost: 33.000
arrive destination: True ,out of road:False   Total T: 546870 Episode Num: 1727 Episode T: 241 Reward: 273.854 Cost: 2.000
arrive destination: True ,out of road:False   Total T: 547096 Episode Num: 1728 Episode T: 226 Reward: 249.355 Cost: 0.000
arrive destination: True ,out of road:False   Total T: 547339 Episode Num: 1729 Episode T: 243 Reward: 295.267 Cost: 9.000
arrive destination: False ,out of road:True   Total T: 547437 Episode Num: 1730 Episode T: 98 Reward: 69.384 Cost: 4.000
arrive destination: True ,out of road:False   Total T: 547749 Episode Num: 1731 Episode T: 312 Reward: 369.929 Cost: 20.000
arrive destination: True ,out of road:False   Total T: 548067 Episode Num: 1732 Episode T: 318 Reward: 400.382 Cost: 14.000
arrive destination: True ,out of road:False   Total T: 548292 Episode Num: 1733 Episode T: 225 Reward: 229.977 Cost: 15.000
arrive destination: True ,out of road:False   Total T: 548620 Episode Num: 1734 Episode T: 328 Reward: 369.373 Cost: 11.000
arrive destination: True ,out of road:False   Total T: 548857 Episode Num: 1735 Episode T: 237 Reward: 274.740 Cost: 2.000
arrive destination: True ,out of road:False   Total T: 549261 Episode Num: 1736 Episode T: 404 Reward: 400.617 Cost: 6.000
arrive destination: True ,out of road:False   Total T: 549566 Episode Num: 1737 Episode T: 305 Reward: 377.821 Cost: 14.000
arrive destination: True ,out of road:False   Total T: 549858 Episode Num: 1738 Episode T: 292 Reward: 359.033 Cost: 1.000
---------------------------------------
Evaluation over 20 episodes: 1.000 Cost 16.850.             SafeRL used : use_td3
---------------------------------------
[34;1m
Time: 2026-06-29 16:13:34, Time spent from previous logger: 128.786 s[0m
[34;1mCustomLogger with fileds: ['total_steps', 'EpRet', 'EpCost', 'CostRate'][0m
[34;1mfieldvalues: [550000, 1.0, 16.85, 0.0490182709423108]
[0m
arrive destination: True ,out of road:False   Total T: 550225 Episode Num: 1739 Episode T: 367 Reward: 370.324 Cost: 11.000
arrive destination: True ,out of road:False   Total T: 550507 Episode Num: 1740 Episode T: 282 Reward: 268.161 Cost: 3.000
arrive destination: True ,out of road:False   Total T: 551094 Episode Num: 1741 Episode T: 587 Reward: 416.388 Cost: 38.000
arrive destination: True ,out of road:False   Total T: 551442 Episode Num: 1742 Episode T: 348 Reward: 377.620 Cost: 44.000
arrive destination: True ,out of road:False   Total T: 551807 Episode Num: 1743 Episode T: 365 Reward: 412.685 Cost: 46.000
arrive destination: True ,out of road:False   Total T: 552178 Episode Num: 1744 Episode T: 371 Reward: 397.324 Cost: 0.000
arrive destination: False ,out of road:True   Total T: 552406 Episode Num: 1745 Episode T: 228 Reward: 150.946 Cost: 19.000
arrive destination: True ,out of road:False   Total T: 552802 Episode Num: 1746 Episode T: 396 Reward: 468.616 Cost: 12.000
arrive destination: True ,out of road:False   Total T: 553134 Episode Num: 1747 Episode T: 332 Reward: 419.323 Cost: 32.000
arrive destination: True ,out of road:False   Total T: 553563 Episode Num: 1748 Episode T: 429 Reward: 470.438 Cost: 26.000
arrive destination: True ,out of road:False   Total T: 553850 Episode Num: 1749 Episode T: 287 Reward: 294.747 Cost: 30.000
arrive destination: True ,out of road:False   Total T: 554127 Episode Num: 1750 Episode T: 277 Reward: 356.334 Cost: 4.000
arrive destination: True ,out of road:False   Total T: 554355 Episode Num: 1751 Episode T: 228 Reward: 295.601 Cost: 15.000
arrive destination: True ,out of road:False   Total T: 554647 Episode Num: 1752 Episode T: 292 Reward: 358.486 Cost: 5.000
arrive destination: True ,out of road:False   Total T: 554970 Episode Num: 1753 Episode T: 323 Reward: 398.553 Cost: 10.000
arrive destination: True ,out of road:True   Total T: 555367 Episode Num: 1754 Episode T: 397 Reward: 412.448 Cost: 28.000
arrive destination: True ,out of road:False   Total T: 555604 Episode Num: 1755 Episode T: 237 Reward: 295.982 Cost: 22.000
arrive destination: True ,out of road:False   Total T: 555823 Episode Num: 1756 Episode T: 219 Reward: 247.018 Cost: 0.000
arrive destination: False ,out of road:True   Total T: 555924 Episode Num: 1757 Episode T: 101 Reward: 77.294 Cost: 4.000
arrive destination: True ,out of road:False   Total T: 556192 Episode Num: 1758 Episode T: 268 Reward: 354.994 Cost: 3.000
arrive destination: True ,out of road:False   Total T: 556636 Episode Num: 1759 Episode T: 444 Reward: 399.278 Cost: 33.000
arrive destination: True ,out of road:False   Total T: 556950 Episode Num: 1760 Episode T: 314 Reward: 399.630 Cost: 5.000
arrive destination: True ,out of road:False   Total T: 557199 Episode Num: 1761 Episode T: 249 Reward: 275.753 Cost: 0.000
arrive destination: True ,out of road:False   Total T: 557550 Episode Num: 1762 Episode T: 351 Reward: 418.276 Cost: 41.000
arrive destination: True ,out of road:False   Total T: 557986 Episode Num: 1763 Episode T: 436 Reward: 470.428 Cost: 14.000
arrive destination: True ,out of road:False   Total T: 558454 Episode Num: 1764 Episode T: 468 Reward: 503.426 Cost: 25.000
arrive destination: True ,out of road:False   Total T: 558761 Episode Num: 1765 Episode T: 307 Reward: 294.594 Cost: 32.000
arrive destination: False ,out of road:True   Total T: 558859 Episode Num: 1766 Episode T: 98 Reward: 73.938 Cost: 1.000
arrive destination: True ,out of road:False   Total T: 559076 Episode Num: 1767 Episode T: 217 Reward: 269.097 Cost: 0.000
arrive destination: False ,out of road:True   Total T: 559307 Episode Num: 1768 Episode T: 231 Reward: 227.504 Cost: 1.000
arrive destination: False ,out of road:True   Total T: 559594 Episode Num: 1769 Episode T: 287 Reward: 334.131 Cost: 13.000
arrive destination: True ,out of road:False   Total T: 559977 Episode Num: 1770 Episode T: 383 Reward: 378.891 Cost: 28.000
---------------------------------------
Evaluation over 20 episodes: 0.800 Cost 21.950.             SafeRL used : use_td3
---------------------------------------
[34;1m
Time: 2026-06-29 16:15:49, Time spent from previous logger: 135.066 s[0m
[34;1mCustomLogger with fileds: ['total_steps', 'EpRet', 'EpCost', 'CostRate'][0m
[34;1mfieldvalues: [560000, 0.8, 21.95, 0.049116159135998455]
[0m
arrive destination: True ,out of road:False   Total T: 560341 Episode Num: 1771 Episode T: 364 Reward: 420.480 Cost: 56.000
arrive destination: True ,out of road:False   Total T: 560580 Episode Num: 1772 Episode T: 239 Reward: 275.356 Cost: 0.000
arrive destination: True ,out of road:False   Total T: 560954 Episode Num: 1773 Episode T: 374 Reward: 399.250 Cost: 0.000
arrive destination: True ,out of road:False   Total T: 561273 Episode Num: 1774 Episode T: 319 Reward: 358.516 Cost: 12.000
arrive destination: True ,out of road:False   Total T: 561588 Episode Num: 1775 Episode T: 315 Reward: 399.906 Cost: 7.000
arrive destination: True ,out of road:False   Total T: 561791 Episode Num: 1776 Episode T: 203 Reward: 269.241 Cost: 4.000
arrive destination: False ,out of road:True   Total T: 562021 Episode Num: 1777 Episode T: 230 Reward: 226.114 Cost: 1.000
arrive destination: True ,out of road:False   Total T: 562334 Episode Num: 1778 Episode T: 313 Reward: 271.826 Cost: 4.000
arrive destination: False ,out of road:True   Total T: 562516 Episode Num: 1779 Episode T: 182 Reward: 186.558 Cost: 15.000
arrive destination: True ,out of road:False   Total T: 562740 Episode Num: 1780 Episode T: 224 Reward: 247.113 Cost: 0.000
arrive destination: True ,out of road:False   Total T: 563057 Episode Num: 1781 Episode T: 317 Reward: 267.890 Cost: 1.000
arrive destination: True ,out of road:False   Total T: 563316 Episode Num: 1782 Episode T: 259 Reward: 269.881 Cost: 12.000
arrive destination: True ,out of road:False   Total T: 563539 Episode Num: 1783 Episode T: 223 Reward: 232.132 Cost: 5.000
arrive destination: True ,out of road:False   Total T: 563786 Episode Num: 1784 Episode T: 247 Reward: 273.461 Cost: 8.000
arrive destination: True ,out of road:False   Total T: 564157 Episode Num: 1785 Episode T: 371 Reward: 400.725 Cost: 0.000
arrive destination: True ,out of road:False   Total T: 564408 Episode Num: 1786 Episode T: 251 Reward: 315.824 Cost: 11.000
arrive destination: True ,out of road:False   Total T: 564749 Episode Num: 1787 Episode T: 341 Reward: 335.859 Cost: 20.000
arrive destination: True ,out of road:False   Total T: 565030 Episode Num: 1788 Episode T: 281 Reward: 358.178 Cost: 7.000
arrive destination: True ,out of road:False   Total T: 565285 Episode Num: 1789 Episode T: 255 Reward: 295.445 Cost: 15.000
arrive destination: True ,out of road:False   Total T: 565617 Episode Num: 1790 Episode T: 332 Reward: 411.008 Cost: 33.000
arrive destination: False ,out of road:True   Total T: 565718 Episode Num: 1791 Episode T: 101 Reward: 77.563 Cost: 2.000
arrive destination: False ,out of road:True   Total T: 565938 Episode Num: 1792 Episode T: 220 Reward: 287.720 Cost: 11.000
arrive destination: False ,out of road:True   Total T: 566173 Episode Num: 1793 Episode T: 235 Reward: 291.368 Cost: 24.000
arrive destination: True ,out of road:False   Total T: 566620 Episode Num: 1794 Episode T: 447 Reward: 398.632 Cost: 26.000
arrive destination: True ,out of road:False   Total T: 566841 Episode Num: 1795 Episode T: 221 Reward: 229.654 Cost: 3.000
arrive destination: True ,out of road:False   Total T: 567095 Episode Num: 1796 Episode T: 254 Reward: 284.296 Cost: 21.000
arrive destination: False ,out of road:True   Total T: 567375 Episode Num: 1797 Episode T: 280 Reward: 350.164 Cost: 3.000
arrive destination: True ,out of road:False   Total T: 567846 Episode Num: 1798 Episode T: 471 Reward: 495.853 Cost: 32.000
arrive destination: True ,out of road:False   Total T: 568310 Episode Num: 1799 Episode T: 464 Reward: 495.776 Cost: 38.000
arrive destination: True ,out of road:False   Total T: 568672 Episode Num: 1800 Episode T: 362 Reward: 395.727 Cost: 5.000
arrive destination: False ,out of road:True   Total T: 568920 Episode Num: 1801 Episode T: 248 Reward: 330.099 Cost: 8.000
arrive destination: True ,out of road:False   Total T: 569174 Episode Num: 1802 Episode T: 254 Reward: 285.064 Cost: 26.000
arrive destination: True ,out of road:False   Total T: 569564 Episode Num: 1803 Episode T: 390 Reward: 374.998 Cost: 47.000
arrive destination: True ,out of road:False   Total T: 569765 Episode Num: 1804 Episode T: 201 Reward: 232.235 Cost: 8.000
arrive destination: True ,out of road:False   Total T: 569984 Episode Num: 1805 Episode T: 219 Reward: 269.977 Cost: 3.000
---------------------------------------
Evaluation over 20 episodes: 0.850 Cost 17.000.             SafeRL used : use_td3
---------------------------------------
[34;1m
Time: 2026-06-29 16:17:57, Time spent from previous logger: 128.143 s[0m
[34;1mCustomLogger with fileds: ['total_steps', 'EpRet', 'EpCost', 'CostRate'][0m
[34;1mfieldvalues: [570000, 0.85, 17.0, 0.04907552469390297]
[0m
arrive destination: True ,out of road:False   Total T: 570374 Episode Num: 1806 Episode T: 390 Reward: 427.919 Cost: 42.000
arrive destination: True ,out of road:False   Total T: 570693 Episode Num: 1807 Episode T: 319 Reward: 369.054 Cost: 13.000
arrive destination: True ,out of road:False   Total T: 570912 Episode Num: 1808 Episode T: 219 Reward: 269.506 Cost: 4.000
arrive destination: False ,out of road:True   Total T: 570956 Episode Num: 1809 Episode T: 44 Reward: 12.396 Cost: 1.000
arrive destination: False ,out of road:True   Total T: 571303 Episode Num: 1810 Episode T: 347 Reward: 368.470 Cost: 13.000
arrive destination: True ,out of road:False   Total T: 571565 Episode Num: 1811 Episode T: 262 Reward: 285.460 Cost: 9.000
arrive destination: False ,out of road:True   Total T: 571797 Episode Num: 1812 Episode T: 232 Reward: 236.291 Cost: 3.000
arrive destination: True ,out of road:False   Total T: 572006 Episode Num: 1813 Episode T: 209 Reward: 269.853 Cost: 0.000
arrive destination: True ,out of road:False   Total T: 572292 Episode Num: 1814 Episode T: 286 Reward: 355.513 Cost: 4.000
arrive destination: True ,out of road:False   Total T: 572530 Episode Num: 1815 Episode T: 238 Reward: 296.038 Cost: 15.000
arrive destination: True ,out of road:False   Total T: 572792 Episode Num: 1816 Episode T: 262 Reward: 275.629 Cost: 1.000
arrive destination: True ,out of road:False   Total T: 573135 Episode Num: 1817 Episode T: 343 Reward: 510.968 Cost: 1.000
arrive destination: False ,out of road:True   Total T: 573191 Episode Num: 1818 Episode T: 56 Reward: 20.959 Cost: 1.000
arrive destination: True ,out of road:False   Total T: 573604 Episode Num: 1819 Episode T: 413 Reward: 345.647 Cost: 27.000
arrive destination: True ,out of road:False   Total T: 573938 Episode Num: 1820 Episode T: 334 Reward: 419.480 Cost: 30.000
arrive destination: True ,out of road:False   Total T: 574252 Episode Num: 1821 Episode T: 314 Reward: 369.116 Cost: 6.000
arrive destination: True ,out of road:False   Total T: 574601 Episode Num: 1822 Episode T: 349 Reward: 335.630 Cost: 29.000
arrive destination: False ,out of road:True   Total T: 574646 Episode Num: 1823 Episode T: 45 Reward: 10.065 Cost: 1.000
arrive destination: True ,out of road:False   Total T: 575050 Episode Num: 1824 Episode T: 404 Reward: 509.238 Cost: 22.000
arrive destination: True ,out of road:False   Total T: 575297 Episode Num: 1825 Episode T: 247 Reward: 276.398 Cost: 0.000
arrive destination: False ,out of road:True   Total T: 575519 Episode Num: 1826 Episode T: 222 Reward: 226.395 Cost: 9.000
arrive destination: True ,out of road:False   Total T: 575955 Episode Num: 1827 Episode T: 436 Reward: 415.450 Cost: 62.000
arrive destination: True ,out of road:False   Total T: 576403 Episode Num: 1828 Episode T: 448 Reward: 467.735 Cost: 26.000
arrive destination: True ,out of road:False   Total T: 576856 Episode Num: 1829 Episode T: 453 Reward: 496.477 Cost: 64.000
arrive destination: True ,out of road:False   Total T: 577201 Episode Num: 1830 Episode T: 345 Reward: 417.097 Cost: 52.000
arrive destination: True ,out of road:False   Total T: 577465 Episode Num: 1831 Episode T: 264 Reward: 274.668 Cost: 10.000
arrive destination: False ,out of road:True   Total T: 577680 Episode Num: 1832 Episode T: 215 Reward: 170.141 Cost: 28.000
arrive destination: True ,out of road:False   Total T: 578035 Episode Num: 1833 Episode T: 355 Reward: 417.513 Cost: 36.000
arrive destination: False ,out of road:True   Total T: 578343 Episode Num: 1834 Episode T: 308 Reward: 348.535 Cost: 9.000
arrive destination: False ,out of road:True   Total T: 578570 Episode Num: 1835 Episode T: 227 Reward: 225.944 Cost: 8.000
arrive destination: True ,out of road:False   Total T: 579041 Episode Num: 1836 Episode T: 471 Reward: 491.642 Cost: 47.000
arrive destination: True ,out of road:False   Total T: 579338 Episode Num: 1837 Episode T: 297 Reward: 407.979 Cost: 11.000
arrive destination: True ,out of road:False   Total T: 579583 Episode Num: 1838 Episode T: 245 Reward: 285.774 Cost: 23.000
arrive destination: True ,out of road:False   Total T: 579808 Episode Num: 1839 Episode T: 225 Reward: 229.786 Cost: 9.000
---------------------------------------
Evaluation over 20 episodes: 0.800 Cost 23.450.             SafeRL used : use_td3
---------------------------------------
[34;1m
Time: 2026-06-29 16:20:14, Time spent from previous logger: 136.732 s[0m
[34;1mCustomLogger with fileds: ['total_steps', 'EpRet', 'EpCost', 'CostRate'][0m
[34;1mfieldvalues: [580000, 0.8, 23.45, 0.04930525742285763]
[0m
arrive destination: True ,out of road:False   Total T: 580573 Episode Num: 1840 Episode T: 765 Reward: 737.566 Cost: 96.000
arrive destination: True ,out of road:False   Total T: 580892 Episode Num: 1841 Episode T: 319 Reward: 373.925 Cost: 19.000
arrive destination: True ,out of road:False   Total T: 581252 Episode Num: 1842 Episode T: 360 Reward: 511.529 Cost: 2.000
arrive destination: True ,out of road:False   Total T: 581461 Episode Num: 1843 Episode T: 209 Reward: 268.899 Cost: 0.000
arrive destination: True ,out of road:False   Total T: 581740 Episode Num: 1844 Episode T: 279 Reward: 357.861 Cost: 0.000
arrive destination: True ,out of road:False   Total T: 581985 Episode Num: 1845 Episode T: 245 Reward: 296.046 Cost: 20.000
arrive destination: False ,out of road:True   Total T: 582329 Episode Num: 1846 Episode T: 344 Reward: 357.459 Cost: 6.000
arrive destination: False ,out of road:True   Total T: 582598 Episode Num: 1847 Episode T: 269 Reward: 338.272 Cost: 4.000
arrive destination: True ,out of road:False   Total T: 582970 Episode Num: 1848 Episode T: 372 Reward: 402.487 Cost: 0.000
arrive destination: True ,out of road:False   Total T: 583429 Episode Num: 1849 Episode T: 459 Reward: 468.096 Cost: 27.000
arrive destination: True ,out of road:False   Total T: 583669 Episode Num: 1850 Episode T: 240 Reward: 282.535 Cost: 6.000
arrive destination: False ,out of road:True   Total T: 583767 Episode Num: 1851 Episode T: 98 Reward: 69.189 Cost: 4.000
arrive destination: True ,out of road:False   Total T: 584119 Episode Num: 1852 Episode T: 352 Reward: 511.320 Cost: 11.000
arrive destination: False ,out of road:True   Total T: 584561 Episode Num: 1853 Episode T: 442 Reward: 432.676 Cost: 16.000
arrive destination: True ,out of road:False   Total T: 584771 Episode Num: 1854 Episode T: 210 Reward: 230.630 Cost: 8.000
arrive destination: True ,out of road:False   Total T: 585100 Episode Num: 1855 Episode T: 329 Reward: 410.438 Cost: 37.000
arrive destination: True ,out of road:False   Total T: 585384 Episode Num: 1856 Episode T: 284 Reward: 358.033 Cost: 3.000
arrive destination: True ,out of road:False   Total T: 585759 Episode Num: 1857 Episode T: 375 Reward: 412.950 Cost: 27.000
arrive destination: True ,out of road:False   Total T: 586072 Episode Num: 1858 Episode T: 313 Reward: 400.575 Cost: 15.000
arrive destination: True ,out of road:False   Total T: 586388 Episode Num: 1859 Episode T: 316 Reward: 372.335 Cost: 19.000
arrive destination: False ,out of road:True   Total T: 586752 Episode Num: 1860 Episode T: 364 Reward: 378.722 Cost: 37.000
arrive destination: False ,out of road:True   Total T: 587230 Episode Num: 1861 Episode T: 478 Reward: 388.861 Cost: 37.000
arrive destination: True ,out of road:False   Total T: 587545 Episode Num: 1862 Episode T: 315 Reward: 409.190 Cost: 3.000
arrive destination: False ,out of road:False   Total T: 588545 Episode Num: 1863 Episode T: 1000 Reward: 110.349 Cost: 15.000
arrive destination: True ,out of road:False   Total T: 588760 Episode Num: 1864 Episode T: 215 Reward: 245.591 Cost: 0.000
arrive destination: True ,out of road:False   Total T: 588965 Episode Num: 1865 Episode T: 205 Reward: 230.357 Cost: 2.000
arrive destination: True ,out of road:False   Total T: 589170 Episode Num: 1866 Episode T: 205 Reward: 231.925 Cost: 11.000
arrive destination: True ,out of road:False   Total T: 589594 Episode Num: 1867 Episode T: 424 Reward: 492.400 Cost: 40.000
arrive destination: False ,out of road:True   Total T: 589892 Episode Num: 1868 Episode T: 298 Reward: 334.385 Cost: 28.000
arrive destination: False ,out of road:True   Total T: 589943 Episode Num: 1869 Episode T: 51 Reward: 16.821 Cost: 1.000
---------------------------------------
Evaluation over 20 episodes: 0.650 Cost 16.250.             SafeRL used : use_td3
---------------------------------------
[34;1m
Time: 2026-06-29 16:22:26, Time spent from previous logger: 132.707 s[0m
[34;1mCustomLogger with fileds: ['total_steps', 'EpRet', 'EpCost', 'CostRate'][0m
[34;1mfieldvalues: [590000, 0.65, 16.25, 0.04929330388695574]
[0m
arrive destination: True ,out of road:True   Total T: 590257 Episode Num: 1870 Episode T: 314 Reward: 339.651 Cost: 25.000
arrive destination: True ,out of road:False   Total T: 590620 Episode Num: 1871 Episode T: 363 Reward: 374.712 Cost: 36.000
arrive destination: True ,out of road:False   Total T: 590828 Episode Num: 1872 Episode T: 208 Reward: 269.281 Cost: 0.000
arrive destination: False ,out of road:True   Total T: 591225 Episode Num: 1873 Episode T: 397 Reward: 434.403 Cost: 8.000
arrive destination: True ,out of road:False   Total T: 591643 Episode Num: 1874 Episode T: 418 Reward: 413.536 Cost: 38.000
arrive destination: True ,out of road:False   Total T: 591925 Episode Num: 1875 Episode T: 282 Reward: 294.420 Cost: 16.000
arrive destination: False ,out of road:True   Total T: 592026 Episode Num: 1876 Episode T: 101 Reward: 76.831 Cost: 2.000
arrive destination: True ,out of road:False   Total T: 592402 Episode Num: 1877 Episode T: 376 Reward: 397.001 Cost: 0.000
arrive destination: True ,out of road:False   Total T: 592845 Episode Num: 1878 Episode T: 443 Reward: 464.622 Cost: 30.000
arrive destination: True ,out of road:False   Total T: 593150 Episode Num: 1879 Episode T: 305 Reward: 398.611 Cost: 8.000
arrive destination: True ,out of road:False   Total T: 593639 Episode Num: 1880 Episode T: 489 Reward: 493.696 Cost: 44.000
arrive destination: True ,out of road:False   Total T: 594076 Episode Num: 1881 Episode T: 437 Reward: 465.356 Cost: 25.000
arrive destination: False ,out of road:True   Total T: 594279 Episode Num: 1882 Episode T: 203 Reward: 258.523 Cost: 7.000
arrive destination: True ,out of road:False   Total T: 594646 Episode Num: 1883 Episode T: 367 Reward: 402.369 Cost: 6.000
arrive destination: False ,out of road:True   Total T: 594858 Episode Num: 1884 Episode T: 212 Reward: 157.049 Cost: 19.000
arrive destination: True ,out of road:False   Total T: 595299 Episode Num: 1885 Episode T: 441 Reward: 471.721 Cost: 20.000
arrive destination: True ,out of road:False   Total T: 595540 Episode Num: 1886 Episode T: 241 Reward: 274.196 Cost: 0.000
arrive destination: False ,out of road:True   Total T: 595589 Episode Num: 1887 Episode T: 49 Reward: 13.343 Cost: 1.000
arrive destination: False ,out of road:True   Total T: 595635 Episode Num: 1888 Episode T: 46 Reward: 11.411 Cost: 1.000
arrive destination: True ,out of road:False   Total T: 595884 Episode Num: 1889 Episode T: 249 Reward: 275.880 Cost: 10.000
arrive destination: True ,out of road:True   Total T: 596166 Episode Num: 1890 Episode T: 282 Reward: 413.494 Cost: 10.000
arrive destination: True ,out of road:False   Total T: 596566 Episode Num: 1891 Episode T: 400 Reward: 414.985 Cost: 51.000
arrive destination: True ,out of road:False   Total T: 596944 Episode Num: 1892 Episode T: 378 Reward: 377.833 Cost: 49.000
arrive destination: True ,out of road:False   Total T: 597316 Episode Num: 1893 Episode T: 372 Reward: 396.981 Cost: 0.000
arrive destination: True ,out of road:False   Total T: 597808 Episode Num: 1894 Episode T: 492 Reward: 499.959 Cost: 48.000
arrive destination: False ,out of road:True   Total T: 597906 Episode Num: 1895 Episode T: 98 Reward: 79.591 Cost: 2.000
arrive destination: False ,out of road:True   Total T: 598137 Episode Num: 1896 Episode T: 231 Reward: 224.871 Cost: 1.000
arrive destination: True ,out of road:False   Total T: 598568 Episode Num: 1897 Episode T: 431 Reward: 510.311 Cost: 36.000
arrive destination: False ,out of road:True   Total T: 598776 Episode Num: 1898 Episode T: 208 Reward: 262.461 Cost: 7.000
arrive destination: True ,out of road:False   Total T: 598983 Episode Num: 1899 Episode T: 207 Reward: 269.648 Cost: 0.000
arrive destination: False ,out of road:True   Total T: 599279 Episode Num: 1900 Episode T: 296 Reward: 338.021 Cost: 7.000
arrive destination: False ,out of road:True   Total T: 599376 Episode Num: 1901 Episode T: 97 Reward: 66.572 Cost: 4.000
arrive destination: True ,out of road:False   Total T: 599618 Episode Num: 1902 Episode T: 242 Reward: 271.689 Cost: 0.000
arrive destination: True ,out of road:False   Total T: 599868 Episode Num: 1903 Episode T: 250 Reward: 283.009 Cost: 13.000
---------------------------------------
Evaluation over 20 episodes: 0.900 Cost 16.400.             SafeRL used : use_td3
---------------------------------------
[34;1m
Time: 2026-06-29 16:24:36, Time spent from previous logger: 129.693 s[0m
[34;1mCustomLogger with fileds: ['total_steps', 'EpRet', 'EpCost', 'CostRate'][0m
[34;1mfieldvalues: [600000, 0.9, 16.4, 0.049345082241803735]
[0m
arrive destination: True ,out of road:False   Total T: 600250 Episode Num: 1904 Episode T: 382 Reward: 427.834 Cost: 15.000
arrive destination: True ,out of road:False   Total T: 600462 Episode Num: 1905 Episode T: 212 Reward: 231.230 Cost: 9.000
arrive destination: False ,out of road:True   Total T: 600512 Episode Num: 1906 Episode T: 50 Reward: 16.570 Cost: 1.000
arrive destination: True ,out of road:False   Total T: 600761 Episode Num: 1907 Episode T: 249 Reward: 295.366 Cost: 19.000
arrive destination: True ,out of road:False   Total T: 600986 Episode Num: 1908 Episode T: 225 Reward: 295.457 Cost: 14.000
arrive destination: True ,out of road:False   Total T: 601355 Episode Num: 1909 Episode T: 369 Reward: 399.633 Cost: 0.000
arrive destination: False ,out of road:True   Total T: 601463 Episode Num: 1910 Episode T: 108 Reward: 77.473 Cost: 4.000
arrive destination: False ,out of road:True   Total T: 601560 Episode Num: 1911 Episode T: 97 Reward: 69.820 Cost: 4.000
arrive destination: True ,out of road:False   Total T: 601864 Episode Num: 1912 Episode T: 304 Reward: 402.103 Cost: 12.000
arrive destination: True ,out of road:False   Total T: 602264 Episode Num: 1913 Episode T: 400 Reward: 533.327 Cost: 33.000
arrive destination: True ,out of road:False   Total T: 602527 Episode Num: 1914 Episode T: 263 Reward: 265.720 Cost: 10.000
arrive destination: True ,out of road:False   Total T: 602751 Episode Num: 1915 Episode T: 224 Reward: 231.765 Cost: 6.000
arrive destination: False ,out of road:True   Total T: 602967 Episode Num: 1916 Episode T: 216 Reward: 175.850 Cost: 20.000
arrive destination: True ,out of road:False   Total T: 603178 Episode Num: 1917 Episode T: 211 Reward: 269.501 Cost: 0.000
arrive destination: False ,out of road:True   Total T: 603345 Episode Num: 1918 Episode T: 167 Reward: 212.749 Cost: 1.000
arrive destination: False ,out of road:True   Total T: 603395 Episode Num: 1919 Episode T: 50 Reward: 14.939 Cost: 1.000
arrive destination: False ,out of road:True   Total T: 603566 Episode Num: 1920 Episode T: 171 Reward: 140.707 Cost: 3.000
arrive destination: True ,out of road:False   Total T: 603776 Episode Num: 1921 Episode T: 210 Reward: 244.940 Cost: 0.000
arrive destination: True ,out of road:True   Total T: 604034 Episode Num: 1922 Episode T: 258 Reward: 328.868 Cost: 20.000
arrive destination: True ,out of road:False   Total T: 604255 Episode Num: 1923 Episode T: 221 Reward: 247.186 Cost: 0.000
arrive destination: True ,out of road:False   Total T: 604469 Episode Num: 1924 Episode T: 214 Reward: 245.976 Cost: 0.000
arrive destination: True ,out of road:False   Total T: 604682 Episode Num: 1925 Episode T: 213 Reward: 269.839 Cost: 1.000
arrive destination: True ,out of road:False   Total T: 604917 Episode Num: 1926 Episode T: 235 Reward: 273.633 Cost: 0.000
arrive destination: False ,out of road:True   Total T: 605127 Episode Num: 1927 Episode T: 210 Reward: 226.532 Cost: 1.000
arrive destination: True ,out of road:False   Total T: 605362 Episode Num: 1928 Episode T: 235 Reward: 276.214 Cost: 0.000
arrive destination: True ,out of road:False   Total T: 605596 Episode Num: 1929 Episode T: 234 Reward: 274.859 Cost: 0.000
arrive destination: True ,out of road:False   Total T: 605919 Episode Num: 1930 Episode T: 323 Reward: 370.014 Cost: 20.000
arrive destination: True ,out of road:False   Total T: 606125 Episode Num: 1931 Episode T: 206 Reward: 231.845 Cost: 6.000
arrive destination: True ,out of road:False   Total T: 606345 Episode Num: 1932 Episode T: 220 Reward: 284.809 Cost: 4.000
arrive destination: False ,out of road:True   Total T: 606443 Episode Num: 1933 Episode T: 98 Reward: 68.702 Cost: 4.000
arrive destination: True ,out of road:False   Total T: 606890 Episode Num: 1934 Episode T: 447 Reward: 491.667 Cost: 43.000
arrive destination: True ,out of road:False   Total T: 607117 Episode Num: 1935 Episode T: 227 Reward: 249.649 Cost: 0.000
arrive destination: False ,out of road:True   Total T: 607285 Episode Num: 1936 Episode T: 168 Reward: 212.944 Cost: 1.000
arrive destination: True ,out of road:False   Total T: 607670 Episode Num: 1937 Episode T: 385 Reward: 416.175 Cost: 26.000
arrive destination: True ,out of road:False   Total T: 608119 Episode Num: 1938 Episode T: 449 Reward: 491.869 Cost: 24.000
arrive destination: True ,out of road:False   Total T: 608467 Episode Num: 1939 Episode T: 348 Reward: 417.721 Cost: 40.000
arrive destination: True ,out of road:False   Total T: 608843 Episode Num: 1940 Episode T: 376 Reward: 493.246 Cost: 19.000
arrive destination: True ,out of road:False   Total T: 609131 Episode Num: 1941 Episode T: 288 Reward: 353.998 Cost: 13.000
arrive destination: False ,out of road:True   Total T: 609251 Episode Num: 1942 Episode T: 120 Reward: 123.888 Cost: 6.000
arrive destination: False ,out of road:True   Total T: 609636 Episode Num: 1943 Episode T: 385 Reward: 370.783 Cost: 27.000
arrive destination: True ,out of road:False   Total T: 609839 Episode Num: 1944 Episode T: 203 Reward: 229.412 Cost: 8.000
---------------------------------------
Evaluation over 20 episodes: 0.750 Cost 12.950.             SafeRL used : use_td3
---------------------------------------
[34;1m
Time: 2026-06-29 16:26:43, Time spent from previous logger: 126.543 s[0m
[34;1mCustomLogger with fileds: ['total_steps', 'EpRet', 'EpCost', 'CostRate'][0m
[34;1mfieldvalues: [610000, 0.75, 12.95, 0.04923450694181466]
[0m
arrive destination: False ,out of road:True   Total T: 610047 Episode Num: 1945 Episode T: 208 Reward: 188.003 Cost: 12.000
arrive destination: True ,out of road:False   Total T: 610290 Episode Num: 1946 Episode T: 243 Reward: 276.208 Cost: 0.000
arrive destination: True ,out of road:False   Total T: 610521 Episode Num: 1947 Episode T: 231 Reward: 273.885 Cost: 1.000
arrive destination: False ,out of road:True   Total T: 610781 Episode Num: 1948 Episode T: 260 Reward: 327.993 Cost: 5.000
arrive destination: True ,out of road:False   Total T: 610995 Episode Num: 1949 Episode T: 214 Reward: 294.955 Cost: 7.000
arrive destination: True ,out of road:False   Total T: 611348 Episode Num: 1950 Episode T: 353 Reward: 417.341 Cost: 47.000
arrive destination: False ,out of road:True   Total T: 611403 Episode Num: 1951 Episode T: 55 Reward: 21.558 Cost: 1.000
arrive destination: False ,out of road:True   Total T: 611501 Episode Num: 1952 Episode T: 98 Reward: 77.909 Cost: 3.000
arrive destination: True ,out of road:False   Total T: 611858 Episode Num: 1953 Episode T: 357 Reward: 398.703 Cost: 15.000
arrive destination: True ,out of road:False   Total T: 612091 Episode Num: 1954 Episode T: 233 Reward: 272.557 Cost: 0.000
arrive destination: True ,out of road:False   Total T: 612319 Episode Num: 1955 Episode T: 228 Reward: 292.232 Cost: 4.000
arrive destination: True ,out of road:False   Total T: 612532 Episode Num: 1956 Episode T: 213 Reward: 269.470 Cost: 4.000
arrive destination: True ,out of road:False   Total T: 612810 Episode Num: 1957 Episode T: 278 Reward: 271.915 Cost: 19.000
arrive destination: True ,out of road:False   Total T: 613142 Episode Num: 1958 Episode T: 332 Reward: 394.634 Cost: 4.000
arrive destination: True ,out of road:False   Total T: 613545 Episode Num: 1959 Episode T: 403 Reward: 474.509 Cost: 9.000
arrive destination: True ,out of road:False   Total T: 613758 Episode Num: 1960 Episode T: 213 Reward: 229.805 Cost: 6.000
arrive destination: True ,out of road:False   Total T: 614169 Episode Num: 1961 Episode T: 411 Reward: 469.609 Cost: 12.000
arrive destination: True ,out of road:True   Total T: 614595 Episode Num: 1962 Episode T: 426 Reward: 514.326 Cost: 35.000
arrive destination: True ,out of road:False   Total T: 614800 Episode Num: 1963 Episode T: 205 Reward: 229.206 Cost: 0.000
arrive destination: False ,out of road:True   Total T: 614846 Episode Num: 1964 Episode T: 46 Reward: 10.771 Cost: 1.000
arrive destination: False ,out of road:True   Total T: 614890 Episode Num: 1965 Episode T: 44 Reward: 9.669 Cost: 1.000
arrive destination: False ,out of road:True   Total T: 614937 Episode Num: 1966 Episode T: 47 Reward: 12.993 Cost: 1.000
arrive destination: False ,out of road:True   Total T: 615166 Episode Num: 1967 Episode T: 229 Reward: 227.395 Cost: 13.000
arrive destination: True ,out of road:False   Total T: 615393 Episode Num: 1968 Episode T: 227 Reward: 246.780 Cost: 0.000
arrive destination: True ,out of road:False   Total T: 615655 Episode Num: 1969 Episode T: 262 Reward: 268.116 Cost: 9.000
arrive destination: True ,out of road:False   Total T: 615931 Episode Num: 1970 Episode T: 276 Reward: 357.487 Cost: 2.000
arrive destination: True ,out of road:False   Total T: 616181 Episode Num: 1971 Episode T: 250 Reward: 275.095 Cost: 11.000
arrive destination: False ,out of road:True   Total T: 616228 Episode Num: 1972 Episode T: 47 Reward: 12.948 Cost: 1.000
arrive destination: True ,out of road:False   Total T: 616499 Episode Num: 1973 Episode T: 271 Reward: 266.705 Cost: 10.000
arrive destination: True ,out of road:False   Total T: 616805 Episode Num: 1974 Episode T: 306 Reward: 357.372 Cost: 6.000
arrive destination: True ,out of road:False   Total T: 617207 Episode Num: 1975 Episode T: 402 Reward: 469.747 Cost: 10.000
arrive destination: True ,out of road:False   Total T: 617473 Episode Num: 1976 Episode T: 266 Reward: 286.115 Cost: 9.000
arrive destination: False ,out of road:True   Total T: 617625 Episode Num: 1977 Episode T: 152 Reward: 164.137 Cost: 1.000
arrive destination: True ,out of road:False   Total T: 618038 Episode Num: 1978 Episode T: 413 Reward: 492.480 Cost: 24.000
arrive destination: True ,out of road:False   Total T: 618429 Episode Num: 1979 Episode T: 391 Reward: 493.804 Cost: 26.000
arrive destination: False ,out of road:True   Total T: 618750 Episode Num: 1980 Episode T: 321 Reward: 351.435 Cost: 19.000
arrive destination: False ,out of road:True   Total T: 618985 Episode Num: 1981 Episode T: 235 Reward: 224.957 Cost: 1.000
arrive destination: True ,out of road:False   Total T: 619360 Episode Num: 1982 Episode T: 375 Reward: 398.188 Cost: 0.000
arrive destination: True ,out of road:False   Total T: 619730 Episode Num: 1983 Episode T: 370 Reward: 374.621 Cost: 44.000
arrive destination: False ,out of road:True   Total T: 619977 Episode Num: 1984 Episode T: 247 Reward: 278.663 Cost: 25.000
---------------------------------------
Evaluation over 20 episodes: 0.850 Cost 19.800.             SafeRL used : use_td3
---------------------------------------
[34;1m
Time: 2026-06-29 16:28:56, Time spent from previous logger: 133.532 s[0m
[34;1mCustomLogger with fileds: ['total_steps', 'EpRet', 'EpCost', 'CostRate'][0m
[34;1mfieldvalues: [620000, 0.85, 19.8, 0.049064595265476234]
[0m
arrive destination: False ,out of road:True   Total T: 620166 Episode Num: 1985 Episode T: 189 Reward: 127.795 Cost: 12.000
arrive destination: True ,out of road:False   Total T: 620509 Episode Num: 1986 Episode T: 343 Reward: 417.745 Cost: 24.000
arrive destination: False ,out of road:True   Total T: 620739 Episode Num: 1987 Episode T: 230 Reward: 224.867 Cost: 3.000
arrive destination: True ,out of road:False   Total T: 621145 Episode Num: 1988 Episode T: 406 Reward: 473.114 Cost: 11.000
arrive destination: True ,out of road:False   Total T: 621411 Episode Num: 1989 Episode T: 266 Reward: 293.949 Cost: 16.000
arrive destination: True ,out of road:False   Total T: 621636 Episode Num: 1990 Episode T: 225 Reward: 285.288 Cost: 4.000
arrive destination: True ,out of road:False   Total T: 622069 Episode Num: 1991 Episode T: 433 Reward: 487.875 Cost: 19.000
arrive destination: True ,out of road:False   Total T: 622311 Episode Num: 1992 Episode T: 242 Reward: 281.688 Cost: 7.000
arrive destination: True ,out of road:False   Total T: 622526 Episode Num: 1993 Episode T: 215 Reward: 245.650 Cost: 0.000
arrive destination: False ,out of road:True   Total T: 622746 Episode Num: 1994 Episode T: 220 Reward: 225.466 Cost: 12.000
arrive destination: False ,out of road:True   Total T: 622802 Episode Num: 1995 Episode T: 56 Reward: 17.748 Cost: 1.000
arrive destination: True ,out of road:False   Total T: 623028 Episode Num: 1996 Episode T: 226 Reward: 284.839 Cost: 9.000
arrive destination: True ,out of road:False   Total T: 623269 Episode Num: 1997 Episode T: 241 Reward: 276.007 Cost: 0.000
arrive destination: True ,out of road:False   Total T: 623491 Episode Num: 1998 Episode T: 222 Reward: 284.712 Cost: 6.000
arrive destination: True ,out of road:True   Total T: 623789 Episode Num: 1999 Episode T: 298 Reward: 398.651 Cost: 1.000
arrive destination: True ,out of road:False   Total T: 624151 Episode Num: 2000 Episode T: 362 Reward: 412.612 Cost: 12.000
arrive destination: True ,out of road:False   Total T: 624440 Episode Num: 2001 Episode T: 289 Reward: 356.894 Cost: 3.000
arrive destination: True ,out of road:False   Total T: 624663 Episode Num: 2002 Episode T: 223 Reward: 246.113 Cost: 0.000
arrive destination: True ,out of road:False   Total T: 625031 Episode Num: 2003 Episode T: 368 Reward: 399.081 Cost: 25.000
arrive destination: False ,out of road:True   Total T: 625127 Episode Num: 2004 Episode T: 96 Reward: 78.310 Cost: 2.000
arrive destination: True ,out of road:False   Total T: 625430 Episode Num: 2005 Episode T: 303 Reward: 412.831 Cost: 15.000
arrive destination: True ,out of road:False   Total T: 625637 Episode Num: 2006 Episode T: 207 Reward: 229.528 Cost: 6.000
arrive destination: True ,out of road:False   Total T: 626013 Episode Num: 2007 Episode T: 376 Reward: 397.310 Cost: 0.000
arrive destination: True ,out of road:True   Total T: 626379 Episode Num: 2008 Episode T: 366 Reward: 483.298 Cost: 39.000
arrive destination: True ,out of road:False   Total T: 626608 Episode Num: 2009 Episode T: 229 Reward: 285.669 Cost: 6.000
arrive destination: True ,out of road:False   Total T: 626927 Episode Num: 2010 Episode T: 319 Reward: 387.370 Cost: 20.000
arrive destination: True ,out of road:False   Total T: 627326 Episode Num: 2011 Episode T: 399 Reward: 493.941 Cost: 19.000
arrive destination: True ,out of road:False   Total T: 627585 Episode Num: 2012 Episode T: 259 Reward: 285.145 Cost: 19.000
arrive destination: True ,out of road:False   Total T: 627806 Episode Num: 2013 Episode T: 221 Reward: 284.305 Cost: 1.000
arrive destination: True ,out of road:False   Total T: 628089 Episode Num: 2014 Episode T: 283 Reward: 360.262 Cost: 6.000
arrive destination: True ,out of road:False   Total T: 628412 Episode Num: 2015 Episode T: 323 Reward: 373.694 Cost: 14.000
arrive destination: True ,out of road:False   Total T: 628658 Episode Num: 2016 Episode T: 246 Reward: 276.811 Cost: 0.000
arrive destination: True ,out of road:False   Total T: 628924 Episode Num: 2017 Episode T: 266 Reward: 355.326 Cost: 8.000
arrive destination: True ,out of road:False   Total T: 629139 Episode Num: 2018 Episode T: 215 Reward: 269.759 Cost: 4.000
arrive destination: True ,out of road:False   Total T: 629570 Episode Num: 2019 Episode T: 431 Reward: 469.323 Cost: 13.000
arrive destination: True ,out of road:False   Total T: 629967 Episode Num: 2020 Episode T: 397 Reward: 415.939 Cost: 26.000
---------------------------------------
Evaluation over 20 episodes: 0.800 Cost 11.250.             SafeRL used : use_td3
---------------------------------------
[34;1m
Time: 2026-06-29 16:31:06, Time spent from previous logger: 129.960 s[0m
[34;1mCustomLogger with fileds: ['total_steps', 'EpRet', 'EpCost', 'CostRate'][0m
[34;1mfieldvalues: [630000, 0.8, 11.25, 0.04886198232060686]
[0m
arrive destination: True ,out of road:False   Total T: 630306 Episode Num: 2021 Episode T: 339 Reward: 366.553 Cost: 10.000
arrive destination: True ,out of road:False   Total T: 630603 Episode Num: 2022 Episode T: 297 Reward: 335.301 Cost: 1.000
arrive destination: True ,out of road:False   Total T: 630961 Episode Num: 2023 Episode T: 358 Reward: 416.833 Cost: 46.000
arrive destination: True ,out of road:False   Total T: 631176 Episode Num: 2024 Episode T: 215 Reward: 247.605 Cost: 0.000
arrive destination: True ,out of road:False   Total T: 631398 Episode Num: 2025 Episode T: 222 Reward: 231.799 Cost: 2.000
arrive destination: True ,out of road:False   Total T: 631634 Episode Num: 2026 Episode T: 236 Reward: 272.827 Cost: 2.000
arrive destination: True ,out of road:False   Total T: 632010 Episode Num: 2027 Episode T: 376 Reward: 400.149 Cost: 0.000
arrive destination: False ,out of road:True   Total T: 632201 Episode Num: 2028 Episode T: 191 Reward: 197.970 Cost: 5.000
arrive destination: False ,out of road:True   Total T: 632483 Episode Num: 2029 Episode T: 282 Reward: 403.289 Cost: 14.000
arrive destination: True ,out of road:False   Total T: 632731 Episode Num: 2030 Episode T: 248 Reward: 283.897 Cost: 22.000
arrive destination: True ,out of road:False   Total T: 633042 Episode Num: 2031 Episode T: 311 Reward: 294.204 Cost: 11.000
arrive destination: True ,out of road:False   Total T: 633361 Episode Num: 2032 Episode T: 319 Reward: 371.697 Cost: 12.000
arrive destination: True ,out of road:False   Total T: 633717 Episode Num: 2033 Episode T: 356 Reward: 416.381 Cost: 34.000
arrive destination: True ,out of road:False   Total T: 633947 Episode Num: 2034 Episode T: 230 Reward: 273.188 Cost: 0.000
arrive destination: True ,out of road:False   Total T: 634381 Episode Num: 2035 Episode T: 434 Reward: 500.010 Cost: 26.000
arrive destination: True ,out of road:False   Total T: 634594 Episode Num: 2036 Episode T: 213 Reward: 270.177 Cost: 4.000
arrive destination: True ,out of road:False   Total T: 634834 Episode Num: 2037 Episode T: 240 Reward: 295.563 Cost: 20.000
arrive destination: True ,out of road:False   Total T: 635265 Episode Num: 2038 Episode T: 431 Reward: 465.239 Cost: 23.000
arrive destination: True ,out of road:False   Total T: 635503 Episode Num: 2039 Episode T: 238 Reward: 274.632 Cost: 0.000
arrive destination: True ,out of road:False   Total T: 635747 Episode Num: 2040 Episode T: 244 Reward: 282.126 Cost: 8.000
arrive destination: True ,out of road:False   Total T: 636156 Episode Num: 2041 Episode T: 409 Reward: 470.957 Cost: 3.000
arrive destination: True ,out of road:False   Total T: 636398 Episode Num: 2042 Episode T: 242 Reward: 273.381 Cost: 0.000
arrive destination: True ,out of road:False   Total T: 636761 Episode Num: 2043 Episode T: 363 Reward: 415.867 Cost: 52.000
arrive destination: True ,out of road:False   Total T: 636990 Episode Num: 2044 Episode T: 229 Reward: 246.959 Cost: 0.000
arrive destination: True ,out of road:False   Total T: 637382 Episode Num: 2045 Episode T: 392 Reward: 491.025 Cost: 22.000
arrive destination: False ,out of road:True   Total T: 637443 Episode Num: 2046 Episode T: 61 Reward: 26.626 Cost: 1.000
arrive destination: False ,out of road:True   Total T: 637852 Episode Num: 2047 Episode T: 409 Reward: 378.306 Cost: 13.000
arrive destination: True ,out of road:False   Total T: 638223 Episode Num: 2048 Episode T: 371 Reward: 514.975 Cost: 16.000
arrive destination: True ,out of road:False   Total T: 638552 Episode Num: 2049 Episode T: 329 Reward: 413.504 Cost: 19.000
arrive destination: True ,out of road:False   Total T: 639252 Episode Num: 2050 Episode T: 700 Reward: 294.142 Cost: 26.000
arrive destination: True ,out of road:False   Total T: 639489 Episode Num: 2051 Episode T: 237 Reward: 304.821 Cost: 10.000
arrive destination: True ,out of road:True   Total T: 639849 Episode Num: 2052 Episode T: 360 Reward: 466.823 Cost: 37.000
arrive destination: False ,out of road:True   Total T: 639911 Episode Num: 2053 Episode T: 62 Reward: 25.775 Cost: 1.000
---------------------------------------
Evaluation over 20 episodes: 0.850 Cost 13.350.             SafeRL used : use_td3
---------------------------------------
[34;1m
Time: 2026-06-29 16:33:14, Time spent from previous logger: 128.157 s[0m
[34;1mCustomLogger with fileds: ['total_steps', 'EpRet', 'EpCost', 'CostRate'][0m
[34;1mfieldvalues: [640000, 0.85, 13.35, 0.04878601372814645]
[0m
arrive destination: True ,out of road:False   Total T: 640216 Episode Num: 2054 Episode T: 305 Reward: 342.028 Cost: 3.000
arrive destination: True ,out of road:False   Total T: 640450 Episode Num: 2055 Episode T: 234 Reward: 272.429 Cost: 0.000
arrive destination: True ,out of road:False   Total T: 640771 Episode Num: 2056 Episode T: 321 Reward: 336.120 Cost: 20.000
arrive destination: False ,out of road:True   Total T: 640877 Episode Num: 2057 Episode T: 106 Reward: 84.531 Cost: 2.000
arrive destination: True ,out of road:False   Total T: 641115 Episode Num: 2058 Episode T: 238 Reward: 295.511 Cost: 19.000
arrive destination: False ,out of road:True   Total T: 641178 Episode Num: 2059 Episode T: 63 Reward: 33.228 Cost: 1.000
arrive destination: True ,out of road:False   Total T: 641675 Episode Num: 2060 Episode T: 497 Reward: 493.716 Cost: 36.000
arrive destination: False ,out of road:True   Total T: 641821 Episode Num: 2061 Episode T: 146 Reward: 127.834 Cost: 7.000
arrive destination: True ,out of road:False   Total T: 642135 Episode Num: 2062 Episode T: 314 Reward: 335.380 Cost: 9.000
arrive destination: True ,out of road:False   Total T: 642482 Episode Num: 2063 Episode T: 347 Reward: 335.603 Cost: 18.000
arrive destination: True ,out of road:False   Total T: 642685 Episode Num: 2064 Episode T: 203 Reward: 230.245 Cost: 4.000
arrive destination: True ,out of road:False   Total T: 643002 Episode Num: 2065 Episode T: 317 Reward: 372.535 Cost: 10.000
arrive destination: True ,out of road:False   Total T: 643237 Episode Num: 2066 Episode T: 235 Reward: 273.533 Cost: 0.000
arrive destination: True ,out of road:False   Total T: 643597 Episode Num: 2067 Episode T: 360 Reward: 400.098 Cost: 18.000
arrive destination: True ,out of road:False   Total T: 643897 Episode Num: 2068 Episode T: 300 Reward: 335.596 Cost: 23.000
arrive destination: True ,out of road:False   Total T: 644127 Episode Num: 2069 Episode T: 230 Reward: 284.848 Cost: 4.000
arrive destination: True ,out of road:False   Total T: 644501 Episode Num: 2070 Episode T: 374 Reward: 397.680 Cost: 0.000
arrive destination: True ,out of road:False   Total T: 644762 Episode Num: 2071 Episode T: 261 Reward: 296.553 Cost: 21.000
arrive destination: True ,out of road:False   Total T: 644975 Episode Num: 2072 Episode T: 213 Reward: 270.024 Cost: 1.000
arrive destination: True ,out of road:False   Total T: 645352 Episode Num: 2073 Episode T: 377 Reward: 400.517 Cost: 0.000
arrive destination: True ,out of road:False   Total T: 645620 Episode Num: 2074 Episode T: 268 Reward: 294.291 Cost: 19.000
arrive destination: False ,out of road:True   Total T: 645725 Episode Num: 2075 Episode T: 105 Reward: 88.980 Cost: 1.000
arrive destination: True ,out of road:False   Total T: 646161 Episode Num: 2076 Episode T: 436 Reward: 468.249 Cost: 27.000
arrive destination: True ,out of road:False   Total T: 646624 Episode Num: 2077 Episode T: 463 Reward: 472.513 Cost: 26.000
arrive destination: True ,out of road:False   Total T: 646987 Episode Num: 2078 Episode T: 363 Reward: 416.219 Cost: 27.000
arrive destination: True ,out of road:False   Total T: 647289 Episode Num: 2079 Episode T: 302 Reward: 355.618 Cost: 8.000
arrive destination: True ,out of road:False   Total T: 647670 Episode Num: 2080 Episode T: 381 Reward: 513.117 Cost: 17.000
arrive destination: False ,out of road:True   Total T: 648002 Episode Num: 2081 Episode T: 332 Reward: 373.593 Cost: 17.000
arrive destination: True ,out of road:False   Total T: 648239 Episode Num: 2082 Episode T: 237 Reward: 269.634 Cost: 3.000
arrive destination: False ,out of road:True   Total T: 648566 Episode Num: 2083 Episode T: 327 Reward: 373.987 Cost: 8.000
arrive destination: True ,out of road:False   Total T: 648803 Episode Num: 2084 Episode T: 237 Reward: 272.728 Cost: 0.000
arrive destination: True ,out of road:False   Total T: 649045 Episode Num: 2085 Episode T: 242 Reward: 274.671 Cost: 3.000
arrive destination: True ,out of road:False   Total T: 649296 Episode Num: 2086 Episode T: 251 Reward: 274.137 Cost: 0.000
arrive destination: True ,out of road:False   Total T: 649695 Episode Num: 2087 Episode T: 399 Reward: 473.748 Cost: 4.000
---------------------------------------
Evaluation over 20 episodes: 1.000 Cost 17.400.             SafeRL used : use_td3
---------------------------------------
[34;1m
Time: 2026-06-29 16:35:25, Time spent from previous logger: 130.712 s[0m
[34;1mCustomLogger with fileds: ['total_steps', 'EpRet', 'EpCost', 'CostRate'][0m
[34;1mfieldvalues: [650000, 1.0, 17.4, 0.048641613294789686]
[0m
arrive destination: False ,out of road:True   Total T: 650103 Episode Num: 2088 Episode T: 408 Reward: 346.298 Cost: 40.000
arrive destination: True ,out of road:True   Total T: 650372 Episode Num: 2089 Episode T: 269 Reward: 325.755 Cost: 15.000
arrive destination: True ,out of road:False   Total T: 650760 Episode Num: 2090 Episode T: 388 Reward: 512.672 Cost: 23.000
arrive destination: True ,out of road:False   Total T: 651168 Episode Num: 2091 Episode T: 408 Reward: 493.051 Cost: 23.000
arrive destination: True ,out of road:False   Total T: 651556 Episode Num: 2092 Episode T: 388 Reward: 402.304 Cost: 0.000
arrive destination: True ,out of road:False   Total T: 651870 Episode Num: 2093 Episode T: 314 Reward: 401.466 Cost: 0.000
arrive destination: True ,out of road:False   Total T: 652272 Episode Num: 2094 Episode T: 402 Reward: 400.385 Cost: 13.000
arrive destination: True ,out of road:False   Total T: 652547 Episode Num: 2095 Episode T: 275 Reward: 364.297 Cost: 7.000
arrive destination: True ,out of road:False   Total T: 652793 Episode Num: 2096 Episode T: 246 Reward: 325.532 Cost: 24.000
arrive destination: True ,out of road:False   Total T: 653041 Episode Num: 2097 Episode T: 248 Reward: 335.108 Cost: 20.000
arrive destination: True ,out of road:False   Total T: 653353 Episode Num: 2098 Episode T: 312 Reward: 369.143 Cost: 11.000
arrive destination: True ,out of road:False   Total T: 653718 Episode Num: 2099 Episode T: 365 Reward: 409.802 Cost: 18.000
arrive destination: True ,out of road:False   Total T: 654094 Episode Num: 2100 Episode T: 376 Reward: 416.283 Cost: 12.000
arrive destination: True ,out of road:False   Total T: 654321 Episode Num: 2101 Episode T: 227 Reward: 273.138 Cost: 0.000
arrive destination: True ,out of road:False   Total T: 654546 Episode Num: 2102 Episode T: 225 Reward: 231.464 Cost: 10.000
arrive destination: True ,out of road:False   Total T: 654892 Episode Num: 2103 Episode T: 346 Reward: 335.546 Cost: 7.000
arrive destination: False ,out of road:True   Total T: 654947 Episode Num: 2104 Episode T: 55 Reward: 19.614 Cost: 1.000
arrive destination: True ,out of road:False   Total T: 655254 Episode Num: 2105 Episode T: 307 Reward: 412.549 Cost: 7.000
arrive destination: True ,out of road:False   Total T: 655484 Episode Num: 2106 Episode T: 230 Reward: 295.901 Cost: 10.000
arrive destination: False ,out of road:True   Total T: 655743 Episode Num: 2107 Episode T: 259 Reward: 323.298 Cost: 1.000
arrive destination: True ,out of road:True   Total T: 656067 Episode Num: 2108 Episode T: 324 Reward: 420.823 Cost: 17.000
arrive destination: True ,out of road:False   Total T: 656289 Episode Num: 2109 Episode T: 222 Reward: 230.185 Cost: 0.000
arrive destination: True ,out of road:False   Total T: 656563 Episode Num: 2110 Episode T: 274 Reward: 336.139 Cost: 0.000
arrive destination: True ,out of road:False   Total T: 656944 Episode Num: 2111 Episode T: 381 Reward: 401.460 Cost: 0.000
arrive destination: True ,out of road:False   Total T: 657187 Episode Num: 2112 Episode T: 243 Reward: 285.266 Cost: 8.000
arrive destination: False ,out of road:True   Total T: 657512 Episode Num: 2113 Episode T: 325 Reward: 365.315 Cost: 22.000
arrive destination: True ,out of road:False   Total T: 657885 Episode Num: 2114 Episode T: 373 Reward: 398.694 Cost: 0.000
arrive destination: True ,out of road:False   Total T: 658091 Episode Num: 2115 Episode T: 206 Reward: 230.185 Cost: 11.000
arrive destination: True ,out of road:False   Total T: 658407 Episode Num: 2116 Episode T: 316 Reward: 368.887 Cost: 19.000
arrive destination: True ,out of road:False   Total T: 658855 Episode Num: 2117 Episode T: 448 Reward: 490.985 Cost: 46.000
arrive destination: True ,out of road:False   Total T: 659217 Episode Num: 2118 Episode T: 362 Reward: 411.494 Cost: 30.000
arrive destination: True ,out of road:False   Total T: 659593 Episode Num: 2119 Episode T: 376 Reward: 493.720 Cost: 11.000
arrive destination: True ,out of road:False   Total T: 659901 Episode Num: 2120 Episode T: 308 Reward: 370.058 Cost: 4.000
---------------------------------------
Evaluation over 20 episodes: 0.800 Cost 12.950.             SafeRL used : use_td3
---------------------------------------
[34;1m
Time: 2026-06-29 16:37:34, Time spent from previous logger: 129.398 s[0m
[34;1mCustomLogger with fileds: ['total_steps', 'EpRet', 'EpCost', 'CostRate'][0m
[34;1mfieldvalues: [660000, 0.8, 12.95, 0.0484682552549322]
[0m
arrive destination: True ,out of road:False   Total T: 660260 Episode Num: 2121 Episode T: 359 Reward: 351.388 Cost: 11.000
arrive destination: True ,out of road:True   Total T: 660588 Episode Num: 2122 Episode T: 328 Reward: 439.791 Cost: 22.000
arrive destination: False ,out of road:True   Total T: 660639 Episode Num: 2123 Episode T: 51 Reward: 18.579 Cost: 1.000
arrive destination: True ,out of road:False   Total T: 660841 Episode Num: 2124 Episode T: 202 Reward: 229.626 Cost: 7.000
arrive destination: True ,out of road:False   Total T: 661192 Episode Num: 2125 Episode T: 351 Reward: 416.697 Cost: 35.000
arrive destination: True ,out of road:False   Total T: 661627 Episode Num: 2126 Episode T: 435 Reward: 335.550 Cost: 44.000
arrive destination: True ,out of road:False   Total T: 661901 Episode Num: 2127 Episode T: 274 Reward: 363.631 Cost: 9.000
arrive destination: True ,out of road:False   Total T: 662275 Episode Num: 2128 Episode T: 374 Reward: 510.301 Cost: 15.000
arrive destination: True ,out of road:False   Total T: 662542 Episode Num: 2129 Episode T: 267 Reward: 294.117 Cost: 16.000
arrive destination: True ,out of road:False   Total T: 662795 Episode Num: 2130 Episode T: 253 Reward: 294.296 Cost: 18.000
arrive destination: True ,out of road:False   Total T: 663095 Episode Num: 2131 Episode T: 300 Reward: 398.732 Cost: 12.000
arrive destination: True ,out of road:False   Total T: 663434 Episode Num: 2132 Episode T: 339 Reward: 400.701 Cost: 15.000
arrive destination: True ,out of road:False   Total T: 663650 Episode Num: 2133 Episode T: 216 Reward: 244.574 Cost: 0.000
arrive destination: False ,out of road:True   Total T: 663979 Episode Num: 2134 Episode T: 329 Reward: 338.701 Cost: 1.000
arrive destination: False ,out of road:True   Total T: 664038 Episode Num: 2135 Episode T: 59 Reward: 25.918 Cost: 1.000
arrive destination: True ,out of road:False   Total T: 664376 Episode Num: 2136 Episode T: 338 Reward: 336.148 Cost: 34.000
arrive destination: True ,out of road:False   Total T: 664686 Episode Num: 2137 Episode T: 310 Reward: 399.261 Cost: 7.000
arrive destination: True ,out of road:False   Total T: 664914 Episode Num: 2138 Episode T: 228 Reward: 247.442 Cost: 0.000
arrive destination: True ,out of road:False   Total T: 665260 Episode Num: 2139 Episode T: 346 Reward: 414.971 Cost: 46.000
arrive destination: True ,out of road:False   Total T: 665562 Episode Num: 2140 Episode T: 302 Reward: 353.805 Cost: 1.000
arrive destination: True ,out of road:False   Total T: 665804 Episode Num: 2141 Episode T: 242 Reward: 295.722 Cost: 18.000
arrive destination: True ,out of road:False   Total T: 666055 Episode Num: 2142 Episode T: 251 Reward: 284.256 Cost: 19.000
arrive destination: True ,out of road:False   Total T: 666414 Episode Num: 2143 Episode T: 359 Reward: 508.746 Cost: 8.000
arrive destination: True ,out of road:False   Total T: 666656 Episode Num: 2144 Episode T: 242 Reward: 273.416 Cost: 0.000
arrive destination: True ,out of road:False   Total T: 666883 Episode Num: 2145 Episode T: 227 Reward: 229.740 Cost: 4.000
arrive destination: True ,out of road:False   Total T: 667277 Episode Num: 2146 Episode T: 394 Reward: 510.416 Cost: 12.000
arrive destination: True ,out of road:True   Total T: 667552 Episode Num: 2147 Episode T: 275 Reward: 425.790 Cost: 16.000
arrive destination: False ,out of road:True   Total T: 667966 Episode Num: 2148 Episode T: 414 Reward: 449.988 Cost: 21.000
arrive destination: True ,out of road:False   Total T: 668234 Episode Num: 2149 Episode T: 268 Reward: 268.764 Cost: 12.000
arrive destination: True ,out of road:False   Total T: 668647 Episode Num: 2150 Episode T: 413 Reward: 493.065 Cost: 12.000
arrive destination: True ,out of road:False   Total T: 669023 Episode Num: 2151 Episode T: 376 Reward: 336.195 Cost: 46.000
arrive destination: True ,out of road:False   Total T: 669242 Episode Num: 2152 Episode T: 219 Reward: 246.656 Cost: 0.000
arrive destination: True ,out of road:False   Total T: 669738 Episode Num: 2153 Episode T: 496 Reward: 490.166 Cost: 61.000
arrive destination: True ,out of road:False   Total T: 669964 Episode Num: 2154 Episode T: 226 Reward: 285.205 Cost: 8.000
---------------------------------------
Evaluation over 20 episodes: 0.850 Cost 11.450.             SafeRL used : use_td3
---------------------------------------
[34;1m
Time: 2026-06-29 16:39:46, Time spent from previous logger: 131.315 s[0m
[34;1mCustomLogger with fileds: ['total_steps', 'EpRet', 'EpCost', 'CostRate'][0m
[34;1mfieldvalues: [670000, 0.85, 11.45, 0.04853887841623644]
[0m
arrive destination: True ,out of road:False   Total T: 670377 Episode Num: 2155 Episode T: 413 Reward: 406.889 Cost: 0.000
arrive destination: True ,out of road:False   Total T: 670588 Episode Num: 2156 Episode T: 211 Reward: 269.135 Cost: 2.000
arrive destination: True ,out of road:False   Total T: 670806 Episode Num: 2157 Episode T: 218 Reward: 245.633 Cost: 0.000
arrive destination: True ,out of road:False   Total T: 671083 Episode Num: 2158 Episode T: 277 Reward: 285.326 Cost: 8.000
arrive destination: True ,out of road:False   Total T: 671320 Episode Num: 2159 Episode T: 237 Reward: 272.935 Cost: 2.000
arrive destination: True ,out of road:False   Total T: 671547 Episode Num: 2160 Episode T: 227 Reward: 283.363 Cost: 9.000
arrive destination: True ,out of road:False   Total T: 672070 Episode Num: 2161 Episode T: 523 Reward: 497.964 Cost: 59.000
arrive destination: True ,out of road:False   Total T: 672448 Episode Num: 2162 Episode T: 378 Reward: 396.062 Cost: 0.000
arrive destination: True ,out of road:False   Total T: 672841 Episode Num: 2163 Episode T: 393 Reward: 465.770 Cost: 9.000
arrive destination: True ,out of road:False   Total T: 673080 Episode Num: 2164 Episode T: 239 Reward: 295.906 Cost: 18.000
arrive destination: True ,out of road:False   Total T: 673299 Episode Num: 2165 Episode T: 219 Reward: 241.565 Cost: 0.000
arrive destination: True ,out of road:False   Total T: 673541 Episode Num: 2166 Episode T: 242 Reward: 276.709 Cost: 0.000
arrive destination: True ,out of road:False   Total T: 673888 Episode Num: 2167 Episode T: 347 Reward: 409.568 Cost: 13.000
arrive destination: True ,out of road:False   Total T: 674282 Episode Num: 2168 Episode T: 394 Reward: 380.248 Cost: 42.000
arrive destination: True ,out of road:False   Total T: 674498 Episode Num: 2169 Episode T: 216 Reward: 270.024 Cost: 6.000
arrive destination: True ,out of road:False   Total T: 674712 Episode Num: 2170 Episode T: 214 Reward: 231.271 Cost: 2.000
arrive destination: True ,out of road:False   Total T: 675124 Episode Num: 2171 Episode T: 412 Reward: 493.392 Cost: 16.000
arrive destination: False ,out of road:True   Total T: 675180 Episode Num: 2172 Episode T: 56 Reward: 23.104 Cost: 1.000
arrive destination: True ,out of road:False   Total T: 675429 Episode Num: 2173 Episode T: 249 Reward: 270.516 Cost: 7.000
arrive destination: True ,out of road:False   Total T: 675753 Episode Num: 2174 Episode T: 324 Reward: 376.153 Cost: 21.000
arrive destination: True ,out of road:False   Total T: 676193 Episode Num: 2175 Episode T: 440 Reward: 466.924 Cost: 21.000
arrive destination: True ,out of road:False   Total T: 676603 Episode Num: 2176 Episode T: 410 Reward: 509.929 Cost: 20.000
arrive destination: True ,out of road:False   Total T: 676965 Episode Num: 2177 Episode T: 362 Reward: 377.877 Cost: 18.000
arrive destination: True ,out of road:False   Total T: 677281 Episode Num: 2178 Episode T: 316 Reward: 368.653 Cost: 12.000
arrive destination: True ,out of road:False   Total T: 677652 Episode Num: 2179 Episode T: 371 Reward: 417.630 Cost: 26.000
arrive destination: True ,out of road:False   Total T: 677893 Episode Num: 2180 Episode T: 241 Reward: 274.132 Cost: 1.000
arrive destination: False ,out of road:True   Total T: 677990 Episode Num: 2181 Episode T: 97 Reward: 79.508 Cost: 2.000
arrive destination: True ,out of road:False   Total T: 678228 Episode Num: 2182 Episode T: 238 Reward: 294.968 Cost: 5.000
arrive destination: True ,out of road:False   Total T: 678443 Episode Num: 2183 Episode T: 215 Reward: 230.541 Cost: 2.000
arrive destination: True ,out of road:False   Total T: 678734 Episode Num: 2184 Episode T: 291 Reward: 294.444 Cost: 27.000
arrive destination: True ,out of road:False   Total T: 679051 Episode Num: 2185 Episode T: 317 Reward: 400.118 Cost: 10.000
arrive destination: True ,out of road:False   Total T: 679415 Episode Num: 2186 Episode T: 364 Reward: 515.132 Cost: 13.000
arrive destination: True ,out of road:False   Total T: 679793 Episode Num: 2187 Episode T: 378 Reward: 402.522 Cost: 0.000
---------------------------------------
Evaluation over 20 episodes: 1.000 Cost 14.600.             SafeRL used : use_td3
---------------------------------------
[34;1m
Time: 2026-06-29 16:41:53, Time spent from previous logger: 127.152 s[0m
[34;1mCustomLogger with fileds: ['total_steps', 'EpRet', 'EpCost', 'CostRate'][0m
[34;1mfieldvalues: [680000, 1.0, 14.6, 0.048372129959014645]
[0m
arrive destination: True ,out of road:False   Total T: 680383 Episode Num: 2188 Episode T: 590 Reward: 613.937 Cost: 0.000
arrive destination: True ,out of road:False   Total T: 680698 Episode Num: 2189 Episode T: 315 Reward: 371.386 Cost: 10.000
arrive destination: True ,out of road:False   Total T: 680997 Episode Num: 2190 Episode T: 299 Reward: 335.406 Cost: 9.000
arrive destination: True ,out of road:False   Total T: 681221 Episode Num: 2191 Episode T: 224 Reward: 248.313 Cost: 0.000
arrive destination: True ,out of road:False   Total T: 681482 Episode Num: 2192 Episode T: 261 Reward: 265.894 Cost: 13.000
arrive destination: True ,out of road:False   Total T: 681707 Episode Num: 2193 Episode T: 225 Reward: 245.634 Cost: 0.000
arrive destination: True ,out of road:False   Total T: 681921 Episode Num: 2194 Episode T: 214 Reward: 269.463 Cost: 4.000
arrive destination: True ,out of road:False   Total T: 682211 Episode Num: 2195 Episode T: 290 Reward: 355.577 Cost: 2.000
arrive destination: True ,out of road:False   Total T: 682556 Episode Num: 2196 Episode T: 345 Reward: 508.501 Cost: 6.000
arrive destination: True ,out of road:False   Total T: 682926 Episode Num: 2197 Episode T: 370 Reward: 512.571 Cost: 23.000
arrive destination: False ,out of road:True   Total T: 683025 Episode Num: 2198 Episode T: 99 Reward: 84.877 Cost: 1.000
arrive destination: True ,out of road:False   Total T: 683426 Episode Num: 2199 Episode T: 401 Reward: 507.949 Cost: 28.000
arrive destination: True ,out of road:False   Total T: 683691 Episode Num: 2200 Episode T: 265 Reward: 285.543 Cost: 12.000
arrive destination: False ,out of road:True   Total T: 683913 Episode Num: 2201 Episode T: 222 Reward: 231.324 Cost: 6.000
arrive destination: True ,out of road:False   Total T: 684240 Episode Num: 2202 Episode T: 327 Reward: 399.056 Cost: 13.000
arrive destination: True ,out of road:False   Total T: 684604 Episode Num: 2203 Episode T: 364 Reward: 294.516 Cost: 45.000
arrive destination: True ,out of road:False   Total T: 685017 Episode Num: 2204 Episode T: 413 Reward: 413.486 Cost: 25.000
arrive destination: True ,out of road:False   Total T: 685240 Episode Num: 2205 Episode T: 223 Reward: 248.313 Cost: 0.000
arrive destination: True ,out of road:False   Total T: 685463 Episode Num: 2206 Episode T: 223 Reward: 305.976 Cost: 5.000
arrive destination: True ,out of road:False   Total T: 685876 Episode Num: 2207 Episode T: 413 Reward: 410.016 Cost: 46.000
arrive destination: False ,out of road:True   Total T: 686169 Episode Num: 2208 Episode T: 293 Reward: 353.730 Cost: 16.000
arrive destination: True ,out of road:False   Total T: 686466 Episode Num: 2209 Episode T: 297 Reward: 398.646 Cost: 4.000
arrive destination: False ,out of road:True   Total T: 686508 Episode Num: 2210 Episode T: 42 Reward: 9.763 Cost: 1.000
arrive destination: False ,out of road:True   Total T: 686799 Episode Num: 2211 Episode T: 291 Reward: 376.845 Cost: 12.000
arrive destination: True ,out of road:False   Total T: 687119 Episode Num: 2212 Episode T: 320 Reward: 390.290 Cost: 13.000
arrive destination: True ,out of road:False   Total T: 687403 Episode Num: 2213 Episode T: 284 Reward: 354.372 Cost: 5.000
arrive destination: True ,out of road:False   Total T: 687783 Episode Num: 2214 Episode T: 380 Reward: 400.875 Cost: 0.000
arrive destination: True ,out of road:False   Total T: 688234 Episode Num: 2215 Episode T: 451 Reward: 414.360 Cost: 34.000
arrive destination: True ,out of road:False   Total T: 688529 Episode Num: 2216 Episode T: 295 Reward: 294.384 Cost: 14.000
arrive destination: True ,out of road:False   Total T: 688747 Episode Num: 2217 Episode T: 218 Reward: 269.023 Cost: 0.000
arrive destination: True ,out of road:False   Total T: 689119 Episode Num: 2218 Episode T: 372 Reward: 494.177 Cost: 23.000
arrive destination: True ,out of road:False   Total T: 689500 Episode Num: 2219 Episode T: 381 Reward: 398.950 Cost: 0.000
arrive destination: True ,out of road:False   Total T: 689755 Episode Num: 2220 Episode T: 255 Reward: 269.136 Cost: 19.000
---------------------------------------
Evaluation over 20 episodes: 0.850 Cost 11.450.             SafeRL used : use_td3
---------------------------------------
[34;1m
Time: 2026-06-29 16:43:58, Time spent from previous logger: 125.637 s[0m
[34;1mCustomLogger with fileds: ['total_steps', 'EpRet', 'EpCost', 'CostRate'][0m
[34;1mfieldvalues: [690000, 0.85, 11.45, 0.04824644673398078]
[0m
arrive destination: True ,out of road:False   Total T: 690246 Episode Num: 2221 Episode T: 491 Reward: 564.526 Cost: 17.000
arrive destination: True ,out of road:False   Total T: 690484 Episode Num: 2222 Episode T: 238 Reward: 284.441 Cost: 4.000
arrive destination: True ,out of road:True   Total T: 690837 Episode Num: 2223 Episode T: 353 Reward: 496.904 Cost: 54.000
arrive destination: True ,out of road:False   Total T: 691075 Episode Num: 2224 Episode T: 238 Reward: 274.477 Cost: 0.000
arrive destination: True ,out of road:False   Total T: 691320 Episode Num: 2225 Episode T: 245 Reward: 274.336 Cost: 11.000
arrive destination: False ,out of road:True   Total T: 691420 Episode Num: 2226 Episode T: 100 Reward: 80.044 Cost: 2.000
arrive destination: False ,out of road:True   Total T: 691746 Episode Num: 2227 Episode T: 326 Reward: 446.995 Cost: 27.000
arrive destination: True ,out of road:False   Total T: 692110 Episode Num: 2228 Episode T: 364 Reward: 408.509 Cost: 38.000
arrive destination: True ,out of road:False   Total T: 692436 Episode Num: 2229 Episode T: 326 Reward: 400.467 Cost: 15.000
arrive destination: True ,out of road:False   Total T: 692806 Episode Num: 2230 Episode T: 370 Reward: 510.256 Cost: 21.000
arrive destination: True ,out of road:False   Total T: 693047 Episode Num: 2231 Episode T: 241 Reward: 283.305 Cost: 10.000
arrive destination: False ,out of road:True   Total T: 693112 Episode Num: 2232 Episode T: 65 Reward: 35.555 Cost: 1.000
arrive destination: True ,out of road:False   Total T: 693441 Episode Num: 2233 Episode T: 329 Reward: 398.549 Cost: 8.000
arrive destination: True ,out of road:False   Total T: 693782 Episode Num: 2234 Episode T: 341 Reward: 375.585 Cost: 30.000
arrive destination: True ,out of road:False   Total T: 694023 Episode Num: 2235 Episode T: 241 Reward: 295.719 Cost: 15.000
arrive destination: True ,out of road:False   Total T: 694330 Episode Num: 2236 Episode T: 307 Reward: 441.602 Cost: 26.000
arrive destination: True ,out of road:False   Total T: 694639 Episode Num: 2237 Episode T: 309 Reward: 399.329 Cost: 1.000
arrive destination: False ,out of road:True   Total T: 694840 Episode Num: 2238 Episode T: 201 Reward: 261.220 Cost: 1.000
arrive destination: True ,out of road:False   Total T: 695254 Episode Num: 2239 Episode T: 414 Reward: 416.613 Cost: 47.000
arrive destination: True ,out of road:False   Total T: 695465 Episode Num: 2240 Episode T: 211 Reward: 278.813 Cost: 6.000
arrive destination: True ,out of road:False   Total T: 695729 Episode Num: 2241 Episode T: 264 Reward: 294.069 Cost: 26.000
arrive destination: True ,out of road:False   Total T: 696102 Episode Num: 2242 Episode T: 373 Reward: 403.559 Cost: 0.000
arrive destination: True ,out of road:False   Total T: 696482 Episode Num: 2243 Episode T: 380 Reward: 402.303 Cost: 0.000
arrive destination: True ,out of road:False   Total T: 696747 Episode Num: 2244 Episode T: 265 Reward: 294.424 Cost: 14.000
arrive destination: True ,out of road:False   Total T: 697026 Episode Num: 2245 Episode T: 279 Reward: 352.716 Cost: 1.000
arrive destination: True ,out of road:False   Total T: 697307 Episode Num: 2246 Episode T: 281 Reward: 352.463 Cost: 12.000
arrive destination: True ,out of road:False   Total T: 697562 Episode Num: 2247 Episode T: 255 Reward: 308.275 Cost: 34.000
arrive destination: True ,out of road:False   Total T: 697935 Episode Num: 2248 Episode T: 373 Reward: 399.932 Cost: 0.000
arrive destination: True ,out of road:False   Total T: 698225 Episode Num: 2249 Episode T: 290 Reward: 336.201 Cost: 21.000
arrive destination: True ,out of road:False   Total T: 698508 Episode Num: 2250 Episode T: 283 Reward: 267.217 Cost: 17.000
arrive destination: True ,out of road:False   Total T: 698754 Episode Num: 2251 Episode T: 246 Reward: 286.521 Cost: 7.000
arrive destination: True ,out of road:False   Total T: 698968 Episode Num: 2252 Episode T: 214 Reward: 246.986 Cost: 0.000
arrive destination: True ,out of road:False   Total T: 699188 Episode Num: 2253 Episode T: 220 Reward: 248.418 Cost: 0.000
arrive destination: True ,out of road:False   Total T: 699579 Episode Num: 2254 Episode T: 391 Reward: 399.991 Cost: 5.000
arrive destination: True ,out of road:False   Total T: 699857 Episode Num: 2255 Episode T: 278 Reward: 284.851 Cost: 11.000
---------------------------------------
Evaluation over 20 episodes: 0.900 Cost 20.000.             SafeRL used : use_td3
---------------------------------------
[34;1m
Time: 2026-06-29 16:46:07, Time spent from previous logger: 128.789 s[0m
[34;1mCustomLogger with fileds: ['total_steps', 'EpRet', 'EpCost', 'CostRate'][0m
[34;1mfieldvalues: [700000, 0.9, 20.0, 0.048238640340914775]
[0m
arrive destination: True ,out of road:False   Total T: 700438 Episode Num: 2256 Episode T: 581 Reward: 597.690 Cost: 24.000
arrive destination: False ,out of road:True   Total T: 700537 Episode Num: 2257 Episode T: 99 Reward: 80.042 Cost: 2.000
arrive destination: True ,out of road:False   Total T: 700783 Episode Num: 2258 Episode T: 246 Reward: 275.305 Cost: 1.000
arrive destination: True ,out of road:False   Total T: 701014 Episode Num: 2259 Episode T: 231 Reward: 274.230 Cost: 0.000
arrive destination: True ,out of road:False   Total T: 701249 Episode Num: 2260 Episode T: 235 Reward: 269.958 Cost: 3.000
arrive destination: True ,out of road:False   Total T: 701619 Episode Num: 2261 Episode T: 370 Reward: 414.285 Cost: 21.000
arrive destination: False ,out of road:True   Total T: 701924 Episode Num: 2262 Episode T: 305 Reward: 355.501 Cost: 6.000
arrive destination: True ,out of road:False   Total T: 702166 Episode Num: 2263 Episode T: 242 Reward: 273.814 Cost: 0.000
arrive destination: False ,out of road:True   Total T: 702375 Episode Num: 2264 Episode T: 209 Reward: 199.394 Cost: 13.000
arrive destination: True ,out of road:False   Total T: 702711 Episode Num: 2265 Episode T: 336 Reward: 416.015 Cost: 34.000
arrive destination: True ,out of road:False   Total T: 703063 Episode Num: 2266 Episode T: 352 Reward: 495.223 Cost: 18.000
arrive destination: True ,out of road:False   Total T: 703434 Episode Num: 2267 Episode T: 371 Reward: 412.776 Cost: 16.000
arrive destination: True ,out of road:False   Total T: 703659 Episode Num: 2268 Episode T: 225 Reward: 246.976 Cost: 0.000
arrive destination: False ,out of road:True   Total T: 703760 Episode Num: 2269 Episode T: 101 Reward: 79.745 Cost: 2.000
arrive destination: True ,out of road:False   Total T: 704077 Episode Num: 2270 Episode T: 317 Reward: 368.952 Cost: 14.000
arrive destination: True ,out of road:False   Total T: 704308 Episode Num: 2271 Episode T: 231 Reward: 295.040 Cost: 19.000
arrive destination: True ,out of road:False   Total T: 704593 Episode Num: 2272 Episode T: 285 Reward: 354.267 Cost: 4.000
arrive destination: True ,out of road:False   Total T: 704828 Episode Num: 2273 Episode T: 235 Reward: 273.419 Cost: 0.000
arrive destination: True ,out of road:False   Total T: 705218 Episode Num: 2274 Episode T: 390 Reward: 495.076 Cost: 18.000
arrive destination: True ,out of road:False   Total T: 705493 Episode Num: 2275 Episode T: 275 Reward: 335.863 Cost: 3.000
arrive destination: True ,out of road:False   Total T: 705810 Episode Num: 2276 Episode T: 317 Reward: 399.157 Cost: 13.000
arrive destination: True ,out of road:False   Total T: 706151 Episode Num: 2277 Episode T: 341 Reward: 415.103 Cost: 49.000
arrive destination: True ,out of road:False   Total T: 706413 Episode Num: 2278 Episode T: 262 Reward: 267.463 Cost: 13.000
arrive destination: True ,out of road:False   Total T: 706654 Episode Num: 2279 Episode T: 241 Reward: 295.736 Cost: 14.000
arrive destination: True ,out of road:False   Total T: 706877 Episode Num: 2280 Episode T: 223 Reward: 247.083 Cost: 0.000
arrive destination: True ,out of road:False   Total T: 707292 Episode Num: 2281 Episode T: 415 Reward: 507.256 Cost: 31.000
arrive destination: True ,out of road:False   Total T: 707555 Episode Num: 2282 Episode T: 263 Reward: 298.340 Cost: 19.000
arrive destination: True ,out of road:True   Total T: 707994 Episode Num: 2283 Episode T: 439 Reward: 514.666 Cost: 37.000
arrive destination: True ,out of road:False   Total T: 708472 Episode Num: 2284 Episode T: 478 Reward: 399.582 Cost: 16.000
arrive destination: True ,out of road:False   Total T: 708718 Episode Num: 2285 Episode T: 246 Reward: 275.675 Cost: 0.000
arrive destination: True ,out of road:False   Total T: 709011 Episode Num: 2286 Episode T: 293 Reward: 336.142 Cost: 4.000
arrive destination: True ,out of road:False   Total T: 709230 Episode Num: 2287 Episode T: 219 Reward: 247.338 Cost: 0.000
arrive destination: False ,out of road:True   Total T: 709280 Episode Num: 2288 Episode T: 50 Reward: 17.623 Cost: 1.000
arrive destination: True ,out of road:False   Total T: 709500 Episode Num: 2289 Episode T: 220 Reward: 231.867 Cost: 2.000
arrive destination: True ,out of road:False   Total T: 709703 Episode Num: 2290 Episode T: 203 Reward: 268.757 Cost: 0.000
arrive destination: True ,out of road:False   Total T: 709939 Episode Num: 2291 Episode T: 236 Reward: 295.501 Cost: 21.000
---------------------------------------
Evaluation over 20 episodes: 0.800 Cost 25.000.             SafeRL used : use_td3
---------------------------------------
[34;1m
Time: 2026-06-29 16:48:24, Time spent from previous logger: 137.192 s[0m
[34;1mCustomLogger with fileds: ['total_steps', 'EpRet', 'EpCost', 'CostRate'][0m
[34;1mfieldvalues: [710000, 0.8, 25.0, 0.0481437297799011]
[0m
arrive destination: True ,out of road:False   Total T: 710400 Episode Num: 2292 Episode T: 461 Reward: 432.515 Cost: 3.000
arrive destination: True ,out of road:False   Total T: 710639 Episode Num: 2293 Episode T: 239 Reward: 274.849 Cost: 0.000
arrive destination: True ,out of road:False   Total T: 711020 Episode Num: 2294 Episode T: 381 Reward: 400.446 Cost: 0.000
arrive destination: True ,out of road:False   Total T: 711332 Episode Num: 2295 Episode T: 312 Reward: 371.961 Cost: 8.000
arrive destination: False ,out of road:True   Total T: 711522 Episode Num: 2296 Episode T: 190 Reward: 164.128 Cost: 9.000
arrive destination: True ,out of road:False   Total T: 711900 Episode Num: 2297 Episode T: 378 Reward: 398.962 Cost: 2.000
arrive destination: True ,out of road:False   Total T: 712319 Episode Num: 2298 Episode T: 419 Reward: 409.845 Cost: 36.000
arrive destination: True ,out of road:False   Total T: 712634 Episode Num: 2299 Episode T: 315 Reward: 370.919 Cost: 8.000
arrive destination: False ,out of road:True   Total T: 712734 Episode Num: 2300 Episode T: 100 Reward: 77.615 Cost: 4.000
arrive destination: True ,out of road:False   Total T: 712974 Episode Num: 2301 Episode T: 240 Reward: 282.886 Cost: 6.000
arrive destination: True ,out of road:True   Total T: 713442 Episode Num: 2302 Episode T: 468 Reward: 473.501 Cost: 60.000
arrive destination: True ,out of road:False   Total T: 713802 Episode Num: 2303 Episode T: 360 Reward: 514.222 Cost: 29.000
arrive destination: True ,out of road:False   Total T: 714050 Episode Num: 2304 Episode T: 248 Reward: 273.514 Cost: 10.000
arrive destination: False ,out of road:True   Total T: 714267 Episode Num: 2305 Episode T: 217 Reward: 181.500 Cost: 18.000
arrive destination: False ,out of road:True   Total T: 714369 Episode Num: 2306 Episode T: 102 Reward: 79.300 Cost: 2.000
arrive destination: True ,out of road:False   Total T: 714609 Episode Num: 2307 Episode T: 240 Reward: 276.639 Cost: 0.000
arrive destination: True ,out of road:False   Total T: 714888 Episode Num: 2308 Episode T: 279 Reward: 354.416 Cost: 4.000
arrive destination: True ,out of road:False   Total T: 715117 Episode Num: 2309 Episode T: 229 Reward: 269.246 Cost: 3.000
arrive destination: True ,out of road:False   Total T: 715379 Episode Num: 2310 Episode T: 262 Reward: 269.532 Cost: 21.000
arrive destination: True ,out of road:False   Total T: 715743 Episode Num: 2311 Episode T: 364 Reward: 516.243 Cost: 15.000
arrive destination: True ,out of road:True   Total T: 715977 Episode Num: 2312 Episode T: 234 Reward: 313.446 Cost: 17.000
arrive destination: True ,out of road:False   Total T: 716324 Episode Num: 2313 Episode T: 347 Reward: 510.879 Cost: 16.000
arrive destination: True ,out of road:False   Total T: 716697 Episode Num: 2314 Episode T: 373 Reward: 508.068 Cost: 9.000
arrive destination: True ,out of road:False   Total T: 716959 Episode Num: 2315 Episode T: 262 Reward: 293.952 Cost: 17.000
arrive destination: True ,out of road:False   Total T: 717180 Episode Num: 2316 Episode T: 221 Reward: 231.136 Cost: 9.000
arrive destination: True ,out of road:False   Total T: 717419 Episode Num: 2317 Episode T: 239 Reward: 288.242 Cost: 9.000
arrive destination: False ,out of road:True   Total T: 717518 Episode Num: 2318 Episode T: 99 Reward: 78.165 Cost: 1.000
arrive destination: True ,out of road:False   Total T: 717750 Episode Num: 2319 Episode T: 232 Reward: 287.120 Cost: 6.000
arrive destination: True ,out of road:False   Total T: 717966 Episode Num: 2320 Episode T: 216 Reward: 246.323 Cost: 0.000
arrive destination: True ,out of road:False   Total T: 718272 Episode Num: 2321 Episode T: 306 Reward: 335.575 Cost: 25.000
arrive destination: True ,out of road:True   Total T: 718594 Episode Num: 2322 Episode T: 322 Reward: 423.356 Cost: 13.000
arrive destination: True ,out of road:False   Total T: 718889 Episode Num: 2323 Episode T: 295 Reward: 398.882 Cost: 0.000
arrive destination: True ,out of road:False   Total T: 719104 Episode Num: 2324 Episode T: 215 Reward: 230.897 Cost: 5.000
arrive destination: True ,out of road:False   Total T: 719315 Episode Num: 2325 Episode T: 211 Reward: 229.674 Cost: 6.000
arrive destination: True ,out of road:False   Total T: 719592 Episode Num: 2326 Episode T: 277 Reward: 383.245 Cost: 5.000
arrive destination: True ,out of road:False   Total T: 719805 Episode Num: 2327 Episode T: 213 Reward: 229.332 Cost: 2.000
---------------------------------------
Evaluation over 20 episodes: 0.900 Cost 8.850.             SafeRL used : use_td3
---------------------------------------
[34;1m
Time: 2026-06-29 16:50:30, Time spent from previous logger: 125.290 s[0m
[34;1mCustomLogger with fileds: ['total_steps', 'EpRet', 'EpCost', 'CostRate'][0m
[34;1mfieldvalues: [720000, 0.9, 8.85, 0.04801117779330249]
[0m
arrive destination: True ,out of road:False   Total T: 720219 Episode Num: 2328 Episode T: 414 Reward: 486.167 Cost: 19.000
arrive destination: False ,out of road:True   Total T: 720262 Episode Num: 2329 Episode T: 43 Reward: 9.573 Cost: 1.000
arrive destination: True ,out of road:False   Total T: 720481 Episode Num: 2330 Episode T: 219 Reward: 229.544 Cost: 6.000
arrive destination: True ,out of road:False   Total T: 720794 Episode Num: 2331 Episode T: 313 Reward: 369.235 Cost: 9.000
arrive destination: True ,out of road:False   Total T: 721074 Episode Num: 2332 Episode T: 280 Reward: 268.882 Cost: 10.000
arrive destination: False ,out of road:True   Total T: 721282 Episode Num: 2333 Episode T: 208 Reward: 266.940 Cost: 6.000
arrive destination: False ,out of road:True   Total T: 721610 Episode Num: 2334 Episode T: 328 Reward: 441.203 Cost: 14.000
arrive destination: True ,out of road:False   Total T: 721836 Episode Num: 2335 Episode T: 226 Reward: 284.255 Cost: 9.000
arrive destination: True ,out of road:True   Total T: 722160 Episode Num: 2336 Episode T: 324 Reward: 421.345 Cost: 28.000
arrive destination: True ,out of road:False   Total T: 722408 Episode Num: 2337 Episode T: 248 Reward: 305.477 Cost: 14.000
arrive destination: True ,out of road:False   Total T: 722624 Episode Num: 2338 Episode T: 216 Reward: 247.593 Cost: 0.000
arrive destination: True ,out of road:False   Total T: 722863 Episode Num: 2339 Episode T: 239 Reward: 274.069 Cost: 0.000
arrive destination: True ,out of road:False   Total T: 723226 Episode Num: 2340 Episode T: 363 Reward: 427.827 Cost: 39.000
arrive destination: True ,out of road:False   Total T: 723640 Episode Num: 2341 Episode T: 414 Reward: 470.213 Cost: 9.000
arrive destination: True ,out of road:False   Total T: 723877 Episode Num: 2342 Episode T: 237 Reward: 278.004 Cost: 4.000
arrive destination: True ,out of road:False   Total T: 724199 Episode Num: 2343 Episode T: 322 Reward: 408.918 Cost: 14.000
arrive destination: True ,out of road:False   Total T: 724464 Episode Num: 2344 Episode T: 265 Reward: 294.405 Cost: 16.000
arrive destination: False ,out of road:True   Total T: 724670 Episode Num: 2345 Episode T: 206 Reward: 263.627 Cost: 1.000
arrive destination: True ,out of road:False   Total T: 724894 Episode Num: 2346 Episode T: 224 Reward: 295.043 Cost: 8.000
arrive destination: True ,out of road:False   Total T: 725279 Episode Num: 2347 Episode T: 385 Reward: 400.613 Cost: 0.000
arrive destination: True ,out of road:False   Total T: 725521 Episode Num: 2348 Episode T: 242 Reward: 295.552 Cost: 20.000
arrive destination: True ,out of road:False   Total T: 725730 Episode Num: 2349 Episode T: 209 Reward: 270.167 Cost: 7.000
arrive destination: True ,out of road:False   Total T: 726038 Episode Num: 2350 Episode T: 308 Reward: 409.149 Cost: 10.000
arrive destination: True ,out of road:False   Total T: 726252 Episode Num: 2351 Episode T: 214 Reward: 230.920 Cost: 7.000
arrive destination: True ,out of road:False   Total T: 726564 Episode Num: 2352 Episode T: 312 Reward: 336.073 Cost: 32.000
arrive destination: True ,out of road:False   Total T: 726934 Episode Num: 2353 Episode T: 370 Reward: 513.798 Cost: 26.000
arrive destination: True ,out of road:False   Total T: 727250 Episode Num: 2354 Episode T: 316 Reward: 371.917 Cost: 11.000
arrive destination: True ,out of road:False   Total T: 727479 Episode Num: 2355 Episode T: 229 Reward: 230.157 Cost: 9.000
arrive destination: True ,out of road:False   Total T: 727861 Episode Num: 2356 Episode T: 382 Reward: 402.412 Cost: 0.000
arrive destination: True ,out of road:False   Total T: 728080 Episode Num: 2357 Episode T: 219 Reward: 229.760 Cost: 3.000
arrive destination: True ,out of road:False   Total T: 728451 Episode Num: 2358 Episode T: 371 Reward: 510.012 Cost: 12.000
arrive destination: True ,out of road:False   Total T: 728761 Episode Num: 2359 Episode T: 310 Reward: 370.503 Cost: 10.000
arrive destination: True ,out of road:False   Total T: 729140 Episode Num: 2360 Episode T: 379 Reward: 401.319 Cost: 0.000
arrive destination: True ,out of road:False   Total T: 729497 Episode Num: 2361 Episode T: 357 Reward: 493.310 Cost: 14.000
arrive destination: False ,out of road:True   Total T: 729614 Episode Num: 2362 Episode T: 117 Reward: 118.048 Cost: 3.000
arrive destination: True ,out of road:False   Total T: 729907 Episode Num: 2363 Episode T: 293 Reward: 336.309 Cost: 2.000
---------------------------------------
Evaluation over 20 episodes: 0.750 Cost 14.300.             SafeRL used : use_td3
---------------------------------------
[34;1m
Time: 2026-06-29 16:52:37, Time spent from previous logger: 127.785 s[0m
[34;1mCustomLogger with fileds: ['total_steps', 'EpRet', 'EpCost', 'CostRate'][0m
[34;1mfieldvalues: [730000, 0.75, 14.3, 0.047853490210260564]
[0m
arrive destination: True ,out of road:False   Total T: 730308 Episode Num: 2364 Episode T: 401 Reward: 447.567 Cost: 5.000
arrive destination: True ,out of road:False   Total T: 730568 Episode Num: 2365 Episode T: 260 Reward: 266.645 Cost: 18.000
arrive destination: True ,out of road:False   Total T: 730935 Episode Num: 2366 Episode T: 367 Reward: 411.289 Cost: 23.000
arrive destination: True ,out of road:False   Total T: 731321 Episode Num: 2367 Episode T: 386 Reward: 492.853 Cost: 21.000
arrive destination: True ,out of road:False   Total T: 731624 Episode Num: 2368 Episode T: 303 Reward: 335.998 Cost: 22.000
arrive destination: True ,out of road:False   Total T: 731982 Episode Num: 2369 Episode T: 358 Reward: 511.448 Cost: 9.000
arrive destination: True ,out of road:False   Total T: 732211 Episode Num: 2370 Episode T: 229 Reward: 229.763 Cost: 4.000
arrive destination: True ,out of road:False   Total T: 732526 Episode Num: 2371 Episode T: 315 Reward: 368.860 Cost: 8.000
arrive destination: True ,out of road:False   Total T: 732840 Episode Num: 2372 Episode T: 314 Reward: 372.082 Cost: 15.000
arrive destination: True ,out of road:False   Total T: 733244 Episode Num: 2373 Episode T: 404 Reward: 469.439 Cost: 10.000
arrive destination: True ,out of road:False   Total T: 733469 Episode Num: 2374 Episode T: 225 Reward: 284.662 Cost: 11.000
arrive destination: False ,out of road:True   Total T: 733569 Episode Num: 2375 Episode T: 100 Reward: 78.622 Cost: 3.000
arrive destination: True ,out of road:False   Total T: 733802 Episode Num: 2376 Episode T: 233 Reward: 274.728 Cost: 0.000
arrive destination: True ,out of road:False   Total T: 734095 Episode Num: 2377 Episode T: 293 Reward: 398.981 Cost: 0.000
arrive destination: True ,out of road:False   Total T: 734539 Episode Num: 2378 Episode T: 444 Reward: 460.948 Cost: 32.000
arrive destination: True ,out of road:False   Total T: 735067 Episode Num: 2379 Episode T: 528 Reward: 560.670 Cost: 56.000
arrive destination: True ,out of road:False   Total T: 735447 Episode Num: 2380 Episode T: 380 Reward: 398.984 Cost: 0.000
arrive destination: True ,out of road:False   Total T: 735708 Episode Num: 2381 Episode T: 261 Reward: 335.665 Cost: 1.000
arrive destination: True ,out of road:False   Total T: 735946 Episode Num: 2382 Episode T: 238 Reward: 273.691 Cost: 7.000
arrive destination: True ,out of road:False   Total T: 736315 Episode Num: 2383 Episode T: 369 Reward: 415.154 Cost: 34.000
arrive destination: True ,out of road:False   Total T: 736589 Episode Num: 2384 Episode T: 274 Reward: 376.034 Cost: 9.000
arrive destination: True ,out of road:False   Total T: 736942 Episode Num: 2385 Episode T: 353 Reward: 375.302 Cost: 22.000
arrive destination: True ,out of road:False   Total T: 737148 Episode Num: 2386 Episode T: 206 Reward: 269.501 Cost: 0.000
arrive destination: True ,out of road:False   Total T: 737395 Episode Num: 2387 Episode T: 247 Reward: 274.619 Cost: 8.000
arrive destination: True ,out of road:False   Total T: 737629 Episode Num: 2388 Episode T: 234 Reward: 289.711 Cost: 15.000
arrive destination: True ,out of road:False   Total T: 737871 Episode Num: 2389 Episode T: 242 Reward: 293.464 Cost: 2.000
arrive destination: True ,out of road:False   Total T: 738100 Episode Num: 2390 Episode T: 229 Reward: 285.872 Cost: 15.000
arrive destination: False ,out of road:True   Total T: 738248 Episode Num: 2391 Episode T: 148 Reward: 160.420 Cost: 3.000
arrive destination: True ,out of road:False   Total T: 738483 Episode Num: 2392 Episode T: 235 Reward: 286.054 Cost: 9.000
arrive destination: True ,out of road:False   Total T: 738700 Episode Num: 2393 Episode T: 217 Reward: 244.114 Cost: 0.000
arrive destination: True ,out of road:False   Total T: 739046 Episode Num: 2394 Episode T: 346 Reward: 416.822 Cost: 22.000
arrive destination: True ,out of road:False   Total T: 739426 Episode Num: 2395 Episode T: 380 Reward: 399.000 Cost: 0.000
arrive destination: True ,out of road:False   Total T: 739735 Episode Num: 2396 Episode T: 309 Reward: 398.573 Cost: 1.000
---------------------------------------
Evaluation over 20 episodes: 0.800 Cost 7.050.             SafeRL used : use_td3
---------------------------------------
[34;1m
Time: 2026-06-29 16:54:42, Time spent from previous logger: 124.299 s[0m
[34;1mCustomLogger with fileds: ['total_steps', 'EpRet', 'EpCost', 'CostRate'][0m
[34;1mfieldvalues: [740000, 0.8, 7.05, 0.04774465911440421]
[0m
arrive destination: True ,out of road:False   Total T: 740281 Episode Num: 2397 Episode T: 546 Reward: 570.322 Cost: 22.000
arrive destination: True ,out of road:False   Total T: 740555 Episode Num: 2398 Episode T: 274 Reward: 347.700 Cost: 7.000
arrive destination: True ,out of road:False   Total T: 740950 Episode Num: 2399 Episode T: 395 Reward: 469.251 Cost: 11.000
arrive destination: True ,out of road:False   Total T: 741311 Episode Num: 2400 Episode T: 361 Reward: 408.510 Cost: 21.000
arrive destination: True ,out of road:False   Total T: 741598 Episode Num: 2401 Episode T: 287 Reward: 268.185 Cost: 18.000
arrive destination: True ,out of road:False   Total T: 741819 Episode Num: 2402 Episode T: 221 Reward: 229.457 Cost: 5.000
arrive destination: True ,out of road:False   Total T: 742043 Episode Num: 2403 Episode T: 224 Reward: 229.874 Cost: 7.000
arrive destination: True ,out of road:False   Total T: 742471 Episode Num: 2404 Episode T: 428 Reward: 470.750 Cost: 26.000
arrive destination: True ,out of road:False   Total T: 742742 Episode Num: 2405 Episode T: 271 Reward: 287.000 Cost: 20.000
arrive destination: False ,out of road:True   Total T: 742794 Episode Num: 2406 Episode T: 52 Reward: 19.087 Cost: 1.000
arrive destination: True ,out of road:False   Total T: 743182 Episode Num: 2407 Episode T: 388 Reward: 401.063 Cost: 0.000
arrive destination: True ,out of road:False   Total T: 743397 Episode Num: 2408 Episode T: 215 Reward: 246.750 Cost: 0.000
arrive destination: True ,out of road:False   Total T: 743778 Episode Num: 2409 Episode T: 381 Reward: 403.920 Cost: 0.000
arrive destination: True ,out of road:False   Total T: 744085 Episode Num: 2410 Episode T: 307 Reward: 400.236 Cost: 3.000
arrive destination: True ,out of road:False   Total T: 744292 Episode Num: 2411 Episode T: 207 Reward: 279.063 Cost: 6.000
arrive destination: True ,out of road:False   Total T: 744540 Episode Num: 2412 Episode T: 248 Reward: 293.851 Cost: 16.000
arrive destination: True ,out of road:False   Total T: 744822 Episode Num: 2413 Episode T: 282 Reward: 357.191 Cost: 0.000
arrive destination: True ,out of road:False   Total T: 745088 Episode Num: 2414 Episode T: 266 Reward: 294.043 Cost: 27.000
arrive destination: True ,out of road:False   Total T: 745376 Episode Num: 2415 Episode T: 288 Reward: 350.904 Cost: 25.000
arrive destination: True ,out of road:False   Total T: 745636 Episode Num: 2416 Episode T: 260 Reward: 269.578 Cost: 17.000
arrive destination: True ,out of road:False   Total T: 745975 Episode Num: 2417 Episode T: 339 Reward: 376.846 Cost: 29.000
arrive destination: True ,out of road:False   Total T: 746288 Episode Num: 2418 Episode T: 313 Reward: 370.645 Cost: 14.000
arrive destination: True ,out of road:False   Total T: 746502 Episode Num: 2419 Episode T: 214 Reward: 246.386 Cost: 0.000
arrive destination: True ,out of road:False   Total T: 746737 Episode Num: 2420 Episode T: 235 Reward: 270.842 Cost: 1.000
arrive destination: True ,out of road:False   Total T: 747081 Episode Num: 2421 Episode T: 344 Reward: 512.215 Cost: 1.000
arrive destination: True ,out of road:False   Total T: 747288 Episode Num: 2422 Episode T: 207 Reward: 269.011 Cost: 0.000
arrive destination: True ,out of road:False   Total T: 747505 Episode Num: 2423 Episode T: 217 Reward: 231.217 Cost: 0.000
arrive destination: True ,out of road:False   Total T: 747770 Episode Num: 2424 Episode T: 265 Reward: 285.370 Cost: 20.000
arrive destination: True ,out of road:False   Total T: 747988 Episode Num: 2425 Episode T: 218 Reward: 247.678 Cost: 0.000
arrive destination: True ,out of road:False   Total T: 748212 Episode Num: 2426 Episode T: 224 Reward: 249.915 Cost: 0.000
arrive destination: True ,out of road:False   Total T: 748427 Episode Num: 2427 Episode T: 215 Reward: 244.085 Cost: 0.000
arrive destination: False ,out of road:True   Total T: 748489 Episode Num: 2428 Episode T: 62 Reward: 30.344 Cost: 1.000
arrive destination: True ,out of road:False   Total T: 748846 Episode Num: 2429 Episode T: 357 Reward: 400.734 Cost: 4.000
arrive destination: True ,out of road:False   Total T: 749103 Episode Num: 2430 Episode T: 257 Reward: 268.762 Cost: 28.000
arrive destination: True ,out of road:False   Total T: 749334 Episode Num: 2431 Episode T: 231 Reward: 286.122 Cost: 7.000
arrive destination: True ,out of road:False   Total T: 749600 Episode Num: 2432 Episode T: 266 Reward: 267.593 Cost: 11.000
arrive destination: True ,out of road:False   Total T: 749813 Episode Num: 2433 Episode T: 213 Reward: 268.968 Cost: 5.000
---------------------------------------
Evaluation over 20 episodes: 0.950 Cost 12.150.             SafeRL used : use_td3
---------------------------------------
[34;1m
Time: 2026-06-29 16:56:49, Time spent from previous logger: 127.184 s[0m
[34;1mCustomLogger with fileds: ['total_steps', 'EpRet', 'EpCost', 'CostRate'][0m
[34;1mfieldvalues: [750000, 0.95, 12.15, 0.047561396748528995]
[0m
arrive destination: False ,out of road:True   Total T: 750201 Episode Num: 2434 Episode T: 388 Reward: 445.248 Cost: 9.000
arrive destination: True ,out of road:False   Total T: 750434 Episode Num: 2435 Episode T: 233 Reward: 274.178 Cost: 1.000
arrive destination: True ,out of road:False   Total T: 750753 Episode Num: 2436 Episode T: 319 Reward: 400.133 Cost: 9.000
arrive destination: True ,out of road:False   Total T: 751106 Episode Num: 2437 Episode T: 353 Reward: 514.111 Cost: 3.000
arrive destination: True ,out of road:False   Total T: 751341 Episode Num: 2438 Episode T: 235 Reward: 275.575 Cost: 0.000
arrive destination: True ,out of road:False   Total T: 751583 Episode Num: 2439 Episode T: 242 Reward: 275.798 Cost: 14.000
arrive destination: True ,out of road:False   Total T: 752011 Episode Num: 2440 Episode T: 428 Reward: 465.529 Cost: 23.000
arrive destination: True ,out of road:False   Total T: 752310 Episode Num: 2441 Episode T: 299 Reward: 335.384 Cost: 7.000
arrive destination: True ,out of road:False   Total T: 752533 Episode Num: 2442 Episode T: 223 Reward: 285.833 Cost: 8.000
arrive destination: True ,out of road:False   Total T: 752982 Episode Num: 2443 Episode T: 449 Reward: 418.035 Cost: 30.000
arrive destination: True ,out of road:False   Total T: 753197 Episode Num: 2444 Episode T: 215 Reward: 246.206 Cost: 0.000
arrive destination: True ,out of road:False   Total T: 753510 Episode Num: 2445 Episode T: 313 Reward: 370.776 Cost: 3.000
arrive destination: True ,out of road:False   Total T: 753900 Episode Num: 2446 Episode T: 390 Reward: 404.502 Cost: 0.000
arrive destination: True ,out of road:False   Total T: 754185 Episode Num: 2447 Episode T: 285 Reward: 294.609 Cost: 34.000
arrive destination: True ,out of road:False   Total T: 754401 Episode Num: 2448 Episode T: 216 Reward: 245.986 Cost: 0.000
arrive destination: True ,out of road:False   Total T: 754623 Episode Num: 2449 Episode T: 222 Reward: 295.909 Cost: 3.000
arrive destination: True ,out of road:False   Total T: 754861 Episode Num: 2450 Episode T: 238 Reward: 274.093 Cost: 0.000
arrive destination: True ,out of road:False   Total T: 755084 Episode Num: 2451 Episode T: 223 Reward: 246.328 Cost: 0.000
arrive destination: True ,out of road:False   Total T: 755308 Episode Num: 2452 Episode T: 224 Reward: 285.211 Cost: 7.000
arrive destination: True ,out of road:False   Total T: 755548 Episode Num: 2453 Episode T: 240 Reward: 277.289 Cost: 0.000
arrive destination: True ,out of road:False   Total T: 755853 Episode Num: 2454 Episode T: 305 Reward: 371.516 Cost: 13.000
arrive destination: True ,out of road:False   Total T: 756265 Episode Num: 2455 Episode T: 412 Reward: 490.393 Cost: 54.000
arrive destination: True ,out of road:False   Total T: 756503 Episode Num: 2456 Episode T: 238 Reward: 275.255 Cost: 0.000
arrive destination: True ,out of road:False   Total T: 756844 Episode Num: 2457 Episode T: 341 Reward: 416.211 Cost: 32.000
arrive destination: True ,out of road:False   Total T: 757072 Episode Num: 2458 Episode T: 228 Reward: 285.815 Cost: 8.000
arrive destination: True ,out of road:False   Total T: 757342 Episode Num: 2459 Episode T: 270 Reward: 358.795 Cost: 10.000
arrive destination: True ,out of road:False   Total T: 757617 Episode Num: 2460 Episode T: 275 Reward: 336.008 Cost: 17.000
arrive destination: True ,out of road:True   Total T: 757856 Episode Num: 2461 Episode T: 239 Reward: 322.064 Cost: 8.000
arrive destination: True ,out of road:False   Total T: 758124 Episode Num: 2462 Episode T: 268 Reward: 336.257 Cost: 1.000
arrive destination: True ,out of road:False   Total T: 758441 Episode Num: 2463 Episode T: 317 Reward: 411.219 Cost: 14.000
arrive destination: True ,out of road:False   Total T: 758672 Episode Num: 2464 Episode T: 231 Reward: 231.761 Cost: 8.000
arrive destination: False ,out of road:True   Total T: 759006 Episode Num: 2465 Episode T: 334 Reward: 352.536 Cost: 8.000
arrive destination: True ,out of road:False   Total T: 759261 Episode Num: 2466 Episode T: 255 Reward: 294.488 Cost: 11.000
arrive destination: True ,out of road:False   Total T: 759548 Episode Num: 2467 Episode T: 287 Reward: 335.610 Cost: 2.000
arrive destination: True ,out of road:False   Total T: 759801 Episode Num: 2468 Episode T: 253 Reward: 335.545 Cost: 2.000
---------------------------------------
Evaluation over 20 episodes: 0.850 Cost 16.300.             SafeRL used : use_td3
---------------------------------------
[34;1m
Time: 2026-06-29 16:58:59, Time spent from previous logger: 130.258 s[0m
[34;1mCustomLogger with fileds: ['total_steps', 'EpRet', 'EpCost', 'CostRate'][0m
[34;1mfieldvalues: [760000, 0.85, 16.3, 0.047381641291633275]
[0m
arrive destination: False ,out of road:True   Total T: 760138 Episode Num: 2469 Episode T: 337 Reward: 404.108 Cost: 3.000
arrive destination: True ,out of road:False   Total T: 760432 Episode Num: 2470 Episode T: 294 Reward: 399.309 Cost: 0.000
arrive destination: True ,out of road:False   Total T: 760794 Episode Num: 2471 Episode T: 362 Reward: 511.990 Cost: 12.000
arrive destination: True ,out of road:False   Total T: 761182 Episode Num: 2472 Episode T: 388 Reward: 400.302 Cost: 0.000
arrive destination: True ,out of road:False   Total T: 761407 Episode Num: 2473 Episode T: 225 Reward: 285.703 Cost: 5.000
arrive destination: True ,out of road:False   Total T: 761834 Episode Num: 2474 Episode T: 427 Reward: 510.149 Cost: 28.000
arrive destination: True ,out of road:False   Total T: 762245 Episode Num: 2475 Episode T: 411 Reward: 471.985 Cost: 5.000
arrive destination: True ,out of road:False   Total T: 762463 Episode Num: 2476 Episode T: 218 Reward: 230.000 Cost: 3.000
arrive destination: True ,out of road:False   Total T: 762702 Episode Num: 2477 Episode T: 239 Reward: 275.775 Cost: 0.000
arrive destination: True ,out of road:False   Total T: 762959 Episode Num: 2478 Episode T: 257 Reward: 335.844 Cost: 0.000
arrive destination: True ,out of road:False   Total T: 763304 Episode Num: 2479 Episode T: 345 Reward: 376.999 Cost: 15.000
arrive destination: True ,out of road:False   Total T: 763510 Episode Num: 2480 Episode T: 206 Reward: 270.114 Cost: 0.000
arrive destination: True ,out of road:False   Total T: 763783 Episode Num: 2481 Episode T: 273 Reward: 356.866 Cost: 6.000
arrive destination: True ,out of road:False   Total T: 764147 Episode Num: 2482 Episode T: 364 Reward: 495.210 Cost: 13.000
arrive destination: True ,out of road:False   Total T: 764350 Episode Num: 2483 Episode T: 203 Reward: 269.322 Cost: 2.000
arrive destination: False ,out of road:True   Total T: 764669 Episode Num: 2484 Episode T: 319 Reward: 327.818 Cost: 1.000
arrive destination: True ,out of road:False   Total T: 764904 Episode Num: 2485 Episode T: 235 Reward: 273.485 Cost: 0.000
arrive destination: True ,out of road:False   Total T: 765251 Episode Num: 2486 Episode T: 347 Reward: 441.229 Cost: 27.000
arrive destination: True ,out of road:False   Total T: 765511 Episode Num: 2487 Episode T: 260 Reward: 285.568 Cost: 22.000
arrive destination: True ,out of road:False   Total T: 765949 Episode Num: 2488 Episode T: 438 Reward: 413.995 Cost: 44.000
arrive destination: True ,out of road:False   Total T: 766238 Episode Num: 2489 Episode T: 289 Reward: 335.585 Cost: 3.000
arrive destination: True ,out of road:False   Total T: 766480 Episode Num: 2490 Episode T: 242 Reward: 275.251 Cost: 0.000
arrive destination: True ,out of road:False   Total T: 766790 Episode Num: 2491 Episode T: 310 Reward: 371.710 Cost: 13.000
arrive destination: True ,out of road:False   Total T: 767114 Episode Num: 2492 Episode T: 324 Reward: 402.281 Cost: 13.000
arrive destination: True ,out of road:False   Total T: 767485 Episode Num: 2493 Episode T: 371 Reward: 402.974 Cost: 0.000
arrive destination: True ,out of road:False   Total T: 767851 Episode Num: 2494 Episode T: 366 Reward: 493.734 Cost: 18.000
arrive destination: True ,out of road:False   Total T: 768220 Episode Num: 2495 Episode T: 369 Reward: 413.289 Cost: 19.000
arrive destination: True ,out of road:False   Total T: 768470 Episode Num: 2496 Episode T: 250 Reward: 285.286 Cost: 26.000
arrive destination: True ,out of road:False   Total T: 768676 Episode Num: 2497 Episode T: 206 Reward: 268.931 Cost: 4.000
arrive destination: True ,out of road:False   Total T: 768940 Episode Num: 2498 Episode T: 264 Reward: 294.721 Cost: 31.000
arrive destination: True ,out of road:False   Total T: 769179 Episode Num: 2499 Episode T: 239 Reward: 295.734 Cost: 23.000
arrive destination: True ,out of road:False   Total T: 769414 Episode Num: 2500 Episode T: 235 Reward: 274.658 Cost: 0.000
arrive destination: True ,out of road:False   Total T: 769732 Episode Num: 2501 Episode T: 318 Reward: 370.928 Cost: 18.000
---------------------------------------
Evaluation over 20 episodes: 0.850 Cost 9.800.             SafeRL used : use_td3
---------------------------------------
[34;1m
Time: 2026-06-29 17:01:08, Time spent from previous logger: 128.561 s[0m
[34;1mCustomLogger with fileds: ['total_steps', 'EpRet', 'EpCost', 'CostRate'][0m
[34;1mfieldvalues: [770000, 0.85, 9.8, 0.04725330812117938]
[0m
arrive destination: True ,out of road:False   Total T: 770375 Episode Num: 2502 Episode T: 643 Reward: 785.399 Cost: 30.000
arrive destination: True ,out of road:False   Total T: 770694 Episode Num: 2503 Episode T: 319 Reward: 398.760 Cost: 11.000
arrive destination: True ,out of road:False   Total T: 771045 Episode Num: 2504 Episode T: 351 Reward: 508.816 Cost: 12.000
arrive destination: True ,out of road:False   Total T: 771265 Episode Num: 2505 Episode T: 220 Reward: 295.403 Cost: 3.000
arrive destination: True ,out of road:False   Total T: 771634 Episode Num: 2506 Episode T: 369 Reward: 513.875 Cost: 8.000
arrive destination: True ,out of road:False   Total T: 771873 Episode Num: 2507 Episode T: 239 Reward: 276.196 Cost: 0.000
arrive destination: True ,out of road:False   Total T: 772139 Episode Num: 2508 Episode T: 266 Reward: 359.942 Cost: 0.000
arrive destination: True ,out of road:False   Total T: 772399 Episode Num: 2509 Episode T: 260 Reward: 290.869 Cost: 20.000
arrive destination: True ,out of road:False   Total T: 772635 Episode Num: 2510 Episode T: 236 Reward: 273.833 Cost: 0.000
arrive destination: True ,out of road:False   Total T: 773078 Episode Num: 2511 Episode T: 443 Reward: 464.245 Cost: 37.000
arrive destination: True ,out of road:False   Total T: 773301 Episode Num: 2512 Episode T: 223 Reward: 286.377 Cost: 9.000
arrive destination: True ,out of road:True   Total T: 773564 Episode Num: 2513 Episode T: 263 Reward: 330.029 Cost: 27.000
arrive destination: False ,out of road:True   Total T: 773786 Episode Num: 2514 Episode T: 222 Reward: 273.206 Cost: 3.000
arrive destination: True ,out of road:False   Total T: 774120 Episode Num: 2515 Episode T: 334 Reward: 336.099 Cost: 26.000
arrive destination: False ,out of road:True   Total T: 774211 Episode Num: 2516 Episode T: 91 Reward: 79.880 Cost: 1.000
arrive destination: True ,out of road:False   Total T: 774620 Episode Num: 2517 Episode T: 409 Reward: 469.711 Cost: 7.000
arrive destination: True ,out of road:False   Total T: 774892 Episode Num: 2518 Episode T: 272 Reward: 293.832 Cost: 17.000
arrive destination: True ,out of road:False   Total T: 775268 Episode Num: 2519 Episode T: 376 Reward: 512.744 Cost: 7.000
arrive destination: True ,out of road:False   Total T: 775500 Episode Num: 2520 Episode T: 232 Reward: 287.772 Cost: 10.000
arrive destination: True ,out of road:False   Total T: 775897 Episode Num: 2521 Episode T: 397 Reward: 499.760 Cost: 16.000
arrive destination: False ,out of road:True   Total T: 775997 Episode Num: 2522 Episode T: 100 Reward: 77.081 Cost: 3.000
arrive destination: True ,out of road:False   Total T: 776223 Episode Num: 2523 Episode T: 226 Reward: 229.810 Cost: 19.000
arrive destination: True ,out of road:False   Total T: 776509 Episode Num: 2524 Episode T: 286 Reward: 359.468 Cost: 5.000
arrive destination: False ,out of road:True   Total T: 776640 Episode Num: 2525 Episode T: 131 Reward: 110.463 Cost: 5.000
arrive destination: True ,out of road:False   Total T: 776872 Episode Num: 2526 Episode T: 232 Reward: 274.576 Cost: 0.000
arrive destination: True ,out of road:False   Total T: 777188 Episode Num: 2527 Episode T: 316 Reward: 372.989 Cost: 13.000
arrive destination: True ,out of road:False   Total T: 777425 Episode Num: 2528 Episode T: 237 Reward: 276.129 Cost: 0.000
arrive destination: True ,out of road:False   Total T: 777682 Episode Num: 2529 Episode T: 257 Reward: 267.366 Cost: 25.000
arrive destination: True ,out of road:False   Total T: 777931 Episode Num: 2530 Episode T: 249 Reward: 271.536 Cost: 26.000
arrive destination: True ,out of road:False   Total T: 778244 Episode Num: 2531 Episode T: 313 Reward: 372.662 Cost: 12.000
arrive destination: True ,out of road:False   Total T: 778467 Episode Num: 2532 Episode T: 223 Reward: 246.711 Cost: 0.000
arrive destination: False ,out of road:True   Total T: 778669 Episode Num: 2533 Episode T: 202 Reward: 243.444 Cost: 17.000
arrive destination: True ,out of road:True   Total T: 779107 Episode Num: 2534 Episode T: 438 Reward: 507.441 Cost: 27.000
arrive destination: True ,out of road:False   Total T: 779657 Episode Num: 2535 Episode T: 550 Reward: 435.498 Cost: 25.000
arrive destination: True ,out of road:False   Total T: 779919 Episode Num: 2536 Episode T: 262 Reward: 294.606 Cost: 25.000
---------------------------------------
Evaluation over 20 episodes: 0.900 Cost 15.350.             SafeRL used : use_td3
---------------------------------------
[34;1m
Time: 2026-06-29 17:03:19, Time spent from previous logger: 131.420 s[0m
[34;1mCustomLogger with fileds: ['total_steps', 'EpRet', 'EpCost', 'CostRate'][0m
[34;1mfieldvalues: [780000, 0.9, 15.35, 0.04719365024826955]
[0m
arrive destination: True ,out of road:False   Total T: 780349 Episode Num: 2537 Episode T: 430 Reward: 578.280 Cost: 2.000
arrive destination: True ,out of road:False   Total T: 780745 Episode Num: 2538 Episode T: 396 Reward: 402.802 Cost: 0.000
arrive destination: True ,out of road:False   Total T: 780959 Episode Num: 2539 Episode T: 214 Reward: 231.058 Cost: 2.000
arrive destination: True ,out of road:False   Total T: 781164 Episode Num: 2540 Episode T: 205 Reward: 269.187 Cost: 0.000
arrive destination: True ,out of road:False   Total T: 781371 Episode Num: 2541 Episode T: 207 Reward: 229.076 Cost: 3.000
arrive destination: True ,out of road:False   Total T: 781780 Episode Num: 2542 Episode T: 409 Reward: 471.101 Cost: 3.000
arrive destination: True ,out of road:False   Total T: 782054 Episode Num: 2543 Episode T: 274 Reward: 352.333 Cost: 5.000
arrive destination: False ,out of road:True   Total T: 782323 Episode Num: 2544 Episode T: 269 Reward: 344.387 Cost: 7.000
arrive destination: True ,out of road:False   Total T: 782536 Episode Num: 2545 Episode T: 213 Reward: 245.731 Cost: 0.000
arrive destination: True ,out of road:False   Total T: 782969 Episode Num: 2546 Episode T: 433 Reward: 517.842 Cost: 36.000
arrive destination: False ,out of road:True   Total T: 783168 Episode Num: 2547 Episode T: 199 Reward: 219.441 Cost: 15.000
arrive destination: True ,out of road:True   Total T: 783406 Episode Num: 2548 Episode T: 238 Reward: 321.932 Cost: 10.000
arrive destination: True ,out of road:True   Total T: 783638 Episode Num: 2549 Episode T: 232 Reward: 332.859 Cost: 13.000
arrive destination: True ,out of road:False   Total T: 783955 Episode Num: 2550 Episode T: 317 Reward: 370.967 Cost: 15.000
arrive destination: True ,out of road:False   Total T: 784239 Episode Num: 2551 Episode T: 284 Reward: 358.368 Cost: 0.000
arrive destination: True ,out of road:False   Total T: 784621 Episode Num: 2552 Episode T: 382 Reward: 399.693 Cost: 0.000
arrive destination: True ,out of road:False   Total T: 784832 Episode Num: 2553 Episode T: 211 Reward: 279.358 Cost: 5.000
arrive destination: True ,out of road:False   Total T: 785100 Episode Num: 2554 Episode T: 268 Reward: 358.081 Cost: 0.000
arrive destination: True ,out of road:False   Total T: 785408 Episode Num: 2555 Episode T: 308 Reward: 398.641 Cost: 20.000
arrive destination: True ,out of road:False   Total T: 785771 Episode Num: 2556 Episode T: 363 Reward: 511.341 Cost: 15.000
arrive destination: True ,out of road:False   Total T: 786077 Episode Num: 2557 Episode T: 306 Reward: 400.636 Cost: 6.000
arrive destination: True ,out of road:False   Total T: 786297 Episode Num: 2558 Episode T: 220 Reward: 247.475 Cost: 0.000
arrive destination: True ,out of road:False   Total T: 786723 Episode Num: 2559 Episode T: 426 Reward: 465.937 Cost: 20.000
arrive destination: False ,out of road:True   Total T: 786889 Episode Num: 2560 Episode T: 166 Reward: 205.490 Cost: 1.000
arrive destination: True ,out of road:False   Total T: 787110 Episode Num: 2561 Episode T: 221 Reward: 295.607 Cost: 10.000
arrive destination: True ,out of road:False   Total T: 787468 Episode Num: 2562 Episode T: 358 Reward: 513.550 Cost: 9.000
arrive destination: True ,out of road:False   Total T: 787676 Episode Num: 2563 Episode T: 208 Reward: 270.070 Cost: 0.000
arrive destination: True ,out of road:False   Total T: 787928 Episode Num: 2564 Episode T: 252 Reward: 335.602 Cost: 10.000
arrive destination: True ,out of road:False   Total T: 788330 Episode Num: 2565 Episode T: 402 Reward: 401.160 Cost: 6.000
arrive destination: True ,out of road:False   Total T: 788745 Episode Num: 2566 Episode T: 415 Reward: 470.850 Cost: 1.000
arrive destination: True ,out of road:False   Total T: 788966 Episode Num: 2567 Episode T: 221 Reward: 246.688 Cost: 0.000
arrive destination: True ,out of road:False   Total T: 789248 Episode Num: 2568 Episode T: 282 Reward: 294.488 Cost: 22.000
arrive destination: True ,out of road:False   Total T: 789452 Episode Num: 2569 Episode T: 204 Reward: 269.279 Cost: 0.000
arrive destination: True ,out of road:False   Total T: 789821 Episode Num: 2570 Episode T: 369 Reward: 414.245 Cost: 22.000
---------------------------------------
Evaluation over 20 episodes: 0.650 Cost 8.150.             SafeRL used : use_td3
---------------------------------------
[34;1m
Time: 2026-06-29 17:05:21, Time spent from previous logger: 121.836 s[0m
[34;1mCustomLogger with fileds: ['total_steps', 'EpRet', 'EpCost', 'CostRate'][0m
[34;1mfieldvalues: [790000, 0.65, 8.15, 0.04692284420613191]
[0m
arrive destination: True ,out of road:True   Total T: 790253 Episode Num: 2571 Episode T: 432 Reward: 621.398 Cost: 27.000
arrive destination: True ,out of road:False   Total T: 790539 Episode Num: 2572 Episode T: 286 Reward: 266.954 Cost: 6.000
arrive destination: True ,out of road:False   Total T: 790916 Episode Num: 2573 Episode T: 377 Reward: 512.517 Cost: 11.000
arrive destination: True ,out of road:False   Total T: 791226 Episode Num: 2574 Episode T: 310 Reward: 370.067 Cost: 12.000
arrive destination: True ,out of road:False   Total T: 791570 Episode Num: 2575 Episode T: 344 Reward: 414.077 Cost: 35.000
arrive destination: True ,out of road:False   Total T: 791965 Episode Num: 2576 Episode T: 395 Reward: 510.135 Cost: 12.000
arrive destination: True ,out of road:False   Total T: 792228 Episode Num: 2577 Episode T: 263 Reward: 294.720 Cost: 15.000
arrive destination: True ,out of road:False   Total T: 792499 Episode Num: 2578 Episode T: 271 Reward: 352.089 Cost: 4.000
arrive destination: True ,out of road:False   Total T: 792714 Episode Num: 2579 Episode T: 215 Reward: 269.483 Cost: 1.000
arrive destination: True ,out of road:False   Total T: 793190 Episode Num: 2580 Episode T: 476 Reward: 490.969 Cost: 26.000
arrive destination: False ,out of road:True   Total T: 793461 Episode Num: 2581 Episode T: 271 Reward: 310.328 Cost: 13.000
arrive destination: True ,out of road:False   Total T: 794013 Episode Num: 2582 Episode T: 552 Reward: 377.616 Cost: 58.000
arrive destination: False ,out of road:True   Total T: 794080 Episode Num: 2583 Episode T: 67 Reward: 34.451 Cost: 1.000
arrive destination: True ,out of road:False   Total T: 794290 Episode Num: 2584 Episode T: 210 Reward: 230.156 Cost: 6.000
arrive destination: False ,out of road:True   Total T: 794613 Episode Num: 2585 Episode T: 323 Reward: 383.465 Cost: 21.000
arrive destination: True ,out of road:False   Total T: 794856 Episode Num: 2586 Episode T: 243 Reward: 286.212 Cost: 8.000
arrive destination: True ,out of road:False   Total T: 795120 Episode Num: 2587 Episode T: 264 Reward: 292.975 Cost: 19.000
arrive destination: False ,out of road:True   Total T: 795458 Episode Num: 2588 Episode T: 338 Reward: 478.518 Cost: 38.000
arrive destination: True ,out of road:False   Total T: 795759 Episode Num: 2589 Episode T: 301 Reward: 406.387 Cost: 4.000
arrive destination: True ,out of road:False   Total T: 795983 Episode Num: 2590 Episode T: 224 Reward: 248.106 Cost: 0.000
arrive destination: True ,out of road:False   Total T: 796348 Episode Num: 2591 Episode T: 365 Reward: 408.150 Cost: 15.000
arrive destination: True ,out of road:False   Total T: 796709 Episode Num: 2592 Episode T: 361 Reward: 510.816 Cost: 10.000
arrive destination: False ,out of road:True   Total T: 796976 Episode Num: 2593 Episode T: 267 Reward: 337.548 Cost: 1.000
arrive destination: True ,out of road:False   Total T: 797238 Episode Num: 2594 Episode T: 262 Reward: 267.459 Cost: 16.000
arrive destination: True ,out of road:False   Total T: 797505 Episode Num: 2595 Episode T: 267 Reward: 266.760 Cost: 20.000
arrive destination: True ,out of road:False   Total T: 797706 Episode Num: 2596 Episode T: 201 Reward: 268.997 Cost: 0.000
arrive destination: True ,out of road:False   Total T: 798076 Episode Num: 2597 Episode T: 370 Reward: 495.528 Cost: 23.000
arrive destination: True ,out of road:False   Total T: 798292 Episode Num: 2598 Episode T: 216 Reward: 232.265 Cost: 11.000
arrive destination: True ,out of road:False   Total T: 798689 Episode Num: 2599 Episode T: 397 Reward: 474.750 Cost: 10.000
arrive destination: True ,out of road:False   Total T: 798988 Episode Num: 2600 Episode T: 299 Reward: 356.760 Cost: 0.000
arrive destination: True ,out of road:False   Total T: 799216 Episode Num: 2601 Episode T: 228 Reward: 295.846 Cost: 19.000
arrive destination: True ,out of road:False   Total T: 799520 Episode Num: 2602 Episode T: 304 Reward: 375.857 Cost: 16.000
arrive destination: True ,out of road:False   Total T: 799780 Episode Num: 2603 Episode T: 260 Reward: 269.850 Cost: 14.000
---------------------------------------
Evaluation over 20 episodes: 0.750 Cost 13.050.             SafeRL used : use_td3
---------------------------------------
[34;1m
Time: 2026-06-29 17:07:31, Time spent from previous logger: 130.127 s[0m
[34;1mCustomLogger with fileds: ['total_steps', 'EpRet', 'EpCost', 'CostRate'][0m
[34;1mfieldvalues: [800000, 0.75, 13.05, 0.04693630867038584]
[0m
arrive destination: True ,out of road:False   Total T: 800226 Episode Num: 2604 Episode T: 446 Reward: 522.846 Cost: 9.000
arrive destination: True ,out of road:False   Total T: 800578 Episode Num: 2605 Episode T: 352 Reward: 510.096 Cost: 3.000
arrive destination: True ,out of road:False   Total T: 800800 Episode Num: 2606 Episode T: 222 Reward: 283.918 Cost: 6.000
arrive destination: True ,out of road:False   Total T: 801109 Episode Num: 2607 Episode T: 309 Reward: 369.812 Cost: 11.000
arrive destination: True ,out of road:False   Total T: 801314 Episode Num: 2608 Episode T: 205 Reward: 269.020 Cost: 0.000
arrive destination: False ,out of road:True   Total T: 801444 Episode Num: 2609 Episode T: 130 Reward: 107.922 Cost: 1.000
arrive destination: True ,out of road:True   Total T: 801783 Episode Num: 2610 Episode T: 339 Reward: 467.740 Cost: 34.000
arrive destination: True ,out of road:False   Total T: 802175 Episode Num: 2611 Episode T: 392 Reward: 470.905 Cost: 10.000
arrive destination: True ,out of road:False   Total T: 802540 Episode Num: 2612 Episode T: 365 Reward: 414.606 Cost: 34.000
arrive destination: True ,out of road:False   Total T: 802798 Episode Num: 2613 Episode T: 258 Reward: 279.849 Cost: 14.000
arrive destination: True ,out of road:False   Total T: 803155 Episode Num: 2614 Episode T: 357 Reward: 393.693 Cost: 0.000
arrive destination: False ,out of road:True   Total T: 803391 Episode Num: 2615 Episode T: 236 Reward: 338.614 Cost: 17.000
arrive destination: True ,out of road:False   Total T: 803812 Episode Num: 2616 Episode T: 421 Reward: 468.889 Cost: 8.000
arrive destination: True ,out of road:False   Total T: 804209 Episode Num: 2617 Episode T: 397 Reward: 501.328 Cost: 13.000
arrive destination: True ,out of road:False   Total T: 804513 Episode Num: 2618 Episode T: 304 Reward: 371.320 Cost: 16.000
arrive destination: True ,out of road:False   Total T: 804736 Episode Num: 2619 Episode T: 223 Reward: 250.203 Cost: 0.000
arrive destination: True ,out of road:False   Total T: 804947 Episode Num: 2620 Episode T: 211 Reward: 231.352 Cost: 2.000
arrive destination: True ,out of road:True   Total T: 805183 Episode Num: 2621 Episode T: 236 Reward: 344.034 Cost: 13.000
arrive destination: True ,out of road:False   Total T: 805475 Episode Num: 2622 Episode T: 292 Reward: 270.341 Cost: 21.000
arrive destination: True ,out of road:False   Total T: 805793 Episode Num: 2623 Episode T: 318 Reward: 368.645 Cost: 32.000
arrive destination: True ,out of road:False   Total T: 806080 Episode Num: 2624 Episode T: 287 Reward: 370.815 Cost: 20.000
arrive destination: True ,out of road:False   Total T: 806392 Episode Num: 2625 Episode T: 312 Reward: 372.570 Cost: 14.000
arrive destination: True ,out of road:False   Total T: 806619 Episode Num: 2626 Episode T: 227 Reward: 289.827 Cost: 4.000
arrive destination: True ,out of road:False   Total T: 806970 Episode Num: 2627 Episode T: 351 Reward: 396.416 Cost: 0.000
arrive destination: True ,out of road:False   Total T: 807258 Episode Num: 2628 Episode T: 288 Reward: 356.739 Cost: 9.000
arrive destination: True ,out of road:False   Total T: 807468 Episode Num: 2629 Episode T: 210 Reward: 268.943 Cost: 2.000
arrive destination: False ,out of road:True   Total T: 807873 Episode Num: 2630 Episode T: 405 Reward: 535.308 Cost: 17.000
arrive destination: True ,out of road:False   Total T: 808170 Episode Num: 2631 Episode T: 297 Reward: 414.947 Cost: 15.000
arrive destination: True ,out of road:False   Total T: 808377 Episode Num: 2632 Episode T: 207 Reward: 269.678 Cost: 0.000
arrive destination: True ,out of road:True   Total T: 808610 Episode Num: 2633 Episode T: 233 Reward: 343.054 Cost: 13.000
arrive destination: True ,out of road:False   Total T: 808871 Episode Num: 2634 Episode T: 261 Reward: 293.941 Cost: 20.000
arrive destination: True ,out of road:False   Total T: 809149 Episode Num: 2635 Episode T: 278 Reward: 367.918 Cost: 6.000
arrive destination: True ,out of road:False   Total T: 809373 Episode Num: 2636 Episode T: 224 Reward: 286.298 Cost: 3.000
arrive destination: True ,out of road:False   Total T: 809577 Episode Num: 2637 Episode T: 204 Reward: 232.354 Cost: 5.000
arrive destination: True ,out of road:False   Total T: 809917 Episode Num: 2638 Episode T: 340 Reward: 416.395 Cost: 28.000
---------------------------------------
Evaluation over 20 episodes: 0.800 Cost 16.400.             SafeRL used : use_td3
---------------------------------------
[34;1m
Time: 2026-06-29 17:09:40, Time spent from previous logger: 129.103 s[0m
[34;1mCustomLogger with fileds: ['total_steps', 'EpRet', 'EpCost', 'CostRate'][0m
[34;1mfieldvalues: [810000, 0.8, 16.4, 0.04683956399946173]
[0m
arrive destination: True ,out of road:False   Total T: 810239 Episode Num: 2639 Episode T: 322 Reward: 361.631 Cost: 16.000
arrive destination: True ,out of road:False   Total T: 810450 Episode Num: 2640 Episode T: 211 Reward: 232.156 Cost: 4.000
arrive destination: False ,out of road:True   Total T: 810587 Episode Num: 2641 Episode T: 137 Reward: 147.692 Cost: 1.000
arrive destination: True ,out of road:False   Total T: 810848 Episode Num: 2642 Episode T: 261 Reward: 304.564 Cost: 33.000
arrive destination: True ,out of road:False   Total T: 811166 Episode Num: 2643 Episode T: 318 Reward: 369.143 Cost: 13.000
arrive destination: True ,out of road:False   Total T: 811484 Episode Num: 2644 Episode T: 318 Reward: 398.630 Cost: 2.000
arrive destination: True ,out of road:False   Total T: 811734 Episode Num: 2645 Episode T: 250 Reward: 294.391 Cost: 23.000
arrive destination: True ,out of road:False   Total T: 812160 Episode Num: 2646 Episode T: 426 Reward: 466.814 Cost: 36.000
arrive destination: True ,out of road:False   Total T: 812432 Episode Num: 2647 Episode T: 272 Reward: 352.984 Cost: 2.000
arrive destination: True ,out of road:False   Total T: 812811 Episode Num: 2648 Episode T: 379 Reward: 400.131 Cost: 0.000
arrive destination: True ,out of road:False   Total T: 813049 Episode Num: 2649 Episode T: 238 Reward: 295.618 Cost: 23.000
arrive destination: True ,out of road:False   Total T: 813446 Episode Num: 2650 Episode T: 397 Reward: 497.576 Cost: 47.000
arrive destination: True ,out of road:False   Total T: 813745 Episode Num: 2651 Episode T: 299 Reward: 336.201 Cost: 10.000
arrive destination: True ,out of road:True   Total T: 813974 Episode Num: 2652 Episode T: 229 Reward: 385.042 Cost: 18.000
arrive destination: True ,out of road:False   Total T: 814191 Episode Num: 2653 Episode T: 217 Reward: 295.926 Cost: 12.000
arrive destination: True ,out of road:False   Total T: 814574 Episode Num: 2654 Episode T: 383 Reward: 494.770 Cost: 19.000
arrive destination: True ,out of road:False   Total T: 814873 Episode Num: 2655 Episode T: 299 Reward: 408.052 Cost: 1.000
arrive destination: True ,out of road:False   Total T: 815136 Episode Num: 2656 Episode T: 263 Reward: 272.671 Cost: 11.000
arrive destination: True ,out of road:False   Total T: 815480 Episode Num: 2657 Episode T: 344 Reward: 511.849 Cost: 8.000
arrive destination: True ,out of road:False   Total T: 815791 Episode Num: 2658 Episode T: 311 Reward: 377.050 Cost: 25.000
arrive destination: True ,out of road:False   Total T: 816073 Episode Num: 2659 Episode T: 282 Reward: 358.195 Cost: 7.000
arrive destination: True ,out of road:False   Total T: 816463 Episode Num: 2660 Episode T: 390 Reward: 400.186 Cost: 0.000
arrive destination: True ,out of road:False   Total T: 816827 Episode Num: 2661 Episode T: 364 Reward: 428.264 Cost: 30.000
arrive destination: True ,out of road:False   Total T: 817191 Episode Num: 2662 Episode T: 364 Reward: 494.596 Cost: 11.000
arrive destination: True ,out of road:True   Total T: 817648 Episode Num: 2663 Episode T: 457 Reward: 494.274 Cost: 47.000
arrive destination: False ,out of road:True   Total T: 817795 Episode Num: 2664 Episode T: 147 Reward: 158.161 Cost: 1.000
arrive destination: True ,out of road:False   Total T: 818194 Episode Num: 2665 Episode T: 399 Reward: 470.705 Cost: 8.000
arrive destination: True ,out of road:False   Total T: 818399 Episode Num: 2666 Episode T: 205 Reward: 230.994 Cost: 6.000
arrive destination: True ,out of road:True   Total T: 818631 Episode Num: 2667 Episode T: 232 Reward: 333.270 Cost: 15.000
arrive destination: True ,out of road:False   Total T: 818843 Episode Num: 2668 Episode T: 212 Reward: 248.767 Cost: 0.000
arrive destination: True ,out of road:False   Total T: 819353 Episode Num: 2669 Episode T: 510 Reward: 492.620 Cost: 37.000
arrive destination: False ,out of road:True   Total T: 819413 Episode Num: 2670 Episode T: 60 Reward: 27.319 Cost: 1.000
arrive destination: True ,out of road:False   Total T: 819730 Episode Num: 2671 Episode T: 317 Reward: 398.821 Cost: 9.000
---------------------------------------
Evaluation over 20 episodes: 0.900 Cost 15.400.             SafeRL used : use_td3
---------------------------------------
[34;1m
Time: 2026-06-29 17:11:56, Time spent from previous logger: 135.843 s[0m
[34;1mCustomLogger with fileds: ['total_steps', 'EpRet', 'EpCost', 'CostRate'][0m
[34;1mfieldvalues: [820000, 0.9, 15.4, 0.046853715675263016]
[0m
arrive destination: True ,out of road:False   Total T: 820340 Episode Num: 2672 Episode T: 610 Reward: 867.028 Cost: 22.000
arrive destination: True ,out of road:False   Total T: 820708 Episode Num: 2673 Episode T: 368 Reward: 335.837 Cost: 80.000
arrive destination: False ,out of road:True   Total T: 821036 Episode Num: 2674 Episode T: 328 Reward: 333.484 Cost: 1.000
arrive destination: True ,out of road:False   Total T: 821328 Episode Num: 2675 Episode T: 292 Reward: 335.741 Cost: 2.000
arrive destination: True ,out of road:False   Total T: 821653 Episode Num: 2676 Episode T: 325 Reward: 412.259 Cost: 15.000
arrive destination: True ,out of road:False   Total T: 821934 Episode Num: 2677 Episode T: 281 Reward: 335.872 Cost: 1.000
arrive destination: True ,out of road:False   Total T: 822188 Episode Num: 2678 Episode T: 254 Reward: 271.585 Cost: 16.000
arrive destination: True ,out of road:False   Total T: 822494 Episode Num: 2679 Episode T: 306 Reward: 374.550 Cost: 12.000
arrive destination: True ,out of road:False   Total T: 822921 Episode Num: 2680 Episode T: 427 Reward: 466.830 Cost: 21.000
arrive destination: True ,out of road:False   Total T: 823170 Episode Num: 2681 Episode T: 249 Reward: 336.023 Cost: 0.000
arrive destination: True ,out of road:False   Total T: 823539 Episode Num: 2682 Episode T: 369 Reward: 493.958 Cost: 3.000
arrive destination: False ,out of road:True   Total T: 823814 Episode Num: 2683 Episode T: 275 Reward: 350.760 Cost: 11.000
arrive destination: True ,out of road:False   Total T: 824112 Episode Num: 2684 Episode T: 298 Reward: 358.913 Cost: 0.000
arrive destination: True ,out of road:False   Total T: 824489 Episode Num: 2685 Episode T: 377 Reward: 495.691 Cost: 20.000
arrive destination: True ,out of road:False   Total T: 824706 Episode Num: 2686 Episode T: 217 Reward: 246.719 Cost: 0.000
arrive destination: True ,out of road:False   Total T: 824932 Episode Num: 2687 Episode T: 226 Reward: 285.536 Cost: 6.000
arrive destination: True ,out of road:False   Total T: 825162 Episode Num: 2688 Episode T: 230 Reward: 286.942 Cost: 6.000
arrive destination: True ,out of road:False   Total T: 825469 Episode Num: 2689 Episode T: 307 Reward: 398.913 Cost: 6.000
arrive destination: True ,out of road:False   Total T: 825871 Episode Num: 2690 Episode T: 402 Reward: 480.421 Cost: 4.000
arrive destination: True ,out of road:False   Total T: 826183 Episode Num: 2691 Episode T: 312 Reward: 370.964 Cost: 7.000
arrive destination: True ,out of road:True   Total T: 826536 Episode Num: 2692 Episode T: 353 Reward: 463.516 Cost: 44.000
arrive destination: True ,out of road:False   Total T: 826969 Episode Num: 2693 Episode T: 433 Reward: 518.904 Cost: 40.000
arrive destination: True ,out of road:False   Total T: 827219 Episode Num: 2694 Episode T: 250 Reward: 274.299 Cost: 22.000
arrive destination: True ,out of road:False   Total T: 827499 Episode Num: 2695 Episode T: 280 Reward: 294.267 Cost: 18.000
arrive destination: True ,out of road:False   Total T: 827752 Episode Num: 2696 Episode T: 253 Reward: 284.280 Cost: 28.000
arrive destination: True ,out of road:False   Total T: 827978 Episode Num: 2697 Episode T: 226 Reward: 272.937 Cost: 0.000
arrive destination: True ,out of road:False   Total T: 828351 Episode Num: 2698 Episode T: 373 Reward: 507.561 Cost: 9.000
arrive destination: True ,out of road:False   Total T: 828557 Episode Num: 2699 Episode T: 206 Reward: 232.504 Cost: 6.000
arrive destination: True ,out of road:False   Total T: 828863 Episode Num: 2700 Episode T: 306 Reward: 368.699 Cost: 22.000
arrive destination: True ,out of road:False   Total T: 829235 Episode Num: 2701 Episode T: 372 Reward: 395.467 Cost: 0.000
arrive destination: True ,out of road:False   Total T: 829549 Episode Num: 2702 Episode T: 314 Reward: 371.342 Cost: 25.000
arrive destination: True ,out of road:False   Total T: 829854 Episode Num: 2703 Episode T: 305 Reward: 398.529 Cost: 4.000
---------------------------------------
Evaluation over 20 episodes: 0.700 Cost 16.250.             SafeRL used : use_td3
---------------------------------------
[34;1m
Time: 2026-06-29 17:14:07, Time spent from previous logger: 131.228 s[0m
[34;1mCustomLogger with fileds: ['total_steps', 'EpRet', 'EpCost', 'CostRate'][0m
[34;1mfieldvalues: [830000, 0.7, 16.25, 0.04683379136601369]
[0m
arrive destination: True ,out of road:True   Total T: 830233 Episode Num: 2704 Episode T: 379 Reward: 490.015 Cost: 17.000
arrive destination: True ,out of road:False   Total T: 830610 Episode Num: 2705 Episode T: 377 Reward: 492.122 Cost: 17.000
arrive destination: True ,out of road:False   Total T: 830938 Episode Num: 2706 Episode T: 328 Reward: 414.624 Cost: 31.000
arrive destination: True ,out of road:False   Total T: 831172 Episode Num: 2707 Episode T: 234 Reward: 273.970 Cost: 0.000
arrive destination: True ,out of road:False   Total T: 831483 Episode Num: 2708 Episode T: 311 Reward: 370.352 Cost: 9.000
arrive destination: True ,out of road:False   Total T: 831854 Episode Num: 2709 Episode T: 371 Reward: 395.803 Cost: 4.000
arrive destination: True ,out of road:True   Total T: 832201 Episode Num: 2710 Episode T: 347 Reward: 465.737 Cost: 50.000
arrive destination: True ,out of road:False   Total T: 832472 Episode Num: 2711 Episode T: 271 Reward: 268.839 Cost: 17.000
arrive destination: True ,out of road:False   Total T: 832824 Episode Num: 2712 Episode T: 352 Reward: 391.792 Cost: 2.000
arrive destination: True ,out of road:False   Total T: 833369 Episode Num: 2713 Episode T: 545 Reward: 423.507 Cost: 63.000
arrive destination: True ,out of road:False   Total T: 833637 Episode Num: 2714 Episode T: 268 Reward: 268.199 Cost: 7.000
arrive destination: True ,out of road:False   Total T: 833995 Episode Num: 2715 Episode T: 358 Reward: 414.436 Cost: 30.000
arrive destination: True ,out of road:False   Total T: 834391 Episode Num: 2716 Episode T: 396 Reward: 471.463 Cost: 6.000
arrive destination: True ,out of road:False   Total T: 834693 Episode Num: 2717 Episode T: 302 Reward: 409.708 Cost: 14.000
arrive destination: False ,out of road:True   Total T: 835020 Episode Num: 2718 Episode T: 327 Reward: 378.650 Cost: 18.000
arrive destination: True ,out of road:False   Total T: 835335 Episode Num: 2719 Episode T: 315 Reward: 414.777 Cost: 20.000
arrive destination: True ,out of road:False   Total T: 835688 Episode Num: 2720 Episode T: 353 Reward: 511.950 Cost: 1.000
arrive destination: True ,out of road:False   Total T: 835926 Episode Num: 2721 Episode T: 238 Reward: 295.664 Cost: 21.000
arrive destination: True ,out of road:False   Total T: 836153 Episode Num: 2722 Episode T: 227 Reward: 285.051 Cost: 6.000
arrive destination: True ,out of road:False   Total T: 836529 Episode Num: 2723 Episode T: 376 Reward: 396.676 Cost: 0.000
arrive destination: True ,out of road:False   Total T: 836879 Episode Num: 2724 Episode T: 350 Reward: 416.870 Cost: 34.000
arrive destination: True ,out of road:False   Total T: 837192 Episode Num: 2725 Episode T: 313 Reward: 371.087 Cost: 6.000
arrive destination: True ,out of road:False   Total T: 837418 Episode Num: 2726 Episode T: 226 Reward: 287.312 Cost: 7.000
arrive destination: False ,out of road:True   Total T: 837470 Episode Num: 2727 Episode T: 52 Reward: 19.191 Cost: 1.000
arrive destination: True ,out of road:False   Total T: 837800 Episode Num: 2728 Episode T: 330 Reward: 417.698 Cost: 26.000
arrive destination: True ,out of road:False   Total T: 838052 Episode Num: 2729 Episode T: 252 Reward: 270.427 Cost: 22.000
arrive destination: True ,out of road:False   Total T: 838271 Episode Num: 2730 Episode T: 219 Reward: 247.340 Cost: 0.000
arrive destination: True ,out of road:False   Total T: 838489 Episode Num: 2731 Episode T: 218 Reward: 295.330 Cost: 10.000
arrive destination: False ,out of road:True   Total T: 838548 Episode Num: 2732 Episode T: 59 Reward: 26.120 Cost: 1.000
arrive destination: True ,out of road:False   Total T: 838759 Episode Num: 2733 Episode T: 211 Reward: 232.149 Cost: 2.000
arrive destination: True ,out of road:False   Total T: 839019 Episode Num: 2734 Episode T: 260 Reward: 353.976 Cost: 0.000
arrive destination: True ,out of road:False   Total T: 839339 Episode Num: 2735 Episode T: 320 Reward: 405.134 Cost: 29.000
arrive destination: True ,out of road:False   Total T: 839629 Episode Num: 2736 Episode T: 290 Reward: 373.780 Cost: 4.000
arrive destination: True ,out of road:False   Total T: 839930 Episode Num: 2737 Episode T: 301 Reward: 378.173 Cost: 20.000
---------------------------------------
Evaluation over 20 episodes: 0.650 Cost 12.250.             SafeRL used : use_td3
---------------------------------------
[34;1m
Time: 2026-06-29 17:16:19, Time spent from previous logger: 131.648 s[0m
[34;1mCustomLogger with fileds: ['total_steps', 'EpRet', 'EpCost', 'CostRate'][0m
[34;1mfieldvalues: [840000, 0.65, 12.25, 0.04685957959473761]
[0m
arrive destination: False ,out of road:True   Total T: 840175 Episode Num: 2738 Episode T: 245 Reward: 259.898 Cost: 3.000
arrive destination: True ,out of road:False   Total T: 840433 Episode Num: 2739 Episode T: 258 Reward: 287.386 Cost: 23.000
arrive destination: True ,out of road:False   Total T: 840693 Episode Num: 2740 Episode T: 260 Reward: 271.264 Cost: 16.000
arrive destination: True ,out of road:False   Total T: 840928 Episode Num: 2741 Episode T: 235 Reward: 274.894 Cost: 0.000
arrive destination: True ,out of road:False   Total T: 841245 Episode Num: 2742 Episode T: 317 Reward: 412.242 Cost: 8.000
arrive destination: True ,out of road:False   Total T: 841496 Episode Num: 2743 Episode T: 251 Reward: 335.547 Cost: 6.000
arrive destination: False ,out of road:True   Total T: 841732 Episode Num: 2744 Episode T: 236 Reward: 336.214 Cost: 10.000
arrive destination: True ,out of road:False   Total T: 842050 Episode Num: 2745 Episode T: 318 Reward: 399.188 Cost: 26.000
arrive destination: True ,out of road:False   Total T: 842261 Episode Num: 2746 Episode T: 211 Reward: 231.595 Cost: 2.000
arrive destination: True ,out of road:False   Total T: 842538 Episode Num: 2747 Episode T: 277 Reward: 335.246 Cost: 2.000
arrive destination: False ,out of road:True   Total T: 842693 Episode Num: 2748 Episode T: 155 Reward: 159.273 Cost: 2.000
arrive destination: True ,out of road:False   Total T: 842917 Episode Num: 2749 Episode T: 224 Reward: 270.031 Cost: 8.000
arrive destination: True ,out of road:False   Total T: 843295 Episode Num: 2750 Episode T: 378 Reward: 415.830 Cost: 28.000
arrive destination: True ,out of road:False   Total T: 843601 Episode Num: 2751 Episode T: 306 Reward: 398.440 Cost: 12.000
arrive destination: True ,out of road:False   Total T: 843956 Episode Num: 2752 Episode T: 355 Reward: 512.870 Cost: 7.000
arrive destination: True ,out of road:False   Total T: 844159 Episode Num: 2753 Episode T: 203 Reward: 230.785 Cost: 3.000
arrive destination: True ,out of road:False   Total T: 844368 Episode Num: 2754 Episode T: 209 Reward: 231.912 Cost: 0.000
arrive destination: False ,out of road:True   Total T: 844766 Episode Num: 2755 Episode T: 398 Reward: 529.243 Cost: 26.000
arrive destination: True ,out of road:False   Total T: 845000 Episode Num: 2756 Episode T: 234 Reward: 286.148 Cost: 5.000
arrive destination: False ,out of road:True   Total T: 845285 Episode Num: 2757 Episode T: 285 Reward: 330.157 Cost: 34.000
arrive destination: True ,out of road:False   Total T: 845592 Episode Num: 2758 Episode T: 307 Reward: 373.019 Cost: 4.000
arrive destination: True ,out of road:False   Total T: 845976 Episode Num: 2759 Episode T: 384 Reward: 414.527 Cost: 36.000
arrive destination: True ,out of road:False   Total T: 846349 Episode Num: 2760 Episode T: 373 Reward: 494.649 Cost: 21.000
arrive destination: True ,out of road:False   Total T: 846629 Episode Num: 2761 Episode T: 280 Reward: 375.929 Cost: 25.000
arrive destination: True ,out of road:False   Total T: 846857 Episode Num: 2762 Episode T: 228 Reward: 304.123 Cost: 11.000
arrive destination: True ,out of road:False   Total T: 847159 Episode Num: 2763 Episode T: 302 Reward: 399.044 Cost: 12.000
arrive destination: True ,out of road:False   Total T: 847408 Episode Num: 2764 Episode T: 249 Reward: 272.926 Cost: 21.000
arrive destination: True ,out of road:False   Total T: 847624 Episode Num: 2765 Episode T: 216 Reward: 248.368 Cost: 0.000
arrive destination: True ,out of road:False   Total T: 847915 Episode Num: 2766 Episode T: 291 Reward: 335.465 Cost: 9.000
arrive destination: True ,out of road:False   Total T: 848135 Episode Num: 2767 Episode T: 220 Reward: 249.803 Cost: 0.000
arrive destination: True ,out of road:False   Total T: 848353 Episode Num: 2768 Episode T: 218 Reward: 246.341 Cost: 0.000
arrive destination: True ,out of road:False   Total T: 848729 Episode Num: 2769 Episode T: 376 Reward: 401.602 Cost: 2.000
arrive destination: True ,out of road:True   Total T: 849088 Episode Num: 2770 Episode T: 359 Reward: 475.859 Cost: 28.000
arrive destination: True ,out of road:False   Total T: 849452 Episode Num: 2771 Episode T: 364 Reward: 494.807 Cost: 20.000
arrive destination: True ,out of road:False   Total T: 849748 Episode Num: 2772 Episode T: 296 Reward: 371.686 Cost: 14.000
arrive destination: True ,out of road:True   Total T: 849988 Episode Num: 2773 Episode T: 240 Reward: 345.814 Cost: 13.000
---------------------------------------
Evaluation over 20 episodes: 0.850 Cost 16.100.             SafeRL used : use_td3
---------------------------------------
[34;1m
Time: 2026-06-29 17:18:28, Time spent from previous logger: 128.865 s[0m
[34;1mCustomLogger with fileds: ['total_steps', 'EpRet', 'EpCost', 'CostRate'][0m
[34;1mfieldvalues: [850000, 0.85, 16.1, 0.04682240802636239]
[0m
arrive destination: True ,out of road:False   Total T: 850224 Episode Num: 2774 Episode T: 236 Reward: 274.913 Cost: 0.000
arrive destination: True ,out of road:False   Total T: 850540 Episode Num: 2775 Episode T: 316 Reward: 421.078 Cost: 11.000
arrive destination: True ,out of road:False   Total T: 850873 Episode Num: 2776 Episode T: 333 Reward: 345.525 Cost: 45.000
arrive destination: True ,out of road:False   Total T: 851128 Episode Num: 2777 Episode T: 255 Reward: 273.112 Cost: 16.000
arrive destination: True ,out of road:False   Total T: 851353 Episode Num: 2778 Episode T: 225 Reward: 295.466 Cost: 9.000
arrive destination: True ,out of road:False   Total T: 851596 Episode Num: 2779 Episode T: 243 Reward: 276.808 Cost: 2.000
arrive destination: True ,out of road:False   Total T: 851827 Episode Num: 2780 Episode T: 231 Reward: 273.380 Cost: 0.000
arrive destination: False ,out of road:True   Total T: 851888 Episode Num: 2781 Episode T: 61 Reward: 28.168 Cost: 1.000
arrive destination: True ,out of road:True   Total T: 852148 Episode Num: 2782 Episode T: 260 Reward: 294.727 Cost: 16.000
arrive destination: True ,out of road:True   Total T: 852379 Episode Num: 2783 Episode T: 231 Reward: 312.677 Cost: 15.000
arrive destination: True ,out of road:False   Total T: 852577 Episode Num: 2784 Episode T: 198 Reward: 269.594 Cost: 0.000
arrive destination: False ,out of road:True   Total T: 852782 Episode Num: 2785 Episode T: 205 Reward: 238.154 Cost: 11.000
arrive destination: True ,out of road:False   Total T: 853010 Episode Num: 2786 Episode T: 228 Reward: 303.584 Cost: 13.000
arrive destination: True ,out of road:False   Total T: 853306 Episode Num: 2787 Episode T: 296 Reward: 368.750 Cost: 28.000
arrive destination: True ,out of road:False   Total T: 853674 Episode Num: 2788 Episode T: 368 Reward: 417.460 Cost: 18.000
arrive destination: True ,out of road:False   Total T: 853953 Episode Num: 2789 Episode T: 279 Reward: 336.090 Cost: 3.000
arrive destination: True ,out of road:False   Total T: 854252 Episode Num: 2790 Episode T: 299 Reward: 372.546 Cost: 9.000
arrive destination: True ,out of road:False   Total T: 854560 Episode Num: 2791 Episode T: 308 Reward: 397.441 Cost: 4.000
arrive destination: True ,out of road:False   Total T: 854886 Episode Num: 2792 Episode T: 326 Reward: 413.750 Cost: 32.000
arrive destination: True ,out of road:False   Total T: 855201 Episode Num: 2793 Episode T: 315 Reward: 369.662 Cost: 21.000
arrive destination: False ,out of road:True   Total T: 855493 Episode Num: 2794 Episode T: 292 Reward: 368.116 Cost: 10.000
arrive destination: True ,out of road:False   Total T: 855894 Episode Num: 2795 Episode T: 401 Reward: 470.459 Cost: 11.000
arrive destination: True ,out of road:False   Total T: 856249 Episode Num: 2796 Episode T: 355 Reward: 395.478 Cost: 3.000
arrive destination: True ,out of road:False   Total T: 856558 Episode Num: 2797 Episode T: 309 Reward: 407.736 Cost: 21.000
arrive destination: True ,out of road:False   Total T: 856862 Episode Num: 2798 Episode T: 304 Reward: 370.971 Cost: 3.000
arrive destination: False ,out of road:True   Total T: 856911 Episode Num: 2799 Episode T: 49 Reward: 17.181 Cost: 1.000
arrive destination: True ,out of road:False   Total T: 857124 Episode Num: 2800 Episode T: 213 Reward: 269.739 Cost: 0.000
arrive destination: True ,out of road:False   Total T: 857385 Episode Num: 2801 Episode T: 261 Reward: 270.485 Cost: 6.000
arrive destination: True ,out of road:False   Total T: 857661 Episode Num: 2802 Episode T: 276 Reward: 335.844 Cost: 2.000
arrive destination: True ,out of road:False   Total T: 857983 Episode Num: 2803 Episode T: 322 Reward: 400.077 Cost: 9.000
arrive destination: True ,out of road:False   Total T: 858258 Episode Num: 2804 Episode T: 275 Reward: 360.679 Cost: 0.000
arrive destination: True ,out of road:False   Total T: 858515 Episode Num: 2805 Episode T: 257 Reward: 270.793 Cost: 24.000
arrive destination: True ,out of road:False   Total T: 858875 Episode Num: 2806 Episode T: 360 Reward: 377.215 Cost: 54.000
arrive destination: True ,out of road:False   Total T: 859244 Episode Num: 2807 Episode T: 369 Reward: 398.695 Cost: 0.000
arrive destination: True ,out of road:True   Total T: 859562 Episode Num: 2808 Episode T: 318 Reward: 438.531 Cost: 20.000
arrive destination: True ,out of road:False   Total T: 859967 Episode Num: 2809 Episode T: 405 Reward: 469.715 Cost: 12.000
---------------------------------------
Evaluation over 20 episodes: 0.700 Cost 8.700.             SafeRL used : use_td3
---------------------------------------
[34;1m
Time: 2026-06-29 17:20:34, Time spent from previous logger: 126.616 s[0m
[34;1mCustomLogger with fileds: ['total_steps', 'EpRet', 'EpCost', 'CostRate'][0m
[34;1mfieldvalues: [860000, 0.7, 8.7, 0.04677796136972252]
[0m
arrive destination: True ,out of road:False   Total T: 860285 Episode Num: 2810 Episode T: 318 Reward: 382.161 Cost: 12.000
arrive destination: True ,out of road:False   Total T: 860504 Episode Num: 2811 Episode T: 219 Reward: 283.981 Cost: 9.000
arrive destination: True ,out of road:True   Total T: 860745 Episode Num: 2812 Episode T: 241 Reward: 334.338 Cost: 11.000
arrive destination: False ,out of road:True   Total T: 861118 Episode Num: 2813 Episode T: 373 Reward: 460.943 Cost: 22.000
arrive destination: True ,out of road:False   Total T: 861389 Episode Num: 2814 Episode T: 271 Reward: 363.829 Cost: 13.000
arrive destination: True ,out of road:False   Total T: 861600 Episode Num: 2815 Episode T: 211 Reward: 247.172 Cost: 0.000
arrive destination: True ,out of road:True   Total T: 861823 Episode Num: 2816 Episode T: 223 Reward: 355.775 Cost: 8.000
arrive destination: True ,out of road:False   Total T: 862183 Episode Num: 2817 Episode T: 360 Reward: 511.532 Cost: 9.000
arrive destination: True ,out of road:False   Total T: 862421 Episode Num: 2818 Episode T: 238 Reward: 295.894 Cost: 10.000
arrive destination: True ,out of road:False   Total T: 862658 Episode Num: 2819 Episode T: 237 Reward: 296.151 Cost: 27.000
arrive destination: True ,out of road:True   Total T: 862894 Episode Num: 2820 Episode T: 236 Reward: 333.732 Cost: 15.000
arrive destination: True ,out of road:False   Total T: 863325 Episode Num: 2821 Episode T: 431 Reward: 495.193 Cost: 31.000
arrive destination: True ,out of road:False   Total T: 863614 Episode Num: 2822 Episode T: 289 Reward: 373.484 Cost: 15.000
arrive destination: True ,out of road:False   Total T: 863861 Episode Num: 2823 Episode T: 247 Reward: 270.112 Cost: 10.000
arrive destination: True ,out of road:False   Total T: 864064 Episode Num: 2824 Episode T: 203 Reward: 231.943 Cost: 11.000
arrive destination: False ,out of road:True   Total T: 864265 Episode Num: 2825 Episode T: 201 Reward: 214.173 Cost: 14.000
arrive destination: True ,out of road:False   Total T: 864496 Episode Num: 2826 Episode T: 231 Reward: 293.795 Cost: 16.000
arrive destination: True ,out of road:False   Total T: 864794 Episode Num: 2827 Episode T: 298 Reward: 369.819 Cost: 6.000
arrive destination: True ,out of road:False   Total T: 865026 Episode Num: 2828 Episode T: 232 Reward: 272.949 Cost: 0.000
arrive destination: True ,out of road:False   Total T: 865254 Episode Num: 2829 Episode T: 228 Reward: 274.657 Cost: 0.000
arrive destination: True ,out of road:False   Total T: 865475 Episode Num: 2830 Episode T: 221 Reward: 248.894 Cost: 0.000
arrive destination: True ,out of road:False   Total T: 865740 Episode Num: 2831 Episode T: 265 Reward: 356.033 Cost: 0.000
arrive destination: True ,out of road:False   Total T: 866058 Episode Num: 2832 Episode T: 318 Reward: 377.353 Cost: 16.000
arrive destination: True ,out of road:False   Total T: 866281 Episode Num: 2833 Episode T: 223 Reward: 250.058 Cost: 0.000
arrive destination: True ,out of road:True   Total T: 866521 Episode Num: 2834 Episode T: 240 Reward: 324.335 Cost: 6.000
arrive destination: True ,out of road:False   Total T: 866785 Episode Num: 2835 Episode T: 264 Reward: 356.518 Cost: 0.000
arrive destination: True ,out of road:False   Total T: 866988 Episode Num: 2836 Episode T: 203 Reward: 268.976 Cost: 0.000
arrive destination: True ,out of road:False   Total T: 867337 Episode Num: 2837 Episode T: 349 Reward: 375.033 Cost: 29.000
arrive destination: True ,out of road:False   Total T: 867621 Episode Num: 2838 Episode T: 284 Reward: 398.471 Cost: 2.000
arrive destination: True ,out of road:False   Total T: 868058 Episode Num: 2839 Episode T: 437 Reward: 485.636 Cost: 24.000
arrive destination: True ,out of road:False   Total T: 868275 Episode Num: 2840 Episode T: 217 Reward: 247.982 Cost: 0.000
arrive destination: True ,out of road:False   Total T: 868502 Episode Num: 2841 Episode T: 227 Reward: 287.182 Cost: 10.000
arrive destination: True ,out of road:False   Total T: 868806 Episode Num: 2842 Episode T: 304 Reward: 371.167 Cost: 4.000
arrive destination: True ,out of road:False   Total T: 869155 Episode Num: 2843 Episode T: 349 Reward: 403.595 Cost: 14.000
arrive destination: False ,out of road:True   Total T: 869306 Episode Num: 2844 Episode T: 151 Reward: 140.549 Cost: 6.000
arrive destination: True ,out of road:False   Total T: 869629 Episode Num: 2845 Episode T: 323 Reward: 407.035 Cost: 17.000
arrive destination: True ,out of road:False   Total T: 869905 Episode Num: 2846 Episode T: 276 Reward: 336.087 Cost: 7.000
---------------------------------------
Evaluation over 20 episodes: 0.800 Cost 11.550.             SafeRL used : use_td3
---------------------------------------
[34;1m
Time: 2026-06-29 17:22:37, Time spent from previous logger: 122.185 s[0m
[34;1mCustomLogger with fileds: ['total_steps', 'EpRet', 'EpCost', 'CostRate'][0m
[34;1mfieldvalues: [870000, 0.8, 11.55, 0.046670168586400676]
[0m
arrive destination: False ,out of road:True   Total T: 870269 Episode Num: 2847 Episode T: 364 Reward: 290.425 Cost: 34.000
arrive destination: True ,out of road:False   Total T: 870474 Episode Num: 2848 Episode T: 205 Reward: 269.632 Cost: 0.000
arrive destination: True ,out of road:False   Total T: 870766 Episode Num: 2849 Episode T: 292 Reward: 374.560 Cost: 15.000
arrive destination: True ,out of road:False   Total T: 871078 Episode Num: 2850 Episode T: 312 Reward: 411.228 Cost: 6.000
arrive destination: True ,out of road:False   Total T: 871456 Episode Num: 2851 Episode T: 378 Reward: 397.184 Cost: 0.000
arrive destination: True ,out of road:False   Total T: 871723 Episode Num: 2852 Episode T: 267 Reward: 294.224 Cost: 15.000
arrive destination: True ,out of road:False   Total T: 871927 Episode Num: 2853 Episode T: 204 Reward: 232.430 Cost: 11.000
arrive destination: True ,out of road:False   Total T: 872239 Episode Num: 2854 Episode T: 312 Reward: 398.953 Cost: 5.000
arrive destination: True ,out of road:False   Total T: 872475 Episode Num: 2855 Episode T: 236 Reward: 274.131 Cost: 3.000
arrive destination: False ,out of road:True   Total T: 872704 Episode Num: 2856 Episode T: 229 Reward: 231.191 Cost: 15.000
arrive destination: False ,out of road:True   Total T: 873005 Episode Num: 2857 Episode T: 301 Reward: 312.578 Cost: 4.000
arrive destination: True ,out of road:False   Total T: 873280 Episode Num: 2858 Episode T: 275 Reward: 357.125 Cost: 2.000
arrive destination: True ,out of road:False   Total T: 873691 Episode Num: 2859 Episode T: 411 Reward: 466.170 Cost: 29.000
arrive destination: True ,out of road:False   Total T: 873893 Episode Num: 2860 Episode T: 202 Reward: 231.926 Cost: 9.000
arrive destination: True ,out of road:False   Total T: 874220 Episode Num: 2861 Episode T: 327 Reward: 376.494 Cost: 19.000
arrive destination: True ,out of road:False   Total T: 874438 Episode Num: 2862 Episode T: 218 Reward: 247.681 Cost: 0.000
arrive destination: False ,out of road:True   Total T: 874674 Episode Num: 2863 Episode T: 236 Reward: 328.816 Cost: 15.000
arrive destination: True ,out of road:False   Total T: 875106 Episode Num: 2864 Episode T: 432 Reward: 492.753 Cost: 42.000
arrive destination: True ,out of road:False   Total T: 875358 Episode Num: 2865 Episode T: 252 Reward: 281.504 Cost: 23.000
arrive destination: True ,out of road:False   Total T: 875575 Episode Num: 2866 Episode T: 217 Reward: 245.731 Cost: 0.000
arrive destination: True ,out of road:False   Total T: 875950 Episode Num: 2867 Episode T: 375 Reward: 398.262 Cost: 0.000
arrive destination: True ,out of road:False   Total T: 876208 Episode Num: 2868 Episode T: 258 Reward: 288.233 Cost: 16.000
arrive destination: True ,out of road:False   Total T: 876434 Episode Num: 2869 Episode T: 226 Reward: 286.319 Cost: 8.000
arrive destination: True ,out of road:False   Total T: 876785 Episode Num: 2870 Episode T: 351 Reward: 510.987 Cost: 5.000
arrive destination: True ,out of road:False   Total T: 877009 Episode Num: 2871 Episode T: 224 Reward: 273.123 Cost: 0.000
arrive destination: True ,out of road:False   Total T: 877339 Episode Num: 2872 Episode T: 330 Reward: 415.390 Cost: 23.000
arrive destination: True ,out of road:False   Total T: 877575 Episode Num: 2873 Episode T: 236 Reward: 295.722 Cost: 19.000
arrive destination: True ,out of road:False   Total T: 877778 Episode Num: 2874 Episode T: 203 Reward: 232.665 Cost: 9.000
arrive destination: True ,out of road:False   Total T: 878193 Episode Num: 2875 Episode T: 415 Reward: 376.994 Cost: 65.000
arrive destination: True ,out of road:False   Total T: 878461 Episode Num: 2876 Episode T: 268 Reward: 356.420 Cost: 4.000
arrive destination: True ,out of road:False   Total T: 878698 Episode Num: 2877 Episode T: 237 Reward: 269.831 Cost: 10.000
arrive destination: True ,out of road:False   Total T: 879093 Episode Num: 2878 Episode T: 395 Reward: 481.446 Cost: 13.000
arrive destination: False ,out of road:True   Total T: 879142 Episode Num: 2879 Episode T: 49 Reward: 16.089 Cost: 1.000
arrive destination: True ,out of road:False   Total T: 879464 Episode Num: 2880 Episode T: 322 Reward: 398.369 Cost: 16.000
arrive destination: False ,out of road:True   Total T: 879561 Episode Num: 2881 Episode T: 97 Reward: 80.451 Cost: 1.000
arrive destination: True ,out of road:False   Total T: 879762 Episode Num: 2882 Episode T: 201 Reward: 232.635 Cost: 6.000
---------------------------------------
Evaluation over 20 episodes: 0.650 Cost 12.900.             SafeRL used : use_td3
---------------------------------------
[34;1m
Time: 2026-06-29 17:24:42, Time spent from previous logger: 125.354 s[0m
[34;1mCustomLogger with fileds: ['total_steps', 'EpRet', 'EpCost', 'CostRate'][0m
[34;1mfieldvalues: [880000, 0.65, 12.9, 0.04665459847113462]
[0m
arrive destination: True ,out of road:False   Total T: 880389 Episode Num: 2883 Episode T: 627 Reward: 815.557 Cost: 45.000
arrive destination: True ,out of road:False   Total T: 880658 Episode Num: 2884 Episode T: 269 Reward: 269.838 Cost: 19.000
arrive destination: True ,out of road:False   Total T: 880963 Episode Num: 2885 Episode T: 305 Reward: 399.075 Cost: 6.000
arrive destination: True ,out of road:False   Total T: 881371 Episode Num: 2886 Episode T: 408 Reward: 474.608 Cost: 9.000
arrive destination: True ,out of road:False   Total T: 881603 Episode Num: 2887 Episode T: 232 Reward: 273.730 Cost: 1.000
arrive destination: True ,out of road:False   Total T: 881839 Episode Num: 2888 Episode T: 236 Reward: 276.282 Cost: 0.000
arrive destination: True ,out of road:False   Total T: 882148 Episode Num: 2889 Episode T: 309 Reward: 369.133 Cost: 16.000
arrive destination: True ,out of road:False   Total T: 882374 Episode Num: 2890 Episode T: 226 Reward: 285.882 Cost: 6.000
arrive destination: False ,out of road:False   Total T: 883374 Episode Num: 2891 Episode T: 1000 Reward: 61.093 Cost: 4.000
arrive destination: True ,out of road:False   Total T: 883594 Episode Num: 2892 Episode T: 220 Reward: 245.798 Cost: 0.000
arrive destination: True ,out of road:False   Total T: 883821 Episode Num: 2893 Episode T: 227 Reward: 296.176 Cost: 3.000
arrive destination: True ,out of road:False   Total T: 884063 Episode Num: 2894 Episode T: 242 Reward: 273.397 Cost: 14.000
arrive destination: True ,out of road:False   Total T: 884280 Episode Num: 2895 Episode T: 217 Reward: 246.543 Cost: 0.000
arrive destination: True ,out of road:False   Total T: 884587 Episode Num: 2896 Episode T: 307 Reward: 372.608 Cost: 8.000
arrive destination: True ,out of road:False   Total T: 884808 Episode Num: 2897 Episode T: 221 Reward: 286.243 Cost: 10.000
arrive destination: True ,out of road:False   Total T: 885054 Episode Num: 2898 Episode T: 246 Reward: 271.752 Cost: 10.000
arrive destination: True ,out of road:False   Total T: 885317 Episode Num: 2899 Episode T: 263 Reward: 349.075 Cost: 6.000
arrive destination: True ,out of road:True   Total T: 885552 Episode Num: 2900 Episode T: 235 Reward: 334.421 Cost: 9.000
arrive destination: True ,out of road:False   Total T: 885921 Episode Num: 2901 Episode T: 369 Reward: 400.773 Cost: 0.000
arrive destination: True ,out of road:False   Total T: 886133 Episode Num: 2902 Episode T: 212 Reward: 232.263 Cost: 8.000
arrive destination: False ,out of road:True   Total T: 886195 Episode Num: 2903 Episode T: 62 Reward: 29.056 Cost: 1.000
arrive destination: True ,out of road:False   Total T: 886487 Episode Num: 2904 Episode T: 292 Reward: 373.648 Cost: 25.000
arrive destination: True ,out of road:False   Total T: 886755 Episode Num: 2905 Episode T: 268 Reward: 272.361 Cost: 24.000
arrive destination: True ,out of road:False   Total T: 887097 Episode Num: 2906 Episode T: 342 Reward: 509.035 Cost: 1.000
arrive destination: True ,out of road:False   Total T: 887292 Episode Num: 2907 Episode T: 195 Reward: 252.157 Cost: 9.000
arrive destination: True ,out of road:False   Total T: 887556 Episode Num: 2908 Episode T: 264 Reward: 335.841 Cost: 3.000
arrive destination: True ,out of road:True   Total T: 887792 Episode Num: 2909 Episode T: 236 Reward: 322.806 Cost: 10.000
arrive destination: True ,out of road:False   Total T: 888015 Episode Num: 2910 Episode T: 223 Reward: 285.550 Cost: 5.000
arrive destination: True ,out of road:False   Total T: 888262 Episode Num: 2911 Episode T: 247 Reward: 273.913 Cost: 15.000
arrive destination: True ,out of road:False   Total T: 888465 Episode Num: 2912 Episode T: 203 Reward: 232.597 Cost: 8.000
arrive destination: True ,out of road:False   Total T: 888883 Episode Num: 2913 Episode T: 418 Reward: 336.065 Cost: 55.000
arrive destination: True ,out of road:False   Total T: 889395 Episode Num: 2914 Episode T: 512 Reward: 497.145 Cost: 52.000
arrive destination: True ,out of road:False   Total T: 889608 Episode Num: 2915 Episode T: 213 Reward: 246.582 Cost: 0.000
arrive destination: True ,out of road:False   Total T: 889832 Episode Num: 2916 Episode T: 224 Reward: 285.869 Cost: 7.000
---------------------------------------
Evaluation over 20 episodes: 0.850 Cost 17.600.             SafeRL used : use_td3
---------------------------------------
[34;1m
Time: 2026-06-29 17:26:48, Time spent from previous logger: 125.701 s[0m
[34;1mCustomLogger with fileds: ['total_steps', 'EpRet', 'EpCost', 'CostRate'][0m
[34;1mfieldvalues: [890000, 0.85, 17.6, 0.04655623208565403]
[0m
arrive destination: True ,out of road:False   Total T: 890199 Episode Num: 2917 Episode T: 367 Reward: 446.252 Cost: 17.000
arrive destination: True ,out of road:False   Total T: 890454 Episode Num: 2918 Episode T: 255 Reward: 268.211 Cost: 24.000
arrive destination: True ,out of road:True   Total T: 890686 Episode Num: 2919 Episode T: 232 Reward: 339.992 Cost: 12.000
arrive destination: True ,out of road:False   Total T: 891082 Episode Num: 2920 Episode T: 396 Reward: 471.884 Cost: 21.000
arrive destination: True ,out of road:False   Total T: 891504 Episode Num: 2921 Episode T: 422 Reward: 466.283 Cost: 45.000
arrive destination: True ,out of road:False   Total T: 891699 Episode Num: 2922 Episode T: 195 Reward: 232.985 Cost: 13.000
arrive destination: True ,out of road:False   Total T: 891936 Episode Num: 2923 Episode T: 237 Reward: 296.056 Cost: 6.000
arrive destination: True ,out of road:False   Total T: 892171 Episode Num: 2924 Episode T: 235 Reward: 274.812 Cost: 0.000
arrive destination: True ,out of road:False   Total T: 892367 Episode Num: 2925 Episode T: 196 Reward: 232.426 Cost: 8.000
arrive destination: True ,out of road:False   Total T: 892614 Episode Num: 2926 Episode T: 247 Reward: 294.004 Cost: 33.000
arrive destination: True ,out of road:False   Total T: 892963 Episode Num: 2927 Episode T: 349 Reward: 396.537 Cost: 0.000
arrive destination: True ,out of road:False   Total T: 893366 Episode Num: 2928 Episode T: 403 Reward: 491.818 Cost: 24.000
arrive destination: True ,out of road:False   Total T: 893672 Episode Num: 2929 Episode T: 306 Reward: 372.060 Cost: 6.000
arrive destination: True ,out of road:False   Total T: 893891 Episode Num: 2930 Episode T: 219 Reward: 315.027 Cost: 17.000
arrive destination: True ,out of road:True   Total T: 894147 Episode Num: 2931 Episode T: 256 Reward: 324.667 Cost: 26.000
arrive destination: True ,out of road:False   Total T: 894515 Episode Num: 2932 Episode T: 368 Reward: 409.346 Cost: 24.000
arrive destination: True ,out of road:False   Total T: 894751 Episode Num: 2933 Episode T: 236 Reward: 276.289 Cost: 0.000
arrive destination: True ,out of road:False   Total T: 894951 Episode Num: 2934 Episode T: 200 Reward: 269.566 Cost: 0.000
arrive destination: True ,out of road:False   Total T: 895189 Episode Num: 2935 Episode T: 238 Reward: 274.444 Cost: 3.000
arrive destination: False ,out of road:True   Total T: 895252 Episode Num: 2936 Episode T: 63 Reward: 33.365 Cost: 1.000
arrive destination: False ,out of road:True   Total T: 895585 Episode Num: 2937 Episode T: 333 Reward: 357.725 Cost: 15.000
arrive destination: True ,out of road:False   Total T: 895845 Episode Num: 2938 Episode T: 260 Reward: 294.151 Cost: 34.000
arrive destination: True ,out of road:False   Total T: 896204 Episode Num: 2939 Episode T: 359 Reward: 509.463 Cost: 6.000
arrive destination: False ,out of road:True   Total T: 896257 Episode Num: 2940 Episode T: 53 Reward: 19.746 Cost: 1.000
arrive destination: True ,out of road:False   Total T: 896567 Episode Num: 2941 Episode T: 310 Reward: 398.003 Cost: 9.000
arrive destination: True ,out of road:False   Total T: 896874 Episode Num: 2942 Episode T: 307 Reward: 370.167 Cost: 14.000
arrive destination: True ,out of road:False   Total T: 897175 Episode Num: 2943 Episode T: 301 Reward: 398.247 Cost: 1.000
arrive destination: True ,out of road:False   Total T: 897470 Episode Num: 2944 Episode T: 295 Reward: 399.201 Cost: 11.000
arrive destination: True ,out of road:False   Total T: 897815 Episode Num: 2945 Episode T: 345 Reward: 396.608 Cost: 0.000
arrive destination: True ,out of road:False   Total T: 898106 Episode Num: 2946 Episode T: 291 Reward: 369.907 Cost: 27.000
arrive destination: True ,out of road:True   Total T: 898505 Episode Num: 2947 Episode T: 399 Reward: 520.893 Cost: 32.000
arrive destination: True ,out of road:False   Total T: 898732 Episode Num: 2948 Episode T: 227 Reward: 284.865 Cost: 11.000
arrive destination: True ,out of road:False   Total T: 898961 Episode Num: 2949 Episode T: 229 Reward: 285.247 Cost: 8.000
arrive destination: True ,out of road:False   Total T: 899179 Episode Num: 2950 Episode T: 218 Reward: 285.386 Cost: 6.000
arrive destination: True ,out of road:False   Total T: 899505 Episode Num: 2951 Episode T: 326 Reward: 405.004 Cost: 13.000
arrive destination: True ,out of road:False   Total T: 899748 Episode Num: 2952 Episode T: 243 Reward: 273.479 Cost: 19.000
arrive destination: False ,out of road:True   Total T: 899892 Episode Num: 2953 Episode T: 144 Reward: 160.990 Cost: 1.000
---------------------------------------
Evaluation over 20 episodes: 0.700 Cost 11.300.             SafeRL used : use_td3
---------------------------------------
[34;1m
Time: 2026-06-29 17:28:56, Time spent from previous logger: 128.366 s[0m
[34;1mCustomLogger with fileds: ['total_steps', 'EpRet', 'EpCost', 'CostRate'][0m
[34;1mfieldvalues: [900000, 0.7, 11.3, 0.04658116286795874]
[0m
arrive destination: True ,out of road:False   Total T: 900221 Episode Num: 2954 Episode T: 329 Reward: 349.854 Cost: 0.000
arrive destination: False ,out of road:True   Total T: 900349 Episode Num: 2955 Episode T: 128 Reward: 131.116 Cost: 1.000
arrive destination: True ,out of road:False   Total T: 900607 Episode Num: 2956 Episode T: 258 Reward: 293.991 Cost: 23.000
arrive destination: True ,out of road:False   Total T: 900875 Episode Num: 2957 Episode T: 268 Reward: 335.321 Cost: 2.000
arrive destination: False ,out of road:True   Total T: 900928 Episode Num: 2958 Episode T: 53 Reward: 18.667 Cost: 1.000
arrive destination: True ,out of road:False   Total T: 901243 Episode Num: 2959 Episode T: 315 Reward: 368.147 Cost: 5.000
arrive destination: False ,out of road:True   Total T: 901305 Episode Num: 2960 Episode T: 62 Reward: 29.767 Cost: 1.000
arrive destination: True ,out of road:False   Total T: 901622 Episode Num: 2961 Episode T: 317 Reward: 373.657 Cost: 24.000
arrive destination: True ,out of road:True   Total T: 901932 Episode Num: 2962 Episode T: 310 Reward: 436.366 Cost: 23.000
arrive destination: True ,out of road:False   Total T: 902162 Episode Num: 2963 Episode T: 230 Reward: 295.547 Cost: 8.000
arrive destination: True ,out of road:False   Total T: 902389 Episode Num: 2964 Episode T: 227 Reward: 283.832 Cost: 6.000
arrive destination: True ,out of road:False   Total T: 902693 Episode Num: 2965 Episode T: 304 Reward: 371.479 Cost: 22.000
arrive destination: True ,out of road:False   Total T: 903043 Episode Num: 2966 Episode T: 350 Reward: 414.560 Cost: 34.000
arrive destination: True ,out of road:False   Total T: 903396 Episode Num: 2967 Episode T: 353 Reward: 414.499 Cost: 31.000
arrive destination: True ,out of road:False   Total T: 903624 Episode Num: 2968 Episode T: 228 Reward: 286.792 Cost: 1.000
arrive destination: False ,out of road:True   Total T: 903783 Episode Num: 2969 Episode T: 159 Reward: 180.766 Cost: 1.000
arrive destination: True ,out of road:False   Total T: 904060 Episode Num: 2970 Episode T: 277 Reward: 335.998 Cost: 20.000
arrive destination: True ,out of road:False   Total T: 904460 Episode Num: 2971 Episode T: 400 Reward: 471.050 Cost: 29.000
arrive destination: True ,out of road:False   Total T: 904677 Episode Num: 2972 Episode T: 217 Reward: 283.963 Cost: 8.000
arrive destination: False ,out of road:True   Total T: 904733 Episode Num: 2973 Episode T: 56 Reward: 24.158 Cost: 1.000
arrive destination: True ,out of road:False   Total T: 905044 Episode Num: 2974 Episode T: 311 Reward: 408.940 Cost: 5.000
arrive destination: False ,out of road:True   Total T: 905256 Episode Num: 2975 Episode T: 212 Reward: 269.472 Cost: 8.000
arrive destination: True ,out of road:False   Total T: 905459 Episode Num: 2976 Episode T: 203 Reward: 240.398 Cost: 11.000
arrive destination: True ,out of road:False   Total T: 905823 Episode Num: 2977 Episode T: 364 Reward: 411.548 Cost: 29.000
arrive destination: True ,out of road:False   Total T: 906287 Episode Num: 2978 Episode T: 464 Reward: 490.879 Cost: 72.000
arrive destination: True ,out of road:False   Total T: 906521 Episode Num: 2979 Episode T: 234 Reward: 296.004 Cost: 14.000
arrive destination: True ,out of road:False   Total T: 906751 Episode Num: 2980 Episode T: 230 Reward: 286.057 Cost: 4.000
arrive destination: True ,out of road:False   Total T: 907045 Episode Num: 2981 Episode T: 294 Reward: 372.000 Cost: 26.000
arrive destination: True ,out of road:False   Total T: 907444 Episode Num: 2982 Episode T: 399 Reward: 417.614 Cost: 21.000
arrive destination: True ,out of road:False   Total T: 907694 Episode Num: 2983 Episode T: 250 Reward: 272.584 Cost: 27.000
arrive destination: False ,out of road:True   Total T: 907856 Episode Num: 2984 Episode T: 162 Reward: 176.926 Cost: 1.000
arrive destination: False ,out of road:True   Total T: 907955 Episode Num: 2985 Episode T: 99 Reward: 88.106 Cost: 1.000
arrive destination: True ,out of road:False   Total T: 908248 Episode Num: 2986 Episode T: 293 Reward: 409.145 Cost: 5.000
arrive destination: True ,out of road:False   Total T: 908485 Episode Num: 2987 Episode T: 237 Reward: 295.788 Cost: 22.000
arrive destination: True ,out of road:False   Total T: 908735 Episode Num: 2988 Episode T: 250 Reward: 274.194 Cost: 21.000
arrive destination: True ,out of road:False   Total T: 909085 Episode Num: 2989 Episode T: 350 Reward: 397.264 Cost: 0.000
arrive destination: True ,out of road:False   Total T: 909461 Episode Num: 2990 Episode T: 376 Reward: 414.464 Cost: 23.000
arrive destination: True ,out of road:False   Total T: 909829 Episode Num: 2991 Episode T: 368 Reward: 493.768 Cost: 15.000
---------------------------------------
Evaluation over 20 episodes: 0.800 Cost 11.800.             SafeRL used : use_td3
---------------------------------------
[34;1m
Time: 2026-06-29 17:31:09, Time spent from previous logger: 132.828 s[0m
[34;1mCustomLogger with fileds: ['total_steps', 'EpRet', 'EpCost', 'CostRate'][0m
[34;1mfieldvalues: [910000, 0.8, 11.8, 0.04668027107722096]
[0m
arrive destination: True ,out of road:False   Total T: 910315 Episode Num: 2992 Episode T: 486 Reward: 598.653 Cost: 15.000
arrive destination: True ,out of road:False   Total T: 910679 Episode Num: 2993 Episode T: 364 Reward: 412.803 Cost: 19.000
arrive destination: True ,out of road:False   Total T: 910953 Episode Num: 2994 Episode T: 274 Reward: 356.971 Cost: 0.000
arrive destination: True ,out of road:False   Total T: 911183 Episode Num: 2995 Episode T: 230 Reward: 295.415 Cost: 19.000
arrive destination: True ,out of road:False   Total T: 911566 Episode Num: 2996 Episode T: 383 Reward: 495.110 Cost: 16.000
arrive destination: True ,out of road:False   Total T: 911853 Episode Num: 2997 Episode T: 287 Reward: 400.298 Cost: 6.000
arrive destination: False ,out of road:True   Total T: 911902 Episode Num: 2998 Episode T: 49 Reward: 15.008 Cost: 1.000
arrive destination: True ,out of road:False   Total T: 912132 Episode Num: 2999 Episode T: 230 Reward: 274.532 Cost: 0.000
arrive destination: True ,out of road:False   Total T: 912398 Episode Num: 3000 Episode T: 266 Reward: 269.120 Cost: 8.000
arrive destination: True ,out of road:False   Total T: 912683 Episode Num: 3001 Episode T: 285 Reward: 335.605 Cost: 14.000
arrive destination: False ,out of road:True   Total T: 912778 Episode Num: 3002 Episode T: 95 Reward: 84.240 Cost: 1.000
arrive destination: True ,out of road:False   Total T: 912997 Episode Num: 3003 Episode T: 219 Reward: 269.976 Cost: 1.000
arrive destination: False ,out of road:True   Total T: 913296 Episode Num: 3004 Episode T: 299 Reward: 358.996 Cost: 12.000
arrive destination: True ,out of road:False   Total T: 913610 Episode Num: 3005 Episode T: 314 Reward: 408.829 Cost: 18.000
arrive destination: True ,out of road:True   Total T: 914007 Episode Num: 3006 Episode T: 397 Reward: 529.859 Cost: 30.000
arrive destination: True ,out of road:False   Total T: 914255 Episode Num: 3007 Episode T: 248 Reward: 294.199 Cost: 17.000
arrive destination: True ,out of road:False   Total T: 914515 Episode Num: 3008 Episode T: 260 Reward: 274.530 Cost: 22.000
arrive destination: True ,out of road:False   Total T: 914755 Episode Num: 3009 Episode T: 240 Reward: 296.055 Cost: 21.000
arrive destination: True ,out of road:False   Total T: 915088 Episode Num: 3010 Episode T: 333 Reward: 417.884 Cost: 14.000
arrive destination: True ,out of road:False   Total T: 915403 Episode Num: 3011 Episode T: 315 Reward: 374.410 Cost: 35.000
arrive destination: True ,out of road:False   Total T: 915638 Episode Num: 3012 Episode T: 235 Reward: 274.943 Cost: 7.000
arrive destination: True ,out of road:False   Total T: 915901 Episode Num: 3013 Episode T: 263 Reward: 350.828 Cost: 10.000
arrive destination: True ,out of road:False   Total T: 916134 Episode Num: 3014 Episode T: 233 Reward: 295.205 Cost: 10.000
arrive destination: False ,out of road:True   Total T: 916186 Episode Num: 3015 Episode T: 52 Reward: 19.358 Cost: 1.000
arrive destination: True ,out of road:False   Total T: 916508 Episode Num: 3016 Episode T: 322 Reward: 415.988 Cost: 9.000
arrive destination: False ,out of road:True   Total T: 916599 Episode Num: 3017 Episode T: 91 Reward: 77.445 Cost: 1.000
arrive destination: False ,out of road:True   Total T: 916661 Episode Num: 3018 Episode T: 62 Reward: 33.491 Cost: 1.000
arrive destination: True ,out of road:False   Total T: 916922 Episode Num: 3019 Episode T: 261 Reward: 294.630 Cost: 36.000
arrive destination: True ,out of road:False   Total T: 917283 Episode Num: 3020 Episode T: 361 Reward: 493.027 Cost: 8.000
arrive destination: True ,out of road:False   Total T: 917583 Episode Num: 3021 Episode T: 300 Reward: 370.248 Cost: 7.000
arrive destination: True ,out of road:False   Total T: 917803 Episode Num: 3022 Episode T: 220 Reward: 305.641 Cost: 18.000
arrive destination: True ,out of road:False   Total T: 918043 Episode Num: 3023 Episode T: 240 Reward: 277.216 Cost: 1.000
arrive destination: True ,out of road:False   Total T: 918261 Episode Num: 3024 Episode T: 218 Reward: 247.591 Cost: 0.000
arrive destination: False ,out of road:True   Total T: 918654 Episode Num: 3025 Episode T: 393 Reward: 541.592 Cost: 37.000
arrive destination: True ,out of road:False   Total T: 919038 Episode Num: 3026 Episode T: 384 Reward: 466.840 Cost: 21.000
arrive destination: True ,out of road:False   Total T: 919381 Episode Num: 3027 Episode T: 343 Reward: 508.831 Cost: 7.000
arrive destination: False ,out of road:True   Total T: 919787 Episode Num: 3028 Episode T: 406 Reward: 396.266 Cost: 36.000
arrive destination: True ,out of road:False   Total T: 920000 Episode Num: 3029 Episode T: 213 Reward: 269.403 Cost: 2.000
---------------------------------------
Evaluation over 20 episodes: 0.750 Cost 10.600.             SafeRL used : use_td3
---------------------------------------
[34;1m
Time: 2026-06-29 17:33:16, Time spent from previous logger: 127.236 s[0m
[34;1mCustomLogger with fileds: ['total_steps', 'EpRet', 'EpCost', 'CostRate'][0m
[34;1mfieldvalues: [920000, 0.75, 10.6, 0.046684833353079734]
[0m
arrive destination: True ,out of road:False   Total T: 920247 Episode Num: 3030 Episode T: 247 Reward: 293.947 Cost: 19.000
arrive destination: True ,out of road:False   Total T: 920608 Episode Num: 3031 Episode T: 361 Reward: 510.034 Cost: 4.000
arrive destination: True ,out of road:False   Total T: 920842 Episode Num: 3032 Episode T: 234 Reward: 307.086 Cost: 3.000
arrive destination: False ,out of road:True   Total T: 921200 Episode Num: 3033 Episode T: 358 Reward: 373.065 Cost: 1.000
arrive destination: True ,out of road:False   Total T: 921473 Episode Num: 3034 Episode T: 273 Reward: 357.157 Cost: 3.000
arrive destination: True ,out of road:False   Total T: 921666 Episode Num: 3035 Episode T: 193 Reward: 231.994 Cost: 2.000
arrive destination: True ,out of road:False   Total T: 921859 Episode Num: 3036 Episode T: 193 Reward: 231.886 Cost: 3.000
arrive destination: False ,out of road:True   Total T: 921950 Episode Num: 3037 Episode T: 91 Reward: 76.209 Cost: 1.000
arrive destination: True ,out of road:False   Total T: 922173 Episode Num: 3038 Episode T: 223 Reward: 246.913 Cost: 0.000
arrive destination: True ,out of road:False   Total T: 922397 Episode Num: 3039 Episode T: 224 Reward: 285.373 Cost: 6.000
arrive destination: True ,out of road:False   Total T: 922759 Episode Num: 3040 Episode T: 362 Reward: 504.936 Cost: 20.000
arrive destination: False ,out of road:True   Total T: 922868 Episode Num: 3041 Episode T: 109 Reward: 90.799 Cost: 1.000
arrive destination: True ,out of road:False   Total T: 923204 Episode Num: 3042 Episode T: 336 Reward: 400.000 Cost: 6.000
arrive destination: False ,out of road:True   Total T: 923409 Episode Num: 3043 Episode T: 205 Reward: 235.598 Cost: 12.000
arrive destination: True ,out of road:False   Total T: 923769 Episode Num: 3044 Episode T: 360 Reward: 424.582 Cost: 30.000
arrive destination: True ,out of road:False   Total T: 924031 Episode Num: 3045 Episode T: 262 Reward: 293.958 Cost: 34.000
arrive destination: False ,out of road:True   Total T: 924139 Episode Num: 3046 Episode T: 108 Reward: 92.544 Cost: 1.000
arrive destination: True ,out of road:True   Total T: 924366 Episode Num: 3047 Episode T: 227 Reward: 324.184 Cost: 9.000
arrive destination: True ,out of road:False   Total T: 924708 Episode Num: 3048 Episode T: 342 Reward: 509.781 Cost: 5.000
arrive destination: True ,out of road:True   Total T: 924947 Episode Num: 3049 Episode T: 239 Reward: 285.939 Cost: 12.000
arrive destination: True ,out of road:False   Total T: 925214 Episode Num: 3050 Episode T: 267 Reward: 358.021 Cost: 0.000
arrive destination: False ,out of road:True   Total T: 925357 Episode Num: 3051 Episode T: 143 Reward: 148.108 Cost: 1.000
arrive destination: True ,out of road:False   Total T: 925564 Episode Num: 3052 Episode T: 207 Reward: 269.821 Cost: 0.000
arrive destination: True ,out of road:False   Total T: 925910 Episode Num: 3053 Episode T: 346 Reward: 506.581 Cost: 10.000
arrive destination: True ,out of road:False   Total T: 926213 Episode Num: 3054 Episode T: 303 Reward: 365.948 Cost: 17.000
arrive destination: True ,out of road:False   Total T: 926447 Episode Num: 3055 Episode T: 234 Reward: 286.095 Cost: 8.000
arrive destination: True ,out of road:False   Total T: 926655 Episode Num: 3056 Episode T: 208 Reward: 243.054 Cost: 0.000
arrive destination: True ,out of road:True   Total T: 926932 Episode Num: 3057 Episode T: 277 Reward: 411.873 Cost: 17.000
arrive destination: True ,out of road:False   Total T: 927183 Episode Num: 3058 Episode T: 251 Reward: 271.051 Cost: 13.000
arrive destination: True ,out of road:False   Total T: 927563 Episode Num: 3059 Episode T: 380 Reward: 396.645 Cost: 0.000
arrive destination: True ,out of road:False   Total T: 927893 Episode Num: 3060 Episode T: 330 Reward: 415.994 Cost: 17.000
arrive destination: True ,out of road:False   Total T: 928170 Episode Num: 3061 Episode T: 277 Reward: 357.318 Cost: 7.000
arrive destination: True ,out of road:False   Total T: 928511 Episode Num: 3062 Episode T: 341 Reward: 507.880 Cost: 11.000
arrive destination: True ,out of road:False   Total T: 928751 Episode Num: 3063 Episode T: 240 Reward: 335.601 Cost: 1.000
arrive destination: True ,out of road:False   Total T: 929067 Episode Num: 3064 Episode T: 316 Reward: 414.424 Cost: 14.000
arrive destination: True ,out of road:False   Total T: 929415 Episode Num: 3065 Episode T: 348 Reward: 508.962 Cost: 3.000
arrive destination: True ,out of road:False   Total T: 929623 Episode Num: 3066 Episode T: 208 Reward: 246.878 Cost: 0.000
arrive destination: True ,out of road:False   Total T: 929832 Episode Num: 3067 Episode T: 209 Reward: 246.311 Cost: 0.000
---------------------------------------
Evaluation over 20 episodes: 0.650 Cost 16.950.             SafeRL used : use_td3
---------------------------------------
[34;1m
Time: 2026-06-29 17:35:26, Time spent from previous logger: 129.589 s[0m
[34;1mCustomLogger with fileds: ['total_steps', 'EpRet', 'EpCost', 'CostRate'][0m
[34;1mfieldvalues: [930000, 0.65, 16.95, 0.04649574892016013]
[0m
arrive destination: True ,out of road:False   Total T: 930365 Episode Num: 3068 Episode T: 533 Reward: 590.154 Cost: 0.000
arrive destination: True ,out of road:True   Total T: 930762 Episode Num: 3069 Episode T: 397 Reward: 535.974 Cost: 37.000
arrive destination: True ,out of road:False   Total T: 931149 Episode Num: 3070 Episode T: 387 Reward: 496.835 Cost: 32.000
arrive destination: True ,out of road:False   Total T: 931385 Episode Num: 3071 Episode T: 236 Reward: 285.482 Cost: 5.000
arrive destination: False ,out of road:True   Total T: 931766 Episode Num: 3072 Episode T: 381 Reward: 50.862 Cost: 51.000
arrive destination: False ,out of road:True   Total T: 931828 Episode Num: 3073 Episode T: 62 Reward: 28.323 Cost: 1.000
arrive destination: True ,out of road:False   Total T: 932086 Episode Num: 3074 Episode T: 258 Reward: 270.083 Cost: 27.000
arrive destination: True ,out of road:False   Total T: 932300 Episode Num: 3075 Episode T: 214 Reward: 245.628 Cost: 0.000
arrive destination: True ,out of road:False   Total T: 932535 Episode Num: 3076 Episode T: 235 Reward: 273.437 Cost: 0.000
arrive destination: True ,out of road:False   Total T: 932759 Episode Num: 3077 Episode T: 224 Reward: 285.687 Cost: 7.000
arrive destination: True ,out of road:False   Total T: 933063 Episode Num: 3078 Episode T: 304 Reward: 410.311 Cost: 5.000
arrive destination: False ,out of road:True   Total T: 933386 Episode Num: 3079 Episode T: 323 Reward: 465.948 Cost: 11.000
arrive destination: True ,out of road:False   Total T: 933779 Episode Num: 3080 Episode T: 393 Reward: 469.472 Cost: 18.000
arrive destination: False ,out of road:True   Total T: 934004 Episode Num: 3081 Episode T: 225 Reward: 235.873 Cost: 22.000
arrive destination: True ,out of road:False   Total T: 934402 Episode Num: 3082 Episode T: 398 Reward: 464.301 Cost: 13.000
arrive destination: True ,out of road:False   Total T: 934759 Episode Num: 3083 Episode T: 357 Reward: 376.795 Cost: 27.000
arrive destination: True ,out of road:False   Total T: 934984 Episode Num: 3084 Episode T: 225 Reward: 294.712 Cost: 16.000
arrive destination: True ,out of road:False   Total T: 935264 Episode Num: 3085 Episode T: 280 Reward: 335.738 Cost: 16.000
arrive destination: True ,out of road:False   Total T: 935470 Episode Num: 3086 Episode T: 206 Reward: 269.304 Cost: 0.000
arrive destination: True ,out of road:False   Total T: 935853 Episode Num: 3087 Episode T: 383 Reward: 377.409 Cost: 19.000
arrive destination: True ,out of road:False   Total T: 936286 Episode Num: 3088 Episode T: 433 Reward: 466.731 Cost: 29.000
arrive destination: True ,out of road:False   Total T: 936517 Episode Num: 3089 Episode T: 231 Reward: 287.272 Cost: 0.000
arrive destination: True ,out of road:False   Total T: 936870 Episode Num: 3090 Episode T: 353 Reward: 400.456 Cost: 0.000
arrive destination: True ,out of road:False   Total T: 937156 Episode Num: 3091 Episode T: 286 Reward: 335.977 Cost: 33.000
arrive destination: True ,out of road:False   Total T: 937476 Episode Num: 3092 Episode T: 320 Reward: 414.452 Cost: 10.000
arrive destination: True ,out of road:False   Total T: 937688 Episode Num: 3093 Episode T: 212 Reward: 248.309 Cost: 0.000
arrive destination: True ,out of road:False   Total T: 937906 Episode Num: 3094 Episode T: 218 Reward: 304.961 Cost: 16.000
arrive destination: True ,out of road:False   Total T: 938126 Episode Num: 3095 Episode T: 220 Reward: 247.072 Cost: 0.000
arrive destination: True ,out of road:False   Total T: 938319 Episode Num: 3096 Episode T: 193 Reward: 231.007 Cost: 6.000
arrive destination: True ,out of road:False   Total T: 938558 Episode Num: 3097 Episode T: 239 Reward: 285.839 Cost: 8.000
arrive destination: False ,out of road:True   Total T: 938620 Episode Num: 3098 Episode T: 62 Reward: 29.483 Cost: 1.000
arrive destination: True ,out of road:False   Total T: 938926 Episode Num: 3099 Episode T: 306 Reward: 371.909 Cost: 6.000
arrive destination: True ,out of road:False   Total T: 939158 Episode Num: 3100 Episode T: 232 Reward: 274.743 Cost: 0.000
arrive destination: True ,out of road:False   Total T: 939408 Episode Num: 3101 Episode T: 250 Reward: 270.829 Cost: 21.000
arrive destination: True ,out of road:False   Total T: 939656 Episode Num: 3102 Episode T: 248 Reward: 273.426 Cost: 19.000
---------------------------------------
Evaluation over 20 episodes: 0.850 Cost 17.000.             SafeRL used : use_td3
---------------------------------------
[34;1m
Time: 2026-06-29 17:37:39, Time spent from previous logger: 133.519 s[0m
[34;1mCustomLogger with fileds: ['total_steps', 'EpRet', 'EpCost', 'CostRate'][0m
[34;1mfieldvalues: [940000, 0.85, 17.0, 0.04649047498986701]
[0m
arrive destination: True ,out of road:False   Total T: 940202 Episode Num: 3103 Episode T: 546 Reward: 756.904 Cost: 4.000
arrive destination: True ,out of road:False   Total T: 940637 Episode Num: 3104 Episode T: 435 Reward: 468.549 Cost: 38.000
arrive destination: True ,out of road:False   Total T: 940864 Episode Num: 3105 Episode T: 227 Reward: 284.452 Cost: 8.000
arrive destination: True ,out of road:False   Total T: 941156 Episode Num: 3106 Episode T: 292 Reward: 399.060 Cost: 2.000
arrive destination: True ,out of road:False   Total T: 941415 Episode Num: 3107 Episode T: 259 Reward: 353.432 Cost: 0.000
arrive destination: True ,out of road:False   Total T: 941618 Episode Num: 3108 Episode T: 203 Reward: 269.695 Cost: 0.000
arrive destination: True ,out of road:False   Total T: 942017 Episode Num: 3109 Episode T: 399 Reward: 399.375 Cost: 2.000
arrive destination: True ,out of road:False   Total T: 942370 Episode Num: 3110 Episode T: 353 Reward: 400.961 Cost: 0.000
arrive destination: False ,out of road:True   Total T: 942614 Episode Num: 3111 Episode T: 244 Reward: 314.049 Cost: 1.000
arrive destination: True ,out of road:True   Total T: 942845 Episode Num: 3112 Episode T: 231 Reward: 312.562 Cost: 7.000
arrive destination: True ,out of road:False   Total T: 943060 Episode Num: 3113 Episode T: 215 Reward: 243.628 Cost: 0.000
arrive destination: True ,out of road:True   Total T: 943337 Episode Num: 3114 Episode T: 277 Reward: 408.889 Cost: 11.000
arrive destination: True ,out of road:False   Total T: 943545 Episode Num: 3115 Episode T: 208 Reward: 269.040 Cost: 0.000
arrive destination: True ,out of road:False   Total T: 943822 Episode Num: 3116 Episode T: 277 Reward: 357.335 Cost: 11.000
arrive destination: True ,out of road:False   Total T: 944183 Episode Num: 3117 Episode T: 361 Reward: 425.851 Cost: 35.000
arrive destination: True ,out of road:False   Total T: 944490 Episode Num: 3118 Episode T: 307 Reward: 370.350 Cost: 16.000
arrive destination: True ,out of road:False   Total T: 944752 Episode Num: 3119 Episode T: 262 Reward: 281.511 Cost: 20.000
arrive destination: False ,out of road:True   Total T: 945045 Episode Num: 3120 Episode T: 293 Reward: 318.067 Cost: 1.000
arrive destination: False ,out of road:True   Total T: 945102 Episode Num: 3121 Episode T: 57 Reward: 25.905 Cost: 1.000
arrive destination: True ,out of road:False   Total T: 945302 Episode Num: 3122 Episode T: 200 Reward: 269.186 Cost: 0.000
arrive destination: True ,out of road:False   Total T: 945505 Episode Num: 3123 Episode T: 203 Reward: 269.641 Cost: 0.000
arrive destination: True ,out of road:False   Total T: 945793 Episode Num: 3124 Episode T: 288 Reward: 365.137 Cost: 28.000
arrive destination: True ,out of road:False   Total T: 946022 Episode Num: 3125 Episode T: 229 Reward: 274.851 Cost: 0.000
arrive destination: True ,out of road:False   Total T: 946297 Episode Num: 3126 Episode T: 275 Reward: 357.108 Cost: 6.000
arrive destination: True ,out of road:False   Total T: 946612 Episode Num: 3127 Episode T: 315 Reward: 399.082 Cost: 5.000
arrive destination: True ,out of road:False   Total T: 946954 Episode Num: 3128 Episode T: 342 Reward: 509.423 Cost: 3.000
arrive destination: True ,out of road:False   Total T: 947303 Episode Num: 3129 Episode T: 349 Reward: 437.156 Cost: 45.000
arrive destination: True ,out of road:False   Total T: 947658 Episode Num: 3130 Episode T: 355 Reward: 399.972 Cost: 19.000
arrive destination: True ,out of road:False   Total T: 948017 Episode Num: 3131 Episode T: 359 Reward: 495.676 Cost: 25.000
arrive destination: True ,out of road:False   Total T: 948311 Episode Num: 3132 Episode T: 294 Reward: 335.636 Cost: 19.000
arrive destination: True ,out of road:False   Total T: 948504 Episode Num: 3133 Episode T: 193 Reward: 232.003 Cost: 9.000
arrive destination: True ,out of road:False   Total T: 948859 Episode Num: 3134 Episode T: 355 Reward: 512.052 Cost: 9.000
arrive destination: True ,out of road:False   Total T: 949214 Episode Num: 3135 Episode T: 355 Reward: 511.385 Cost: 9.000
arrive destination: True ,out of road:False   Total T: 949586 Episode Num: 3136 Episode T: 372 Reward: 410.505 Cost: 34.000
arrive destination: True ,out of road:False   Total T: 949933 Episode Num: 3137 Episode T: 347 Reward: 377.925 Cost: 35.000
---------------------------------------
Evaluation over 20 episodes: 0.800 Cost 11.600.             SafeRL used : use_td3
---------------------------------------
[34;1m
Time: 2026-06-29 17:39:49, Time spent from previous logger: 129.621 s[0m
[34;1mCustomLogger with fileds: ['total_steps', 'EpRet', 'EpCost', 'CostRate'][0m
[34;1mfieldvalues: [950000, 0.8, 11.6, 0.04642110149589631]
[0m
arrive destination: True ,out of road:False   Total T: 950345 Episode Num: 3138 Episode T: 412 Reward: 461.175 Cost: 29.000
arrive destination: True ,out of road:False   Total T: 950572 Episode Num: 3139 Episode T: 227 Reward: 281.117 Cost: 7.000
arrive destination: True ,out of road:False   Total T: 950820 Episode Num: 3140 Episode T: 248 Reward: 275.979 Cost: 14.000
arrive destination: True ,out of road:False   Total T: 951121 Episode Num: 3141 Episode T: 301 Reward: 371.786 Cost: 8.000
arrive destination: True ,out of road:False   Total T: 951370 Episode Num: 3142 Episode T: 249 Reward: 336.052 Cost: 4.000
arrive destination: True ,out of road:False   Total T: 951677 Episode Num: 3143 Episode T: 307 Reward: 376.916 Cost: 24.000
arrive destination: True ,out of road:False   Total T: 951875 Episode Num: 3144 Episode T: 198 Reward: 232.794 Cost: 0.000
arrive destination: True ,out of road:False   Total T: 952096 Episode Num: 3145 Episode T: 221 Reward: 282.536 Cost: 8.000
arrive destination: True ,out of road:False   Total T: 952316 Episode Num: 3146 Episode T: 220 Reward: 285.206 Cost: 3.000
arrive destination: False ,out of road:True   Total T: 952414 Episode Num: 3147 Episode T: 98 Reward: 86.320 Cost: 2.000
arrive destination: True ,out of road:False   Total T: 952734 Episode Num: 3148 Episode T: 320 Reward: 421.801 Cost: 16.000
arrive destination: True ,out of road:False   Total T: 953028 Episode Num: 3149 Episode T: 294 Reward: 397.973 Cost: 1.000
arrive destination: True ,out of road:False   Total T: 953258 Episode Num: 3150 Episode T: 230 Reward: 273.676 Cost: 0.000
arrive destination: True ,out of road:False   Total T: 953638 Episode Num: 3151 Episode T: 380 Reward: 496.456 Cost: 15.000
arrive destination: True ,out of road:False   Total T: 953982 Episode Num: 3152 Episode T: 344 Reward: 509.806 Cost: 2.000
arrive destination: False ,out of road:True   Total T: 954066 Episode Num: 3153 Episode T: 84 Reward: 61.116 Cost: 1.000
arrive destination: True ,out of road:True   Total T: 954263 Episode Num: 3154 Episode T: 197 Reward: 279.081 Cost: 11.000
arrive destination: True ,out of road:False   Total T: 954613 Episode Num: 3155 Episode T: 350 Reward: 513.401 Cost: 3.000
arrive destination: True ,out of road:False   Total T: 954988 Episode Num: 3156 Episode T: 375 Reward: 493.230 Cost: 37.000
arrive destination: True ,out of road:False   Total T: 955349 Episode Num: 3157 Episode T: 361 Reward: 399.721 Cost: 0.000
arrive destination: True ,out of road:False   Total T: 955713 Episode Num: 3158 Episode T: 364 Reward: 496.126 Cost: 15.000
arrive destination: True ,out of road:True   Total T: 955938 Episode Num: 3159 Episode T: 225 Reward: 336.056 Cost: 19.000
arrive destination: True ,out of road:False   Total T: 956139 Episode Num: 3160 Episode T: 201 Reward: 269.957 Cost: 0.000
arrive destination: True ,out of road:False   Total T: 956448 Episode Num: 3161 Episode T: 309 Reward: 371.463 Cost: 21.000
arrive destination: True ,out of road:False   Total T: 956752 Episode Num: 3162 Episode T: 304 Reward: 375.564 Cost: 25.000
arrive destination: True ,out of road:True   Total T: 956987 Episode Num: 3163 Episode T: 235 Reward: 332.904 Cost: 11.000
arrive destination: True ,out of road:False   Total T: 957226 Episode Num: 3164 Episode T: 239 Reward: 275.171 Cost: 0.000
arrive destination: True ,out of road:False   Total T: 957588 Episode Num: 3165 Episode T: 362 Reward: 414.476 Cost: 13.000
arrive destination: True ,out of road:False   Total T: 957784 Episode Num: 3166 Episode T: 196 Reward: 232.816 Cost: 0.000
arrive destination: True ,out of road:True   Total T: 957980 Episode Num: 3167 Episode T: 196 Reward: 272.865 Cost: 8.000
arrive destination: False ,out of road:True   Total T: 958047 Episode Num: 3168 Episode T: 67 Reward: 36.978 Cost: 1.000
arrive destination: True ,out of road:False   Total T: 958240 Episode Num: 3169 Episode T: 193 Reward: 232.582 Cost: 7.000
arrive destination: True ,out of road:False   Total T: 958541 Episode Num: 3170 Episode T: 301 Reward: 408.630 Cost: 10.000
arrive destination: True ,out of road:False   Total T: 958735 Episode Num: 3171 Episode T: 194 Reward: 269.909 Cost: 0.000
arrive destination: True ,out of road:False   Total T: 958995 Episode Num: 3172 Episode T: 260 Reward: 266.257 Cost: 17.000
arrive destination: True ,out of road:False   Total T: 959312 Episode Num: 3173 Episode T: 317 Reward: 411.157 Cost: 22.000
arrive destination: True ,out of road:False   Total T: 959517 Episode Num: 3174 Episode T: 205 Reward: 243.561 Cost: 0.000
arrive destination: True ,out of road:False   Total T: 959725 Episode Num: 3175 Episode T: 208 Reward: 269.504 Cost: 0.000
---------------------------------------
Evaluation over 20 episodes: 0.750 Cost 11.650.             SafeRL used : use_td3
---------------------------------------
[34;1m
Time: 2026-06-29 17:41:59, Time spent from previous logger: 130.487 s[0m
[34;1mCustomLogger with fileds: ['total_steps', 'EpRet', 'EpCost', 'CostRate'][0m
[34;1mfieldvalues: [960000, 0.75, 11.65, 0.04631775658099644]
[0m
arrive destination: True ,out of road:False   Total T: 960231 Episode Num: 3176 Episode T: 506 Reward: 593.750 Cost: 17.000
arrive destination: True ,out of road:False   Total T: 960538 Episode Num: 3177 Episode T: 307 Reward: 369.039 Cost: 9.000
arrive destination: True ,out of road:False   Total T: 960740 Episode Num: 3178 Episode T: 202 Reward: 269.599 Cost: 0.000
arrive destination: False ,out of road:True   Total T: 960804 Episode Num: 3179 Episode T: 64 Reward: 31.807 Cost: 1.000
arrive destination: True ,out of road:True   Total T: 961208 Episode Num: 3180 Episode T: 404 Reward: 479.496 Cost: 60.000
arrive destination: False ,out of road:True   Total T: 961500 Episode Num: 3181 Episode T: 292 Reward: 322.078 Cost: 1.000
arrive destination: True ,out of road:False   Total T: 961840 Episode Num: 3182 Episode T: 340 Reward: 493.186 Cost: 15.000
arrive destination: False ,out of road:True   Total T: 961956 Episode Num: 3183 Episode T: 116 Reward: 97.076 Cost: 3.000
arrive destination: True ,out of road:False   Total T: 962209 Episode Num: 3184 Episode T: 253 Reward: 274.562 Cost: 12.000
arrive destination: False ,out of road:True   Total T: 962267 Episode Num: 3185 Episode T: 58 Reward: 25.604 Cost: 1.000
arrive destination: True ,out of road:False   Total T: 962459 Episode Num: 3186 Episode T: 192 Reward: 232.680 Cost: 1.000
arrive destination: False ,out of road:True   Total T: 962520 Episode Num: 3187 Episode T: 61 Reward: 30.001 Cost: 1.000
arrive destination: True ,out of road:False   Total T: 962884 Episode Num: 3188 Episode T: 364 Reward: 406.824 Cost: 2.000
arrive destination: True ,out of road:False   Total T: 963244 Episode Num: 3189 Episode T: 360 Reward: 494.757 Cost: 19.000
arrive destination: True ,out of road:False   Total T: 963542 Episode Num: 3190 Episode T: 298 Reward: 367.951 Cost: 17.000
arrive destination: True ,out of road:False   Total T: 963759 Episode Num: 3191 Episode T: 217 Reward: 244.615 Cost: 0.000
arrive destination: True ,out of road:False   Total T: 964125 Episode Num: 3192 Episode T: 366 Reward: 401.170 Cost: 0.000
arrive destination: True ,out of road:False   Total T: 964423 Episode Num: 3193 Episode T: 298 Reward: 369.926 Cost: 4.000
arrive destination: True ,out of road:False   Total T: 964675 Episode Num: 3194 Episode T: 252 Reward: 335.069 Cost: 3.000
arrive destination: True ,out of road:False   Total T: 964979 Episode Num: 3195 Episode T: 304 Reward: 371.499 Cost: 22.000
arrive destination: True ,out of road:False   Total T: 965287 Episode Num: 3196 Episode T: 308 Reward: 412.754 Cost: 16.000
arrive destination: True ,out of road:False   Total T: 965511 Episode Num: 3197 Episode T: 224 Reward: 284.947 Cost: 0.000
arrive destination: True ,out of road:False   Total T: 965897 Episode Num: 3198 Episode T: 386 Reward: 413.682 Cost: 53.000
arrive destination: True ,out of road:False   Total T: 966104 Episode Num: 3199 Episode T: 207 Reward: 242.913 Cost: 0.000
arrive destination: True ,out of road:False   Total T: 966339 Episode Num: 3200 Episode T: 235 Reward: 295.424 Cost: 22.000
arrive destination: True ,out of road:False   Total T: 966758 Episode Num: 3201 Episode T: 419 Reward: 466.370 Cost: 24.000
arrive destination: True ,out of road:False   Total T: 967110 Episode Num: 3202 Episode T: 352 Reward: 508.927 Cost: 0.000
arrive destination: True ,out of road:False   Total T: 967496 Episode Num: 3203 Episode T: 386 Reward: 494.278 Cost: 34.000
arrive destination: True ,out of road:False   Total T: 967768 Episode Num: 3204 Episode T: 272 Reward: 358.225 Cost: 3.000
arrive destination: True ,out of road:False   Total T: 968002 Episode Num: 3205 Episode T: 234 Reward: 274.915 Cost: 14.000
arrive destination: True ,out of road:False   Total T: 968373 Episode Num: 3206 Episode T: 371 Reward: 436.848 Cost: 36.000
arrive destination: False ,out of road:True   Total T: 968429 Episode Num: 3207 Episode T: 56 Reward: 24.278 Cost: 1.000
arrive destination: True ,out of road:False   Total T: 968739 Episode Num: 3208 Episode T: 310 Reward: 399.510 Cost: 7.000
arrive destination: True ,out of road:False   Total T: 968980 Episode Num: 3209 Episode T: 241 Reward: 285.525 Cost: 4.000
arrive destination: False ,out of road:True   Total T: 969179 Episode Num: 3210 Episode T: 199 Reward: 214.693 Cost: 14.000
arrive destination: True ,out of road:False   Total T: 969502 Episode Num: 3211 Episode T: 323 Reward: 398.923 Cost: 15.000
arrive destination: False ,out of road:True   Total T: 969832 Episode Num: 3212 Episode T: 330 Reward: 337.390 Cost: 40.000
---------------------------------------
Evaluation over 20 episodes: 0.800 Cost 17.300.             SafeRL used : use_td3
---------------------------------------
[34;1m
Time: 2026-06-29 17:44:11, Time spent from previous logger: 131.998 s[0m
[34;1mCustomLogger with fileds: ['total_steps', 'EpRet', 'EpCost', 'CostRate'][0m
[34;1mfieldvalues: [970000, 0.8, 17.3, 0.04631448073657808]
[0m
arrive destination: True ,out of road:False   Total T: 970356 Episode Num: 3213 Episode T: 524 Reward: 596.532 Cost: 6.000
arrive destination: True ,out of road:False   Total T: 970620 Episode Num: 3214 Episode T: 264 Reward: 357.288 Cost: 0.000
arrive destination: True ,out of road:False   Total T: 970821 Episode Num: 3215 Episode T: 201 Reward: 269.446 Cost: 1.000
arrive destination: True ,out of road:False   Total T: 971080 Episode Num: 3216 Episode T: 259 Reward: 334.988 Cost: 19.000
arrive destination: True ,out of road:False   Total T: 971326 Episode Num: 3217 Episode T: 246 Reward: 272.608 Cost: 18.000
arrive destination: True ,out of road:False   Total T: 971605 Episode Num: 3218 Episode T: 279 Reward: 335.439 Cost: 20.000
arrive destination: True ,out of road:False   Total T: 971952 Episode Num: 3219 Episode T: 347 Reward: 398.113 Cost: 0.000
arrive destination: True ,out of road:True   Total T: 972347 Episode Num: 3220 Episode T: 395 Reward: 507.247 Cost: 31.000
arrive destination: True ,out of road:False   Total T: 972604 Episode Num: 3221 Episode T: 257 Reward: 268.198 Cost: 23.000
arrive destination: True ,out of road:False   Total T: 972833 Episode Num: 3222 Episode T: 229 Reward: 274.574 Cost: 0.000
arrive destination: True ,out of road:False   Total T: 973044 Episode Num: 3223 Episode T: 211 Reward: 269.298 Cost: 1.000
arrive destination: True ,out of road:False   Total T: 973336 Episode Num: 3224 Episode T: 292 Reward: 367.708 Cost: 22.000
arrive destination: True ,out of road:False   Total T: 973631 Episode Num: 3225 Episode T: 295 Reward: 370.813 Cost: 0.000
arrive destination: True ,out of road:False   Total T: 973885 Episode Num: 3226 Episode T: 254 Reward: 293.931 Cost: 27.000
arrive destination: True ,out of road:False   Total T: 974155 Episode Num: 3227 Episode T: 270 Reward: 272.095 Cost: 18.000
arrive destination: True ,out of road:False   Total T: 974511 Episode Num: 3228 Episode T: 356 Reward: 494.097 Cost: 10.000
arrive destination: True ,out of road:False   Total T: 974830 Episode Num: 3229 Episode T: 319 Reward: 414.360 Cost: 17.000
arrive destination: True ,out of road:False   Total T: 975105 Episode Num: 3230 Episode T: 275 Reward: 351.328 Cost: 2.000
arrive destination: True ,out of road:False   Total T: 975313 Episode Num: 3231 Episode T: 208 Reward: 269.272 Cost: 0.000
arrive destination: True ,out of road:False   Total T: 975591 Episode Num: 3232 Episode T: 278 Reward: 294.683 Cost: 23.000
arrive destination: True ,out of road:False   Total T: 975940 Episode Num: 3233 Episode T: 349 Reward: 507.621 Cost: 4.000
arrive destination: False ,out of road:True   Total T: 976136 Episode Num: 3234 Episode T: 196 Reward: 250.347 Cost: 5.000
arrive destination: True ,out of road:False   Total T: 976358 Episode Num: 3235 Episode T: 222 Reward: 270.004 Cost: 3.000
arrive destination: True ,out of road:False   Total T: 976715 Episode Num: 3236 Episode T: 357 Reward: 374.565 Cost: 41.000
arrive destination: True ,out of road:False   Total T: 977033 Episode Num: 3237 Episode T: 318 Reward: 416.256 Cost: 8.000
arrive destination: True ,out of road:False   Total T: 977372 Episode Num: 3238 Episode T: 339 Reward: 393.701 Cost: 0.000
arrive destination: True ,out of road:False   Total T: 977616 Episode Num: 3239 Episode T: 244 Reward: 274.075 Cost: 16.000
arrive destination: True ,out of road:False   Total T: 977948 Episode Num: 3240 Episode T: 332 Reward: 416.817 Cost: 15.000
arrive destination: True ,out of road:False   Total T: 978185 Episode Num: 3241 Episode T: 237 Reward: 294.332 Cost: 23.000
arrive destination: True ,out of road:False   Total T: 978413 Episode Num: 3242 Episode T: 228 Reward: 268.732 Cost: 14.000
arrive destination: True ,out of road:False   Total T: 978640 Episode Num: 3243 Episode T: 227 Reward: 272.888 Cost: 0.000
arrive destination: True ,out of road:False   Total T: 978915 Episode Num: 3244 Episode T: 275 Reward: 272.119 Cost: 13.000
arrive destination: True ,out of road:False   Total T: 979255 Episode Num: 3245 Episode T: 340 Reward: 507.954 Cost: 1.000
arrive destination: True ,out of road:False   Total T: 979479 Episode Num: 3246 Episode T: 224 Reward: 285.225 Cost: 8.000
arrive destination: True ,out of road:False   Total T: 979803 Episode Num: 3247 Episode T: 324 Reward: 374.114 Cost: 36.000
---------------------------------------
Evaluation over 20 episodes: 0.750 Cost 10.350.             SafeRL used : use_td3
---------------------------------------
[34;1m
Time: 2026-06-29 17:46:18, Time spent from previous logger: 126.321 s[0m
[34;1mCustomLogger with fileds: ['total_steps', 'EpRet', 'EpCost', 'CostRate'][0m
[34;1mfieldvalues: [980000, 0.75, 10.35, 0.04627555742403819]
[0m
arrive destination: True ,out of road:False   Total T: 980347 Episode Num: 3248 Episode T: 544 Reward: 589.120 Cost: 0.000
arrive destination: True ,out of road:True   Total T: 980577 Episode Num: 3249 Episode T: 230 Reward: 332.027 Cost: 14.000
arrive destination: False ,out of road:True   Total T: 980659 Episode Num: 3250 Episode T: 82 Reward: 66.104 Cost: 1.000
arrive destination: False ,out of road:True   Total T: 980819 Episode Num: 3251 Episode T: 160 Reward: 146.314 Cost: 17.000
arrive destination: True ,out of road:False   Total T: 981121 Episode Num: 3252 Episode T: 302 Reward: 405.119 Cost: 0.000
arrive destination: True ,out of road:False   Total T: 981346 Episode Num: 3253 Episode T: 225 Reward: 285.364 Cost: 2.000
arrive destination: True ,out of road:False   Total T: 981621 Episode Num: 3254 Episode T: 275 Reward: 335.784 Cost: 20.000
arrive destination: True ,out of road:False   Total T: 981848 Episode Num: 3255 Episode T: 227 Reward: 294.957 Cost: 20.000
arrive destination: True ,out of road:False   Total T: 982193 Episode Num: 3256 Episode T: 345 Reward: 510.353 Cost: 2.000
arrive destination: True ,out of road:False   Total T: 982489 Episode Num: 3257 Episode T: 296 Reward: 368.712 Cost: 6.000
arrive destination: True ,out of road:False   Total T: 982794 Episode Num: 3258 Episode T: 305 Reward: 405.135 Cost: 6.000
arrive destination: True ,out of road:False   Total T: 983005 Episode Num: 3259 Episode T: 211 Reward: 243.691 Cost: 0.000
arrive destination: True ,out of road:False   Total T: 983297 Episode Num: 3260 Episode T: 292 Reward: 368.816 Cost: 24.000
arrive destination: True ,out of road:False   Total T: 983737 Episode Num: 3261 Episode T: 440 Reward: 489.941 Cost: 64.000
arrive destination: True ,out of road:False   Total T: 983963 Episode Num: 3262 Episode T: 226 Reward: 282.964 Cost: 6.000
arrive destination: True ,out of road:False   Total T: 984223 Episode Num: 3263 Episode T: 260 Reward: 335.894 Cost: 2.000
arrive destination: True ,out of road:False   Total T: 984411 Episode Num: 3264 Episode T: 188 Reward: 230.937 Cost: 5.000
arrive destination: True ,out of road:False   Total T: 984703 Episode Num: 3265 Episode T: 292 Reward: 398.510 Cost: 16.000
arrive destination: True ,out of road:False   Total T: 984907 Episode Num: 3266 Episode T: 204 Reward: 269.154 Cost: 0.000
arrive destination: True ,out of road:False   Total T: 985236 Episode Num: 3267 Episode T: 329 Reward: 377.013 Cost: 16.000
arrive destination: True ,out of road:False   Total T: 985471 Episode Num: 3268 Episode T: 235 Reward: 286.704 Cost: 15.000
arrive destination: True ,out of road:False   Total T: 985769 Episode Num: 3269 Episode T: 298 Reward: 369.420 Cost: 6.000
arrive destination: True ,out of road:False   Total T: 985989 Episode Num: 3270 Episode T: 220 Reward: 315.039 Cost: 14.000
arrive destination: True ,out of road:False   Total T: 986320 Episode Num: 3271 Episode T: 331 Reward: 508.417 Cost: 1.000
arrive destination: True ,out of road:False   Total T: 986532 Episode Num: 3272 Episode T: 212 Reward: 245.273 Cost: 0.000
arrive destination: True ,out of road:False   Total T: 986752 Episode Num: 3273 Episode T: 220 Reward: 284.339 Cost: 6.000
arrive destination: True ,out of road:False   Total T: 987060 Episode Num: 3274 Episode T: 308 Reward: 370.005 Cost: 23.000
arrive destination: True ,out of road:False   Total T: 987341 Episode Num: 3275 Episode T: 281 Reward: 375.566 Cost: 11.000
arrive destination: False ,out of road:True   Total T: 987395 Episode Num: 3276 Episode T: 54 Reward: 21.914 Cost: 1.000
arrive destination: True ,out of road:False   Total T: 987707 Episode Num: 3277 Episode T: 312 Reward: 371.714 Cost: 8.000
arrive destination: True ,out of road:False   Total T: 987983 Episode Num: 3278 Episode T: 276 Reward: 365.603 Cost: 11.000
arrive destination: False ,out of road:True   Total T: 988137 Episode Num: 3279 Episode T: 154 Reward: 182.131 Cost: 7.000
arrive destination: False ,out of road:True   Total T: 988350 Episode Num: 3280 Episode T: 213 Reward: 229.184 Cost: 1.000
arrive destination: True ,out of road:True   Total T: 988574 Episode Num: 3281 Episode T: 224 Reward: 309.436 Cost: 13.000
arrive destination: True ,out of road:False   Total T: 988840 Episode Num: 3282 Episode T: 266 Reward: 357.042 Cost: 5.000
arrive destination: True ,out of road:False   Total T: 989156 Episode Num: 3283 Episode T: 316 Reward: 399.187 Cost: 2.000
arrive destination: True ,out of road:False   Total T: 989363 Episode Num: 3284 Episode T: 207 Reward: 245.328 Cost: 0.000
arrive destination: True ,out of road:False   Total T: 989597 Episode Num: 3285 Episode T: 234 Reward: 286.067 Cost: 4.000
arrive destination: True ,out of road:False   Total T: 989801 Episode Num: 3286 Episode T: 204 Reward: 243.475 Cost: 0.000
---------------------------------------
Evaluation over 20 episodes: 0.900 Cost 23.850.             SafeRL used : use_td3
---------------------------------------
[34;1m
Time: 2026-06-29 17:48:33, Time spent from previous logger: 135.101 s[0m
[34;1mCustomLogger with fileds: ['total_steps', 'EpRet', 'EpCost', 'CostRate'][0m
[34;1mfieldvalues: [990000, 0.9, 23.85, 0.046174794115953655]
[0m
arrive destination: True ,out of road:True   Total T: 990193 Episode Num: 3287 Episode T: 392 Reward: 484.962 Cost: 27.000
arrive destination: True ,out of road:False   Total T: 990489 Episode Num: 3288 Episode T: 296 Reward: 369.300 Cost: 10.000
arrive destination: True ,out of road:False   Total T: 990708 Episode Num: 3289 Episode T: 219 Reward: 285.358 Cost: 0.000
arrive destination: False ,out of road:True   Total T: 990766 Episode Num: 3290 Episode T: 58 Reward: 26.908 Cost: 1.000
arrive destination: False ,out of road:True   Total T: 990832 Episode Num: 3291 Episode T: 66 Reward: 37.939 Cost: 1.000
arrive destination: True ,out of road:False   Total T: 991130 Episode Num: 3292 Episode T: 298 Reward: 409.688 Cost: 5.000
arrive destination: True ,out of road:False   Total T: 991425 Episode Num: 3293 Episode T: 295 Reward: 369.811 Cost: 0.000
arrive destination: True ,out of road:False   Total T: 991827 Episode Num: 3294 Episode T: 402 Reward: 488.239 Cost: 13.000
arrive destination: True ,out of road:True   Total T: 992195 Episode Num: 3295 Episode T: 368 Reward: 397.836 Cost: 1.000
arrive destination: True ,out of road:False   Total T: 992467 Episode Num: 3296 Episode T: 272 Reward: 375.608 Cost: 12.000
arrive destination: True ,out of road:True   Total T: 992743 Episode Num: 3297 Episode T: 276 Reward: 415.961 Cost: 19.000
arrive destination: True ,out of road:False   Total T: 992960 Episode Num: 3298 Episode T: 217 Reward: 245.471 Cost: 0.000
arrive destination: False ,out of road:True   Total T: 993014 Episode Num: 3299 Episode T: 54 Reward: 20.533 Cost: 1.000
arrive destination: True ,out of road:False   Total T: 993275 Episode Num: 3300 Episode T: 261 Reward: 335.645 Cost: 2.000
arrive destination: True ,out of road:False   Total T: 993517 Episode Num: 3301 Episode T: 242 Reward: 295.834 Cost: 18.000
arrive destination: True ,out of road:False   Total T: 993831 Episode Num: 3302 Episode T: 314 Reward: 375.963 Cost: 25.000
arrive destination: True ,out of road:False   Total T: 994197 Episode Num: 3303 Episode T: 366 Reward: 416.975 Cost: 13.000
arrive destination: True ,out of road:False   Total T: 994513 Episode Num: 3304 Episode T: 316 Reward: 437.814 Cost: 21.000
arrive destination: True ,out of road:False   Total T: 994821 Episode Num: 3305 Episode T: 308 Reward: 407.866 Cost: 31.000
arrive destination: True ,out of road:False   Total T: 995126 Episode Num: 3306 Episode T: 305 Reward: 369.980 Cost: 0.000
arrive destination: True ,out of road:False   Total T: 995388 Episode Num: 3307 Episode T: 262 Reward: 357.955 Cost: 0.000
arrive destination: True ,out of road:True   Total T: 995806 Episode Num: 3308 Episode T: 418 Reward: 520.939 Cost: 32.000
arrive destination: True ,out of road:False   Total T: 996037 Episode Num: 3309 Episode T: 231 Reward: 294.038 Cost: 22.000
arrive destination: False ,out of road:True   Total T: 996271 Episode Num: 3310 Episode T: 234 Reward: 336.595 Cost: 17.000
arrive destination: True ,out of road:False   Total T: 996614 Episode Num: 3311 Episode T: 343 Reward: 507.231 Cost: 2.000
arrive destination: True ,out of road:False   Total T: 996941 Episode Num: 3312 Episode T: 327 Reward: 408.308 Cost: 27.000
arrive destination: True ,out of road:False   Total T: 997244 Episode Num: 3313 Episode T: 303 Reward: 399.782 Cost: 3.000
arrive destination: True ,out of road:False   Total T: 997470 Episode Num: 3314 Episode T: 226 Reward: 273.047 Cost: 0.000
arrive destination: True ,out of road:False   Total T: 997689 Episode Num: 3315 Episode T: 219 Reward: 269.881 Cost: 3.000
arrive destination: False ,out of road:True   Total T: 998052 Episode Num: 3316 Episode T: 363 Reward: 384.349 Cost: 1.000
arrive destination: True ,out of road:False   Total T: 998451 Episode Num: 3317 Episode T: 399 Reward: 470.405 Cost: 13.000
arrive destination: True ,out of road:False   Total T: 998705 Episode Num: 3318 Episode T: 254 Reward: 268.845 Cost: 22.000
arrive destination: True ,out of road:False   Total T: 998932 Episode Num: 3319 Episode T: 227 Reward: 286.593 Cost: 4.000
arrive destination: True ,out of road:False   Total T: 999141 Episode Num: 3320 Episode T: 209 Reward: 245.294 Cost: 0.000
arrive destination: False ,out of road:True   Total T: 999339 Episode Num: 3321 Episode T: 198 Reward: 296.083 Cost: 11.000
arrive destination: True ,out of road:False   Total T: 999564 Episode Num: 3322 Episode T: 225 Reward: 288.699 Cost: 0.000
arrive destination: True ,out of road:False   Total T: 999804 Episode Num: 3323 Episode T: 240 Reward: 295.220 Cost: 16.000
---------------------------------------
Evaluation over 20 episodes: 0.800 Cost 17.400.             SafeRL used : use_td3
---------------------------------------
[34;1m
Time: 2026-06-29 17:50:43, Time spent from previous logger: 129.951 s[0m
[34;1mCustomLogger with fileds: ['total_steps', 'EpRet', 'EpCost', 'CostRate'][0m
[34;1mfieldvalues: [1000000, 0.8, 17.4, 0.046076046076046075]
[0m
